country,region,method,seed,radius_km,dc_mw,eta,cost_unit,source_total,budget_normalized,e_budget,eps_max,realized_normalized_error,budget_realised,L_E,L_E_bound,L_S,L_S_bound,slack_E,slack_S,valid_E,valid_S,zero_tolerance,L_S_zero,L_S_bound_zero,n_calibration,calibration_regions
au,Central_Coast,Uni,,10,100,0.5,MVA_equivalent_PF1,446.94010000000003,0.19554968763536201,87.39899694671746,146.70869207490716,0.32825135197067157,False,33.097479259905526,60.559586434072379,21.974374999999991,73.839753798176758,27.462107174166853,51.865378798176764,True,True,1.0000000000000001e-07,False,False,11,Hunter_Valley_exc_Newcastle|Newcastle_and_Lake_Macquarie|Sydney_City_and_Inner_South|Sydney_Eastern_Suburbs|Sydney_Inner_South_West|Sydney_Inner_West|Sydney_North_Sydney_and_Hornsby|Sydney_Northern_Beaches|Sydney_Parramatta|Sydney_Ryde|Sydney_Sutherland
au,Central_Coast,Uni,,10,300,0.5,MVA_equivalent_PF1,446.94010000000003,0.19554968763536201,87.39899694671746,146.70869207490716,0.32825135197067157,False,50.254660372626574,82.667020835004024,103.12750000000001,63.19919850896737,32.41236046237745,-39.928301491032641,True,False,3.0000000000000004e-07,False,False,11,Hunter_Valley_exc_Newcastle|Newcastle_and_Lake_Macquarie|Sydney_City_and_Inner_South|Sydney_Eastern_Suburbs|Sydney_Inner_South_West|Sydney_Inner_West|Sydney_North_Sydney_and_Hornsby|Sydney_Northern_Beaches|Sydney_Parramatta|Sydney_Ryde|Sydney_Sutherland
au,Central_Coast,Uni,,10,500,0.5,MVA_equivalent_PF1,446.94010000000003,0.19554968763536201,87.39899694671746,146.70869207490716,0.32825135197067157,False,54.750552535820766,87.261404797848002,3.5527136788005009e-14,72.691560945179774,32.510852262027235,72.691560945179731,True,True,5.0000000000000008e-07,True,False,11,Hunter_Valley_exc_Newcastle|Newcastle_and_Lake_Macquarie|Sydney_City_and_Inner_South|Sydney_Eastern_Suburbs|Sydney_Inner_South_West|Sydney_Inner_West|Sydney_North_Sydney_and_Hornsby|Sydney_Northern_Beaches|Sydney_Parramatta|Sydney_Ryde|Sydney_Sutherland
au,Central_Coast,Uni,,10,100,0.80000000000000004,MVA_equivalent_PF1,446.94010000000003,0.25670449501815934,114.73153267386564,146.70869207490716,0.32825135197067157,False,33.097479259905526,82.275114009913523,21.974374999999991,101.17228952532494,49.177634750007996,79.197914525324947,True,True,1.0000000000000001e-07,False,False,11,Hunter_Valley_exc_Newcastle|Newcastle_and_Lake_Macquarie|Sydney_City_and_Inner_South|Sydney_Eastern_Suburbs|Sydney_Inner_South_West|Sydney_Inner_West|Sydney_North_Sydney_and_Hornsby|Sydney_Northern_Beaches|Sydney_Parramatta|Sydney_Ryde|Sydney_Sutherland
au,Central_Coast,Uni,,10,300,0.80000000000000004,MVA_equivalent_PF1,446.94010000000003,0.25670449501815934,114.73153267386564,146.70869207490716,0.32825135197067157,False,50.254660372626574,109.46593251940511,103.12750000000001,87.822725033482612,59.211272146778541,-15.3047749665174,True,False,3.0000000000000004e-07,False,False,11,Hunter_Valley_exc_Newcastle|Newcastle_and_Lake_Macquarie|Sydney_City_and_Inner_South|Sydney_Eastern_Suburbs|Sydney_Inner_South_West|Sydney_Inner_West|Sydney_North_Sydney_and_Hornsby|Sydney_Northern_Beaches|Sydney_Parramatta|Sydney_Ryde|Sydney_Sutherland
au,Central_Coast,Uni,,10,500,0.80000000000000004,MVA_equivalent_PF1,446.94010000000003,0.25670449501815934,114.73153267386564,146.70869207490716,0.32825135197067157,False,54.750552535820766,114.59394052499623,3.5527136788005009e-14,102.27671083819023,59.843387989175461,102.27671083819018,True,True,5.0000000000000008e-07,True,False,11,Hunter_Valley_exc_Newcastle|Newcastle_and_Lake_Macquarie|Sydney_City_and_Inner_South|Sydney_Eastern_Suburbs|Sydney_Inner_South_West|Sydney_Inner_West|Sydney_North_Sydney_and_Hornsby|Sydney_Northern_Beaches|Sydney_Parramatta|Sydney_Ryde|Sydney_Sutherland
au,Central_Coast,Uni,,10,100,0.90000000000000002,MVA_equivalent_PF1,446.94010000000003,0.29362914917335647,131.23464129445486,146.70869207490716,0.32825135197067157,False,33.097479259905526,96.024899221730706,21.974374999999991,117.67539814591414,62.92741996182518,95.701023145914149,True,True,1.0000000000000001e-07,False,False,11,Hunter_Valley_exc_Newcastle|Newcastle_and_Lake_Macquarie|Sydney_City_and_Inner_South|Sydney_Eastern_Suburbs|Sydney_Inner_South_West|Sydney_Inner_West|Sydney_North_Sydney_and_Hornsby|Sydney_Northern_Beaches|Sydney_Parramatta|Sydney_Ryde|Sydney_Sutherland
au,Central_Coast,Uni,,10,300,0.90000000000000002,MVA_equivalent_PF1,446.94010000000003,0.29362914917335647,131.23464129445486,146.70869207490716,0.32825135197067157,False,50.254660372626574,125.70499140206489,103.12750000000001,103.50067822304239,75.450331029438317,0.37317822304237325,True,True,3.0000000000000004e-07,False,False,11,Hunter_Valley_exc_Newcastle|Newcastle_and_Lake_Macquarie|Sydney_City_and_Inner_South|Sydney_Eastern_Suburbs|Sydney_Inner_South_West|Sydney_Inner_West|Sydney_North_Sydney_and_Hornsby|Sydney_Northern_Beaches|Sydney_Parramatta|Sydney_Ryde|Sydney_Sutherland
au,Central_Coast,Uni,,10,500,0.90000000000000002,MVA_equivalent_PF1,446.94010000000003,0.29362914917335647,131.23464129445486,146.70869207490716,0.32825135197067157,False,54.750552535820766,131.0970491455854,3.5527136788005009e-14,118.77981945877943,76.346496609764642,118.7798194587794,True,True,5.0000000000000008e-07,True,False,11,Hunter_Valley_exc_Newcastle|Newcastle_and_Lake_Macquarie|Sydney_City_and_Inner_South|Sydney_Eastern_Suburbs|Sydney_Inner_South_West|Sydney_Inner_West|Sydney_North_Sydney_and_Hornsby|Sydney_Northern_Beaches|Sydney_Parramatta|Sydney_Ryde|Sydney_Sutherland
au,Central_Coast,Uni,,10,100,1,MVA_equivalent_PF1,446.94010000000003,0.44609524922203769,199.37785529682247,146.70869207490716,0.32825135197067157,True,33.097479259905526,155.32165951520193,21.974374999999991,185.81861214828174,122.2241802552964,163.84423714828176,True,True,1.0000000000000001e-07,False,False,11,Hunter_Valley_exc_Newcastle|Newcastle_and_Lake_Macquarie|Sydney_City_and_Inner_South|Sydney_Eastern_Suburbs|Sydney_Inner_South_West|Sydney_Inner_West|Sydney_North_Sydney_and_Hornsby|Sydney_Northern_Beaches|Sydney_Parramatta|Sydney_Ryde|Sydney_Sutherland
au,Central_Coast,Uni,,10,300,1,MVA_equivalent_PF1,446.94010000000003,0.44609524922203769,199.37785529682247,146.70869207490716,0.32825135197067157,True,50.254660372626574,192.86804422536324,103.12750000000001,171.42494374275515,142.61338385273666,68.297443742755135,True,True,3.0000000000000004e-07,False,False,11,Hunter_Valley_exc_Newcastle|Newcastle_and_Lake_Macquarie|Sydney_City_and_Inner_South|Sydney_Eastern_Suburbs|Sydney_Inner_South_West|Sydney_Inner_West|Sydney_North_Sydney_and_Hornsby|Sydney_Northern_Beaches|Sydney_Parramatta|Sydney_Ryde|Sydney_Sutherland
au,Central_Coast,Uni,,10,500,1,MVA_equivalent_PF1,446.94010000000003,0.44609524922203769,199.37785529682247,146.70869207490716,0.32825135197067157,True,54.750552535820766,199.24026314795299,3.5527136788005009e-14,186.92303346114704,144.48971061213223,186.92303346114701,True,True,5.0000000000000008e-07,True,False,11,Hunter_Valley_exc_Newcastle|Newcastle_and_Lake_Macquarie|Sydney_City_and_Inner_South|Sydney_Eastern_Suburbs|Sydney_Inner_South_West|Sydney_Inner_West|Sydney_North_Sydney_and_Hornsby|Sydney_Northern_Beaches|Sydney_Parramatta|Sydney_Ryde|Sydney_Sutherland
au,Central_Coast,Uni,,20,100,0.5,MVA_equivalent_PF1,446.94010000000003,0.00039816576206647673,0.17795624551456732,253.13035163591923,0.56636303530589271,False,50.424865995908128,0.065309942103845497,0,0,-50.359556053804283,0,False,True,1.0000000000000001e-07,True,True,11,Hunter_Valley_exc_Newcastle|Newcastle_and_Lake_Macquarie|Sydney_City_and_Inner_South|Sydney_Eastern_Suburbs|Sydney_Inner_South_West|Sydney_Inner_West|Sydney_North_Sydney_and_Hornsby|Sydney_Northern_Beaches|Sydney_Parramatta|Sydney_Ryde|Sydney_Sutherland
au,Central_Coast,Uni,,20,300,0.5,MVA_equivalent_PF1,446.94010000000003,0.00039816576206647673,0.17795624551456732,253.13035163591923,0.56636303530589271,False,79.636123291249177,0.10615090044944603,124.07968750000001,0,-79.529972390799728,-124.07968750000001,False,False,3.0000000000000004e-07,False,True,11,Hunter_Valley_exc_Newcastle|Newcastle_and_Lake_Macquarie|Sydney_City_and_Inner_South|Sydney_Eastern_Suburbs|Sydney_Inner_South_West|Sydney_Inner_West|Sydney_North_Sydney_and_Hornsby|Sydney_Northern_Beaches|Sydney_Parramatta|Sydney_Ryde|Sydney_Sutherland
au,Central_Coast,Uni,,20,500,0.5,MVA_equivalent_PF1,446.94010000000003,0.00039816576206647673,0.17795624551456732,253.13035163591923,0.56636303530589271,False,100.96037470909241,0.14610207756748672,96.003125000000054,0,-100.81427263152491,-96.003125000000054,False,False,5.0000000000000008e-07,False,True,11,Hunter_Valley_exc_Newcastle|Newcastle_and_Lake_Macquarie|Sydney_City_and_Inner_South|Sydney_Eastern_Suburbs|Sydney_Inner_South_West|Sydney_Inner_West|Sydney_North_Sydney_and_Hornsby|Sydney_Northern_Beaches|Sydney_Parramatta|Sydney_Ryde|Sydney_Sutherland
au,Central_Coast,Uni,,20,100,0.80000000000000004,MVA_equivalent_PF1,446.94010000000003,0.14799359127347611,66.144270483126547,253.13035163591923,0.56636303530589271,False,50.424865995908128,26.430383553158535,0,0,-23.994482442749593,0,False,True,1.0000000000000001e-07,True,True,11,Hunter_Valley_exc_Newcastle|Newcastle_and_Lake_Macquarie|Sydney_City_and_Inner_South|Sydney_Eastern_Suburbs|Sydney_Inner_South_West|Sydney_Inner_West|Sydney_North_Sydney_and_Hornsby|Sydney_Northern_Beaches|Sydney_Parramatta|Sydney_Ryde|Sydney_Sutherland
au,Central_Coast,Uni,,20,300,0.80000000000000004,MVA_equivalent_PF1,446.94010000000003,0.14799359127347611,66.144270483126547,253.13035163591923,0.56636303530589271,False,79.636123291249177,42.549258331954483,124.07968750000001,53.097255584954311,-37.086864959294694,-70.982431915045694,False,False,3.0000000000000004e-07,False,False,11,Hunter_Valley_exc_Newcastle|Newcastle_and_Lake_Macquarie|Sydney_City_and_Inner_South|Sydney_Eastern_Suburbs|Sydney_Inner_South_West|Sydney_Inner_West|Sydney_North_Sydney_and_Hornsby|Sydney_Northern_Beaches|Sydney_Parramatta|Sydney_Ryde|Sydney_Sutherland
au,Central_Coast,Uni,,20,500,0.80000000000000004,MVA_equivalent_PF1,446.94010000000003,0.14799359127347611,66.144270483126547,253.13035163591923,0.56636303530589271,False,100.96037470909241,57.983733081825193,96.003125000000054,28.816479121142482,-42.976641627267213,-67.186645878857576,False,False,5.0000000000000008e-07,False,False,11,Hunter_Valley_exc_Newcastle|Newcastle_and_Lake_Macquarie|Sydney_City_and_Inner_South|Sydney_Eastern_Suburbs|Sydney_Inner_South_West|Sydney_Inner_West|Sydney_North_Sydney_and_Hornsby|Sydney_Northern_Beaches|Sydney_Parramatta|Sydney_Ryde|Sydney_Sutherland
au,Central_Coast,Uni,,20,100,0.90000000000000002,MVA_equivalent_PF1,446.94010000000003,0.20166758968246928,90.133332699441794,253.13035163591923,0.56636303530589271,False,50.424865995908128,37.27375147260944,0,0,-13.151114523298688,0,False,True,1.0000000000000001e-07,True,True,11,Hunter_Valley_exc_Newcastle|Newcastle_and_Lake_Macquarie|Sydney_City_and_Inner_South|Sydney_Eastern_Suburbs|Sydney_Inner_South_West|Sydney_Inner_West|Sydney_North_Sydney_and_Hornsby|Sydney_Northern_Beaches|Sydney_Parramatta|Sydney_Ryde|Sydney_Sutherland
au,Central_Coast,Uni,,20,300,0.90000000000000002,MVA_equivalent_PF1,446.94010000000003,0.20166758968246928,90.133332699441794,253.13035163591923,0.56636303530589271,False,79.636123291249177,59.31424514792883,124.07968750000001,77.086317801269544,-20.321878143320347,-46.993369698730461,False,False,3.0000000000000004e-07,False,False,11,Hunter_Valley_exc_Newcastle|Newcastle_and_Lake_Macquarie|Sydney_City_and_Inner_South|Sydney_Eastern_Suburbs|Sydney_Inner_South_West|Sydney_Inner_West|Sydney_North_Sydney_and_Hornsby|Sydney_Northern_Beaches|Sydney_Parramatta|Sydney_Ryde|Sydney_Sutherland
au,Central_Coast,Uni,,20,500,0.90000000000000002,MVA_equivalent_PF1,446.94010000000003,0.20166758968246928,90.133332699441794,253.13035163591923,0.56636303530589271,False,100.96037470909241,79.911852632654927,96.003125000000054,40.811010229300095,-21.048522076437479,-55.192114770699959,False,False,5.0000000000000008e-07,False,False,11,Hunter_Valley_exc_Newcastle|Newcastle_and_Lake_Macquarie|Sydney_City_and_Inner_South|Sydney_Eastern_Suburbs|Sydney_Inner_South_West|Sydney_Inner_West|Sydney_North_Sydney_and_Hornsby|Sydney_Northern_Beaches|Sydney_Parramatta|Sydney_Ryde|Sydney_Sutherland
au,Central_Coast,Uni,,20,100,1,MVA_equivalent_PF1,446.94010000000003,0.2529809421544294,113.06732758459489,253.13035163591923,0.56636303530589271,False,50.424865995908128,48.134862249251213,0,0,-2.2900037466569145,0,False,True,1.0000000000000001e-07,True,True,11,Hunter_Valley_exc_Newcastle|Newcastle_and_Lake_Macquarie|Sydney_City_and_Inner_South|Sydney_Eastern_Suburbs|Sydney_Inner_South_West|Sydney_Inner_West|Sydney_North_Sydney_and_Hornsby|Sydney_Northern_Beaches|Sydney_Parramatta|Sydney_Ryde|Sydney_Sutherland
au,Central_Coast,Uni,,20,300,1,MVA_equivalent_PF1,446.94010000000003,0.2529809421544294,113.06732758459489,253.13035163591923,0.56636303530589271,False,79.636123291249177,75.599669073009323,124.07968750000001,100.02031268642261,-4.0364542182398537,-24.059374813577392,False,False,3.0000000000000004e-07,False,False,11,Hunter_Valley_exc_Newcastle|Newcastle_and_Lake_Macquarie|Sydney_City_and_Inner_South|Sydney_Eastern_Suburbs|Sydney_Inner_South_West|Sydney_Inner_West|Sydney_North_Sydney_and_Hornsby|Sydney_Northern_Beaches|Sydney_Parramatta|Sydney_Ryde|Sydney_Sutherland
au,Central_Coast,Uni,,20,500,1,MVA_equivalent_PF1,446.94010000000003,0.2529809421544294,113.06732758459489,253.13035163591923,0.56636303530589271,False,100.96037470909241,101.16098148535116,96.003125000000054,52.278007671876651,0.20060677625875201,-43.725117328123403,True,False,5.0000000000000008e-07,False,False,11,Hunter_Valley_exc_Newcastle|Newcastle_and_Lake_Macquarie|Sydney_City_and_Inner_South|Sydney_Eastern_Suburbs|Sydney_Inner_South_West|Sydney_Inner_West|Sydney_North_Sydney_and_Hornsby|Sydney_Northern_Beaches|Sydney_Parramatta|Sydney_Ryde|Sydney_Sutherland
au,Central_Coast,LU,,10,100,0.5,MVA_equivalent_PF1,446.94010000000003,0.19273053199304105,86.139003242022966,133.79029895580021,0.29934727037426312,False,29.17474070062724,60.265822205795857,20.389062499999987,72.625094857339349,31.091081505168617,52.236032357339361,True,True,1.0000000000000001e-07,False,False,11,Hunter_Valley_exc_Newcastle|Newcastle_and_Lake_Macquarie|Sydney_City_and_Inner_South|Sydney_Eastern_Suburbs|Sydney_Inner_South_West|Sydney_Inner_West|Sydney_North_Sydney_and_Hornsby|Sydney_Northern_Beaches|Sydney_Parramatta|Sydney_Ryde|Sydney_Sutherland
au,Central_Coast,LU,,10,300,0.5,MVA_equivalent_PF1,446.94010000000003,0.19273053199304105,86.139003242022966,133.79029895580021,0.29934727037426312,False,44.595021310516209,82.231605166397173,45.11828125000001,32.839767647537244,37.636583855880964,-12.278513602462766,True,False,3.0000000000000004e-07,False,False,11,Hunter_Valley_exc_Newcastle|Newcastle_and_Lake_Macquarie|Sydney_City_and_Inner_South|Sydney_Eastern_Suburbs|Sydney_Inner_South_West|Sydney_Inner_West|Sydney_North_Sydney_and_Hornsby|Sydney_Northern_Beaches|Sydney_Parramatta|Sydney_Ryde|Sydney_Sutherland
au,Central_Coast,LU,,10,500,0.5,MVA_equivalent_PF1,446.94010000000003,0.19273053199304105,86.139003242022966,133.79029895580021,0.29934727037426312,False,48.120597734060006,86.125680866630091,3.5527136788005009e-14,77.718011637617408,38.005083132570086,77.718011637617366,True,True,5.0000000000000008e-07,True,False,11,Hunter_Valley_exc_Newcastle|Newcastle_and_Lake_Macquarie|Sydney_City_and_Inner_South|Sydney_Eastern_Suburbs|Sydney_Inner_South_West|Sydney_Inner_West|Sydney_North_Sydney_and_Hornsby|Sydney_Northern_Beaches|Sydney_Parramatta|Sydney_Ryde|Sydney_Sutherland
au,Central_Coast,LU,,10,100,0.80000000000000004,MVA_equivalent_PF1,446.94010000000003,0.27601842065827231,123.36370053085029,133.79029895580021,0.29934727037426312,False,29.17474070062724,90.671397385872382,20.389062499999987,109.84979214616665,61.496656685245142,89.460729646166669,True,True,1.0000000000000001e-07,False,False,11,Hunter_Valley_exc_Newcastle|Newcastle_and_Lake_Macquarie|Sydney_City_and_Inner_South|Sydney_Eastern_Suburbs|Sydney_Inner_South_West|Sydney_Inner_West|Sydney_North_Sydney_and_Hornsby|Sydney_Northern_Beaches|Sydney_Parramatta|Sydney_Ryde|Sydney_Sutherland
au,Central_Coast,LU,,10,300,0.80000000000000004,MVA_equivalent_PF1,446.94010000000003,0.27601842065827231,123.36370053085029,133.79029895580021,0.29934727037426312,False,44.595021310516209,118.84495206201495,45.11828125000001,64.409863650714314,74.249930751498738,19.291582400714304,True,True,3.0000000000000004e-07,False,False,11,Hunter_Valley_exc_Newcastle|Newcastle_and_Lake_Macquarie|Sydney_City_and_Inner_South|Sydney_Eastern_Suburbs|Sydney_Inner_South_West|Sydney_Inner_West|Sydney_North_Sydney_and_Hornsby|Sydney_Northern_Beaches|Sydney_Parramatta|Sydney_Ryde|Sydney_Sutherland
au,Central_Coast,LU,,10,500,0.80000000000000004,MVA_equivalent_PF1,446.94010000000003,0.27601842065827231,123.36370053085029,133.79029895580021,0.29934727037426312,False,48.120597734060006,123.35037815545741,3.5527136788005009e-14,124.00884761857014,75.229780421397408,124.00884761857012,True,True,5.0000000000000008e-07,True,False,11,Hunter_Valley_exc_Newcastle|Newcastle_and_Lake_Macquarie|Sydney_City_and_Inner_South|Sydney_Eastern_Suburbs|Sydney_Inner_South_West|Sydney_Inner_West|Sydney_North_Sydney_and_Hornsby|Sydney_Northern_Beaches|Sydney_Parramatta|Sydney_Ryde|Sydney_Sutherland
au,Central_Coast,LU,,10,100,0.90000000000000002,MVA_equivalent_PF1,446.94010000000003,0.27652582273620779,123.59047886630299,133.79029895580021,0.29934727037426312,False,29.17474070062724,90.861777798484894,20.389062499999987,110.07657048161937,61.687037097857655,89.687507981619376,True,True,1.0000000000000001e-07,False,False,11,Hunter_Valley_exc_Newcastle|Newcastle_and_Lake_Macquarie|Sydney_City_and_Inner_South|Sydney_Eastern_Suburbs|Sydney_Inner_South_West|Sydney_Inner_West|Sydney_North_Sydney_and_Hornsby|Sydney_Northern_Beaches|Sydney_Parramatta|Sydney_Ryde|Sydney_Sutherland
au,Central_Coast,LU,,10,300,0.90000000000000002,MVA_equivalent_PF1,446.94010000000003,0.27652582273620779,123.59047886630299,133.79029895580021,0.29934727037426312,False,44.595021310516209,119.06844211160353,45.11828125000001,64.636641986167007,74.473420801087315,19.518360736166997,True,True,3.0000000000000004e-07,False,False,11,Hunter_Valley_exc_Newcastle|Newcastle_and_Lake_Macquarie|Sydney_City_and_Inner_South|Sydney_Eastern_Suburbs|Sydney_Inner_South_West|Sydney_Inner_West|Sydney_North_Sydney_and_Hornsby|Sydney_Northern_Beaches|Sydney_Parramatta|Sydney_Ryde|Sydney_Sutherland
au,Central_Coast,LU,,10,500,0.90000000000000002,MVA_equivalent_PF1,446.94010000000003,0.27652582273620779,123.59047886630299,133.79029895580021,0.29934727037426312,False,48.120597734060006,123.57715649091007,3.5527136788005009e-14,124.23562595402286,75.456558756850058,124.23562595402282,True,True,5.0000000000000008e-07,True,False,11,Hunter_Valley_exc_Newcastle|Newcastle_and_Lake_Macquarie|Sydney_City_and_Inner_South|Sydney_Eastern_Suburbs|Sydney_Inner_South_West|Sydney_Inner_West|Sydney_North_Sydney_and_Hornsby|Sydney_Northern_Beaches|Sydney_Parramatta|Sydney_Ryde|Sydney_Sutherland
au,Central_Coast,LU,,10,100,1,MVA_equivalent_PF1,446.94010000000003,0.49347582631342024,220.55413516010267,133.79029895580021,0.29934727037426312,True,29.17474070062724,176.41384611389071,20.389062499999987,207.04022677541903,147.23910541326347,186.65116427541903,True,True,1.0000000000000001e-07,False,False,11,Hunter_Valley_exc_Newcastle|Newcastle_and_Lake_Macquarie|Sydney_City_and_Inner_South|Sydney_Eastern_Suburbs|Sydney_Inner_South_West|Sydney_Inner_West|Sydney_North_Sydney_and_Hornsby|Sydney_Northern_Beaches|Sydney_Parramatta|Sydney_Ryde|Sydney_Sutherland
au,Central_Coast,LU,,10,300,1,MVA_equivalent_PF1,446.94010000000003,0.49347582631342024,220.55413516010267,133.79029895580021,0.29934727037426312,True,44.595021310516209,214.99447386116597,45.11828125000001,161.60029827996669,170.39945255064976,116.48201702996668,True,True,3.0000000000000004e-07,False,False,11,Hunter_Valley_exc_Newcastle|Newcastle_and_Lake_Macquarie|Sydney_City_and_Inner_South|Sydney_Eastern_Suburbs|Sydney_Inner_South_West|Sydney_Inner_West|Sydney_North_Sydney_and_Hornsby|Sydney_Northern_Beaches|Sydney_Parramatta|Sydney_Ryde|Sydney_Sutherland
au,Central_Coast,LU,,10,500,1,MVA_equivalent_PF1,446.94010000000003,0.49347582631342024,220.55413516010267,133.79029895580021,0.29934727037426312,True,48.120597734060006,220.5408127847098,3.5527136788005009e-14,221.19928224782257,172.4202150506498,221.19928224782254,True,True,5.0000000000000008e-07,True,False,11,Hunter_Valley_exc_Newcastle|Newcastle_and_Lake_Macquarie|Sydney_City_and_Inner_South|Sydney_Eastern_Suburbs|Sydney_Inner_South_West|Sydney_Inner_West|Sydney_North_Sydney_and_Hornsby|Sydney_Northern_Beaches|Sydney_Parramatta|Sydney_Ryde|Sydney_Sutherland
au,Central_Coast,LU,,20,100,0.5,MVA_equivalent_PF1,446.94010000000003,0.00040553903616190621,0.18125165737610599,220.46285931777706,0.49327160243123641,False,43.475538631527684,0.065975603284904052,0,0,-43.409563028242779,0,False,True,1.0000000000000001e-07,True,True,11,Hunter_Valley_exc_Newcastle|Newcastle_and_Lake_Macquarie|Sydney_City_and_Inner_South|Sydney_Eastern_Suburbs|Sydney_Inner_South_West|Sydney_Inner_West|Sydney_North_Sydney_and_Hornsby|Sydney_Northern_Beaches|Sydney_Parramatta|Sydney_Ryde|Sydney_Sutherland
au,Central_Coast,LU,,20,300,0.5,MVA_equivalent_PF1,446.94010000000003,0.00040553903616190621,0.18125165737610599,220.46285931777706,0.49327160243123641,False,70.368354381943817,0.11047288517074497,112.48843749999992,0,-70.257881496773066,-112.48843749999992,False,False,3.0000000000000004e-07,False,True,11,Hunter_Valley_exc_Newcastle|Newcastle_and_Lake_Macquarie|Sydney_City_and_Inner_South|Sydney_Eastern_Suburbs|Sydney_Inner_South_West|Sydney_Inner_West|Sydney_North_Sydney_and_Hornsby|Sydney_Northern_Beaches|Sydney_Parramatta|Sydney_Ryde|Sydney_Sutherland
au,Central_Coast,LU,,20,500,0.5,MVA_equivalent_PF1,446.94010000000003,0.00040553903616190621,0.18125165737610599,220.46285931777706,0.49327160243123641,False,89.033496048844796,0.1550580548303713,33.23937500000001,0.0087887773777424634,-88.878437994014419,-33.230586222622264,False,False,5.0000000000000008e-07,False,False,11,Hunter_Valley_exc_Newcastle|Newcastle_and_Lake_Macquarie|Sydney_City_and_Inner_South|Sydney_Eastern_Suburbs|Sydney_Inner_South_West|Sydney_Inner_West|Sydney_North_Sydney_and_Hornsby|Sydney_Northern_Beaches|Sydney_Parramatta|Sydney_Ryde|Sydney_Sutherland
au,Central_Coast,LU,,20,100,0.80000000000000004,MVA_equivalent_PF1,446.94010000000003,0.15490649620034791,69.233924902433117,220.46285931777706,0.49327160243123641,False,43.475538631527684,26.822488264514394,0,0,-16.653050367013289,0,False,True,1.0000000000000001e-07,True,True,11,Hunter_Valley_exc_Newcastle|Newcastle_and_Lake_Macquarie|Sydney_City_and_Inner_South|Sydney_Eastern_Suburbs|Sydney_Inner_South_West|Sydney_Inner_West|Sydney_North_Sydney_and_Hornsby|Sydney_Northern_Beaches|Sydney_Parramatta|Sydney_Ryde|Sydney_Sutherland
au,Central_Coast,LU,,20,300,0.80000000000000004,MVA_equivalent_PF1,446.94010000000003,0.15490649620034791,69.233924902433117,220.46285931777706,0.49327160243123641,False,70.368354381943817,45.484974131067631,112.48843749999992,56.753713935544361,-24.883380250876186,-55.734723564455557,False,False,3.0000000000000004e-07,False,False,11,Hunter_Valley_exc_Newcastle|Newcastle_and_Lake_Macquarie|Sydney_City_and_Inner_South|Sydney_Eastern_Suburbs|Sydney_Inner_South_West|Sydney_Inner_West|Sydney_North_Sydney_and_Hornsby|Sydney_Northern_Beaches|Sydney_Parramatta|Sydney_Ryde|Sydney_Sutherland
au,Central_Coast,LU,,20,500,0.80000000000000004,MVA_equivalent_PF1,446.94010000000003,0.15490649620034791,69.233924902433117,220.46285931777706,0.49327160243123641,False,89.033496048844796,62.083148979297683,33.23937500000001,3.461422439630593,-26.950347069547114,-29.777952560369418,False,False,5.0000000000000008e-07,False,False,11,Hunter_Valley_exc_Newcastle|Newcastle_and_Lake_Macquarie|Sydney_City_and_Inner_South|Sydney_Eastern_Suburbs|Sydney_Inner_South_West|Sydney_Inner_West|Sydney_North_Sydney_and_Hornsby|Sydney_Northern_Beaches|Sydney_Parramatta|Sydney_Ryde|Sydney_Sutherland
au,Central_Coast,LU,,20,100,0.90000000000000002,MVA_equivalent_PF1,446.94010000000003,0.19620928093451631,87.693795641800818,220.46285931777706,0.49327160243123641,False,43.475538631527684,35.040728152900591,0,0,-8.4348104786270923,0,False,True,1.0000000000000001e-07,True,True,11,Hunter_Valley_exc_Newcastle|Newcastle_and_Lake_Macquarie|Sydney_City_and_Inner_South|Sydney_Eastern_Suburbs|Sydney_Inner_South_West|Sydney_Inner_West|Sydney_North_Sydney_and_Hornsby|Sydney_Northern_Beaches|Sydney_Parramatta|Sydney_Ryde|Sydney_Sutherland
au,Central_Coast,LU,,20,300,0.90000000000000002,MVA_equivalent_PF1,446.94010000000003,0.19620928093451631,87.693795641800818,220.46285931777706,0.49327160243123641,False,70.368354381943817,58.335296014824856,112.48843749999992,75.213584674912042,-12.033058367118961,-37.274852825087876,False,False,3.0000000000000004e-07,False,False,11,Hunter_Valley_exc_Newcastle|Newcastle_and_Lake_Macquarie|Sydney_City_and_Inner_South|Sydney_Eastern_Suburbs|Sydney_Inner_South_West|Sydney_Inner_West|Sydney_North_Sydney_and_Hornsby|Sydney_Northern_Beaches|Sydney_Parramatta|Sydney_Ryde|Sydney_Sutherland
au,Central_Coast,LU,,20,500,0.90000000000000002,MVA_equivalent_PF1,446.94010000000003,0.19620928093451631,87.693795641800818,220.46285931777706,0.49327160243123641,False,89.033496048844796,79.158547547456109,33.23937500000001,4.3844159765989783,-9.8749485013886869,-28.85495902340103,False,False,5.0000000000000008e-07,False,False,11,Hunter_Valley_exc_Newcastle|Newcastle_and_Lake_Macquarie|Sydney_City_and_Inner_South|Sydney_Eastern_Suburbs|Sydney_Inner_South_West|Sydney_Inner_West|Sydney_North_Sydney_and_Hornsby|Sydney_Northern_Beaches|Sydney_Parramatta|Sydney_Ryde|Sydney_Sutherland
au,Central_Coast,LU,,20,100,1,MVA_equivalent_PF1,446.94010000000003,0.27311790403589015,122.06734334159115,220.46285931777706,0.49327160243123641,False,43.475538631527684,51.323125553928286,0,0,7.8475869224006018,0,True,True,1.0000000000000001e-07,True,True,11,Hunter_Valley_exc_Newcastle|Newcastle_and_Lake_Macquarie|Sydney_City_and_Inner_South|Sydney_Eastern_Suburbs|Sydney_Inner_South_West|Sydney_Inner_West|Sydney_North_Sydney_and_Hornsby|Sydney_Northern_Beaches|Sydney_Parramatta|Sydney_Ryde|Sydney_Sutherland
au,Central_Coast,LU,,20,300,1,MVA_equivalent_PF1,446.94010000000003,0.27311790403589015,122.06734334159115,220.46285931777706,0.49327160243123641,False,70.368354381943817,82.865171105243235,112.48843749999992,109.58713237470238,12.496816723299418,-2.9013051252975401,True,False,3.0000000000000004e-07,False,False,11,Hunter_Valley_exc_Newcastle|Newcastle_and_Lake_Macquarie|Sydney_City_and_Inner_South|Sydney_Eastern_Suburbs|Sydney_Inner_South_West|Sydney_Inner_West|Sydney_North_Sydney_and_Hornsby|Sydney_Northern_Beaches|Sydney_Parramatta|Sydney_Ryde|Sydney_Sutherland
au,Central_Coast,LU,,20,500,1,MVA_equivalent_PF1,446.94010000000003,0.27311790403589015,122.06734334159115,220.46285931777706,0.49327160243123641,False,89.033496048844796,111.70353484264092,33.23937500000001,6.1030933615884919,22.670038793796124,-27.136281638411518,True,False,5.0000000000000008e-07,False,False,11,Hunter_Valley_exc_Newcastle|Newcastle_and_Lake_Macquarie|Sydney_City_and_Inner_South|Sydney_Eastern_Suburbs|Sydney_Inner_South_West|Sydney_Inner_West|Sydney_North_Sydney_and_Hornsby|Sydney_Northern_Beaches|Sydney_Parramatta|Sydney_Ryde|Sydney_Sutherland
au,Central_Coast,GNN,42,10,100,0.5,MVA_equivalent_PF1,446.94010000000003,0.22845422632684889,102.10535475994449,151.66738602220019,0.33934611376826601,False,31.109277291683213,76.3660794136661,21.974374999999991,86.897053721663852,45.256802121982886,64.922678721663857,True,True,1.0000000000000001e-07,False,False,11,Hunter_Valley_exc_Newcastle|Newcastle_and_Lake_Macquarie|Sydney_City_and_Inner_South|Sydney_Eastern_Suburbs|Sydney_Inner_South_West|Sydney_Inner_West|Sydney_North_Sydney_and_Hornsby|Sydney_Northern_Beaches|Sydney_Parramatta|Sydney_Ryde|Sydney_Sutherland
au,Central_Coast,GNN,42,10,300,0.5,MVA_equivalent_PF1,446.94010000000003,0.22845422632684889,102.10535475994449,151.66738602220019,0.33934611376826601,False,44.999540898090949,98.175690144026845,51.563750000000006,52.183467514195762,53.176149245935896,0.61971751419575583,True,True,3.0000000000000004e-07,False,False,11,Hunter_Valley_exc_Newcastle|Newcastle_and_Lake_Macquarie|Sydney_City_and_Inner_South|Sydney_Eastern_Suburbs|Sydney_Inner_South_West|Sydney_Inner_West|Sydney_North_Sydney_and_Hornsby|Sydney_Northern_Beaches|Sydney_Parramatta|Sydney_Ryde|Sydney_Sutherland
au,Central_Coast,GNN,42,10,500,0.5,MVA_equivalent_PF1,446.94010000000003,0.22845422632684889,102.10535475994449,151.66738602220019,0.33934611376826601,False,48.260522168143503,102.08255538675945,3.5527136788005009e-14,98.256810927159478,53.82203321861595,98.256810927159449,True,True,5.0000000000000008e-07,True,False,11,Hunter_Valley_exc_Newcastle|Newcastle_and_Lake_Macquarie|Sydney_City_and_Inner_South|Sydney_Eastern_Suburbs|Sydney_Inner_South_West|Sydney_Inner_West|Sydney_North_Sydney_and_Hornsby|Sydney_Northern_Beaches|Sydney_Parramatta|Sydney_Ryde|Sydney_Sutherland
au,Central_Coast,GNN,42,10,100,0.80000000000000004,MVA_equivalent_PF1,446.94010000000003,0.45237314614858387,202.1836991769627,151.66738602220019,0.33934611376826601,True,31.109277291683213,163.63789966984166,21.974374999999991,186.97539813868201,132.52862237815845,165.00102313868203,True,True,1.0000000000000001e-07,False,False,11,Hunter_Valley_exc_Newcastle|Newcastle_and_Lake_Macquarie|Sydney_City_and_Inner_South|Sydney_Eastern_Suburbs|Sydney_Inner_South_West|Sydney_Inner_West|Sydney_North_Sydney_and_Hornsby|Sydney_Northern_Beaches|Sydney_Parramatta|Sydney_Ryde|Sydney_Sutherland
au,Central_Coast,GNN,42,10,300,0.80000000000000004,MVA_equivalent_PF1,446.94010000000003,0.45237314614858387,202.1836991769627,151.66738602220019,0.33934611376826601,True,44.999540898090949,196.89322061020241,51.563750000000006,148.87745421619101,151.89367971211146,97.313704216191013,True,True,3.0000000000000004e-07,False,False,11,Hunter_Valley_exc_Newcastle|Newcastle_and_Lake_Macquarie|Sydney_City_and_Inner_South|Sydney_Eastern_Suburbs|Sydney_Inner_South_West|Sydney_Inner_West|Sydney_North_Sydney_and_Hornsby|Sydney_Northern_Beaches|Sydney_Parramatta|Sydney_Ryde|Sydney_Sutherland
au,Central_Coast,GNN,42,10,500,0.80000000000000004,MVA_equivalent_PF1,446.94010000000003,0.45237314614858387,202.1836991769627,151.66738602220019,0.33934611376826601,True,48.260522168143503,202.16089980377771,3.5527136788005009e-14,203.22841951121865,153.90037763563421,203.22841951121862,True,True,5.0000000000000008e-07,True,False,11,Hunter_Valley_exc_Newcastle|Newcastle_and_Lake_Macquarie|Sydney_City_and_Inner_South|Sydney_Eastern_Suburbs|Sydney_Inner_South_West|Sydney_Inner_West|Sydney_North_Sydney_and_Hornsby|Sydney_Northern_Beaches|Sydney_Parramatta|Sydney_Ryde|Sydney_Sutherland
au,Central_Coast,GNN,42,10,100,0.90000000000000002,MVA_equivalent_PF1,446.94010000000003,0.53510168569732042,239.15840091572898,151.66738602220019,0.33934611376826601,True,31.109277291683213,198.28354163261002,21.974374999999991,223.95009987744828,167.17426434092681,201.9757248774483,True,True,1.0000000000000001e-07,False,False,11,Hunter_Valley_exc_Newcastle|Newcastle_and_Lake_Macquarie|Sydney_City_and_Inner_South|Sydney_Eastern_Suburbs|Sydney_Inner_South_West|Sydney_Inner_West|Sydney_North_Sydney_and_Hornsby|Sydney_Northern_Beaches|Sydney_Parramatta|Sydney_Ryde|Sydney_Sutherland
au,Central_Coast,GNN,42,10,300,0.90000000000000002,MVA_equivalent_PF1,446.94010000000003,0.53510168569732042,239.15840091572898,151.66738602220019,0.33934611376826601,True,44.999540898090949,233.85385777249147,51.563750000000006,185.85215595495728,188.85431687440052,134.28840595495728,True,True,3.0000000000000004e-07,False,False,11,Hunter_Valley_exc_Newcastle|Newcastle_and_Lake_Macquarie|Sydney_City_and_Inner_South|Sydney_Eastern_Suburbs|Sydney_Inner_South_West|Sydney_Inner_West|Sydney_North_Sydney_and_Hornsby|Sydney_Northern_Beaches|Sydney_Parramatta|Sydney_Ryde|Sydney_Sutherland
au,Central_Coast,GNN,42,10,500,0.90000000000000002,MVA_equivalent_PF1,446.94010000000003,0.53510168569732042,239.15840091572898,151.66738602220019,0.33934611376826601,True,48.260522168143503,239.13560154254401,3.5527136788005009e-14,240.20312124998486,190.87507937440051,240.20312124998483,True,True,5.0000000000000008e-07,True,False,11,Hunter_Valley_exc_Newcastle|Newcastle_and_Lake_Macquarie|Sydney_City_and_Inner_South|Sydney_Eastern_Suburbs|Sydney_Inner_South_West|Sydney_Inner_West|Sydney_North_Sydney_and_Hornsby|Sydney_Northern_Beaches|Sydney_Parramatta|Sydney_Ryde|Sydney_Sutherland
au,Central_Coast,GNN,42,10,100,1,MVA_equivalent_PF1,446.94010000000003,0.58475619670486811,261.35099303089345,151.66738602220019,0.33934611376826601,True,31.109277291683213,219.85813942708802,21.974374999999991,246.14269199261281,188.74886213540481,224.16831699261283,True,True,1.0000000000000001e-07,False,False,11,Hunter_Valley_exc_Newcastle|Newcastle_and_Lake_Macquarie|Sydney_City_and_Inner_South|Sydney_Eastern_Suburbs|Sydney_Inner_South_West|Sydney_Inner_West|Sydney_North_Sydney_and_Hornsby|Sydney_Northern_Beaches|Sydney_Parramatta|Sydney_Ryde|Sydney_Sutherland
au,Central_Coast,GNN,42,10,300,1,MVA_equivalent_PF1,446.94010000000003,0.58475619670486811,261.35099303089345,151.66738602220019,0.33934611376826601,True,44.999540898090949,256.04644988765585,51.563750000000006,208.04474807012178,211.04690898956491,156.48099807012179,True,True,3.0000000000000004e-07,False,False,11,Hunter_Valley_exc_Newcastle|Newcastle_and_Lake_Macquarie|Sydney_City_and_Inner_South|Sydney_Eastern_Suburbs|Sydney_Inner_South_West|Sydney_Inner_West|Sydney_North_Sydney_and_Hornsby|Sydney_Northern_Beaches|Sydney_Parramatta|Sydney_Ryde|Sydney_Sutherland
au,Central_Coast,GNN,42,10,500,1,MVA_equivalent_PF1,446.94010000000003,0.58475619670486811,261.35099303089345,151.66738602220019,0.33934611376826601,True,48.260522168143503,261.32819365770848,3.5527136788005009e-14,262.39571336514933,213.06767148956499,262.39571336514928,True,True,5.0000000000000008e-07,True,False,11,Hunter_Valley_exc_Newcastle|Newcastle_and_Lake_Macquarie|Sydney_City_and_Inner_South|Sydney_Eastern_Suburbs|Sydney_Inner_South_West|Sydney_Inner_West|Sydney_North_Sydney_and_Hornsby|Sydney_Northern_Beaches|Sydney_Parramatta|Sydney_Ryde|Sydney_Sutherland
au,Central_Coast,GNN,42,20,100,0.5,MVA_equivalent_PF1,446.94010000000003,0.0008433870642696055,0.37694349884336392,236.79762886736592,0.52981960863964972,False,43.613961614244403,0.15314242309828768,0,0,-43.460819191146115,0,False,True,1.0000000000000001e-07,True,True,11,Hunter_Valley_exc_Newcastle|Newcastle_and_Lake_Macquarie|Sydney_City_and_Inner_South|Sydney_Eastern_Suburbs|Sydney_Inner_South_West|Sydney_Inner_West|Sydney_North_Sydney_and_Hornsby|Sydney_Northern_Beaches|Sydney_Parramatta|Sydney_Ryde|Sydney_Sutherland
au,Central_Coast,GNN,42,20,300,0.5,MVA_equivalent_PF1,446.94010000000003,0.0008433870642696055,0.37694349884336392,236.79762886736592,0.52981960863964972,False,64.472890930983525,0.25029048323200992,109.590625,0,-64.222600447751518,-109.590625,False,False,3.0000000000000004e-07,False,True,11,Hunter_Valley_exc_Newcastle|Newcastle_and_Lake_Macquarie|Sydney_City_and_Inner_South|Sydney_Eastern_Suburbs|Sydney_Inner_South_West|Sydney_Inner_West|Sydney_North_Sydney_and_Hornsby|Sydney_Northern_Beaches|Sydney_Parramatta|Sydney_Ryde|Sydney_Sutherland
au,Central_Coast,GNN,42,20,500,0.5,MVA_equivalent_PF1,446.94010000000003,0.0008433870642696055,0.37694349884336392,236.79762886736592,0.52981960863964972,False,76.844936233258252,0.33854850205208842,26.265625,0,-76.506387731206161,-26.265625,False,False,5.0000000000000008e-07,False,True,11,Hunter_Valley_exc_Newcastle|Newcastle_and_Lake_Macquarie|Sydney_City_and_Inner_South|Sydney_Eastern_Suburbs|Sydney_Inner_South_West|Sydney_Inner_West|Sydney_North_Sydney_and_Hornsby|Sydney_Northern_Beaches|Sydney_Parramatta|Sydney_Ryde|Sydney_Sutherland
au,Central_Coast,GNN,42,20,100,0.80000000000000004,MVA_equivalent_PF1,446.94010000000003,0.22785664024680172,101.83826957756959,236.79762886736592,0.52981960863964972,False,43.613961614244403,47.727840472286395,0,0,4.1138788580419927,0,True,True,1.0000000000000001e-07,True,True,11,Hunter_Valley_exc_Newcastle|Newcastle_and_Lake_Macquarie|Sydney_City_and_Inner_South|Sydney_Eastern_Suburbs|Sydney_Inner_South_West|Sydney_Inner_West|Sydney_North_Sydney_and_Hornsby|Sydney_Northern_Beaches|Sydney_Parramatta|Sydney_Ryde|Sydney_Sutherland
au,Central_Coast,GNN,42,20,300,0.80000000000000004,MVA_equivalent_PF1,446.94010000000003,0.22785664024680172,101.83826957756959,236.79762886736592,0.52981960863964972,False,64.472890930983525,74.024345156374082,109.590625,87.685487872979408,9.5514542253905574,-21.905137127020595,True,False,3.0000000000000004e-07,False,False,11,Hunter_Valley_exc_Newcastle|Newcastle_and_Lake_Macquarie|Sydney_City_and_Inner_South|Sydney_Eastern_Suburbs|Sydney_Inner_South_West|Sydney_Inner_West|Sydney_North_Sydney_and_Hornsby|Sydney_Northern_Beaches|Sydney_Parramatta|Sydney_Ryde|Sydney_Sutherland
au,Central_Coast,GNN,42,20,500,0.80000000000000004,MVA_equivalent_PF1,446.94010000000003,0.22785664024680172,101.83826957756959,236.79762886736592,0.52981960863964972,False,76.844936233258252,96.88960588113865,26.265625,11.244855044486718,20.044669647880397,-15.020769955513282,True,False,5.0000000000000008e-07,False,False,11,Hunter_Valley_exc_Newcastle|Newcastle_and_Lake_Macquarie|Sydney_City_and_Inner_South|Sydney_Eastern_Suburbs|Sydney_Inner_South_West|Sydney_Inner_West|Sydney_North_Sydney_and_Hornsby|Sydney_Northern_Beaches|Sydney_Parramatta|Sydney_Ryde|Sydney_Sutherland
au,Central_Coast,GNN,42,20,100,0.90000000000000002,MVA_equivalent_PF1,446.94010000000003,0.25155565525979678,112.4303097173791,236.79762886736592,0.52981960863964972,False,43.613961614244403,53.591256424200111,0,0,9.9772948099557084,0,True,True,1.0000000000000001e-07,True,True,11,Hunter_Valley_exc_Newcastle|Newcastle_and_Lake_Macquarie|Sydney_City_and_Inner_South|Sydney_Eastern_Suburbs|Sydney_Inner_South_West|Sydney_Inner_West|Sydney_North_Sydney_and_Hornsby|Sydney_Northern_Beaches|Sydney_Parramatta|Sydney_Ryde|Sydney_Sutherland
au,Central_Coast,GNN,42,20,300,0.90000000000000002,MVA_equivalent_PF1,446.94010000000003,0.25155565525979678,112.4303097173791,236.79762886736592,0.52981960863964972,False,64.472890930983525,82.461322863678291,109.590625,98.277528012788935,17.988431932694766,-11.313096987211068,True,False,3.0000000000000004e-07,False,False,11,Hunter_Valley_exc_Newcastle|Newcastle_and_Lake_Macquarie|Sydney_City_and_Inner_South|Sydney_Eastern_Suburbs|Sydney_Inner_South_West|Sydney_Inner_West|Sydney_North_Sydney_and_Hornsby|Sydney_Northern_Beaches|Sydney_Parramatta|Sydney_Ryde|Sydney_Sutherland
au,Central_Coast,GNN,42,20,500,0.90000000000000002,MVA_equivalent_PF1,446.94010000000003,0.25155565525979678,112.4303097173791,236.79762886736592,0.52981960863964972,False,76.844936233258252,107.38747060228216,26.265625,16.126413518059195,30.542534369023912,-10.139211481940805,True,False,5.0000000000000008e-07,False,False,11,Hunter_Valley_exc_Newcastle|Newcastle_and_Lake_Macquarie|Sydney_City_and_Inner_South|Sydney_Eastern_Suburbs|Sydney_Inner_South_West|Sydney_Inner_West|Sydney_North_Sydney_and_Hornsby|Sydney_Northern_Beaches|Sydney_Parramatta|Sydney_Ryde|Sydney_Sutherland
au,Central_Coast,GNN,42,20,100,1,MVA_equivalent_PF1,446.94010000000003,0.50129439675573606,224.04856781544837,236.79762886736592,0.52981960863964972,False,43.613961614244403,124.35164228201221,0,69.423695970047973,80.737680667767805,69.423695970047973,True,True,1.0000000000000001e-07,True,False,11,Hunter_Valley_exc_Newcastle|Newcastle_and_Lake_Macquarie|Sydney_City_and_Inner_South|Sydney_Eastern_Suburbs|Sydney_Inner_South_West|Sydney_Inner_West|Sydney_North_Sydney_and_Hornsby|Sydney_Northern_Beaches|Sydney_Parramatta|Sydney_Ryde|Sydney_Sutherland
au,Central_Coast,GNN,42,20,300,1,MVA_equivalent_PF1,446.94010000000003,0.50129439675573606,224.04856781544837,236.79762886736592,0.52981960863964972,False,64.472890930983525,178.29260197269463,109.590625,209.89578611085821,113.8197110417111,100.30516111085821,True,True,3.0000000000000004e-07,False,False,11,Hunter_Valley_exc_Newcastle|Newcastle_and_Lake_Macquarie|Sydney_City_and_Inner_South|Sydney_Eastern_Suburbs|Sydney_Inner_South_West|Sydney_Inner_West|Sydney_North_Sydney_and_Hornsby|Sydney_Northern_Beaches|Sydney_Parramatta|Sydney_Ryde|Sydney_Sutherland
au,Central_Coast,GNN,42,20,500,1,MVA_equivalent_PF1,446.94010000000003,0.50129439675573606,224.04856781544837,236.79762886736592,0.52981960863964972,False,76.844936233258252,218.94920145924524,26.265625,123.35231693337842,142.10426522598698,97.086691933378418,True,True,5.0000000000000008e-07,False,False,11,Hunter_Valley_exc_Newcastle|Newcastle_and_Lake_Macquarie|Sydney_City_and_Inner_South|Sydney_Eastern_Suburbs|Sydney_Inner_South_West|Sydney_Inner_West|Sydney_North_Sydney_and_Hornsby|Sydney_Northern_Beaches|Sydney_Parramatta|Sydney_Ryde|Sydney_Sutherland
au,Central_Coast,GNN,123,10,100,0.5,MVA_equivalent_PF1,446.94010000000003,0.2110810432425036,94.340582574908893,165.64137708486868,0.37061202851314679,False,33.664356273527915,69.580477959786919,21.974374999999991,75.017234130415133,35.916121686259004,53.042859130415138,True,True,1.0000000000000001e-07,False,False,11,Hunter_Valley_exc_Newcastle|Newcastle_and_Lake_Macquarie|Sydney_City_and_Inner_South|Sydney_Eastern_Suburbs|Sydney_Inner_South_West|Sydney_Inner_West|Sydney_North_Sydney_and_Hornsby|Sydney_Northern_Beaches|Sydney_Parramatta|Sydney_Ryde|Sydney_Sutherland
au,Central_Coast,GNN,123,10,300,0.5,MVA_equivalent_PF1,446.94010000000003,0.2110810432425036,94.340582574908893,165.64137708486868,0.37061202851314679,False,48.509796826854085,90.354541719335117,83.791093750000002,58.394889221123606,41.844744892481032,-25.396204528876396,True,False,3.0000000000000004e-07,False,False,11,Hunter_Valley_exc_Newcastle|Newcastle_and_Lake_Macquarie|Sydney_City_and_Inner_South|Sydney_Eastern_Suburbs|Sydney_Inner_South_West|Sydney_Inner_West|Sydney_North_Sydney_and_Hornsby|Sydney_Northern_Beaches|Sydney_Parramatta|Sydney_Ryde|Sydney_Sutherland
au,Central_Coast,GNN,123,10,500,0.5,MVA_equivalent_PF1,446.94010000000003,0.2110810432425036,94.340582574908893,165.64137708486868,0.37061202851314679,False,52.007988883572644,94.27541089686359,3.5527136788005009e-14,78.631496678590224,42.267422013290947,78.631496678590196,True,True,5.0000000000000008e-07,True,False,11,Hunter_Valley_exc_Newcastle|Newcastle_and_Lake_Macquarie|Sydney_City_and_Inner_South|Sydney_Eastern_Suburbs|Sydney_Inner_South_West|Sydney_Inner_West|Sydney_North_Sydney_and_Hornsby|Sydney_Northern_Beaches|Sydney_Parramatta|Sydney_Ryde|Sydney_Sutherland
au,Central_Coast,GNN,123,10,100,0.80000000000000004,MVA_equivalent_PF1,446.94010000000003,0.34185595536531171,152.78913487656797,165.64137708486868,0.37061202851314679,False,33.664356273527915,119.07589912011024,21.974374999999991,133.4657864320742,85.411542846582321,111.4914114320742,True,True,1.0000000000000001e-07,False,False,11,Hunter_Valley_exc_Newcastle|Newcastle_and_Lake_Macquarie|Sydney_City_and_Inner_South|Sydney_Eastern_Suburbs|Sydney_Inner_South_West|Sydney_Inner_West|Sydney_North_Sydney_and_Hornsby|Sydney_Northern_Beaches|Sydney_Parramatta|Sydney_Ryde|Sydney_Sutherland
au,Central_Coast,GNN,123,10,300,0.80000000000000004,MVA_equivalent_PF1,446.94010000000003,0.34185595536531171,152.78913487656797,165.64137708486868,0.37061202851314679,False,48.509796826854085,147.91840016524802,83.791093750000002,114.29403818781206,99.408603338393931,30.502944437812062,True,True,3.0000000000000004e-07,False,False,11,Hunter_Valley_exc_Newcastle|Newcastle_and_Lake_Macquarie|Sydney_City_and_Inner_South|Sydney_Eastern_Suburbs|Sydney_Inner_South_West|Sydney_Inner_West|Sydney_North_Sydney_and_Hornsby|Sydney_Northern_Beaches|Sydney_Parramatta|Sydney_Ryde|Sydney_Sutherland
au,Central_Coast,GNN,123,10,500,0.80000000000000004,MVA_equivalent_PF1,446.94010000000003,0.34185595536531171,152.78913487656797,165.64137708486868,0.37061202851314679,False,52.007988883572644,152.72396319852263,3.5527136788005009e-14,146.50305712172252,100.71597431494999,146.50305712172249,True,True,5.0000000000000008e-07,True,False,11,Hunter_Valley_exc_Newcastle|Newcastle_and_Lake_Macquarie|Sydney_City_and_Inner_South|Sydney_Eastern_Suburbs|Sydney_Inner_South_West|Sydney_Inner_West|Sydney_North_Sydney_and_Hornsby|Sydney_Northern_Beaches|Sydney_Parramatta|Sydney_Ryde|Sydney_Sutherland
au,Central_Coast,GNN,123,10,100,0.90000000000000002,MVA_equivalent_PF1,446.94010000000003,0.34821629882811056,155.63182741986563,165.64137708486868,0.37061202851314679,False,33.664356273527915,121.55464971435384,21.974374999999991,136.30847897537183,87.890293440825928,114.33410397537183,True,True,1.0000000000000001e-07,False,False,11,Hunter_Valley_exc_Newcastle|Newcastle_and_Lake_Macquarie|Sydney_City_and_Inner_South|Sydney_Eastern_Suburbs|Sydney_Inner_South_West|Sydney_Inner_West|Sydney_North_Sydney_and_Hornsby|Sydney_Northern_Beaches|Sydney_Parramatta|Sydney_Ryde|Sydney_Sutherland
au,Central_Coast,GNN,123,10,300,0.90000000000000002,MVA_equivalent_PF1,446.94010000000003,0.34821629882811056,155.63182741986563,165.64137708486868,0.37061202851314679,False,48.509796826854085,150.71987366666787,83.791093750000002,117.13673073110972,102.21007683981378,33.34563698110972,True,True,3.0000000000000004e-07,False,False,11,Hunter_Valley_exc_Newcastle|Newcastle_and_Lake_Macquarie|Sydney_City_and_Inner_South|Sydney_Eastern_Suburbs|Sydney_Inner_South_West|Sydney_Inner_West|Sydney_North_Sydney_and_Hornsby|Sydney_Northern_Beaches|Sydney_Parramatta|Sydney_Ryde|Sydney_Sutherland
au,Central_Coast,GNN,123,10,500,0.90000000000000002,MVA_equivalent_PF1,446.94010000000003,0.34821629882811056,155.63182741986563,165.64137708486868,0.37061202851314679,False,52.007988883572644,155.56665574182031,3.5527136788005009e-14,149.34574966502024,103.55866685824768,149.34574966502021,True,True,5.0000000000000008e-07,True,False,11,Hunter_Valley_exc_Newcastle|Newcastle_and_Lake_Macquarie|Sydney_City_and_Inner_South|Sydney_Eastern_Suburbs|Sydney_Inner_South_West|Sydney_Inner_West|Sydney_North_Sydney_and_Hornsby|Sydney_Northern_Beaches|Sydney_Parramatta|Sydney_Ryde|Sydney_Sutherland
au,Central_Coast,GNN,123,10,100,1,MVA_equivalent_PF1,446.94010000000003,0.38396670436305569,171.61011724469455,165.64137708486868,0.37061202851314679,True,33.664356273527915,135.56203304329742,21.974374999999991,152.28676880020078,101.8976767697695,130.31239380020079,True,True,1.0000000000000001e-07,False,False,11,Hunter_Valley_exc_Newcastle|Newcastle_and_Lake_Macquarie|Sydney_City_and_Inner_South|Sydney_Eastern_Suburbs|Sydney_Inner_South_West|Sydney_Inner_West|Sydney_North_Sydney_and_Hornsby|Sydney_Northern_Beaches|Sydney_Parramatta|Sydney_Ryde|Sydney_Sutherland
au,Central_Coast,GNN,123,10,300,1,MVA_equivalent_PF1,446.94010000000003,0.38396670436305569,171.61011724469455,165.64137708486868,0.37061202851314679,True,48.509796826854085,166.46647828903679,83.791093750000002,133.11502055593863,117.9566814621827,49.323926805938626,True,True,3.0000000000000004e-07,False,False,11,Hunter_Valley_exc_Newcastle|Newcastle_and_Lake_Macquarie|Sydney_City_and_Inner_South|Sydney_Eastern_Suburbs|Sydney_Inner_South_West|Sydney_Inner_West|Sydney_North_Sydney_and_Hornsby|Sydney_Northern_Beaches|Sydney_Parramatta|Sydney_Ryde|Sydney_Sutherland
au,Central_Coast,GNN,123,10,500,1,MVA_equivalent_PF1,446.94010000000003,0.38396670436305569,171.61011724469455,165.64137708486868,0.37061202851314679,True,52.007988883572644,171.54494556664932,3.5527136788005009e-14,165.32403948984913,119.53695668307668,165.3240394898491,True,True,5.0000000000000008e-07,True,False,11,Hunter_Valley_exc_Newcastle|Newcastle_and_Lake_Macquarie|Sydney_City_and_Inner_South|Sydney_Eastern_Suburbs|Sydney_Inner_South_West|Sydney_Inner_West|Sydney_North_Sydney_and_Hornsby|Sydney_Northern_Beaches|Sydney_Parramatta|Sydney_Ryde|Sydney_Sutherland
au,Central_Coast,GNN,123,20,100,0.5,MVA_equivalent_PF1,446.94010000000003,0.00057459481566623691,0.25680946437334951,248.74979576364041,0.5565618206190055,False,47.466581192193068,0.10567709458964027,0,0,-47.360904097603431,0,False,True,1.0000000000000001e-07,True,True,11,Hunter_Valley_exc_Newcastle|Newcastle_and_Lake_Macquarie|Sydney_City_and_Inner_South|Sydney_Eastern_Suburbs|Sydney_Inner_South_West|Sydney_Inner_West|Sydney_North_Sydney_and_Hornsby|Sydney_Northern_Beaches|Sydney_Parramatta|Sydney_Ryde|Sydney_Sutherland
au,Central_Coast,GNN,123,20,300,0.5,MVA_equivalent_PF1,446.94010000000003,0.00057459481566623691,0.25680946437334951,248.74979576364041,0.5565618206190055,False,69.795650517581151,0.1718055316657911,109.590625,0,-69.623844985915355,-109.590625,False,False,3.0000000000000004e-07,False,True,11,Hunter_Valley_exc_Newcastle|Newcastle_and_Lake_Macquarie|Sydney_City_and_Inner_South|Sydney_Eastern_Suburbs|Sydney_Inner_South_West|Sydney_Inner_West|Sydney_North_Sydney_and_Hornsby|Sydney_Northern_Beaches|Sydney_Parramatta|Sydney_Ryde|Sydney_Sutherland
au,Central_Coast,GNN,123,20,500,0.5,MVA_equivalent_PF1,446.94010000000003,0.00057459481566623691,0.25680946437334951,248.74979576364041,0.5565618206190055,False,83.302509714374324,0.22971606588199761,26.265625,0,-83.072793648492322,-26.265625,False,False,5.0000000000000008e-07,False,True,11,Hunter_Valley_exc_Newcastle|Newcastle_and_Lake_Macquarie|Sydney_City_and_Inner_South|Sydney_Eastern_Suburbs|Sydney_Inner_South_West|Sydney_Inner_West|Sydney_North_Sydney_and_Hornsby|Sydney_Northern_Beaches|Sydney_Parramatta|Sydney_Ryde|Sydney_Sutherland
au,Central_Coast,GNN,123,20,100,0.80000000000000004,MVA_equivalent_PF1,446.94010000000003,0.14641666737903658,65.439479960053347,248.74979576364041,0.5565618206190055,False,47.466581192193068,29.152006270585844,0,0,-18.314574921607225,0,False,True,1.0000000000000001e-07,True,True,11,Hunter_Valley_exc_Newcastle|Newcastle_and_Lake_Macquarie|Sydney_City_and_Inner_South|Sydney_Eastern_Suburbs|Sydney_Inner_South_West|Sydney_Inner_West|Sydney_North_Sydney_and_Hornsby|Sydney_Northern_Beaches|Sydney_Parramatta|Sydney_Ryde|Sydney_Sutherland
au,Central_Coast,GNN,123,20,300,0.80000000000000004,MVA_equivalent_PF1,446.94010000000003,0.14641666737903658,65.439479960053347,248.74979576364041,0.5565618206190055,False,69.795650517581151,46.588568873589359,109.590625,41.040751516691294,-23.207081643991792,-68.549873483308716,False,False,3.0000000000000004e-07,False,False,11,Hunter_Valley_exc_Newcastle|Newcastle_and_Lake_Macquarie|Sydney_City_and_Inner_South|Sydney_Eastern_Suburbs|Sydney_Inner_South_West|Sydney_Inner_West|Sydney_North_Sydney_and_Hornsby|Sydney_Northern_Beaches|Sydney_Parramatta|Sydney_Ryde|Sydney_Sutherland
au,Central_Coast,GNN,123,20,500,0.80000000000000004,MVA_equivalent_PF1,446.94010000000003,0.14641666737903658,65.439479960053347,248.74979576364041,0.5565618206190055,False,83.302509714374324,61.285869183964898,26.265625,1.3197564730048612,-22.016640530409425,-24.945868526995138,False,False,5.0000000000000008e-07,False,False,11,Hunter_Valley_exc_Newcastle|Newcastle_and_Lake_Macquarie|Sydney_City_and_Inner_South|Sydney_Eastern_Suburbs|Sydney_Inner_South_West|Sydney_Inner_West|Sydney_North_Sydney_and_Hornsby|Sydney_Northern_Beaches|Sydney_Parramatta|Sydney_Ryde|Sydney_Sutherland
au,Central_Coast,GNN,123,20,100,0.90000000000000002,MVA_equivalent_PF1,446.94010000000003,0.22323888111487536,99.774407849370505,248.74979576364041,0.5565618206190055,False,47.466581192193068,47.012942526500574,0,0,-0.45363866569249467,0,False,True,1.0000000000000001e-07,True,True,11,Hunter_Valley_exc_Newcastle|Newcastle_and_Lake_Macquarie|Sydney_City_and_Inner_South|Sydney_Eastern_Suburbs|Sydney_Inner_South_West|Sydney_Inner_West|Sydney_North_Sydney_and_Hornsby|Sydney_Northern_Beaches|Sydney_Parramatta|Sydney_Ryde|Sydney_Sutherland
au,Central_Coast,GNN,123,20,300,0.90000000000000002,MVA_equivalent_PF1,446.94010000000003,0.22323888111487536,99.774407849370505,248.74979576364041,0.5565618206190055,False,69.795650517581151,73.138689293351234,109.590625,75.375679406008459,3.3430387757700828,-34.214945593991544,True,False,3.0000000000000004e-07,False,False,11,Hunter_Valley_exc_Newcastle|Newcastle_and_Lake_Macquarie|Sydney_City_and_Inner_South|Sydney_Eastern_Suburbs|Sydney_Inner_South_West|Sydney_Inner_West|Sydney_North_Sydney_and_Hornsby|Sydney_Northern_Beaches|Sydney_Parramatta|Sydney_Ryde|Sydney_Sutherland
au,Central_Coast,GNN,123,20,500,0.90000000000000002,MVA_equivalent_PF1,446.94010000000003,0.22323888111487536,99.774407849370505,248.74979576364041,0.5565618206190055,False,83.302509714374324,94.887040841210307,26.265625,9.6037979889367868,11.584531126835984,-16.661827011063213,True,False,5.0000000000000008e-07,False,False,11,Hunter_Valley_exc_Newcastle|Newcastle_and_Lake_Macquarie|Sydney_City_and_Inner_South|Sydney_Eastern_Suburbs|Sydney_Inner_South_West|Sydney_Inner_West|Sydney_North_Sydney_and_Hornsby|Sydney_Northern_Beaches|Sydney_Parramatta|Sydney_Ryde|Sydney_Sutherland
au,Central_Coast,GNN,123,20,100,1,MVA_equivalent_PF1,446.94010000000003,0.26075909777749601,116.54369723658385,248.74979576364041,0.5565618206190055,False,47.466581192193068,56.308389251400165,0,0,8.8418080592070964,0,True,True,1.0000000000000001e-07,True,True,11,Hunter_Valley_exc_Newcastle|Newcastle_and_Lake_Macquarie|Sydney_City_and_Inner_South|Sydney_Eastern_Suburbs|Sydney_Inner_South_West|Sydney_Inner_West|Sydney_North_Sydney_and_Hornsby|Sydney_Northern_Beaches|Sydney_Parramatta|Sydney_Ryde|Sydney_Sutherland
au,Central_Coast,GNN,123,20,300,1,MVA_equivalent_PF1,446.94010000000003,0.26075909777749601,116.54369723658385,248.74979576364041,0.5565618206190055,False,69.795650517581151,86.607275594724996,109.590625,92.144968793221807,16.811625077143844,-17.445656206778196,True,False,3.0000000000000004e-07,False,False,11,Hunter_Valley_exc_Newcastle|Newcastle_and_Lake_Macquarie|Sydney_City_and_Inner_South|Sydney_Eastern_Suburbs|Sydney_Inner_South_West|Sydney_Inner_West|Sydney_North_Sydney_and_Hornsby|Sydney_Northern_Beaches|Sydney_Parramatta|Sydney_Ryde|Sydney_Sutherland
au,Central_Coast,GNN,123,20,500,1,MVA_equivalent_PF1,446.94010000000003,0.26075909777749601,116.54369723658385,248.74979576364041,0.5565618206190055,False,83.302509714374324,111.49011201501879,26.265625,17.211207128035245,28.187602300644471,-9.0544178719647554,True,False,5.0000000000000008e-07,False,False,11,Hunter_Valley_exc_Newcastle|Newcastle_and_Lake_Macquarie|Sydney_City_and_Inner_South|Sydney_Eastern_Suburbs|Sydney_Inner_South_West|Sydney_Inner_West|Sydney_North_Sydney_and_Hornsby|Sydney_Northern_Beaches|Sydney_Parramatta|Sydney_Ryde|Sydney_Sutherland
au,Central_Coast,GNN,456,10,100,0.5,MVA_equivalent_PF1,446.94010000000003,0.22976212086763717,102.68990527679385,264.61307233059836,0.59205489131675215,False,52.209044137294669,73.215059552378776,21.974374999999991,74.892634253869787,21.006015415084107,52.918259253869792,True,True,1.0000000000000001e-07,False,False,11,Hunter_Valley_exc_Newcastle|Newcastle_and_Lake_Macquarie|Sydney_City_and_Inner_South|Sydney_Eastern_Suburbs|Sydney_Inner_South_West|Sydney_Inner_West|Sydney_North_Sydney_and_Hornsby|Sydney_Northern_Beaches|Sydney_Parramatta|Sydney_Ryde|Sydney_Sutherland
au,Central_Coast,GNN,456,10,300,0.5,MVA_equivalent_PF1,446.94010000000003,0.22976212086763717,102.68990527679385,264.61307233059836,0.59205489131675215,False,73.214289583842572,94.742048466884484,144.09218750000002,79.950373733078067,21.527758883041912,-64.141813766921956,True,False,3.0000000000000004e-07,False,False,11,Hunter_Valley_exc_Newcastle|Newcastle_and_Lake_Macquarie|Sydney_City_and_Inner_South|Sydney_Eastern_Suburbs|Sydney_Inner_South_West|Sydney_Inner_West|Sydney_North_Sydney_and_Hornsby|Sydney_Northern_Beaches|Sydney_Parramatta|Sydney_Ryde|Sydney_Sutherland
au,Central_Coast,GNN,456,10,500,0.5,MVA_equivalent_PF1,446.94010000000003,0.22976212086763717,102.68990527679385,264.61307233059836,0.59205489131675215,False,81.009884894207843,102.26484096289683,3.5527136788005009e-14,69.052777238341463,21.254956068688983,69.052777238341434,True,True,5.0000000000000008e-07,True,False,11,Hunter_Valley_exc_Newcastle|Newcastle_and_Lake_Macquarie|Sydney_City_and_Inner_South|Sydney_Eastern_Suburbs|Sydney_Inner_South_West|Sydney_Inner_West|Sydney_North_Sydney_and_Hornsby|Sydney_Northern_Beaches|Sydney_Parramatta|Sydney_Ryde|Sydney_Sutherland
au,Central_Coast,GNN,456,10,100,0.80000000000000004,MVA_equivalent_PF1,446.94010000000003,0.41204512492035128,184.15948933641431,264.61307233059836,0.59205489131675215,False,52.209044137294669,140.16625838525948,21.974374999999991,156.36221831349025,87.957214247964814,134.38784331349027,True,True,1.0000000000000001e-07,False,False,11,Hunter_Valley_exc_Newcastle|Newcastle_and_Lake_Macquarie|Sydney_City_and_Inner_South|Sydney_Eastern_Suburbs|Sydney_Inner_South_West|Sydney_Inner_West|Sydney_North_Sydney_and_Hornsby|Sydney_Northern_Beaches|Sydney_Parramatta|Sydney_Ryde|Sydney_Sutherland
au,Central_Coast,GNN,456,10,300,0.80000000000000004,MVA_equivalent_PF1,446.94010000000003,0.41204512492035128,184.15948933641431,264.61307233059836,0.59205489131675215,False,73.214289583842572,174.57281893067108,144.09218750000002,161.41995779269854,101.3585293468285,17.327770292698517,True,True,3.0000000000000004e-07,False,False,11,Hunter_Valley_exc_Newcastle|Newcastle_and_Lake_Macquarie|Sydney_City_and_Inner_South|Sydney_Eastern_Suburbs|Sydney_Inner_South_West|Sydney_Inner_West|Sydney_North_Sydney_and_Hornsby|Sydney_Northern_Beaches|Sydney_Parramatta|Sydney_Ryde|Sydney_Sutherland
au,Central_Coast,GNN,456,10,500,0.80000000000000004,MVA_equivalent_PF1,446.94010000000003,0.41204512492035128,184.15948933641431,264.61307233059836,0.59205489131675215,False,81.009884894207843,183.73442502251734,3.5527136788005009e-14,150.52236129796194,102.7245401283095,150.52236129796191,True,True,5.0000000000000008e-07,True,False,11,Hunter_Valley_exc_Newcastle|Newcastle_and_Lake_Macquarie|Sydney_City_and_Inner_South|Sydney_Eastern_Suburbs|Sydney_Inner_South_West|Sydney_Inner_West|Sydney_North_Sydney_and_Hornsby|Sydney_Northern_Beaches|Sydney_Parramatta|Sydney_Ryde|Sydney_Sutherland
au,Central_Coast,GNN,456,10,100,0.90000000000000002,MVA_equivalent_PF1,446.94010000000003,0.42134464876692135,188.31581945435272,264.61307233059836,0.59205489131675215,False,52.209044137294669,143.75825327728671,21.974374999999991,160.51854843142866,91.549209139992044,138.54417343142867,True,True,1.0000000000000001e-07,False,False,11,Hunter_Valley_exc_Newcastle|Newcastle_and_Lake_Macquarie|Sydney_City_and_Inner_South|Sydney_Eastern_Suburbs|Sydney_Inner_South_West|Sydney_Inner_West|Sydney_North_Sydney_and_Hornsby|Sydney_Northern_Beaches|Sydney_Parramatta|Sydney_Ryde|Sydney_Sutherland
au,Central_Coast,GNN,456,10,300,0.90000000000000002,MVA_equivalent_PF1,446.94010000000003,0.42134464876692135,188.31581945435272,264.61307233059836,0.59205489131675215,False,73.214289583842572,178.66888226189937,144.09218750000002,165.57628791063692,105.4545926780568,21.484100410636898,True,True,3.0000000000000004e-07,False,False,11,Hunter_Valley_exc_Newcastle|Newcastle_and_Lake_Macquarie|Sydney_City_and_Inner_South|Sydney_Eastern_Suburbs|Sydney_Inner_South_West|Sydney_Inner_West|Sydney_North_Sydney_and_Hornsby|Sydney_Northern_Beaches|Sydney_Parramatta|Sydney_Ryde|Sydney_Sutherland
au,Central_Coast,GNN,456,10,500,0.90000000000000002,MVA_equivalent_PF1,446.94010000000003,0.42134464876692135,188.31581945435272,264.61307233059836,0.59205489131675215,False,81.009884894207843,187.89075514045567,3.5527136788005009e-14,154.67869141590035,106.88087024624782,154.67869141590032,True,True,5.0000000000000008e-07,True,False,11,Hunter_Valley_exc_Newcastle|Newcastle_and_Lake_Macquarie|Sydney_City_and_Inner_South|Sydney_Eastern_Suburbs|Sydney_Inner_South_West|Sydney_Inner_West|Sydney_North_Sydney_and_Hornsby|Sydney_Northern_Beaches|Sydney_Parramatta|Sydney_Ryde|Sydney_Sutherland
au,Central_Coast,GNN,456,10,100,1,MVA_equivalent_PF1,446.94010000000003,0.56026948450350456,250.4068994309448,264.61307233059836,0.59205489131675215,False,52.209044137294669,198.6985542406444,21.974374999999991,222.60962840802077,146.48951010334974,200.63525340802079,True,True,1.0000000000000001e-07,False,False,11,Hunter_Valley_exc_Newcastle|Newcastle_and_Lake_Macquarie|Sydney_City_and_Inner_South|Sydney_Eastern_Suburbs|Sydney_Inner_South_West|Sydney_Inner_West|Sydney_North_Sydney_and_Hornsby|Sydney_Northern_Beaches|Sydney_Parramatta|Sydney_Ryde|Sydney_Sutherland
au,Central_Coast,GNN,456,10,300,1,MVA_equivalent_PF1,446.94010000000003,0.56026948450350456,250.4068994309448,264.61307233059836,0.59205489131675215,False,73.214289583842572,240.16547730668248,144.09218750000002,227.66736788722906,166.9511877228399,83.57518038722904,True,True,3.0000000000000004e-07,False,False,11,Hunter_Valley_exc_Newcastle|Newcastle_and_Lake_Macquarie|Sydney_City_and_Inner_South|Sydney_Eastern_Suburbs|Sydney_Inner_South_West|Sydney_Inner_West|Sydney_North_Sydney_and_Hornsby|Sydney_Northern_Beaches|Sydney_Parramatta|Sydney_Ryde|Sydney_Sutherland
au,Central_Coast,GNN,456,10,500,1,MVA_equivalent_PF1,446.94010000000003,0.56026948450350456,250.4068994309448,264.61307233059836,0.59205489131675215,False,81.009884894207843,249.98183511704772,3.5527136788005009e-14,216.76977139249243,168.97195022283989,216.7697713924924,True,True,5.0000000000000008e-07,True,False,11,Hunter_Valley_exc_Newcastle|Newcastle_and_Lake_Macquarie|Sydney_City_and_Inner_South|Sydney_Eastern_Suburbs|Sydney_Inner_South_West|Sydney_Inner_West|Sydney_North_Sydney_and_Hornsby|Sydney_Northern_Beaches|Sydney_Parramatta|Sydney_Ryde|Sydney_Sutherland
au,Central_Coast,GNN,456,20,100,0.5,MVA_equivalent_PF1,446.94010000000003,0.00069645120551833841,0.31127197143948676,343.99178137851936,0.76965969573667559,False,76.155297043255715,0.13754992774753788,0,0,-76.017747115508172,0,False,True,1.0000000000000001e-07,True,True,11,Hunter_Valley_exc_Newcastle|Newcastle_and_Lake_Macquarie|Sydney_City_and_Inner_South|Sydney_Eastern_Suburbs|Sydney_Inner_South_West|Sydney_Inner_West|Sydney_North_Sydney_and_Hornsby|Sydney_Northern_Beaches|Sydney_Parramatta|Sydney_Ryde|Sydney_Sutherland
au,Central_Coast,GNN,456,20,300,0.5,MVA_equivalent_PF1,446.94010000000003,0.00069645120551833841,0.31127197143948676,343.99178137851936,0.76965969573667559,False,104.56669132942815,0.20855222086446737,120.21593749999995,0,-104.35813910856369,-120.21593749999995,False,False,3.0000000000000004e-07,False,True,11,Hunter_Valley_exc_Newcastle|Newcastle_and_Lake_Macquarie|Sydney_City_and_Inner_South|Sydney_Eastern_Suburbs|Sydney_Inner_South_West|Sydney_Inner_West|Sydney_North_Sydney_and_Hornsby|Sydney_Northern_Beaches|Sydney_Parramatta|Sydney_Ryde|Sydney_Sutherland
au,Central_Coast,GNN,456,20,500,0.5,MVA_equivalent_PF1,446.94010000000003,0.00069645120551833841,0.31127197143948676,343.99178137851936,0.76965969573667559,False,123.90518238678648,0.26944913942221577,96.00312500000004,0,-123.63573324736426,-96.00312500000004,False,False,5.0000000000000008e-07,False,True,11,Hunter_Valley_exc_Newcastle|Newcastle_and_Lake_Macquarie|Sydney_City_and_Inner_South|Sydney_Eastern_Suburbs|Sydney_Inner_South_West|Sydney_Inner_West|Sydney_North_Sydney_and_Hornsby|Sydney_Northern_Beaches|Sydney_Parramatta|Sydney_Ryde|Sydney_Sutherland
au,Central_Coast,GNN,456,20,100,0.80000000000000004,MVA_equivalent_PF1,446.94010000000003,0.21492893851430625,96.060361272477891,343.99178137851936,0.76965969573667559,False,76.155297043255715,47.247019808323294,0,0,-28.90827723493242,0,False,True,1.0000000000000001e-07,True,True,11,Hunter_Valley_exc_Newcastle|Newcastle_and_Lake_Macquarie|Sydney_City_and_Inner_South|Sydney_Eastern_Suburbs|Sydney_Inner_South_West|Sydney_Inner_West|Sydney_North_Sydney_and_Hornsby|Sydney_Northern_Beaches|Sydney_Parramatta|Sydney_Ryde|Sydney_Sutherland
au,Central_Coast,GNN,456,20,300,0.80000000000000004,MVA_equivalent_PF1,446.94010000000003,0.21492893851430625,96.060361272477891,343.99178137851936,0.76965969573667559,False,104.56669132942815,69.838462960586341,120.21593749999995,59.806017367194173,-34.728228368841812,-60.40992013280578,False,False,3.0000000000000004e-07,False,False,11,Hunter_Valley_exc_Newcastle|Newcastle_and_Lake_Macquarie|Sydney_City_and_Inner_South|Sydney_Eastern_Suburbs|Sydney_Inner_South_West|Sydney_Inner_West|Sydney_North_Sydney_and_Hornsby|Sydney_Northern_Beaches|Sydney_Parramatta|Sydney_Ryde|Sydney_Sutherland
au,Central_Coast,GNN,456,20,500,0.80000000000000004,MVA_equivalent_PF1,446.94010000000003,0.21492893851430625,96.060361272477891,343.99178137851936,0.76965969573667559,False,123.90518238678648,86.906545752212907,96.00312500000004,42.772193670556618,-36.998636634573572,-53.230931329443422,False,False,5.0000000000000008e-07,False,False,11,Hunter_Valley_exc_Newcastle|Newcastle_and_Lake_Macquarie|Sydney_City_and_Inner_South|Sydney_Eastern_Suburbs|Sydney_Inner_South_West|Sydney_Inner_West|Sydney_North_Sydney_and_Hornsby|Sydney_Northern_Beaches|Sydney_Parramatta|Sydney_Ryde|Sydney_Sutherland
au,Central_Coast,GNN,456,20,100,0.90000000000000002,MVA_equivalent_PF1,446.94010000000003,0.27461631380204293,122.73704275231646,343.99178137851936,0.76965969573667559,False,76.155297043255715,62.170265753364824,0,0,-13.985031289890891,0,False,True,1.0000000000000001e-07,True,True,11,Hunter_Valley_exc_Newcastle|Newcastle_and_Lake_Macquarie|Sydney_City_and_Inner_South|Sydney_Eastern_Suburbs|Sydney_Inner_South_West|Sydney_Inner_West|Sydney_North_Sydney_and_Hornsby|Sydney_Northern_Beaches|Sydney_Parramatta|Sydney_Ryde|Sydney_Sutherland
au,Central_Coast,GNN,456,20,300,0.90000000000000002,MVA_equivalent_PF1,446.94010000000003,0.27461631380204293,122.73704275231646,343.99178137851936,0.76965969573667559,False,104.56669132942815,91.239373334194028,120.21593749999995,86.482698847032765,-13.327317995234125,-33.733238652967188,False,False,3.0000000000000004e-07,False,False,11,Hunter_Valley_exc_Newcastle|Newcastle_and_Lake_Macquarie|Sydney_City_and_Inner_South|Sydney_Eastern_Suburbs|Sydney_Inner_South_West|Sydney_Inner_West|Sydney_North_Sydney_and_Hornsby|Sydney_Northern_Beaches|Sydney_Parramatta|Sydney_Ryde|Sydney_Sutherland
au,Central_Coast,GNN,456,20,500,0.90000000000000002,MVA_equivalent_PF1,446.94010000000003,0.27461631380204293,122.73704275231646,343.99178137851936,0.76965969573667559,False,123.90518238678648,112.50927289196008,96.00312500000004,56.110534410475907,-11.395909494826398,-39.892590589524133,False,False,5.0000000000000008e-07,False,False,11,Hunter_Valley_exc_Newcastle|Newcastle_and_Lake_Macquarie|Sydney_City_and_Inner_South|Sydney_Eastern_Suburbs|Sydney_Inner_South_West|Sydney_Inner_West|Sydney_North_Sydney_and_Hornsby|Sydney_Northern_Beaches|Sydney_Parramatta|Sydney_Ryde|Sydney_Sutherland
au,Central_Coast,GNN,456,20,100,1,MVA_equivalent_PF1,446.94010000000003,0.55350404524109131,247.3831533304579,343.99178137851936,0.76965969573667559,False,76.155297043255715,142.32630640737315,0,52.559447744521549,66.171009364117438,52.559447744521549,True,True,1.0000000000000001e-07,True,False,11,Hunter_Valley_exc_Newcastle|Newcastle_and_Lake_Macquarie|Sydney_City_and_Inner_South|Sydney_Eastern_Suburbs|Sydney_Inner_South_West|Sydney_Inner_West|Sydney_North_Sydney_and_Hornsby|Sydney_Northern_Beaches|Sydney_Parramatta|Sydney_Ryde|Sydney_Sutherland
au,Central_Coast,GNN,456,20,300,1,MVA_equivalent_PF1,446.94010000000003,0.55350404524109131,247.3831533304579,343.99178137851936,0.76965969573667559,False,104.56669132942815,198.10656103706773,120.21593749999995,211.12880942517418,93.539869707639582,90.91287192517423,True,True,3.0000000000000004e-07,False,False,11,Hunter_Valley_exc_Newcastle|Newcastle_and_Lake_Macquarie|Sydney_City_and_Inner_South|Sydney_Eastern_Suburbs|Sydney_Inner_South_West|Sydney_Inner_West|Sydney_North_Sydney_and_Hornsby|Sydney_Northern_Beaches|Sydney_Parramatta|Sydney_Ryde|Sydney_Sutherland
au,Central_Coast,GNN,456,20,500,1,MVA_equivalent_PF1,446.94010000000003,0.55350404524109131,247.3831533304579,343.99178137851936,0.76965969573667559,False,123.90518238678648,235.80822155309528,96.00312500000004,148.74441548452447,111.9030391663088,52.741290484524427,True,True,5.0000000000000008e-07,False,False,11,Hunter_Valley_exc_Newcastle|Newcastle_and_Lake_Macquarie|Sydney_City_and_Inner_South|Sydney_Eastern_Suburbs|Sydney_Inner_South_West|Sydney_Inner_West|Sydney_North_Sydney_and_Hornsby|Sydney_Northern_Beaches|Sydney_Parramatta|Sydney_Ryde|Sydney_Sutherland
au,Hunter_Valley_exc_Newcastle,Uni,,10,100,0.5,MVA_equivalent_PF1,484.5138,0.20300331127285881,98.357905757395656,79.073270968426868,0.16320127717399766,True,3.8475979685159971,95.44000283330422,0,17.655161785773799,91.592404864788222,17.655161785773799,True,True,1.0000000000000001e-07,True,False,11,Central_Coast|Newcastle_and_Lake_Macquarie|Sydney_City_and_Inner_South|Sydney_Eastern_Suburbs|Sydney_Inner_South_West|Sydney_Inner_West|Sydney_North_Sydney_and_Hornsby|Sydney_Northern_Beaches|Sydney_Parramatta|Sydney_Ryde|Sydney_Sutherland
au,Hunter_Valley_exc_Newcastle,Uni,,10,300,0.5,MVA_equivalent_PF1,484.5138,0.20300331127285881,98.357905757395656,79.073270968426868,0.16320127717399766,True,5.0647118358940491,98.268634893527391,4.1278124999999761,140.9088712660772,93.203923057633347,136.78105876607722,True,True,3.0000000000000004e-07,False,False,11,Central_Coast|Newcastle_and_Lake_Macquarie|Sydney_City_and_Inner_South|Sydney_Eastern_Suburbs|Sydney_Inner_South_West|Sydney_Inner_West|Sydney_North_Sydney_and_Hornsby|Sydney_Northern_Beaches|Sydney_Parramatta|Sydney_Ryde|Sydney_Sutherland
au,Hunter_Valley_exc_Newcastle,Uni,,10,500,0.5,MVA_equivalent_PF1,484.5138,0.20300331127285881,98.357905757395656,79.073270968426868,0.16320127717399766,True,5.1539826997623273,98.35790575739567,4.1278124999999477,140.90887126607717,93.203923057633347,136.78105876607722,True,True,5.0000000000000008e-07,False,False,11,Central_Coast|Newcastle_and_Lake_Macquarie|Sydney_City_and_Inner_South|Sydney_Eastern_Suburbs|Sydney_Inner_South_West|Sydney_Inner_West|Sydney_North_Sydney_and_Hornsby|Sydney_Northern_Beaches|Sydney_Parramatta|Sydney_Ryde|Sydney_Sutherland
au,Hunter_Valley_exc_Newcastle,Uni,,10,100,0.80000000000000004,MVA_equivalent_PF1,484.5138,0.29362914917335647,142.2673748567498,79.073270968426868,0.16320127717399766,True,3.8475979685159971,139.09609492800712,0,48.04518798815856,135.24849695949112,48.04518798815856,True,True,1.0000000000000001e-07,True,False,11,Central_Coast|Newcastle_and_Lake_Macquarie|Sydney_City_and_Inner_South|Sydney_Eastern_Suburbs|Sydney_Inner_South_West|Sydney_Inner_West|Sydney_North_Sydney_and_Hornsby|Sydney_Northern_Beaches|Sydney_Parramatta|Sydney_Ryde|Sydney_Sutherland
au,Hunter_Valley_exc_Newcastle,Uni,,10,300,0.80000000000000004,MVA_equivalent_PF1,484.5138,0.29362914917335647,142.2673748567498,79.073270968426868,0.16320127717399766,True,5.0647118358940491,142.17810399288157,4.1278124999999761,200.71863156828726,137.11339215698752,196.59081906828729,True,True,3.0000000000000004e-07,False,False,11,Central_Coast|Newcastle_and_Lake_Macquarie|Sydney_City_and_Inner_South|Sydney_Eastern_Suburbs|Sydney_Inner_South_West|Sydney_Inner_West|Sydney_North_Sydney_and_Hornsby|Sydney_Northern_Beaches|Sydney_Parramatta|Sydney_Ryde|Sydney_Sutherland
au,Hunter_Valley_exc_Newcastle,Uni,,10,500,0.80000000000000004,MVA_equivalent_PF1,484.5138,0.29362914917335647,142.2673748567498,79.073270968426868,0.16320127717399766,True,5.1539826997623273,142.26737485674985,4.1278124999999477,228.72780946478542,137.11339215698752,224.59999696478548,True,True,5.0000000000000008e-07,False,False,11,Central_Coast|Newcastle_and_Lake_Macquarie|Sydney_City_and_Inner_South|Sydney_Eastern_Suburbs|Sydney_Inner_South_West|Sydney_Inner_West|Sydney_North_Sydney_and_Hornsby|Sydney_Northern_Beaches|Sydney_Parramatta|Sydney_Ryde|Sydney_Sutherland
au,Hunter_Valley_exc_Newcastle,Uni,,10,100,0.90000000000000002,MVA_equivalent_PF1,484.5138,0.32825135197067157,159.04230989844757,79.073270968426868,0.16320127717399766,True,3.8475979685159971,155.84286629830856,0,64.815837827064811,151.99526832979257,64.815837827064811,True,True,1.0000000000000001e-07,True,False,11,Central_Coast|Newcastle_and_Lake_Macquarie|Sydney_City_and_Inner_South|Sydney_Eastern_Suburbs|Sydney_Inner_South_West|Sydney_Inner_West|Sydney_North_Sydney_and_Hornsby|Sydney_Northern_Beaches|Sydney_Parramatta|Sydney_Ryde|Sydney_Sutherland
au,Hunter_Valley_exc_Newcastle,Uni,,10,300,0.90000000000000002,MVA_equivalent_PF1,484.5138,0.32825135197067157,159.04230989844757,79.073270968426868,0.16320127717399766,True,5.0647118358940491,158.95303903457926,4.1278124999999761,217.49356660998501,153.8883271986852,213.36575410998503,True,True,3.0000000000000004e-07,False,False,11,Central_Coast|Newcastle_and_Lake_Macquarie|Sydney_City_and_Inner_South|Sydney_Eastern_Suburbs|Sydney_Inner_South_West|Sydney_Inner_West|Sydney_North_Sydney_and_Hornsby|Sydney_Northern_Beaches|Sydney_Parramatta|Sydney_Ryde|Sydney_Sutherland
au,Hunter_Valley_exc_Newcastle,Uni,,10,500,0.90000000000000002,MVA_equivalent_PF1,484.5138,0.32825135197067157,159.04230989844757,79.073270968426868,0.16320127717399766,True,5.1539826997623273,159.04230989844757,4.1278124999999477,262.27767954818114,153.88832719868523,258.14986704818119,True,True,5.0000000000000008e-07,False,False,11,Central_Coast|Newcastle_and_Lake_Macquarie|Sydney_City_and_Inner_South|Sydney_Eastern_Suburbs|Sydney_Inner_South_West|Sydney_Inner_West|Sydney_North_Sydney_and_Hornsby|Sydney_Northern_Beaches|Sydney_Parramatta|Sydney_Ryde|Sydney_Sutherland
au,Hunter_Valley_exc_Newcastle,Uni,,10,100,1,MVA_equivalent_PF1,484.5138,0.44609524922203769,216.13930436251653,79.073270968426868,0.16320127717399766,True,3.8475979685159971,212.85421527068149,0,121.91283229113378,209.00661730216549,121.91283229113378,True,True,1.0000000000000001e-07,True,False,11,Central_Coast|Newcastle_and_Lake_Macquarie|Sydney_City_and_Inner_South|Sydney_Eastern_Suburbs|Sydney_Inner_South_West|Sydney_Inner_West|Sydney_North_Sydney_and_Hornsby|Sydney_Northern_Beaches|Sydney_Parramatta|Sydney_Ryde|Sydney_Sutherland
au,Hunter_Valley_exc_Newcastle,Uni,,10,300,1,MVA_equivalent_PF1,484.5138,0.44609524922203769,216.13930436251653,79.073270968426868,0.16320127717399766,True,5.0647118358940491,216.05003349864833,4.1278124999999761,274.59056107405394,210.98532166275427,270.46274857405399,True,True,3.0000000000000004e-07,False,False,11,Central_Coast|Newcastle_and_Lake_Macquarie|Sydney_City_and_Inner_South|Sydney_Eastern_Suburbs|Sydney_Inner_South_West|Sydney_Inner_West|Sydney_North_Sydney_and_Hornsby|Sydney_Northern_Beaches|Sydney_Parramatta|Sydney_Ryde|Sydney_Sutherland
au,Hunter_Valley_exc_Newcastle,Uni,,10,500,1,MVA_equivalent_PF1,484.5138,0.44609524922203769,216.13930436251653,79.073270968426868,0.16320127717399766,True,5.1539826997623273,216.13930436251661,4.1278124999999477,376.47166847631894,210.98532166275427,372.34385597631899,True,True,5.0000000000000008e-07,False,False,11,Central_Coast|Newcastle_and_Lake_Macquarie|Sydney_City_and_Inner_South|Sydney_Eastern_Suburbs|Sydney_Inner_South_West|Sydney_Inner_West|Sydney_North_Sydney_and_Hornsby|Sydney_Northern_Beaches|Sydney_Parramatta|Sydney_Ryde|Sydney_Sutherland
au,Hunter_Valley_exc_Newcastle,Uni,,20,100,0.5,MVA_equivalent_PF1,484.5138,0.00039816576206647673,0.19291680640872449,122.57275761082278,0.2529809421544294,False,7.1872353404137215,0.16147136696410747,0,0,-7.0257639734496138,0,False,True,1.0000000000000001e-07,True,True,11,Central_Coast|Newcastle_and_Lake_Macquarie|Sydney_City_and_Inner_South|Sydney_Eastern_Suburbs|Sydney_Inner_South_West|Sydney_Inner_West|Sydney_North_Sydney_and_Hornsby|Sydney_Northern_Beaches|Sydney_Parramatta|Sydney_Ryde|Sydney_Sutherland
au,Hunter_Valley_exc_Newcastle,Uni,,20,300,0.5,MVA_equivalent_PF1,484.5138,0.00039816576206647673,0.19291680640872449,122.57275761082278,0.2529809421544294,False,10.401350512164193,0.18375325810431814,6.8388281249999894,0,-10.217597254059875,-6.8388281249999894,False,False,3.0000000000000004e-07,False,True,11,Central_Coast|Newcastle_and_Lake_Macquarie|Sydney_City_and_Inner_South|Sydney_Eastern_Suburbs|Sydney_Inner_South_West|Sydney_Inner_West|Sydney_North_Sydney_and_Hornsby|Sydney_Northern_Beaches|Sydney_Parramatta|Sydney_Ryde|Sydney_Sutherland
au,Hunter_Valley_exc_Newcastle,Uni,,20,500,0.5,MVA_equivalent_PF1,484.5138,0.00039816576206647673,0.19291680640872449,122.57275761082278,0.2529809421544294,False,12.645736644597363,0.1926274311991355,2.8732812500000477,0,-12.453109213398228,-2.8732812500000477,False,False,5.0000000000000008e-07,False,True,11,Central_Coast|Newcastle_and_Lake_Macquarie|Sydney_City_and_Inner_South|Sydney_Eastern_Suburbs|Sydney_Inner_South_West|Sydney_Inner_West|Sydney_North_Sydney_and_Hornsby|Sydney_Northern_Beaches|Sydney_Parramatta|Sydney_Ryde|Sydney_Sutherland
au,Hunter_Valley_exc_Newcastle,Uni,,20,100,0.80000000000000004,MVA_equivalent_PF1,484.5138,0.14799359127347611,71.704937283558749,122.57275761082278,0.2529809421544294,False,7.1872353404137215,63.105305898059406,0,0,55.918070557645684,0,True,True,1.0000000000000001e-07,True,True,11,Central_Coast|Newcastle_and_Lake_Macquarie|Sydney_City_and_Inner_South|Sydney_Eastern_Suburbs|Sydney_Inner_South_West|Sydney_Inner_West|Sydney_North_Sydney_and_Hornsby|Sydney_Northern_Beaches|Sydney_Parramatta|Sydney_Ryde|Sydney_Sutherland
au,Hunter_Valley_exc_Newcastle,Uni,,20,300,0.80000000000000004,MVA_equivalent_PF1,484.5138,0.14799359127347611,71.704937283558749,122.57275761082278,0.2529809421544294,False,10.401350512164193,69.316073739844427,6.8388281249999894,11.884863092320435,58.914723227680234,5.0460349673204457,True,True,3.0000000000000004e-07,False,False,11,Central_Coast|Newcastle_and_Lake_Macquarie|Sydney_City_and_Inner_South|Sydney_Eastern_Suburbs|Sydney_Inner_South_West|Sydney_Inner_West|Sydney_North_Sydney_and_Hornsby|Sydney_Northern_Beaches|Sydney_Parramatta|Sydney_Ryde|Sydney_Sutherland
au,Hunter_Valley_exc_Newcastle,Uni,,20,500,0.80000000000000004,MVA_equivalent_PF1,484.5138,0.14799359127347611,71.704937283558749,122.57275761082278,0.2529809421544294,False,12.645736644597363,71.648891654536527,2.8732812500000477,96.870230860237569,59.003155009939164,93.996949610237522,True,True,5.0000000000000008e-07,False,False,11,Central_Coast|Newcastle_and_Lake_Macquarie|Sydney_City_and_Inner_South|Sydney_Eastern_Suburbs|Sydney_Inner_South_West|Sydney_Inner_West|Sydney_North_Sydney_and_Hornsby|Sydney_Northern_Beaches|Sydney_Parramatta|Sydney_Ryde|Sydney_Sutherland
au,Hunter_Valley_exc_Newcastle,Uni,,20,100,0.90000000000000002,MVA_equivalent_PF1,484.5138,0.20166758968246928,97.710730213893981,122.57275761082278,0.2529809421544294,False,7.1872353404137215,86.849316744660584,0,0.62372368098738351,79.662081404246862,0.62372368098738351,True,True,1.0000000000000001e-07,True,False,11,Central_Coast|Newcastle_and_Lake_Macquarie|Sydney_City_and_Inner_South|Sydney_Eastern_Suburbs|Sydney_Inner_South_West|Sydney_Inner_West|Sydney_North_Sydney_and_Hornsby|Sydney_Northern_Beaches|Sydney_Parramatta|Sydney_Ryde|Sydney_Sutherland
au,Hunter_Valley_exc_Newcastle,Uni,,20,300,0.90000000000000002,MVA_equivalent_PF1,484.5138,0.20166758968246928,97.710730213893981,122.57275761082278,0.2529809421544294,False,10.401350512164193,94.794451369028806,6.8388281249999894,25.554874868234769,84.393100856864606,18.716046743234781,True,True,3.0000000000000004e-07,False,False,11,Central_Coast|Newcastle_and_Lake_Macquarie|Sydney_City_and_Inner_South|Sydney_Eastern_Suburbs|Sydney_Inner_South_West|Sydney_Inner_West|Sydney_North_Sydney_and_Hornsby|Sydney_Northern_Beaches|Sydney_Parramatta|Sydney_Ryde|Sydney_Sutherland
au,Hunter_Valley_exc_Newcastle,Uni,,20,500,0.90000000000000002,MVA_equivalent_PF1,484.5138,0.20166758968246928,97.710730213893981,122.57275761082278,0.2529809421544294,False,12.645736644597363,97.654684584871745,2.8732812500000477,144.48658364134332,85.008947940274382,141.61330239134327,True,True,5.0000000000000008e-07,False,False,11,Central_Coast|Newcastle_and_Lake_Macquarie|Sydney_City_and_Inner_South|Sydney_Eastern_Suburbs|Sydney_Inner_South_West|Sydney_Inner_West|Sydney_North_Sydney_and_Hornsby|Sydney_Northern_Beaches|Sydney_Parramatta|Sydney_Ryde|Sydney_Sutherland
au,Hunter_Valley_exc_Newcastle,Uni,,20,100,1,MVA_equivalent_PF1,484.5138,0.56636303530589271,274.41070641559224,122.57275761082278,0.2529809421544294,True,7.1872353404137215,254.75185890040314,0,152.95670379811219,247.5646235599894,152.95670379811219,True,True,1.0000000000000001e-07,True,False,11,Central_Coast|Newcastle_and_Lake_Macquarie|Sydney_City_and_Inner_South|Sydney_Eastern_Suburbs|Sydney_Inner_South_West|Sydney_Inner_West|Sydney_North_Sydney_and_Hornsby|Sydney_Northern_Beaches|Sydney_Parramatta|Sydney_Ryde|Sydney_Sutherland
au,Hunter_Valley_exc_Newcastle,Uni,,20,300,1,MVA_equivalent_PF1,484.5138,0.56636303530589271,274.41070641559224,122.57275761082278,0.2529809421544294,True,10.401350512164193,270.94643637288686,6.8388281249999894,196.80248120760967,260.54508586072268,189.96365308260968,True,True,3.0000000000000004e-07,False,False,11,Central_Coast|Newcastle_and_Lake_Macquarie|Sydney_City_and_Inner_South|Sydney_Eastern_Suburbs|Sydney_Inner_South_West|Sydney_Inner_West|Sydney_North_Sydney_and_Hornsby|Sydney_Northern_Beaches|Sydney_Parramatta|Sydney_Ryde|Sydney_Sutherland
au,Hunter_Valley_exc_Newcastle,Uni,,20,500,1,MVA_equivalent_PF1,484.5138,0.56636303530589271,274.41070641559224,122.57275761082278,0.2529809421544294,True,12.645736644597363,274.35466078657004,2.8732812500000477,326.19624767246933,261.70892414197266,323.32296642246928,True,True,5.0000000000000008e-07,False,False,11,Central_Coast|Newcastle_and_Lake_Macquarie|Sydney_City_and_Inner_South|Sydney_Eastern_Suburbs|Sydney_Inner_South_West|Sydney_Inner_West|Sydney_North_Sydney_and_Hornsby|Sydney_Northern_Beaches|Sydney_Parramatta|Sydney_Ryde|Sydney_Sutherland
au,Hunter_Valley_exc_Newcastle,LU,,10,100,0.5,MVA_equivalent_PF1,484.5138,0.21126955436754324,102.36301461092498,86.7484930828643,0.17904235768488802,True,3.7450604372185299,99.497891916107676,0,18.5326851029266,95.752831478889149,18.5326851029266,True,True,1.0000000000000001e-07,True,False,11,Central_Coast|Newcastle_and_Lake_Macquarie|Sydney_City_and_Inner_South|Sydney_Eastern_Suburbs|Sydney_Inner_South_West|Sydney_Inner_West|Sydney_North_Sydney_and_Hornsby|Sydney_Northern_Beaches|Sydney_Parramatta|Sydney_Ryde|Sydney_Sutherland
au,Hunter_Valley_exc_Newcastle,LU,,10,300,0.5,MVA_equivalent_PF1,484.5138,0.21126955436754324,102.36301461092498,86.7484930828643,0.17904235768488802,True,4.8842524675819776,102.27317289953888,4.366328124999967,145.07252167537249,97.388920431956905,140.70619355037252,True,True,3.0000000000000004e-07,False,False,11,Central_Coast|Newcastle_and_Lake_Macquarie|Sydney_City_and_Inner_South|Sydney_Eastern_Suburbs|Sydney_Inner_South_West|Sydney_Inner_West|Sydney_North_Sydney_and_Hornsby|Sydney_Northern_Beaches|Sydney_Parramatta|Sydney_Ryde|Sydney_Sutherland
au,Hunter_Valley_exc_Newcastle,LU,,10,500,0.5,MVA_equivalent_PF1,484.5138,0.21126955436754324,102.36301461092498,86.7484930828643,0.17904235768488802,True,4.9740941789680777,102.36301461092499,4.3663281249999955,145.07252167537254,97.388920431956919,140.70619355037255,True,True,5.0000000000000008e-07,False,False,11,Central_Coast|Newcastle_and_Lake_Macquarie|Sydney_City_and_Inner_South|Sydney_Eastern_Suburbs|Sydney_Inner_South_West|Sydney_Inner_West|Sydney_North_Sydney_and_Hornsby|Sydney_Northern_Beaches|Sydney_Parramatta|Sydney_Ryde|Sydney_Sutherland
au,Hunter_Valley_exc_Newcastle,LU,,10,100,0.80000000000000004,MVA_equivalent_PF1,484.5138,0.27652582273620779,133.98057717204642,86.7484930828643,0.17904235768488802,True,3.7450604372185299,130.9260266481144,0,38.748735819586329,127.18096621089587,38.748735819586329,True,True,1.0000000000000001e-07,True,False,11,Central_Coast|Newcastle_and_Lake_Macquarie|Sydney_City_and_Inner_South|Sydney_Eastern_Suburbs|Sydney_Inner_South_West|Sydney_Inner_West|Sydney_North_Sydney_and_Hornsby|Sydney_Northern_Beaches|Sydney_Parramatta|Sydney_Ryde|Sydney_Sutherland
au,Hunter_Valley_exc_Newcastle,LU,,10,300,0.80000000000000004,MVA_equivalent_PF1,484.5138,0.27652582273620779,133.98057717204642,86.7484930828643,0.17904235768488802,True,4.8842524675819776,133.89073546066032,4.366328124999967,192.70571383163607,129.00648299307835,188.33938570663611,True,True,3.0000000000000004e-07,False,False,11,Central_Coast|Newcastle_and_Lake_Macquarie|Sydney_City_and_Inner_South|Sydney_Eastern_Suburbs|Sydney_Inner_South_West|Sydney_Inner_West|Sydney_North_Sydney_and_Hornsby|Sydney_Northern_Beaches|Sydney_Parramatta|Sydney_Ryde|Sydney_Sutherland
au,Hunter_Valley_exc_Newcastle,LU,,10,500,0.80000000000000004,MVA_equivalent_PF1,484.5138,0.27652582273620779,133.98057717204642,86.7484930828643,0.17904235768488802,True,4.9740941789680777,133.98057717204645,4.3663281249999955,208.3076467976154,129.00648299307838,203.94131867261541,True,True,5.0000000000000008e-07,False,False,11,Central_Coast|Newcastle_and_Lake_Macquarie|Sydney_City_and_Inner_South|Sydney_Eastern_Suburbs|Sydney_Inner_South_West|Sydney_Inner_West|Sydney_North_Sydney_and_Hornsby|Sydney_Northern_Beaches|Sydney_Parramatta|Sydney_Ryde|Sydney_Sutherland
au,Hunter_Valley_exc_Newcastle,LU,,10,100,0.90000000000000002,MVA_equivalent_PF1,484.5138,0.29934727037426312,145.03788348866163,86.7484930828643,0.17904235768488802,True,3.7450604372185299,141.9539684996669,0,49.081056893249055,138.20890806244836,49.081056893249055,True,True,1.0000000000000001e-07,True,False,11,Central_Coast|Newcastle_and_Lake_Macquarie|Sydney_City_and_Inner_South|Sydney_Eastern_Suburbs|Sydney_Inner_South_West|Sydney_Inner_West|Sydney_North_Sydney_and_Hornsby|Sydney_Northern_Beaches|Sydney_Parramatta|Sydney_Ryde|Sydney_Sutherland
au,Hunter_Valley_exc_Newcastle,LU,,10,300,0.90000000000000002,MVA_equivalent_PF1,484.5138,0.29934727037426312,145.03788348866163,86.7484930828643,0.17904235768488802,True,4.8842524675819776,144.94804177727556,4.366328124999967,203.76302014825126,140.06378930969359,199.39669202325129,True,True,3.0000000000000004e-07,False,False,11,Central_Coast|Newcastle_and_Lake_Macquarie|Sydney_City_and_Inner_South|Sydney_Eastern_Suburbs|Sydney_Inner_South_West|Sydney_Inner_West|Sydney_North_Sydney_and_Hornsby|Sydney_Northern_Beaches|Sydney_Parramatta|Sydney_Ryde|Sydney_Sutherland
au,Hunter_Valley_exc_Newcastle,LU,,10,500,0.90000000000000002,MVA_equivalent_PF1,484.5138,0.29934727037426312,145.03788348866163,86.7484930828643,0.17904235768488802,True,4.9740941789680777,145.03788348866169,4.3663281249999955,230.42225943084586,140.06378930969362,226.05593130584586,True,True,5.0000000000000008e-07,False,False,11,Central_Coast|Newcastle_and_Lake_Macquarie|Sydney_City_and_Inner_South|Sydney_Eastern_Suburbs|Sydney_Inner_South_West|Sydney_Inner_West|Sydney_North_Sydney_and_Hornsby|Sydney_Northern_Beaches|Sydney_Parramatta|Sydney_Ryde|Sydney_Sutherland
au,Hunter_Valley_exc_Newcastle,LU,,10,100,1,MVA_equivalent_PF1,484.5138,0.49347582631342024,239.09584781525524,86.7484930828643,0.17904235768488802,True,3.7450604372185299,235.8640617962302,0,143.0016902205171,232.11900135901166,143.0016902205171,True,True,1.0000000000000001e-07,True,False,11,Central_Coast|Newcastle_and_Lake_Macquarie|Sydney_City_and_Inner_South|Sydney_Eastern_Suburbs|Sydney_Inner_South_West|Sydney_Inner_West|Sydney_North_Sydney_and_Hornsby|Sydney_Northern_Beaches|Sydney_Parramatta|Sydney_Ryde|Sydney_Sutherland
au,Hunter_Valley_exc_Newcastle,LU,,10,300,1,MVA_equivalent_PF1,484.5138,0.49347582631342024,239.09584781525524,86.7484930828643,0.17904235768488802,True,4.8842524675819776,239.00600610386911,4.366328124999967,297.82098447484481,234.12175363628714,293.45465634984487,True,True,3.0000000000000004e-07,False,False,11,Central_Coast|Newcastle_and_Lake_Macquarie|Sydney_City_and_Inner_South|Sydney_Eastern_Suburbs|Sydney_Inner_South_West|Sydney_Inner_West|Sydney_North_Sydney_and_Hornsby|Sydney_Northern_Beaches|Sydney_Parramatta|Sydney_Ryde|Sydney_Sutherland
au,Hunter_Valley_exc_Newcastle,LU,,10,500,1,MVA_equivalent_PF1,484.5138,0.49347582631342024,239.09584781525524,86.7484930828643,0.17904235768488802,True,4.9740941789680777,239.09584781525524,4.3663281249999955,418.53818808403304,234.12175363628717,414.17185995903304,True,True,5.0000000000000008e-07,False,False,11,Central_Coast|Newcastle_and_Lake_Macquarie|Sydney_City_and_Inner_South|Sydney_Eastern_Suburbs|Sydney_Inner_South_West|Sydney_Inner_West|Sydney_North_Sydney_and_Hornsby|Sydney_Northern_Beaches|Sydney_Parramatta|Sydney_Ryde|Sydney_Sutherland
au,Hunter_Valley_exc_Newcastle,LU,,20,100,0.5,MVA_equivalent_PF1,484.5138,0.00040553903616190621,0.19648925945914258,132.32939353246448,0.27311790403589015,False,7.2913333262787354,0.16495273331595187,0,0,-7.1263805929627839,0,False,True,1.0000000000000001e-07,True,True,11,Central_Coast|Newcastle_and_Lake_Macquarie|Sydney_City_and_Inner_South|Sydney_Eastern_Suburbs|Sydney_Inner_South_West|Sydney_Inner_West|Sydney_North_Sydney_and_Hornsby|Sydney_Northern_Beaches|Sydney_Parramatta|Sydney_Ryde|Sydney_Sutherland
au,Hunter_Valley_exc_Newcastle,LU,,20,300,0.5,MVA_equivalent_PF1,484.5138,0.00040553903616190621,0.19648925945914258,132.32939353246448,0.27311790403589015,False,10.317924900395008,0.18871315060982805,17.53273437499999,0.0083461529037805356,-10.129211749785179,-17.52438822209621,False,False,3.0000000000000004e-07,False,False,11,Central_Coast|Newcastle_and_Lake_Macquarie|Sydney_City_and_Inner_South|Sydney_Eastern_Suburbs|Sydney_Inner_South_West|Sydney_Inner_West|Sydney_North_Sydney_and_Hornsby|Sydney_Northern_Beaches|Sydney_Parramatta|Sydney_Ryde|Sydney_Sutherland
au,Hunter_Valley_exc_Newcastle,LU,,20,500,0.5,MVA_equivalent_PF1,484.5138,0.00040553903616190621,0.19648925945914258,132.32939353246448,0.27311790403589015,False,12.309906792190727,0.19629277019971084,2.1339062500000239,0.015895595792824225,-12.113614021991015,-2.1180106542071995,False,False,5.0000000000000008e-07,False,False,11,Central_Coast|Newcastle_and_Lake_Macquarie|Sydney_City_and_Inner_South|Sydney_Eastern_Suburbs|Sydney_Inner_South_West|Sydney_Inner_West|Sydney_North_Sydney_and_Hornsby|Sydney_Northern_Beaches|Sydney_Parramatta|Sydney_Ryde|Sydney_Sutherland
au,Hunter_Valley_exc_Newcastle,LU,,20,100,0.80000000000000004,MVA_equivalent_PF1,484.5138,0.15490649620034791,75.054335118716125,132.32939353246448,0.27311790403589015,False,7.2913333262787354,66.373628927843527,0,0,59.082295601564795,0,True,True,1.0000000000000001e-07,True,True,11,Central_Coast|Newcastle_and_Lake_Macquarie|Sydney_City_and_Inner_South|Sydney_Eastern_Suburbs|Sydney_Inner_South_West|Sydney_Inner_West|Sydney_North_Sydney_and_Hornsby|Sydney_Northern_Beaches|Sydney_Parramatta|Sydney_Ryde|Sydney_Sutherland
au,Hunter_Valley_exc_Newcastle,LU,,20,300,0.80000000000000004,MVA_equivalent_PF1,484.5138,0.15490649620034791,75.054335118716125,132.32939353246448,0.27311790403589015,False,10.317924900395008,72.714438525435398,17.53273437499999,19.011651036173539,62.396513625040392,1.4789166611735496,True,True,3.0000000000000004e-07,False,False,11,Central_Coast|Newcastle_and_Lake_Macquarie|Sydney_City_and_Inner_South|Sydney_Eastern_Suburbs|Sydney_Inner_South_West|Sydney_Inner_West|Sydney_North_Sydney_and_Hornsby|Sydney_Northern_Beaches|Sydney_Parramatta|Sydney_Ryde|Sydney_Sutherland
au,Hunter_Valley_exc_Newcastle,LU,,20,500,0.80000000000000004,MVA_equivalent_PF1,484.5138,0.15490649620034791,75.054335118716125,132.32939353246448,0.27311790403589015,False,12.309906792190727,75.004115962639219,2.1339062500000239,105.26066131735502,62.694209170448488,103.12675506735499,True,True,5.0000000000000008e-07,False,False,11,Central_Coast|Newcastle_and_Lake_Macquarie|Sydney_City_and_Inner_South|Sydney_Eastern_Suburbs|Sydney_Inner_South_West|Sydney_Inner_West|Sydney_North_Sydney_and_Hornsby|Sydney_Northern_Beaches|Sydney_Parramatta|Sydney_Ryde|Sydney_Sutherland
au,Hunter_Valley_exc_Newcastle,LU,,20,100,0.90000000000000002,MVA_equivalent_PF1,484.5138,0.19620928093451631,95.066104300850043,132.32939353246448,0.27311790403589015,False,7.2913333262787354,84.62576894149835,0,0,77.334435615219618,0,True,True,1.0000000000000001e-07,True,True,11,Central_Coast|Newcastle_and_Lake_Macquarie|Sydney_City_and_Inner_South|Sydney_Eastern_Suburbs|Sydney_Inner_South_West|Sydney_Inner_West|Sydney_North_Sydney_and_Hornsby|Sydney_Northern_Beaches|Sydney_Parramatta|Sydney_Ryde|Sydney_Sutherland
au,Hunter_Valley_exc_Newcastle,LU,,20,300,0.90000000000000002,MVA_equivalent_PF1,484.5138,0.19620928093451631,95.066104300850043,132.32939353246448,0.27311790403589015,False,10.317924900395008,92.359476233357853,17.53273437499999,30.93470552393385,82.04155133296284,13.40197114893386,True,True,3.0000000000000004e-07,False,False,11,Central_Coast|Newcastle_and_Lake_Macquarie|Sydney_City_and_Inner_South|Sydney_Eastern_Suburbs|Sydney_Inner_South_West|Sydney_Inner_West|Sydney_North_Sydney_and_Hornsby|Sydney_Northern_Beaches|Sydney_Parramatta|Sydney_Ryde|Sydney_Sutherland
au,Hunter_Valley_exc_Newcastle,LU,,20,500,0.90000000000000002,MVA_equivalent_PF1,484.5138,0.19620928093451631,95.066104300850043,132.32939353246448,0.27311790403589015,False,12.309906792190727,95.015885144773108,2.1339062500000239,142.82730812296433,82.705978352582378,140.6934018729643,True,True,5.0000000000000008e-07,False,False,11,Central_Coast|Newcastle_and_Lake_Macquarie|Sydney_City_and_Inner_South|Sydney_Eastern_Suburbs|Sydney_Inner_South_West|Sydney_Inner_West|Sydney_North_Sydney_and_Hornsby|Sydney_Northern_Beaches|Sydney_Parramatta|Sydney_Ryde|Sydney_Sutherland
au,Hunter_Valley_exc_Newcastle,LU,,20,100,1,MVA_equivalent_PF1,484.5138,0.49327160243123641,238.9968985260476,132.32939353246448,0.27311790403589015,True,7.2913333262787354,220.73322146750402,0,113.48210959937342,213.44188814122529,113.48210959937342,True,True,1.0000000000000001e-07,True,False,11,Central_Coast|Newcastle_and_Lake_Macquarie|Sydney_City_and_Inner_South|Sydney_Eastern_Suburbs|Sydney_Inner_South_West|Sydney_Inner_West|Sydney_North_Sydney_and_Hornsby|Sydney_Northern_Beaches|Sydney_Parramatta|Sydney_Ryde|Sydney_Sutherland
au,Hunter_Valley_exc_Newcastle,LU,,20,300,1,MVA_equivalent_PF1,484.5138,0.49327160243123641,238.9968985260476,132.32939353246448,0.27311790403589015,True,10.317924900395008,235.80457695239653,17.53273437499999,169.91611250719774,225.48665205200152,152.38337813219775,True,True,3.0000000000000004e-07,False,False,11,Central_Coast|Newcastle_and_Lake_Macquarie|Sydney_City_and_Inner_South|Sydney_Eastern_Suburbs|Sydney_Inner_South_West|Sydney_Inner_West|Sydney_North_Sydney_and_Hornsby|Sydney_Northern_Beaches|Sydney_Parramatta|Sydney_Ryde|Sydney_Sutherland
au,Hunter_Valley_exc_Newcastle,LU,,20,500,1,MVA_equivalent_PF1,484.5138,0.49327160243123641,238.9968985260476,132.32939353246448,0.27311790403589015,True,12.309906792190727,238.94667936997064,2.1339062500000239,297.48200136433519,226.63677257777991,295.34809511433514,True,True,5.0000000000000008e-07,False,False,11,Central_Coast|Newcastle_and_Lake_Macquarie|Sydney_City_and_Inner_South|Sydney_Eastern_Suburbs|Sydney_Inner_South_West|Sydney_Inner_West|Sydney_North_Sydney_and_Hornsby|Sydney_Northern_Beaches|Sydney_Parramatta|Sydney_Ryde|Sydney_Sutherland
au,Hunter_Valley_exc_Newcastle,GNN,42,10,100,0.5,MVA_equivalent_PF1,484.5138,0.23482502810933484,113.77596670436064,79.007299562359037,0.1630651171594267,True,3.6400634380865573,110.94353378503725,0,23.497429139192874,107.30347034695069,23.497429139192874,True,True,1.0000000000000001e-07,True,False,11,Central_Coast|Newcastle_and_Lake_Macquarie|Sydney_City_and_Inner_South|Sydney_Eastern_Suburbs|Sydney_Inner_South_West|Sydney_Inner_West|Sydney_North_Sydney_and_Hornsby|Sydney_Northern_Beaches|Sydney_Parramatta|Sydney_Ryde|Sydney_Sutherland
au,Hunter_Valley_exc_Newcastle,GNN,42,10,300,0.5,MVA_equivalent_PF1,484.5138,0.23482502810933484,113.77596670436064,79.007299562359037,0.1630651171594267,True,4.754064425134584,113.67530949253481,1.2929687499999716,164.26629874018263,108.92124506740022,162.97332999018266,True,True,3.0000000000000004e-07,False,False,11,Central_Coast|Newcastle_and_Lake_Macquarie|Sydney_City_and_Inner_South|Sydney_Eastern_Suburbs|Sydney_Inner_South_West|Sydney_Inner_West|Sydney_North_Sydney_and_Hornsby|Sydney_Northern_Beaches|Sydney_Parramatta|Sydney_Ryde|Sydney_Sutherland
au,Hunter_Valley_exc_Newcastle,GNN,42,10,500,0.5,MVA_equivalent_PF1,484.5138,0.23482502810933484,113.77596670436064,79.007299562359037,0.1630651171594267,True,4.854721636960396,113.77596670436064,1.29296875,168.11792998724871,108.92124506740025,166.82496123724871,True,True,5.0000000000000008e-07,False,False,11,Central_Coast|Newcastle_and_Lake_Macquarie|Sydney_City_and_Inner_South|Sydney_Eastern_Suburbs|Sydney_Inner_South_West|Sydney_Inner_West|Sydney_North_Sydney_and_Hornsby|Sydney_Northern_Beaches|Sydney_Parramatta|Sydney_Ryde|Sydney_Sutherland
au,Hunter_Valley_exc_Newcastle,GNN,42,10,100,0.80000000000000004,MVA_equivalent_PF1,484.5138,0.45237314614858387,219.18103205840575,79.007299562359037,0.1630651171594267,True,3.6400634380865573,216.11896120048812,0,123.17820883070263,212.47889776240154,123.17820883070263,True,True,1.0000000000000001e-07,True,False,11,Central_Coast|Newcastle_and_Lake_Macquarie|Sydney_City_and_Inner_South|Sydney_Eastern_Suburbs|Sydney_Inner_South_West|Sydney_Inner_West|Sydney_North_Sydney_and_Hornsby|Sydney_Northern_Beaches|Sydney_Parramatta|Sydney_Ryde|Sydney_Sutherland
au,Hunter_Valley_exc_Newcastle,GNN,42,10,300,0.80000000000000004,MVA_equivalent_PF1,484.5138,0.45237314614858387,219.18103205840575,79.007299562359037,0.1630651171594267,True,4.754064425134584,219.08037484658001,1.2929687499999716,276.99494158365877,214.32631042144544,275.70197283365883,True,True,3.0000000000000004e-07,False,False,11,Central_Coast|Newcastle_and_Lake_Macquarie|Sydney_City_and_Inner_South|Sydney_Eastern_Suburbs|Sydney_Inner_South_West|Sydney_Inner_West|Sydney_North_Sydney_and_Hornsby|Sydney_Northern_Beaches|Sydney_Parramatta|Sydney_Ryde|Sydney_Sutherland
au,Hunter_Valley_exc_Newcastle,GNN,42,10,500,0.80000000000000004,MVA_equivalent_PF1,484.5138,0.45237314614858387,219.18103205840575,79.007299562359037,0.1630651171594267,True,4.854721636960396,219.1810320584058,1.29296875,378.92806069533873,214.32631042144541,377.63509194533873,True,True,5.0000000000000008e-07,False,False,11,Central_Coast|Newcastle_and_Lake_Macquarie|Sydney_City_and_Inner_South|Sydney_Eastern_Suburbs|Sydney_Inner_South_West|Sydney_Inner_West|Sydney_North_Sydney_and_Hornsby|Sydney_Northern_Beaches|Sydney_Parramatta|Sydney_Ryde|Sydney_Sutherland
au,Hunter_Valley_exc_Newcastle,GNN,42,10,100,0.90000000000000002,MVA_equivalent_PF1,484.5138,0.53510168569732042,259.26415112361434,79.007299562359037,0.1630651171594267,True,3.6400634380865573,256.14195558709878,0,163.26132789591119,252.50189214901221,163.26132789591119,True,True,1.0000000000000001e-07,True,False,11,Central_Coast|Newcastle_and_Lake_Macquarie|Sydney_City_and_Inner_South|Sydney_Eastern_Suburbs|Sydney_Inner_South_West|Sydney_Inner_West|Sydney_North_Sydney_and_Hornsby|Sydney_Northern_Beaches|Sydney_Parramatta|Sydney_Ryde|Sydney_Sutherland
au,Hunter_Valley_exc_Newcastle,GNN,42,10,300,0.90000000000000002,MVA_equivalent_PF1,484.5138,0.53510168569732042,259.26415112361434,79.007299562359037,0.1630651171594267,True,4.754064425134584,259.16349391178852,1.2929687499999716,317.07806064886728,254.40942948665395,315.78509189886734,True,True,3.0000000000000004e-07,False,False,11,Central_Coast|Newcastle_and_Lake_Macquarie|Sydney_City_and_Inner_South|Sydney_Eastern_Suburbs|Sydney_Inner_South_West|Sydney_Inner_West|Sydney_North_Sydney_and_Hornsby|Sydney_Northern_Beaches|Sydney_Parramatta|Sydney_Ryde|Sydney_Sutherland
au,Hunter_Valley_exc_Newcastle,GNN,42,10,500,0.90000000000000002,MVA_equivalent_PF1,484.5138,0.53510168569732042,259.26415112361434,79.007299562359037,0.1630651171594267,True,4.854721636960396,259.26415112361434,1.29296875,459.09429882575614,254.40942948665395,457.80133007575614,True,True,5.0000000000000008e-07,False,False,11,Central_Coast|Newcastle_and_Lake_Macquarie|Sydney_City_and_Inner_South|Sydney_Eastern_Suburbs|Sydney_Inner_South_West|Sydney_Inner_West|Sydney_North_Sydney_and_Hornsby|Sydney_Northern_Beaches|Sydney_Parramatta|Sydney_Ryde|Sydney_Sutherland
au,Hunter_Valley_exc_Newcastle,GNN,42,10,100,1,MVA_equivalent_PF1,484.5138,0.58475619670486811,283.32244693902311,79.007299562359037,0.1630651171594267,True,3.6400634380865573,280.18849041736718,0,187.31962371131993,276.54842697928063,187.31962371131993,True,True,1.0000000000000001e-07,True,False,11,Central_Coast|Newcastle_and_Lake_Macquarie|Sydney_City_and_Inner_South|Sydney_Eastern_Suburbs|Sydney_Inner_South_West|Sydney_Inner_West|Sydney_North_Sydney_and_Hornsby|Sydney_Northern_Beaches|Sydney_Parramatta|Sydney_Ryde|Sydney_Sutherland
au,Hunter_Valley_exc_Newcastle,GNN,42,10,300,1,MVA_equivalent_PF1,484.5138,0.58475619670486811,283.32244693902311,79.007299562359037,0.1630651171594267,True,4.754064425134584,283.22178972719723,1.2929687499999716,341.1363564642761,278.46772530206266,339.8433877142761,True,True,3.0000000000000004e-07,False,False,11,Central_Coast|Newcastle_and_Lake_Macquarie|Sydney_City_and_Inner_South|Sydney_Eastern_Suburbs|Sydney_Inner_South_West|Sydney_Inner_West|Sydney_North_Sydney_and_Hornsby|Sydney_Northern_Beaches|Sydney_Parramatta|Sydney_Ryde|Sydney_Sutherland
au,Hunter_Valley_exc_Newcastle,GNN,42,10,500,1,MVA_equivalent_PF1,484.5138,0.58475619670486811,283.32244693902311,79.007299562359037,0.1630651171594267,True,4.854721636960396,283.32244693902311,1.29296875,507.21089045657374,278.46772530206272,505.91792170657374,True,True,5.0000000000000008e-07,False,False,11,Central_Coast|Newcastle_and_Lake_Macquarie|Sydney_City_and_Inner_South|Sydney_Eastern_Suburbs|Sydney_Inner_South_West|Sydney_Inner_West|Sydney_North_Sydney_and_Hornsby|Sydney_Northern_Beaches|Sydney_Parramatta|Sydney_Ryde|Sydney_Sutherland
au,Hunter_Valley_exc_Newcastle,GNN,42,20,100,0.5,MVA_equivalent_PF1,484.5138,0.0008433870642696055,0.40863267138011078,110.39968662121083,0.22785664024680172,False,7.1383357536839913,0.34641500737293873,0,0,-6.7919207463110522,0,False,True,1.0000000000000001e-07,True,True,11,Central_Coast|Newcastle_and_Lake_Macquarie|Sydney_City_and_Inner_South|Sydney_Eastern_Suburbs|Sydney_Inner_South_West|Sydney_Inner_West|Sydney_North_Sydney_and_Hornsby|Sydney_Northern_Beaches|Sydney_Parramatta|Sydney_Ryde|Sydney_Sutherland
au,Hunter_Valley_exc_Newcastle,GNN,42,20,300,0.5,MVA_equivalent_PF1,484.5138,0.0008433870642696055,0.40863267138011078,110.39968662121083,0.22785664024680172,False,10.423959304794753,0.39330894620337653,1.2926562499999903,0,-10.030650358591377,-1.2926562499999903,False,False,3.0000000000000004e-07,False,True,11,Central_Coast|Newcastle_and_Lake_Macquarie|Sydney_City_and_Inner_South|Sydney_Eastern_Suburbs|Sydney_Inner_South_West|Sydney_Inner_West|Sydney_North_Sydney_and_Hornsby|Sydney_Northern_Beaches|Sydney_Parramatta|Sydney_Ryde|Sydney_Sutherland
au,Hunter_Valley_exc_Newcastle,GNN,42,20,500,0.5,MVA_equivalent_PF1,484.5138,0.0008433870642696055,0.40863267138011078,110.39968662121083,0.22785664024680172,False,12.312060205274186,0.40801972237306255,3.1940625000000296,0,-11.904040482901124,-3.1940625000000296,False,False,5.0000000000000008e-07,False,True,11,Central_Coast|Newcastle_and_Lake_Macquarie|Sydney_City_and_Inner_South|Sydney_Eastern_Suburbs|Sydney_Inner_South_West|Sydney_Inner_West|Sydney_North_Sydney_and_Hornsby|Sydney_Northern_Beaches|Sydney_Parramatta|Sydney_Ryde|Sydney_Sutherland
au,Hunter_Valley_exc_Newcastle,GNN,42,20,100,0.80000000000000004,MVA_equivalent_PF1,484.5138,0.25155565525979678,121.88218644141413,110.39968662121083,0.22785664024680172,True,7.1383357536839913,109.75485739101264,0,4.8974788676812961,102.61652163732865,4.8974788676812961,True,True,1.0000000000000001e-07,True,False,11,Central_Coast|Newcastle_and_Lake_Macquarie|Sydney_City_and_Inner_South|Sydney_Eastern_Suburbs|Sydney_Inner_South_West|Sydney_Inner_West|Sydney_North_Sydney_and_Hornsby|Sydney_Northern_Beaches|Sydney_Parramatta|Sydney_Ryde|Sydney_Sutherland
au,Hunter_Valley_exc_Newcastle,GNN,42,20,300,0.80000000000000004,MVA_equivalent_PF1,484.5138,0.25155565525979678,121.88218644141413,110.39968662121083,0.22785664024680172,True,10.423959304794753,119.08232593338252,1.2926562499999903,35.808456229928758,108.65836662858777,34.515799979928765,True,True,3.0000000000000004e-07,False,False,11,Central_Coast|Newcastle_and_Lake_Macquarie|Sydney_City_and_Inner_South|Sydney_Eastern_Suburbs|Sydney_Inner_South_West|Sydney_Inner_West|Sydney_North_Sydney_and_Hornsby|Sydney_Northern_Beaches|Sydney_Parramatta|Sydney_Ryde|Sydney_Sutherland
au,Hunter_Valley_exc_Newcastle,GNN,42,20,500,0.80000000000000004,MVA_equivalent_PF1,484.5138,0.25155565525979678,121.88218644141413,110.39968662121083,0.22785664024680172,True,12.312060205274186,121.82451622032977,3.1940625000000296,173.74595641617017,109.51245601505559,170.55189391617014,True,True,5.0000000000000008e-07,False,False,11,Central_Coast|Newcastle_and_Lake_Macquarie|Sydney_City_and_Inner_South|Sydney_Eastern_Suburbs|Sydney_Inner_South_West|Sydney_Inner_West|Sydney_North_Sydney_and_Hornsby|Sydney_Northern_Beaches|Sydney_Parramatta|Sydney_Ryde|Sydney_Sutherland
au,Hunter_Valley_exc_Newcastle,GNN,42,20,100,0.90000000000000002,MVA_equivalent_PF1,484.5138,0.50129439675573606,242.88405309082935,110.39968662121083,0.22785664024680172,True,7.1383357536839913,225.02749607811663,0,115.02395776795686,217.88916032443262,115.02395776795686,True,True,1.0000000000000001e-07,True,False,11,Central_Coast|Newcastle_and_Lake_Macquarie|Sydney_City_and_Inner_South|Sydney_Eastern_Suburbs|Sydney_Inner_South_West|Sydney_Inner_West|Sydney_North_Sydney_and_Hornsby|Sydney_Northern_Beaches|Sydney_Parramatta|Sydney_Ryde|Sydney_Sutherland
au,Hunter_Valley_exc_Newcastle,GNN,42,20,300,0.90000000000000002,MVA_equivalent_PF1,484.5138,0.50129439675573606,242.88405309082935,110.39968662121083,0.22785664024680172,True,10.423959304794753,239.8318406517472,1.2926562499999903,154.21423028012259,229.40788134695245,152.9215740301226,True,True,3.0000000000000004e-07,False,False,11,Central_Coast|Newcastle_and_Lake_Macquarie|Sydney_City_and_Inner_South|Sydney_Eastern_Suburbs|Sydney_Inner_South_West|Sydney_Inner_West|Sydney_North_Sydney_and_Hornsby|Sydney_Northern_Beaches|Sydney_Parramatta|Sydney_Ryde|Sydney_Sutherland
au,Hunter_Valley_exc_Newcastle,GNN,42,20,500,0.90000000000000002,MVA_equivalent_PF1,484.5138,0.50129439675573606,242.88405309082935,110.39968662121083,0.22785664024680172,True,12.312060205274186,242.82638286974492,3.1940625000000296,294.95594758048793,230.51432266447074,291.7618850804879,True,True,5.0000000000000008e-07,False,False,11,Central_Coast|Newcastle_and_Lake_Macquarie|Sydney_City_and_Inner_South|Sydney_Eastern_Suburbs|Sydney_Inner_South_West|Sydney_Inner_West|Sydney_North_Sydney_and_Hornsby|Sydney_Northern_Beaches|Sydney_Parramatta|Sydney_Ryde|Sydney_Sutherland
au,Hunter_Valley_exc_Newcastle,GNN,42,20,100,1,MVA_equivalent_PF1,484.5138,0.52981960863964972,256.70491189650954,110.39968662121083,0.22785664024680172,True,7.1383357536839913,238.51764718605895,0,128.84481657363705,231.37931143237495,128.84481657363705,True,True,1.0000000000000001e-07,True,False,11,Central_Coast|Newcastle_and_Lake_Macquarie|Sydney_City_and_Inner_South|Sydney_Eastern_Suburbs|Sydney_Inner_South_West|Sydney_Inner_West|Sydney_North_Sydney_and_Hornsby|Sydney_Northern_Beaches|Sydney_Parramatta|Sydney_Ryde|Sydney_Sutherland
au,Hunter_Valley_exc_Newcastle,GNN,42,20,300,1,MVA_equivalent_PF1,484.5138,0.52981960863964972,256.70491189650954,110.39968662121083,0.22785664024680172,True,10.423959304794753,253.64578902802464,1.2926562499999903,168.03508908580278,243.22182972322989,166.74243283580279,True,True,3.0000000000000004e-07,False,False,11,Central_Coast|Newcastle_and_Lake_Macquarie|Sydney_City_and_Inner_South|Sydney_Eastern_Suburbs|Sydney_Inner_South_West|Sydney_Inner_West|Sydney_North_Sydney_and_Hornsby|Sydney_Northern_Beaches|Sydney_Parramatta|Sydney_Ryde|Sydney_Sutherland
au,Hunter_Valley_exc_Newcastle,GNN,42,20,500,1,MVA_equivalent_PF1,484.5138,0.52981960863964972,256.70491189650954,110.39968662121083,0.22785664024680172,True,12.312060205274186,256.64724167542522,3.1940625000000296,308.77680638616812,244.33518147015104,305.58274388616809,True,True,5.0000000000000008e-07,False,False,11,Central_Coast|Newcastle_and_Lake_Macquarie|Sydney_City_and_Inner_South|Sydney_Eastern_Suburbs|Sydney_Inner_South_West|Sydney_Inner_West|Sydney_North_Sydney_and_Hornsby|Sydney_Northern_Beaches|Sydney_Parramatta|Sydney_Ryde|Sydney_Sutherland
au,Hunter_Valley_exc_Newcastle,GNN,123,10,100,0.5,MVA_equivalent_PF1,484.5138,0.21541814313622729,104.3730631198774,82.942656860634784,0.17118739829626067,True,3.7254128865458123,101.60964393315884,0,19.756247503414478,97.884231046613024,19.756247503414478,True,True,1.0000000000000001e-07,True,False,11,Central_Coast|Newcastle_and_Lake_Macquarie|Sydney_City_and_Inner_South|Sydney_Eastern_Suburbs|Sydney_Inner_South_West|Sydney_Inner_West|Sydney_North_Sydney_and_Hornsby|Sydney_Northern_Beaches|Sydney_Parramatta|Sydney_Ryde|Sydney_Sutherland
au,Hunter_Valley_exc_Newcastle,GNN,123,10,300,0.5,MVA_equivalent_PF1,484.5138,0.21541814313622729,104.3730631198774,82.942656860634784,0.17118739829626067,True,4.8095706923828923,104.28867055221382,4.001093749999967,149.29381054042386,99.479099859830924,145.2927167904239,True,True,3.0000000000000004e-07,False,False,11,Central_Coast|Newcastle_and_Lake_Macquarie|Sydney_City_and_Inner_South|Sydney_Eastern_Suburbs|Sydney_Inner_South_West|Sydney_Inner_West|Sydney_North_Sydney_and_Hornsby|Sydney_Northern_Beaches|Sydney_Parramatta|Sydney_Ryde|Sydney_Sutherland
au,Hunter_Valley_exc_Newcastle,GNN,123,10,500,0.5,MVA_equivalent_PF1,484.5138,0.21541814313622729,104.3730631198774,82.942656860634784,0.17118739829626067,True,4.8939632600464593,104.37306311987739,4.0010937499999955,149.29381054042386,99.479099859830924,145.29271679042387,True,True,5.0000000000000008e-07,False,False,11,Central_Coast|Newcastle_and_Lake_Macquarie|Sydney_City_and_Inner_South|Sydney_Eastern_Suburbs|Sydney_Inner_South_West|Sydney_Inner_West|Sydney_North_Sydney_and_Hornsby|Sydney_Northern_Beaches|Sydney_Parramatta|Sydney_Ryde|Sydney_Sutherland
au,Hunter_Valley_exc_Newcastle,GNN,123,10,100,0.80000000000000004,MVA_equivalent_PF1,484.5138,0.34821629882811056,168.7156021671434,82.942656860634784,0.17118739829626067,True,3.7254128865458123,165.71987778644245,0,73.677859636595258,161.99446489989663,73.677859636595258,True,True,1.0000000000000001e-07,True,False,11,Central_Coast|Newcastle_and_Lake_Macquarie|Sydney_City_and_Inner_South|Sydney_Eastern_Suburbs|Sydney_Inner_South_West|Sydney_Inner_West|Sydney_North_Sydney_and_Hornsby|Sydney_Northern_Beaches|Sydney_Parramatta|Sydney_Ryde|Sydney_Sutherland
au,Hunter_Valley_exc_Newcastle,GNN,123,10,300,0.80000000000000004,MVA_equivalent_PF1,484.5138,0.34821629882811056,168.7156021671434,82.942656860634784,0.17118739829626067,True,4.8095706923828923,168.63120959947989,4.001093749999967,229.29008862356017,163.821638907097,225.2889948735602,True,True,3.0000000000000004e-07,False,False,11,Central_Coast|Newcastle_and_Lake_Macquarie|Sydney_City_and_Inner_South|Sydney_Eastern_Suburbs|Sydney_Inner_South_West|Sydney_Inner_West|Sydney_North_Sydney_and_Hornsby|Sydney_Northern_Beaches|Sydney_Parramatta|Sydney_Ryde|Sydney_Sutherland
au,Hunter_Valley_exc_Newcastle,GNN,123,10,500,0.80000000000000004,MVA_equivalent_PF1,484.5138,0.34821629882811056,168.7156021671434,82.942656860634784,0.17118739829626067,True,4.8939632600464593,168.71560216714346,4.0010937499999955,277.97888863495581,163.821638907097,273.97779488495581,True,True,5.0000000000000008e-07,False,False,11,Central_Coast|Newcastle_and_Lake_Macquarie|Sydney_City_and_Inner_South|Sydney_Eastern_Suburbs|Sydney_Inner_South_West|Sydney_Inner_West|Sydney_North_Sydney_and_Hornsby|Sydney_Northern_Beaches|Sydney_Parramatta|Sydney_Ryde|Sydney_Sutherland
au,Hunter_Valley_exc_Newcastle,GNN,123,10,100,0.90000000000000002,MVA_equivalent_PF1,484.5138,0.37061202851314679,179.56664226061309,82.942656860634784,0.17118739829626067,True,3.7254128865458123,176.55464131977197,0,84.52889973006495,172.82922843322615,84.52889973006495,True,True,1.0000000000000001e-07,True,False,11,Central_Coast|Newcastle_and_Lake_Macquarie|Sydney_City_and_Inner_South|Sydney_Eastern_Suburbs|Sydney_Inner_South_West|Sydney_Inner_West|Sydney_North_Sydney_and_Hornsby|Sydney_Northern_Beaches|Sydney_Parramatta|Sydney_Ryde|Sydney_Sutherland
au,Hunter_Valley_exc_Newcastle,GNN,123,10,300,0.90000000000000002,MVA_equivalent_PF1,484.5138,0.37061202851314679,179.56664226061309,82.942656860634784,0.17118739829626067,True,4.8095706923828923,179.48224969294958,4.001093749999967,240.14112871702986,174.67267900056669,236.14003496702989,True,True,3.0000000000000004e-07,False,False,11,Central_Coast|Newcastle_and_Lake_Macquarie|Sydney_City_and_Inner_South|Sydney_Eastern_Suburbs|Sydney_Inner_South_West|Sydney_Inner_West|Sydney_North_Sydney_and_Hornsby|Sydney_Northern_Beaches|Sydney_Parramatta|Sydney_Ryde|Sydney_Sutherland
au,Hunter_Valley_exc_Newcastle,GNN,123,10,500,0.90000000000000002,MVA_equivalent_PF1,484.5138,0.37061202851314679,179.56664226061309,82.942656860634784,0.17118739829626067,True,4.8939632600464593,179.56664226061315,4.0010937499999955,299.68096882189519,174.67267900056669,295.6798750718952,True,True,5.0000000000000008e-07,False,False,11,Central_Coast|Newcastle_and_Lake_Macquarie|Sydney_City_and_Inner_South|Sydney_Eastern_Suburbs|Sydney_Inner_South_West|Sydney_Inner_West|Sydney_North_Sydney_and_Hornsby|Sydney_Northern_Beaches|Sydney_Parramatta|Sydney_Ryde|Sydney_Sutherland
au,Hunter_Valley_exc_Newcastle,GNN,123,10,100,1,MVA_equivalent_PF1,484.5138,0.38396670436305569,186.0371670044207,82.942656860634784,0.17118739829626067,True,3.7254128865458123,183.01546027646376,0,90.999424473872551,179.29004738991793,90.999424473872551,True,True,1.0000000000000001e-07,True,False,11,Central_Coast|Newcastle_and_Lake_Macquarie|Sydney_City_and_Inner_South|Sydney_Eastern_Suburbs|Sydney_Inner_South_West|Sydney_Inner_West|Sydney_North_Sydney_and_Hornsby|Sydney_Northern_Beaches|Sydney_Parramatta|Sydney_Ryde|Sydney_Sutherland
au,Hunter_Valley_exc_Newcastle,GNN,123,10,300,1,MVA_equivalent_PF1,484.5138,0.38396670436305569,186.0371670044207,82.942656860634784,0.17118739829626067,True,4.8095706923828923,185.95277443675715,4.001093749999967,246.61165346083749,181.14320374437426,242.61055971083752,True,True,3.0000000000000004e-07,False,False,11,Central_Coast|Newcastle_and_Lake_Macquarie|Sydney_City_and_Inner_South|Sydney_Eastern_Suburbs|Sydney_Inner_South_West|Sydney_Inner_West|Sydney_North_Sydney_and_Hornsby|Sydney_Northern_Beaches|Sydney_Parramatta|Sydney_Ryde|Sydney_Sutherland
au,Hunter_Valley_exc_Newcastle,GNN,123,10,500,1,MVA_equivalent_PF1,484.5138,0.38396670436305569,186.0371670044207,82.942656860634784,0.17118739829626067,True,4.8939632600464593,186.03716700442072,4.0010937499999955,312.62201830951057,181.14320374437426,308.62092455951057,True,True,5.0000000000000008e-07,False,False,11,Central_Coast|Newcastle_and_Lake_Macquarie|Sydney_City_and_Inner_South|Sydney_Eastern_Suburbs|Sydney_Inner_South_West|Sydney_Inner_West|Sydney_North_Sydney_and_Hornsby|Sydney_Northern_Beaches|Sydney_Parramatta|Sydney_Ryde|Sydney_Sutherland
au,Hunter_Valley_exc_Newcastle,GNN,123,20,100,0.5,MVA_equivalent_PF1,484.5138,0.00057459481566623691,0.27839911759874797,126.34138134874614,0.26075909777749601,False,7.2828724356280583,0.234551256576949,0,0,-7.0483211790511096,0,False,True,1.0000000000000001e-07,True,True,11,Central_Coast|Newcastle_and_Lake_Macquarie|Sydney_City_and_Inner_South|Sydney_Eastern_Suburbs|Sydney_Inner_South_West|Sydney_Inner_West|Sydney_North_Sydney_and_Hornsby|Sydney_Northern_Beaches|Sydney_Parramatta|Sydney_Ryde|Sydney_Sutherland
au,Hunter_Valley_exc_Newcastle,GNN,123,20,300,0.5,MVA_equivalent_PF1,484.5138,0.00057459481566623691,0.27839911759874797,126.34138134874614,0.26075909777749601,False,10.295286524074614,0.26768075157121873,12.384999999999987,0,-10.027605772503396,-12.384999999999987,False,False,3.0000000000000004e-07,False,True,11,Central_Coast|Newcastle_and_Lake_Macquarie|Sydney_City_and_Inner_South|Sydney_Eastern_Suburbs|Sydney_Inner_South_West|Sydney_Inner_West|Sydney_North_Sydney_and_Hornsby|Sydney_Northern_Beaches|Sydney_Parramatta|Sydney_Ryde|Sydney_Sutherland
au,Hunter_Valley_exc_Newcastle,GNN,123,20,500,0.5,MVA_equivalent_PF1,484.5138,0.00057459481566623691,0.27839911759874797,126.34138134874614,0.26075909777749601,False,12.096163043654483,0.27798151892237349,1.21484375,0,-11.818181524732109,-1.21484375,False,False,5.0000000000000008e-07,False,True,11,Central_Coast|Newcastle_and_Lake_Macquarie|Sydney_City_and_Inner_South|Sydney_Eastern_Suburbs|Sydney_Inner_South_West|Sydney_Inner_West|Sydney_North_Sydney_and_Hornsby|Sydney_Northern_Beaches|Sydney_Parramatta|Sydney_Ryde|Sydney_Sutherland
au,Hunter_Valley_exc_Newcastle,GNN,123,20,100,0.80000000000000004,MVA_equivalent_PF1,484.5138,0.14641666737903658,70.940895895153048,126.34138134874614,0.26075909777749601,False,7.2828724356280583,62.795899299950307,0,0,55.513026864322249,0,True,True,1.0000000000000001e-07,True,True,11,Central_Coast|Newcastle_and_Lake_Macquarie|Sydney_City_and_Inner_South|Sydney_Eastern_Suburbs|Sydney_Inner_South_West|Sydney_Inner_West|Sydney_North_Sydney_and_Hornsby|Sydney_Northern_Beaches|Sydney_Parramatta|Sydney_Ryde|Sydney_Sutherland
au,Hunter_Valley_exc_Newcastle,GNN,123,20,300,0.80000000000000004,MVA_equivalent_PF1,484.5138,0.14641666737903658,70.940895895153048,126.34138134874614,0.26075909777749601,False,10.295286524074614,68.845754190802168,12.384999999999987,14.456179572382604,58.550467666727556,2.0711795723826167,True,True,3.0000000000000004e-07,False,False,11,Central_Coast|Newcastle_and_Lake_Macquarie|Sydney_City_and_Inner_South|Sydney_Eastern_Suburbs|Sydney_Inner_South_West|Sydney_Inner_West|Sydney_North_Sydney_and_Hornsby|Sydney_Northern_Beaches|Sydney_Parramatta|Sydney_Ryde|Sydney_Sutherland
au,Hunter_Valley_exc_Newcastle,GNN,123,20,500,0.80000000000000004,MVA_equivalent_PF1,484.5138,0.14641666737903658,70.940895895153048,126.34138134874614,0.26075909777749601,False,12.096163043654483,70.887790513046397,1.21484375,92.247453513038934,58.791627469391912,91.032609763038934,True,True,5.0000000000000008e-07,False,False,11,Central_Coast|Newcastle_and_Lake_Macquarie|Sydney_City_and_Inner_South|Sydney_Eastern_Suburbs|Sydney_Inner_South_West|Sydney_Inner_West|Sydney_North_Sydney_and_Hornsby|Sydney_Northern_Beaches|Sydney_Parramatta|Sydney_Ryde|Sydney_Sutherland
au,Hunter_Valley_exc_Newcastle,GNN,123,20,100,0.90000000000000002,MVA_equivalent_PF1,484.5138,0.22323888111487536,108.1623185967165,126.34138134874614,0.26075909777749601,False,7.2828724356280583,96.787749692191312,0,2.3174356786958228,89.504877256563248,2.3174356786958228,True,True,1.0000000000000001e-07,True,False,11,Central_Coast|Newcastle_and_Lake_Macquarie|Sydney_City_and_Inner_South|Sydney_Eastern_Suburbs|Sydney_Inner_South_West|Sydney_Inner_West|Sydney_North_Sydney_and_Hornsby|Sydney_Northern_Beaches|Sydney_Parramatta|Sydney_Ryde|Sydney_Sutherland
au,Hunter_Valley_exc_Newcastle,GNN,123,20,300,0.90000000000000002,MVA_equivalent_PF1,484.5138,0.22323888111487536,108.1623185967165,126.34138134874614,0.26075909777749601,False,10.295286524074614,105.50760043127204,12.384999999999987,39.219050472637512,95.212313907197426,26.834050472637525,True,True,3.0000000000000004e-07,False,False,11,Central_Coast|Newcastle_and_Lake_Macquarie|Sydney_City_and_Inner_South|Sydney_Eastern_Suburbs|Sydney_Inner_South_West|Sydney_Inner_West|Sydney_North_Sydney_and_Hornsby|Sydney_Northern_Beaches|Sydney_Parramatta|Sydney_Ryde|Sydney_Sutherland
au,Hunter_Valley_exc_Newcastle,GNN,123,20,500,0.90000000000000002,MVA_equivalent_PF1,484.5138,0.22323888111487536,108.1623185967165,126.34138134874614,0.26075909777749601,False,12.096163043654483,108.10921321460982,1.21484375,160.6999677544681,96.013050170955339,159.4851240044681,True,True,5.0000000000000008e-07,False,False,11,Central_Coast|Newcastle_and_Lake_Macquarie|Sydney_City_and_Inner_South|Sydney_Eastern_Suburbs|Sydney_Inner_South_West|Sydney_Inner_West|Sydney_North_Sydney_and_Hornsby|Sydney_Northern_Beaches|Sydney_Parramatta|Sydney_Ryde|Sydney_Sutherland
au,Hunter_Valley_exc_Newcastle,GNN,123,20,100,1,MVA_equivalent_PF1,484.5138,0.5565618206190055,269.6618826430327,126.34138134874614,0.26075909777749601,True,7.2828724356280583,250.89363673281326,0,144.45529043357834,243.6107642971852,144.45529043357834,True,True,1.0000000000000001e-07,True,False,11,Central_Coast|Newcastle_and_Lake_Macquarie|Sydney_City_and_Inner_South|Sydney_Eastern_Suburbs|Sydney_Inner_South_West|Sydney_Inner_West|Sydney_North_Sydney_and_Hornsby|Sydney_Northern_Beaches|Sydney_Parramatta|Sydney_Ryde|Sydney_Sutherland
au,Hunter_Valley_exc_Newcastle,GNN,123,20,300,1,MVA_equivalent_PF1,484.5138,0.5565618206190055,269.6618826430327,126.34138134874614,0.26075909777749601,True,10.295286524074614,266.66080343785137,12.384999999999987,198.50310378761461,256.36551691377673,186.11810378761461,True,True,3.0000000000000004e-07,False,False,11,Central_Coast|Newcastle_and_Lake_Macquarie|Sydney_City_and_Inner_South|Sydney_Eastern_Suburbs|Sydney_Inner_South_West|Sydney_Inner_West|Sydney_North_Sydney_and_Hornsby|Sydney_Northern_Beaches|Sydney_Parramatta|Sydney_Ryde|Sydney_Sutherland
au,Hunter_Valley_exc_Newcastle,GNN,123,20,500,1,MVA_equivalent_PF1,484.5138,0.5565618206190055,269.6618826430327,126.34138134874614,0.26075909777749601,True,12.096163043654483,269.60877726092605,1.21484375,326.90951790105157,257.51261421727156,325.69467415105157,True,True,5.0000000000000008e-07,False,False,11,Central_Coast|Newcastle_and_Lake_Macquarie|Sydney_City_and_Inner_South|Sydney_Eastern_Suburbs|Sydney_Inner_South_West|Sydney_Inner_West|Sydney_North_Sydney_and_Hornsby|Sydney_Northern_Beaches|Sydney_Parramatta|Sydney_Ryde|Sydney_Sutherland
au,Hunter_Valley_exc_Newcastle,GNN,456,10,100,0.5,MVA_equivalent_PF1,484.5138,0.33368561973054411,161.6752876210009,86.313337340280583,0.17814422899880372,True,4.1415526609065143,158.76912101658266,0,62.493175914900078,154.62756835567615,62.493175914900078,True,True,1.0000000000000001e-07,True,False,11,Central_Coast|Newcastle_and_Lake_Macquarie|Sydney_City_and_Inner_South|Sydney_Eastern_Suburbs|Sydney_Inner_South_West|Sydney_Inner_West|Sydney_North_Sydney_and_Hornsby|Sydney_Northern_Beaches|Sydney_Parramatta|Sydney_Ryde|Sydney_Sutherland
au,Hunter_Valley_exc_Newcastle,GNN,456,10,300,0.5,MVA_equivalent_PF1,484.5138,0.33368561973054411,161.6752876210009,86.313337340280583,0.17814422899880372,True,5.3516200147680664,161.57883671479422,3.7226562499999716,216.46152957561452,156.22721670002616,212.73887332561455,True,True,3.0000000000000004e-07,False,False,11,Central_Coast|Newcastle_and_Lake_Macquarie|Sydney_City_and_Inner_South|Sydney_Eastern_Suburbs|Sydney_Inner_South_West|Sydney_Inner_West|Sydney_North_Sydney_and_Hornsby|Sydney_Northern_Beaches|Sydney_Parramatta|Sydney_Ryde|Sydney_Sutherland
au,Hunter_Valley_exc_Newcastle,GNN,456,10,500,0.5,MVA_equivalent_PF1,484.5138,0.33368561973054411,161.6752876210009,86.313337340280583,0.17814422899880372,True,5.4480709209747546,161.67528762100096,3.72265625,260.08589796218149,156.22721670002622,256.36324171218149,True,True,5.0000000000000008e-07,False,False,11,Central_Coast|Newcastle_and_Lake_Macquarie|Sydney_City_and_Inner_South|Sydney_Eastern_Suburbs|Sydney_Inner_South_West|Sydney_Inner_West|Sydney_North_Sydney_and_Hornsby|Sydney_Northern_Beaches|Sydney_Parramatta|Sydney_Ryde|Sydney_Sutherland
au,Hunter_Valley_exc_Newcastle,GNN,456,10,100,0.80000000000000004,MVA_equivalent_PF1,484.5138,0.42134464876692135,204.14729688372637,86.313337340280583,0.17814422899880372,True,4.1415526609065143,201.17742226541407,0,104.96518517762554,197.03586960450755,104.96518517762554,True,True,1.0000000000000001e-07,True,False,11,Central_Coast|Newcastle_and_Lake_Macquarie|Sydney_City_and_Inner_South|Sydney_Eastern_Suburbs|Sydney_Inner_South_West|Sydney_Inner_West|Sydney_North_Sydney_and_Hornsby|Sydney_Northern_Beaches|Sydney_Parramatta|Sydney_Ryde|Sydney_Sutherland
au,Hunter_Valley_exc_Newcastle,GNN,456,10,300,0.80000000000000004,MVA_equivalent_PF1,484.5138,0.42134464876692135,204.14729688372637,86.313337340280583,0.17814422899880372,True,5.3516200147680664,204.05084597751974,3.7226562499999716,258.93353883834004,198.69922596275168,255.21088258834007,True,True,3.0000000000000004e-07,False,False,11,Central_Coast|Newcastle_and_Lake_Macquarie|Sydney_City_and_Inner_South|Sydney_Eastern_Suburbs|Sydney_Inner_South_West|Sydney_Inner_West|Sydney_North_Sydney_and_Hornsby|Sydney_Northern_Beaches|Sydney_Parramatta|Sydney_Ryde|Sydney_Sutherland
au,Hunter_Valley_exc_Newcastle,GNN,456,10,500,0.80000000000000004,MVA_equivalent_PF1,484.5138,0.42134464876692135,204.14729688372637,86.313337340280583,0.17814422899880372,True,5.4480709209747546,204.14729688372643,3.72265625,345.02991648763236,198.69922596275168,341.30726023763236,True,True,5.0000000000000008e-07,False,False,11,Central_Coast|Newcastle_and_Lake_Macquarie|Sydney_City_and_Inner_South|Sydney_Eastern_Suburbs|Sydney_Inner_South_West|Sydney_Inner_West|Sydney_North_Sydney_and_Hornsby|Sydney_Northern_Beaches|Sydney_Parramatta|Sydney_Ryde|Sydney_Sutherland
au,Hunter_Valley_exc_Newcastle,GNN,456,10,100,0.90000000000000002,MVA_equivalent_PF1,484.5138,0.56026948450350456,271.4582969608341,86.313337340280583,0.17814422899880372,True,4.1415526609065143,268.39819238164068,0,172.27618525473326,264.25663972073414,172.27618525473326,True,True,1.0000000000000001e-07,True,False,11,Central_Coast|Newcastle_and_Lake_Macquarie|Sydney_City_and_Inner_South|Sydney_Eastern_Suburbs|Sydney_Inner_South_West|Sydney_Inner_West|Sydney_North_Sydney_and_Hornsby|Sydney_Northern_Beaches|Sydney_Parramatta|Sydney_Ryde|Sydney_Sutherland
au,Hunter_Valley_exc_Newcastle,GNN,456,10,300,0.90000000000000002,MVA_equivalent_PF1,484.5138,0.56026948450350456,271.4582969608341,86.313337340280583,0.17814422899880372,True,5.3516200147680664,271.36184605462739,3.7226562499999716,326.24453891544772,266.01022603985933,322.52188266544772,True,True,3.0000000000000004e-07,False,False,11,Central_Coast|Newcastle_and_Lake_Macquarie|Sydney_City_and_Inner_South|Sydney_Eastern_Suburbs|Sydney_Inner_South_West|Sydney_Inner_West|Sydney_North_Sydney_and_Hornsby|Sydney_Northern_Beaches|Sydney_Parramatta|Sydney_Ryde|Sydney_Sutherland
au,Hunter_Valley_exc_Newcastle,GNN,456,10,500,0.90000000000000002,MVA_equivalent_PF1,484.5138,0.56026948450350456,271.4582969608341,86.313337340280583,0.17814422899880372,True,5.4480709209747546,271.45829696083405,3.72265625,479.65191664184783,266.01022603985928,475.92926039184783,True,True,5.0000000000000008e-07,False,False,11,Central_Coast|Newcastle_and_Lake_Macquarie|Sydney_City_and_Inner_South|Sydney_Eastern_Suburbs|Sydney_Inner_South_West|Sydney_Inner_West|Sydney_North_Sydney_and_Hornsby|Sydney_Northern_Beaches|Sydney_Parramatta|Sydney_Ryde|Sydney_Sutherland
au,Hunter_Valley_exc_Newcastle,GNN,456,10,100,1,MVA_equivalent_PF1,484.5138,0.59205489131675215,286.85876520046656,86.313337340280583,0.17814422899880372,True,4.1415526609065143,283.7986606212732,0,187.67665349436578,279.65710796036666,187.67665349436578,True,True,1.0000000000000001e-07,True,False,11,Central_Coast|Newcastle_and_Lake_Macquarie|Sydney_City_and_Inner_South|Sydney_Eastern_Suburbs|Sydney_Inner_South_West|Sydney_Inner_West|Sydney_North_Sydney_and_Hornsby|Sydney_Northern_Beaches|Sydney_Parramatta|Sydney_Ryde|Sydney_Sutherland
au,Hunter_Valley_exc_Newcastle,GNN,456,10,300,1,MVA_equivalent_PF1,484.5138,0.59205489131675215,286.85876520046656,86.313337340280583,0.17814422899880372,True,5.3516200147680664,286.76231429425991,3.7226562499999716,341.64500715508018,281.41069427949185,337.92235090508018,True,True,3.0000000000000004e-07,False,False,11,Central_Coast|Newcastle_and_Lake_Macquarie|Sydney_City_and_Inner_South|Sydney_Eastern_Suburbs|Sydney_Inner_South_West|Sydney_Inner_West|Sydney_North_Sydney_and_Hornsby|Sydney_Northern_Beaches|Sydney_Parramatta|Sydney_Ryde|Sydney_Sutherland
au,Hunter_Valley_exc_Newcastle,GNN,456,10,500,1,MVA_equivalent_PF1,484.5138,0.59205489131675215,286.85876520046656,86.313337340280583,0.17814422899880372,True,5.4480709209747546,286.85876520046662,3.72265625,510.45285312111281,281.41069427949185,506.73019687111281,True,True,5.0000000000000008e-07,False,False,11,Central_Coast|Newcastle_and_Lake_Macquarie|Sydney_City_and_Inner_South|Sydney_Eastern_Suburbs|Sydney_Inner_South_West|Sydney_Inner_West|Sydney_North_Sydney_and_Hornsby|Sydney_Northern_Beaches|Sydney_Parramatta|Sydney_Ryde|Sydney_Sutherland
au,Hunter_Valley_exc_Newcastle,GNN,456,20,100,0.5,MVA_equivalent_PF1,484.5138,0.00069645120551833841,0.33744022010027114,133.05539374222028,0.27461631380204293,False,8.0659964859077515,0.28957799579088073,0,0,-7.7764184901168711,0,False,True,1.0000000000000001e-07,True,True,11,Central_Coast|Newcastle_and_Lake_Macquarie|Sydney_City_and_Inner_South|Sydney_Eastern_Suburbs|Sydney_Inner_South_West|Sydney_Inner_West|Sydney_North_Sydney_and_Hornsby|Sydney_Northern_Beaches|Sydney_Parramatta|Sydney_Ryde|Sydney_Sutherland
au,Hunter_Valley_exc_Newcastle,GNN,456,20,300,0.5,MVA_equivalent_PF1,484.5138,0.00069645120551833841,0.33744022010027114,133.05539374222028,0.27461631380204293,False,11.748763342455728,0.32478621184652978,17.53273437499999,0,-11.423977130609199,-17.53273437499999,False,False,3.0000000000000004e-07,False,True,11,Central_Coast|Newcastle_and_Lake_Macquarie|Sydney_City_and_Inner_South|Sydney_Eastern_Suburbs|Sydney_Inner_South_West|Sydney_Inner_West|Sydney_North_Sydney_and_Hornsby|Sydney_Northern_Beaches|Sydney_Parramatta|Sydney_Ryde|Sydney_Sutherland
au,Hunter_Valley_exc_Newcastle,GNN,456,20,500,0.5,MVA_equivalent_PF1,484.5138,0.00069645120551833841,0.33744022010027114,133.05539374222028,0.27461631380204293,False,13.815597945313819,0.33693405977014779,1.21484375,0,-13.478663885543671,-1.21484375,False,False,5.0000000000000008e-07,False,True,11,Central_Coast|Newcastle_and_Lake_Macquarie|Sydney_City_and_Inner_South|Sydney_Eastern_Suburbs|Sydney_Inner_South_West|Sydney_Inner_West|Sydney_North_Sydney_and_Hornsby|Sydney_Northern_Beaches|Sydney_Parramatta|Sydney_Ryde|Sydney_Sutherland
au,Hunter_Valley_exc_Newcastle,GNN,456,20,100,0.80000000000000004,MVA_equivalent_PF1,484.5138,0.21492893851430625,104.13603672953288,133.05539374222028,0.27461631380204293,False,8.0659964859077515,93.722591762887134,0,0.7552961606406029,85.656595276979388,0.7552961606406029,True,True,1.0000000000000001e-07,True,False,11,Central_Coast|Newcastle_and_Lake_Macquarie|Sydney_City_and_Inner_South|Sydney_Eastern_Suburbs|Sydney_Inner_South_West|Sydney_Inner_West|Sydney_North_Sydney_and_Hornsby|Sydney_Northern_Beaches|Sydney_Parramatta|Sydney_Ryde|Sydney_Sutherland
au,Hunter_Valley_exc_Newcastle,GNN,456,20,300,0.80000000000000004,MVA_equivalent_PF1,484.5138,0.21492893851430625,104.13603672953288,133.05539374222028,0.27461631380204293,False,11.748763342455728,101.42135721653209,17.53273437499999,30.686305182844443,89.672593874076355,13.153570807844453,True,True,3.0000000000000004e-07,False,False,11,Central_Coast|Newcastle_and_Lake_Macquarie|Sydney_City_and_Inner_South|Sydney_Eastern_Suburbs|Sydney_Inner_South_West|Sydney_Inner_West|Sydney_North_Sydney_and_Hornsby|Sydney_Northern_Beaches|Sydney_Parramatta|Sydney_Ryde|Sydney_Sutherland
au,Hunter_Valley_exc_Newcastle,GNN,456,20,500,0.80000000000000004,MVA_equivalent_PF1,484.5138,0.21492893851430625,104.13603672953288,133.05539374222028,0.27461631380204293,False,13.815597945313819,104.06989293399218,1.21484375,145.89171710341981,90.254294988678367,144.67687335341981,True,True,5.0000000000000008e-07,False,False,11,Central_Coast|Newcastle_and_Lake_Macquarie|Sydney_City_and_Inner_South|Sydney_Eastern_Suburbs|Sydney_Inner_South_West|Sydney_Inner_West|Sydney_North_Sydney_and_Hornsby|Sydney_Northern_Beaches|Sydney_Parramatta|Sydney_Ryde|Sydney_Sutherland
au,Hunter_Valley_exc_Newcastle,GNN,456,20,100,0.90000000000000002,MVA_equivalent_PF1,484.5138,0.55350404524109131,268.18034827513304,133.05539374222028,0.27461631380204293,True,8.0659964859077515,250.10026379878579,0,137.60815205126227,242.03426731287803,137.60815205126227,True,True,1.0000000000000001e-07,True,False,11,Central_Coast|Newcastle_and_Lake_Macquarie|Sydney_City_and_Inner_South|Sydney_Eastern_Suburbs|Sydney_Inner_South_West|Sydney_Inner_West|Sydney_North_Sydney_and_Hornsby|Sydney_Northern_Beaches|Sydney_Parramatta|Sydney_Ryde|Sydney_Sutherland
au,Hunter_Valley_exc_Newcastle,GNN,456,20,300,0.90000000000000002,MVA_equivalent_PF1,484.5138,0.55350404524109131,268.18034827513304,133.05539374222028,0.27461631380204293,True,11.748763342455728,264.93812655010589,17.53273437499999,189.89222847052329,253.18936320765016,172.3594940955233,True,True,3.0000000000000004e-07,False,False,11,Central_Coast|Newcastle_and_Lake_Macquarie|Sydney_City_and_Inner_South|Sydney_Eastern_Suburbs|Sydney_Inner_South_West|Sydney_Inner_West|Sydney_North_Sydney_and_Hornsby|Sydney_Northern_Beaches|Sydney_Parramatta|Sydney_Ryde|Sydney_Sutherland
au,Hunter_Valley_exc_Newcastle,GNN,456,20,500,0.90000000000000002,MVA_equivalent_PF1,484.5138,0.55350404524109131,268.18034827513304,133.05539374222028,0.27461631380204293,True,13.815597945313819,268.11420447959227,1.21484375,313.03689452177861,254.29860653427846,311.82205077177861,True,True,5.0000000000000008e-07,False,False,11,Central_Coast|Newcastle_and_Lake_Macquarie|Sydney_City_and_Inner_South|Sydney_Eastern_Suburbs|Sydney_Inner_South_West|Sydney_Inner_West|Sydney_North_Sydney_and_Hornsby|Sydney_Northern_Beaches|Sydney_Parramatta|Sydney_Ryde|Sydney_Sutherland
au,Hunter_Valley_exc_Newcastle,GNN,456,20,100,1,MVA_equivalent_PF1,484.5138,0.76965969573667559,372.91074388822051,133.05539374222028,0.27461631380204293,True,8.0659964859077515,353.74063888462223,0,242.3385476643497,345.67464239871447,242.3385476643497,True,True,1.0000000000000001e-07,True,False,11,Central_Coast|Newcastle_and_Lake_Macquarie|Sydney_City_and_Inner_South|Sydney_Eastern_Suburbs|Sydney_Inner_South_West|Sydney_Inner_West|Sydney_North_Sydney_and_Hornsby|Sydney_Northern_Beaches|Sydney_Parramatta|Sydney_Ryde|Sydney_Sutherland
au,Hunter_Valley_exc_Newcastle,GNN,456,20,300,1,MVA_equivalent_PF1,484.5138,0.76965969573667559,372.91074388822051,133.05539374222028,0.27461631380204293,True,11.748763342455728,369.66336764818197,17.53273437499999,294.62262408361073,357.91460430572624,277.08988970861071,True,True,3.0000000000000004e-07,False,False,11,Central_Coast|Newcastle_and_Lake_Macquarie|Sydney_City_and_Inner_South|Sydney_Eastern_Suburbs|Sydney_Inner_South_West|Sydney_Inner_West|Sydney_North_Sydney_and_Hornsby|Sydney_Northern_Beaches|Sydney_Parramatta|Sydney_Ryde|Sydney_Sutherland
au,Hunter_Valley_exc_Newcastle,GNN,456,20,500,1,MVA_equivalent_PF1,484.5138,0.76965969573667559,372.91074388822051,133.05539374222028,0.27461631380204293,True,13.815597945313819,372.8446000926798,1.21484375,417.76729013486613,359.02900214736599,416.55244638486613,True,True,5.0000000000000008e-07,False,False,11,Central_Coast|Newcastle_and_Lake_Macquarie|Sydney_City_and_Inner_South|Sydney_Eastern_Suburbs|Sydney_Inner_South_West|Sydney_Inner_West|Sydney_North_Sydney_and_Hornsby|Sydney_Northern_Beaches|Sydney_Parramatta|Sydney_Ryde|Sydney_Sutherland
au,Newcastle_and_Lake_Macquarie,Uni,,10,100,0.5,MVA_equivalent_PF1,574.6875,0.20300331127285881,116.66346544712104,107.12728896815787,0.1864096382262671,True,4.6302359797261543,50.880092362006096,4.0042187500000113,114.58157282292629,46.249856382279944,110.57735407292628,True,True,1.0000000000000001e-07,False,False,11,Central_Coast|Hunter_Valley_exc_Newcastle|Sydney_City_and_Inner_South|Sydney_Eastern_Suburbs|Sydney_Inner_South_West|Sydney_Inner_West|Sydney_North_Sydney_and_Hornsby|Sydney_Northern_Beaches|Sydney_Parramatta|Sydney_Ryde|Sydney_Sutherland
au,Newcastle_and_Lake_Macquarie,Uni,,10,300,0.5,MVA_equivalent_PF1,574.6875,0.20300331127285881,116.66346544712104,107.12728896815787,0.1864096382262671,True,10.13520034328787,88.703849795278586,0.40640624999999775,32.022535866662452,78.568649451990723,31.616129616662455,True,True,3.0000000000000004e-07,False,False,11,Central_Coast|Hunter_Valley_exc_Newcastle|Sydney_City_and_Inner_South|Sydney_Eastern_Suburbs|Sydney_Inner_South_West|Sydney_Inner_West|Sydney_North_Sydney_and_Hornsby|Sydney_Northern_Beaches|Sydney_Parramatta|Sydney_Ryde|Sydney_Sutherland
au,Newcastle_and_Lake_Macquarie,Uni,,10,500,0.5,MVA_equivalent_PF1,574.6875,0.20300331127285881,116.66346544712104,107.12728896815787,0.1864096382262671,True,22.281758385381686,116.36769482967978,20.677187500000024,93.249610239727332,94.085936444298085,72.572422739727301,True,True,5.0000000000000008e-07,False,False,11,Central_Coast|Hunter_Valley_exc_Newcastle|Sydney_City_and_Inner_South|Sydney_Eastern_Suburbs|Sydney_Inner_South_West|Sydney_Inner_West|Sydney_North_Sydney_and_Hornsby|Sydney_Northern_Beaches|Sydney_Parramatta|Sydney_Ryde|Sydney_Sutherland
au,Newcastle_and_Lake_Macquarie,Uni,,10,100,0.80000000000000004,MVA_equivalent_PF1,574.6875,0.29362914917335647,168.74500166556331,107.12728896815787,0.1864096382262671,True,4.6302359797261543,78.638992312371016,4.0042187500000113,166.66310904136856,74.008756332644865,162.65889029136855,True,True,1.0000000000000001e-07,False,False,11,Central_Coast|Hunter_Valley_exc_Newcastle|Sydney_City_and_Inner_South|Sydney_Eastern_Suburbs|Sydney_Inner_South_West|Sydney_Inner_West|Sydney_North_Sydney_and_Hornsby|Sydney_Northern_Beaches|Sydney_Parramatta|Sydney_Ryde|Sydney_Sutherland
au,Newcastle_and_Lake_Macquarie,Uni,,10,300,0.80000000000000004,MVA_equivalent_PF1,574.6875,0.29362914917335647,168.74500166556331,107.12728896815787,0.1864096382262671,True,10.13520034328787,136.25939410177901,0.40640624999999775,84.10407208510469,126.12419375849115,83.697665835104686,True,True,3.0000000000000004e-07,False,False,11,Central_Coast|Hunter_Valley_exc_Newcastle|Sydney_City_and_Inner_South|Sydney_Eastern_Suburbs|Sydney_Inner_South_West|Sydney_Inner_West|Sydney_North_Sydney_and_Hornsby|Sydney_Northern_Beaches|Sydney_Parramatta|Sydney_Ryde|Sydney_Sutherland
au,Newcastle_and_Lake_Macquarie,Uni,,10,500,0.80000000000000004,MVA_equivalent_PF1,574.6875,0.29362914917335647,168.74500166556331,107.12728896815787,0.1864096382262671,True,22.281758385381686,168.44923104812207,20.677187500000024,145.3311464581696,146.16747266274038,124.65395895816957,True,True,5.0000000000000008e-07,False,False,11,Central_Coast|Hunter_Valley_exc_Newcastle|Sydney_City_and_Inner_South|Sydney_Eastern_Suburbs|Sydney_Inner_South_West|Sydney_Inner_West|Sydney_North_Sydney_and_Hornsby|Sydney_Northern_Beaches|Sydney_Parramatta|Sydney_Ryde|Sydney_Sutherland
au,Newcastle_and_Lake_Macquarie,Uni,,10,100,0.90000000000000002,MVA_equivalent_PF1,574.6875,0.32825135197067157,188.64194883564531,107.12728896815787,0.1864096382262671,True,4.6302359797261543,91.152766202184424,4.0042187500000113,186.56005621145056,86.522530222458272,182.55583746145055,True,True,1.0000000000000001e-07,False,False,11,Central_Coast|Hunter_Valley_exc_Newcastle|Sydney_City_and_Inner_South|Sydney_Eastern_Suburbs|Sydney_Inner_South_West|Sydney_Inner_West|Sydney_North_Sydney_and_Hornsby|Sydney_Northern_Beaches|Sydney_Parramatta|Sydney_Ryde|Sydney_Sutherland
au,Newcastle_and_Lake_Macquarie,Uni,,10,300,0.90000000000000002,MVA_equivalent_PF1,574.6875,0.32825135197067157,188.64194883564531,107.12728896815787,0.1864096382262671,True,10.13520034328787,154.98629858176042,0.40640624999999775,104.0010192551867,144.85109823847256,103.5946130051867,True,True,3.0000000000000004e-07,False,False,11,Central_Coast|Hunter_Valley_exc_Newcastle|Sydney_City_and_Inner_South|Sydney_Eastern_Suburbs|Sydney_Inner_South_West|Sydney_Inner_West|Sydney_North_Sydney_and_Hornsby|Sydney_Northern_Beaches|Sydney_Parramatta|Sydney_Ryde|Sydney_Sutherland
au,Newcastle_and_Lake_Macquarie,Uni,,10,500,0.90000000000000002,MVA_equivalent_PF1,574.6875,0.32825135197067157,188.64194883564531,107.12728896815787,0.1864096382262671,True,22.281758385381686,188.34617821820405,20.677187500000024,165.22809362825157,166.06441983282235,144.55090612825154,True,True,5.0000000000000008e-07,False,False,11,Central_Coast|Hunter_Valley_exc_Newcastle|Sydney_City_and_Inner_South|Sydney_Eastern_Suburbs|Sydney_Inner_South_West|Sydney_Inner_West|Sydney_North_Sydney_and_Hornsby|Sydney_Northern_Beaches|Sydney_Parramatta|Sydney_Ryde|Sydney_Sutherland
au,Newcastle_and_Lake_Macquarie,Uni,,10,100,1,MVA_equivalent_PF1,574.6875,0.44609524922203769,256.3653635372898,107.12728896815787,0.1864096382262671,True,4.6302359797261543,137.98936792747065,4.0042187500000113,254.28347091309507,133.35913194774449,250.27925216309507,True,True,1.0000000000000001e-07,False,False,11,Central_Coast|Hunter_Valley_exc_Newcastle|Sydney_City_and_Inner_South|Sydney_Eastern_Suburbs|Sydney_Inner_South_West|Sydney_Inner_West|Sydney_North_Sydney_and_Hornsby|Sydney_Northern_Beaches|Sydney_Parramatta|Sydney_Ryde|Sydney_Sutherland
au,Newcastle_and_Lake_Macquarie,Uni,,10,300,1,MVA_equivalent_PF1,574.6875,0.44609524922203769,256.3653635372898,107.12728896815787,0.1864096382262671,True,10.13520034328787,222.09535279412486,0.40640624999999775,171.72443395683121,211.960152450837,171.3180277068312,True,True,3.0000000000000004e-07,False,False,11,Central_Coast|Hunter_Valley_exc_Newcastle|Sydney_City_and_Inner_South|Sydney_Eastern_Suburbs|Sydney_Inner_South_West|Sydney_Inner_West|Sydney_North_Sydney_and_Hornsby|Sydney_Northern_Beaches|Sydney_Parramatta|Sydney_Ryde|Sydney_Sutherland
au,Newcastle_and_Lake_Macquarie,Uni,,10,500,1,MVA_equivalent_PF1,574.6875,0.44609524922203769,256.3653635372898,107.12728896815787,0.1864096382262671,True,22.281758385381686,256.0695929198485,20.677187500000024,232.95150832989611,233.78783453446681,212.27432082989608,True,True,5.0000000000000008e-07,False,False,11,Central_Coast|Hunter_Valley_exc_Newcastle|Sydney_City_and_Inner_South|Sydney_Eastern_Suburbs|Sydney_Inner_South_West|Sydney_Inner_West|Sydney_North_Sydney_and_Hornsby|Sydney_Northern_Beaches|Sydney_Parramatta|Sydney_Ryde|Sydney_Sutherland
au,Newcastle_and_Lake_Macquarie,Uni,,20,100,0.5,MVA_equivalent_PF1,574.6875,0.00039816576206647673,0.22882088638757833,115.89584294564406,0.20166758968246928,False,0.62446241921415724,0.0056061117164960027,0,0,-0.61885630749766118,0,False,True,3.6281250000000116e-09,True,True,11,Central_Coast|Hunter_Valley_exc_Newcastle|Sydney_City_and_Inner_South|Sydney_Eastern_Suburbs|Sydney_Inner_South_West|Sydney_Inner_West|Sydney_North_Sydney_and_Hornsby|Sydney_Northern_Beaches|Sydney_Parramatta|Sydney_Ryde|Sydney_Sutherland
au,Newcastle_and_Lake_Macquarie,Uni,,20,300,0.5,MVA_equivalent_PF1,574.6875,0.00039816576206647673,0.22882088638757833,115.89584294564406,0.20166758968246928,False,1.6621772492969626,0.01796243958142665,0,0,-1.644214809715536,0,False,True,2.0362812500000003e-07,True,True,11,Central_Coast|Hunter_Valley_exc_Newcastle|Sydney_City_and_Inner_South|Sydney_Eastern_Suburbs|Sydney_Inner_South_West|Sydney_Inner_West|Sydney_North_Sydney_and_Hornsby|Sydney_Northern_Beaches|Sydney_Parramatta|Sydney_Ryde|Sydney_Sutherland
au,Newcastle_and_Lake_Macquarie,Uni,,20,500,0.5,MVA_equivalent_PF1,574.6875,0.00039816576206647673,0.22882088638757833,115.89584294564406,0.20166758968246928,False,9.2280207448639917,0.11257987610270027,0,0,-9.1154408687612918,0,False,True,4.0362812500000005e-07,True,True,11,Central_Coast|Hunter_Valley_exc_Newcastle|Sydney_City_and_Inner_South|Sydney_Eastern_Suburbs|Sydney_Inner_South_West|Sydney_Inner_West|Sydney_North_Sydney_and_Hornsby|Sydney_Northern_Beaches|Sydney_Parramatta|Sydney_Ryde|Sydney_Sutherland
au,Newcastle_and_Lake_Macquarie,Uni,,20,100,0.80000000000000004,MVA_equivalent_PF1,574.6875,0.14799359127347611,85.0500669849758,115.89584294564406,0.20166758968246928,False,0.62446241921415724,2.0837266411319071,0,0,1.4592642219177498,0,True,True,3.6281250000000116e-09,True,True,11,Central_Coast|Hunter_Valley_exc_Newcastle|Sydney_City_and_Inner_South|Sydney_Eastern_Suburbs|Sydney_Inner_South_West|Sydney_Inner_West|Sydney_North_Sydney_and_Hornsby|Sydney_Northern_Beaches|Sydney_Parramatta|Sydney_Ryde|Sydney_Sutherland
au,Newcastle_and_Lake_Macquarie,Uni,,20,300,0.80000000000000004,MVA_equivalent_PF1,574.6875,0.14799359127347611,85.0500669849758,115.89584294564406,0.20166758968246928,False,1.6621772492969626,12.997031015643758,0,14.004016171103027,11.334853766346795,14.004016171103027,True,True,2.0362812500000003e-07,True,False,11,Central_Coast|Hunter_Valley_exc_Newcastle|Sydney_City_and_Inner_South|Sydney_Eastern_Suburbs|Sydney_Inner_South_West|Sydney_Inner_West|Sydney_North_Sydney_and_Hornsby|Sydney_Northern_Beaches|Sydney_Parramatta|Sydney_Ryde|Sydney_Sutherland
au,Newcastle_and_Lake_Macquarie,Uni,,20,500,0.80000000000000004,MVA_equivalent_PF1,574.6875,0.14799359127347611,85.0500669849758,115.89584294564406,0.20166758968246928,False,9.2280207448639917,43.632918003764622,0,28.850539821384132,34.404897258900633,28.850539821384132,True,True,4.0362812500000005e-07,True,False,11,Central_Coast|Hunter_Valley_exc_Newcastle|Sydney_City_and_Inner_South|Sydney_Eastern_Suburbs|Sydney_Inner_South_West|Sydney_Inner_West|Sydney_North_Sydney_and_Hornsby|Sydney_Northern_Beaches|Sydney_Parramatta|Sydney_Ryde|Sydney_Sutherland
au,Newcastle_and_Lake_Macquarie,Uni,,20,100,0.90000000000000002,MVA_equivalent_PF1,574.6875,0.2529809421544294,145.38498519437366,115.89584294564406,0.20166758968246928,True,0.62446241921415724,4.228623619367772,0,7.6389731118186006,3.604161200153615,7.6389731118186006,True,True,3.6281250000000116e-09,True,False,11,Central_Coast|Hunter_Valley_exc_Newcastle|Sydney_City_and_Inner_South|Sydney_Eastern_Suburbs|Sydney_Inner_South_West|Sydney_Inner_West|Sydney_North_Sydney_and_Hornsby|Sydney_Northern_Beaches|Sydney_Parramatta|Sydney_Ryde|Sydney_Sutherland
au,Newcastle_and_Lake_Macquarie,Uni,,20,300,0.90000000000000002,MVA_equivalent_PF1,574.6875,0.2529809421544294,145.38498519437366,115.89584294564406,0.20166758968246928,True,1.6621772492969626,31.854189571726696,0,74.338934380500888,30.192012322429733,74.338934380500888,True,True,2.0362812500000003e-07,True,False,11,Central_Coast|Hunter_Valley_exc_Newcastle|Sydney_City_and_Inner_South|Sydney_Eastern_Suburbs|Sydney_Inner_South_West|Sydney_Inner_West|Sydney_North_Sydney_and_Hornsby|Sydney_Northern_Beaches|Sydney_Parramatta|Sydney_Ryde|Sydney_Sutherland
au,Newcastle_and_Lake_Macquarie,Uni,,20,500,0.90000000000000002,MVA_equivalent_PF1,574.6875,0.2529809421544294,145.38498519437366,115.89584294564406,0.20166758968246928,True,9.2280207448639917,81.601612460883359,0,89.185458030782002,72.373591716019362,89.185458030782002,True,True,4.0362812500000005e-07,True,False,11,Central_Coast|Hunter_Valley_exc_Newcastle|Sydney_City_and_Inner_South|Sydney_Eastern_Suburbs|Sydney_Inner_South_West|Sydney_Inner_West|Sydney_North_Sydney_and_Hornsby|Sydney_Northern_Beaches|Sydney_Parramatta|Sydney_Ryde|Sydney_Sutherland
au,Newcastle_and_Lake_Macquarie,Uni,,20,100,1,MVA_equivalent_PF1,574.6875,0.56636303530589271,325.4817568523552,115.89584294564406,0.20166758968246928,True,0.62446241921415724,33.66396226156558,0,187.60144720774264,33.039499842351425,187.60144720774264,True,True,3.6281250000000116e-09,True,False,11,Central_Coast|Hunter_Valley_exc_Newcastle|Sydney_City_and_Inner_South|Sydney_Eastern_Suburbs|Sydney_Inner_South_West|Sydney_Inner_West|Sydney_North_Sydney_and_Hornsby|Sydney_Northern_Beaches|Sydney_Parramatta|Sydney_Ryde|Sydney_Sutherland
au,Newcastle_and_Lake_Macquarie,Uni,,20,300,1,MVA_equivalent_PF1,574.6875,0.56636303530589271,325.4817568523552,115.89584294564406,0.20166758968246928,True,1.6621772492969626,124.36222440642482,0,254.43570603848244,122.70004715712786,254.43570603848244,True,True,2.0362812500000003e-07,True,False,11,Central_Coast|Hunter_Valley_exc_Newcastle|Sydney_City_and_Inner_South|Sydney_Eastern_Suburbs|Sydney_Inner_South_West|Sydney_Inner_West|Sydney_North_Sydney_and_Hornsby|Sydney_Northern_Beaches|Sydney_Parramatta|Sydney_Ryde|Sydney_Sutherland
au,Newcastle_and_Lake_Macquarie,Uni,,20,500,1,MVA_equivalent_PF1,574.6875,0.56636303530589271,325.4817568523552,115.89584294564406,0.20166758968246928,True,9.2280207448639917,226.65414609998359,0,269.28222968876361,217.42612535511961,269.28222968876361,True,True,4.0362812500000005e-07,True,False,11,Central_Coast|Hunter_Valley_exc_Newcastle|Sydney_City_and_Inner_South|Sydney_Eastern_Suburbs|Sydney_Inner_South_West|Sydney_Inner_West|Sydney_North_Sydney_and_Hornsby|Sydney_Northern_Beaches|Sydney_Parramatta|Sydney_Ryde|Sydney_Sutherland
au,Newcastle_and_Lake_Macquarie,LU,,10,100,0.5,MVA_equivalent_PF1,574.6875,0.21126955436754324,121.4139720255975,108.97883918279166,0.18963147655515677,True,4.4268256777063471,53.356801200845659,4.0042187500000113,119.41655335854651,48.929975523139312,115.4123346085465,True,True,1.0000000000000001e-07,False,False,11,Central_Coast|Hunter_Valley_exc_Newcastle|Sydney_City_and_Inner_South|Sydney_Eastern_Suburbs|Sydney_Inner_South_West|Sydney_Inner_West|Sydney_North_Sydney_and_Hornsby|Sydney_Northern_Beaches|Sydney_Parramatta|Sydney_Ryde|Sydney_Sutherland
au,Newcastle_and_Lake_Macquarie,LU,,10,300,0.5,MVA_equivalent_PF1,574.6875,0.21126955436754324,121.4139720255975,108.97883918279166,0.18963147655515677,True,10.04467721133962,93.115555650345812,0,34.611372101743925,83.070878439006194,34.611372101743925,True,True,3.0000000000000004e-07,True,False,11,Central_Coast|Hunter_Valley_exc_Newcastle|Sydney_City_and_Inner_South|Sydney_Eastern_Suburbs|Sydney_Inner_South_West|Sydney_Inner_West|Sydney_North_Sydney_and_Hornsby|Sydney_Northern_Beaches|Sydney_Parramatta|Sydney_Ryde|Sydney_Sutherland
au,Newcastle_and_Lake_Macquarie,LU,,10,500,0.5,MVA_equivalent_PF1,574.6875,0.21126955436754324,121.4139720255975,108.97883918279166,0.18963147655515677,True,22.097054021038499,121.11045660524181,23.556875000000026,98.628820300472128,99.013402584203305,75.071945300472095,True,True,5.0000000000000008e-07,False,False,11,Central_Coast|Hunter_Valley_exc_Newcastle|Sydney_City_and_Inner_South|Sydney_Eastern_Suburbs|Sydney_Inner_South_West|Sydney_Inner_West|Sydney_North_Sydney_and_Hornsby|Sydney_Northern_Beaches|Sydney_Parramatta|Sydney_Ryde|Sydney_Sutherland
au,Newcastle_and_Lake_Macquarie,LU,,10,100,0.80000000000000004,MVA_equivalent_PF1,574.6875,0.27652582273620779,158.91593375371443,108.97883918279166,0.18963147655515677,True,4.4268256777063471,73.044798202710581,4.0042187500000113,156.9185150866634,68.617972525004234,152.9142963366634,True,True,1.0000000000000001e-07,False,False,11,Central_Coast|Hunter_Valley_exc_Newcastle|Sydney_City_and_Inner_South|Sydney_Eastern_Suburbs|Sydney_Inner_South_West|Sydney_Inner_West|Sydney_North_Sydney_and_Hornsby|Sydney_Northern_Beaches|Sydney_Parramatta|Sydney_Ryde|Sydney_Sutherland
au,Newcastle_and_Lake_Macquarie,LU,,10,300,0.80000000000000004,MVA_equivalent_PF1,574.6875,0.27652582273620779,158.91593375371443,108.97883918279166,0.18963147655515677,True,10.04467721133962,127.33484454927344,0,72.113333829860863,117.29016733793382,72.113333829860863,True,True,3.0000000000000004e-07,True,False,11,Central_Coast|Hunter_Valley_exc_Newcastle|Sydney_City_and_Inner_South|Sydney_Eastern_Suburbs|Sydney_Inner_South_West|Sydney_Inner_West|Sydney_North_Sydney_and_Hornsby|Sydney_Northern_Beaches|Sydney_Parramatta|Sydney_Ryde|Sydney_Sutherland
au,Newcastle_and_Lake_Macquarie,LU,,10,500,0.80000000000000004,MVA_equivalent_PF1,574.6875,0.27652582273620779,158.91593375371443,108.97883918279166,0.18963147655515677,True,22.097054021038499,158.6124183333587,23.556875000000026,136.1307820285891,136.5153643123202,112.57390702858908,True,True,5.0000000000000008e-07,False,False,11,Central_Coast|Hunter_Valley_exc_Newcastle|Sydney_City_and_Inner_South|Sydney_Eastern_Suburbs|Sydney_Inner_South_West|Sydney_Inner_West|Sydney_North_Sydney_and_Hornsby|Sydney_Northern_Beaches|Sydney_Parramatta|Sydney_Ryde|Sydney_Sutherland
au,Newcastle_and_Lake_Macquarie,LU,,10,100,0.90000000000000002,MVA_equivalent_PF1,574.6875,0.29934727037426312,172.03113444320934,108.97883918279166,0.18963147655515677,True,4.4268256777063471,80.803463196895663,4.0042187500000113,170.03371577615835,76.376637519189316,166.02949702615834,True,True,1.0000000000000001e-07,False,False,11,Central_Coast|Hunter_Valley_exc_Newcastle|Sydney_City_and_Inner_South|Sydney_Eastern_Suburbs|Sydney_Inner_South_West|Sydney_Inner_West|Sydney_North_Sydney_and_Hornsby|Sydney_Northern_Beaches|Sydney_Parramatta|Sydney_Ryde|Sydney_Sutherland
au,Newcastle_and_Lake_Macquarie,LU,,10,300,0.90000000000000002,MVA_equivalent_PF1,574.6875,0.29934727037426312,172.03113444320934,108.97883918279166,0.18963147655515677,True,10.04467721133962,139.43965348292741,0,85.228534519355748,129.39497627158778,85.228534519355748,True,True,3.0000000000000004e-07,True,False,11,Central_Coast|Hunter_Valley_exc_Newcastle|Sydney_City_and_Inner_South|Sydney_Eastern_Suburbs|Sydney_Inner_South_West|Sydney_Inner_West|Sydney_North_Sydney_and_Hornsby|Sydney_Northern_Beaches|Sydney_Parramatta|Sydney_Ryde|Sydney_Sutherland
au,Newcastle_and_Lake_Macquarie,LU,,10,500,0.90000000000000002,MVA_equivalent_PF1,574.6875,0.29934727037426312,172.03113444320934,108.97883918279166,0.18963147655515677,True,22.097054021038499,171.72761902285362,23.556875000000026,149.24598271808401,149.63056500181511,125.68910771808399,True,True,5.0000000000000008e-07,False,False,11,Central_Coast|Hunter_Valley_exc_Newcastle|Sydney_City_and_Inner_South|Sydney_Eastern_Suburbs|Sydney_Inner_South_West|Sydney_Inner_West|Sydney_North_Sydney_and_Hornsby|Sydney_Northern_Beaches|Sydney_Parramatta|Sydney_Ryde|Sydney_Sutherland
au,Newcastle_and_Lake_Macquarie,LU,,10,100,1,MVA_equivalent_PF1,574.6875,0.49347582631342024,283.59438893449368,108.97883918279166,0.18963147655515677,True,4.4268256777063471,158.90624570747138,4.0042187500000113,281.5969702674426,154.47942002976504,277.59275151744259,True,True,1.0000000000000001e-07,False,False,11,Central_Coast|Hunter_Valley_exc_Newcastle|Sydney_City_and_Inner_South|Sydney_Eastern_Suburbs|Sydney_Inner_South_West|Sydney_Inner_West|Sydney_North_Sydney_and_Hornsby|Sydney_Northern_Beaches|Sydney_Parramatta|Sydney_Ryde|Sydney_Sutherland
au,Newcastle_and_Lake_Macquarie,LU,,10,300,1,MVA_equivalent_PF1,574.6875,0.49347582631342024,283.59438893449368,108.97883918279166,0.18963147655515677,True,10.04467721133962,249.47619649841877,0,196.79178901064009,239.43151928707914,196.79178901064009,True,True,3.0000000000000004e-07,True,False,11,Central_Coast|Hunter_Valley_exc_Newcastle|Sydney_City_and_Inner_South|Sydney_Eastern_Suburbs|Sydney_Inner_South_West|Sydney_Inner_West|Sydney_North_Sydney_and_Hornsby|Sydney_Northern_Beaches|Sydney_Parramatta|Sydney_Ryde|Sydney_Sutherland
au,Newcastle_and_Lake_Macquarie,LU,,10,500,1,MVA_equivalent_PF1,574.6875,0.49347582631342024,283.59438893449368,108.97883918279166,0.18963147655515677,True,22.097054021038499,283.29087351413796,23.556875000000026,260.80923720936829,261.19381949309945,237.25236220936827,True,True,5.0000000000000008e-07,False,False,11,Central_Coast|Hunter_Valley_exc_Newcastle|Sydney_City_and_Inner_South|Sydney_Eastern_Suburbs|Sydney_Inner_South_West|Sydney_Inner_West|Sydney_North_Sydney_and_Hornsby|Sydney_Northern_Beaches|Sydney_Parramatta|Sydney_Ryde|Sydney_Sutherland
au,Newcastle_and_Lake_Macquarie,LU,,20,100,0.5,MVA_equivalent_PF1,574.6875,0.00040553903616190621,0.23305821484429548,112.75902113705484,0.19620928093451631,False,0.57536255638843659,0.0057099262636853753,0,0,-0.5696526301247512,0,False,True,3.6281250000000116e-09,True,True,11,Central_Coast|Hunter_Valley_exc_Newcastle|Sydney_City_and_Inner_South|Sydney_Eastern_Suburbs|Sydney_Inner_South_West|Sydney_Inner_West|Sydney_North_Sydney_and_Hornsby|Sydney_Northern_Beaches|Sydney_Parramatta|Sydney_Ryde|Sydney_Sutherland
au,Newcastle_and_Lake_Macquarie,LU,,20,300,0.5,MVA_equivalent_PF1,574.6875,0.00040553903616190621,0.23305821484429548,112.75902113705484,0.19620928093451631,False,1.5009077834427618,0.018295069865278037,0,0,-1.4826127135774838,0,False,True,2.0362812500000003e-07,True,True,11,Central_Coast|Hunter_Valley_exc_Newcastle|Sydney_City_and_Inner_South|Sydney_Eastern_Suburbs|Sydney_Inner_South_West|Sydney_Inner_West|Sydney_North_Sydney_and_Hornsby|Sydney_Northern_Beaches|Sydney_Parramatta|Sydney_Ryde|Sydney_Sutherland
au,Newcastle_and_Lake_Macquarie,LU,,20,500,0.5,MVA_equivalent_PF1,574.6875,0.00040553903616190621,0.23305821484429548,112.75902113705484,0.19620928093451631,False,8.4982992087451468,0.11466464170339867,0,0,-8.3836345670417476,0,False,True,4.0362812500000005e-07,True,True,11,Central_Coast|Hunter_Valley_exc_Newcastle|Sydney_City_and_Inner_South|Sydney_Eastern_Suburbs|Sydney_Inner_South_West|Sydney_Inner_West|Sydney_North_Sydney_and_Hornsby|Sydney_Northern_Beaches|Sydney_Parramatta|Sydney_Ryde|Sydney_Sutherland
au,Newcastle_and_Lake_Macquarie,LU,,20,100,0.80000000000000004,MVA_equivalent_PF1,574.6875,0.15490649620034791,89.022827035137439,112.75902113705484,0.19620928093451631,False,0.57536255638843659,2.1810592623608671,0,0,1.6056967059724305,0,True,True,3.6281250000000116e-09,True,True,11,Central_Coast|Hunter_Valley_exc_Newcastle|Sydney_City_and_Inner_South|Sydney_Eastern_Suburbs|Sydney_Inner_South_West|Sydney_Inner_West|Sydney_North_Sydney_and_Hornsby|Sydney_Northern_Beaches|Sydney_Parramatta|Sydney_Ryde|Sydney_Sutherland
au,Newcastle_and_Lake_Macquarie,LU,,20,300,0.80000000000000004,MVA_equivalent_PF1,574.6875,0.15490649620034791,89.022827035137439,112.75902113705484,0.19620928093451631,False,1.5009077834427618,13.781950267344051,0,16.640218189472748,12.28104248390129,16.640218189472748,True,True,2.0362812500000003e-07,True,False,11,Central_Coast|Hunter_Valley_exc_Newcastle|Sydney_City_and_Inner_South|Sydney_Eastern_Suburbs|Sydney_Inner_South_West|Sydney_Inner_West|Sydney_North_Sydney_and_Hornsby|Sydney_Northern_Beaches|Sydney_Parramatta|Sydney_Ryde|Sydney_Sutherland
au,Newcastle_and_Lake_Macquarie,LU,,20,500,0.80000000000000004,MVA_equivalent_PF1,574.6875,0.15490649620034791,89.022827035137439,112.75902113705484,0.19620928093451631,False,8.4982992087451468,46.135753874813773,0,33.450614651615432,37.637454666068628,33.450614651615432,True,True,4.0362812500000005e-07,True,False,11,Central_Coast|Hunter_Valley_exc_Newcastle|Sydney_City_and_Inner_South|Sydney_Eastern_Suburbs|Sydney_Inner_South_West|Sydney_Inner_West|Sydney_North_Sydney_and_Hornsby|Sydney_Northern_Beaches|Sydney_Parramatta|Sydney_Ryde|Sydney_Sutherland
au,Newcastle_and_Lake_Macquarie,LU,,20,100,0.90000000000000002,MVA_equivalent_PF1,574.6875,0.27311790403589015,156.9574454756256,112.75902113705484,0.19620928093451631,True,0.57536255638843659,4.9555850175478167,0,18.745562560165485,4.3802224611593799,18.745562560165485,True,True,3.6281250000000116e-09,True,False,11,Central_Coast|Hunter_Valley_exc_Newcastle|Sydney_City_and_Inner_South|Sydney_Eastern_Suburbs|Sydney_Inner_South_West|Sydney_Inner_West|Sydney_North_Sydney_and_Hornsby|Sydney_Northern_Beaches|Sydney_Parramatta|Sydney_Ryde|Sydney_Sutherland
au,Newcastle_and_Lake_Macquarie,LU,,20,300,0.90000000000000002,MVA_equivalent_PF1,574.6875,0.27311790403589015,156.9574454756256,112.75902113705484,0.19620928093451631,True,1.5009077834427618,35.905600901976847,0,84.574836629960927,34.404693118534084,84.574836629960927,True,True,2.0362812500000003e-07,True,False,11,Central_Coast|Hunter_Valley_exc_Newcastle|Sydney_City_and_Inner_South|Sydney_Eastern_Suburbs|Sydney_Inner_South_West|Sydney_Inner_West|Sydney_North_Sydney_and_Hornsby|Sydney_Northern_Beaches|Sydney_Parramatta|Sydney_Ryde|Sydney_Sutherland
au,Newcastle_and_Lake_Macquarie,LU,,20,500,0.90000000000000002,MVA_equivalent_PF1,574.6875,0.27311790403589015,156.9574454756256,112.75902113705484,0.19620928093451631,True,8.4982992087451468,89.6815789518879,0,101.38523309210362,81.183279743142748,101.38523309210362,True,True,4.0362812500000005e-07,True,False,11,Central_Coast|Hunter_Valley_exc_Newcastle|Sydney_City_and_Inner_South|Sydney_Eastern_Suburbs|Sydney_Inner_South_West|Sydney_Inner_West|Sydney_North_Sydney_and_Hornsby|Sydney_Northern_Beaches|Sydney_Parramatta|Sydney_Ryde|Sydney_Sutherland
au,Newcastle_and_Lake_Macquarie,LU,,20,100,1,MVA_equivalent_PF1,574.6875,0.49327160243123641,283.47702402220119,112.75902113705484,0.19620928093451631,True,0.57536255638843659,20.359411872351881,0,145.26514110674105,19.784049315963443,145.26514110674105,True,True,3.6281250000000116e-09,True,False,11,Central_Coast|Hunter_Valley_exc_Newcastle|Sydney_City_and_Inner_South|Sydney_Eastern_Suburbs|Sydney_Inner_South_West|Sydney_Inner_West|Sydney_North_Sydney_and_Hornsby|Sydney_Northern_Beaches|Sydney_Parramatta|Sydney_Ryde|Sydney_Sutherland
au,Newcastle_and_Lake_Macquarie,LU,,20,300,1,MVA_equivalent_PF1,574.6875,0.49327160243123641,283.47702402220119,112.75902113705484,0.19620928093451631,True,1.5009077834427618,98.6551502492118,0,211.0944151765365,97.154242465769045,211.0944151765365,True,True,2.0362812500000003e-07,True,False,11,Central_Coast|Hunter_Valley_exc_Newcastle|Sydney_City_and_Inner_South|Sydney_Eastern_Suburbs|Sydney_Inner_South_West|Sydney_Inner_West|Sydney_North_Sydney_and_Hornsby|Sydney_Northern_Beaches|Sydney_Parramatta|Sydney_Ryde|Sydney_Sutherland
au,Newcastle_and_Lake_Macquarie,LU,,20,500,1,MVA_equivalent_PF1,574.6875,0.49327160243123641,283.47702402220119,112.75902113705484,0.19620928093451631,True,8.4982992087451468,187.10162508052375,0,227.90481163867918,178.60332587177859,227.90481163867918,True,True,4.0362812500000005e-07,True,False,11,Central_Coast|Hunter_Valley_exc_Newcastle|Sydney_City_and_Inner_South|Sydney_Eastern_Suburbs|Sydney_Inner_South_West|Sydney_Inner_West|Sydney_North_Sydney_and_Hornsby|Sydney_Northern_Beaches|Sydney_Parramatta|Sydney_Ryde|Sydney_Sutherland
au,Newcastle_and_Lake_Macquarie,GNN,42,10,100,0.5,MVA_equivalent_PF1,574.6875,0.22845422632684889,131.28978819221098,307.51624999917885,0.53510168569732042,False,10.719356534223131,58.163455913221881,2.176875000000007,76.728888186167666,47.44409937899875,74.552013186167656,True,True,1.0000000000000001e-07,False,False,11,Central_Coast|Hunter_Valley_exc_Newcastle|Sydney_City_and_Inner_South|Sydney_Eastern_Suburbs|Sydney_Inner_South_West|Sydney_Inner_West|Sydney_North_Sydney_and_Hornsby|Sydney_Northern_Beaches|Sydney_Parramatta|Sydney_Ryde|Sydney_Sutherland
au,Newcastle_and_Lake_Macquarie,GNN,42,10,300,0.5,MVA_equivalent_PF1,574.6875,0.22845422632684889,131.28978819221098,307.51624999917885,0.53510168569732042,False,23.909146913718519,93.024415938577732,0,48.341826733062554,69.115269024859217,48.341826733062554,True,True,3.0000000000000004e-07,True,False,11,Central_Coast|Hunter_Valley_exc_Newcastle|Sydney_City_and_Inner_South|Sydney_Eastern_Suburbs|Sydney_Inner_South_West|Sydney_Inner_West|Sydney_North_Sydney_and_Hornsby|Sydney_Northern_Beaches|Sydney_Parramatta|Sydney_Ryde|Sydney_Sutherland
au,Newcastle_and_Lake_Macquarie,GNN,42,10,500,0.5,MVA_equivalent_PF1,574.6875,0.22845422632684889,131.28978819221098,307.51624999917885,0.53510168569732042,False,52.868367260454747,118.79805985114231,34.113906250000042,84.837559320679318,65.929692590687566,50.723653070679276,True,True,5.0000000000000008e-07,False,False,11,Central_Coast|Hunter_Valley_exc_Newcastle|Sydney_City_and_Inner_South|Sydney_Eastern_Suburbs|Sydney_Inner_South_West|Sydney_Inner_West|Sydney_North_Sydney_and_Hornsby|Sydney_Northern_Beaches|Sydney_Parramatta|Sydney_Ryde|Sydney_Sutherland
au,Newcastle_and_Lake_Macquarie,GNN,42,10,100,0.80000000000000004,MVA_equivalent_PF1,574.6875,0.39953987939649305,229.61057444067211,307.51624999917885,0.53510168569732042,False,10.719356534223131,115.30926196518531,2.176875000000007,166.83990657827195,104.58990543096218,164.66303157827195,True,True,1.0000000000000001e-07,False,False,11,Central_Coast|Hunter_Valley_exc_Newcastle|Sydney_City_and_Inner_South|Sydney_Eastern_Suburbs|Sydney_Inner_South_West|Sydney_Inner_West|Sydney_North_Sydney_and_Hornsby|Sydney_Northern_Beaches|Sydney_Parramatta|Sydney_Ryde|Sydney_Sutherland
au,Newcastle_and_Lake_Macquarie,GNN,42,10,300,0.80000000000000004,MVA_equivalent_PF1,574.6875,0.39953987939649305,229.61057444067211,307.51624999917885,0.53510168569732042,False,23.909146913718519,174.73417816743512,0,146.66261298152367,150.82503125371659,146.66261298152367,True,True,3.0000000000000004e-07,True,False,11,Central_Coast|Hunter_Valley_exc_Newcastle|Sydney_City_and_Inner_South|Sydney_Eastern_Suburbs|Sydney_Inner_South_West|Sydney_Inner_West|Sydney_North_Sydney_and_Hornsby|Sydney_Northern_Beaches|Sydney_Parramatta|Sydney_Ryde|Sydney_Sutherland
au,Newcastle_and_Lake_Macquarie,GNN,42,10,500,0.80000000000000004,MVA_equivalent_PF1,574.6875,0.39953987939649305,229.61057444067211,307.51624999917885,0.53510168569732042,False,52.868367260454747,214.00999744220167,34.113906250000042,183.15834556914041,161.1416301817469,149.04443931914037,True,True,5.0000000000000008e-07,False,False,11,Central_Coast|Hunter_Valley_exc_Newcastle|Sydney_City_and_Inner_South|Sydney_Eastern_Suburbs|Sydney_Inner_South_West|Sydney_Inner_West|Sydney_North_Sydney_and_Hornsby|Sydney_Northern_Beaches|Sydney_Parramatta|Sydney_Ryde|Sydney_Sutherland
au,Newcastle_and_Lake_Macquarie,GNN,42,10,100,0.90000000000000002,MVA_equivalent_PF1,574.6875,0.45237314614858387,259.97319242726428,307.51624999917885,0.53510168569732042,False,10.719356534223131,135.59803815836335,2.176875000000007,197.20252456486418,124.87868162414023,195.02564956486418,True,True,1.0000000000000001e-07,False,False,11,Central_Coast|Hunter_Valley_exc_Newcastle|Sydney_City_and_Inner_South|Sydney_Eastern_Suburbs|Sydney_Inner_South_West|Sydney_Inner_West|Sydney_North_Sydney_and_Hornsby|Sydney_Northern_Beaches|Sydney_Parramatta|Sydney_Ryde|Sydney_Sutherland
au,Newcastle_and_Lake_Macquarie,GNN,42,10,300,0.90000000000000002,MVA_equivalent_PF1,574.6875,0.45237314614858387,259.97319242726428,307.51624999917885,0.53510168569732042,False,23.909146913718519,201.62130073250026,0,177.02523096811589,177.71215381878173,177.02523096811589,True,True,3.0000000000000004e-07,True,False,11,Central_Coast|Hunter_Valley_exc_Newcastle|Sydney_City_and_Inner_South|Sydney_Eastern_Suburbs|Sydney_Inner_South_West|Sydney_Inner_West|Sydney_North_Sydney_and_Hornsby|Sydney_Northern_Beaches|Sydney_Parramatta|Sydney_Ryde|Sydney_Sutherland
au,Newcastle_and_Lake_Macquarie,GNN,42,10,500,0.90000000000000002,MVA_equivalent_PF1,574.6875,0.45237314614858387,259.97319242726428,307.51624999917885,0.53510168569732042,False,52.868367260454747,244.36978376810239,34.113906250000042,213.52096355573258,191.50141650764766,179.40705730573254,True,True,5.0000000000000008e-07,False,False,11,Central_Coast|Hunter_Valley_exc_Newcastle|Sydney_City_and_Inner_South|Sydney_Eastern_Suburbs|Sydney_Inner_South_West|Sydney_Inner_West|Sydney_North_Sydney_and_Hornsby|Sydney_Northern_Beaches|Sydney_Parramatta|Sydney_Ryde|Sydney_Sutherland
au,Newcastle_and_Lake_Macquarie,GNN,42,10,100,1,MVA_equivalent_PF1,574.6875,0.58475619670486811,336.05207679382892,307.51624999917885,0.53510168569732042,True,10.719356534223131,193.16560737993925,2.176875000000007,273.28140893142887,182.44625084571612,271.10453393142888,True,True,1.0000000000000001e-07,False,False,11,Central_Coast|Hunter_Valley_exc_Newcastle|Sydney_City_and_Inner_South|Sydney_Eastern_Suburbs|Sydney_Inner_South_West|Sydney_Inner_West|Sydney_North_Sydney_and_Hornsby|Sydney_Northern_Beaches|Sydney_Parramatta|Sydney_Ryde|Sydney_Sutherland
au,Newcastle_and_Lake_Macquarie,GNN,42,10,300,1,MVA_equivalent_PF1,574.6875,0.58475619670486811,336.05207679382892,307.51624999917885,0.53510168569732042,True,23.909146913718519,272.61670848866527,0,253.10411533468044,248.70756157494674,253.10411533468044,True,True,3.0000000000000004e-07,True,False,11,Central_Coast|Hunter_Valley_exc_Newcastle|Sydney_City_and_Inner_South|Sydney_Eastern_Suburbs|Sydney_Inner_South_West|Sydney_Inner_West|Sydney_North_Sydney_and_Hornsby|Sydney_Northern_Beaches|Sydney_Parramatta|Sydney_Ryde|Sydney_Sutherland
au,Newcastle_and_Lake_Macquarie,GNN,42,10,500,1,MVA_equivalent_PF1,574.6875,0.58475619670486811,336.05207679382892,307.51624999917885,0.53510168569732042,True,52.868367260454747,320.448668134667,34.113906250000042,289.59984792229727,267.58030087421224,255.48594167229723,True,True,5.0000000000000008e-07,False,False,11,Central_Coast|Hunter_Valley_exc_Newcastle|Sydney_City_and_Inner_South|Sydney_Eastern_Suburbs|Sydney_Inner_South_West|Sydney_Inner_West|Sydney_North_Sydney_and_Hornsby|Sydney_Northern_Beaches|Sydney_Parramatta|Sydney_Ryde|Sydney_Sutherland
au,Newcastle_and_Lake_Macquarie,GNN,42,20,100,0.5,MVA_equivalent_PF1,574.6875,0.0008433870642696055,0.4846840034974389,288.08762363556207,0.50129439675573606,False,0.54535354676087267,0.011874758085687432,0,0,-0.53347878867518528,0,False,True,3.6281250000000116e-09,True,True,11,Central_Coast|Hunter_Valley_exc_Newcastle|Sydney_City_and_Inner_South|Sydney_Eastern_Suburbs|Sydney_Inner_South_West|Sydney_Inner_West|Sydney_North_Sydney_and_Hornsby|Sydney_Northern_Beaches|Sydney_Parramatta|Sydney_Ryde|Sydney_Sutherland
au,Newcastle_and_Lake_Macquarie,GNN,42,20,300,0.5,MVA_equivalent_PF1,574.6875,0.0008433870642696055,0.4846840034974389,288.08762363556207,0.50129439675573606,False,1.2233541778083663,0.038047694274550251,0,0,-1.1853064835338161,0,False,True,2.0362812500000003e-07,True,True,11,Central_Coast|Hunter_Valley_exc_Newcastle|Sydney_City_and_Inner_South|Sydney_Eastern_Suburbs|Sydney_Inner_South_West|Sydney_Inner_West|Sydney_North_Sydney_and_Hornsby|Sydney_Northern_Beaches|Sydney_Parramatta|Sydney_Ryde|Sydney_Sutherland
au,Newcastle_and_Lake_Macquarie,GNN,42,20,500,0.5,MVA_equivalent_PF1,574.6875,0.0008433870642696055,0.4846840034974389,288.08762363556207,0.50129439675573606,False,7.792445259070595,0.23652579370676444,0,0,-7.5559194653638304,0,False,True,4.0362812500000005e-07,True,True,11,Central_Coast|Hunter_Valley_exc_Newcastle|Sydney_City_and_Inner_South|Sydney_Eastern_Suburbs|Sydney_Inner_South_West|Sydney_Inner_West|Sydney_North_Sydney_and_Hornsby|Sydney_Northern_Beaches|Sydney_Parramatta|Sydney_Ryde|Sydney_Sutherland
au,Newcastle_and_Lake_Macquarie,GNN,42,20,100,0.80000000000000004,MVA_equivalent_PF1,574.6875,0.22785664024680172,130.94636294183385,288.08762363556207,0.50129439675573606,False,0.54535354676087267,3.2559654859084364,0,0,2.7106119391475638,0,True,True,3.6281250000000116e-09,True,True,11,Central_Coast|Hunter_Valley_exc_Newcastle|Sydney_City_and_Inner_South|Sydney_Eastern_Suburbs|Sydney_Inner_South_West|Sydney_Inner_West|Sydney_North_Sydney_and_Hornsby|Sydney_Northern_Beaches|Sydney_Parramatta|Sydney_Ryde|Sydney_Sutherland
au,Newcastle_and_Lake_Macquarie,GNN,42,20,300,0.80000000000000004,MVA_equivalent_PF1,574.6875,0.22785664024680172,130.94636294183385,288.08762363556207,0.50129439675573606,False,1.2233541778083663,25.804137236681242,0,51.577880335505029,24.580783058872875,51.577880335505029,True,True,2.0362812500000003e-07,True,False,11,Central_Coast|Hunter_Valley_exc_Newcastle|Sydney_City_and_Inner_South|Sydney_Eastern_Suburbs|Sydney_Inner_South_West|Sydney_Inner_West|Sydney_North_Sydney_and_Hornsby|Sydney_Northern_Beaches|Sydney_Parramatta|Sydney_Ryde|Sydney_Sutherland
au,Newcastle_and_Lake_Macquarie,GNN,42,20,500,0.80000000000000004,MVA_equivalent_PF1,574.6875,0.22785664024680172,130.94636294183385,288.08762363556207,0.50129439675573606,False,7.792445259070595,70.51745699254559,0,55.314953714814635,62.725011733474993,55.314953714814635,True,True,4.0362812500000005e-07,True,False,11,Central_Coast|Hunter_Valley_exc_Newcastle|Sydney_City_and_Inner_South|Sydney_Eastern_Suburbs|Sydney_Inner_South_West|Sydney_Inner_West|Sydney_North_Sydney_and_Hornsby|Sydney_Northern_Beaches|Sydney_Parramatta|Sydney_Ryde|Sydney_Sutherland
au,Newcastle_and_Lake_Macquarie,GNN,42,20,100,0.90000000000000002,MVA_equivalent_PF1,574.6875,0.25155565525979678,144.56589063211447,288.08762363556207,0.50129439675573606,False,0.54535354676087267,3.92967663500812,0,3.6771608279158925,3.3843230882472475,3.6771608279158925,True,True,3.6281250000000116e-09,True,False,11,Central_Coast|Hunter_Valley_exc_Newcastle|Sydney_City_and_Inner_South|Sydney_Eastern_Suburbs|Sydney_Inner_South_West|Sydney_Inner_West|Sydney_North_Sydney_and_Hornsby|Sydney_Northern_Beaches|Sydney_Parramatta|Sydney_Ryde|Sydney_Sutherland
au,Newcastle_and_Lake_Macquarie,GNN,42,20,300,0.90000000000000002,MVA_equivalent_PF1,574.6875,0.25155565525979678,144.56589063211447,288.08762363556207,0.50129439675573606,False,1.2233541778083663,30.464309078388556,0,65.197408025785634,29.240954900580189,65.197408025785634,True,True,2.0362812500000003e-07,True,False,11,Central_Coast|Hunter_Valley_exc_Newcastle|Sydney_City_and_Inner_South|Sydney_Eastern_Suburbs|Sydney_Inner_South_West|Sydney_Inner_West|Sydney_North_Sydney_and_Hornsby|Sydney_Northern_Beaches|Sydney_Parramatta|Sydney_Ryde|Sydney_Sutherland
au,Newcastle_and_Lake_Macquarie,GNN,42,20,500,0.90000000000000002,MVA_equivalent_PF1,574.6875,0.25155565525979678,144.56589063211447,288.08762363556207,0.50129439675573606,False,7.792445259070595,79.036159169815136,0,68.934481405095255,71.243713910744546,68.934481405095255,True,True,4.0362812500000005e-07,True,False,11,Central_Coast|Hunter_Valley_exc_Newcastle|Sydney_City_and_Inner_South|Sydney_Eastern_Suburbs|Sydney_Inner_South_West|Sydney_Inner_West|Sydney_North_Sydney_and_Hornsby|Sydney_Northern_Beaches|Sydney_Parramatta|Sydney_Ryde|Sydney_Sutherland
au,Newcastle_and_Lake_Macquarie,GNN,42,20,100,1,MVA_equivalent_PF1,574.6875,0.52981960863964972,304.48070634009872,288.08762363556207,0.50129439675573606,True,0.54535354676087267,25.750777280003962,0,162.17175200921997,25.205423733243091,162.17175200921997,True,True,3.6281250000000116e-09,True,False,11,Central_Coast|Hunter_Valley_exc_Newcastle|Sydney_City_and_Inner_South|Sydney_Eastern_Suburbs|Sydney_Inner_South_West|Sydney_Inner_West|Sydney_North_Sydney_and_Hornsby|Sydney_Northern_Beaches|Sydney_Parramatta|Sydney_Ryde|Sydney_Sutherland
au,Newcastle_and_Lake_Macquarie,GNN,42,20,300,1,MVA_equivalent_PF1,574.6875,0.52981960863964972,304.48070634009872,288.08762363556207,0.50129439675573606,True,1.2233541778083663,109.3565189309401,0,225.11222373376987,108.13316475313174,225.11222373376987,True,True,2.0362812500000003e-07,True,False,11,Central_Coast|Hunter_Valley_exc_Newcastle|Sydney_City_and_Inner_South|Sydney_Eastern_Suburbs|Sydney_Inner_South_West|Sydney_Inner_West|Sydney_North_Sydney_and_Hornsby|Sydney_Northern_Beaches|Sydney_Parramatta|Sydney_Ryde|Sydney_Sutherland
au,Newcastle_and_Lake_Macquarie,GNN,42,20,500,1,MVA_equivalent_PF1,574.6875,0.52981960863964972,304.48070634009872,288.08762363556207,0.50129439675573606,True,7.792445259070595,196.04555611511105,0,228.84929711307956,188.25311085604045,228.84929711307956,True,True,4.0362812500000005e-07,True,False,11,Central_Coast|Hunter_Valley_exc_Newcastle|Sydney_City_and_Inner_South|Sydney_Eastern_Suburbs|Sydney_Inner_South_West|Sydney_Inner_West|Sydney_North_Sydney_and_Hornsby|Sydney_Northern_Beaches|Sydney_Parramatta|Sydney_Ryde|Sydney_Sutherland
au,Newcastle_and_Lake_Macquarie,GNN,123,10,100,0.5,MVA_equivalent_PF1,574.6875,0.21541814313622729,123.79811413360062,117.83889812403328,0.20504865361441355,True,3.973833991567373,53.859529289348096,1.9954687500000063,66.301225440682344,49.885695297780721,64.305756690682344,True,True,1.0000000000000001e-07,False,False,11,Central_Coast|Hunter_Valley_exc_Newcastle|Sydney_City_and_Inner_South|Sydney_Eastern_Suburbs|Sydney_Inner_South_West|Sydney_Inner_West|Sydney_North_Sydney_and_Hornsby|Sydney_Northern_Beaches|Sydney_Parramatta|Sydney_Ryde|Sydney_Sutherland
au,Newcastle_and_Lake_Macquarie,GNN,123,10,300,0.5,MVA_equivalent_PF1,574.6875,0.21541814313622729,123.79811413360062,117.83889812403328,0.20504865361441355,True,9.6122393601676119,94.745988938100552,0,42.036525024859451,85.133749577932946,42.036525024859451,True,True,3.0000000000000004e-07,True,False,11,Central_Coast|Hunter_Valley_exc_Newcastle|Sydney_City_and_Inner_South|Sydney_Eastern_Suburbs|Sydney_Inner_South_West|Sydney_Inner_West|Sydney_North_Sydney_and_Hornsby|Sydney_Northern_Beaches|Sydney_Parramatta|Sydney_Ryde|Sydney_Sutherland
au,Newcastle_and_Lake_Macquarie,GNN,123,10,500,0.5,MVA_equivalent_PF1,574.6875,0.21541814313622729,123.79811413360062,117.83889812403328,0.20504865361441355,True,22.540004148743748,123.33108698531008,15.684687500000031,101.3045801091225,100.79108283656633,85.619892609122473,True,True,5.0000000000000008e-07,False,False,11,Central_Coast|Hunter_Valley_exc_Newcastle|Sydney_City_and_Inner_South|Sydney_Eastern_Suburbs|Sydney_Inner_South_West|Sydney_Inner_West|Sydney_North_Sydney_and_Hornsby|Sydney_Northern_Beaches|Sydney_Parramatta|Sydney_Ryde|Sydney_Sutherland
au,Newcastle_and_Lake_Macquarie,GNN,123,10,100,0.80000000000000004,MVA_equivalent_PF1,574.6875,0.34821629882811056,200.1155542327798,117.83889812403328,0.20504865361441355,True,3.973833991567373,98.574348259788593,1.9954687500000063,131.13132212941596,94.600514268221218,129.13585337941595,True,True,1.0000000000000001e-07,False,False,11,Central_Coast|Hunter_Valley_exc_Newcastle|Sydney_City_and_Inner_South|Sydney_Eastern_Suburbs|Sydney_Inner_South_West|Sydney_Inner_West|Sydney_North_Sydney_and_Hornsby|Sydney_Northern_Beaches|Sydney_Parramatta|Sydney_Ryde|Sydney_Sutherland
au,Newcastle_and_Lake_Macquarie,GNN,123,10,300,0.80000000000000004,MVA_equivalent_PF1,574.6875,0.34821629882811056,200.1155542327798,117.83889812403328,0.20504865361441355,True,9.6122393601676119,165.4592732982382,0,118.35396512403861,155.84703393807058,118.35396512403861,True,True,3.0000000000000004e-07,True,False,11,Central_Coast|Hunter_Valley_exc_Newcastle|Sydney_City_and_Inner_South|Sydney_Eastern_Suburbs|Sydney_Inner_South_West|Sydney_Inner_West|Sydney_North_Sydney_and_Hornsby|Sydney_Northern_Beaches|Sydney_Parramatta|Sydney_Ryde|Sydney_Sutherland
au,Newcastle_and_Lake_Macquarie,GNN,123,10,500,0.80000000000000004,MVA_equivalent_PF1,574.6875,0.34821629882811056,200.1155542327798,117.83889812403328,0.20504865361441355,True,22.540004148743748,199.64852708448925,15.684687500000031,177.62202020830165,177.1085229357455,161.93733270830162,True,True,5.0000000000000008e-07,False,False,11,Central_Coast|Hunter_Valley_exc_Newcastle|Sydney_City_and_Inner_South|Sydney_Eastern_Suburbs|Sydney_Inner_South_West|Sydney_Inner_West|Sydney_North_Sydney_and_Hornsby|Sydney_Northern_Beaches|Sydney_Parramatta|Sydney_Ryde|Sydney_Sutherland
au,Newcastle_and_Lake_Macquarie,GNN,123,10,100,0.90000000000000002,MVA_equivalent_PF1,574.6875,0.37061202851314679,212.98610013614905,117.83889812403328,0.20504865361441355,True,3.973833991567373,107.40695739885113,1.9954687500000063,144.00186803278521,103.43312340728376,142.0063992827852,True,True,1.0000000000000001e-07,False,False,11,Central_Coast|Hunter_Valley_exc_Newcastle|Sydney_City_and_Inner_South|Sydney_Eastern_Suburbs|Sydney_Inner_South_West|Sydney_Inner_West|Sydney_North_Sydney_and_Hornsby|Sydney_Northern_Beaches|Sydney_Parramatta|Sydney_Ryde|Sydney_Sutherland
au,Newcastle_and_Lake_Macquarie,GNN,123,10,300,0.90000000000000002,MVA_equivalent_PF1,574.6875,0.37061202851314679,212.98610013614905,117.83889812403328,0.20504865361441355,True,9.6122393601676119,178.08162739884668,0,131.22451102740783,168.46938803867906,131.22451102740783,True,True,3.0000000000000004e-07,True,False,11,Central_Coast|Hunter_Valley_exc_Newcastle|Sydney_City_and_Inner_South|Sydney_Eastern_Suburbs|Sydney_Inner_South_West|Sydney_Inner_West|Sydney_North_Sydney_and_Hornsby|Sydney_Northern_Beaches|Sydney_Parramatta|Sydney_Ryde|Sydney_Sutherland
au,Newcastle_and_Lake_Macquarie,GNN,123,10,500,0.90000000000000002,MVA_equivalent_PF1,574.6875,0.37061202851314679,212.98610013614905,117.83889812403328,0.20504865361441355,True,22.540004148743748,212.51907298785858,15.684687500000031,190.49256611167093,189.97906883911483,174.8078786116709,True,True,5.0000000000000008e-07,False,False,11,Central_Coast|Hunter_Valley_exc_Newcastle|Sydney_City_and_Inner_South|Sydney_Eastern_Suburbs|Sydney_Inner_South_West|Sydney_Inner_West|Sydney_North_Sydney_and_Hornsby|Sydney_Northern_Beaches|Sydney_Parramatta|Sydney_Ryde|Sydney_Sutherland
au,Newcastle_and_Lake_Macquarie,GNN,123,10,100,1,MVA_equivalent_PF1,574.6875,0.38396670436305569,220.66086541364356,117.83889812403328,0.20504865361441355,True,3.973833991567373,112.71538275632419,1.9954687500000063,151.67663331027975,108.74154876475681,149.68116456027974,True,True,1.0000000000000001e-07,False,False,11,Central_Coast|Hunter_Valley_exc_Newcastle|Sydney_City_and_Inner_South|Sydney_Eastern_Suburbs|Sydney_Inner_South_West|Sydney_Inner_West|Sydney_North_Sydney_and_Hornsby|Sydney_Northern_Beaches|Sydney_Parramatta|Sydney_Ryde|Sydney_Sutherland
au,Newcastle_and_Lake_Macquarie,GNN,123,10,300,1,MVA_equivalent_PF1,574.6875,0.38396670436305569,220.66086541364356,117.83889812403328,0.20504865361441355,True,9.6122393601676119,185.6864476147517,0,138.89927630490237,176.07420825458408,138.89927630490237,True,True,3.0000000000000004e-07,True,False,11,Central_Coast|Hunter_Valley_exc_Newcastle|Sydney_City_and_Inner_South|Sydney_Eastern_Suburbs|Sydney_Inner_South_West|Sydney_Inner_West|Sydney_North_Sydney_and_Hornsby|Sydney_Northern_Beaches|Sydney_Parramatta|Sydney_Ryde|Sydney_Sutherland
au,Newcastle_and_Lake_Macquarie,GNN,123,10,500,1,MVA_equivalent_PF1,574.6875,0.38396670436305569,220.66086541364356,117.83889812403328,0.20504865361441355,True,22.540004148743748,220.19383826535301,15.684687500000031,198.16733138916544,197.65383411660926,182.48264388916542,True,True,5.0000000000000008e-07,False,False,11,Central_Coast|Hunter_Valley_exc_Newcastle|Sydney_City_and_Inner_South|Sydney_Eastern_Suburbs|Sydney_Inner_South_West|Sydney_Inner_West|Sydney_North_Sydney_and_Hornsby|Sydney_Northern_Beaches|Sydney_Parramatta|Sydney_Ryde|Sydney_Sutherland
au,Newcastle_and_Lake_Macquarie,GNN,123,20,100,0.5,MVA_equivalent_PF1,574.6875,0.00057459481566623691,0.3302124581281905,76.817623999188697,0.13366851375606517,False,0.57008555828887886,0.0080902052241405894,0,0,-0.56199535306473825,0,False,True,3.6281250000000116e-09,True,True,11,Central_Coast|Hunter_Valley_exc_Newcastle|Sydney_City_and_Inner_South|Sydney_Eastern_Suburbs|Sydney_Inner_South_West|Sydney_Inner_West|Sydney_North_Sydney_and_Hornsby|Sydney_Northern_Beaches|Sydney_Parramatta|Sydney_Ryde|Sydney_Sutherland
au,Newcastle_and_Lake_Macquarie,GNN,123,20,300,0.5,MVA_equivalent_PF1,574.6875,0.00057459481566623691,0.3302124581281905,76.817623999188697,0.13366851375606517,False,1.2844608093752807,0.025921677963064015,0,0,-1.2585391314122167,0,False,True,2.0362812500000003e-07,True,True,11,Central_Coast|Hunter_Valley_exc_Newcastle|Sydney_City_and_Inner_South|Sydney_Eastern_Suburbs|Sydney_Inner_South_West|Sydney_Inner_West|Sydney_North_Sydney_and_Hornsby|Sydney_Northern_Beaches|Sydney_Parramatta|Sydney_Ryde|Sydney_Sutherland
au,Newcastle_and_Lake_Macquarie,GNN,123,20,500,0.5,MVA_equivalent_PF1,574.6875,0.00057459481566623691,0.3302124581281905,76.817623999188697,0.13366851375606517,False,9.5130969979688302,0.16102207436628607,0,0,-9.3520749236025438,0,False,True,4.0362812500000005e-07,True,True,11,Central_Coast|Hunter_Valley_exc_Newcastle|Sydney_City_and_Inner_South|Sydney_Eastern_Suburbs|Sydney_Inner_South_West|Sydney_Inner_West|Sydney_North_Sydney_and_Hornsby|Sydney_Northern_Beaches|Sydney_Parramatta|Sydney_Ryde|Sydney_Sutherland
au,Newcastle_and_Lake_Macquarie,GNN,123,20,100,0.80000000000000004,MVA_equivalent_PF1,574.6875,0.22323888111487536,128.29259449070494,76.817623999188697,0.13366851375606517,True,0.57008555828887886,3.1654725029100668,0,0.028466712263920613,2.5953869446211879,0.028466712263920613,True,True,3.6281250000000116e-09,True,False,11,Central_Coast|Hunter_Valley_exc_Newcastle|Sydney_City_and_Inner_South|Sydney_Eastern_Suburbs|Sydney_Inner_South_West|Sydney_Inner_West|Sydney_North_Sydney_and_Hornsby|Sydney_Northern_Beaches|Sydney_Parramatta|Sydney_Ryde|Sydney_Sutherland
au,Newcastle_and_Lake_Macquarie,GNN,123,20,300,0.80000000000000004,MVA_equivalent_PF1,574.6875,0.22323888111487536,128.29259449070494,76.817623999188697,0.13366851375606517,True,1.2844608093752807,25.85116297368824,0,53.43694452292597,24.566702164312957,53.43694452292597,True,True,2.0362812500000003e-07,True,False,11,Central_Coast|Hunter_Valley_exc_Newcastle|Sydney_City_and_Inner_South|Sydney_Eastern_Suburbs|Sydney_Inner_South_West|Sydney_Inner_West|Sydney_North_Sydney_and_Hornsby|Sydney_Northern_Beaches|Sydney_Parramatta|Sydney_Ryde|Sydney_Sutherland
au,Newcastle_and_Lake_Macquarie,GNN,123,20,500,0.80000000000000004,MVA_equivalent_PF1,574.6875,0.22323888111487536,128.29259449070494,76.817623999188697,0.13366851375606517,True,9.5130969979688302,70.571688583101292,0,69.934062815373579,61.058591585132461,69.934062815373579,True,True,4.0362812500000005e-07,True,False,11,Central_Coast|Hunter_Valley_exc_Newcastle|Sydney_City_and_Inner_South|Sydney_Eastern_Suburbs|Sydney_Inner_South_West|Sydney_Inner_West|Sydney_North_Sydney_and_Hornsby|Sydney_Northern_Beaches|Sydney_Parramatta|Sydney_Ryde|Sydney_Sutherland
au,Newcastle_and_Lake_Macquarie,GNN,123,20,100,0.90000000000000002,MVA_equivalent_PF1,574.6875,0.26075909777749601,149.85499400400474,76.817623999188697,0.13366851375606517,True,0.57008555828887886,4.3002745758289551,0,10.875388607897042,3.7301890175400763,10.875388607897042,True,True,3.6281250000000116e-09,True,False,11,Central_Coast|Hunter_Valley_exc_Newcastle|Sydney_City_and_Inner_South|Sydney_Eastern_Suburbs|Sydney_Inner_South_West|Sydney_Inner_West|Sydney_North_Sydney_and_Hornsby|Sydney_Northern_Beaches|Sydney_Parramatta|Sydney_Ryde|Sydney_Sutherland
au,Newcastle_and_Lake_Macquarie,GNN,123,20,300,0.90000000000000002,MVA_equivalent_PF1,574.6875,0.26075909777749601,149.85499400400474,76.817623999188697,0.13366851375606517,True,1.2844608093752807,33.114108499048612,0,74.999344036225764,31.82964768967333,74.999344036225764,True,True,2.0362812500000003e-07,True,False,11,Central_Coast|Hunter_Valley_exc_Newcastle|Sydney_City_and_Inner_South|Sydney_Eastern_Suburbs|Sydney_Inner_South_West|Sydney_Inner_West|Sydney_North_Sydney_and_Hornsby|Sydney_Northern_Beaches|Sydney_Parramatta|Sydney_Ryde|Sydney_Sutherland
au,Newcastle_and_Lake_Macquarie,GNN,123,20,500,0.90000000000000002,MVA_equivalent_PF1,574.6875,0.26075909777749601,149.85499400400474,76.817623999188697,0.13366851375606517,True,9.5130969979688302,84.735890102738537,0,91.496462328673402,75.222793104769707,91.496462328673402,True,True,4.0362812500000005e-07,True,False,11,Central_Coast|Hunter_Valley_exc_Newcastle|Sydney_City_and_Inner_South|Sydney_Eastern_Suburbs|Sydney_Inner_South_West|Sydney_Inner_West|Sydney_North_Sydney_and_Hornsby|Sydney_Northern_Beaches|Sydney_Parramatta|Sydney_Ryde|Sydney_Sutherland
au,Newcastle_and_Lake_Macquarie,GNN,123,20,100,1,MVA_equivalent_PF1,574.6875,0.5565618206190055,319.84912128698471,76.817623999188697,0.13366851375606517,True,0.57008555828887886,31.362862557827516,0,180.86951589087704,30.792776999538638,180.86951589087704,True,True,3.6281250000000116e-09,True,False,11,Central_Coast|Hunter_Valley_exc_Newcastle|Sydney_City_and_Inner_South|Sydney_Eastern_Suburbs|Sydney_Inner_South_West|Sydney_Inner_West|Sydney_North_Sydney_and_Hornsby|Sydney_Northern_Beaches|Sydney_Parramatta|Sydney_Ryde|Sydney_Sutherland
au,Newcastle_and_Lake_Macquarie,GNN,123,20,300,1,MVA_equivalent_PF1,574.6875,0.5565618206190055,319.84912128698471,76.817623999188697,0.13366851375606517,True,1.2844608093752807,120.32590875611017,0,244.99347131920567,119.04144794673489,244.99347131920567,True,True,2.0362812500000003e-07,True,False,11,Central_Coast|Hunter_Valley_exc_Newcastle|Sydney_City_and_Inner_South|Sydney_Eastern_Suburbs|Sydney_Inner_South_West|Sydney_Inner_West|Sydney_North_Sydney_and_Hornsby|Sydney_Northern_Beaches|Sydney_Parramatta|Sydney_Ryde|Sydney_Sutherland
au,Newcastle_and_Lake_Macquarie,GNN,123,20,500,1,MVA_equivalent_PF1,574.6875,0.5565618206190055,319.84912128698471,76.817623999188697,0.13366851375606517,True,9.5130969979688302,222.97830180573101,0,261.49058961165332,213.46520480776218,261.49058961165332,True,True,4.0362812500000005e-07,True,False,11,Central_Coast|Hunter_Valley_exc_Newcastle|Sydney_City_and_Inner_South|Sydney_Eastern_Suburbs|Sydney_Inner_South_West|Sydney_Inner_West|Sydney_North_Sydney_and_Hornsby|Sydney_Northern_Beaches|Sydney_Parramatta|Sydney_Ryde|Sydney_Sutherland
au,Newcastle_and_Lake_Macquarie,GNN,456,10,100,0.5,MVA_equivalent_PF1,574.6875,0.22976212086763717,132.04141883612024,321.97986937560779,0.56026948450350456,False,17.678712123507548,57.961933083760712,11.150000000000006,128.88128829362978,40.283220960253161,117.73128829362977,True,True,1.0000000000000001e-07,False,False,11,Central_Coast|Hunter_Valley_exc_Newcastle|Sydney_City_and_Inner_South|Sydney_Eastern_Suburbs|Sydney_Inner_South_West|Sydney_Inner_West|Sydney_North_Sydney_and_Hornsby|Sydney_Northern_Beaches|Sydney_Parramatta|Sydney_Ryde|Sydney_Sutherland
au,Newcastle_and_Lake_Macquarie,GNN,456,10,300,0.5,MVA_equivalent_PF1,574.6875,0.22976212086763717,132.04141883612024,321.97986937560779,0.56026948450350456,False,32.62065102165392,92.339455036734506,1.4039062499999972,78.949373285050257,59.718804015080586,77.545467035050265,True,True,3.0000000000000004e-07,False,False,11,Central_Coast|Hunter_Valley_exc_Newcastle|Sydney_City_and_Inner_South|Sydney_Eastern_Suburbs|Sydney_Inner_South_West|Sydney_Inner_West|Sydney_North_Sydney_and_Hornsby|Sydney_Northern_Beaches|Sydney_Parramatta|Sydney_Ryde|Sydney_Sutherland
au,Newcastle_and_Lake_Macquarie,GNN,456,10,500,0.5,MVA_equivalent_PF1,574.6875,0.22976212086763717,132.04141883612024,321.97986937560779,0.56026948450350456,False,63.828217663977995,118.10060101668773,12.113281249999993,118.30043692990962,54.272383352709738,106.18715567990964,True,True,5.0000000000000008e-07,False,False,11,Central_Coast|Hunter_Valley_exc_Newcastle|Sydney_City_and_Inner_South|Sydney_Eastern_Suburbs|Sydney_Inner_South_West|Sydney_Inner_West|Sydney_North_Sydney_and_Hornsby|Sydney_Northern_Beaches|Sydney_Parramatta|Sydney_Ryde|Sydney_Sutherland
au,Newcastle_and_Lake_Macquarie,GNN,456,10,100,0.80000000000000004,MVA_equivalent_PF1,574.6875,0.41204512492035128,236.79718272766436,321.97986937560779,0.56026948450350456,False,17.678712123507548,119.04199774439776,11.150000000000006,233.63705218517379,101.36328562089021,222.48705218517378,True,True,1.0000000000000001e-07,False,False,11,Central_Coast|Hunter_Valley_exc_Newcastle|Sydney_City_and_Inner_South|Sydney_Eastern_Suburbs|Sydney_Inner_South_West|Sydney_Inner_West|Sydney_North_Sydney_and_Hornsby|Sydney_Northern_Beaches|Sydney_Parramatta|Sydney_Ryde|Sydney_Sutherland
au,Newcastle_and_Lake_Macquarie,GNN,456,10,300,0.80000000000000004,MVA_equivalent_PF1,574.6875,0.41204512492035128,236.79718272766436,321.97986937560779,0.56026948450350456,False,32.62065102165392,178.31802993382547,1.4039062499999972,183.70513717659443,145.69737891217156,182.30123092659443,True,True,3.0000000000000004e-07,False,False,11,Central_Coast|Hunter_Valley_exc_Newcastle|Sydney_City_and_Inner_South|Sydney_Eastern_Suburbs|Sydney_Inner_South_West|Sydney_Inner_West|Sydney_North_Sydney_and_Hornsby|Sydney_Northern_Beaches|Sydney_Parramatta|Sydney_Ryde|Sydney_Sutherland
au,Newcastle_and_Lake_Macquarie,GNN,456,10,500,0.80000000000000004,MVA_equivalent_PF1,574.6875,0.41204512492035128,236.79718272766436,321.97986937560779,0.56026948450350456,False,63.828217663977995,219.10546548379668,12.113281249999993,223.0562008214537,155.27724781981868,210.9429195714537,True,True,5.0000000000000008e-07,False,False,11,Central_Coast|Hunter_Valley_exc_Newcastle|Sydney_City_and_Inner_South|Sydney_Eastern_Suburbs|Sydney_Inner_South_West|Sydney_Inner_West|Sydney_North_Sydney_and_Hornsby|Sydney_Northern_Beaches|Sydney_Parramatta|Sydney_Ryde|Sydney_Sutherland
au,Newcastle_and_Lake_Macquarie,GNN,456,10,100,0.90000000000000002,MVA_equivalent_PF1,574.6875,0.42134464876692135,242.14150283824011,321.97986937560779,0.56026948450350456,False,17.678712123507548,122.50336466178982,11.150000000000006,238.98137229574962,104.82465253828227,227.83137229574962,True,True,1.0000000000000001e-07,False,False,11,Central_Coast|Hunter_Valley_exc_Newcastle|Sydney_City_and_Inner_South|Sydney_Eastern_Suburbs|Sydney_Inner_South_West|Sydney_Inner_West|Sydney_North_Sydney_and_Hornsby|Sydney_Northern_Beaches|Sydney_Parramatta|Sydney_Ryde|Sydney_Sutherland
au,Newcastle_and_Lake_Macquarie,GNN,456,10,300,0.90000000000000002,MVA_equivalent_PF1,574.6875,0.42134464876692135,242.14150283824011,321.97986937560779,0.56026948450350456,False,32.62065102165392,182.95185255525425,1.4039062499999972,189.04945728717013,150.33120153360034,187.64555103717012,True,True,3.0000000000000004e-07,False,False,11,Central_Coast|Hunter_Valley_exc_Newcastle|Sydney_City_and_Inner_South|Sydney_Eastern_Suburbs|Sydney_Inner_South_West|Sydney_Inner_West|Sydney_North_Sydney_and_Hornsby|Sydney_Northern_Beaches|Sydney_Parramatta|Sydney_Ryde|Sydney_Sutherland
au,Newcastle_and_Lake_Macquarie,GNN,456,10,500,0.90000000000000002,MVA_equivalent_PF1,574.6875,0.42134464876692135,242.14150283824011,321.97986937560779,0.56026948450350456,False,63.828217663977995,224.4471134343172,12.113281249999993,228.40052093202939,160.61889577033921,216.28723968202939,True,True,5.0000000000000008e-07,False,False,11,Central_Coast|Hunter_Valley_exc_Newcastle|Sydney_City_and_Inner_South|Sydney_Eastern_Suburbs|Sydney_Inner_South_West|Sydney_Inner_West|Sydney_North_Sydney_and_Hornsby|Sydney_Northern_Beaches|Sydney_Parramatta|Sydney_Ryde|Sydney_Sutherland
au,Newcastle_and_Lake_Macquarie,GNN,456,10,100,1,MVA_equivalent_PF1,574.6875,0.59205489131675215,340.24654535359599,321.97986937560779,0.56026948450350456,True,17.678712123507548,194.71088249110491,11.150000000000006,337.0864148111055,177.03217036759736,325.93641481110546,True,True,1.0000000000000001e-07,False,False,11,Central_Coast|Hunter_Valley_exc_Newcastle|Sydney_City_and_Inner_South|Sydney_Eastern_Suburbs|Sydney_Inner_South_West|Sydney_Inner_West|Sydney_North_Sydney_and_Hornsby|Sydney_Northern_Beaches|Sydney_Parramatta|Sydney_Ryde|Sydney_Sutherland
au,Newcastle_and_Lake_Macquarie,GNN,456,10,300,1,MVA_equivalent_PF1,574.6875,0.59205489131675215,340.24654535359599,321.97986937560779,0.56026948450350456,True,32.62065102165392,273.04195426038194,1.4039062499999972,287.154499802526,240.42130323872803,285.75059355252603,True,True,3.0000000000000004e-07,False,False,11,Central_Coast|Hunter_Valley_exc_Newcastle|Sydney_City_and_Inner_South|Sydney_Eastern_Suburbs|Sydney_Inner_South_West|Sydney_Inner_West|Sydney_North_Sydney_and_Hornsby|Sydney_Northern_Beaches|Sydney_Parramatta|Sydney_Ryde|Sydney_Sutherland
au,Newcastle_and_Lake_Macquarie,GNN,456,10,500,1,MVA_equivalent_PF1,574.6875,0.59205489131675215,340.24654535359599,321.97986937560779,0.56026948450350456,True,63.828217663977995,322.54954457890437,12.113281249999993,326.50556344738533,258.72132691492641,314.39228219738533,True,True,5.0000000000000008e-07,False,False,11,Central_Coast|Hunter_Valley_exc_Newcastle|Sydney_City_and_Inner_South|Sydney_Eastern_Suburbs|Sydney_Inner_South_West|Sydney_Inner_West|Sydney_North_Sydney_and_Hornsby|Sydney_Northern_Beaches|Sydney_Parramatta|Sydney_Ryde|Sydney_Sutherland
au,Newcastle_and_Lake_Macquarie,GNN,456,20,100,0.5,MVA_equivalent_PF1,574.6875,0.00069645120551833841,0.4002418021713201,318.09185599948967,0.55350404524109131,False,1.1854154489829825,0.0098059241531975091,0,0,-1.1756095248297849,0,False,True,3.6281250000000116e-09,True,True,11,Central_Coast|Hunter_Valley_exc_Newcastle|Sydney_City_and_Inner_South|Sydney_Eastern_Suburbs|Sydney_Inner_South_West|Sydney_Inner_West|Sydney_North_Sydney_and_Hornsby|Sydney_Northern_Beaches|Sydney_Parramatta|Sydney_Ryde|Sydney_Sutherland
au,Newcastle_and_Lake_Macquarie,GNN,456,20,300,0.5,MVA_equivalent_PF1,574.6875,0.00069645120551833841,0.4002418021713201,318.09185599948967,0.55350404524109131,False,2.9591103281916395,0.031418981470449837,0,0,-2.9276913467211898,0,False,True,2.0362812500000003e-07,True,True,11,Central_Coast|Hunter_Valley_exc_Newcastle|Sydney_City_and_Inner_South|Sydney_Eastern_Suburbs|Sydney_Inner_South_West|Sydney_Inner_West|Sydney_North_Sydney_and_Hornsby|Sydney_Northern_Beaches|Sydney_Parramatta|Sydney_Ryde|Sydney_Sutherland
au,Newcastle_and_Lake_Macquarie,GNN,456,20,500,0.5,MVA_equivalent_PF1,574.6875,0.00069645120551833841,0.4002418021713201,318.09185599948967,0.55350404524109131,False,13.888714272682783,0.19453410744626501,0,0,-13.694180165236519,0,False,True,4.0362812500000005e-07,True,True,11,Central_Coast|Hunter_Valley_exc_Newcastle|Sydney_City_and_Inner_South|Sydney_Eastern_Suburbs|Sydney_Inner_South_West|Sydney_Inner_West|Sydney_North_Sydney_and_Hornsby|Sydney_Northern_Beaches|Sydney_Parramatta|Sydney_Ryde|Sydney_Sutherland
au,Newcastle_and_Lake_Macquarie,GNN,456,20,100,0.80000000000000004,MVA_equivalent_PF1,574.6875,0.21492893851430625,123.51697435244037,318.09185599948967,0.55350404524109131,False,1.1854154489829825,3.4091604611030579,0,6.4390149965788996,2.2237450121200757,6.4390149965788996,True,True,3.6281250000000116e-09,True,False,11,Central_Coast|Hunter_Valley_exc_Newcastle|Sydney_City_and_Inner_South|Sydney_Eastern_Suburbs|Sydney_Inner_South_West|Sydney_Inner_West|Sydney_North_Sydney_and_Hornsby|Sydney_Northern_Beaches|Sydney_Parramatta|Sydney_Ryde|Sydney_Sutherland
au,Newcastle_and_Lake_Macquarie,GNN,456,20,300,0.80000000000000004,MVA_equivalent_PF1,574.6875,0.21492893851430625,123.51697435244037,318.09185599948967,0.55350404524109131,False,2.9591103281916395,26.884822489822433,0,64.18958519535407,23.925712161630795,64.18958519535407,True,True,2.0362812500000003e-07,True,False,11,Central_Coast|Hunter_Valley_exc_Newcastle|Sydney_City_and_Inner_South|Sydney_Eastern_Suburbs|Sydney_Inner_South_West|Sydney_Inner_West|Sydney_North_Sydney_and_Hornsby|Sydney_Northern_Beaches|Sydney_Parramatta|Sydney_Ryde|Sydney_Sutherland
au,Newcastle_and_Lake_Macquarie,GNN,456,20,500,0.80000000000000004,MVA_equivalent_PF1,574.6875,0.21492893851430625,123.51697435244037,318.09185599948967,0.55350404524109131,False,13.888714272682783,64.72642830398398,0,50.36370620485549,50.837714031301196,50.36370620485549,True,True,4.0362812500000005e-07,True,False,11,Central_Coast|Hunter_Valley_exc_Newcastle|Sydney_City_and_Inner_South|Sydney_Eastern_Suburbs|Sydney_Inner_South_West|Sydney_Inner_West|Sydney_North_Sydney_and_Hornsby|Sydney_Northern_Beaches|Sydney_Parramatta|Sydney_Ryde|Sydney_Sutherland
au,Newcastle_and_Lake_Macquarie,GNN,456,20,100,0.90000000000000002,MVA_equivalent_PF1,574.6875,0.27461631380204293,157.81856283811155,318.09185599948967,0.55350404524109131,False,1.1854154489829825,6.0130235175596098,0,40.466993816579588,4.8276080685766276,40.466993816579588,True,True,3.6281250000000116e-09,True,False,11,Central_Coast|Hunter_Valley_exc_Newcastle|Sydney_City_and_Inner_South|Sydney_Eastern_Suburbs|Sydney_Inner_South_West|Sydney_Inner_West|Sydney_North_Sydney_and_Hornsby|Sydney_Northern_Beaches|Sydney_Parramatta|Sydney_Ryde|Sydney_Sutherland
au,Newcastle_and_Lake_Macquarie,GNN,456,20,300,0.90000000000000002,MVA_equivalent_PF1,574.6875,0.27461631380204293,157.81856283811155,318.09185599948967,0.55350404524109131,False,2.9591103281916395,38.274203037000333,0,98.491173681025245,35.315092708808692,98.491173681025245,True,True,2.0362812500000003e-07,True,False,11,Central_Coast|Hunter_Valley_exc_Newcastle|Sydney_City_and_Inner_South|Sydney_Eastern_Suburbs|Sydney_Inner_South_West|Sydney_Inner_West|Sydney_North_Sydney_and_Hornsby|Sydney_Northern_Beaches|Sydney_Parramatta|Sydney_Ryde|Sydney_Sutherland
au,Newcastle_and_Lake_Macquarie,GNN,456,20,500,0.90000000000000002,MVA_equivalent_PF1,574.6875,0.27461631380204293,157.81856283811155,318.09185599948967,0.55350404524109131,False,13.888714272682783,85.763764591336184,0,84.665294690526707,71.875050318653393,84.665294690526707,True,True,4.0362812500000005e-07,True,False,11,Central_Coast|Hunter_Valley_exc_Newcastle|Sydney_City_and_Inner_South|Sydney_Eastern_Suburbs|Sydney_Inner_South_West|Sydney_Inner_West|Sydney_North_Sydney_and_Hornsby|Sydney_Northern_Beaches|Sydney_Parramatta|Sydney_Ryde|Sydney_Sutherland
au,Newcastle_and_Lake_Macquarie,GNN,456,20,100,1,MVA_equivalent_PF1,574.6875,0.76965969573667559,442.31380639367075,318.09185599948967,0.55350404524109131,True,1.1854154489829825,86.999789516047372,0,324.96223737213876,85.814374067064392,324.96223737213876,True,True,3.6281250000000116e-09,True,False,11,Central_Coast|Hunter_Valley_exc_Newcastle|Sydney_City_and_Inner_South|Sydney_Eastern_Suburbs|Sydney_Inner_South_West|Sydney_Inner_West|Sydney_North_Sydney_and_Hornsby|Sydney_Northern_Beaches|Sydney_Parramatta|Sydney_Ryde|Sydney_Sutherland
au,Newcastle_and_Lake_Macquarie,GNN,456,20,300,1,MVA_equivalent_PF1,574.6875,0.76965969573667559,442.31380639367075,318.09185599948967,0.55350404524109131,True,2.9591103281916395,197.19833533132663,0,382.98641723658437,194.239225003135,382.98641723658437,True,True,2.0362812500000003e-07,True,False,11,Central_Coast|Hunter_Valley_exc_Newcastle|Sydney_City_and_Inner_South|Sydney_Eastern_Suburbs|Sydney_Inner_South_West|Sydney_Inner_West|Sydney_North_Sydney_and_Hornsby|Sydney_Northern_Beaches|Sydney_Parramatta|Sydney_Ryde|Sydney_Sutherland
au,Newcastle_and_Lake_Macquarie,GNN,456,20,500,1,MVA_equivalent_PF1,574.6875,0.76965969573667559,442.31380639367075,318.09185599948967,0.55350404524109131,True,13.888714272682783,311.38503491519378,0,369.16053824608599,297.49632064251102,369.16053824608599,True,True,4.0362812500000005e-07,True,False,11,Central_Coast|Hunter_Valley_exc_Newcastle|Sydney_City_and_Inner_South|Sydney_Eastern_Suburbs|Sydney_Inner_South_West|Sydney_Inner_West|Sydney_North_Sydney_and_Hornsby|Sydney_Northern_Beaches|Sydney_Parramatta|Sydney_Ryde|Sydney_Sutherland
au,Sydney_City_and_Inner_South,Uni,,10,100,0.5,MVA_equivalent_PF1,853.19620000000009,0.19554968763536201,166.84225040167786,250.52327428394091,0.29362914917335647,False,0,0,0,0,0,0,True,True,1.0000000000000001e-09,True,True,11,Central_Coast|Hunter_Valley_exc_Newcastle|Newcastle_and_Lake_Macquarie|Sydney_Eastern_Suburbs|Sydney_Inner_South_West|Sydney_Inner_West|Sydney_North_Sydney_and_Hornsby|Sydney_Northern_Beaches|Sydney_Parramatta|Sydney_Ryde|Sydney_Sutherland
au,Sydney_City_and_Inner_South,Uni,,10,300,0.5,MVA_equivalent_PF1,853.19620000000009,0.19554968763536201,166.84225040167786,250.52327428394091,0.29362914917335647,False,0,0.019322791318738836,0,0,0.019322791318738836,0,True,True,1.0000000000000001e-09,True,True,11,Central_Coast|Hunter_Valley_exc_Newcastle|Newcastle_and_Lake_Macquarie|Sydney_Eastern_Suburbs|Sydney_Inner_South_West|Sydney_Inner_West|Sydney_North_Sydney_and_Hornsby|Sydney_Northern_Beaches|Sydney_Parramatta|Sydney_Ryde|Sydney_Sutherland
au,Sydney_City_and_Inner_South,Uni,,10,500,0.5,MVA_equivalent_PF1,853.19620000000009,0.19554968763536201,166.84225040167786,250.52327428394091,0.29362914917335647,False,0.19164457787478115,5.0433927322389325,0,84.854887144083179,4.8517481543641514,84.854887144083179,True,True,1.0000000000000001e-09,True,False,11,Central_Coast|Hunter_Valley_exc_Newcastle|Newcastle_and_Lake_Macquarie|Sydney_Eastern_Suburbs|Sydney_Inner_South_West|Sydney_Inner_West|Sydney_North_Sydney_and_Hornsby|Sydney_Northern_Beaches|Sydney_Parramatta|Sydney_Ryde|Sydney_Sutherland
au,Sydney_City_and_Inner_South,Uni,,10,100,0.80000000000000004,MVA_equivalent_PF1,853.19620000000009,0.25670449501815934,219.0192996724125,250.52327428394091,0.29362914917335647,False,0,0,0,0,0,0,True,True,1.0000000000000001e-09,True,True,11,Central_Coast|Hunter_Valley_exc_Newcastle|Newcastle_and_Lake_Macquarie|Sydney_Eastern_Suburbs|Sydney_Inner_South_West|Sydney_Inner_West|Sydney_North_Sydney_and_Hornsby|Sydney_Northern_Beaches|Sydney_Parramatta|Sydney_Ryde|Sydney_Sutherland
au,Sydney_City_and_Inner_South,Uni,,10,300,0.80000000000000004,MVA_equivalent_PF1,853.19620000000009,0.25670449501815934,219.0192996724125,250.52327428394091,0.29362914917335647,False,0,0.42057570302282804,0,0,0.42057570302282804,0,True,True,1.0000000000000001e-09,True,True,11,Central_Coast|Hunter_Valley_exc_Newcastle|Newcastle_and_Lake_Macquarie|Sydney_Eastern_Suburbs|Sydney_Inner_South_West|Sydney_Inner_West|Sydney_North_Sydney_and_Hornsby|Sydney_Northern_Beaches|Sydney_Parramatta|Sydney_Ryde|Sydney_Sutherland
au,Sydney_City_and_Inner_South,Uni,,10,500,0.80000000000000004,MVA_equivalent_PF1,853.19620000000009,0.25670449501815934,219.0192996724125,250.52327428394091,0.29362914917335647,False,0.19164457787478115,7.2309092084778364,0,137.03193641481784,7.0392646306030553,137.03193641481784,True,True,1.0000000000000001e-09,True,False,11,Central_Coast|Hunter_Valley_exc_Newcastle|Newcastle_and_Lake_Macquarie|Sydney_Eastern_Suburbs|Sydney_Inner_South_West|Sydney_Inner_West|Sydney_North_Sydney_and_Hornsby|Sydney_Northern_Beaches|Sydney_Parramatta|Sydney_Ryde|Sydney_Sutherland
au,Sydney_City_and_Inner_South,Uni,,10,100,0.90000000000000002,MVA_equivalent_PF1,853.19620000000009,0.32825135197067157,280.0628061462395,250.52327428394091,0.29362914917335647,True,0,0,0,0,0,0,True,True,1.0000000000000001e-09,True,True,11,Central_Coast|Hunter_Valley_exc_Newcastle|Newcastle_and_Lake_Macquarie|Sydney_Eastern_Suburbs|Sydney_Inner_South_West|Sydney_Inner_West|Sydney_North_Sydney_and_Hornsby|Sydney_Northern_Beaches|Sydney_Parramatta|Sydney_Ryde|Sydney_Sutherland
au,Sydney_City_and_Inner_South,Uni,,10,300,0.90000000000000002,MVA_equivalent_PF1,853.19620000000009,0.32825135197067157,280.0628061462395,250.52327428394091,0.29362914917335647,True,0,1.8115525053829535,0,8.2302455271535848,1.8115525053829535,8.2302455271535848,True,True,1.0000000000000001e-09,True,False,11,Central_Coast|Hunter_Valley_exc_Newcastle|Newcastle_and_Lake_Macquarie|Sydney_Eastern_Suburbs|Sydney_Inner_South_West|Sydney_Inner_West|Sydney_North_Sydney_and_Hornsby|Sydney_Northern_Beaches|Sydney_Parramatta|Sydney_Ryde|Sydney_Sutherland
au,Sydney_City_and_Inner_South,Uni,,10,500,0.90000000000000002,MVA_equivalent_PF1,853.19620000000009,0.32825135197067157,280.0628061462395,250.52327428394091,0.29362914917335647,True,0.19164457787478115,9.8252582336154823,0,198.07544288864486,9.6336136557407013,198.07544288864486,True,True,1.0000000000000001e-09,True,False,11,Central_Coast|Hunter_Valley_exc_Newcastle|Newcastle_and_Lake_Macquarie|Sydney_Eastern_Suburbs|Sydney_Inner_South_West|Sydney_Inner_West|Sydney_North_Sydney_and_Hornsby|Sydney_Northern_Beaches|Sydney_Parramatta|Sydney_Ryde|Sydney_Sutherland
au,Sydney_City_and_Inner_South,Uni,,10,100,1,MVA_equivalent_PF1,853.19620000000009,0.44609524922203769,380.60677147429556,250.52327428394091,0.29362914917335647,True,0,0.059858590566503042,0,0,0.059858590566503042,0,True,True,1.0000000000000001e-09,True,True,11,Central_Coast|Hunter_Valley_exc_Newcastle|Newcastle_and_Lake_Macquarie|Sydney_Eastern_Suburbs|Sydney_Inner_South_West|Sydney_Inner_West|Sydney_North_Sydney_and_Hornsby|Sydney_Northern_Beaches|Sydney_Parramatta|Sydney_Ryde|Sydney_Sutherland
au,Sydney_City_and_Inner_South,Uni,,10,300,1,MVA_equivalent_PF1,853.19620000000009,0.44609524922203769,380.60677147429556,250.52327428394091,0.29362914917335647,True,0,5.8062649346273485,0,98.619408216700819,5.8062649346273485,98.619408216700819,True,True,1.0000000000000001e-09,True,False,11,Central_Coast|Hunter_Valley_exc_Newcastle|Newcastle_and_Lake_Macquarie|Sydney_Eastern_Suburbs|Sydney_Inner_South_West|Sydney_Inner_West|Sydney_North_Sydney_and_Hornsby|Sydney_Northern_Beaches|Sydney_Parramatta|Sydney_Ryde|Sydney_Sutherland
au,Sydney_City_and_Inner_South,Uni,,10,500,1,MVA_equivalent_PF1,853.19620000000009,0.44609524922203769,380.60677147429556,250.52327428394091,0.29362914917335647,True,0.19164457787478115,15.148591666627127,0,298.61940821670078,14.956947088752345,298.61940821670078,True,True,1.0000000000000001e-09,True,False,11,Central_Coast|Hunter_Valley_exc_Newcastle|Newcastle_and_Lake_Macquarie|Sydney_Eastern_Suburbs|Sydney_Inner_South_West|Sydney_Inner_West|Sydney_North_Sydney_and_Hornsby|Sydney_Northern_Beaches|Sydney_Parramatta|Sydney_Ryde|Sydney_Sutherland
au,Sydney_City_and_Inner_South,Uni,,20,100,0.5,MVA_equivalent_PF1,853.19620000000009,0.1178905508771788,100.58377002431563,3.4106051316484809e-13,3.9974452906007794e-16,True,0,0,0,0,0,0,True,True,1.0000000000000001e-09,True,True,11,Central_Coast|Hunter_Valley_exc_Newcastle|Newcastle_and_Lake_Macquarie|Sydney_Eastern_Suburbs|Sydney_Inner_South_West|Sydney_Inner_West|Sydney_North_Sydney_and_Hornsby|Sydney_Northern_Beaches|Sydney_Parramatta|Sydney_Ryde|Sydney_Sutherland
au,Sydney_City_and_Inner_South,Uni,,20,300,0.5,MVA_equivalent_PF1,853.19620000000009,0.1178905508771788,100.58377002431563,3.4106051316484809e-13,3.9974452906007794e-16,True,0,0,0,0,0,0,True,True,1.0000000000000001e-09,True,True,11,Central_Coast|Hunter_Valley_exc_Newcastle|Newcastle_and_Lake_Macquarie|Sydney_Eastern_Suburbs|Sydney_Inner_South_West|Sydney_Inner_West|Sydney_North_Sydney_and_Hornsby|Sydney_Northern_Beaches|Sydney_Parramatta|Sydney_Ryde|Sydney_Sutherland
au,Sydney_City_and_Inner_South,Uni,,20,500,0.5,MVA_equivalent_PF1,853.19620000000009,0.1178905508771788,100.58377002431563,3.4106051316484809e-13,3.9974452906007794e-16,True,0,0,0,0,0,0,True,True,1.0000000000000001e-09,True,True,11,Central_Coast|Hunter_Valley_exc_Newcastle|Newcastle_and_Lake_Macquarie|Sydney_Eastern_Suburbs|Sydney_Inner_South_West|Sydney_Inner_West|Sydney_North_Sydney_and_Hornsby|Sydney_Northern_Beaches|Sydney_Parramatta|Sydney_Ryde|Sydney_Sutherland
au,Sydney_City_and_Inner_South,Uni,,20,100,0.80000000000000004,MVA_equivalent_PF1,853.19620000000009,0.20166758968246928,172.06202118024203,3.4106051316484809e-13,3.9974452906007794e-16,True,0,0,0,0,0,0,True,True,1.0000000000000001e-09,True,True,11,Central_Coast|Hunter_Valley_exc_Newcastle|Newcastle_and_Lake_Macquarie|Sydney_Eastern_Suburbs|Sydney_Inner_South_West|Sydney_Inner_West|Sydney_North_Sydney_and_Hornsby|Sydney_Northern_Beaches|Sydney_Parramatta|Sydney_Ryde|Sydney_Sutherland
au,Sydney_City_and_Inner_South,Uni,,20,300,0.80000000000000004,MVA_equivalent_PF1,853.19620000000009,0.20166758968246928,172.06202118024203,3.4106051316484809e-13,3.9974452906007794e-16,True,0,0,0,0,0,0,True,True,1.0000000000000001e-09,True,True,11,Central_Coast|Hunter_Valley_exc_Newcastle|Newcastle_and_Lake_Macquarie|Sydney_Eastern_Suburbs|Sydney_Inner_South_West|Sydney_Inner_West|Sydney_North_Sydney_and_Hornsby|Sydney_Northern_Beaches|Sydney_Parramatta|Sydney_Ryde|Sydney_Sutherland
au,Sydney_City_and_Inner_South,Uni,,20,500,0.80000000000000004,MVA_equivalent_PF1,853.19620000000009,0.20166758968246928,172.06202118024203,3.4106051316484809e-13,3.9974452906007794e-16,True,0,0,0,0,0,0,True,True,1.0000000000000001e-09,True,True,11,Central_Coast|Hunter_Valley_exc_Newcastle|Newcastle_and_Lake_Macquarie|Sydney_Eastern_Suburbs|Sydney_Inner_South_West|Sydney_Inner_West|Sydney_North_Sydney_and_Hornsby|Sydney_Northern_Beaches|Sydney_Parramatta|Sydney_Ryde|Sydney_Sutherland
au,Sydney_City_and_Inner_South,Uni,,20,100,0.90000000000000002,MVA_equivalent_PF1,853.19620000000009,0.2529809421544294,215.84237851857901,3.4106051316484809e-13,3.9974452906007794e-16,True,0,0,0,0,0,0,True,True,1.0000000000000001e-09,True,True,11,Central_Coast|Hunter_Valley_exc_Newcastle|Newcastle_and_Lake_Macquarie|Sydney_Eastern_Suburbs|Sydney_Inner_South_West|Sydney_Inner_West|Sydney_North_Sydney_and_Hornsby|Sydney_Northern_Beaches|Sydney_Parramatta|Sydney_Ryde|Sydney_Sutherland
au,Sydney_City_and_Inner_South,Uni,,20,300,0.90000000000000002,MVA_equivalent_PF1,853.19620000000009,0.2529809421544294,215.84237851857901,3.4106051316484809e-13,3.9974452906007794e-16,True,0,0,0,0,0,0,True,True,1.0000000000000001e-09,True,True,11,Central_Coast|Hunter_Valley_exc_Newcastle|Newcastle_and_Lake_Macquarie|Sydney_Eastern_Suburbs|Sydney_Inner_South_West|Sydney_Inner_West|Sydney_North_Sydney_and_Hornsby|Sydney_Northern_Beaches|Sydney_Parramatta|Sydney_Ryde|Sydney_Sutherland
au,Sydney_City_and_Inner_South,Uni,,20,500,0.90000000000000002,MVA_equivalent_PF1,853.19620000000009,0.2529809421544294,215.84237851857901,3.4106051316484809e-13,3.9974452906007794e-16,True,0,0,0,0,0,0,True,True,1.0000000000000001e-09,True,True,11,Central_Coast|Hunter_Valley_exc_Newcastle|Newcastle_and_Lake_Macquarie|Sydney_Eastern_Suburbs|Sydney_Inner_South_West|Sydney_Inner_West|Sydney_North_Sydney_and_Hornsby|Sydney_Northern_Beaches|Sydney_Parramatta|Sydney_Ryde|Sydney_Sutherland
au,Sydney_City_and_Inner_South,Uni,,20,100,1,MVA_equivalent_PF1,853.19620000000009,0.56636303530589271,483.21878954345357,3.4106051316484809e-13,3.9974452906007794e-16,True,0,0,0,0,0,0,True,True,1.0000000000000001e-09,True,True,11,Central_Coast|Hunter_Valley_exc_Newcastle|Newcastle_and_Lake_Macquarie|Sydney_Eastern_Suburbs|Sydney_Inner_South_West|Sydney_Inner_West|Sydney_North_Sydney_and_Hornsby|Sydney_Northern_Beaches|Sydney_Parramatta|Sydney_Ryde|Sydney_Sutherland
au,Sydney_City_and_Inner_South,Uni,,20,300,1,MVA_equivalent_PF1,853.19620000000009,0.56636303530589271,483.21878954345357,3.4106051316484809e-13,3.9974452906007794e-16,True,0,0,0,0,0,0,True,True,1.0000000000000001e-09,True,True,11,Central_Coast|Hunter_Valley_exc_Newcastle|Newcastle_and_Lake_Macquarie|Sydney_Eastern_Suburbs|Sydney_Inner_South_West|Sydney_Inner_West|Sydney_North_Sydney_and_Hornsby|Sydney_Northern_Beaches|Sydney_Parramatta|Sydney_Ryde|Sydney_Sutherland
au,Sydney_City_and_Inner_South,Uni,,20,500,1,MVA_equivalent_PF1,853.19620000000009,0.56636303530589271,483.21878954345357,3.4106051316484809e-13,3.9974452906007794e-16,True,0,43.568789543454159,0,43.568789543454159,43.568789543454159,43.568789543454159,True,True,1.0000000000000001e-09,True,False,11,Central_Coast|Hunter_Valley_exc_Newcastle|Newcastle_and_Lake_Macquarie|Sydney_Eastern_Suburbs|Sydney_Inner_South_West|Sydney_Inner_West|Sydney_North_Sydney_and_Hornsby|Sydney_Northern_Beaches|Sydney_Parramatta|Sydney_Ryde|Sydney_Sutherland
au,Sydney_City_and_Inner_South,LU,,10,100,0.5,MVA_equivalent_PF1,853.19620000000009,0.19273053199304105,164.43695752044107,235.49786763563947,0.27601842065827231,False,0,0,0,0,0,0,True,True,1.0000000000000001e-09,True,True,11,Central_Coast|Hunter_Valley_exc_Newcastle|Newcastle_and_Lake_Macquarie|Sydney_Eastern_Suburbs|Sydney_Inner_South_West|Sydney_Inner_West|Sydney_North_Sydney_and_Hornsby|Sydney_Northern_Beaches|Sydney_Parramatta|Sydney_Ryde|Sydney_Sutherland
au,Sydney_City_and_Inner_South,LU,,10,300,0.5,MVA_equivalent_PF1,853.19620000000009,0.19273053199304105,164.43695752044107,235.49786763563947,0.27601842065827231,False,0,0.0024299125780403302,0,0,0.0024299125780403302,0,True,True,1.0000000000000001e-09,True,True,11,Central_Coast|Hunter_Valley_exc_Newcastle|Newcastle_and_Lake_Macquarie|Sydney_Eastern_Suburbs|Sydney_Inner_South_West|Sydney_Inner_West|Sydney_North_Sydney_and_Hornsby|Sydney_Northern_Beaches|Sydney_Parramatta|Sydney_Ryde|Sydney_Sutherland
au,Sydney_City_and_Inner_South,LU,,10,500,0.5,MVA_equivalent_PF1,853.19620000000009,0.19273053199304105,164.43695752044107,235.49786763563947,0.27601842065827231,False,0.085451002607894788,4.3301567631031412,0,62.845937239846364,4.2447057604952461,62.845937239846364,True,True,1.0000000000000001e-09,True,False,11,Central_Coast|Hunter_Valley_exc_Newcastle|Newcastle_and_Lake_Macquarie|Sydney_Eastern_Suburbs|Sydney_Inner_South_West|Sydney_Inner_West|Sydney_North_Sydney_and_Hornsby|Sydney_Northern_Beaches|Sydney_Parramatta|Sydney_Ryde|Sydney_Sutherland
au,Sydney_City_and_Inner_South,LU,,10,100,0.80000000000000004,MVA_equivalent_PF1,853.19620000000009,0.27652582273620779,235.93078116040613,235.49786763563947,0.27601842065827231,True,0,0,0,0,0,0,True,True,1.0000000000000001e-09,True,True,11,Central_Coast|Hunter_Valley_exc_Newcastle|Newcastle_and_Lake_Macquarie|Sydney_Eastern_Suburbs|Sydney_Inner_South_West|Sydney_Inner_West|Sydney_North_Sydney_and_Hornsby|Sydney_Northern_Beaches|Sydney_Parramatta|Sydney_Ryde|Sydney_Sutherland
au,Sydney_City_and_Inner_South,LU,,10,300,0.80000000000000004,MVA_equivalent_PF1,853.19620000000009,0.27652582273620779,235.93078116040613,235.49786763563947,0.27601842065827231,True,0,0.44611763222493822,0,0,0.44611763222493822,0,True,True,1.0000000000000001e-09,True,True,11,Central_Coast|Hunter_Valley_exc_Newcastle|Newcastle_and_Lake_Macquarie|Sydney_Eastern_Suburbs|Sydney_Inner_South_West|Sydney_Inner_West|Sydney_North_Sydney_and_Hornsby|Sydney_Northern_Beaches|Sydney_Parramatta|Sydney_Ryde|Sydney_Sutherland
au,Sydney_City_and_Inner_South,LU,,10,500,0.80000000000000004,MVA_equivalent_PF1,853.19620000000009,0.27652582273620779,235.93078116040613,235.49786763563947,0.27601842065827231,True,0.085451002607894788,7.3228031866787813,0,134.33976087981142,7.2373521840708861,134.33976087981142,True,True,1.0000000000000001e-09,True,False,11,Central_Coast|Hunter_Valley_exc_Newcastle|Newcastle_and_Lake_Macquarie|Sydney_Eastern_Suburbs|Sydney_Inner_South_West|Sydney_Inner_West|Sydney_North_Sydney_and_Hornsby|Sydney_Northern_Beaches|Sydney_Parramatta|Sydney_Ryde|Sydney_Sutherland
au,Sydney_City_and_Inner_South,LU,,10,100,0.90000000000000002,MVA_equivalent_PF1,853.19620000000009,0.29934727037426312,255.40195356369389,235.49786763563947,0.27601842065827231,True,0,0,0,0,0,0,True,True,1.0000000000000001e-09,True,True,11,Central_Coast|Hunter_Valley_exc_Newcastle|Newcastle_and_Lake_Macquarie|Sydney_Eastern_Suburbs|Sydney_Inner_South_West|Sydney_Inner_West|Sydney_North_Sydney_and_Hornsby|Sydney_Northern_Beaches|Sydney_Parramatta|Sydney_Ryde|Sydney_Sutherland
au,Sydney_City_and_Inner_South,LU,,10,300,0.90000000000000002,MVA_equivalent_PF1,853.19620000000009,0.29934727037426312,255.40195356369389,235.49786763563947,0.27601842065827231,True,0,0.77234891915444459,0,0.059401698648002821,0.77234891915444459,0.059401698648002821,True,True,1.0000000000000001e-09,True,False,11,Central_Coast|Hunter_Valley_exc_Newcastle|Newcastle_and_Lake_Macquarie|Sydney_Eastern_Suburbs|Sydney_Inner_South_West|Sydney_Inner_West|Sydney_North_Sydney_and_Hornsby|Sydney_Northern_Beaches|Sydney_Parramatta|Sydney_Ryde|Sydney_Sutherland
au,Sydney_City_and_Inner_South,LU,,10,500,0.90000000000000002,MVA_equivalent_PF1,853.19620000000009,0.29934727037426312,255.40195356369389,235.49786763563947,0.27601842065827231,True,0.085451002607894788,8.1503280138185126,0,153.81093328309916,8.0648770112106174,153.81093328309916,True,True,1.0000000000000001e-09,True,False,11,Central_Coast|Hunter_Valley_exc_Newcastle|Newcastle_and_Lake_Macquarie|Sydney_Eastern_Suburbs|Sydney_Inner_South_West|Sydney_Inner_West|Sydney_North_Sydney_and_Hornsby|Sydney_Northern_Beaches|Sydney_Parramatta|Sydney_Ryde|Sydney_Sutherland
au,Sydney_City_and_Inner_South,LU,,10,100,1,MVA_equivalent_PF1,853.19620000000009,0.49347582631342024,421.0316998024702,235.49786763563947,0.27601842065827231,True,0,0.25386328605123298,0,0,0.25386328605123298,0,True,True,1.0000000000000001e-09,True,True,11,Central_Coast|Hunter_Valley_exc_Newcastle|Newcastle_and_Lake_Macquarie|Sydney_Eastern_Suburbs|Sydney_Inner_South_West|Sydney_Inner_West|Sydney_North_Sydney_and_Hornsby|Sydney_Northern_Beaches|Sydney_Parramatta|Sydney_Ryde|Sydney_Sutherland
au,Sydney_City_and_Inner_South,LU,,10,300,1,MVA_equivalent_PF1,853.19620000000009,0.49347582631342024,421.0316998024702,235.49786763563947,0.27601842065827231,True,0,6.7751661776719194,0,119.44067952187552,6.7751661776719194,119.44067952187552,True,True,1.0000000000000001e-09,True,False,11,Central_Coast|Hunter_Valley_exc_Newcastle|Newcastle_and_Lake_Macquarie|Sydney_Eastern_Suburbs|Sydney_Inner_South_West|Sydney_Inner_West|Sydney_North_Sydney_and_Hornsby|Sydney_Northern_Beaches|Sydney_Parramatta|Sydney_Ryde|Sydney_Sutherland
au,Sydney_City_and_Inner_South,LU,,10,500,1,MVA_equivalent_PF1,853.19620000000009,0.49347582631342024,421.0316998024702,235.49786763563947,0.27601842065827231,True,0.085451002607894788,17.61841903972876,0,319.4406795218755,17.532968037120867,319.4406795218755,True,True,1.0000000000000001e-09,True,False,11,Central_Coast|Hunter_Valley_exc_Newcastle|Newcastle_and_Lake_Macquarie|Sydney_Eastern_Suburbs|Sydney_Inner_South_West|Sydney_Inner_West|Sydney_North_Sydney_and_Hornsby|Sydney_Northern_Beaches|Sydney_Parramatta|Sydney_Ryde|Sydney_Sutherland
au,Sydney_City_and_Inner_South,LU,,20,100,0.5,MVA_equivalent_PF1,853.19620000000009,0.12446764645748185,106.19532298046698,1.1368683772161602e-13,1.332481763533593e-16,True,0,0,0,0,0,0,True,True,1.0000000000000001e-09,True,True,11,Central_Coast|Hunter_Valley_exc_Newcastle|Newcastle_and_Lake_Macquarie|Sydney_Eastern_Suburbs|Sydney_Inner_South_West|Sydney_Inner_West|Sydney_North_Sydney_and_Hornsby|Sydney_Northern_Beaches|Sydney_Parramatta|Sydney_Ryde|Sydney_Sutherland
au,Sydney_City_and_Inner_South,LU,,20,300,0.5,MVA_equivalent_PF1,853.19620000000009,0.12446764645748185,106.19532298046698,1.1368683772161602e-13,1.332481763533593e-16,True,0,0,0,0,0,0,True,True,1.0000000000000001e-09,True,True,11,Central_Coast|Hunter_Valley_exc_Newcastle|Newcastle_and_Lake_Macquarie|Sydney_Eastern_Suburbs|Sydney_Inner_South_West|Sydney_Inner_West|Sydney_North_Sydney_and_Hornsby|Sydney_Northern_Beaches|Sydney_Parramatta|Sydney_Ryde|Sydney_Sutherland
au,Sydney_City_and_Inner_South,LU,,20,500,0.5,MVA_equivalent_PF1,853.19620000000009,0.12446764645748185,106.19532298046698,1.1368683772161602e-13,1.332481763533593e-16,True,0,0,0,0,0,0,True,True,1.0000000000000001e-09,True,True,11,Central_Coast|Hunter_Valley_exc_Newcastle|Newcastle_and_Lake_Macquarie|Sydney_Eastern_Suburbs|Sydney_Inner_South_West|Sydney_Inner_West|Sydney_North_Sydney_and_Hornsby|Sydney_Northern_Beaches|Sydney_Parramatta|Sydney_Ryde|Sydney_Sutherland
au,Sydney_City_and_Inner_South,LU,,20,100,0.80000000000000004,MVA_equivalent_PF1,853.19620000000009,0.19620928093451631,167.40501289806178,1.1368683772161602e-13,1.332481763533593e-16,True,0,0,0,0,0,0,True,True,1.0000000000000001e-09,True,True,11,Central_Coast|Hunter_Valley_exc_Newcastle|Newcastle_and_Lake_Macquarie|Sydney_Eastern_Suburbs|Sydney_Inner_South_West|Sydney_Inner_West|Sydney_North_Sydney_and_Hornsby|Sydney_Northern_Beaches|Sydney_Parramatta|Sydney_Ryde|Sydney_Sutherland
au,Sydney_City_and_Inner_South,LU,,20,300,0.80000000000000004,MVA_equivalent_PF1,853.19620000000009,0.19620928093451631,167.40501289806178,1.1368683772161602e-13,1.332481763533593e-16,True,0,0,0,0,0,0,True,True,1.0000000000000001e-09,True,True,11,Central_Coast|Hunter_Valley_exc_Newcastle|Newcastle_and_Lake_Macquarie|Sydney_Eastern_Suburbs|Sydney_Inner_South_West|Sydney_Inner_West|Sydney_North_Sydney_and_Hornsby|Sydney_Northern_Beaches|Sydney_Parramatta|Sydney_Ryde|Sydney_Sutherland
au,Sydney_City_and_Inner_South,LU,,20,500,0.80000000000000004,MVA_equivalent_PF1,853.19620000000009,0.19620928093451631,167.40501289806178,1.1368683772161602e-13,1.332481763533593e-16,True,0,0,0,0,0,0,True,True,1.0000000000000001e-09,True,True,11,Central_Coast|Hunter_Valley_exc_Newcastle|Newcastle_and_Lake_Macquarie|Sydney_Eastern_Suburbs|Sydney_Inner_South_West|Sydney_Inner_West|Sydney_North_Sydney_and_Hornsby|Sydney_Northern_Beaches|Sydney_Parramatta|Sydney_Ryde|Sydney_Sutherland
au,Sydney_City_and_Inner_South,LU,,20,100,0.90000000000000002,MVA_equivalent_PF1,853.19620000000009,0.27311790403589015,233.02315787538618,1.1368683772161602e-13,1.332481763533593e-16,True,0,0,0,0,0,0,True,True,1.0000000000000001e-09,True,True,11,Central_Coast|Hunter_Valley_exc_Newcastle|Newcastle_and_Lake_Macquarie|Sydney_Eastern_Suburbs|Sydney_Inner_South_West|Sydney_Inner_West|Sydney_North_Sydney_and_Hornsby|Sydney_Northern_Beaches|Sydney_Parramatta|Sydney_Ryde|Sydney_Sutherland
au,Sydney_City_and_Inner_South,LU,,20,300,0.90000000000000002,MVA_equivalent_PF1,853.19620000000009,0.27311790403589015,233.02315787538618,1.1368683772161602e-13,1.332481763533593e-16,True,0,0,0,0,0,0,True,True,1.0000000000000001e-09,True,True,11,Central_Coast|Hunter_Valley_exc_Newcastle|Newcastle_and_Lake_Macquarie|Sydney_Eastern_Suburbs|Sydney_Inner_South_West|Sydney_Inner_West|Sydney_North_Sydney_and_Hornsby|Sydney_Northern_Beaches|Sydney_Parramatta|Sydney_Ryde|Sydney_Sutherland
au,Sydney_City_and_Inner_South,LU,,20,500,0.90000000000000002,MVA_equivalent_PF1,853.19620000000009,0.27311790403589015,233.02315787538618,1.1368683772161602e-13,1.332481763533593e-16,True,0,0,0,0,0,0,True,True,1.0000000000000001e-09,True,True,11,Central_Coast|Hunter_Valley_exc_Newcastle|Newcastle_and_Lake_Macquarie|Sydney_Eastern_Suburbs|Sydney_Inner_South_West|Sydney_Inner_West|Sydney_North_Sydney_and_Hornsby|Sydney_Northern_Beaches|Sydney_Parramatta|Sydney_Ryde|Sydney_Sutherland
au,Sydney_City_and_Inner_South,LU,,20,100,1,MVA_equivalent_PF1,853.19620000000009,0.49327160243123641,420.85745676224172,1.1368683772161602e-13,1.332481763533593e-16,True,0,0,0,0,0,0,True,True,1.0000000000000001e-09,True,True,11,Central_Coast|Hunter_Valley_exc_Newcastle|Newcastle_and_Lake_Macquarie|Sydney_Eastern_Suburbs|Sydney_Inner_South_West|Sydney_Inner_West|Sydney_North_Sydney_and_Hornsby|Sydney_Northern_Beaches|Sydney_Parramatta|Sydney_Ryde|Sydney_Sutherland
au,Sydney_City_and_Inner_South,LU,,20,300,1,MVA_equivalent_PF1,853.19620000000009,0.49327160243123641,420.85745676224172,1.1368683772161602e-13,1.332481763533593e-16,True,0,0,0,0,0,0,True,True,1.0000000000000001e-09,True,True,11,Central_Coast|Hunter_Valley_exc_Newcastle|Newcastle_and_Lake_Macquarie|Sydney_Eastern_Suburbs|Sydney_Inner_South_West|Sydney_Inner_West|Sydney_North_Sydney_and_Hornsby|Sydney_Northern_Beaches|Sydney_Parramatta|Sydney_Ryde|Sydney_Sutherland
au,Sydney_City_and_Inner_South,LU,,20,500,1,MVA_equivalent_PF1,853.19620000000009,0.49327160243123641,420.85745676224172,1.1368683772161602e-13,1.332481763533593e-16,True,0,0,0,0,0,0,True,True,1.0000000000000001e-09,True,True,11,Central_Coast|Hunter_Valley_exc_Newcastle|Newcastle_and_Lake_Macquarie|Sydney_Eastern_Suburbs|Sydney_Inner_South_West|Sydney_Inner_West|Sydney_North_Sydney_and_Hornsby|Sydney_Northern_Beaches|Sydney_Parramatta|Sydney_Ryde|Sydney_Sutherland
au,Sydney_City_and_Inner_South,GNN,42,10,100,0.5,MVA_equivalent_PF1,853.19620000000009,0.23482502810933484,200.35182164777768,178.42467826832791,0.20912502689103385,True,0,0,0,0,0,0,True,True,1.0000000000000001e-09,True,True,11,Central_Coast|Hunter_Valley_exc_Newcastle|Newcastle_and_Lake_Macquarie|Sydney_Eastern_Suburbs|Sydney_Inner_South_West|Sydney_Inner_West|Sydney_North_Sydney_and_Hornsby|Sydney_Northern_Beaches|Sydney_Parramatta|Sydney_Ryde|Sydney_Sutherland
au,Sydney_City_and_Inner_South,GNN,42,10,300,0.5,MVA_equivalent_PF1,853.19620000000009,0.23482502810933484,200.35182164777768,178.42467826832791,0.20912502689103385,True,0,0,0,0,0,0,True,True,1.0000000000000001e-09,True,True,11,Central_Coast|Hunter_Valley_exc_Newcastle|Newcastle_and_Lake_Macquarie|Sydney_Eastern_Suburbs|Sydney_Inner_South_West|Sydney_Inner_West|Sydney_North_Sydney_and_Hornsby|Sydney_Northern_Beaches|Sydney_Parramatta|Sydney_Ryde|Sydney_Sutherland
au,Sydney_City_and_Inner_South,GNN,42,10,500,0.5,MVA_equivalent_PF1,853.19620000000009,0.23482502810933484,200.35182164777768,178.42467826832791,0.20912502689103385,True,0,4.9073302224601925,0,85.092189756633132,4.9073302224601925,85.092189756633132,True,True,1.0000000000000001e-09,True,False,11,Central_Coast|Hunter_Valley_exc_Newcastle|Newcastle_and_Lake_Macquarie|Sydney_Eastern_Suburbs|Sydney_Inner_South_West|Sydney_Inner_West|Sydney_North_Sydney_and_Hornsby|Sydney_Northern_Beaches|Sydney_Parramatta|Sydney_Ryde|Sydney_Sutherland
au,Sydney_City_and_Inner_South,GNN,42,10,100,0.80000000000000004,MVA_equivalent_PF1,853.19620000000009,0.45237314614858387,385.96304927601642,178.42467826832791,0.20912502689103385,True,0,0,0,0,0,0,True,True,1.0000000000000001e-09,True,True,11,Central_Coast|Hunter_Valley_exc_Newcastle|Newcastle_and_Lake_Macquarie|Sydney_Eastern_Suburbs|Sydney_Inner_South_West|Sydney_Inner_West|Sydney_North_Sydney_and_Hornsby|Sydney_Northern_Beaches|Sydney_Parramatta|Sydney_Ryde|Sydney_Sutherland
au,Sydney_City_and_Inner_South,GNN,42,10,300,0.80000000000000004,MVA_equivalent_PF1,853.19620000000009,0.45237314614858387,385.96304927601642,178.42467826832791,0.20912502689103385,True,0,4.3173905552179805,0,70.703417384871869,4.3173905552179805,70.703417384871869,True,True,1.0000000000000001e-09,True,False,11,Central_Coast|Hunter_Valley_exc_Newcastle|Newcastle_and_Lake_Macquarie|Sydney_Eastern_Suburbs|Sydney_Inner_South_West|Sydney_Inner_West|Sydney_North_Sydney_and_Hornsby|Sydney_Northern_Beaches|Sydney_Parramatta|Sydney_Ryde|Sydney_Sutherland
au,Sydney_City_and_Inner_South,GNN,42,10,500,0.80000000000000004,MVA_equivalent_PF1,853.19620000000009,0.45237314614858387,385.96304927601642,178.42467826832791,0.20912502689103385,True,0,12.890554121123795,0,270.70341738487184,12.890554121123795,270.70341738487184,True,True,1.0000000000000001e-09,True,False,11,Central_Coast|Hunter_Valley_exc_Newcastle|Newcastle_and_Lake_Macquarie|Sydney_Eastern_Suburbs|Sydney_Inner_South_West|Sydney_Inner_West|Sydney_North_Sydney_and_Hornsby|Sydney_Northern_Beaches|Sydney_Parramatta|Sydney_Ryde|Sydney_Sutherland
au,Sydney_City_and_Inner_South,GNN,42,10,100,0.90000000000000002,MVA_equivalent_PF1,853.19620000000009,0.53510168569732042,456.54672485054817,178.42467826832791,0.20912502689103385,True,0,0.23387272377731802,0,0,0.23387272377731802,0,True,True,1.0000000000000001e-09,True,True,11,Central_Coast|Hunter_Valley_exc_Newcastle|Newcastle_and_Lake_Macquarie|Sydney_Eastern_Suburbs|Sydney_Inner_South_West|Sydney_Inner_West|Sydney_North_Sydney_and_Hornsby|Sydney_Northern_Beaches|Sydney_Parramatta|Sydney_Ryde|Sydney_Sutherland
au,Sydney_City_and_Inner_South,GNN,42,10,300,0.90000000000000002,MVA_equivalent_PF1,853.19620000000009,0.53510168569732042,456.54672485054817,178.42467826832791,0.20912502689103385,True,0,7.2505201621252571,0,141.28709295940365,7.2505201621252571,141.28709295940365,True,True,1.0000000000000001e-09,True,False,11,Central_Coast|Hunter_Valley_exc_Newcastle|Newcastle_and_Lake_Macquarie|Sydney_Eastern_Suburbs|Sydney_Inner_South_West|Sydney_Inner_West|Sydney_North_Sydney_and_Hornsby|Sydney_Northern_Beaches|Sydney_Parramatta|Sydney_Ryde|Sydney_Sutherland
au,Sydney_City_and_Inner_South,GNN,42,10,500,0.90000000000000002,MVA_equivalent_PF1,853.19620000000009,0.53510168569732042,456.54672485054817,178.42467826832791,0.20912502689103385,True,0,30.239548867336456,0,341.28709295940365,30.239548867336456,341.28709295940365,True,True,1.0000000000000001e-09,True,False,11,Central_Coast|Hunter_Valley_exc_Newcastle|Newcastle_and_Lake_Macquarie|Sydney_Eastern_Suburbs|Sydney_Inner_South_West|Sydney_Inner_West|Sydney_North_Sydney_and_Hornsby|Sydney_Northern_Beaches|Sydney_Parramatta|Sydney_Ryde|Sydney_Sutherland
au,Sydney_City_and_Inner_South,GNN,42,10,100,1,MVA_equivalent_PF1,853.19620000000009,0.58475619670486811,498.91176495504607,178.42467826832791,0.20912502689103385,True,0,1.032563168704316,0,1.431386438864297,1.032563168704316,1.431386438864297,True,True,1.0000000000000001e-09,True,False,11,Central_Coast|Hunter_Valley_exc_Newcastle|Newcastle_and_Lake_Macquarie|Sydney_Eastern_Suburbs|Sydney_Inner_South_West|Sydney_Inner_West|Sydney_North_Sydney_and_Hornsby|Sydney_Northern_Beaches|Sydney_Parramatta|Sydney_Ryde|Sydney_Sutherland
au,Sydney_City_and_Inner_South,GNN,42,10,300,1,MVA_equivalent_PF1,853.19620000000009,0.58475619670486811,498.91176495504607,178.42467826832791,0.20912502689103385,True,0,9.0510343665664195,0,183.65213306390154,9.0510343665664195,183.65213306390154,True,True,1.0000000000000001e-09,True,False,11,Central_Coast|Hunter_Valley_exc_Newcastle|Newcastle_and_Lake_Macquarie|Sydney_Eastern_Suburbs|Sydney_Inner_South_West|Sydney_Inner_West|Sydney_North_Sydney_and_Hornsby|Sydney_Northern_Beaches|Sydney_Parramatta|Sydney_Ryde|Sydney_Sutherland
au,Sydney_City_and_Inner_South,GNN,42,10,500,1,MVA_equivalent_PF1,853.19620000000009,0.58475619670486811,498.91176495504607,178.42467826832791,0.20912502689103385,True,0,69.921866059701102,0,383.65213306390154,69.921866059701102,383.65213306390154,True,True,1.0000000000000001e-09,True,False,11,Central_Coast|Hunter_Valley_exc_Newcastle|Newcastle_and_Lake_Macquarie|Sydney_Eastern_Suburbs|Sydney_Inner_South_West|Sydney_Inner_West|Sydney_North_Sydney_and_Hornsby|Sydney_Northern_Beaches|Sydney_Parramatta|Sydney_Ryde|Sydney_Sutherland
au,Sydney_City_and_Inner_South,GNN,42,20,100,0.5,MVA_equivalent_PF1,853.19620000000009,0.10517103541590131,89.731527766912421,2.2737367544323203e-13,2.6649635270671859e-16,True,0,0,0,0,0,0,True,True,1.0000000000000001e-09,True,True,11,Central_Coast|Hunter_Valley_exc_Newcastle|Newcastle_and_Lake_Macquarie|Sydney_Eastern_Suburbs|Sydney_Inner_South_West|Sydney_Inner_West|Sydney_North_Sydney_and_Hornsby|Sydney_Northern_Beaches|Sydney_Parramatta|Sydney_Ryde|Sydney_Sutherland
au,Sydney_City_and_Inner_South,GNN,42,20,300,0.5,MVA_equivalent_PF1,853.19620000000009,0.10517103541590131,89.731527766912421,2.2737367544323203e-13,2.6649635270671859e-16,True,0,0,0,0,0,0,True,True,1.0000000000000001e-09,True,True,11,Central_Coast|Hunter_Valley_exc_Newcastle|Newcastle_and_Lake_Macquarie|Sydney_Eastern_Suburbs|Sydney_Inner_South_West|Sydney_Inner_West|Sydney_North_Sydney_and_Hornsby|Sydney_Northern_Beaches|Sydney_Parramatta|Sydney_Ryde|Sydney_Sutherland
au,Sydney_City_and_Inner_South,GNN,42,20,500,0.5,MVA_equivalent_PF1,853.19620000000009,0.10517103541590131,89.731527766912421,2.2737367544323203e-13,2.6649635270671859e-16,True,0,0,0,0,0,0,True,True,1.0000000000000001e-09,True,True,11,Central_Coast|Hunter_Valley_exc_Newcastle|Newcastle_and_Lake_Macquarie|Sydney_Eastern_Suburbs|Sydney_Inner_South_West|Sydney_Inner_West|Sydney_North_Sydney_and_Hornsby|Sydney_Northern_Beaches|Sydney_Parramatta|Sydney_Ryde|Sydney_Sutherland
au,Sydney_City_and_Inner_South,GNN,42,20,100,0.80000000000000004,MVA_equivalent_PF1,853.19620000000009,0.25155565525979678,214.62632915616865,2.2737367544323203e-13,2.6649635270671859e-16,True,0,0,0,0,0,0,True,True,1.0000000000000001e-09,True,True,11,Central_Coast|Hunter_Valley_exc_Newcastle|Newcastle_and_Lake_Macquarie|Sydney_Eastern_Suburbs|Sydney_Inner_South_West|Sydney_Inner_West|Sydney_North_Sydney_and_Hornsby|Sydney_Northern_Beaches|Sydney_Parramatta|Sydney_Ryde|Sydney_Sutherland
au,Sydney_City_and_Inner_South,GNN,42,20,300,0.80000000000000004,MVA_equivalent_PF1,853.19620000000009,0.25155565525979678,214.62632915616865,2.2737367544323203e-13,2.6649635270671859e-16,True,0,0,0,0,0,0,True,True,1.0000000000000001e-09,True,True,11,Central_Coast|Hunter_Valley_exc_Newcastle|Newcastle_and_Lake_Macquarie|Sydney_Eastern_Suburbs|Sydney_Inner_South_West|Sydney_Inner_West|Sydney_North_Sydney_and_Hornsby|Sydney_Northern_Beaches|Sydney_Parramatta|Sydney_Ryde|Sydney_Sutherland
au,Sydney_City_and_Inner_South,GNN,42,20,500,0.80000000000000004,MVA_equivalent_PF1,853.19620000000009,0.25155565525979678,214.62632915616865,2.2737367544323203e-13,2.6649635270671859e-16,True,0,0,0,0,0,0,True,True,1.0000000000000001e-09,True,True,11,Central_Coast|Hunter_Valley_exc_Newcastle|Newcastle_and_Lake_Macquarie|Sydney_Eastern_Suburbs|Sydney_Inner_South_West|Sydney_Inner_West|Sydney_North_Sydney_and_Hornsby|Sydney_Northern_Beaches|Sydney_Parramatta|Sydney_Ryde|Sydney_Sutherland
au,Sydney_City_and_Inner_South,GNN,42,20,100,0.90000000000000002,MVA_equivalent_PF1,853.19620000000009,0.50129439675573606,427.70247439328637,2.2737367544323203e-13,2.6649635270671859e-16,True,0,0,0,0,0,0,True,True,1.0000000000000001e-09,True,True,11,Central_Coast|Hunter_Valley_exc_Newcastle|Newcastle_and_Lake_Macquarie|Sydney_Eastern_Suburbs|Sydney_Inner_South_West|Sydney_Inner_West|Sydney_North_Sydney_and_Hornsby|Sydney_Northern_Beaches|Sydney_Parramatta|Sydney_Ryde|Sydney_Sutherland
au,Sydney_City_and_Inner_South,GNN,42,20,300,0.90000000000000002,MVA_equivalent_PF1,853.19620000000009,0.50129439675573606,427.70247439328637,2.2737367544323203e-13,2.6649635270671859e-16,True,0,0,0,0,0,0,True,True,1.0000000000000001e-09,True,True,11,Central_Coast|Hunter_Valley_exc_Newcastle|Newcastle_and_Lake_Macquarie|Sydney_Eastern_Suburbs|Sydney_Inner_South_West|Sydney_Inner_West|Sydney_North_Sydney_and_Hornsby|Sydney_Northern_Beaches|Sydney_Parramatta|Sydney_Ryde|Sydney_Sutherland
au,Sydney_City_and_Inner_South,GNN,42,20,500,0.90000000000000002,MVA_equivalent_PF1,853.19620000000009,0.50129439675573606,427.70247439328637,2.2737367544323203e-13,2.6649635270671859e-16,True,0,0,0,0,0,0,True,True,1.0000000000000001e-09,True,True,11,Central_Coast|Hunter_Valley_exc_Newcastle|Newcastle_and_Lake_Macquarie|Sydney_Eastern_Suburbs|Sydney_Inner_South_West|Sydney_Inner_West|Sydney_North_Sydney_and_Hornsby|Sydney_Northern_Beaches|Sydney_Parramatta|Sydney_Ryde|Sydney_Sutherland
au,Sydney_City_and_Inner_South,GNN,42,20,100,1,MVA_equivalent_PF1,853.19620000000009,0.52981960863964972,452.04007677683637,2.2737367544323203e-13,2.6649635270671859e-16,True,0,0,0,0,0,0,True,True,1.0000000000000001e-09,True,True,11,Central_Coast|Hunter_Valley_exc_Newcastle|Newcastle_and_Lake_Macquarie|Sydney_Eastern_Suburbs|Sydney_Inner_South_West|Sydney_Inner_West|Sydney_North_Sydney_and_Hornsby|Sydney_Northern_Beaches|Sydney_Parramatta|Sydney_Ryde|Sydney_Sutherland
au,Sydney_City_and_Inner_South,GNN,42,20,300,1,MVA_equivalent_PF1,853.19620000000009,0.52981960863964972,452.04007677683637,2.2737367544323203e-13,2.6649635270671859e-16,True,0,0,0,0,0,0,True,True,1.0000000000000001e-09,True,True,11,Central_Coast|Hunter_Valley_exc_Newcastle|Newcastle_and_Lake_Macquarie|Sydney_Eastern_Suburbs|Sydney_Inner_South_West|Sydney_Inner_West|Sydney_North_Sydney_and_Hornsby|Sydney_Northern_Beaches|Sydney_Parramatta|Sydney_Ryde|Sydney_Sutherland
au,Sydney_City_and_Inner_South,GNN,42,20,500,1,MVA_equivalent_PF1,853.19620000000009,0.52981960863964972,452.04007677683637,2.2737367544323203e-13,2.6649635270671859e-16,True,0,12.390076776836622,0,12.390076776836622,12.390076776836622,12.390076776836622,True,True,1.0000000000000001e-09,True,False,11,Central_Coast|Hunter_Valley_exc_Newcastle|Newcastle_and_Lake_Macquarie|Sydney_Eastern_Suburbs|Sydney_Inner_South_West|Sydney_Inner_West|Sydney_North_Sydney_and_Hornsby|Sydney_Northern_Beaches|Sydney_Parramatta|Sydney_Ryde|Sydney_Sutherland
au,Sydney_City_and_Inner_South,GNN,123,10,100,0.5,MVA_equivalent_PF1,853.19620000000009,0.21541814313622729,183.79394113488522,178.94452996958597,0.20973432601971967,True,0,0,0,0,0,0,True,True,1.0000000000000001e-09,True,True,11,Central_Coast|Hunter_Valley_exc_Newcastle|Newcastle_and_Lake_Macquarie|Sydney_Eastern_Suburbs|Sydney_Inner_South_West|Sydney_Inner_West|Sydney_North_Sydney_and_Hornsby|Sydney_Northern_Beaches|Sydney_Parramatta|Sydney_Ryde|Sydney_Sutherland
au,Sydney_City_and_Inner_South,GNN,123,10,300,0.5,MVA_equivalent_PF1,853.19620000000009,0.21541814313622729,183.79394113488522,178.94452996958597,0.20973432601971967,True,0,0,0,0,0,0,True,True,1.0000000000000001e-09,True,True,11,Central_Coast|Hunter_Valley_exc_Newcastle|Newcastle_and_Lake_Macquarie|Sydney_Eastern_Suburbs|Sydney_Inner_South_West|Sydney_Inner_West|Sydney_North_Sydney_and_Hornsby|Sydney_Northern_Beaches|Sydney_Parramatta|Sydney_Ryde|Sydney_Sutherland
au,Sydney_City_and_Inner_South,GNN,123,10,500,0.5,MVA_equivalent_PF1,853.19620000000009,0.21541814313622729,183.79394113488522,178.94452996958597,0.20973432601971967,True,0,4.1102347719733272,0,62.626531934089506,4.1102347719733272,62.626531934089506,True,True,1.0000000000000001e-09,True,False,11,Central_Coast|Hunter_Valley_exc_Newcastle|Newcastle_and_Lake_Macquarie|Sydney_Eastern_Suburbs|Sydney_Inner_South_West|Sydney_Inner_West|Sydney_North_Sydney_and_Hornsby|Sydney_Northern_Beaches|Sydney_Parramatta|Sydney_Ryde|Sydney_Sutherland
au,Sydney_City_and_Inner_South,GNN,123,10,100,0.80000000000000004,MVA_equivalent_PF1,853.19620000000009,0.34821629882811056,297.09682293820839,178.94452996958597,0.20973432601971967,True,0,0,0,0,0,0,True,True,1.0000000000000001e-09,True,True,11,Central_Coast|Hunter_Valley_exc_Newcastle|Newcastle_and_Lake_Macquarie|Sydney_Eastern_Suburbs|Sydney_Inner_South_West|Sydney_Inner_West|Sydney_North_Sydney_and_Hornsby|Sydney_Northern_Beaches|Sydney_Parramatta|Sydney_Ryde|Sydney_Sutherland
au,Sydney_City_and_Inner_South,GNN,123,10,300,0.80000000000000004,MVA_equivalent_PF1,853.19620000000009,0.34821629882811056,297.09682293820839,178.94452996958597,0.20973432601971967,True,0,0.94866272367996474,0,0.88318575127990473,0.94866272367996474,0.88318575127990473,True,True,1.0000000000000001e-09,True,False,11,Central_Coast|Hunter_Valley_exc_Newcastle|Newcastle_and_Lake_Macquarie|Sydney_Eastern_Suburbs|Sydney_Inner_South_West|Sydney_Inner_West|Sydney_North_Sydney_and_Hornsby|Sydney_Northern_Beaches|Sydney_Parramatta|Sydney_Ryde|Sydney_Sutherland
au,Sydney_City_and_Inner_South,GNN,123,10,500,0.80000000000000004,MVA_equivalent_PF1,853.19620000000009,0.34821629882811056,297.09682293820839,178.94452996958597,0.20973432601971967,True,0,8.8556841670344735,0,175.92941373741269,8.8556841670344735,175.92941373741269,True,True,1.0000000000000001e-09,True,False,11,Central_Coast|Hunter_Valley_exc_Newcastle|Newcastle_and_Lake_Macquarie|Sydney_Eastern_Suburbs|Sydney_Inner_South_West|Sydney_Inner_West|Sydney_North_Sydney_and_Hornsby|Sydney_Northern_Beaches|Sydney_Parramatta|Sydney_Ryde|Sydney_Sutherland
au,Sydney_City_and_Inner_South,GNN,123,10,100,0.90000000000000002,MVA_equivalent_PF1,853.19620000000009,0.37061202851314679,316.20477440170851,178.94452996958597,0.20973432601971967,True,0,0,0,0,0,0,True,True,1.0000000000000001e-09,True,True,11,Central_Coast|Hunter_Valley_exc_Newcastle|Newcastle_and_Lake_Macquarie|Sydney_Eastern_Suburbs|Sydney_Inner_South_West|Sydney_Inner_West|Sydney_North_Sydney_and_Hornsby|Sydney_Northern_Beaches|Sydney_Parramatta|Sydney_Ryde|Sydney_Sutherland
au,Sydney_City_and_Inner_South,GNN,123,10,300,0.90000000000000002,MVA_equivalent_PF1,853.19620000000009,0.37061202851314679,316.20477440170851,178.94452996958597,0.20973432601971967,True,0,1.485335736869156,0,5.4011982831489549,1.485335736869156,5.4011982831489549,True,True,1.0000000000000001e-09,True,False,11,Central_Coast|Hunter_Valley_exc_Newcastle|Newcastle_and_Lake_Macquarie|Sydney_Eastern_Suburbs|Sydney_Inner_South_West|Sydney_Inner_West|Sydney_North_Sydney_and_Hornsby|Sydney_Northern_Beaches|Sydney_Parramatta|Sydney_Ryde|Sydney_Sutherland
au,Sydney_City_and_Inner_South,GNN,123,10,500,0.90000000000000002,MVA_equivalent_PF1,853.19620000000009,0.37061202851314679,316.20477440170851,178.94452996958597,0.20973432601971967,True,0,9.6677721042332276,0,195.03736520091277,9.6677721042332276,195.03736520091277,True,True,1.0000000000000001e-09,True,False,11,Central_Coast|Hunter_Valley_exc_Newcastle|Newcastle_and_Lake_Macquarie|Sydney_Eastern_Suburbs|Sydney_Inner_South_West|Sydney_Inner_West|Sydney_North_Sydney_and_Hornsby|Sydney_Northern_Beaches|Sydney_Parramatta|Sydney_Ryde|Sydney_Sutherland
au,Sydney_City_and_Inner_South,GNN,123,10,100,1,MVA_equivalent_PF1,853.19620000000009,0.38396670436305569,327.59893308908255,178.94452996958597,0.20973432601971967,True,0,0,0,0,0,0,True,True,1.0000000000000001e-09,True,True,11,Central_Coast|Hunter_Valley_exc_Newcastle|Newcastle_and_Lake_Macquarie|Sydney_Eastern_Suburbs|Sydney_Inner_South_West|Sydney_Inner_West|Sydney_North_Sydney_and_Hornsby|Sydney_Northern_Beaches|Sydney_Parramatta|Sydney_Ryde|Sydney_Sutherland
au,Sydney_City_and_Inner_South,GNN,123,10,300,1,MVA_equivalent_PF1,853.19620000000009,0.38396670436305569,327.59893308908255,178.94452996958597,0.20973432601971967,True,0,1.878793020387157,0,11.744964769104552,1.878793020387157,11.744964769104552,True,True,1.0000000000000001e-09,True,False,11,Central_Coast|Hunter_Valley_exc_Newcastle|Newcastle_and_Lake_Macquarie|Sydney_Eastern_Suburbs|Sydney_Inner_South_West|Sydney_Inner_West|Sydney_North_Sydney_and_Hornsby|Sydney_Northern_Beaches|Sydney_Parramatta|Sydney_Ryde|Sydney_Sutherland
au,Sydney_City_and_Inner_South,GNN,123,10,500,1,MVA_equivalent_PF1,853.19620000000009,0.38396670436305569,327.59893308908255,178.94452996958597,0.20973432601971967,True,0,10.152193664504253,0,206.43152388828679,10.152193664504253,206.43152388828679,True,True,1.0000000000000001e-09,True,False,11,Central_Coast|Hunter_Valley_exc_Newcastle|Newcastle_and_Lake_Macquarie|Sydney_Eastern_Suburbs|Sydney_Inner_South_West|Sydney_Inner_West|Sydney_North_Sydney_and_Hornsby|Sydney_Northern_Beaches|Sydney_Parramatta|Sydney_Ryde|Sydney_Sutherland
au,Sydney_City_and_Inner_South,GNN,123,20,100,0.5,MVA_equivalent_PF1,853.19620000000009,0.11578186834347499,98.784650099553176,0,0,True,0,0,0,0,0,0,True,True,1.0000000000000001e-09,True,True,11,Central_Coast|Hunter_Valley_exc_Newcastle|Newcastle_and_Lake_Macquarie|Sydney_Eastern_Suburbs|Sydney_Inner_South_West|Sydney_Inner_West|Sydney_North_Sydney_and_Hornsby|Sydney_Northern_Beaches|Sydney_Parramatta|Sydney_Ryde|Sydney_Sutherland
au,Sydney_City_and_Inner_South,GNN,123,20,300,0.5,MVA_equivalent_PF1,853.19620000000009,0.11578186834347499,98.784650099553176,0,0,True,0,0,0,0,0,0,True,True,1.0000000000000001e-09,True,True,11,Central_Coast|Hunter_Valley_exc_Newcastle|Newcastle_and_Lake_Macquarie|Sydney_Eastern_Suburbs|Sydney_Inner_South_West|Sydney_Inner_West|Sydney_North_Sydney_and_Hornsby|Sydney_Northern_Beaches|Sydney_Parramatta|Sydney_Ryde|Sydney_Sutherland
au,Sydney_City_and_Inner_South,GNN,123,20,500,0.5,MVA_equivalent_PF1,853.19620000000009,0.11578186834347499,98.784650099553176,0,0,True,0,0,0,0,0,0,True,True,1.0000000000000001e-09,True,True,11,Central_Coast|Hunter_Valley_exc_Newcastle|Newcastle_and_Lake_Macquarie|Sydney_Eastern_Suburbs|Sydney_Inner_South_West|Sydney_Inner_West|Sydney_North_Sydney_and_Hornsby|Sydney_Northern_Beaches|Sydney_Parramatta|Sydney_Ryde|Sydney_Sutherland
au,Sydney_City_and_Inner_South,GNN,123,20,100,0.80000000000000004,MVA_equivalent_PF1,853.19620000000009,0.22323888111487536,190.46656505946345,0,0,True,0,0,0,0,0,0,True,True,1.0000000000000001e-09,True,True,11,Central_Coast|Hunter_Valley_exc_Newcastle|Newcastle_and_Lake_Macquarie|Sydney_Eastern_Suburbs|Sydney_Inner_South_West|Sydney_Inner_West|Sydney_North_Sydney_and_Hornsby|Sydney_Northern_Beaches|Sydney_Parramatta|Sydney_Ryde|Sydney_Sutherland
au,Sydney_City_and_Inner_South,GNN,123,20,300,0.80000000000000004,MVA_equivalent_PF1,853.19620000000009,0.22323888111487536,190.46656505946345,0,0,True,0,0,0,0,0,0,True,True,1.0000000000000001e-09,True,True,11,Central_Coast|Hunter_Valley_exc_Newcastle|Newcastle_and_Lake_Macquarie|Sydney_Eastern_Suburbs|Sydney_Inner_South_West|Sydney_Inner_West|Sydney_North_Sydney_and_Hornsby|Sydney_Northern_Beaches|Sydney_Parramatta|Sydney_Ryde|Sydney_Sutherland
au,Sydney_City_and_Inner_South,GNN,123,20,500,0.80000000000000004,MVA_equivalent_PF1,853.19620000000009,0.22323888111487536,190.46656505946345,0,0,True,0,0,0,0,0,0,True,True,1.0000000000000001e-09,True,True,11,Central_Coast|Hunter_Valley_exc_Newcastle|Newcastle_and_Lake_Macquarie|Sydney_Eastern_Suburbs|Sydney_Inner_South_West|Sydney_Inner_West|Sydney_North_Sydney_and_Hornsby|Sydney_Northern_Beaches|Sydney_Parramatta|Sydney_Ryde|Sydney_Sutherland
au,Sydney_City_and_Inner_South,GNN,123,20,100,0.90000000000000002,MVA_equivalent_PF1,853.19620000000009,0.26075909777749601,222.47867133918805,0,0,True,0,0,0,0,0,0,True,True,1.0000000000000001e-09,True,True,11,Central_Coast|Hunter_Valley_exc_Newcastle|Newcastle_and_Lake_Macquarie|Sydney_Eastern_Suburbs|Sydney_Inner_South_West|Sydney_Inner_West|Sydney_North_Sydney_and_Hornsby|Sydney_Northern_Beaches|Sydney_Parramatta|Sydney_Ryde|Sydney_Sutherland
au,Sydney_City_and_Inner_South,GNN,123,20,300,0.90000000000000002,MVA_equivalent_PF1,853.19620000000009,0.26075909777749601,222.47867133918805,0,0,True,0,0,0,0,0,0,True,True,1.0000000000000001e-09,True,True,11,Central_Coast|Hunter_Valley_exc_Newcastle|Newcastle_and_Lake_Macquarie|Sydney_Eastern_Suburbs|Sydney_Inner_South_West|Sydney_Inner_West|Sydney_North_Sydney_and_Hornsby|Sydney_Northern_Beaches|Sydney_Parramatta|Sydney_Ryde|Sydney_Sutherland
au,Sydney_City_and_Inner_South,GNN,123,20,500,0.90000000000000002,MVA_equivalent_PF1,853.19620000000009,0.26075909777749601,222.47867133918805,0,0,True,0,0,0,0,0,0,True,True,1.0000000000000001e-09,True,True,11,Central_Coast|Hunter_Valley_exc_Newcastle|Newcastle_and_Lake_Macquarie|Sydney_Eastern_Suburbs|Sydney_Inner_South_West|Sydney_Inner_West|Sydney_North_Sydney_and_Hornsby|Sydney_Northern_Beaches|Sydney_Parramatta|Sydney_Ryde|Sydney_Sutherland
au,Sydney_City_and_Inner_South,GNN,123,20,100,1,MVA_equivalent_PF1,853.19620000000009,0.5565618206190055,474.85643041721721,0,0,True,0,0,0,0,0,0,True,True,1.0000000000000001e-09,True,True,11,Central_Coast|Hunter_Valley_exc_Newcastle|Newcastle_and_Lake_Macquarie|Sydney_Eastern_Suburbs|Sydney_Inner_South_West|Sydney_Inner_West|Sydney_North_Sydney_and_Hornsby|Sydney_Northern_Beaches|Sydney_Parramatta|Sydney_Ryde|Sydney_Sutherland
au,Sydney_City_and_Inner_South,GNN,123,20,300,1,MVA_equivalent_PF1,853.19620000000009,0.5565618206190055,474.85643041721721,0,0,True,0,0,0,0,0,0,True,True,1.0000000000000001e-09,True,True,11,Central_Coast|Hunter_Valley_exc_Newcastle|Newcastle_and_Lake_Macquarie|Sydney_Eastern_Suburbs|Sydney_Inner_South_West|Sydney_Inner_West|Sydney_North_Sydney_and_Hornsby|Sydney_Northern_Beaches|Sydney_Parramatta|Sydney_Ryde|Sydney_Sutherland
au,Sydney_City_and_Inner_South,GNN,123,20,500,1,MVA_equivalent_PF1,853.19620000000009,0.5565618206190055,474.85643041721721,0,0,True,0,35.206430417217462,0,35.206430417217462,35.206430417217462,35.206430417217462,True,True,1.0000000000000001e-09,True,False,11,Central_Coast|Hunter_Valley_exc_Newcastle|Newcastle_and_Lake_Macquarie|Sydney_Eastern_Suburbs|Sydney_Inner_South_West|Sydney_Inner_West|Sydney_North_Sydney_and_Hornsby|Sydney_Northern_Beaches|Sydney_Parramatta|Sydney_Ryde|Sydney_Sutherland
au,Sydney_City_and_Inner_South,GNN,456,10,100,0.5,MVA_equivalent_PF1,853.19620000000009,0.33368561973054411,284.69930274874531,159.97360374890155,0.18749919860039407,True,0,0,0,0,0,0,True,True,1.0000000000000001e-09,True,True,11,Central_Coast|Hunter_Valley_exc_Newcastle|Newcastle_and_Lake_Macquarie|Sydney_Eastern_Suburbs|Sydney_Inner_South_West|Sydney_Inner_West|Sydney_North_Sydney_and_Hornsby|Sydney_Northern_Beaches|Sydney_Parramatta|Sydney_Ryde|Sydney_Sutherland
au,Sydney_City_and_Inner_South,GNN,456,10,300,0.5,MVA_equivalent_PF1,853.19620000000009,0.33368561973054411,284.69930274874531,159.97360374890155,0.18749919860039407,True,0,0.35871517740192621,0,0,0.35871517740192621,0,True,True,1.0000000000000001e-09,True,True,11,Central_Coast|Hunter_Valley_exc_Newcastle|Newcastle_and_Lake_Macquarie|Sydney_Eastern_Suburbs|Sydney_Inner_South_West|Sydney_Inner_West|Sydney_North_Sydney_and_Hornsby|Sydney_Northern_Beaches|Sydney_Parramatta|Sydney_Ryde|Sydney_Sutherland
au,Sydney_City_and_Inner_South,GNN,456,10,500,0.5,MVA_equivalent_PF1,853.19620000000009,0.33368561973054411,284.69930274874531,159.97360374890155,0.18749919860039407,True,0,7.7031572064499318,0,153.27791360437612,7.7031572064499318,153.27791360437612,True,True,1.0000000000000001e-09,True,False,11,Central_Coast|Hunter_Valley_exc_Newcastle|Newcastle_and_Lake_Macquarie|Sydney_Eastern_Suburbs|Sydney_Inner_South_West|Sydney_Inner_West|Sydney_North_Sydney_and_Hornsby|Sydney_Northern_Beaches|Sydney_Parramatta|Sydney_Ryde|Sydney_Sutherland
au,Sydney_City_and_Inner_South,GNN,456,10,100,0.80000000000000004,MVA_equivalent_PF1,853.19620000000009,0.42134464876692135,359.489653218272,159.97360374890155,0.18749919860039407,True,0,0,0,0,0,0,True,True,1.0000000000000001e-09,True,True,11,Central_Coast|Hunter_Valley_exc_Newcastle|Newcastle_and_Lake_Macquarie|Sydney_Eastern_Suburbs|Sydney_Inner_South_West|Sydney_Inner_West|Sydney_North_Sydney_and_Hornsby|Sydney_Northern_Beaches|Sydney_Parramatta|Sydney_Ryde|Sydney_Sutherland
au,Sydney_City_and_Inner_South,GNN,456,10,300,0.80000000000000004,MVA_equivalent_PF1,853.19620000000009,0.42134464876692135,359.489653218272,159.97360374890155,0.18749919860039407,True,0,2.519219826985069,0,28.283676805368806,2.519219826985069,28.283676805368806,True,True,1.0000000000000001e-09,True,False,11,Central_Coast|Hunter_Valley_exc_Newcastle|Newcastle_and_Lake_Macquarie|Sydney_Eastern_Suburbs|Sydney_Inner_South_West|Sydney_Inner_West|Sydney_North_Sydney_and_Hornsby|Sydney_Northern_Beaches|Sydney_Parramatta|Sydney_Ryde|Sydney_Sutherland
au,Sydney_City_and_Inner_South,GNN,456,10,500,0.80000000000000004,MVA_equivalent_PF1,853.19620000000009,0.42134464876692135,359.489653218272,159.97360374890155,0.18749919860039407,True,0,10.893758315971972,0,228.06826407390281,10.893758315971972,228.06826407390281,True,True,1.0000000000000001e-09,True,False,11,Central_Coast|Hunter_Valley_exc_Newcastle|Newcastle_and_Lake_Macquarie|Sydney_Eastern_Suburbs|Sydney_Inner_South_West|Sydney_Inner_West|Sydney_North_Sydney_and_Hornsby|Sydney_Northern_Beaches|Sydney_Parramatta|Sydney_Ryde|Sydney_Sutherland
au,Sydney_City_and_Inner_South,GNN,456,10,100,0.90000000000000002,MVA_equivalent_PF1,853.19620000000009,0.56026948450350456,478.01979515434903,159.97360374890155,0.18749919860039407,True,0,0.26366396591041347,0,0,0.26366396591041347,0,True,True,1.0000000000000001e-09,True,True,11,Central_Coast|Hunter_Valley_exc_Newcastle|Newcastle_and_Lake_Macquarie|Sydney_Eastern_Suburbs|Sydney_Inner_South_West|Sydney_Inner_West|Sydney_North_Sydney_and_Hornsby|Sydney_Northern_Beaches|Sydney_Parramatta|Sydney_Ryde|Sydney_Sutherland
au,Sydney_City_and_Inner_South,GNN,456,10,300,0.90000000000000002,MVA_equivalent_PF1,853.19620000000009,0.56026948450350456,478.01979515434903,159.97360374890155,0.18749919860039407,True,0,7.4192781336880893,0,146.59840600997987,7.4192781336880893,146.59840600997987,True,True,1.0000000000000001e-09,True,False,11,Central_Coast|Hunter_Valley_exc_Newcastle|Newcastle_and_Lake_Macquarie|Sydney_Eastern_Suburbs|Sydney_Inner_South_West|Sydney_Inner_West|Sydney_North_Sydney_and_Hornsby|Sydney_Northern_Beaches|Sydney_Parramatta|Sydney_Ryde|Sydney_Sutherland
au,Sydney_City_and_Inner_South,GNN,456,10,500,0.90000000000000002,MVA_equivalent_PF1,853.19620000000009,0.56026948450350456,478.01979515434903,159.97360374890155,0.18749919860039407,True,0,47.789524579441192,0,346.59840600997984,47.789524579441192,346.59840600997984,True,True,1.0000000000000001e-09,True,False,11,Central_Coast|Hunter_Valley_exc_Newcastle|Newcastle_and_Lake_Macquarie|Sydney_Eastern_Suburbs|Sydney_Inner_South_West|Sydney_Inner_West|Sydney_North_Sydney_and_Hornsby|Sydney_Northern_Beaches|Sydney_Parramatta|Sydney_Ryde|Sydney_Sutherland
au,Sydney_City_and_Inner_South,GNN,456,10,100,1,MVA_equivalent_PF1,853.19620000000009,0.59205489131675215,505.13898346286601,159.97360374890155,0.18749919860039407,True,0,0.74009140532325945,0,0.23414638525647433,0.74009140532325945,0.23414638525647433,True,True,1.0000000000000001e-09,True,False,11,Central_Coast|Hunter_Valley_exc_Newcastle|Newcastle_and_Lake_Macquarie|Sydney_Eastern_Suburbs|Sydney_Inner_South_West|Sydney_Inner_West|Sydney_North_Sydney_and_Hornsby|Sydney_Northern_Beaches|Sydney_Parramatta|Sydney_Ryde|Sydney_Sutherland
au,Sydney_City_and_Inner_South,GNN,456,10,300,1,MVA_equivalent_PF1,853.19620000000009,0.59205489131675215,505.13898346286601,159.97360374890155,0.18749919860039407,True,0,8.5718436368000628,0,173.71759431849685,8.5718436368000628,173.71759431849685,True,True,1.0000000000000001e-09,True,False,11,Central_Coast|Hunter_Valley_exc_Newcastle|Newcastle_and_Lake_Macquarie|Sydney_Eastern_Suburbs|Sydney_Inner_South_West|Sydney_Inner_West|Sydney_North_Sydney_and_Hornsby|Sydney_Northern_Beaches|Sydney_Parramatta|Sydney_Ryde|Sydney_Sutherland
au,Sydney_City_and_Inner_South,GNN,456,10,500,1,MVA_equivalent_PF1,853.19620000000009,0.59205489131675215,505.13898346286601,159.97360374890155,0.18749919860039407,True,0,73.886970846505179,0,373.71759431849688,73.886970846505179,373.71759431849688,True,True,1.0000000000000001e-09,True,False,11,Central_Coast|Hunter_Valley_exc_Newcastle|Newcastle_and_Lake_Macquarie|Sydney_Eastern_Suburbs|Sydney_Inner_South_West|Sydney_Inner_West|Sydney_North_Sydney_and_Hornsby|Sydney_Northern_Beaches|Sydney_Parramatta|Sydney_Ryde|Sydney_Sutherland
au,Sydney_City_and_Inner_South,GNN,456,20,100,0.5,MVA_equivalent_PF1,853.19620000000009,0.10840174576428264,92.487957559452056,2.2737367544323203e-13,2.6649635270671859e-16,True,0,0,0,0,0,0,True,True,1.0000000000000001e-09,True,True,11,Central_Coast|Hunter_Valley_exc_Newcastle|Newcastle_and_Lake_Macquarie|Sydney_Eastern_Suburbs|Sydney_Inner_South_West|Sydney_Inner_West|Sydney_North_Sydney_and_Hornsby|Sydney_Northern_Beaches|Sydney_Parramatta|Sydney_Ryde|Sydney_Sutherland
au,Sydney_City_and_Inner_South,GNN,456,20,300,0.5,MVA_equivalent_PF1,853.19620000000009,0.10840174576428264,92.487957559452056,2.2737367544323203e-13,2.6649635270671859e-16,True,0,0,0,0,0,0,True,True,1.0000000000000001e-09,True,True,11,Central_Coast|Hunter_Valley_exc_Newcastle|Newcastle_and_Lake_Macquarie|Sydney_Eastern_Suburbs|Sydney_Inner_South_West|Sydney_Inner_West|Sydney_North_Sydney_and_Hornsby|Sydney_Northern_Beaches|Sydney_Parramatta|Sydney_Ryde|Sydney_Sutherland
au,Sydney_City_and_Inner_South,GNN,456,20,500,0.5,MVA_equivalent_PF1,853.19620000000009,0.10840174576428264,92.487957559452056,2.2737367544323203e-13,2.6649635270671859e-16,True,0,0,0,0,0,0,True,True,1.0000000000000001e-09,True,True,11,Central_Coast|Hunter_Valley_exc_Newcastle|Newcastle_and_Lake_Macquarie|Sydney_Eastern_Suburbs|Sydney_Inner_South_West|Sydney_Inner_West|Sydney_North_Sydney_and_Hornsby|Sydney_Northern_Beaches|Sydney_Parramatta|Sydney_Ryde|Sydney_Sutherland
au,Sydney_City_and_Inner_South,GNN,456,20,100,0.80000000000000004,MVA_equivalent_PF1,853.19620000000009,0.27461631380204293,234.30159539391062,2.2737367544323203e-13,2.6649635270671859e-16,True,0,0,0,0,0,0,True,True,1.0000000000000001e-09,True,True,11,Central_Coast|Hunter_Valley_exc_Newcastle|Newcastle_and_Lake_Macquarie|Sydney_Eastern_Suburbs|Sydney_Inner_South_West|Sydney_Inner_West|Sydney_North_Sydney_and_Hornsby|Sydney_Northern_Beaches|Sydney_Parramatta|Sydney_Ryde|Sydney_Sutherland
au,Sydney_City_and_Inner_South,GNN,456,20,300,0.80000000000000004,MVA_equivalent_PF1,853.19620000000009,0.27461631380204293,234.30159539391062,2.2737367544323203e-13,2.6649635270671859e-16,True,0,0,0,0,0,0,True,True,1.0000000000000001e-09,True,True,11,Central_Coast|Hunter_Valley_exc_Newcastle|Newcastle_and_Lake_Macquarie|Sydney_Eastern_Suburbs|Sydney_Inner_South_West|Sydney_Inner_West|Sydney_North_Sydney_and_Hornsby|Sydney_Northern_Beaches|Sydney_Parramatta|Sydney_Ryde|Sydney_Sutherland
au,Sydney_City_and_Inner_South,GNN,456,20,500,0.80000000000000004,MVA_equivalent_PF1,853.19620000000009,0.27461631380204293,234.30159539391062,2.2737367544323203e-13,2.6649635270671859e-16,True,0,0,0,0,0,0,True,True,1.0000000000000001e-09,True,True,11,Central_Coast|Hunter_Valley_exc_Newcastle|Newcastle_and_Lake_Macquarie|Sydney_Eastern_Suburbs|Sydney_Inner_South_West|Sydney_Inner_West|Sydney_North_Sydney_and_Hornsby|Sydney_Northern_Beaches|Sydney_Parramatta|Sydney_Ryde|Sydney_Sutherland
au,Sydney_City_and_Inner_South,GNN,456,20,100,0.90000000000000002,MVA_equivalent_PF1,853.19620000000009,0.55350404524109131,472.24754808432726,2.2737367544323203e-13,2.6649635270671859e-16,True,0,0,0,0,0,0,True,True,1.0000000000000001e-09,True,True,11,Central_Coast|Hunter_Valley_exc_Newcastle|Newcastle_and_Lake_Macquarie|Sydney_Eastern_Suburbs|Sydney_Inner_South_West|Sydney_Inner_West|Sydney_North_Sydney_and_Hornsby|Sydney_Northern_Beaches|Sydney_Parramatta|Sydney_Ryde|Sydney_Sutherland
au,Sydney_City_and_Inner_South,GNN,456,20,300,0.90000000000000002,MVA_equivalent_PF1,853.19620000000009,0.55350404524109131,472.24754808432726,2.2737367544323203e-13,2.6649635270671859e-16,True,0,0,0,0,0,0,True,True,1.0000000000000001e-09,True,True,11,Central_Coast|Hunter_Valley_exc_Newcastle|Newcastle_and_Lake_Macquarie|Sydney_Eastern_Suburbs|Sydney_Inner_South_West|Sydney_Inner_West|Sydney_North_Sydney_and_Hornsby|Sydney_Northern_Beaches|Sydney_Parramatta|Sydney_Ryde|Sydney_Sutherland
au,Sydney_City_and_Inner_South,GNN,456,20,500,0.90000000000000002,MVA_equivalent_PF1,853.19620000000009,0.55350404524109131,472.24754808432726,2.2737367544323203e-13,2.6649635270671859e-16,True,0,32.597548084327627,0,32.597548084327627,32.597548084327627,32.597548084327627,True,True,1.0000000000000001e-09,True,False,11,Central_Coast|Hunter_Valley_exc_Newcastle|Newcastle_and_Lake_Macquarie|Sydney_Eastern_Suburbs|Sydney_Inner_South_West|Sydney_Inner_West|Sydney_North_Sydney_and_Hornsby|Sydney_Northern_Beaches|Sydney_Parramatta|Sydney_Ryde|Sydney_Sutherland
au,Sydney_City_and_Inner_South,GNN,456,20,100,1,MVA_equivalent_PF1,853.19620000000009,0.76965969573667559,656.6707276956879,2.2737367544323203e-13,2.6649635270671859e-16,True,0,0,0,0,0,0,True,True,1.0000000000000001e-09,True,True,11,Central_Coast|Hunter_Valley_exc_Newcastle|Newcastle_and_Lake_Macquarie|Sydney_Eastern_Suburbs|Sydney_Inner_South_West|Sydney_Inner_West|Sydney_North_Sydney_and_Hornsby|Sydney_Northern_Beaches|Sydney_Parramatta|Sydney_Ryde|Sydney_Sutherland
au,Sydney_City_and_Inner_South,GNN,456,20,300,1,MVA_equivalent_PF1,853.19620000000009,0.76965969573667559,656.6707276956879,2.2737367544323203e-13,2.6649635270671859e-16,True,0,17.020727695688262,0,17.020727695688265,17.020727695688262,17.020727695688265,True,True,1.0000000000000001e-09,True,False,11,Central_Coast|Hunter_Valley_exc_Newcastle|Newcastle_and_Lake_Macquarie|Sydney_Eastern_Suburbs|Sydney_Inner_South_West|Sydney_Inner_West|Sydney_North_Sydney_and_Hornsby|Sydney_Northern_Beaches|Sydney_Parramatta|Sydney_Ryde|Sydney_Sutherland
au,Sydney_City_and_Inner_South,GNN,456,20,500,1,MVA_equivalent_PF1,853.19620000000009,0.76965969573667559,656.6707276956879,2.2737367544323203e-13,2.6649635270671859e-16,True,0,217.02072769568821,0,217.02072769568818,217.02072769568821,217.02072769568818,True,True,1.0000000000000001e-09,True,False,11,Central_Coast|Hunter_Valley_exc_Newcastle|Newcastle_and_Lake_Macquarie|Sydney_Eastern_Suburbs|Sydney_Inner_South_West|Sydney_Inner_West|Sydney_North_Sydney_and_Hornsby|Sydney_Northern_Beaches|Sydney_Parramatta|Sydney_Ryde|Sydney_Sutherland
au,Sydney_Eastern_Suburbs,Uni,,10,100,0.5,MVA_equivalent_PF1,321.71370000000002,0.20300331127285881,65.308946381843114,62.911013543016566,0.19554968763536201,True,0.5042029643499738,5.2154075277447483,0,38.385348615886009,4.7112045633947748,38.385348615886009,True,True,1.0000000000000001e-09,True,False,11,Central_Coast|Hunter_Valley_exc_Newcastle|Newcastle_and_Lake_Macquarie|Sydney_City_and_Inner_South|Sydney_Inner_South_West|Sydney_Inner_West|Sydney_North_Sydney_and_Hornsby|Sydney_Northern_Beaches|Sydney_Parramatta|Sydney_Ryde|Sydney_Sutherland
au,Sydney_Eastern_Suburbs,Uni,,10,300,0.5,MVA_equivalent_PF1,321.71370000000002,0.20300331127285881,65.308946381843114,62.911013543016566,0.19554968763536201,True,3.9454645703358131,12.617103419068453,0,0,8.6716388487326395,0,True,True,1.7980000000000004e-07,True,True,11,Central_Coast|Hunter_Valley_exc_Newcastle|Newcastle_and_Lake_Macquarie|Sydney_City_and_Inner_South|Sydney_Inner_South_West|Sydney_Inner_West|Sydney_North_Sydney_and_Hornsby|Sydney_Northern_Beaches|Sydney_Parramatta|Sydney_Ryde|Sydney_Sutherland
au,Sydney_Eastern_Suburbs,Uni,,10,500,0.5,MVA_equivalent_PF1,321.71370000000002,0.20300331127285881,65.308946381843114,62.911013543016566,0.19554968763536201,True,11.697235977255465,65.308946381843128,0,123.69957789130085,53.611710404587662,123.69957789130085,True,True,3.7980000000000005e-07,True,False,11,Central_Coast|Hunter_Valley_exc_Newcastle|Newcastle_and_Lake_Macquarie|Sydney_City_and_Inner_South|Sydney_Inner_South_West|Sydney_Inner_West|Sydney_North_Sydney_and_Hornsby|Sydney_Northern_Beaches|Sydney_Parramatta|Sydney_Ryde|Sydney_Sutherland
au,Sydney_Eastern_Suburbs,Uni,,10,100,0.80000000000000004,MVA_equivalent_PF1,321.71370000000002,0.29362914917335647,94.464520008412464,62.911013543016566,0.19554968763536201,True,0.5042029643499738,7.83940915413599,0,67.540922242455366,7.3352061897860166,67.540922242455366,True,True,1.0000000000000001e-09,True,False,11,Central_Coast|Hunter_Valley_exc_Newcastle|Newcastle_and_Lake_Macquarie|Sydney_City_and_Inner_South|Sydney_Inner_South_West|Sydney_Inner_West|Sydney_North_Sydney_and_Hornsby|Sydney_Northern_Beaches|Sydney_Parramatta|Sydney_Ryde|Sydney_Sutherland
au,Sydney_Eastern_Suburbs,Uni,,10,300,0.80000000000000004,MVA_equivalent_PF1,321.71370000000002,0.29362914917335647,94.464520008412464,62.911013543016566,0.19554968763536201,True,3.9454645703358131,35.300134617159749,0,0,31.354670046823937,0,True,True,1.7980000000000004e-07,True,True,11,Central_Coast|Hunter_Valley_exc_Newcastle|Newcastle_and_Lake_Macquarie|Sydney_City_and_Inner_South|Sydney_Inner_South_West|Sydney_Inner_West|Sydney_North_Sydney_and_Hornsby|Sydney_Northern_Beaches|Sydney_Parramatta|Sydney_Ryde|Sydney_Sutherland
au,Sydney_Eastern_Suburbs,Uni,,10,500,0.80000000000000004,MVA_equivalent_PF1,321.71370000000002,0.29362914917335647,94.464520008412464,62.911013543016566,0.19554968763536201,True,11.697235977255465,94.464520008412492,0,175.51565740225249,82.767284031157033,175.51565740225249,True,True,3.7980000000000005e-07,True,False,11,Central_Coast|Hunter_Valley_exc_Newcastle|Newcastle_and_Lake_Macquarie|Sydney_City_and_Inner_South|Sydney_Inner_South_West|Sydney_Inner_West|Sydney_North_Sydney_and_Hornsby|Sydney_Northern_Beaches|Sydney_Parramatta|Sydney_Ryde|Sydney_Sutherland
au,Sydney_Eastern_Suburbs,Uni,,10,100,0.90000000000000002,MVA_equivalent_PF1,321.71370000000002,0.32825135197067157,105.60295697248705,62.911013543016566,0.19554968763536201,True,0.5042029643499738,8.9342375241038869,0,78.679359206529938,8.4300345597539135,78.679359206529938,True,True,1.0000000000000001e-09,True,False,11,Central_Coast|Hunter_Valley_exc_Newcastle|Newcastle_and_Lake_Macquarie|Sydney_City_and_Inner_South|Sydney_Inner_South_West|Sydney_Inner_West|Sydney_North_Sydney_and_Hornsby|Sydney_Northern_Beaches|Sydney_Parramatta|Sydney_Ryde|Sydney_Sutherland
au,Sydney_Eastern_Suburbs,Uni,,10,300,0.90000000000000002,MVA_equivalent_PF1,321.71370000000002,0.32825135197067157,105.60295697248705,62.911013543016566,0.19554968763536201,True,3.9454645703358131,45.751132644256415,0,0,41.8056680739206,0,True,True,1.7980000000000004e-07,True,True,11,Central_Coast|Hunter_Valley_exc_Newcastle|Newcastle_and_Lake_Macquarie|Sydney_City_and_Inner_South|Sydney_Inner_South_West|Sydney_Inner_West|Sydney_North_Sydney_and_Hornsby|Sydney_Northern_Beaches|Sydney_Parramatta|Sydney_Ryde|Sydney_Sutherland
au,Sydney_Eastern_Suburbs,Uni,,10,500,0.90000000000000002,MVA_equivalent_PF1,321.71370000000002,0.32825135197067157,105.60295697248705,62.911013543016566,0.19554968763536201,True,11.697235977255465,105.60295697248706,0,186.65409436632706,93.905720995231604,186.65409436632706,True,True,3.7980000000000005e-07,True,False,11,Central_Coast|Hunter_Valley_exc_Newcastle|Newcastle_and_Lake_Macquarie|Sydney_City_and_Inner_South|Sydney_Inner_South_West|Sydney_Inner_West|Sydney_North_Sydney_and_Hornsby|Sydney_Northern_Beaches|Sydney_Parramatta|Sydney_Ryde|Sydney_Sutherland
au,Sydney_Eastern_Suburbs,Uni,,10,100,1,MVA_equivalent_PF1,321.71370000000002,0.44609524922203769,143.51495317964387,62.911013543016566,0.19554968763536201,True,0.5042029643499738,13.867684012536307,0,116.59135541368678,13.363481048186333,116.59135541368678,True,True,1.0000000000000001e-09,True,False,11,Central_Coast|Hunter_Valley_exc_Newcastle|Newcastle_and_Lake_Macquarie|Sydney_City_and_Inner_South|Sydney_Inner_South_West|Sydney_Inner_West|Sydney_North_Sydney_and_Hornsby|Sydney_Northern_Beaches|Sydney_Parramatta|Sydney_Ryde|Sydney_Sutherland
au,Sydney_Eastern_Suburbs,Uni,,10,300,1,MVA_equivalent_PF1,321.71370000000002,0.44609524922203769,143.51495317964387,62.911013543016566,0.19554968763536201,True,3.9454645703358131,83.424981772724138,0,24.735416092122041,79.479517202388323,24.735416092122041,True,True,1.7980000000000004e-07,True,False,11,Central_Coast|Hunter_Valley_exc_Newcastle|Newcastle_and_Lake_Macquarie|Sydney_City_and_Inner_South|Sydney_Inner_South_West|Sydney_Inner_West|Sydney_North_Sydney_and_Hornsby|Sydney_Northern_Beaches|Sydney_Parramatta|Sydney_Ryde|Sydney_Sutherland
au,Sydney_Eastern_Suburbs,Uni,,10,500,1,MVA_equivalent_PF1,321.71370000000002,0.44609524922203769,143.51495317964387,62.911013543016566,0.19554968763536201,True,11.697235977255465,143.51495317964384,0,224.5660905734839,131.81771720238837,224.5660905734839,True,True,3.7980000000000005e-07,True,False,11,Central_Coast|Hunter_Valley_exc_Newcastle|Newcastle_and_Lake_Macquarie|Sydney_City_and_Inner_South|Sydney_Inner_South_West|Sydney_Inner_West|Sydney_North_Sydney_and_Hornsby|Sydney_Northern_Beaches|Sydney_Parramatta|Sydney_Ryde|Sydney_Sutherland
au,Sydney_Eastern_Suburbs,Uni,,20,100,0.5,MVA_equivalent_PF1,321.71370000000002,0.1178905508771788,37.927005317735436,1.1368683772161602e-13,3.533789133680537e-16,True,0,0,0,0,0,0,True,True,1.0000000000000001e-09,True,True,11,Central_Coast|Hunter_Valley_exc_Newcastle|Newcastle_and_Lake_Macquarie|Sydney_City_and_Inner_South|Sydney_Inner_South_West|Sydney_Inner_West|Sydney_North_Sydney_and_Hornsby|Sydney_Northern_Beaches|Sydney_Parramatta|Sydney_Ryde|Sydney_Sutherland
au,Sydney_Eastern_Suburbs,Uni,,20,300,0.5,MVA_equivalent_PF1,321.71370000000002,0.1178905508771788,37.927005317735436,1.1368683772161602e-13,3.533789133680537e-16,True,0,0,0,0,0,0,True,True,1.0000000000000001e-09,True,True,11,Central_Coast|Hunter_Valley_exc_Newcastle|Newcastle_and_Lake_Macquarie|Sydney_City_and_Inner_South|Sydney_Inner_South_West|Sydney_Inner_West|Sydney_North_Sydney_and_Hornsby|Sydney_Northern_Beaches|Sydney_Parramatta|Sydney_Ryde|Sydney_Sutherland
au,Sydney_Eastern_Suburbs,Uni,,20,500,0.5,MVA_equivalent_PF1,321.71370000000002,0.1178905508771788,37.927005317735436,1.1368683772161602e-13,3.533789133680537e-16,True,1.1368683772161603e-13,37.9270053177355,0,75.854010635471099,37.927005317735386,75.854010635471099,True,True,1.3522499999999992e-07,True,False,11,Central_Coast|Hunter_Valley_exc_Newcastle|Newcastle_and_Lake_Macquarie|Sydney_City_and_Inner_South|Sydney_Inner_South_West|Sydney_Inner_West|Sydney_North_Sydney_and_Hornsby|Sydney_Northern_Beaches|Sydney_Parramatta|Sydney_Ryde|Sydney_Sutherland
au,Sydney_Eastern_Suburbs,Uni,,20,100,0.80000000000000004,MVA_equivalent_PF1,321.71370000000002,0.20166758968246928,64.879226446829023,1.1368683772161602e-13,3.533789133680537e-16,True,0,0,0,0,0,0,True,True,1.0000000000000001e-09,True,True,11,Central_Coast|Hunter_Valley_exc_Newcastle|Newcastle_and_Lake_Macquarie|Sydney_City_and_Inner_South|Sydney_Inner_South_West|Sydney_Inner_West|Sydney_North_Sydney_and_Hornsby|Sydney_Northern_Beaches|Sydney_Parramatta|Sydney_Ryde|Sydney_Sutherland
au,Sydney_Eastern_Suburbs,Uni,,20,300,0.80000000000000004,MVA_equivalent_PF1,321.71370000000002,0.20166758968246928,64.879226446829023,1.1368683772161602e-13,3.533789133680537e-16,True,0,0.10422644682876125,0,0.10422644682876125,0.10422644682876125,0.10422644682876125,True,True,1.0000000000000001e-09,True,False,11,Central_Coast|Hunter_Valley_exc_Newcastle|Newcastle_and_Lake_Macquarie|Sydney_City_and_Inner_South|Sydney_Inner_South_West|Sydney_Inner_West|Sydney_North_Sydney_and_Hornsby|Sydney_Northern_Beaches|Sydney_Parramatta|Sydney_Ryde|Sydney_Sutherland
au,Sydney_Eastern_Suburbs,Uni,,20,500,0.80000000000000004,MVA_equivalent_PF1,321.71370000000002,0.20166758968246928,64.879226446829023,1.1368683772161602e-13,3.533789133680537e-16,True,1.1368683772161603e-13,64.879226446828966,0,129.75845289365793,64.879226446828852,129.75845289365793,True,True,1.3522499999999992e-07,True,False,11,Central_Coast|Hunter_Valley_exc_Newcastle|Newcastle_and_Lake_Macquarie|Sydney_City_and_Inner_South|Sydney_Inner_South_West|Sydney_Inner_West|Sydney_North_Sydney_and_Hornsby|Sydney_Northern_Beaches|Sydney_Parramatta|Sydney_Ryde|Sydney_Sutherland
au,Sydney_Eastern_Suburbs,Uni,,20,100,0.90000000000000002,MVA_equivalent_PF1,321.71370000000002,0.2529809421544294,81.387434929987464,1.1368683772161602e-13,3.533789133680537e-16,True,0,0,0,0,0,0,True,True,1.0000000000000001e-09,True,True,11,Central_Coast|Hunter_Valley_exc_Newcastle|Newcastle_and_Lake_Macquarie|Sydney_City_and_Inner_South|Sydney_Inner_South_West|Sydney_Inner_West|Sydney_North_Sydney_and_Hornsby|Sydney_Northern_Beaches|Sydney_Parramatta|Sydney_Ryde|Sydney_Sutherland
au,Sydney_Eastern_Suburbs,Uni,,20,300,0.90000000000000002,MVA_equivalent_PF1,321.71370000000002,0.2529809421544294,81.387434929987464,1.1368683772161602e-13,3.533789133680537e-16,True,0,16.612434929987327,0,16.61243492998733,16.612434929987327,16.61243492998733,True,True,1.0000000000000001e-09,True,False,11,Central_Coast|Hunter_Valley_exc_Newcastle|Newcastle_and_Lake_Macquarie|Sydney_City_and_Inner_South|Sydney_Inner_South_West|Sydney_Inner_West|Sydney_North_Sydney_and_Hornsby|Sydney_Northern_Beaches|Sydney_Parramatta|Sydney_Ryde|Sydney_Sutherland
au,Sydney_Eastern_Suburbs,Uni,,20,500,0.90000000000000002,MVA_equivalent_PF1,321.71370000000002,0.2529809421544294,81.387434929987464,1.1368683772161602e-13,3.533789133680537e-16,True,1.1368683772161603e-13,81.387434929987563,0,162.77486985997498,81.38743492998745,162.77486985997498,True,True,1.3522499999999992e-07,True,False,11,Central_Coast|Hunter_Valley_exc_Newcastle|Newcastle_and_Lake_Macquarie|Sydney_City_and_Inner_South|Sydney_Inner_South_West|Sydney_Inner_West|Sydney_North_Sydney_and_Hornsby|Sydney_Northern_Beaches|Sydney_Parramatta|Sydney_Ryde|Sydney_Sutherland
au,Sydney_Eastern_Suburbs,Uni,,20,100,1,MVA_equivalent_PF1,321.71370000000002,0.56636303530589271,182.20674763148938,1.1368683772161602e-13,3.533789133680537e-16,True,0,0,0,0,0,0,True,True,1.0000000000000001e-09,True,True,11,Central_Coast|Hunter_Valley_exc_Newcastle|Newcastle_and_Lake_Macquarie|Sydney_City_and_Inner_South|Sydney_Inner_South_West|Sydney_Inner_West|Sydney_North_Sydney_and_Hornsby|Sydney_Northern_Beaches|Sydney_Parramatta|Sydney_Ryde|Sydney_Sutherland
au,Sydney_Eastern_Suburbs,Uni,,20,300,1,MVA_equivalent_PF1,321.71370000000002,0.56636303530589271,182.20674763148938,1.1368683772161602e-13,3.533789133680537e-16,True,0,117.43174763148916,0,117.43174763148913,117.43174763148916,117.43174763148913,True,True,1.0000000000000001e-09,True,False,11,Central_Coast|Hunter_Valley_exc_Newcastle|Newcastle_and_Lake_Macquarie|Sydney_City_and_Inner_South|Sydney_Inner_South_West|Sydney_Inner_West|Sydney_North_Sydney_and_Hornsby|Sydney_Northern_Beaches|Sydney_Parramatta|Sydney_Ryde|Sydney_Sutherland
au,Sydney_Eastern_Suburbs,Uni,,20,500,1,MVA_equivalent_PF1,321.71370000000002,0.56636303530589271,182.20674763148938,1.1368683772161602e-13,3.533789133680537e-16,True,1.1368683772161603e-13,182.20674763148946,0,317.43174763148915,182.20674763148935,317.43174763148915,True,True,1.3522499999999992e-07,True,False,11,Central_Coast|Hunter_Valley_exc_Newcastle|Newcastle_and_Lake_Macquarie|Sydney_City_and_Inner_South|Sydney_Inner_South_West|Sydney_Inner_West|Sydney_North_Sydney_and_Hornsby|Sydney_Northern_Beaches|Sydney_Parramatta|Sydney_Ryde|Sydney_Sutherland
au,Sydney_Eastern_Suburbs,LU,,10,100,0.5,MVA_equivalent_PF1,321.71370000000002,0.21126955436754324,67.968310032933502,62.004052550449615,0.19273053199304105,True,0.61484528446042708,5.501081161045664,0,41.362260751337693,4.8862358765852374,41.362260751337693,True,True,1.0000000000000001e-09,True,False,11,Central_Coast|Hunter_Valley_exc_Newcastle|Newcastle_and_Lake_Macquarie|Sydney_City_and_Inner_South|Sydney_Inner_South_West|Sydney_Inner_West|Sydney_North_Sydney_and_Hornsby|Sydney_Northern_Beaches|Sydney_Parramatta|Sydney_Ryde|Sydney_Sutherland
au,Sydney_Eastern_Suburbs,LU,,10,300,0.5,MVA_equivalent_PF1,321.71370000000002,0.21126955436754324,67.968310032933502,62.004052550449615,0.19273053199304105,True,4.0938436720624392,13.828381761684078,0,0,9.7345380896216387,0,True,True,1.7980000000000004e-07,True,True,11,Central_Coast|Hunter_Valley_exc_Newcastle|Newcastle_and_Lake_Macquarie|Sydney_City_and_Inner_South|Sydney_Inner_South_West|Sydney_Inner_West|Sydney_North_Sydney_and_Hornsby|Sydney_Northern_Beaches|Sydney_Parramatta|Sydney_Ryde|Sydney_Sutherland
au,Sydney_Eastern_Suburbs,LU,,10,500,0.5,MVA_equivalent_PF1,321.71370000000002,0.21126955436754324,67.968310032933502,62.004052550449615,0.19273053199304105,True,11.937077345693641,67.968310032933516,0,128.22781570550023,56.031232687239878,128.22781570550023,True,True,3.7980000000000005e-07,True,False,11,Central_Coast|Hunter_Valley_exc_Newcastle|Newcastle_and_Lake_Macquarie|Sydney_City_and_Inner_South|Sydney_Inner_South_West|Sydney_Inner_West|Sydney_North_Sydney_and_Hornsby|Sydney_Northern_Beaches|Sydney_Parramatta|Sydney_Ryde|Sydney_Sutherland
au,Sydney_Eastern_Suburbs,LU,,10,100,0.80000000000000004,MVA_equivalent_PF1,321.71370000000002,0.27652582273620779,88.96214557800954,62.004052550449615,0.19273053199304105,True,0.61484528446042708,7.3905263601025073,0,62.356096296413718,6.7756810756420798,62.356096296413718,True,True,1.0000000000000001e-09,True,False,11,Central_Coast|Hunter_Valley_exc_Newcastle|Newcastle_and_Lake_Macquarie|Sydney_City_and_Inner_South|Sydney_Inner_South_West|Sydney_Inner_West|Sydney_North_Sydney_and_Hornsby|Sydney_Northern_Beaches|Sydney_Parramatta|Sydney_Ryde|Sydney_Sutherland
au,Sydney_Eastern_Suburbs,LU,,10,300,0.80000000000000004,MVA_equivalent_PF1,321.71370000000002,0.27652582273620779,88.96214557800954,62.004052550449615,0.19273053199304105,True,4.0938436720624392,30.096774581245391,0,0,26.00293090918295,0,True,True,1.7980000000000004e-07,True,True,11,Central_Coast|Hunter_Valley_exc_Newcastle|Newcastle_and_Lake_Macquarie|Sydney_City_and_Inner_South|Sydney_Inner_South_West|Sydney_Inner_West|Sydney_North_Sydney_and_Hornsby|Sydney_Northern_Beaches|Sydney_Parramatta|Sydney_Ryde|Sydney_Sutherland
au,Sydney_Eastern_Suburbs,LU,,10,500,0.80000000000000004,MVA_equivalent_PF1,321.71370000000002,0.27652582273620779,88.96214557800954,62.004052550449615,0.19273053199304105,True,11.937077345693641,88.96214557800954,0,170.15719890227982,77.025068232315903,170.15719890227982,True,True,3.7980000000000005e-07,True,False,11,Central_Coast|Hunter_Valley_exc_Newcastle|Newcastle_and_Lake_Macquarie|Sydney_City_and_Inner_South|Sydney_Inner_South_West|Sydney_Inner_West|Sydney_North_Sydney_and_Hornsby|Sydney_Northern_Beaches|Sydney_Parramatta|Sydney_Ryde|Sydney_Sutherland
au,Sydney_Eastern_Suburbs,LU,,10,100,0.90000000000000002,MVA_equivalent_PF1,321.71370000000002,0.29934727037426312,96.304117937004577,62.004052550449615,0.19273053199304105,True,0.61484528446042708,8.0725455221782987,0,69.698068655408775,7.4577002377178712,69.698068655408775,True,True,1.0000000000000001e-09,True,False,11,Central_Coast|Hunter_Valley_exc_Newcastle|Newcastle_and_Lake_Macquarie|Sydney_City_and_Inner_South|Sydney_Inner_South_West|Sydney_Inner_West|Sydney_North_Sydney_and_Hornsby|Sydney_Northern_Beaches|Sydney_Parramatta|Sydney_Ryde|Sydney_Sutherland
au,Sydney_Eastern_Suburbs,LU,,10,300,0.90000000000000002,MVA_equivalent_PF1,321.71370000000002,0.29934727037426312,96.304117937004577,62.004052550449615,0.19273053199304105,True,4.0938436720624392,36.745739058115824,0,0,32.651895386053383,0,True,True,1.7980000000000004e-07,True,True,11,Central_Coast|Hunter_Valley_exc_Newcastle|Newcastle_and_Lake_Macquarie|Sydney_City_and_Inner_South|Sydney_Inner_South_West|Sydney_Inner_West|Sydney_North_Sydney_and_Hornsby|Sydney_Northern_Beaches|Sydney_Parramatta|Sydney_Ryde|Sydney_Sutherland
au,Sydney_Eastern_Suburbs,LU,,10,500,0.90000000000000002,MVA_equivalent_PF1,321.71370000000002,0.29934727037426312,96.304117937004577,62.004052550449615,0.19273053199304105,True,11.937077345693641,96.304117937004577,0,179.06895809368797,84.367040591310939,179.06895809368797,True,True,3.7980000000000005e-07,True,False,11,Central_Coast|Hunter_Valley_exc_Newcastle|Newcastle_and_Lake_Macquarie|Sydney_City_and_Inner_South|Sydney_Inner_South_West|Sydney_Inner_West|Sydney_North_Sydney_and_Hornsby|Sydney_Northern_Beaches|Sydney_Parramatta|Sydney_Ryde|Sydney_Sutherland
au,Sydney_Eastern_Suburbs,LU,,10,100,1,MVA_equivalent_PF1,321.71370000000002,0.49347582631342024,158.7579339438478,62.004052550449615,0.19273053199304105,True,0.61484528446042708,16.749665736168328,0,132.15188466225197,16.134820451707903,132.15188466225197,True,True,1.0000000000000001e-09,True,False,11,Central_Coast|Hunter_Valley_exc_Newcastle|Newcastle_and_Lake_Macquarie|Sydney_City_and_Inner_South|Sydney_Inner_South_West|Sydney_Inner_West|Sydney_North_Sydney_and_Hornsby|Sydney_Northern_Beaches|Sydney_Parramatta|Sydney_Ryde|Sydney_Sutherland
au,Sydney_Eastern_Suburbs,LU,,10,300,1,MVA_equivalent_PF1,321.71370000000002,0.49347582631342024,158.7579339438478,62.004052550449615,0.19273053199304105,True,4.0938436720624392,98.576500270216528,0,41.73214390585315,94.482656598154094,41.73214390585315,True,True,1.7980000000000004e-07,True,False,11,Central_Coast|Hunter_Valley_exc_Newcastle|Newcastle_and_Lake_Macquarie|Sydney_City_and_Inner_South|Sydney_Inner_South_West|Sydney_Inner_West|Sydney_North_Sydney_and_Hornsby|Sydney_Northern_Beaches|Sydney_Parramatta|Sydney_Ryde|Sydney_Sutherland
au,Sydney_Eastern_Suburbs,LU,,10,500,1,MVA_equivalent_PF1,321.71370000000002,0.49347582631342024,158.7579339438478,62.004052550449615,0.19273053199304105,True,11.937077345693641,158.75793394384783,0,241.52277410053125,146.82085659815419,241.52277410053125,True,True,3.7980000000000005e-07,True,False,11,Central_Coast|Hunter_Valley_exc_Newcastle|Newcastle_and_Lake_Macquarie|Sydney_City_and_Inner_South|Sydney_Inner_South_West|Sydney_Inner_West|Sydney_North_Sydney_and_Hornsby|Sydney_Northern_Beaches|Sydney_Parramatta|Sydney_Ryde|Sydney_Sutherland
au,Sydney_Eastern_Suburbs,LU,,20,100,0.5,MVA_equivalent_PF1,321.71370000000002,0.12446764645748185,40.042947072128378,0,0,True,0,0,0,0,0,0,True,True,1.0000000000000001e-09,True,True,11,Central_Coast|Hunter_Valley_exc_Newcastle|Newcastle_and_Lake_Macquarie|Sydney_City_and_Inner_South|Sydney_Inner_South_West|Sydney_Inner_West|Sydney_North_Sydney_and_Hornsby|Sydney_Northern_Beaches|Sydney_Parramatta|Sydney_Ryde|Sydney_Sutherland
au,Sydney_Eastern_Suburbs,LU,,20,300,0.5,MVA_equivalent_PF1,321.71370000000002,0.12446764645748185,40.042947072128378,0,0,True,0,0,0,0,0,0,True,True,1.0000000000000001e-09,True,True,11,Central_Coast|Hunter_Valley_exc_Newcastle|Newcastle_and_Lake_Macquarie|Sydney_City_and_Inner_South|Sydney_Inner_South_West|Sydney_Inner_West|Sydney_North_Sydney_and_Hornsby|Sydney_Northern_Beaches|Sydney_Parramatta|Sydney_Ryde|Sydney_Sutherland
au,Sydney_Eastern_Suburbs,LU,,20,500,0.5,MVA_equivalent_PF1,321.71370000000002,0.12446764645748185,40.042947072128378,0,0,True,0,40.0429470721283,0,80.085894144256599,40.0429470721283,80.085894144256599,True,True,1.3522499999999992e-07,True,False,11,Central_Coast|Hunter_Valley_exc_Newcastle|Newcastle_and_Lake_Macquarie|Sydney_City_and_Inner_South|Sydney_Inner_South_West|Sydney_Inner_West|Sydney_North_Sydney_and_Hornsby|Sydney_Northern_Beaches|Sydney_Parramatta|Sydney_Ryde|Sydney_Sutherland
au,Sydney_Eastern_Suburbs,LU,,20,100,0.80000000000000004,MVA_equivalent_PF1,321.71370000000002,0.19620928093451631,63.123213743782706,0,0,True,0,0,0,0,0,0,True,True,1.0000000000000001e-09,True,True,11,Central_Coast|Hunter_Valley_exc_Newcastle|Newcastle_and_Lake_Macquarie|Sydney_City_and_Inner_South|Sydney_Inner_South_West|Sydney_Inner_West|Sydney_North_Sydney_and_Hornsby|Sydney_Northern_Beaches|Sydney_Parramatta|Sydney_Ryde|Sydney_Sutherland
au,Sydney_Eastern_Suburbs,LU,,20,300,0.80000000000000004,MVA_equivalent_PF1,321.71370000000002,0.19620928093451631,63.123213743782706,0,0,True,0,0,0,0,0,0,True,True,1.0000000000000001e-09,True,True,11,Central_Coast|Hunter_Valley_exc_Newcastle|Newcastle_and_Lake_Macquarie|Sydney_City_and_Inner_South|Sydney_Inner_South_West|Sydney_Inner_West|Sydney_North_Sydney_and_Hornsby|Sydney_Northern_Beaches|Sydney_Parramatta|Sydney_Ryde|Sydney_Sutherland
au,Sydney_Eastern_Suburbs,LU,,20,500,0.80000000000000004,MVA_equivalent_PF1,321.71370000000002,0.19620928093451631,63.123213743782706,0,0,True,0,63.123213743782685,0,126.24642748756546,63.123213743782685,126.24642748756546,True,True,1.3522499999999992e-07,True,False,11,Central_Coast|Hunter_Valley_exc_Newcastle|Newcastle_and_Lake_Macquarie|Sydney_City_and_Inner_South|Sydney_Inner_South_West|Sydney_Inner_West|Sydney_North_Sydney_and_Hornsby|Sydney_Northern_Beaches|Sydney_Parramatta|Sydney_Ryde|Sydney_Sutherland
au,Sydney_Eastern_Suburbs,LU,,20,100,0.90000000000000002,MVA_equivalent_PF1,321.71370000000002,0.27311790403589015,87.865771443631161,0,0,True,0,0,0,0,0,0,True,True,1.0000000000000001e-09,True,True,11,Central_Coast|Hunter_Valley_exc_Newcastle|Newcastle_and_Lake_Macquarie|Sydney_City_and_Inner_South|Sydney_Inner_South_West|Sydney_Inner_West|Sydney_North_Sydney_and_Hornsby|Sydney_Northern_Beaches|Sydney_Parramatta|Sydney_Ryde|Sydney_Sutherland
au,Sydney_Eastern_Suburbs,LU,,20,300,0.90000000000000002,MVA_equivalent_PF1,321.71370000000002,0.27311790403589015,87.865771443631161,0,0,True,0,23.09077144363107,0,23.09077144363107,23.09077144363107,23.09077144363107,True,True,1.0000000000000001e-09,True,False,11,Central_Coast|Hunter_Valley_exc_Newcastle|Newcastle_and_Lake_Macquarie|Sydney_City_and_Inner_South|Sydney_Inner_South_West|Sydney_Inner_West|Sydney_North_Sydney_and_Hornsby|Sydney_Northern_Beaches|Sydney_Parramatta|Sydney_Ryde|Sydney_Sutherland
au,Sydney_Eastern_Suburbs,LU,,20,500,0.90000000000000002,MVA_equivalent_PF1,321.71370000000002,0.27311790403589015,87.865771443631161,0,0,True,0,87.865771443631175,0,175.73154288726238,87.865771443631175,175.73154288726238,True,True,1.3522499999999992e-07,True,False,11,Central_Coast|Hunter_Valley_exc_Newcastle|Newcastle_and_Lake_Macquarie|Sydney_City_and_Inner_South|Sydney_Inner_South_West|Sydney_Inner_West|Sydney_North_Sydney_and_Hornsby|Sydney_Northern_Beaches|Sydney_Parramatta|Sydney_Ryde|Sydney_Sutherland
au,Sydney_Eastern_Suburbs,LU,,20,100,1,MVA_equivalent_PF1,321.71370000000002,0.49327160243123641,158.69223232308207,0,0,True,0,0,0,0,0,0,True,True,1.0000000000000001e-09,True,True,11,Central_Coast|Hunter_Valley_exc_Newcastle|Newcastle_and_Lake_Macquarie|Sydney_City_and_Inner_South|Sydney_Inner_South_West|Sydney_Inner_West|Sydney_North_Sydney_and_Hornsby|Sydney_Northern_Beaches|Sydney_Parramatta|Sydney_Ryde|Sydney_Sutherland
au,Sydney_Eastern_Suburbs,LU,,20,300,1,MVA_equivalent_PF1,321.71370000000002,0.49327160243123641,158.69223232308207,0,0,True,0,93.917232323081961,0,93.917232323081933,93.917232323081961,93.917232323081933,True,True,1.0000000000000001e-09,True,False,11,Central_Coast|Hunter_Valley_exc_Newcastle|Newcastle_and_Lake_Macquarie|Sydney_City_and_Inner_South|Sydney_Inner_South_West|Sydney_Inner_West|Sydney_North_Sydney_and_Hornsby|Sydney_Northern_Beaches|Sydney_Parramatta|Sydney_Ryde|Sydney_Sutherland
au,Sydney_Eastern_Suburbs,LU,,20,500,1,MVA_equivalent_PF1,321.71370000000002,0.49327160243123641,158.69223232308207,0,0,True,0,158.69223232308198,0,293.91723232308203,158.69223232308198,293.91723232308203,True,True,1.3522499999999992e-07,True,False,11,Central_Coast|Hunter_Valley_exc_Newcastle|Newcastle_and_Lake_Macquarie|Sydney_City_and_Inner_South|Sydney_Inner_South_West|Sydney_Inner_West|Sydney_North_Sydney_and_Hornsby|Sydney_Northern_Beaches|Sydney_Parramatta|Sydney_Ryde|Sydney_Sutherland
au,Sydney_Eastern_Suburbs,GNN,42,10,100,0.5,MVA_equivalent_PF1,321.71370000000002,0.23482502810933484,75.546428645658125,73.496854432247972,0.22845422632684889,True,1.0872113327386523,6.2121020988925997,0,50.371005377215184,5.1248907661539471,50.371005377215184,True,True,1.0000000000000001e-09,True,False,11,Central_Coast|Hunter_Valley_exc_Newcastle|Newcastle_and_Lake_Macquarie|Sydney_City_and_Inner_South|Sydney_Inner_South_West|Sydney_Inner_West|Sydney_North_Sydney_and_Hornsby|Sydney_Northern_Beaches|Sydney_Parramatta|Sydney_Ryde|Sydney_Sutherland
au,Sydney_Eastern_Suburbs,GNN,42,10,300,0.5,MVA_equivalent_PF1,321.71370000000002,0.23482502810933484,75.546428645658125,73.496854432247972,0.22845422632684889,True,4.8456899647406626,17.68225801962226,0,0,12.836568054881598,0,True,True,1.7980000000000004e-07,True,True,11,Central_Coast|Hunter_Valley_exc_Newcastle|Newcastle_and_Lake_Macquarie|Sydney_City_and_Inner_South|Sydney_Inner_South_West|Sydney_Inner_West|Sydney_North_Sydney_and_Hornsby|Sydney_Northern_Beaches|Sydney_Parramatta|Sydney_Ryde|Sydney_Sutherland
au,Sydney_Eastern_Suburbs,GNN,42,10,500,0.5,MVA_equivalent_PF1,321.71370000000002,0.23482502810933484,75.546428645658125,73.496854432247972,0.22845422632684889,True,13.448341125650204,75.546428645658139,0,135.80719993272731,62.098087520007937,135.80719993272731,True,True,3.7980000000000005e-07,True,False,11,Central_Coast|Hunter_Valley_exc_Newcastle|Newcastle_and_Lake_Macquarie|Sydney_City_and_Inner_South|Sydney_Inner_South_West|Sydney_Inner_West|Sydney_North_Sydney_and_Hornsby|Sydney_Northern_Beaches|Sydney_Parramatta|Sydney_Ryde|Sydney_Sutherland
au,Sydney_Eastern_Suburbs,GNN,42,10,100,0.80000000000000004,MVA_equivalent_PF1,321.71370000000002,0.45237314614858387,145.53463862810167,73.496854432247972,0.22845422632684889,True,1.0872113327386523,15.842173687721493,0,120.35921535965872,14.75496235498284,120.35921535965872,True,True,1.0000000000000001e-09,True,False,11,Central_Coast|Hunter_Valley_exc_Newcastle|Newcastle_and_Lake_Macquarie|Sydney_City_and_Inner_South|Sydney_Inner_South_West|Sydney_Inner_West|Sydney_North_Sydney_and_Hornsby|Sydney_Northern_Beaches|Sydney_Parramatta|Sydney_Ryde|Sydney_Sutherland
au,Sydney_Eastern_Suburbs,GNN,42,10,300,0.80000000000000004,MVA_equivalent_PF1,321.71370000000002,0.45237314614858387,145.53463862810167,73.496854432247972,0.22845422632684889,True,4.8456899647406626,84.593787467192058,0,36.960282825247212,79.748097502451401,36.960282825247212,True,True,1.7980000000000004e-07,True,False,11,Central_Coast|Hunter_Valley_exc_Newcastle|Newcastle_and_Lake_Macquarie|Sydney_City_and_Inner_South|Sydney_Inner_South_West|Sydney_Inner_West|Sydney_North_Sydney_and_Hornsby|Sydney_Northern_Beaches|Sydney_Parramatta|Sydney_Ryde|Sydney_Sutherland
au,Sydney_Eastern_Suburbs,GNN,42,10,500,0.80000000000000004,MVA_equivalent_PF1,321.71370000000002,0.45237314614858387,145.53463862810167,73.496854432247972,0.22845422632684889,True,13.448341125650204,145.53463862810167,0,234.04480152905018,132.08629750245146,234.04480152905018,True,True,3.7980000000000005e-07,True,False,11,Central_Coast|Hunter_Valley_exc_Newcastle|Newcastle_and_Lake_Macquarie|Sydney_City_and_Inner_South|Sydney_Inner_South_West|Sydney_Inner_West|Sydney_North_Sydney_and_Hornsby|Sydney_Northern_Beaches|Sydney_Parramatta|Sydney_Ryde|Sydney_Sutherland
au,Sydney_Eastern_Suburbs,GNN,42,10,100,0.90000000000000002,MVA_equivalent_PF1,321.71370000000002,0.53510168569732042,172.14954318192204,73.496854432247972,0.22845422632684889,True,1.0872113327386523,20.892522999163067,0,146.97411991347909,19.805311666424416,146.97411991347909,True,True,1.0000000000000001e-09,True,False,11,Central_Coast|Hunter_Valley_exc_Newcastle|Newcastle_and_Lake_Macquarie|Sydney_City_and_Inner_South|Sydney_Inner_South_West|Sydney_Inner_West|Sydney_North_Sydney_and_Hornsby|Sydney_Northern_Beaches|Sydney_Parramatta|Sydney_Ryde|Sydney_Sutherland
au,Sydney_Eastern_Suburbs,GNN,42,10,300,0.90000000000000002,MVA_equivalent_PF1,321.71370000000002,0.53510168569732042,172.14954318192204,73.496854432247972,0.22845422632684889,True,4.8456899647406626,111.20869202101244,0,63.5751873790676,106.36300205627178,63.5751873790676,True,True,1.7980000000000004e-07,True,False,11,Central_Coast|Hunter_Valley_exc_Newcastle|Newcastle_and_Lake_Macquarie|Sydney_City_and_Inner_South|Sydney_Inner_South_West|Sydney_Inner_West|Sydney_North_Sydney_and_Hornsby|Sydney_Northern_Beaches|Sydney_Parramatta|Sydney_Ryde|Sydney_Sutherland
au,Sydney_Eastern_Suburbs,GNN,42,10,500,0.90000000000000002,MVA_equivalent_PF1,321.71370000000002,0.53510168569732042,172.14954318192204,73.496854432247972,0.22845422632684889,True,13.448341125650204,172.14954318192207,0,260.65970608287046,158.70120205627185,260.65970608287046,True,True,3.7980000000000005e-07,True,False,11,Central_Coast|Hunter_Valley_exc_Newcastle|Newcastle_and_Lake_Macquarie|Sydney_City_and_Inner_South|Sydney_Inner_South_West|Sydney_Inner_West|Sydney_North_Sydney_and_Hornsby|Sydney_Northern_Beaches|Sydney_Parramatta|Sydney_Ryde|Sydney_Sutherland
au,Sydney_Eastern_Suburbs,GNN,42,10,100,1,MVA_equivalent_PF1,321.71370000000002,0.58475619670486811,188.12407963985095,73.496854432247972,0.22845422632684889,True,1.0872113327386523,23.959633999085419,0,162.94865637140799,22.872422666346768,162.94865637140799,True,True,1.0000000000000001e-09,True,False,11,Central_Coast|Hunter_Valley_exc_Newcastle|Newcastle_and_Lake_Macquarie|Sydney_City_and_Inner_South|Sydney_Inner_South_West|Sydney_Inner_West|Sydney_North_Sydney_and_Hornsby|Sydney_Northern_Beaches|Sydney_Parramatta|Sydney_Ryde|Sydney_Sutherland
au,Sydney_Eastern_Suburbs,GNN,42,10,300,1,MVA_equivalent_PF1,321.71370000000002,0.58475619670486811,188.12407963985095,73.496854432247972,0.22845422632684889,True,4.8456899647406626,127.18322847894134,0,79.549723836996478,122.33753851420069,79.549723836996478,True,True,1.7980000000000004e-07,True,False,11,Central_Coast|Hunter_Valley_exc_Newcastle|Newcastle_and_Lake_Macquarie|Sydney_City_and_Inner_South|Sydney_Inner_South_West|Sydney_Inner_West|Sydney_North_Sydney_and_Hornsby|Sydney_Northern_Beaches|Sydney_Parramatta|Sydney_Ryde|Sydney_Sutherland
au,Sydney_Eastern_Suburbs,GNN,42,10,500,1,MVA_equivalent_PF1,321.71370000000002,0.58475619670486811,188.12407963985095,73.496854432247972,0.22845422632684889,True,13.448341125650204,188.124079639851,0,276.63424254079939,174.67573851420079,276.63424254079939,True,True,3.7980000000000005e-07,True,False,11,Central_Coast|Hunter_Valley_exc_Newcastle|Newcastle_and_Lake_Macquarie|Sydney_City_and_Inner_South|Sydney_Inner_South_West|Sydney_Inner_West|Sydney_North_Sydney_and_Hornsby|Sydney_Northern_Beaches|Sydney_Parramatta|Sydney_Ryde|Sydney_Sutherland
au,Sydney_Eastern_Suburbs,GNN,42,20,100,0.5,MVA_equivalent_PF1,321.71370000000002,0.10517103541590131,33.83496293648065,0,0,True,0,0,0,0,0,0,True,True,1.0000000000000001e-09,True,True,11,Central_Coast|Hunter_Valley_exc_Newcastle|Newcastle_and_Lake_Macquarie|Sydney_City_and_Inner_South|Sydney_Inner_South_West|Sydney_Inner_West|Sydney_North_Sydney_and_Hornsby|Sydney_Northern_Beaches|Sydney_Parramatta|Sydney_Ryde|Sydney_Sutherland
au,Sydney_Eastern_Suburbs,GNN,42,20,300,0.5,MVA_equivalent_PF1,321.71370000000002,0.10517103541590131,33.83496293648065,0,0,True,0,0,0,0,0,0,True,True,1.0000000000000001e-09,True,True,11,Central_Coast|Hunter_Valley_exc_Newcastle|Newcastle_and_Lake_Macquarie|Sydney_City_and_Inner_South|Sydney_Inner_South_West|Sydney_Inner_West|Sydney_North_Sydney_and_Hornsby|Sydney_Northern_Beaches|Sydney_Parramatta|Sydney_Ryde|Sydney_Sutherland
au,Sydney_Eastern_Suburbs,GNN,42,20,500,0.5,MVA_equivalent_PF1,321.71370000000002,0.10517103541590131,33.83496293648065,0,0,True,0,33.834962936480672,0,67.669925872961358,33.834962936480672,67.669925872961358,True,True,1.3522499999999992e-07,True,False,11,Central_Coast|Hunter_Valley_exc_Newcastle|Newcastle_and_Lake_Macquarie|Sydney_City_and_Inner_South|Sydney_Inner_South_West|Sydney_Inner_West|Sydney_North_Sydney_and_Hornsby|Sydney_Northern_Beaches|Sydney_Parramatta|Sydney_Ryde|Sydney_Sutherland
au,Sydney_Eastern_Suburbs,GNN,42,20,100,0.80000000000000004,MVA_equivalent_PF1,321.71370000000002,0.25155565525979678,80.928900609553693,0,0,True,0,0,0,0,0,0,True,True,1.0000000000000001e-09,True,True,11,Central_Coast|Hunter_Valley_exc_Newcastle|Newcastle_and_Lake_Macquarie|Sydney_City_and_Inner_South|Sydney_Inner_South_West|Sydney_Inner_West|Sydney_North_Sydney_and_Hornsby|Sydney_Northern_Beaches|Sydney_Parramatta|Sydney_Ryde|Sydney_Sutherland
au,Sydney_Eastern_Suburbs,GNN,42,20,300,0.80000000000000004,MVA_equivalent_PF1,321.71370000000002,0.25155565525979678,80.928900609553693,0,0,True,0,16.153900609553602,0,16.153900609553602,16.153900609553602,16.153900609553602,True,True,1.0000000000000001e-09,True,False,11,Central_Coast|Hunter_Valley_exc_Newcastle|Newcastle_and_Lake_Macquarie|Sydney_City_and_Inner_South|Sydney_Inner_South_West|Sydney_Inner_West|Sydney_North_Sydney_and_Hornsby|Sydney_Northern_Beaches|Sydney_Parramatta|Sydney_Ryde|Sydney_Sutherland
au,Sydney_Eastern_Suburbs,GNN,42,20,500,0.80000000000000004,MVA_equivalent_PF1,321.71370000000002,0.25155565525979678,80.928900609553693,0,0,True,0,80.928900609553708,0,161.85780121910739,80.928900609553708,161.85780121910739,True,True,1.3522499999999992e-07,True,False,11,Central_Coast|Hunter_Valley_exc_Newcastle|Newcastle_and_Lake_Macquarie|Sydney_City_and_Inner_South|Sydney_Inner_South_West|Sydney_Inner_West|Sydney_North_Sydney_and_Hornsby|Sydney_Northern_Beaches|Sydney_Parramatta|Sydney_Ryde|Sydney_Sutherland
au,Sydney_Eastern_Suburbs,GNN,42,20,100,0.90000000000000002,MVA_equivalent_PF1,321.71370000000002,0.50129439675573606,161.27327516955586,0,0,True,0,0,0,0,0,0,True,True,1.0000000000000001e-09,True,True,11,Central_Coast|Hunter_Valley_exc_Newcastle|Newcastle_and_Lake_Macquarie|Sydney_City_and_Inner_South|Sydney_Inner_South_West|Sydney_Inner_West|Sydney_North_Sydney_and_Hornsby|Sydney_Northern_Beaches|Sydney_Parramatta|Sydney_Ryde|Sydney_Sutherland
au,Sydney_Eastern_Suburbs,GNN,42,20,300,0.90000000000000002,MVA_equivalent_PF1,321.71370000000002,0.50129439675573606,161.27327516955586,0,0,True,0,96.49827516955574,0,96.498275169555725,96.49827516955574,96.498275169555725,True,True,1.0000000000000001e-09,True,False,11,Central_Coast|Hunter_Valley_exc_Newcastle|Newcastle_and_Lake_Macquarie|Sydney_City_and_Inner_South|Sydney_Inner_South_West|Sydney_Inner_West|Sydney_North_Sydney_and_Hornsby|Sydney_Northern_Beaches|Sydney_Parramatta|Sydney_Ryde|Sydney_Sutherland
au,Sydney_Eastern_Suburbs,GNN,42,20,500,0.90000000000000002,MVA_equivalent_PF1,321.71370000000002,0.50129439675573606,161.27327516955586,0,0,True,0,161.2732751695558,0,296.49827516955582,161.2732751695558,296.49827516955582,True,True,1.3522499999999992e-07,True,False,11,Central_Coast|Hunter_Valley_exc_Newcastle|Newcastle_and_Lake_Macquarie|Sydney_City_and_Inner_South|Sydney_Inner_South_West|Sydney_Inner_West|Sydney_North_Sydney_and_Hornsby|Sydney_Northern_Beaches|Sydney_Parramatta|Sydney_Ryde|Sydney_Sutherland
au,Sydney_Eastern_Suburbs,GNN,42,20,100,1,MVA_equivalent_PF1,321.71370000000002,0.52981960863964972,170.4502266280137,0,0,True,0,0,0,0,0,0,True,True,1.0000000000000001e-09,True,True,11,Central_Coast|Hunter_Valley_exc_Newcastle|Newcastle_and_Lake_Macquarie|Sydney_City_and_Inner_South|Sydney_Inner_South_West|Sydney_Inner_West|Sydney_North_Sydney_and_Hornsby|Sydney_Northern_Beaches|Sydney_Parramatta|Sydney_Ryde|Sydney_Sutherland
au,Sydney_Eastern_Suburbs,GNN,42,20,300,1,MVA_equivalent_PF1,321.71370000000002,0.52981960863964972,170.4502266280137,0,0,True,0,105.67522662801365,0,105.67522662801366,105.67522662801365,105.67522662801366,True,True,1.0000000000000001e-09,True,False,11,Central_Coast|Hunter_Valley_exc_Newcastle|Newcastle_and_Lake_Macquarie|Sydney_City_and_Inner_South|Sydney_Inner_South_West|Sydney_Inner_West|Sydney_North_Sydney_and_Hornsby|Sydney_Northern_Beaches|Sydney_Parramatta|Sydney_Ryde|Sydney_Sutherland
au,Sydney_Eastern_Suburbs,GNN,42,20,500,1,MVA_equivalent_PF1,321.71370000000002,0.52981960863964972,170.4502266280137,0,0,True,0,170.45022662801375,0,305.67522662801366,170.45022662801375,305.67522662801366,True,True,1.3522499999999992e-07,True,False,11,Central_Coast|Hunter_Valley_exc_Newcastle|Newcastle_and_Lake_Macquarie|Sydney_City_and_Inner_South|Sydney_Inner_South_West|Sydney_Inner_West|Sydney_North_Sydney_and_Hornsby|Sydney_Northern_Beaches|Sydney_Parramatta|Sydney_Ryde|Sydney_Sutherland
au,Sydney_Eastern_Suburbs,GNN,123,10,100,0.5,MVA_equivalent_PF1,321.71370000000002,0.2110810432425036,67.907663421405829,80.708899524081303,0.25087181405106868,False,1.2573658221056911,5.4917793857793402,0,38.931991536487565,4.2344135636736491,38.931991536487565,True,True,1.0000000000000001e-09,True,False,11,Central_Coast|Hunter_Valley_exc_Newcastle|Newcastle_and_Lake_Macquarie|Sydney_City_and_Inner_South|Sydney_Inner_South_West|Sydney_Inner_West|Sydney_North_Sydney_and_Hornsby|Sydney_Northern_Beaches|Sydney_Parramatta|Sydney_Ryde|Sydney_Sutherland
au,Sydney_Eastern_Suburbs,GNN,123,10,300,0.5,MVA_equivalent_PF1,321.71370000000002,0.2110810432425036,67.907663421405829,80.708899524081303,0.25087181405106868,False,5.2672393599570499,13.603075495000958,0,0,8.335836135043909,0,True,True,1.7980000000000004e-07,True,True,11,Central_Coast|Hunter_Valley_exc_Newcastle|Newcastle_and_Lake_Macquarie|Sydney_City_and_Inner_South|Sydney_Inner_South_West|Sydney_Inner_West|Sydney_North_Sydney_and_Hornsby|Sydney_Northern_Beaches|Sydney_Parramatta|Sydney_Ryde|Sydney_Sutherland
au,Sydney_Eastern_Suburbs,GNN,123,10,500,0.5,MVA_equivalent_PF1,321.71370000000002,0.2110810432425036,67.907663421405829,80.708899524081303,0.25087181405106868,False,14.281443601171631,67.907663421405829,0,122.12041290196791,53.626219820234198,122.12041290196791,True,True,3.7980000000000005e-07,True,False,11,Central_Coast|Hunter_Valley_exc_Newcastle|Newcastle_and_Lake_Macquarie|Sydney_City_and_Inner_South|Sydney_Inner_South_West|Sydney_Inner_West|Sydney_North_Sydney_and_Hornsby|Sydney_Northern_Beaches|Sydney_Parramatta|Sydney_Ryde|Sydney_Sutherland
au,Sydney_Eastern_Suburbs,GNN,123,10,100,0.80000000000000004,MVA_equivalent_PF1,321.71370000000002,0.34821629882811056,112.02595389629712,80.708899524081303,0.25087181405106868,True,1.2573658221056911,10.752087805407234,0,83.050282011378869,9.4947219833015417,83.050282011378869,True,True,1.0000000000000001e-09,True,False,11,Central_Coast|Hunter_Valley_exc_Newcastle|Newcastle_and_Lake_Macquarie|Sydney_City_and_Inner_South|Sydney_Inner_South_West|Sydney_Inner_West|Sydney_North_Sydney_and_Hornsby|Sydney_Northern_Beaches|Sydney_Parramatta|Sydney_Ryde|Sydney_Sutherland
au,Sydney_Eastern_Suburbs,GNN,123,10,300,0.80000000000000004,MVA_equivalent_PF1,321.71370000000002,0.34821629882811056,112.02595389629712,80.708899524081303,0.25087181405106868,True,5.2672393599570499,50.696573531768351,0,7.8343677282558648,45.429334171811298,7.8343677282558648,True,True,1.7980000000000004e-07,True,False,11,Central_Coast|Hunter_Valley_exc_Newcastle|Newcastle_and_Lake_Macquarie|Sydney_City_and_Inner_South|Sydney_Inner_South_West|Sydney_Inner_West|Sydney_North_Sydney_and_Hornsby|Sydney_Northern_Beaches|Sydney_Parramatta|Sydney_Ryde|Sydney_Sutherland
au,Sydney_Eastern_Suburbs,GNN,123,10,500,0.80000000000000004,MVA_equivalent_PF1,321.71370000000002,0.34821629882811056,112.02595389629712,80.708899524081303,0.25087181405106868,True,14.281443601171631,112.02595389629714,0,203.87656619348002,97.744510295125508,203.87656619348002,True,True,3.7980000000000005e-07,True,False,11,Central_Coast|Hunter_Valley_exc_Newcastle|Newcastle_and_Lake_Macquarie|Sydney_City_and_Inner_South|Sydney_Inner_South_West|Sydney_Inner_West|Sydney_North_Sydney_and_Hornsby|Sydney_Northern_Beaches|Sydney_Parramatta|Sydney_Ryde|Sydney_Sutherland
au,Sydney_Eastern_Suburbs,GNN,123,10,100,0.90000000000000002,MVA_equivalent_PF1,321.71370000000002,0.37061202851314679,119.23096695746996,80.708899524081303,0.25087181405106868,True,1.2573658221056911,11.765664208755316,0,90.255295072551689,10.508298386649624,90.255295072551689,True,True,1.0000000000000001e-09,True,False,11,Central_Coast|Hunter_Valley_exc_Newcastle|Newcastle_and_Lake_Macquarie|Sydney_City_and_Inner_South|Sydney_Inner_South_West|Sydney_Inner_West|Sydney_North_Sydney_and_Hornsby|Sydney_Northern_Beaches|Sydney_Parramatta|Sydney_Ryde|Sydney_Sutherland
au,Sydney_Eastern_Suburbs,GNN,123,10,300,0.90000000000000002,MVA_equivalent_PF1,321.71370000000002,0.37061202851314679,119.23096695746996,80.708899524081303,0.25087181405106868,True,5.2672393599570499,57.88266910332888,0,13.147631828198502,52.615429743371827,13.147631828198502,True,True,1.7980000000000004e-07,True,False,11,Central_Coast|Hunter_Valley_exc_Newcastle|Newcastle_and_Lake_Macquarie|Sydney_City_and_Inner_South|Sydney_Inner_South_West|Sydney_Inner_West|Sydney_North_Sydney_and_Hornsby|Sydney_Northern_Beaches|Sydney_Parramatta|Sydney_Ryde|Sydney_Sutherland
au,Sydney_Eastern_Suburbs,GNN,123,10,500,0.90000000000000002,MVA_equivalent_PF1,321.71370000000002,0.37061202851314679,119.23096695746996,80.708899524081303,0.25087181405106868,True,14.281443601171631,119.23096695746995,0,211.08157925465281,104.94952335629831,211.08157925465281,True,True,3.7980000000000005e-07,True,False,11,Central_Coast|Hunter_Valley_exc_Newcastle|Newcastle_and_Lake_Macquarie|Sydney_City_and_Inner_South|Sydney_Inner_South_West|Sydney_Inner_West|Sydney_North_Sydney_and_Hornsby|Sydney_Northern_Beaches|Sydney_Parramatta|Sydney_Ryde|Sydney_Sutherland
au,Sydney_Eastern_Suburbs,GNN,123,10,100,1,MVA_equivalent_PF1,321.71370000000002,0.38396670436305569,123.5273491374448,80.708899524081303,0.25087181405106868,True,1.2573658221056911,12.430577948728358,0,94.551677252526545,11.173212126622666,94.551677252526545,True,True,1.0000000000000001e-09,True,False,11,Central_Coast|Hunter_Valley_exc_Newcastle|Newcastle_and_Lake_Macquarie|Sydney_City_and_Inner_South|Sydney_Inner_South_West|Sydney_Inner_West|Sydney_North_Sydney_and_Hornsby|Sydney_Northern_Beaches|Sydney_Parramatta|Sydney_Ryde|Sydney_Sutherland
au,Sydney_Eastern_Suburbs,GNN,123,10,300,1,MVA_equivalent_PF1,321.71370000000002,0.38396670436305569,123.5273491374448,80.708899524081303,0.25087181405106868,True,5.2672393599570499,62.174944896230137,0,17.033375300814424,56.907705536273085,17.033375300814424,True,True,1.7980000000000004e-07,True,False,11,Central_Coast|Hunter_Valley_exc_Newcastle|Newcastle_and_Lake_Macquarie|Sydney_City_and_Inner_South|Sydney_Inner_South_West|Sydney_Inner_West|Sydney_North_Sydney_and_Hornsby|Sydney_Northern_Beaches|Sydney_Parramatta|Sydney_Ryde|Sydney_Sutherland
au,Sydney_Eastern_Suburbs,GNN,123,10,500,1,MVA_equivalent_PF1,321.71370000000002,0.38396670436305569,123.5273491374448,80.708899524081303,0.25087181405106868,True,14.281443601171631,123.5273491374448,0,215.37796143462765,109.24590553627317,215.37796143462765,True,True,3.7980000000000005e-07,True,False,11,Central_Coast|Hunter_Valley_exc_Newcastle|Newcastle_and_Lake_Macquarie|Sydney_City_and_Inner_South|Sydney_Inner_South_West|Sydney_Inner_West|Sydney_North_Sydney_and_Hornsby|Sydney_Northern_Beaches|Sydney_Parramatta|Sydney_Ryde|Sydney_Sutherland
au,Sydney_Eastern_Suburbs,GNN,123,20,100,0.5,MVA_equivalent_PF1,321.71370000000002,0.11578186834347499,37.248613257692213,0,0,True,0,0,0,0,0,0,True,True,1.0000000000000001e-09,True,True,11,Central_Coast|Hunter_Valley_exc_Newcastle|Newcastle_and_Lake_Macquarie|Sydney_City_and_Inner_South|Sydney_Inner_South_West|Sydney_Inner_West|Sydney_North_Sydney_and_Hornsby|Sydney_Northern_Beaches|Sydney_Parramatta|Sydney_Ryde|Sydney_Sutherland
au,Sydney_Eastern_Suburbs,GNN,123,20,300,0.5,MVA_equivalent_PF1,321.71370000000002,0.11578186834347499,37.248613257692213,0,0,True,0,0,0,0,0,0,True,True,1.0000000000000001e-09,True,True,11,Central_Coast|Hunter_Valley_exc_Newcastle|Newcastle_and_Lake_Macquarie|Sydney_City_and_Inner_South|Sydney_Inner_South_West|Sydney_Inner_West|Sydney_North_Sydney_and_Hornsby|Sydney_Northern_Beaches|Sydney_Parramatta|Sydney_Ryde|Sydney_Sutherland
au,Sydney_Eastern_Suburbs,GNN,123,20,500,0.5,MVA_equivalent_PF1,321.71370000000002,0.11578186834347499,37.248613257692213,0,0,True,0,37.248613257692227,0,74.497226515384568,37.248613257692227,74.497226515384568,True,True,1.3522499999999992e-07,True,False,11,Central_Coast|Hunter_Valley_exc_Newcastle|Newcastle_and_Lake_Macquarie|Sydney_City_and_Inner_South|Sydney_Inner_South_West|Sydney_Inner_West|Sydney_North_Sydney_and_Hornsby|Sydney_Northern_Beaches|Sydney_Parramatta|Sydney_Ryde|Sydney_Sutherland
au,Sydney_Eastern_Suburbs,GNN,123,20,100,0.80000000000000004,MVA_equivalent_PF1,321.71370000000002,0.22323888111487536,71.819006427326684,0,0,True,0,0,0,0,0,0,True,True,1.0000000000000001e-09,True,True,11,Central_Coast|Hunter_Valley_exc_Newcastle|Newcastle_and_Lake_Macquarie|Sydney_City_and_Inner_South|Sydney_Inner_South_West|Sydney_Inner_West|Sydney_North_Sydney_and_Hornsby|Sydney_Northern_Beaches|Sydney_Parramatta|Sydney_Ryde|Sydney_Sutherland
au,Sydney_Eastern_Suburbs,GNN,123,20,300,0.80000000000000004,MVA_equivalent_PF1,321.71370000000002,0.22323888111487536,71.819006427326684,0,0,True,0,7.0440064273266216,0,7.0440064273266216,7.0440064273266216,7.0440064273266216,True,True,1.0000000000000001e-09,True,False,11,Central_Coast|Hunter_Valley_exc_Newcastle|Newcastle_and_Lake_Macquarie|Sydney_City_and_Inner_South|Sydney_Inner_South_West|Sydney_Inner_West|Sydney_North_Sydney_and_Hornsby|Sydney_Northern_Beaches|Sydney_Parramatta|Sydney_Ryde|Sydney_Sutherland
au,Sydney_Eastern_Suburbs,GNN,123,20,500,0.80000000000000004,MVA_equivalent_PF1,321.71370000000002,0.22323888111487536,71.819006427326684,0,0,True,0,71.819006427326698,0,143.63801285465343,71.819006427326698,143.63801285465343,True,True,1.3522499999999992e-07,True,False,11,Central_Coast|Hunter_Valley_exc_Newcastle|Newcastle_and_Lake_Macquarie|Sydney_City_and_Inner_South|Sydney_Inner_South_West|Sydney_Inner_West|Sydney_North_Sydney_and_Hornsby|Sydney_Northern_Beaches|Sydney_Parramatta|Sydney_Ryde|Sydney_Sutherland
au,Sydney_Eastern_Suburbs,GNN,123,20,100,0.90000000000000002,MVA_equivalent_PF1,321.71370000000002,0.26075909777749601,83.889774154660017,0,0,True,0,0,0,0,0,0,True,True,1.0000000000000001e-09,True,True,11,Central_Coast|Hunter_Valley_exc_Newcastle|Newcastle_and_Lake_Macquarie|Sydney_City_and_Inner_South|Sydney_Inner_South_West|Sydney_Inner_West|Sydney_North_Sydney_and_Hornsby|Sydney_Northern_Beaches|Sydney_Parramatta|Sydney_Ryde|Sydney_Sutherland
au,Sydney_Eastern_Suburbs,GNN,123,20,300,0.90000000000000002,MVA_equivalent_PF1,321.71370000000002,0.26075909777749601,83.889774154660017,0,0,True,0,19.11477415465993,0,19.114774154659926,19.11477415465993,19.114774154659926,True,True,1.0000000000000001e-09,True,False,11,Central_Coast|Hunter_Valley_exc_Newcastle|Newcastle_and_Lake_Macquarie|Sydney_City_and_Inner_South|Sydney_Inner_South_West|Sydney_Inner_West|Sydney_North_Sydney_and_Hornsby|Sydney_Northern_Beaches|Sydney_Parramatta|Sydney_Ryde|Sydney_Sutherland
au,Sydney_Eastern_Suburbs,GNN,123,20,500,0.90000000000000002,MVA_equivalent_PF1,321.71370000000002,0.26075909777749601,83.889774154660017,0,0,True,0,83.889774154660032,0,167.77954830932012,83.889774154660032,167.77954830932012,True,True,1.3522499999999992e-07,True,False,11,Central_Coast|Hunter_Valley_exc_Newcastle|Newcastle_and_Lake_Macquarie|Sydney_City_and_Inner_South|Sydney_Inner_South_West|Sydney_Inner_West|Sydney_North_Sydney_and_Hornsby|Sydney_Northern_Beaches|Sydney_Parramatta|Sydney_Ryde|Sydney_Sutherland
au,Sydney_Eastern_Suburbs,GNN,123,20,100,1,MVA_equivalent_PF1,321.71370000000002,0.5565618206190055,179.05356259007655,0,0,True,0,0,0,0,0,0,True,True,1.0000000000000001e-09,True,True,11,Central_Coast|Hunter_Valley_exc_Newcastle|Newcastle_and_Lake_Macquarie|Sydney_City_and_Inner_South|Sydney_Inner_South_West|Sydney_Inner_West|Sydney_North_Sydney_and_Hornsby|Sydney_Northern_Beaches|Sydney_Parramatta|Sydney_Ryde|Sydney_Sutherland
au,Sydney_Eastern_Suburbs,GNN,123,20,300,1,MVA_equivalent_PF1,321.71370000000002,0.5565618206190055,179.05356259007655,0,0,True,0,114.2785625900765,0,114.27856259007649,114.2785625900765,114.27856259007649,True,True,1.0000000000000001e-09,True,False,11,Central_Coast|Hunter_Valley_exc_Newcastle|Newcastle_and_Lake_Macquarie|Sydney_City_and_Inner_South|Sydney_Inner_South_West|Sydney_Inner_West|Sydney_North_Sydney_and_Hornsby|Sydney_Northern_Beaches|Sydney_Parramatta|Sydney_Ryde|Sydney_Sutherland
au,Sydney_Eastern_Suburbs,GNN,123,20,500,1,MVA_equivalent_PF1,321.71370000000002,0.5565618206190055,179.05356259007655,0,0,True,0,179.05356259007658,0,314.27856259007638,179.05356259007658,314.27856259007638,True,True,1.3522499999999992e-07,True,False,11,Central_Coast|Hunter_Valley_exc_Newcastle|Newcastle_and_Lake_Macquarie|Sydney_City_and_Inner_South|Sydney_Inner_South_West|Sydney_Inner_West|Sydney_North_Sydney_and_Hornsby|Sydney_Northern_Beaches|Sydney_Parramatta|Sydney_Ryde|Sydney_Sutherland
au,Sydney_Eastern_Suburbs,GNN,456,10,100,0.5,MVA_equivalent_PF1,321.71370000000002,0.22976212086763717,73.917622024174761,107.35123536030636,0.33368561973054411,False,2.160969219675358,6.7089050153233538,0,46.728673100575989,4.5479357956479962,46.728673100575989,True,True,1.0000000000000001e-09,True,False,11,Central_Coast|Hunter_Valley_exc_Newcastle|Newcastle_and_Lake_Macquarie|Sydney_City_and_Inner_South|Sydney_Inner_South_West|Sydney_Inner_West|Sydney_North_Sydney_and_Hornsby|Sydney_Northern_Beaches|Sydney_Parramatta|Sydney_Ryde|Sydney_Sutherland
au,Sydney_Eastern_Suburbs,GNN,456,10,300,0.5,MVA_equivalent_PF1,321.71370000000002,0.22976212086763717,73.917622024174761,107.35123536030636,0.33368561973054411,False,7.4990644667938193,17.938162036365974,0,0,10.439097569572155,0,True,True,1.7980000000000004e-07,True,True,11,Central_Coast|Hunter_Valley_exc_Newcastle|Newcastle_and_Lake_Macquarie|Sydney_City_and_Inner_South|Sydney_Inner_South_West|Sydney_Inner_West|Sydney_North_Sydney_and_Hornsby|Sydney_Northern_Beaches|Sydney_Parramatta|Sydney_Ryde|Sydney_Sutherland
au,Sydney_Eastern_Suburbs,GNN,456,10,500,0.5,MVA_equivalent_PF1,321.71370000000002,0.22976212086763717,73.917622024174761,107.35123536030636,0.33368561973054411,False,12.927621574328432,73.917622024174747,0,141.2264844646366,60.990000449846313,141.2264844646366,True,True,3.7980000000000005e-07,True,False,11,Central_Coast|Hunter_Valley_exc_Newcastle|Newcastle_and_Lake_Macquarie|Sydney_City_and_Inner_South|Sydney_Inner_South_West|Sydney_Inner_West|Sydney_North_Sydney_and_Hornsby|Sydney_Northern_Beaches|Sydney_Parramatta|Sydney_Ryde|Sydney_Sutherland
au,Sydney_Eastern_Suburbs,GNN,456,10,100,0.80000000000000004,MVA_equivalent_PF1,321.71370000000002,0.42134464876692135,135.55234593000671,107.35123536030636,0.33368561973054411,True,2.160969219675358,16.361229487817642,0,108.36339700640789,14.200260268142284,108.36339700640789,True,True,1.0000000000000001e-09,True,False,11,Central_Coast|Hunter_Valley_exc_Newcastle|Newcastle_and_Lake_Macquarie|Sydney_City_and_Inner_South|Sydney_Inner_South_West|Sydney_Inner_West|Sydney_North_Sydney_and_Hornsby|Sydney_Northern_Beaches|Sydney_Parramatta|Sydney_Ryde|Sydney_Sutherland
au,Sydney_Eastern_Suburbs,GNN,456,10,300,0.80000000000000004,MVA_equivalent_PF1,321.71370000000002,0.42134464876692135,135.55234593000671,107.35123536030636,0.33368561973054411,True,7.4990644667938193,77.785588822472022,0,47.007822876179858,70.286524355678196,47.007822876179858,True,True,1.7980000000000004e-07,True,False,11,Central_Coast|Hunter_Valley_exc_Newcastle|Newcastle_and_Lake_Macquarie|Sydney_City_and_Inner_South|Sydney_Inner_South_West|Sydney_Inner_West|Sydney_North_Sydney_and_Hornsby|Sydney_Northern_Beaches|Sydney_Parramatta|Sydney_Ryde|Sydney_Sutherland
au,Sydney_Eastern_Suburbs,GNN,456,10,500,0.80000000000000004,MVA_equivalent_PF1,321.71370000000002,0.42134464876692135,135.55234593000671,107.35123536030636,0.33368561973054411,True,12.927621574328432,135.55234593000671,0,239.31295189699404,122.62472435567828,239.31295189699404,True,True,3.7980000000000005e-07,True,False,11,Central_Coast|Hunter_Valley_exc_Newcastle|Newcastle_and_Lake_Macquarie|Sydney_City_and_Inner_South|Sydney_Inner_South_West|Sydney_Inner_West|Sydney_North_Sydney_and_Hornsby|Sydney_Northern_Beaches|Sydney_Parramatta|Sydney_Ryde|Sydney_Sutherland
au,Sydney_Eastern_Suburbs,GNN,456,10,100,0.90000000000000002,MVA_equivalent_PF1,321.71370000000002,0.56026948450350456,180.24636885671512,107.35123536030636,0.33368561973054411,True,2.160969219675358,24.942481889745661,0,153.05741993311631,22.781512670070303,153.05741993311631,True,True,1.0000000000000001e-09,True,False,11,Central_Coast|Hunter_Valley_exc_Newcastle|Newcastle_and_Lake_Macquarie|Sydney_City_and_Inner_South|Sydney_Inner_South_West|Sydney_Inner_West|Sydney_North_Sydney_and_Hornsby|Sydney_Northern_Beaches|Sydney_Parramatta|Sydney_Ryde|Sydney_Sutherland
au,Sydney_Eastern_Suburbs,GNN,456,10,300,0.90000000000000002,MVA_equivalent_PF1,321.71370000000002,0.56026948450350456,180.24636885671512,107.35123536030636,0.33368561973054411,True,7.4990644667938193,122.47961174918044,0,91.701845802888258,114.98054728238661,91.701845802888258,True,True,1.7980000000000004e-07,True,False,11,Central_Coast|Hunter_Valley_exc_Newcastle|Newcastle_and_Lake_Macquarie|Sydney_City_and_Inner_South|Sydney_Inner_South_West|Sydney_Inner_West|Sydney_North_Sydney_and_Hornsby|Sydney_Northern_Beaches|Sydney_Parramatta|Sydney_Ryde|Sydney_Sutherland
au,Sydney_Eastern_Suburbs,GNN,456,10,500,0.90000000000000002,MVA_equivalent_PF1,321.71370000000002,0.56026948450350456,180.24636885671512,107.35123536030636,0.33368561973054411,True,12.927621574328432,180.24636885671504,0,284.00697482370242,167.3187472823866,284.00697482370242,True,True,3.7980000000000005e-07,True,False,11,Central_Coast|Hunter_Valley_exc_Newcastle|Newcastle_and_Lake_Macquarie|Sydney_City_and_Inner_South|Sydney_Inner_South_West|Sydney_Inner_West|Sydney_North_Sydney_and_Hornsby|Sydney_Northern_Beaches|Sydney_Parramatta|Sydney_Ryde|Sydney_Sutherland
au,Sydney_Eastern_Suburbs,GNN,456,10,100,1,MVA_equivalent_PF1,321.71370000000002,0.59205489131675215,190.47216968861022,107.35123536030636,0.33368561973054411,True,2.160969219675358,26.90583564946952,0,163.28322076501141,24.744866429794161,163.28322076501141,True,True,1.0000000000000001e-09,True,False,11,Central_Coast|Hunter_Valley_exc_Newcastle|Newcastle_and_Lake_Macquarie|Sydney_City_and_Inner_South|Sydney_Inner_South_West|Sydney_Inner_West|Sydney_North_Sydney_and_Hornsby|Sydney_Northern_Beaches|Sydney_Parramatta|Sydney_Ryde|Sydney_Sutherland
au,Sydney_Eastern_Suburbs,GNN,456,10,300,1,MVA_equivalent_PF1,321.71370000000002,0.59205489131675215,190.47216968861022,107.35123536030636,0.33368561973054411,True,7.4990644667938193,132.70541258107556,0,101.92764663478337,125.20634811428174,101.92764663478337,True,True,1.7980000000000004e-07,True,False,11,Central_Coast|Hunter_Valley_exc_Newcastle|Newcastle_and_Lake_Macquarie|Sydney_City_and_Inner_South|Sydney_Inner_South_West|Sydney_Inner_West|Sydney_North_Sydney_and_Hornsby|Sydney_Northern_Beaches|Sydney_Parramatta|Sydney_Ryde|Sydney_Sutherland
au,Sydney_Eastern_Suburbs,GNN,456,10,500,1,MVA_equivalent_PF1,321.71370000000002,0.59205489131675215,190.47216968861022,107.35123536030636,0.33368561973054411,True,12.927621574328432,190.47216968861025,0,294.23277565559761,177.54454811428181,294.23277565559761,True,True,3.7980000000000005e-07,True,False,11,Central_Coast|Hunter_Valley_exc_Newcastle|Newcastle_and_Lake_Macquarie|Sydney_City_and_Inner_South|Sydney_Inner_South_West|Sydney_Inner_West|Sydney_North_Sydney_and_Hornsby|Sydney_Northern_Beaches|Sydney_Parramatta|Sydney_Ryde|Sydney_Sutherland
au,Sydney_Eastern_Suburbs,GNN,456,20,100,0.5,MVA_equivalent_PF1,321.71370000000002,0.10840174576428264,34.874326716286703,0,0,True,0,0,0,0,0,0,True,True,1.0000000000000001e-09,True,True,11,Central_Coast|Hunter_Valley_exc_Newcastle|Newcastle_and_Lake_Macquarie|Sydney_City_and_Inner_South|Sydney_Inner_South_West|Sydney_Inner_West|Sydney_North_Sydney_and_Hornsby|Sydney_Northern_Beaches|Sydney_Parramatta|Sydney_Ryde|Sydney_Sutherland
au,Sydney_Eastern_Suburbs,GNN,456,20,300,0.5,MVA_equivalent_PF1,321.71370000000002,0.10840174576428264,34.874326716286703,0,0,True,0,0,0,0,0,0,True,True,1.0000000000000001e-09,True,True,11,Central_Coast|Hunter_Valley_exc_Newcastle|Newcastle_and_Lake_Macquarie|Sydney_City_and_Inner_South|Sydney_Inner_South_West|Sydney_Inner_West|Sydney_North_Sydney_and_Hornsby|Sydney_Northern_Beaches|Sydney_Parramatta|Sydney_Ryde|Sydney_Sutherland
au,Sydney_Eastern_Suburbs,GNN,456,20,500,0.5,MVA_equivalent_PF1,321.71370000000002,0.10840174576428264,34.874326716286703,0,0,True,0,34.874326716286753,0,69.748653432573519,34.874326716286753,69.748653432573519,True,True,1.3522499999999992e-07,True,False,11,Central_Coast|Hunter_Valley_exc_Newcastle|Newcastle_and_Lake_Macquarie|Sydney_City_and_Inner_South|Sydney_Inner_South_West|Sydney_Inner_West|Sydney_North_Sydney_and_Hornsby|Sydney_Northern_Beaches|Sydney_Parramatta|Sydney_Ryde|Sydney_Sutherland
au,Sydney_Eastern_Suburbs,GNN,456,20,100,0.80000000000000004,MVA_equivalent_PF1,321.71370000000002,0.27461631380204293,88.347830393616306,0,0,True,0,0,0,0,0,0,True,True,1.0000000000000001e-09,True,True,11,Central_Coast|Hunter_Valley_exc_Newcastle|Newcastle_and_Lake_Macquarie|Sydney_City_and_Inner_South|Sydney_Inner_South_West|Sydney_Inner_West|Sydney_North_Sydney_and_Hornsby|Sydney_Northern_Beaches|Sydney_Parramatta|Sydney_Ryde|Sydney_Sutherland
au,Sydney_Eastern_Suburbs,GNN,456,20,300,0.80000000000000004,MVA_equivalent_PF1,321.71370000000002,0.27461631380204293,88.347830393616306,0,0,True,0,23.572830393616186,0,23.572830393616186,23.572830393616186,23.572830393616186,True,True,1.0000000000000001e-09,True,False,11,Central_Coast|Hunter_Valley_exc_Newcastle|Newcastle_and_Lake_Macquarie|Sydney_City_and_Inner_South|Sydney_Inner_South_West|Sydney_Inner_West|Sydney_North_Sydney_and_Hornsby|Sydney_Northern_Beaches|Sydney_Parramatta|Sydney_Ryde|Sydney_Sutherland
au,Sydney_Eastern_Suburbs,GNN,456,20,500,0.80000000000000004,MVA_equivalent_PF1,321.71370000000002,0.27461631380204293,88.347830393616306,0,0,True,0,88.347830393616292,0,176.69566078723255,88.347830393616292,176.69566078723255,True,True,1.3522499999999992e-07,True,False,11,Central_Coast|Hunter_Valley_exc_Newcastle|Newcastle_and_Lake_Macquarie|Sydney_City_and_Inner_South|Sydney_Inner_South_West|Sydney_Inner_West|Sydney_North_Sydney_and_Hornsby|Sydney_Northern_Beaches|Sydney_Parramatta|Sydney_Ryde|Sydney_Sutherland
au,Sydney_Eastern_Suburbs,GNN,456,20,100,0.90000000000000002,MVA_equivalent_PF1,321.71370000000002,0.55350404524109131,178.06983435947888,0,0,True,0,0,0,0,0,0,True,True,1.0000000000000001e-09,True,True,11,Central_Coast|Hunter_Valley_exc_Newcastle|Newcastle_and_Lake_Macquarie|Sydney_City_and_Inner_South|Sydney_Inner_South_West|Sydney_Inner_West|Sydney_North_Sydney_and_Hornsby|Sydney_Northern_Beaches|Sydney_Parramatta|Sydney_Ryde|Sydney_Sutherland
au,Sydney_Eastern_Suburbs,GNN,456,20,300,0.90000000000000002,MVA_equivalent_PF1,321.71370000000002,0.55350404524109131,178.06983435947888,0,0,True,0,113.29483435947873,0,113.29483435947873,113.29483435947873,113.29483435947873,True,True,1.0000000000000001e-09,True,False,11,Central_Coast|Hunter_Valley_exc_Newcastle|Newcastle_and_Lake_Macquarie|Sydney_City_and_Inner_South|Sydney_Inner_South_West|Sydney_Inner_West|Sydney_North_Sydney_and_Hornsby|Sydney_Northern_Beaches|Sydney_Parramatta|Sydney_Ryde|Sydney_Sutherland
au,Sydney_Eastern_Suburbs,GNN,456,20,500,0.90000000000000002,MVA_equivalent_PF1,321.71370000000002,0.55350404524109131,178.06983435947888,0,0,True,0,178.06983435947879,0,313.29483435947884,178.06983435947879,313.29483435947884,True,True,1.3522499999999992e-07,True,False,11,Central_Coast|Hunter_Valley_exc_Newcastle|Newcastle_and_Lake_Macquarie|Sydney_City_and_Inner_South|Sydney_Inner_South_West|Sydney_Inner_West|Sydney_North_Sydney_and_Hornsby|Sydney_Northern_Beaches|Sydney_Parramatta|Sydney_Ryde|Sydney_Sutherland
au,Sydney_Eastern_Suburbs,GNN,456,20,100,1,MVA_equivalent_PF1,321.71370000000002,0.76965969573667559,247.61006845632014,0,0,True,0,0,0,0,0,0,True,True,1.0000000000000001e-09,True,True,11,Central_Coast|Hunter_Valley_exc_Newcastle|Newcastle_and_Lake_Macquarie|Sydney_City_and_Inner_South|Sydney_Inner_South_West|Sydney_Inner_West|Sydney_North_Sydney_and_Hornsby|Sydney_Northern_Beaches|Sydney_Parramatta|Sydney_Ryde|Sydney_Sutherland
au,Sydney_Eastern_Suburbs,GNN,456,20,300,1,MVA_equivalent_PF1,321.71370000000002,0.76965969573667559,247.61006845632014,0,0,True,0,182.83506845632016,0,182.83506845632013,182.83506845632016,182.83506845632013,True,True,1.0000000000000001e-09,True,False,11,Central_Coast|Hunter_Valley_exc_Newcastle|Newcastle_and_Lake_Macquarie|Sydney_City_and_Inner_South|Sydney_Inner_South_West|Sydney_Inner_West|Sydney_North_Sydney_and_Hornsby|Sydney_Northern_Beaches|Sydney_Parramatta|Sydney_Ryde|Sydney_Sutherland
au,Sydney_Eastern_Suburbs,GNN,456,20,500,1,MVA_equivalent_PF1,321.71370000000002,0.76965969573667559,247.61006845632014,0,0,True,0,247.61006845631991,0,382.83506845632007,247.61006845631991,382.83506845632007,True,True,1.3522499999999992e-07,True,False,11,Central_Coast|Hunter_Valley_exc_Newcastle|Newcastle_and_Lake_Macquarie|Sydney_City_and_Inner_South|Sydney_Inner_South_West|Sydney_Inner_West|Sydney_North_Sydney_and_Hornsby|Sydney_Northern_Beaches|Sydney_Parramatta|Sydney_Ryde|Sydney_Sutherland
au,Sydney_Inner_South_West,Uni,,10,100,0.5,MVA_equivalent_PF1,638.53869999999995,0.20300331127285881,129.62547047586659,100.73541436420146,0.1577592937815695,True,0,0.044701613140146604,0,0,0.044701613140146604,0,True,True,1.0000000000000001e-09,True,True,11,Central_Coast|Hunter_Valley_exc_Newcastle|Newcastle_and_Lake_Macquarie|Sydney_City_and_Inner_South|Sydney_Eastern_Suburbs|Sydney_Inner_West|Sydney_North_Sydney_and_Hornsby|Sydney_Northern_Beaches|Sydney_Parramatta|Sydney_Ryde|Sydney_Sutherland
au,Sydney_Inner_South_West,Uni,,10,300,0.5,MVA_equivalent_PF1,638.53869999999995,0.20300331127285881,129.62547047586659,100.73541436420146,0.1577592937815695,True,1.9313140201072763,32.552093178707096,5.9500000000000455,102.82293748823326,30.62077915859982,96.872937488233219,True,True,1.5417500000000007e-07,False,False,11,Central_Coast|Hunter_Valley_exc_Newcastle|Newcastle_and_Lake_Macquarie|Sydney_City_and_Inner_South|Sydney_Eastern_Suburbs|Sydney_Inner_West|Sydney_North_Sydney_and_Hornsby|Sydney_Northern_Beaches|Sydney_Parramatta|Sydney_Ryde|Sydney_Sutherland
au,Sydney_Inner_South_West,Uni,,10,500,0.5,MVA_equivalent_PF1,638.53869999999995,0.20300331127285881,129.62547047586659,100.73541436420146,0.1577592937815695,True,7.1839231384453361,69.034924615714232,0,2.2333744411044223,61.851001477268895,2.2333744411044223,True,True,3.5417500000000009e-07,True,False,11,Central_Coast|Hunter_Valley_exc_Newcastle|Newcastle_and_Lake_Macquarie|Sydney_City_and_Inner_South|Sydney_Eastern_Suburbs|Sydney_Inner_West|Sydney_North_Sydney_and_Hornsby|Sydney_Northern_Beaches|Sydney_Parramatta|Sydney_Ryde|Sydney_Sutherland
au,Sydney_Inner_South_West,Uni,,10,100,0.80000000000000004,MVA_equivalent_PF1,638.53869999999995,0.29362914917335647,187.49357519526112,100.73541436420146,0.1577592937815695,True,0,1.0362296530399231,0,0,1.0362296530399231,0,True,True,1.0000000000000001e-09,True,True,11,Central_Coast|Hunter_Valley_exc_Newcastle|Newcastle_and_Lake_Macquarie|Sydney_City_and_Inner_South|Sydney_Eastern_Suburbs|Sydney_Inner_West|Sydney_North_Sydney_and_Hornsby|Sydney_Northern_Beaches|Sydney_Parramatta|Sydney_Ryde|Sydney_Sutherland
au,Sydney_Inner_South_West,Uni,,10,300,0.80000000000000004,MVA_equivalent_PF1,638.53869999999995,0.29362914917335647,187.49357519526112,100.73541436420146,0.1577592937815695,True,1.9313140201072763,53.934145626160543,5.9500000000000455,160.69104220762779,52.002831606053263,154.74104220762774,True,True,1.5417500000000007e-07,False,False,11,Central_Coast|Hunter_Valley_exc_Newcastle|Newcastle_and_Lake_Macquarie|Sydney_City_and_Inner_South|Sydney_Eastern_Suburbs|Sydney_Inner_West|Sydney_North_Sydney_and_Hornsby|Sydney_Northern_Beaches|Sydney_Parramatta|Sydney_Ryde|Sydney_Sutherland
au,Sydney_Inner_South_West,Uni,,10,500,0.80000000000000004,MVA_equivalent_PF1,638.53869999999995,0.29362914917335647,187.49357519526112,100.73541436420146,0.1577592937815695,True,7.1839231384453361,120.35451538899893,0,40.579692443336057,113.1705922505536,40.579692443336057,True,True,3.5417500000000009e-07,True,False,11,Central_Coast|Hunter_Valley_exc_Newcastle|Newcastle_and_Lake_Macquarie|Sydney_City_and_Inner_South|Sydney_Eastern_Suburbs|Sydney_Inner_West|Sydney_North_Sydney_and_Hornsby|Sydney_Northern_Beaches|Sydney_Parramatta|Sydney_Ryde|Sydney_Sutherland
au,Sydney_Inner_South_West,Uni,,10,100,0.90000000000000002,MVA_equivalent_PF1,638.53869999999995,0.32825135197067157,209.60119156059505,100.73541436420146,0.1577592937815695,True,0,3.1743481644143206,0,0.97585603511851671,3.1743481644143206,0.97585603511851671,True,True,1.0000000000000001e-09,True,False,11,Central_Coast|Hunter_Valley_exc_Newcastle|Newcastle_and_Lake_Macquarie|Sydney_City_and_Inner_South|Sydney_Eastern_Suburbs|Sydney_Inner_West|Sydney_North_Sydney_and_Hornsby|Sydney_Northern_Beaches|Sydney_Parramatta|Sydney_Ryde|Sydney_Sutherland
au,Sydney_Inner_South_West,Uni,,10,300,0.90000000000000002,MVA_equivalent_PF1,638.53869999999995,0.32825135197067157,209.60119156059505,100.73541436420146,0.1577592937815695,True,1.9313140201072763,62.441607689579762,5.9500000000000455,182.79865857296176,60.510293669472489,176.84865857296171,True,True,1.5417500000000007e-07,False,False,11,Central_Coast|Hunter_Valley_exc_Newcastle|Newcastle_and_Lake_Macquarie|Sydney_City_and_Inner_South|Sydney_Eastern_Suburbs|Sydney_Inner_West|Sydney_North_Sydney_and_Hornsby|Sydney_Northern_Beaches|Sydney_Parramatta|Sydney_Ryde|Sydney_Sutherland
au,Sydney_Inner_South_West,Uni,,10,500,0.90000000000000002,MVA_equivalent_PF1,638.53869999999995,0.32825135197067157,209.60119156059505,100.73541436420146,0.1577592937815695,True,7.1839231384453361,142.1452936544438,0,62.687308808670004,134.96137051599848,62.687308808670004,True,True,3.5417500000000009e-07,True,False,11,Central_Coast|Hunter_Valley_exc_Newcastle|Newcastle_and_Lake_Macquarie|Sydney_City_and_Inner_South|Sydney_Eastern_Suburbs|Sydney_Inner_West|Sydney_North_Sydney_and_Hornsby|Sydney_Northern_Beaches|Sydney_Parramatta|Sydney_Ryde|Sydney_Sutherland
au,Sydney_Inner_South_West,Uni,,10,100,1,MVA_equivalent_PF1,638.53869999999995,0.44609524922203769,284.84908051441596,100.73541436420146,0.1577592937815695,True,0,20.568126748533501,0,59.075267221200804,20.568126748533501,59.075267221200804,True,True,1.0000000000000001e-09,True,False,11,Central_Coast|Hunter_Valley_exc_Newcastle|Newcastle_and_Lake_Macquarie|Sydney_City_and_Inner_South|Sydney_Eastern_Suburbs|Sydney_Inner_West|Sydney_North_Sydney_and_Hornsby|Sydney_Northern_Beaches|Sydney_Parramatta|Sydney_Ryde|Sydney_Sutherland
au,Sydney_Inner_South_West,Uni,,10,300,1,MVA_equivalent_PF1,638.53869999999995,0.44609524922203769,284.84908051441596,100.73541436420146,0.1577592937815695,True,1.9313140201072763,98.590468234613951,5.9500000000000455,258.04654752678266,96.659154214506671,252.09654752678262,True,True,1.5417500000000007e-07,False,False,11,Central_Coast|Hunter_Valley_exc_Newcastle|Newcastle_and_Lake_Macquarie|Sydney_City_and_Inner_South|Sydney_Eastern_Suburbs|Sydney_Inner_West|Sydney_North_Sydney_and_Hornsby|Sydney_Northern_Beaches|Sydney_Parramatta|Sydney_Ryde|Sydney_Sutherland
au,Sydney_Inner_South_West,Uni,,10,500,1,MVA_equivalent_PF1,638.53869999999995,0.44609524922203769,284.84908051441596,100.73541436420146,0.1577592937815695,True,7.1839231384453361,217.37549508224501,0,137.9351977624909,210.19157194379969,137.9351977624909,True,True,3.5417500000000009e-07,True,False,11,Central_Coast|Hunter_Valley_exc_Newcastle|Newcastle_and_Lake_Macquarie|Sydney_City_and_Inner_South|Sydney_Eastern_Suburbs|Sydney_Inner_West|Sydney_North_Sydney_and_Hornsby|Sydney_Northern_Beaches|Sydney_Parramatta|Sydney_Ryde|Sydney_Sutherland
au,Sydney_Inner_South_West,Uni,,20,100,0.5,MVA_equivalent_PF1,638.53869999999995,0.1178905508771788,75.277679099397602,0.25424424809443735,0.00039816576206647673,True,0,0,0,0,0,0,True,True,1.0000000000000001e-09,True,True,11,Central_Coast|Hunter_Valley_exc_Newcastle|Newcastle_and_Lake_Macquarie|Sydney_City_and_Inner_South|Sydney_Eastern_Suburbs|Sydney_Inner_West|Sydney_North_Sydney_and_Hornsby|Sydney_Northern_Beaches|Sydney_Parramatta|Sydney_Ryde|Sydney_Sutherland
au,Sydney_Inner_South_West,Uni,,20,300,0.5,MVA_equivalent_PF1,638.53869999999995,0.1178905508771788,75.277679099397602,0.25424424809443735,0.00039816576206647673,True,0,0,0,0,0,0,True,True,1.0000000000000001e-09,True,True,11,Central_Coast|Hunter_Valley_exc_Newcastle|Newcastle_and_Lake_Macquarie|Sydney_City_and_Inner_South|Sydney_Eastern_Suburbs|Sydney_Inner_West|Sydney_North_Sydney_and_Hornsby|Sydney_Northern_Beaches|Sydney_Parramatta|Sydney_Ryde|Sydney_Sutherland
au,Sydney_Inner_South_West,Uni,,20,500,0.5,MVA_equivalent_PF1,638.53869999999995,0.1178905508771788,75.277679099397602,0.25424424809443735,0.00039816576206647673,True,0,0,0,0,0,0,True,True,1.0000000000000001e-09,True,True,11,Central_Coast|Hunter_Valley_exc_Newcastle|Newcastle_and_Lake_Macquarie|Sydney_City_and_Inner_South|Sydney_Eastern_Suburbs|Sydney_Inner_West|Sydney_North_Sydney_and_Hornsby|Sydney_Northern_Beaches|Sydney_Parramatta|Sydney_Ryde|Sydney_Sutherland
au,Sydney_Inner_South_West,Uni,,20,100,0.80000000000000004,MVA_equivalent_PF1,638.53869999999995,0.20166758968246928,128.77256054797735,0.25424424809443735,0.00039816576206647673,True,0,0,0,0,0,0,True,True,1.0000000000000001e-09,True,True,11,Central_Coast|Hunter_Valley_exc_Newcastle|Newcastle_and_Lake_Macquarie|Sydney_City_and_Inner_South|Sydney_Eastern_Suburbs|Sydney_Inner_West|Sydney_North_Sydney_and_Hornsby|Sydney_Northern_Beaches|Sydney_Parramatta|Sydney_Ryde|Sydney_Sutherland
au,Sydney_Inner_South_West,Uni,,20,300,0.80000000000000004,MVA_equivalent_PF1,638.53869999999995,0.20166758968246928,128.77256054797735,0.25424424809443735,0.00039816576206647673,True,0,0,0,0,0,0,True,True,1.0000000000000001e-09,True,True,11,Central_Coast|Hunter_Valley_exc_Newcastle|Newcastle_and_Lake_Macquarie|Sydney_City_and_Inner_South|Sydney_Eastern_Suburbs|Sydney_Inner_West|Sydney_North_Sydney_and_Hornsby|Sydney_Northern_Beaches|Sydney_Parramatta|Sydney_Ryde|Sydney_Sutherland
au,Sydney_Inner_South_West,Uni,,20,500,0.80000000000000004,MVA_equivalent_PF1,638.53869999999995,0.20166758968246928,128.77256054797735,0.25424424809443735,0.00039816576206647673,True,0,0,0,0,0,0,True,True,1.0000000000000001e-09,True,True,11,Central_Coast|Hunter_Valley_exc_Newcastle|Newcastle_and_Lake_Macquarie|Sydney_City_and_Inner_South|Sydney_Eastern_Suburbs|Sydney_Inner_West|Sydney_North_Sydney_and_Hornsby|Sydney_Northern_Beaches|Sydney_Parramatta|Sydney_Ryde|Sydney_Sutherland
au,Sydney_Inner_South_West,Uni,,20,100,0.90000000000000002,MVA_equivalent_PF1,638.53869999999995,0.2529809421544294,161.53812192806453,0.25424424809443735,0.00039816576206647673,True,0,0,0,0,0,0,True,True,1.0000000000000001e-09,True,True,11,Central_Coast|Hunter_Valley_exc_Newcastle|Newcastle_and_Lake_Macquarie|Sydney_City_and_Inner_South|Sydney_Eastern_Suburbs|Sydney_Inner_West|Sydney_North_Sydney_and_Hornsby|Sydney_Northern_Beaches|Sydney_Parramatta|Sydney_Ryde|Sydney_Sutherland
au,Sydney_Inner_South_West,Uni,,20,300,0.90000000000000002,MVA_equivalent_PF1,638.53869999999995,0.2529809421544294,161.53812192806453,0.25424424809443735,0.00039816576206647673,True,0,0,0,0,0,0,True,True,1.0000000000000001e-09,True,True,11,Central_Coast|Hunter_Valley_exc_Newcastle|Newcastle_and_Lake_Macquarie|Sydney_City_and_Inner_South|Sydney_Eastern_Suburbs|Sydney_Inner_West|Sydney_North_Sydney_and_Hornsby|Sydney_Northern_Beaches|Sydney_Parramatta|Sydney_Ryde|Sydney_Sutherland
au,Sydney_Inner_South_West,Uni,,20,500,0.90000000000000002,MVA_equivalent_PF1,638.53869999999995,0.2529809421544294,161.53812192806453,0.25424424809443735,0.00039816576206647673,True,0,27.812661257165228,0,27.813121928064675,27.812661257165228,27.813121928064675,True,True,1.0000000000000001e-09,True,False,11,Central_Coast|Hunter_Valley_exc_Newcastle|Newcastle_and_Lake_Macquarie|Sydney_City_and_Inner_South|Sydney_Eastern_Suburbs|Sydney_Inner_West|Sydney_North_Sydney_and_Hornsby|Sydney_Northern_Beaches|Sydney_Parramatta|Sydney_Ryde|Sydney_Sutherland
au,Sydney_Inner_South_West,Uni,,20,100,1,MVA_equivalent_PF1,638.53869999999995,0.56636303530589271,361.64471629227882,0.25424424809443735,0.00039816576206647673,True,0,0,0,0,0,0,True,True,1.0000000000000001e-09,True,True,11,Central_Coast|Hunter_Valley_exc_Newcastle|Newcastle_and_Lake_Macquarie|Sydney_City_and_Inner_South|Sydney_Eastern_Suburbs|Sydney_Inner_West|Sydney_North_Sydney_and_Hornsby|Sydney_Northern_Beaches|Sydney_Parramatta|Sydney_Ryde|Sydney_Sutherland
au,Sydney_Inner_South_West,Uni,,20,300,1,MVA_equivalent_PF1,638.53869999999995,0.56636303530589271,361.64471629227882,0.25424424809443735,0.00039816576206647673,True,0,27.919255621379516,0,27.919716292278963,27.919255621379516,27.919716292278963,True,True,1.0000000000000001e-09,True,False,11,Central_Coast|Hunter_Valley_exc_Newcastle|Newcastle_and_Lake_Macquarie|Sydney_City_and_Inner_South|Sydney_Eastern_Suburbs|Sydney_Inner_West|Sydney_North_Sydney_and_Hornsby|Sydney_Northern_Beaches|Sydney_Parramatta|Sydney_Ryde|Sydney_Sutherland
au,Sydney_Inner_South_West,Uni,,20,500,1,MVA_equivalent_PF1,638.53869999999995,0.56636303530589271,361.64471629227882,0.25424424809443735,0.00039816576206647673,True,0,227.91925562137962,0,227.91971629227911,227.91925562137962,227.91971629227911,True,True,1.0000000000000001e-09,True,False,11,Central_Coast|Hunter_Valley_exc_Newcastle|Newcastle_and_Lake_Macquarie|Sydney_City_and_Inner_South|Sydney_Eastern_Suburbs|Sydney_Inner_West|Sydney_North_Sydney_and_Hornsby|Sydney_Northern_Beaches|Sydney_Parramatta|Sydney_Ryde|Sydney_Sutherland
au,Sydney_Inner_South_West,LU,,10,100,0.5,MVA_equivalent_PF1,638.53869999999995,0.21126955436754324,134.90378659543038,102.20959146927261,0.16006796685819139,True,0,0.050288256986350179,0,0,0.050288256986350179,0,True,True,1.0000000000000001e-09,True,True,11,Central_Coast|Hunter_Valley_exc_Newcastle|Newcastle_and_Lake_Macquarie|Sydney_City_and_Inner_South|Sydney_Eastern_Suburbs|Sydney_Inner_West|Sydney_North_Sydney_and_Hornsby|Sydney_Northern_Beaches|Sydney_Parramatta|Sydney_Ryde|Sydney_Sutherland
au,Sydney_Inner_South_West,LU,,10,300,0.5,MVA_equivalent_PF1,638.53869999999995,0.21126955436754324,134.90378659543038,102.20959146927261,0.16006796685819139,True,2.020201011655502,34.585037134510536,5.9500000000000455,108.42223981747625,32.564836122855034,102.47223981747621,True,True,1.5417500000000007e-07,False,False,11,Central_Coast|Hunter_Valley_exc_Newcastle|Newcastle_and_Lake_Macquarie|Sydney_City_and_Inner_South|Sydney_Eastern_Suburbs|Sydney_Inner_West|Sydney_North_Sydney_and_Hornsby|Sydney_Northern_Beaches|Sydney_Parramatta|Sydney_Ryde|Sydney_Sutherland
au,Sydney_Inner_South_West,LU,,10,500,0.5,MVA_equivalent_PF1,638.53869999999995,0.21126955436754324,134.90378659543038,102.20959146927261,0.16006796685819139,True,7.3132788032473259,73.058786730226885,0,4.4575176281974906,65.745507926979556,4.4575176281974906,True,True,3.5417500000000009e-07,True,False,11,Central_Coast|Hunter_Valley_exc_Newcastle|Newcastle_and_Lake_Macquarie|Sydney_City_and_Inner_South|Sydney_Eastern_Suburbs|Sydney_Inner_West|Sydney_North_Sydney_and_Hornsby|Sydney_Northern_Beaches|Sydney_Parramatta|Sydney_Ryde|Sydney_Sutherland
au,Sydney_Inner_South_West,LU,,10,100,0.80000000000000004,MVA_equivalent_PF1,638.53869999999995,0.27652582273620779,176.57243936640856,102.20959146927261,0.16006796685819139,True,0,0.56473753208549793,0,0,0.56473753208549793,0,True,True,1.0000000000000001e-09,True,True,11,Central_Coast|Hunter_Valley_exc_Newcastle|Newcastle_and_Lake_Macquarie|Sydney_City_and_Inner_South|Sydney_Eastern_Suburbs|Sydney_Inner_West|Sydney_North_Sydney_and_Hornsby|Sydney_Northern_Beaches|Sydney_Parramatta|Sydney_Ryde|Sydney_Sutherland
au,Sydney_Inner_South_West,LU,,10,300,0.80000000000000004,MVA_equivalent_PF1,638.53869999999995,0.27652582273620779,176.57243936640856,102.20959146927261,0.16006796685819139,True,2.020201011655502,49.983228575145333,5.9500000000000455,150.09089258845444,47.963027563489831,144.14089258845439,True,True,1.5417500000000007e-07,False,False,11,Central_Coast|Hunter_Valley_exc_Newcastle|Newcastle_and_Lake_Macquarie|Sydney_City_and_Inner_South|Sydney_Eastern_Suburbs|Sydney_Inner_West|Sydney_North_Sydney_and_Hornsby|Sydney_Northern_Beaches|Sydney_Parramatta|Sydney_Ryde|Sydney_Sutherland
au,Sydney_Inner_South_West,LU,,10,500,0.80000000000000004,MVA_equivalent_PF1,638.53869999999995,0.27652582273620779,176.57243936640856,102.20959146927261,0.16006796685819139,True,7.3132788032473259,109.99900656440191,0,31.304755448200694,102.68572776115458,31.304755448200694,True,True,3.5417500000000009e-07,True,False,11,Central_Coast|Hunter_Valley_exc_Newcastle|Newcastle_and_Lake_Macquarie|Sydney_City_and_Inner_South|Sydney_Eastern_Suburbs|Sydney_Inner_West|Sydney_North_Sydney_and_Hornsby|Sydney_Northern_Beaches|Sydney_Parramatta|Sydney_Ryde|Sydney_Sutherland
au,Sydney_Inner_South_West,LU,,10,100,0.90000000000000002,MVA_equivalent_PF1,638.53869999999995,0.29934727037426312,191.14481687333048,102.20959146927261,0.16006796685819139,True,0,1.3775589690375218,0,0,1.3775589690375218,0,True,True,1.0000000000000001e-09,True,True,11,Central_Coast|Hunter_Valley_exc_Newcastle|Newcastle_and_Lake_Macquarie|Sydney_City_and_Inner_South|Sydney_Eastern_Suburbs|Sydney_Inner_West|Sydney_North_Sydney_and_Hornsby|Sydney_Northern_Beaches|Sydney_Parramatta|Sydney_Ryde|Sydney_Sutherland
au,Sydney_Inner_South_West,LU,,10,300,0.90000000000000002,MVA_equivalent_PF1,638.53869999999995,0.29934727037426312,191.14481687333048,102.20959146927261,0.16006796685819139,True,2.020201011655502,55.507921098337029,5.9500000000000455,164.66327009537636,53.487720086681527,158.71327009537632,True,True,1.5417500000000007e-07,False,False,11,Central_Coast|Hunter_Valley_exc_Newcastle|Newcastle_and_Lake_Macquarie|Sydney_City_and_Inner_South|Sydney_Eastern_Suburbs|Sydney_Inner_West|Sydney_North_Sydney_and_Hornsby|Sydney_Northern_Beaches|Sydney_Parramatta|Sydney_Ryde|Sydney_Sutherland
au,Sydney_Inner_South_West,LU,,10,500,0.90000000000000002,MVA_equivalent_PF1,638.53869999999995,0.29934727037426312,191.14481687333048,102.20959146927261,0.16006796685819139,True,7.3132788032473259,124.09827546198541,0,45.323592668333745,116.78499665873808,45.323592668333745,True,True,3.5417500000000009e-07,True,False,11,Central_Coast|Hunter_Valley_exc_Newcastle|Newcastle_and_Lake_Macquarie|Sydney_City_and_Inner_South|Sydney_Eastern_Suburbs|Sydney_Inner_West|Sydney_North_Sydney_and_Hornsby|Sydney_Northern_Beaches|Sydney_Parramatta|Sydney_Ryde|Sydney_Sutherland
au,Sydney_Inner_South_West,LU,,10,100,1,MVA_equivalent_PF1,638.53869999999995,0.49347582631342024,315.10341261559711,102.20959146927261,0.16006796685819139,True,0,29.966051872683941,0,89.667776462983511,29.966051872683941,89.667776462983511,True,True,1.0000000000000001e-09,True,False,11,Central_Coast|Hunter_Valley_exc_Newcastle|Newcastle_and_Lake_Macquarie|Sydney_City_and_Inner_South|Sydney_Eastern_Suburbs|Sydney_Inner_West|Sydney_North_Sydney_and_Hornsby|Sydney_Northern_Beaches|Sydney_Parramatta|Sydney_Ryde|Sydney_Sutherland
au,Sydney_Inner_South_West,LU,,10,300,1,MVA_equivalent_PF1,638.53869999999995,0.49347582631342024,315.10341261559711,102.20959146927261,0.16006796685819139,True,2.020201011655502,118.02682522346389,5.9500000000000455,288.62186583764293,116.00662421180839,282.67186583764288,True,True,1.5417500000000007e-07,False,False,11,Central_Coast|Hunter_Valley_exc_Newcastle|Newcastle_and_Lake_Macquarie|Sydney_City_and_Inner_South|Sydney_Eastern_Suburbs|Sydney_Inner_West|Sydney_North_Sydney_and_Hornsby|Sydney_Northern_Beaches|Sydney_Parramatta|Sydney_Ryde|Sydney_Sutherland
au,Sydney_Inner_South_West,LU,,10,500,1,MVA_equivalent_PF1,638.53869999999995,0.49347582631342024,315.10341261559711,102.20959146927261,0.16006796685819139,True,7.3132788032473259,247.82694534746662,0,169.28218841060033,240.51366654421929,169.28218841060033,True,True,3.5417500000000009e-07,True,False,11,Central_Coast|Hunter_Valley_exc_Newcastle|Newcastle_and_Lake_Macquarie|Sydney_City_and_Inner_South|Sydney_Eastern_Suburbs|Sydney_Inner_West|Sydney_North_Sydney_and_Hornsby|Sydney_Northern_Beaches|Sydney_Parramatta|Sydney_Ryde|Sydney_Sutherland
au,Sydney_Inner_South_West,LU,,20,100,0.5,MVA_equivalent_PF1,638.53869999999995,0.12446764645748185,79.477409161020063,0.25895236895007656,0.00040553903616190621,True,0,0,0,0,0,0,True,True,1.0000000000000001e-09,True,True,11,Central_Coast|Hunter_Valley_exc_Newcastle|Newcastle_and_Lake_Macquarie|Sydney_City_and_Inner_South|Sydney_Eastern_Suburbs|Sydney_Inner_West|Sydney_North_Sydney_and_Hornsby|Sydney_Northern_Beaches|Sydney_Parramatta|Sydney_Ryde|Sydney_Sutherland
au,Sydney_Inner_South_West,LU,,20,300,0.5,MVA_equivalent_PF1,638.53869999999995,0.12446764645748185,79.477409161020063,0.25895236895007656,0.00040553903616190621,True,0,0,0,0,0,0,True,True,1.0000000000000001e-09,True,True,11,Central_Coast|Hunter_Valley_exc_Newcastle|Newcastle_and_Lake_Macquarie|Sydney_City_and_Inner_South|Sydney_Eastern_Suburbs|Sydney_Inner_West|Sydney_North_Sydney_and_Hornsby|Sydney_Northern_Beaches|Sydney_Parramatta|Sydney_Ryde|Sydney_Sutherland
au,Sydney_Inner_South_West,LU,,20,500,0.5,MVA_equivalent_PF1,638.53869999999995,0.12446764645748185,79.477409161020063,0.25895236895007656,0.00040553903616190621,True,0,0,0,0,0,0,True,True,1.0000000000000001e-09,True,True,11,Central_Coast|Hunter_Valley_exc_Newcastle|Newcastle_and_Lake_Macquarie|Sydney_City_and_Inner_South|Sydney_Eastern_Suburbs|Sydney_Inner_West|Sydney_North_Sydney_and_Hornsby|Sydney_Northern_Beaches|Sydney_Parramatta|Sydney_Ryde|Sydney_Sutherland
au,Sydney_Inner_South_West,LU,,20,100,0.80000000000000004,MVA_equivalent_PF1,638.53869999999995,0.19620928093451631,125.28721917586083,0.25895236895007656,0.00040553903616190621,True,0,0,0,0,0,0,True,True,1.0000000000000001e-09,True,True,11,Central_Coast|Hunter_Valley_exc_Newcastle|Newcastle_and_Lake_Macquarie|Sydney_City_and_Inner_South|Sydney_Eastern_Suburbs|Sydney_Inner_West|Sydney_North_Sydney_and_Hornsby|Sydney_Northern_Beaches|Sydney_Parramatta|Sydney_Ryde|Sydney_Sutherland
au,Sydney_Inner_South_West,LU,,20,300,0.80000000000000004,MVA_equivalent_PF1,638.53869999999995,0.19620928093451631,125.28721917586083,0.25895236895007656,0.00040553903616190621,True,0,0,0,0,0,0,True,True,1.0000000000000001e-09,True,True,11,Central_Coast|Hunter_Valley_exc_Newcastle|Newcastle_and_Lake_Macquarie|Sydney_City_and_Inner_South|Sydney_Eastern_Suburbs|Sydney_Inner_West|Sydney_North_Sydney_and_Hornsby|Sydney_Northern_Beaches|Sydney_Parramatta|Sydney_Ryde|Sydney_Sutherland
au,Sydney_Inner_South_West,LU,,20,500,0.80000000000000004,MVA_equivalent_PF1,638.53869999999995,0.19620928093451631,125.28721917586083,0.25895236895007656,0.00040553903616190621,True,0,0,0,0,0,0,True,True,1.0000000000000001e-09,True,True,11,Central_Coast|Hunter_Valley_exc_Newcastle|Newcastle_and_Lake_Macquarie|Sydney_City_and_Inner_South|Sydney_Eastern_Suburbs|Sydney_Inner_West|Sydney_North_Sydney_and_Hornsby|Sydney_Northern_Beaches|Sydney_Parramatta|Sydney_Ryde|Sydney_Sutherland
au,Sydney_Inner_South_West,LU,,20,100,0.90000000000000002,MVA_equivalent_PF1,638.53869999999995,0.27311790403589015,174.39635138980202,0.25895236895007656,0.00040553903616190621,True,0,0,0,0,0,0,True,True,1.0000000000000001e-09,True,True,11,Central_Coast|Hunter_Valley_exc_Newcastle|Newcastle_and_Lake_Macquarie|Sydney_City_and_Inner_South|Sydney_Eastern_Suburbs|Sydney_Inner_West|Sydney_North_Sydney_and_Hornsby|Sydney_Northern_Beaches|Sydney_Parramatta|Sydney_Ryde|Sydney_Sutherland
au,Sydney_Inner_South_West,LU,,20,300,0.90000000000000002,MVA_equivalent_PF1,638.53869999999995,0.27311790403589015,174.39635138980202,0.25895236895007656,0.00040553903616190621,True,0,0,0,0,0,0,True,True,1.0000000000000001e-09,True,True,11,Central_Coast|Hunter_Valley_exc_Newcastle|Newcastle_and_Lake_Macquarie|Sydney_City_and_Inner_South|Sydney_Eastern_Suburbs|Sydney_Inner_West|Sydney_North_Sydney_and_Hornsby|Sydney_Northern_Beaches|Sydney_Parramatta|Sydney_Ryde|Sydney_Sutherland
au,Sydney_Inner_South_West,LU,,20,500,0.90000000000000002,MVA_equivalent_PF1,638.53869999999995,0.27311790403589015,174.39635138980202,0.25895236895007656,0.00040553903616190621,True,0,40.670881198643876,0,40.671351389802112,40.670881198643876,40.671351389802112,True,True,1.0000000000000001e-09,True,False,11,Central_Coast|Hunter_Valley_exc_Newcastle|Newcastle_and_Lake_Macquarie|Sydney_City_and_Inner_South|Sydney_Eastern_Suburbs|Sydney_Inner_West|Sydney_North_Sydney_and_Hornsby|Sydney_Northern_Beaches|Sydney_Parramatta|Sydney_Ryde|Sydney_Sutherland
au,Sydney_Inner_South_West,LU,,20,100,1,MVA_equivalent_PF1,638.53869999999995,0.49327160243123641,314.97300776335851,0.25895236895007656,0.00040553903616190621,True,0,0,0,0,0,0,True,True,1.0000000000000001e-09,True,True,11,Central_Coast|Hunter_Valley_exc_Newcastle|Newcastle_and_Lake_Macquarie|Sydney_City_and_Inner_South|Sydney_Eastern_Suburbs|Sydney_Inner_West|Sydney_North_Sydney_and_Hornsby|Sydney_Northern_Beaches|Sydney_Parramatta|Sydney_Ryde|Sydney_Sutherland
au,Sydney_Inner_South_West,LU,,20,300,1,MVA_equivalent_PF1,638.53869999999995,0.49327160243123641,314.97300776335851,0.25895236895007656,0.00040553903616190621,True,0,0,0,0,0,0,True,True,1.0000000000000001e-09,True,True,11,Central_Coast|Hunter_Valley_exc_Newcastle|Newcastle_and_Lake_Macquarie|Sydney_City_and_Inner_South|Sydney_Eastern_Suburbs|Sydney_Inner_West|Sydney_North_Sydney_and_Hornsby|Sydney_Northern_Beaches|Sydney_Parramatta|Sydney_Ryde|Sydney_Sutherland
au,Sydney_Inner_South_West,LU,,20,500,1,MVA_equivalent_PF1,638.53869999999995,0.49327160243123641,314.97300776335851,0.25895236895007656,0.00040553903616190621,True,0,181.24753757220034,0,181.2480077633586,181.24753757220034,181.2480077633586,True,True,1.0000000000000001e-09,True,False,11,Central_Coast|Hunter_Valley_exc_Newcastle|Newcastle_and_Lake_Macquarie|Sydney_City_and_Inner_South|Sydney_Eastern_Suburbs|Sydney_Inner_West|Sydney_North_Sydney_and_Hornsby|Sydney_Northern_Beaches|Sydney_Parramatta|Sydney_Ryde|Sydney_Sutherland
au,Sydney_Inner_South_West,GNN,42,10,100,0.5,MVA_equivalent_PF1,638.53869999999995,0.23482502810933484,149.9448681763981,126.94328283441581,0.19880280213934695,True,0,0.043055848379283022,0,0,0.043055848379283022,0,True,True,1.0000000000000001e-09,True,True,11,Central_Coast|Hunter_Valley_exc_Newcastle|Newcastle_and_Lake_Macquarie|Sydney_City_and_Inner_South|Sydney_Eastern_Suburbs|Sydney_Inner_West|Sydney_North_Sydney_and_Hornsby|Sydney_Northern_Beaches|Sydney_Parramatta|Sydney_Ryde|Sydney_Sutherland
au,Sydney_Inner_South_West,GNN,42,10,300,0.5,MVA_equivalent_PF1,638.53869999999995,0.23482502810933484,149.9448681763981,126.94328283441581,0.19880280213934695,True,1.2203955940361124,36.319487836229577,5.9500000000000455,124.30383347790443,35.099092242193464,118.35383347790439,True,True,1.5417500000000007e-07,False,False,11,Central_Coast|Hunter_Valley_exc_Newcastle|Newcastle_and_Lake_Macquarie|Sydney_City_and_Inner_South|Sydney_Eastern_Suburbs|Sydney_Inner_West|Sydney_North_Sydney_and_Hornsby|Sydney_Northern_Beaches|Sydney_Parramatta|Sydney_Ryde|Sydney_Sutherland
au,Sydney_Inner_South_West,GNN,42,10,500,0.5,MVA_equivalent_PF1,638.53869999999995,0.23482502810933484,149.9448681763981,126.94328283441581,0.19880280213934695,True,7.9562450833945073,76.008813646152319,0,0.63798898819570693,68.052568562757813,0.63798898819570693,True,True,3.5417500000000009e-07,True,False,11,Central_Coast|Hunter_Valley_exc_Newcastle|Newcastle_and_Lake_Macquarie|Sydney_City_and_Inner_South|Sydney_Eastern_Suburbs|Sydney_Inner_West|Sydney_North_Sydney_and_Hornsby|Sydney_Northern_Beaches|Sydney_Parramatta|Sydney_Ryde|Sydney_Sutherland
au,Sydney_Inner_South_West,GNN,42,10,100,0.80000000000000004,MVA_equivalent_PF1,638.53869999999995,0.45237314614858387,288.85776065662674,126.94328283441581,0.19880280213934695,True,0,19.15904795156143,0,63.216725958133019,19.15904795156143,63.216725958133019,True,True,1.0000000000000001e-09,True,False,11,Central_Coast|Hunter_Valley_exc_Newcastle|Newcastle_and_Lake_Macquarie|Sydney_City_and_Inner_South|Sydney_Eastern_Suburbs|Sydney_Inner_West|Sydney_North_Sydney_and_Hornsby|Sydney_Northern_Beaches|Sydney_Parramatta|Sydney_Ryde|Sydney_Sutherland
au,Sydney_Inner_South_West,GNN,42,10,300,0.80000000000000004,MVA_equivalent_PF1,638.53869999999995,0.45237314614858387,288.85776065662674,126.94328283441581,0.19880280213934695,True,1.2203955940361124,92.182247392735647,5.9500000000000455,263.216725958133,90.961851798699541,257.26672595813295,True,True,1.5417500000000007e-07,False,False,11,Central_Coast|Hunter_Valley_exc_Newcastle|Newcastle_and_Lake_Macquarie|Sydney_City_and_Inner_South|Sydney_Eastern_Suburbs|Sydney_Inner_West|Sydney_North_Sydney_and_Hornsby|Sydney_Northern_Beaches|Sydney_Parramatta|Sydney_Ryde|Sydney_Sutherland
au,Sydney_Inner_South_West,GNN,42,10,500,0.80000000000000004,MVA_equivalent_PF1,638.53869999999995,0.45237314614858387,288.85776065662674,126.94328283441581,0.19880280213934695,True,7.9562450833945073,207.7809792800328,0,109.51851727325675,199.82473419663827,109.51851727325675,True,True,3.5417500000000009e-07,True,False,11,Central_Coast|Hunter_Valley_exc_Newcastle|Newcastle_and_Lake_Macquarie|Sydney_City_and_Inner_South|Sydney_Eastern_Suburbs|Sydney_Inner_West|Sydney_North_Sydney_and_Hornsby|Sydney_Northern_Beaches|Sydney_Parramatta|Sydney_Ryde|Sydney_Sutherland
au,Sydney_Inner_South_West,GNN,42,10,100,0.90000000000000002,MVA_equivalent_PF1,638.53869999999995,0.53510168569732042,341.68313475297555,126.94328283441581,0.19880280213934695,True,0,34.677026948628814,0,116.04210005448178,34.677026948628814,116.04210005448178,True,True,1.0000000000000001e-09,True,False,11,Central_Coast|Hunter_Valley_exc_Newcastle|Newcastle_and_Lake_Macquarie|Sydney_City_and_Inner_South|Sydney_Eastern_Suburbs|Sydney_Inner_West|Sydney_North_Sydney_and_Hornsby|Sydney_Northern_Beaches|Sydney_Parramatta|Sydney_Ryde|Sydney_Sutherland
au,Sydney_Inner_South_West,GNN,42,10,300,0.90000000000000002,MVA_equivalent_PF1,638.53869999999995,0.53510168569732042,341.68313475297555,126.94328283441581,0.19880280213934695,True,1.2203955940361124,124.35357867981995,5.9500000000000455,316.04210005448181,123.13318308578384,310.09210005448176,True,True,1.5417500000000007e-07,False,False,11,Central_Coast|Hunter_Valley_exc_Newcastle|Newcastle_and_Lake_Macquarie|Sydney_City_and_Inner_South|Sydney_Eastern_Suburbs|Sydney_Inner_West|Sydney_North_Sydney_and_Hornsby|Sydney_Northern_Beaches|Sydney_Parramatta|Sydney_Ryde|Sydney_Sutherland
au,Sydney_Inner_South_West,GNN,42,10,500,0.90000000000000002,MVA_equivalent_PF1,638.53869999999995,0.53510168569732042,341.68313475297555,126.94328283441581,0.19880280213934695,True,7.9562450833945073,260.60635337638161,0,162.34389136960556,252.65010829298708,162.34389136960556,True,True,3.5417500000000009e-07,True,False,11,Central_Coast|Hunter_Valley_exc_Newcastle|Newcastle_and_Lake_Macquarie|Sydney_City_and_Inner_South|Sydney_Eastern_Suburbs|Sydney_Inner_West|Sydney_North_Sydney_and_Hornsby|Sydney_Northern_Beaches|Sydney_Parramatta|Sydney_Ryde|Sydney_Sutherland
au,Sydney_Inner_South_West,GNN,42,10,100,1,MVA_equivalent_PF1,638.53869999999995,0.58475619670486811,373.38946166087072,126.94328283441581,0.19880280213934695,True,0,45.647582431953282,0,147.74842696237701,45.647582431953282,147.74842696237701,True,True,1.0000000000000001e-09,True,False,11,Central_Coast|Hunter_Valley_exc_Newcastle|Newcastle_and_Lake_Macquarie|Sydney_City_and_Inner_South|Sydney_Eastern_Suburbs|Sydney_Inner_West|Sydney_North_Sydney_and_Hornsby|Sydney_Northern_Beaches|Sydney_Parramatta|Sydney_Ryde|Sydney_Sutherland
au,Sydney_Inner_South_West,GNN,42,10,300,1,MVA_equivalent_PF1,638.53869999999995,0.58475619670486811,373.38946166087072,126.94328283441581,0.19880280213934695,True,1.2203955940361124,150.00207674446085,5.9500000000000455,347.74842696237704,148.78168115042473,341.79842696237699,True,True,1.5417500000000007e-07,False,False,11,Central_Coast|Hunter_Valley_exc_Newcastle|Newcastle_and_Lake_Macquarie|Sydney_City_and_Inner_South|Sydney_Eastern_Suburbs|Sydney_Inner_West|Sydney_North_Sydney_and_Hornsby|Sydney_Northern_Beaches|Sydney_Parramatta|Sydney_Ryde|Sydney_Sutherland
au,Sydney_Inner_South_West,GNN,42,10,500,1,MVA_equivalent_PF1,638.53869999999995,0.58475619670486811,373.38946166087072,126.94328283441581,0.19880280213934695,True,7.9562450833945073,292.31268028427672,0,194.05021827750073,284.35643520088223,194.05021827750073,True,True,3.5417500000000009e-07,True,False,11,Central_Coast|Hunter_Valley_exc_Newcastle|Newcastle_and_Lake_Macquarie|Sydney_City_and_Inner_South|Sydney_Eastern_Suburbs|Sydney_Inner_West|Sydney_North_Sydney_and_Hornsby|Sydney_Northern_Beaches|Sydney_Parramatta|Sydney_Ryde|Sydney_Sutherland
au,Sydney_Inner_South_West,GNN,42,20,100,0.5,MVA_equivalent_PF1,638.53869999999995,0.10517103541590131,67.155776232123571,0.53853527961553027,0.0008433870642696055,True,0,0,0,0,0,0,True,True,1.0000000000000001e-09,True,True,11,Central_Coast|Hunter_Valley_exc_Newcastle|Newcastle_and_Lake_Macquarie|Sydney_City_and_Inner_South|Sydney_Eastern_Suburbs|Sydney_Inner_West|Sydney_North_Sydney_and_Hornsby|Sydney_Northern_Beaches|Sydney_Parramatta|Sydney_Ryde|Sydney_Sutherland
au,Sydney_Inner_South_West,GNN,42,20,300,0.5,MVA_equivalent_PF1,638.53869999999995,0.10517103541590131,67.155776232123571,0.53853527961553027,0.0008433870642696055,True,0,0,0,0,0,0,True,True,1.0000000000000001e-09,True,True,11,Central_Coast|Hunter_Valley_exc_Newcastle|Newcastle_and_Lake_Macquarie|Sydney_City_and_Inner_South|Sydney_Eastern_Suburbs|Sydney_Inner_West|Sydney_North_Sydney_and_Hornsby|Sydney_Northern_Beaches|Sydney_Parramatta|Sydney_Ryde|Sydney_Sutherland
au,Sydney_Inner_South_West,GNN,42,20,500,0.5,MVA_equivalent_PF1,638.53869999999995,0.10517103541590131,67.155776232123571,0.53853527961553027,0.0008433870642696055,True,0,0,0,0,0,0,True,True,1.0000000000000001e-09,True,True,11,Central_Coast|Hunter_Valley_exc_Newcastle|Newcastle_and_Lake_Macquarie|Sydney_City_and_Inner_South|Sydney_Eastern_Suburbs|Sydney_Inner_West|Sydney_North_Sydney_and_Hornsby|Sydney_Northern_Beaches|Sydney_Parramatta|Sydney_Ryde|Sydney_Sutherland
au,Sydney_Inner_South_West,GNN,42,20,100,0.80000000000000004,MVA_equivalent_PF1,638.53869999999995,0.25155565525979678,160.62802108723878,0.53853527961553027,0.0008433870642696055,True,0,0,0,0,0,0,True,True,1.0000000000000001e-09,True,True,11,Central_Coast|Hunter_Valley_exc_Newcastle|Newcastle_and_Lake_Macquarie|Sydney_City_and_Inner_South|Sydney_Eastern_Suburbs|Sydney_Inner_West|Sydney_North_Sydney_and_Hornsby|Sydney_Northern_Beaches|Sydney_Parramatta|Sydney_Ryde|Sydney_Sutherland
au,Sydney_Inner_South_West,GNN,42,20,300,0.80000000000000004,MVA_equivalent_PF1,638.53869999999995,0.25155565525979678,160.62802108723878,0.53853527961553027,0.0008433870642696055,True,0,0,0,0,0,0,True,True,1.0000000000000001e-09,True,True,11,Central_Coast|Hunter_Valley_exc_Newcastle|Newcastle_and_Lake_Macquarie|Sydney_City_and_Inner_South|Sydney_Eastern_Suburbs|Sydney_Inner_West|Sydney_North_Sydney_and_Hornsby|Sydney_Northern_Beaches|Sydney_Parramatta|Sydney_Ryde|Sydney_Sutherland
au,Sydney_Inner_South_West,GNN,42,20,500,0.80000000000000004,MVA_equivalent_PF1,638.53869999999995,0.25155565525979678,160.62802108723878,0.53853527961553027,0.0008433870642696055,True,0,26.90227359364323,0,26.903021087238812,26.90227359364323,26.903021087238812,True,True,1.0000000000000001e-09,True,False,11,Central_Coast|Hunter_Valley_exc_Newcastle|Newcastle_and_Lake_Macquarie|Sydney_City_and_Inner_South|Sydney_Eastern_Suburbs|Sydney_Inner_West|Sydney_North_Sydney_and_Hornsby|Sydney_Northern_Beaches|Sydney_Parramatta|Sydney_Ryde|Sydney_Sutherland
au,Sydney_Inner_South_West,GNN,42,20,100,0.90000000000000002,MVA_equivalent_PF1,638.53869999999995,0.50129439675573606,320.09587242169192,0.53853527961553027,0.0008433870642696055,True,0,0,0,0,0,0,True,True,1.0000000000000001e-09,True,True,11,Central_Coast|Hunter_Valley_exc_Newcastle|Newcastle_and_Lake_Macquarie|Sydney_City_and_Inner_South|Sydney_Eastern_Suburbs|Sydney_Inner_West|Sydney_North_Sydney_and_Hornsby|Sydney_Northern_Beaches|Sydney_Parramatta|Sydney_Ryde|Sydney_Sutherland
au,Sydney_Inner_South_West,GNN,42,20,300,0.90000000000000002,MVA_equivalent_PF1,638.53869999999995,0.50129439675573606,320.09587242169192,0.53853527961553027,0.0008433870642696055,True,0,0,0,0,0,0,True,True,1.0000000000000001e-09,True,True,11,Central_Coast|Hunter_Valley_exc_Newcastle|Newcastle_and_Lake_Macquarie|Sydney_City_and_Inner_South|Sydney_Eastern_Suburbs|Sydney_Inner_West|Sydney_North_Sydney_and_Hornsby|Sydney_Northern_Beaches|Sydney_Parramatta|Sydney_Ryde|Sydney_Sutherland
au,Sydney_Inner_South_West,GNN,42,20,500,0.90000000000000002,MVA_equivalent_PF1,638.53869999999995,0.50129439675573606,320.09587242169192,0.53853527961553027,0.0008433870642696055,True,0,186.37012492809643,0,186.37087242169204,186.37012492809643,186.37087242169204,True,True,1.0000000000000001e-09,True,False,11,Central_Coast|Hunter_Valley_exc_Newcastle|Newcastle_and_Lake_Macquarie|Sydney_City_and_Inner_South|Sydney_Eastern_Suburbs|Sydney_Inner_West|Sydney_North_Sydney_and_Hornsby|Sydney_Northern_Beaches|Sydney_Parramatta|Sydney_Ryde|Sydney_Sutherland
au,Sydney_Inner_South_West,GNN,42,20,100,1,MVA_equivalent_PF1,638.53869999999995,0.52981960863964972,338.31032413527066,0.53853527961553027,0.0008433870642696055,True,0,0,0,0,0,0,True,True,1.0000000000000001e-09,True,True,11,Central_Coast|Hunter_Valley_exc_Newcastle|Newcastle_and_Lake_Macquarie|Sydney_City_and_Inner_South|Sydney_Eastern_Suburbs|Sydney_Inner_West|Sydney_North_Sydney_and_Hornsby|Sydney_Northern_Beaches|Sydney_Parramatta|Sydney_Ryde|Sydney_Sutherland
au,Sydney_Inner_South_West,GNN,42,20,300,1,MVA_equivalent_PF1,638.53869999999995,0.52981960863964972,338.31032413527066,0.53853527961553027,0.0008433870642696055,True,0,4.5845766416750555,0,4.5853241352706391,4.5845766416750555,4.5853241352706391,True,True,1.0000000000000001e-09,True,False,11,Central_Coast|Hunter_Valley_exc_Newcastle|Newcastle_and_Lake_Macquarie|Sydney_City_and_Inner_South|Sydney_Eastern_Suburbs|Sydney_Inner_West|Sydney_North_Sydney_and_Hornsby|Sydney_Northern_Beaches|Sydney_Parramatta|Sydney_Ryde|Sydney_Sutherland
au,Sydney_Inner_South_West,GNN,42,20,500,1,MVA_equivalent_PF1,638.53869999999995,0.52981960863964972,338.31032413527066,0.53853527961553027,0.0008433870642696055,True,0,204.58457664167506,0,204.58532413527064,204.58457664167506,204.58532413527064,True,True,1.0000000000000001e-09,True,False,11,Central_Coast|Hunter_Valley_exc_Newcastle|Newcastle_and_Lake_Macquarie|Sydney_City_and_Inner_South|Sydney_Eastern_Suburbs|Sydney_Inner_West|Sydney_North_Sydney_and_Hornsby|Sydney_Northern_Beaches|Sydney_Parramatta|Sydney_Ryde|Sydney_Sutherland
au,Sydney_Inner_South_West,GNN,123,10,100,0.5,MVA_equivalent_PF1,638.53869999999995,0.21541814313622729,137.55282107462048,115.30916595081851,0.18058289333257094,True,0,0.040554896841402524,0,0,0.040554896841402524,0,True,True,1.0000000000000001e-09,True,True,11,Central_Coast|Hunter_Valley_exc_Newcastle|Newcastle_and_Lake_Macquarie|Sydney_City_and_Inner_South|Sydney_Eastern_Suburbs|Sydney_Inner_West|Sydney_North_Sydney_and_Hornsby|Sydney_Northern_Beaches|Sydney_Parramatta|Sydney_Ryde|Sydney_Sutherland
au,Sydney_Inner_South_West,GNN,123,10,300,0.5,MVA_equivalent_PF1,638.53869999999995,0.21541814313622729,137.55282107462048,115.30916595081851,0.18058289333257094,True,1.5152653994531957,34.629129930364911,5.9500000000000455,99.341354789764495,33.113864530911712,93.391354789764449,True,True,1.5417500000000007e-07,False,False,11,Central_Coast|Hunter_Valley_exc_Newcastle|Newcastle_and_Lake_Macquarie|Sydney_City_and_Inner_South|Sydney_Eastern_Suburbs|Sydney_Inner_West|Sydney_North_Sydney_and_Hornsby|Sydney_Northern_Beaches|Sydney_Parramatta|Sydney_Ryde|Sydney_Sutherland
au,Sydney_Inner_South_West,GNN,123,10,500,0.5,MVA_equivalent_PF1,638.53869999999995,0.21541814313622729,137.55282107462048,115.30916595081851,0.18058289333257094,True,8.1376731129466933,70.461888568951423,0,0.72042216383566715,62.32421545600473,0.72042216383566715,True,True,3.5417500000000009e-07,True,False,11,Central_Coast|Hunter_Valley_exc_Newcastle|Newcastle_and_Lake_Macquarie|Sydney_City_and_Inner_South|Sydney_Eastern_Suburbs|Sydney_Inner_West|Sydney_North_Sydney_and_Hornsby|Sydney_Northern_Beaches|Sydney_Parramatta|Sydney_Ryde|Sydney_Sutherland
au,Sydney_Inner_South_West,GNN,123,10,100,0.80000000000000004,MVA_equivalent_PF1,638.53869999999995,0.34821629882811056,222.34958277251323,115.30916595081851,0.18058289333257094,True,0,4.5231828272123442,0,3.3797524095674421,4.5231828272123442,3.3797524095674421,True,True,1.0000000000000001e-09,True,False,11,Central_Coast|Hunter_Valley_exc_Newcastle|Newcastle_and_Lake_Macquarie|Sydney_City_and_Inner_South|Sydney_Eastern_Suburbs|Sydney_Inner_West|Sydney_North_Sydney_and_Hornsby|Sydney_Northern_Beaches|Sydney_Parramatta|Sydney_Ryde|Sydney_Sutherland
au,Sydney_Inner_South_West,GNN,123,10,300,0.80000000000000004,MVA_equivalent_PF1,638.53869999999995,0.34821629882811056,222.34958277251323,115.30916595081851,0.18058289333257094,True,1.5152653994531957,66.041274917696782,5.9500000000000455,184.13811648765721,64.526009518243583,178.18811648765717,True,True,1.5417500000000007e-07,False,False,11,Central_Coast|Hunter_Valley_exc_Newcastle|Newcastle_and_Lake_Macquarie|Sydney_City_and_Inner_South|Sydney_Eastern_Suburbs|Sydney_Inner_West|Sydney_North_Sydney_and_Hornsby|Sydney_Northern_Beaches|Sydney_Parramatta|Sydney_Ryde|Sydney_Sutherland
au,Sydney_Inner_South_West,GNN,123,10,500,0.80000000000000004,MVA_equivalent_PF1,638.53869999999995,0.34821629882811056,222.34958277251323,115.30916595081851,0.18058289333257094,True,8.1376731129466933,148.53598433569942,0,60.128668179417673,140.39831122275274,60.128668179417673,True,True,3.5417500000000009e-07,True,False,11,Central_Coast|Hunter_Valley_exc_Newcastle|Newcastle_and_Lake_Macquarie|Sydney_City_and_Inner_South|Sydney_Eastern_Suburbs|Sydney_Inner_West|Sydney_North_Sydney_and_Hornsby|Sydney_Northern_Beaches|Sydney_Parramatta|Sydney_Ryde|Sydney_Sutherland
au,Sydney_Inner_South_West,GNN,123,10,100,0.90000000000000002,MVA_equivalent_PF1,638.53869999999995,0.37061202851314679,236.65012289114767,115.30916595081851,0.18058289333257094,True,0,7.5438752410272532,0,10.457138258998947,7.5438752410272532,10.457138258998947,True,True,1.0000000000000001e-09,True,False,11,Central_Coast|Hunter_Valley_exc_Newcastle|Newcastle_and_Lake_Macquarie|Sydney_City_and_Inner_South|Sydney_Eastern_Suburbs|Sydney_Inner_West|Sydney_North_Sydney_and_Hornsby|Sydney_Northern_Beaches|Sydney_Parramatta|Sydney_Ryde|Sydney_Sutherland
au,Sydney_Inner_South_West,GNN,123,10,300,0.90000000000000002,MVA_equivalent_PF1,638.53869999999995,0.37061202851314679,236.65012289114767,115.30916595081851,0.18058289333257094,True,1.5152653994531957,71.809502051313473,5.9500000000000455,198.43865660629172,70.294236651860274,192.48865660629167,True,True,1.5417500000000007e-07,False,False,11,Central_Coast|Hunter_Valley_exc_Newcastle|Newcastle_and_Lake_Macquarie|Sydney_City_and_Inner_South|Sydney_Eastern_Suburbs|Sydney_Inner_West|Sydney_North_Sydney_and_Hornsby|Sydney_Northern_Beaches|Sydney_Parramatta|Sydney_Ryde|Sydney_Sutherland
au,Sydney_Inner_South_West,GNN,123,10,500,0.90000000000000002,MVA_equivalent_PF1,638.53869999999995,0.37061202851314679,236.65012289114767,115.30916595081851,0.18058289333257094,True,8.1376731129466933,162.76365892366286,0,74.429208298052117,154.62598581071617,74.429208298052117,True,True,3.5417500000000009e-07,True,False,11,Central_Coast|Hunter_Valley_exc_Newcastle|Newcastle_and_Lake_Macquarie|Sydney_City_and_Inner_South|Sydney_Eastern_Suburbs|Sydney_Inner_West|Sydney_North_Sydney_and_Hornsby|Sydney_Northern_Beaches|Sydney_Parramatta|Sydney_Ryde|Sydney_Sutherland
au,Sydney_Inner_South_West,GNN,123,10,100,1,MVA_equivalent_PF1,638.53869999999995,0.38396670436305569,245.17760024726988,115.30916595081851,0.18058289333257094,True,0,9.5779380864257018,0,15.805193998429115,9.5779380864257018,15.805193998429115,True,True,1.0000000000000001e-09,True,False,11,Central_Coast|Hunter_Valley_exc_Newcastle|Newcastle_and_Lake_Macquarie|Sydney_City_and_Inner_South|Sydney_Eastern_Suburbs|Sydney_Inner_West|Sydney_North_Sydney_and_Hornsby|Sydney_Northern_Beaches|Sydney_Parramatta|Sydney_Ryde|Sydney_Sutherland
au,Sydney_Inner_South_West,GNN,123,10,300,1,MVA_equivalent_PF1,638.53869999999995,0.38396670436305569,245.17760024726988,115.30916595081851,0.18058289333257094,True,1.5152653994531957,75.418337485486234,5.9500000000000455,206.96613396241392,73.903072086033035,201.01613396241387,True,True,1.5417500000000007e-07,False,False,11,Central_Coast|Hunter_Valley_exc_Newcastle|Newcastle_and_Lake_Macquarie|Sydney_City_and_Inner_South|Sydney_Eastern_Suburbs|Sydney_Inner_West|Sydney_North_Sydney_and_Hornsby|Sydney_Northern_Beaches|Sydney_Parramatta|Sydney_Ryde|Sydney_Sutherland
au,Sydney_Inner_South_West,GNN,123,10,500,1,MVA_equivalent_PF1,638.53869999999995,0.38396670436305569,245.17760024726988,115.30916595081851,0.18058289333257094,True,8.1376731129466933,171.28996888407886,0,82.956685654174322,163.15229577113217,82.956685654174322,True,True,3.5417500000000009e-07,True,False,11,Central_Coast|Hunter_Valley_exc_Newcastle|Newcastle_and_Lake_Macquarie|Sydney_City_and_Inner_South|Sydney_Eastern_Suburbs|Sydney_Inner_West|Sydney_North_Sydney_and_Hornsby|Sydney_Northern_Beaches|Sydney_Parramatta|Sydney_Ryde|Sydney_Sutherland
au,Sydney_Inner_South_West,GNN,123,20,100,0.5,MVA_equivalent_PF1,638.53869999999995,0.11578186834347499,73.931203695613675,0.36690102662225854,0.00057459481566623691,True,0,0,0,0,0,0,True,True,1.0000000000000001e-09,True,True,11,Central_Coast|Hunter_Valley_exc_Newcastle|Newcastle_and_Lake_Macquarie|Sydney_City_and_Inner_South|Sydney_Eastern_Suburbs|Sydney_Inner_West|Sydney_North_Sydney_and_Hornsby|Sydney_Northern_Beaches|Sydney_Parramatta|Sydney_Ryde|Sydney_Sutherland
au,Sydney_Inner_South_West,GNN,123,20,300,0.5,MVA_equivalent_PF1,638.53869999999995,0.11578186834347499,73.931203695613675,0.36690102662225854,0.00057459481566623691,True,0,0,0,0,0,0,True,True,1.0000000000000001e-09,True,True,11,Central_Coast|Hunter_Valley_exc_Newcastle|Newcastle_and_Lake_Macquarie|Sydney_City_and_Inner_South|Sydney_Eastern_Suburbs|Sydney_Inner_West|Sydney_North_Sydney_and_Hornsby|Sydney_Northern_Beaches|Sydney_Parramatta|Sydney_Ryde|Sydney_Sutherland
au,Sydney_Inner_South_West,GNN,123,20,500,0.5,MVA_equivalent_PF1,638.53869999999995,0.11578186834347499,73.931203695613675,0.36690102662225854,0.00057459481566623691,True,0,0,0,0,0,0,True,True,1.0000000000000001e-09,True,True,11,Central_Coast|Hunter_Valley_exc_Newcastle|Newcastle_and_Lake_Macquarie|Sydney_City_and_Inner_South|Sydney_Eastern_Suburbs|Sydney_Inner_West|Sydney_North_Sydney_and_Hornsby|Sydney_Northern_Beaches|Sydney_Parramatta|Sydney_Ryde|Sydney_Sutherland
au,Sydney_Inner_South_West,GNN,123,20,100,0.80000000000000004,MVA_equivalent_PF1,638.53869999999995,0.22323888111487536,142.54666493654705,0.36690102662225854,0.00057459481566623691,True,0,0,0,0,0,0,True,True,1.0000000000000001e-09,True,True,11,Central_Coast|Hunter_Valley_exc_Newcastle|Newcastle_and_Lake_Macquarie|Sydney_City_and_Inner_South|Sydney_Eastern_Suburbs|Sydney_Inner_West|Sydney_North_Sydney_and_Hornsby|Sydney_Northern_Beaches|Sydney_Parramatta|Sydney_Ryde|Sydney_Sutherland
au,Sydney_Inner_South_West,GNN,123,20,300,0.80000000000000004,MVA_equivalent_PF1,638.53869999999995,0.22323888111487536,142.54666493654705,0.36690102662225854,0.00057459481566623691,True,0,0,0,0,0,0,True,True,1.0000000000000001e-09,True,True,11,Central_Coast|Hunter_Valley_exc_Newcastle|Newcastle_and_Lake_Macquarie|Sydney_City_and_Inner_South|Sydney_Eastern_Suburbs|Sydney_Inner_West|Sydney_North_Sydney_and_Hornsby|Sydney_Northern_Beaches|Sydney_Parramatta|Sydney_Ryde|Sydney_Sutherland
au,Sydney_Inner_South_West,GNN,123,20,500,0.80000000000000004,MVA_equivalent_PF1,638.53869999999995,0.22323888111487536,142.54666493654705,0.36690102662225854,0.00057459481566623691,True,0,8.8206891480592606,0,8.8216649365467674,8.8206891480592606,8.8216649365467674,True,True,1.0000000000000001e-09,True,False,11,Central_Coast|Hunter_Valley_exc_Newcastle|Newcastle_and_Lake_Macquarie|Sydney_City_and_Inner_South|Sydney_Eastern_Suburbs|Sydney_Inner_West|Sydney_North_Sydney_and_Hornsby|Sydney_Northern_Beaches|Sydney_Parramatta|Sydney_Ryde|Sydney_Sutherland
au,Sydney_Inner_South_West,GNN,123,20,100,0.90000000000000002,MVA_equivalent_PF1,638.53869999999995,0.26075909777749601,166.50477530801518,0.36690102662225854,0.00057459481566623691,True,0,0,0,0,0,0,True,True,1.0000000000000001e-09,True,True,11,Central_Coast|Hunter_Valley_exc_Newcastle|Newcastle_and_Lake_Macquarie|Sydney_City_and_Inner_South|Sydney_Eastern_Suburbs|Sydney_Inner_West|Sydney_North_Sydney_and_Hornsby|Sydney_Northern_Beaches|Sydney_Parramatta|Sydney_Ryde|Sydney_Sutherland
au,Sydney_Inner_South_West,GNN,123,20,300,0.90000000000000002,MVA_equivalent_PF1,638.53869999999995,0.26075909777749601,166.50477530801518,0.36690102662225854,0.00057459481566623691,True,0,0,0,0,0,0,True,True,1.0000000000000001e-09,True,True,11,Central_Coast|Hunter_Valley_exc_Newcastle|Newcastle_and_Lake_Macquarie|Sydney_City_and_Inner_South|Sydney_Eastern_Suburbs|Sydney_Inner_West|Sydney_North_Sydney_and_Hornsby|Sydney_Northern_Beaches|Sydney_Parramatta|Sydney_Ryde|Sydney_Sutherland
au,Sydney_Inner_South_West,GNN,123,20,500,0.90000000000000002,MVA_equivalent_PF1,638.53869999999995,0.26075909777749601,166.50477530801518,0.36690102662225854,0.00057459481566623691,True,0,32.778799519527396,0,32.779775308014905,32.778799519527396,32.779775308014905,True,True,1.0000000000000001e-09,True,False,11,Central_Coast|Hunter_Valley_exc_Newcastle|Newcastle_and_Lake_Macquarie|Sydney_City_and_Inner_South|Sydney_Eastern_Suburbs|Sydney_Inner_West|Sydney_North_Sydney_and_Hornsby|Sydney_Northern_Beaches|Sydney_Parramatta|Sydney_Ryde|Sydney_Sutherland
au,Sydney_Inner_South_West,GNN,123,20,100,1,MVA_equivalent_PF1,638.53869999999995,0.5565618206190055,355.38626140769293,0.36690102662225854,0.00057459481566623691,True,0,0,0,0,0,0,True,True,1.0000000000000001e-09,True,True,11,Central_Coast|Hunter_Valley_exc_Newcastle|Newcastle_and_Lake_Macquarie|Sydney_City_and_Inner_South|Sydney_Eastern_Suburbs|Sydney_Inner_West|Sydney_North_Sydney_and_Hornsby|Sydney_Northern_Beaches|Sydney_Parramatta|Sydney_Ryde|Sydney_Sutherland
au,Sydney_Inner_South_West,GNN,123,20,300,1,MVA_equivalent_PF1,638.53869999999995,0.5565618206190055,355.38626140769293,0.36690102662225854,0.00057459481566623691,True,0,21.660285619205286,0,21.661261407692791,21.660285619205286,21.661261407692791,True,True,1.0000000000000001e-09,True,False,11,Central_Coast|Hunter_Valley_exc_Newcastle|Newcastle_and_Lake_Macquarie|Sydney_City_and_Inner_South|Sydney_Eastern_Suburbs|Sydney_Inner_West|Sydney_North_Sydney_and_Hornsby|Sydney_Northern_Beaches|Sydney_Parramatta|Sydney_Ryde|Sydney_Sutherland
au,Sydney_Inner_South_West,GNN,123,20,500,1,MVA_equivalent_PF1,638.53869999999995,0.5565618206190055,355.38626140769293,0.36690102662225854,0.00057459481566623691,True,0,221.66028561920533,0,221.66126140769288,221.66028561920533,221.66126140769288,True,True,1.0000000000000001e-09,True,False,11,Central_Coast|Hunter_Valley_exc_Newcastle|Newcastle_and_Lake_Macquarie|Sydney_City_and_Inner_South|Sydney_Eastern_Suburbs|Sydney_Inner_West|Sydney_North_Sydney_and_Hornsby|Sydney_Northern_Beaches|Sydney_Parramatta|Sydney_Ryde|Sydney_Sutherland
au,Sydney_Inner_South_West,GNN,456,10,100,0.5,MVA_equivalent_PF1,638.53869999999995,0.33368561973054411,213.07118183143598,124.43872304545971,0.19488047168552153,True,0,2.4319478926881328,0,1.1941567320047284,2.4319478926881328,1.1941567320047284,True,True,1.0000000000000001e-09,True,False,11,Central_Coast|Hunter_Valley_exc_Newcastle|Newcastle_and_Lake_Macquarie|Sydney_City_and_Inner_South|Sydney_Eastern_Suburbs|Sydney_Inner_West|Sydney_North_Sydney_and_Hornsby|Sydney_Northern_Beaches|Sydney_Parramatta|Sydney_Ryde|Sydney_Sutherland
au,Sydney_Inner_South_West,GNN,456,10,300,0.5,MVA_equivalent_PF1,638.53869999999995,0.33368561973054411,213.07118183143598,124.43872304545971,0.19488047168552153,True,1.2350068991889582,59.97604609436096,5.9500000000000455,177.13556842982393,58.741039195172,171.18556842982389,True,True,1.5417500000000007e-07,False,False,11,Central_Coast|Hunter_Valley_exc_Newcastle|Newcastle_and_Lake_Macquarie|Sydney_City_and_Inner_South|Sydney_Eastern_Suburbs|Sydney_Inner_West|Sydney_North_Sydney_and_Hornsby|Sydney_Northern_Beaches|Sydney_Parramatta|Sydney_Ryde|Sydney_Sutherland
au,Sydney_Inner_South_West,GNN,456,10,500,0.5,MVA_equivalent_PF1,638.53869999999995,0.33368561973054411,213.07118183143598,124.43872304545971,0.19488047168552153,True,7.8313846709746082,136.49331515629629,0,33.724646316002477,128.66193048532168,33.724646316002477,True,True,3.5417500000000009e-07,True,False,11,Central_Coast|Hunter_Valley_exc_Newcastle|Newcastle_and_Lake_Macquarie|Sydney_City_and_Inner_South|Sydney_Eastern_Suburbs|Sydney_Inner_West|Sydney_North_Sydney_and_Hornsby|Sydney_Northern_Beaches|Sydney_Parramatta|Sydney_Ryde|Sydney_Sutherland
au,Sydney_Inner_South_West,GNN,456,10,100,0.80000000000000004,MVA_equivalent_PF1,638.53869999999995,0.42134464876692135,269.04486427558652,124.43872304545971,0.19488047168552153,True,0,14.112158500938675,0,33.109250873974517,14.112158500938675,33.109250873974517,True,True,1.0000000000000001e-09,True,False,11,Central_Coast|Hunter_Valley_exc_Newcastle|Newcastle_and_Lake_Macquarie|Sydney_City_and_Inner_South|Sydney_Eastern_Suburbs|Sydney_Inner_West|Sydney_North_Sydney_and_Hornsby|Sydney_Northern_Beaches|Sydney_Parramatta|Sydney_Ryde|Sydney_Sutherland
au,Sydney_Inner_South_West,GNN,456,10,300,0.80000000000000004,MVA_equivalent_PF1,638.53869999999995,0.42134464876692135,269.04486427558652,124.43872304545971,0.19488047168552153,True,1.2350068991889582,83.556194420078711,5.9500000000000455,233.1092508739745,82.321187520889751,227.15925087397446,True,True,1.5417500000000007e-07,False,False,11,Central_Coast|Hunter_Valley_exc_Newcastle|Newcastle_and_Lake_Macquarie|Sydney_City_and_Inner_South|Sydney_Eastern_Suburbs|Sydney_Inner_West|Sydney_North_Sydney_and_Hornsby|Sydney_Northern_Beaches|Sydney_Parramatta|Sydney_Ryde|Sydney_Sutherland
au,Sydney_Inner_South_West,GNN,456,10,500,0.80000000000000004,MVA_equivalent_PF1,638.53869999999995,0.42134464876692135,269.04486427558652,124.43872304545971,0.19488047168552153,True,7.8313846709746082,191.94478652161359,0,89.506694445555681,184.11340185063898,89.506694445555681,True,True,3.5417500000000009e-07,True,False,11,Central_Coast|Hunter_Valley_exc_Newcastle|Newcastle_and_Lake_Macquarie|Sydney_City_and_Inner_South|Sydney_Eastern_Suburbs|Sydney_Inner_West|Sydney_North_Sydney_and_Hornsby|Sydney_Northern_Beaches|Sydney_Parramatta|Sydney_Ryde|Sydney_Sutherland
au,Sydney_Inner_South_West,GNN,456,10,100,0.90000000000000002,MVA_equivalent_PF1,638.53869999999995,0.56026948450350456,357.75374828453789,124.43872304545971,0.19488047168552153,True,0,40.431141039682331,0,121.81813488292589,40.431141039682331,121.81813488292589,True,True,1.0000000000000001e-09,True,False,11,Central_Coast|Hunter_Valley_exc_Newcastle|Newcastle_and_Lake_Macquarie|Sydney_City_and_Inner_South|Sydney_Eastern_Suburbs|Sydney_Inner_West|Sydney_North_Sydney_and_Hornsby|Sydney_Northern_Beaches|Sydney_Parramatta|Sydney_Ryde|Sydney_Sutherland
au,Sydney_Inner_South_West,GNN,456,10,300,0.90000000000000002,MVA_equivalent_PF1,638.53869999999995,0.56026948450350456,357.75374828453789,124.43872304545971,0.19488047168552153,True,1.2350068991889582,140.17085852122491,5.9500000000000455,321.8181348829259,138.93585162203595,315.86813488292586,True,True,1.5417500000000007e-07,False,False,11,Central_Coast|Hunter_Valley_exc_Newcastle|Newcastle_and_Lake_Macquarie|Sydney_City_and_Inner_South|Sydney_Eastern_Suburbs|Sydney_Inner_West|Sydney_North_Sydney_and_Hornsby|Sydney_Northern_Beaches|Sydney_Parramatta|Sydney_Ryde|Sydney_Sutherland
au,Sydney_Inner_South_West,GNN,456,10,500,0.90000000000000002,MVA_equivalent_PF1,638.53869999999995,0.56026948450350456,357.75374828453789,124.43872304545971,0.19488047168552153,True,7.8313846709746082,280.65367053056497,0,178.21557845450707,272.82228585959035,178.21557845450707,True,True,3.5417500000000009e-07,True,False,11,Central_Coast|Hunter_Valley_exc_Newcastle|Newcastle_and_Lake_Macquarie|Sydney_City_and_Inner_South|Sydney_Eastern_Suburbs|Sydney_Inner_West|Sydney_North_Sydney_and_Hornsby|Sydney_Northern_Beaches|Sydney_Parramatta|Sydney_Ryde|Sydney_Sutherland
au,Sydney_Inner_South_West,GNN,456,10,100,1,MVA_equivalent_PF1,638.53869999999995,0.59205489131675215,378.04996063004018,124.43872304545971,0.19488047168552153,True,0,47.789818091913567,0,142.11434722842813,47.789818091913567,142.11434722842813,True,True,1.0000000000000001e-09,True,False,11,Central_Coast|Hunter_Valley_exc_Newcastle|Newcastle_and_Lake_Macquarie|Sydney_City_and_Inner_South|Sydney_Eastern_Suburbs|Sydney_Inner_West|Sydney_North_Sydney_and_Hornsby|Sydney_Northern_Beaches|Sydney_Parramatta|Sydney_Ryde|Sydney_Sutherland
au,Sydney_Inner_South_West,GNN,456,10,300,1,MVA_equivalent_PF1,638.53869999999995,0.59205489131675215,378.04996063004018,124.43872304545971,0.19488047168552153,True,1.2350068991889582,158.17859253561519,5.9500000000000455,342.11434722842813,156.94358563642623,336.16434722842808,True,True,1.5417500000000007e-07,False,False,11,Central_Coast|Hunter_Valley_exc_Newcastle|Newcastle_and_Lake_Macquarie|Sydney_City_and_Inner_South|Sydney_Eastern_Suburbs|Sydney_Inner_West|Sydney_North_Sydney_and_Hornsby|Sydney_Northern_Beaches|Sydney_Parramatta|Sydney_Ryde|Sydney_Sutherland
au,Sydney_Inner_South_West,GNN,456,10,500,1,MVA_equivalent_PF1,638.53869999999995,0.59205489131675215,378.04996063004018,124.43872304545971,0.19488047168552153,True,7.8313846709746082,300.94988287606725,0,198.51179080000935,293.11849820509264,198.51179080000935,True,True,3.5417500000000009e-07,True,False,11,Central_Coast|Hunter_Valley_exc_Newcastle|Newcastle_and_Lake_Macquarie|Sydney_City_and_Inner_South|Sydney_Eastern_Suburbs|Sydney_Inner_West|Sydney_North_Sydney_and_Hornsby|Sydney_Northern_Beaches|Sydney_Parramatta|Sydney_Ryde|Sydney_Sutherland
au,Sydney_Inner_South_West,GNN,456,20,100,0.5,MVA_equivalent_PF1,638.53869999999995,0.10840174576428264,69.218709818055544,0.44471104738511258,0.00069645120551833841,True,0,0,0,0,0,0,True,True,1.0000000000000001e-09,True,True,11,Central_Coast|Hunter_Valley_exc_Newcastle|Newcastle_and_Lake_Macquarie|Sydney_City_and_Inner_South|Sydney_Eastern_Suburbs|Sydney_Inner_West|Sydney_North_Sydney_and_Hornsby|Sydney_Northern_Beaches|Sydney_Parramatta|Sydney_Ryde|Sydney_Sutherland
au,Sydney_Inner_South_West,GNN,456,20,300,0.5,MVA_equivalent_PF1,638.53869999999995,0.10840174576428264,69.218709818055544,0.44471104738511258,0.00069645120551833841,True,0,0,0,0,0,0,True,True,1.0000000000000001e-09,True,True,11,Central_Coast|Hunter_Valley_exc_Newcastle|Newcastle_and_Lake_Macquarie|Sydney_City_and_Inner_South|Sydney_Eastern_Suburbs|Sydney_Inner_West|Sydney_North_Sydney_and_Hornsby|Sydney_Northern_Beaches|Sydney_Parramatta|Sydney_Ryde|Sydney_Sutherland
au,Sydney_Inner_South_West,GNN,456,20,500,0.5,MVA_equivalent_PF1,638.53869999999995,0.10840174576428264,69.218709818055544,0.44471104738511258,0.00069645120551833841,True,0,0,0,0,0,0,True,True,1.0000000000000001e-09,True,True,11,Central_Coast|Hunter_Valley_exc_Newcastle|Newcastle_and_Lake_Macquarie|Sydney_City_and_Inner_South|Sydney_Eastern_Suburbs|Sydney_Inner_West|Sydney_North_Sydney_and_Hornsby|Sydney_Northern_Beaches|Sydney_Parramatta|Sydney_Ryde|Sydney_Sutherland
au,Sydney_Inner_South_West,GNN,456,20,100,0.80000000000000004,MVA_equivalent_PF1,638.53869999999995,0.27461631380204293,175.35314401394854,0.44471104738511258,0.00069645120551833841,True,0,0,0,0,0,0,True,True,1.0000000000000001e-09,True,True,11,Central_Coast|Hunter_Valley_exc_Newcastle|Newcastle_and_Lake_Macquarie|Sydney_City_and_Inner_South|Sydney_Eastern_Suburbs|Sydney_Inner_West|Sydney_North_Sydney_and_Hornsby|Sydney_Northern_Beaches|Sydney_Parramatta|Sydney_Ryde|Sydney_Sutherland
au,Sydney_Inner_South_West,GNN,456,20,300,0.80000000000000004,MVA_equivalent_PF1,638.53869999999995,0.27461631380204293,175.35314401394854,0.44471104738511258,0.00069645120551833841,True,0,0,0,0,0,0,True,True,1.0000000000000001e-09,True,True,11,Central_Coast|Hunter_Valley_exc_Newcastle|Newcastle_and_Lake_Macquarie|Sydney_City_and_Inner_South|Sydney_Eastern_Suburbs|Sydney_Inner_West|Sydney_North_Sydney_and_Hornsby|Sydney_Northern_Beaches|Sydney_Parramatta|Sydney_Ryde|Sydney_Sutherland
au,Sydney_Inner_South_West,GNN,456,20,500,0.80000000000000004,MVA_equivalent_PF1,638.53869999999995,0.27461631380204293,175.35314401394854,0.44471104738511258,0.00069645120551833841,True,0,41.627012949185357,0,41.628144013948258,41.627012949185357,41.628144013948258,True,True,1.0000000000000001e-09,True,False,11,Central_Coast|Hunter_Valley_exc_Newcastle|Newcastle_and_Lake_Macquarie|Sydney_City_and_Inner_South|Sydney_Eastern_Suburbs|Sydney_Inner_West|Sydney_North_Sydney_and_Hornsby|Sydney_Northern_Beaches|Sydney_Parramatta|Sydney_Ryde|Sydney_Sutherland
au,Sydney_Inner_South_West,GNN,456,20,100,0.90000000000000002,MVA_equivalent_PF1,638.53869999999995,0.55350404524109131,353.43375349298759,0.44471104738511258,0.00069645120551833841,True,0,0,0,0,0,0,True,True,1.0000000000000001e-09,True,True,11,Central_Coast|Hunter_Valley_exc_Newcastle|Newcastle_and_Lake_Macquarie|Sydney_City_and_Inner_South|Sydney_Eastern_Suburbs|Sydney_Inner_West|Sydney_North_Sydney_and_Hornsby|Sydney_Northern_Beaches|Sydney_Parramatta|Sydney_Ryde|Sydney_Sutherland
au,Sydney_Inner_South_West,GNN,456,20,300,0.90000000000000002,MVA_equivalent_PF1,638.53869999999995,0.55350404524109131,353.43375349298759,0.44471104738511258,0.00069645120551833841,True,0,19.707622428224497,0,19.708753492987398,19.707622428224497,19.708753492987398,True,True,1.0000000000000001e-09,True,False,11,Central_Coast|Hunter_Valley_exc_Newcastle|Newcastle_and_Lake_Macquarie|Sydney_City_and_Inner_South|Sydney_Eastern_Suburbs|Sydney_Inner_West|Sydney_North_Sydney_and_Hornsby|Sydney_Northern_Beaches|Sydney_Parramatta|Sydney_Ryde|Sydney_Sutherland
au,Sydney_Inner_South_West,GNN,456,20,500,0.90000000000000002,MVA_equivalent_PF1,638.53869999999995,0.55350404524109131,353.43375349298759,0.44471104738511258,0.00069645120551833841,True,0,219.70762242822448,0,219.7087534929874,219.70762242822448,219.7087534929874,True,True,1.0000000000000001e-09,True,False,11,Central_Coast|Hunter_Valley_exc_Newcastle|Newcastle_and_Lake_Macquarie|Sydney_City_and_Inner_South|Sydney_Eastern_Suburbs|Sydney_Inner_West|Sydney_North_Sydney_and_Hornsby|Sydney_Northern_Beaches|Sydney_Parramatta|Sydney_Ryde|Sydney_Sutherland
au,Sydney_Inner_South_West,GNN,456,20,100,1,MVA_equivalent_PF1,638.53869999999995,0.76965969573667559,491.4575015580923,0.44471104738511258,0.00069645120551833841,True,0,0,0,0,0,0,True,True,1.0000000000000001e-09,True,True,11,Central_Coast|Hunter_Valley_exc_Newcastle|Newcastle_and_Lake_Macquarie|Sydney_City_and_Inner_South|Sydney_Eastern_Suburbs|Sydney_Inner_West|Sydney_North_Sydney_and_Hornsby|Sydney_Northern_Beaches|Sydney_Parramatta|Sydney_Ryde|Sydney_Sutherland
au,Sydney_Inner_South_West,GNN,456,20,300,1,MVA_equivalent_PF1,638.53869999999995,0.76965969573667559,491.4575015580923,0.44471104738511258,0.00069645120551833841,True,0,157.73137049332936,0,157.73250155809228,157.73137049332936,157.73250155809228,True,True,1.0000000000000001e-09,True,False,11,Central_Coast|Hunter_Valley_exc_Newcastle|Newcastle_and_Lake_Macquarie|Sydney_City_and_Inner_South|Sydney_Eastern_Suburbs|Sydney_Inner_West|Sydney_North_Sydney_and_Hornsby|Sydney_Northern_Beaches|Sydney_Parramatta|Sydney_Ryde|Sydney_Sutherland
au,Sydney_Inner_South_West,GNN,456,20,500,1,MVA_equivalent_PF1,638.53869999999995,0.76965969573667559,491.4575015580923,0.44471104738511258,0.00069645120551833841,True,0,357.73137049332922,0,357.73250155809211,357.73137049332922,357.73250155809211,True,True,1.0000000000000001e-09,True,False,11,Central_Coast|Hunter_Valley_exc_Newcastle|Newcastle_and_Lake_Macquarie|Sydney_City_and_Inner_South|Sydney_Eastern_Suburbs|Sydney_Inner_West|Sydney_North_Sydney_and_Hornsby|Sydney_Northern_Beaches|Sydney_Parramatta|Sydney_Ryde|Sydney_Sutherland
au,Sydney_Inner_West,Uni,,10,100,0.5,MVA_equivalent_PF1,285.05129999999997,0.20300331127285881,57.866357782633052,20.841791605618937,0.073115932485201568,True,0,0,0,0,0,0,True,True,1.0000000000000001e-09,True,True,11,Central_Coast|Hunter_Valley_exc_Newcastle|Newcastle_and_Lake_Macquarie|Sydney_City_and_Inner_South|Sydney_Eastern_Suburbs|Sydney_Inner_South_West|Sydney_North_Sydney_and_Hornsby|Sydney_Northern_Beaches|Sydney_Parramatta|Sydney_Ryde|Sydney_Sutherland
au,Sydney_Inner_West,Uni,,10,300,0.5,MVA_equivalent_PF1,285.05129999999997,0.20300331127285881,57.866357782633052,20.841791605618937,0.073115932485201568,True,0.38234670686815864,1.967456164609523,0,0,1.5851094577413645,0,True,True,1.344999999999999e-08,True,True,11,Central_Coast|Hunter_Valley_exc_Newcastle|Newcastle_and_Lake_Macquarie|Sydney_City_and_Inner_South|Sydney_Eastern_Suburbs|Sydney_Inner_South_West|Sydney_North_Sydney_and_Hornsby|Sydney_Northern_Beaches|Sydney_Parramatta|Sydney_Ryde|Sydney_Sutherland
au,Sydney_Inner_West,Uni,,10,500,0.5,MVA_equivalent_PF1,285.05129999999997,0.20300331127285881,57.866357782633052,20.841791605618937,0.073115932485201568,True,2.0476224131643606,57.866357782633031,0,61.111756534016124,55.818735369468669,61.111756534016124,True,True,2.1345e-07,True,False,11,Central_Coast|Hunter_Valley_exc_Newcastle|Newcastle_and_Lake_Macquarie|Sydney_City_and_Inner_South|Sydney_Eastern_Suburbs|Sydney_Inner_South_West|Sydney_North_Sydney_and_Hornsby|Sydney_Northern_Beaches|Sydney_Parramatta|Sydney_Ryde|Sydney_Sutherland
au,Sydney_Inner_West,Uni,,10,100,0.80000000000000004,MVA_equivalent_PF1,285.05129999999997,0.29362914917335647,83.699370689759178,20.841791605618937,0.073115932485201568,True,0,0,0,0,0,0,True,True,1.0000000000000001e-09,True,True,11,Central_Coast|Hunter_Valley_exc_Newcastle|Newcastle_and_Lake_Macquarie|Sydney_City_and_Inner_South|Sydney_Eastern_Suburbs|Sydney_Inner_South_West|Sydney_North_Sydney_and_Hornsby|Sydney_Northern_Beaches|Sydney_Parramatta|Sydney_Ryde|Sydney_Sutherland
au,Sydney_Inner_West,Uni,,10,300,0.80000000000000004,MVA_equivalent_PF1,285.05129999999997,0.29362914917335647,83.699370689759178,20.841791605618937,0.073115932485201568,True,0.38234670686815864,2.8457786034518127,0,0,2.4634318965836539,0,True,True,1.344999999999999e-08,True,True,11,Central_Coast|Hunter_Valley_exc_Newcastle|Newcastle_and_Lake_Macquarie|Sydney_City_and_Inner_South|Sydney_Eastern_Suburbs|Sydney_Inner_South_West|Sydney_North_Sydney_and_Hornsby|Sydney_Northern_Beaches|Sydney_Parramatta|Sydney_Ryde|Sydney_Sutherland
au,Sydney_Inner_West,Uni,,10,500,0.80000000000000004,MVA_equivalent_PF1,285.05129999999997,0.29362914917335647,83.699370689759178,20.841791605618937,0.073115932485201568,True,2.0476224131643606,83.699370689759149,0,86.944769441142284,81.651748276594788,86.944769441142284,True,True,2.1345e-07,True,False,11,Central_Coast|Hunter_Valley_exc_Newcastle|Newcastle_and_Lake_Macquarie|Sydney_City_and_Inner_South|Sydney_Eastern_Suburbs|Sydney_Inner_South_West|Sydney_North_Sydney_and_Hornsby|Sydney_Northern_Beaches|Sydney_Parramatta|Sydney_Ryde|Sydney_Sutherland
au,Sydney_Inner_West,Uni,,10,100,0.90000000000000002,MVA_equivalent_PF1,285.05129999999997,0.32825135197067157,93.56847460599748,20.841791605618937,0.073115932485201568,True,0,0,0,0,0,0,True,True,1.0000000000000001e-09,True,True,11,Central_Coast|Hunter_Valley_exc_Newcastle|Newcastle_and_Lake_Macquarie|Sydney_City_and_Inner_South|Sydney_Eastern_Suburbs|Sydney_Inner_South_West|Sydney_North_Sydney_and_Hornsby|Sydney_Northern_Beaches|Sydney_Parramatta|Sydney_Ryde|Sydney_Sutherland
au,Sydney_Inner_West,Uni,,10,300,0.90000000000000002,MVA_equivalent_PF1,285.05129999999997,0.32825135197067157,93.56847460599748,20.841791605618937,0.073115932485201568,True,0.38234670686815864,3.181328136603915,0,0,2.7989814297357563,0,True,True,1.344999999999999e-08,True,True,11,Central_Coast|Hunter_Valley_exc_Newcastle|Newcastle_and_Lake_Macquarie|Sydney_City_and_Inner_South|Sydney_Eastern_Suburbs|Sydney_Inner_South_West|Sydney_North_Sydney_and_Hornsby|Sydney_Northern_Beaches|Sydney_Parramatta|Sydney_Ryde|Sydney_Sutherland
au,Sydney_Inner_West,Uni,,10,500,0.90000000000000002,MVA_equivalent_PF1,285.05129999999997,0.32825135197067157,93.56847460599748,20.841791605618937,0.073115932485201568,True,2.0476224131643606,93.568474605997409,0,96.813873357380615,91.520852192833047,96.813873357380615,True,True,2.1345e-07,True,False,11,Central_Coast|Hunter_Valley_exc_Newcastle|Newcastle_and_Lake_Macquarie|Sydney_City_and_Inner_South|Sydney_Eastern_Suburbs|Sydney_Inner_South_West|Sydney_North_Sydney_and_Hornsby|Sydney_Northern_Beaches|Sydney_Parramatta|Sydney_Ryde|Sydney_Sutherland
au,Sydney_Inner_West,Uni,,10,100,1,MVA_equivalent_PF1,285.05129999999997,0.44609524922203769,127.16003071456582,20.841791605618937,0.073115932485201568,True,0,0,0,0,0,0,True,True,1.0000000000000001e-09,True,True,11,Central_Coast|Hunter_Valley_exc_Newcastle|Newcastle_and_Lake_Macquarie|Sydney_City_and_Inner_South|Sydney_Eastern_Suburbs|Sydney_Inner_South_West|Sydney_North_Sydney_and_Hornsby|Sydney_Northern_Beaches|Sydney_Parramatta|Sydney_Ryde|Sydney_Sutherland
au,Sydney_Inner_West,Uni,,10,300,1,MVA_equivalent_PF1,285.05129999999997,0.44609524922203769,127.16003071456582,20.841791605618937,0.073115932485201568,True,0.38234670686815864,4.3234410442952385,0,0,3.9410943374270797,0,True,True,1.344999999999999e-08,True,True,11,Central_Coast|Hunter_Valley_exc_Newcastle|Newcastle_and_Lake_Macquarie|Sydney_City_and_Inner_South|Sydney_Eastern_Suburbs|Sydney_Inner_South_West|Sydney_North_Sydney_and_Hornsby|Sydney_Northern_Beaches|Sydney_Parramatta|Sydney_Ryde|Sydney_Sutherland
au,Sydney_Inner_West,Uni,,10,500,1,MVA_equivalent_PF1,285.05129999999997,0.44609524922203769,127.16003071456582,20.841791605618937,0.073115932485201568,True,2.0476224131643606,127.16003071456585,0,130.40542946594894,125.11240830140149,130.40542946594894,True,True,2.1345e-07,True,False,11,Central_Coast|Hunter_Valley_exc_Newcastle|Newcastle_and_Lake_Macquarie|Sydney_City_and_Inner_South|Sydney_Eastern_Suburbs|Sydney_Inner_South_West|Sydney_North_Sydney_and_Hornsby|Sydney_Northern_Beaches|Sydney_Parramatta|Sydney_Ryde|Sydney_Sutherland
au,Sydney_Inner_West,Uni,,20,100,0.5,MVA_equivalent_PF1,285.05129999999997,0.1178905508771788,33.604854785255952,5.6843418860808009e-14,1.994146978484505e-16,True,0,0,0,0,0,0,True,True,1.0000000000000001e-09,True,True,11,Central_Coast|Hunter_Valley_exc_Newcastle|Newcastle_and_Lake_Macquarie|Sydney_City_and_Inner_South|Sydney_Eastern_Suburbs|Sydney_Inner_South_West|Sydney_North_Sydney_and_Hornsby|Sydney_Northern_Beaches|Sydney_Parramatta|Sydney_Ryde|Sydney_Sutherland
au,Sydney_Inner_West,Uni,,20,300,0.5,MVA_equivalent_PF1,285.05129999999997,0.1178905508771788,33.604854785255952,5.6843418860808009e-14,1.994146978484505e-16,True,0,0,0,0,0,0,True,True,1.0000000000000001e-09,True,True,11,Central_Coast|Hunter_Valley_exc_Newcastle|Newcastle_and_Lake_Macquarie|Sydney_City_and_Inner_South|Sydney_Eastern_Suburbs|Sydney_Inner_South_West|Sydney_North_Sydney_and_Hornsby|Sydney_Northern_Beaches|Sydney_Parramatta|Sydney_Ryde|Sydney_Sutherland
au,Sydney_Inner_West,Uni,,20,500,0.5,MVA_equivalent_PF1,285.05129999999997,0.1178905508771788,33.604854785255952,5.6843418860808009e-14,1.994146978484505e-16,True,1.1368683772161603e-13,33.604854785255839,0,54.454854785255861,33.604854785255725,54.454854785255861,True,True,2.0849999999999909e-08,True,False,11,Central_Coast|Hunter_Valley_exc_Newcastle|Newcastle_and_Lake_Macquarie|Sydney_City_and_Inner_South|Sydney_Eastern_Suburbs|Sydney_Inner_South_West|Sydney_North_Sydney_and_Hornsby|Sydney_Northern_Beaches|Sydney_Parramatta|Sydney_Ryde|Sydney_Sutherland
au,Sydney_Inner_West,Uni,,20,100,0.80000000000000004,MVA_equivalent_PF1,285.05129999999997,0.20166758968246928,57.485608606854449,5.6843418860808009e-14,1.994146978484505e-16,True,0,0,0,0,0,0,True,True,1.0000000000000001e-09,True,True,11,Central_Coast|Hunter_Valley_exc_Newcastle|Newcastle_and_Lake_Macquarie|Sydney_City_and_Inner_South|Sydney_Eastern_Suburbs|Sydney_Inner_South_West|Sydney_North_Sydney_and_Hornsby|Sydney_Northern_Beaches|Sydney_Parramatta|Sydney_Ryde|Sydney_Sutherland
au,Sydney_Inner_West,Uni,,20,300,0.80000000000000004,MVA_equivalent_PF1,285.05129999999997,0.20166758968246928,57.485608606854449,5.6843418860808009e-14,1.994146978484505e-16,True,0,0,0,0,0,0,True,True,1.0000000000000001e-09,True,True,11,Central_Coast|Hunter_Valley_exc_Newcastle|Newcastle_and_Lake_Macquarie|Sydney_City_and_Inner_South|Sydney_Eastern_Suburbs|Sydney_Inner_South_West|Sydney_North_Sydney_and_Hornsby|Sydney_Northern_Beaches|Sydney_Parramatta|Sydney_Ryde|Sydney_Sutherland
au,Sydney_Inner_West,Uni,,20,500,0.80000000000000004,MVA_equivalent_PF1,285.05129999999997,0.20166758968246928,57.485608606854449,5.6843418860808009e-14,1.994146978484505e-16,True,1.1368683772161603e-13,57.485608606854377,0,78.335608606854379,57.485608606854264,78.335608606854379,True,True,2.0849999999999909e-08,True,False,11,Central_Coast|Hunter_Valley_exc_Newcastle|Newcastle_and_Lake_Macquarie|Sydney_City_and_Inner_South|Sydney_Eastern_Suburbs|Sydney_Inner_South_West|Sydney_North_Sydney_and_Hornsby|Sydney_Northern_Beaches|Sydney_Parramatta|Sydney_Ryde|Sydney_Sutherland
au,Sydney_Inner_West,Uni,,20,100,0.90000000000000002,MVA_equivalent_PF1,285.05129999999997,0.2529809421544294,72.1125464363449,5.6843418860808009e-14,1.994146978484505e-16,True,0,0,0,0,0,0,True,True,1.0000000000000001e-09,True,True,11,Central_Coast|Hunter_Valley_exc_Newcastle|Newcastle_and_Lake_Macquarie|Sydney_City_and_Inner_South|Sydney_Eastern_Suburbs|Sydney_Inner_South_West|Sydney_North_Sydney_and_Hornsby|Sydney_Northern_Beaches|Sydney_Parramatta|Sydney_Ryde|Sydney_Sutherland
au,Sydney_Inner_West,Uni,,20,300,0.90000000000000002,MVA_equivalent_PF1,285.05129999999997,0.2529809421544294,72.1125464363449,5.6843418860808009e-14,1.994146978484505e-16,True,0,0,0,0,0,0,True,True,1.0000000000000001e-09,True,True,11,Central_Coast|Hunter_Valley_exc_Newcastle|Newcastle_and_Lake_Macquarie|Sydney_City_and_Inner_South|Sydney_Eastern_Suburbs|Sydney_Inner_South_West|Sydney_North_Sydney_and_Hornsby|Sydney_Northern_Beaches|Sydney_Parramatta|Sydney_Ryde|Sydney_Sutherland
au,Sydney_Inner_West,Uni,,20,500,0.90000000000000002,MVA_equivalent_PF1,285.05129999999997,0.2529809421544294,72.1125464363449,5.6843418860808009e-14,1.994146978484505e-16,True,1.1368683772161603e-13,72.112546436344815,0,92.962546436344837,72.112546436344701,92.962546436344837,True,True,2.0849999999999909e-08,True,False,11,Central_Coast|Hunter_Valley_exc_Newcastle|Newcastle_and_Lake_Macquarie|Sydney_City_and_Inner_South|Sydney_Eastern_Suburbs|Sydney_Inner_South_West|Sydney_North_Sydney_and_Hornsby|Sydney_Northern_Beaches|Sydney_Parramatta|Sydney_Ryde|Sydney_Sutherland
au,Sydney_Inner_West,Uni,,20,100,1,MVA_equivalent_PF1,285.05129999999997,0.56636303530589271,161.44251948589059,5.6843418860808009e-14,1.994146978484505e-16,True,0,0,0,0,0,0,True,True,1.0000000000000001e-09,True,True,11,Central_Coast|Hunter_Valley_exc_Newcastle|Newcastle_and_Lake_Macquarie|Sydney_City_and_Inner_South|Sydney_Eastern_Suburbs|Sydney_Inner_South_West|Sydney_North_Sydney_and_Hornsby|Sydney_Northern_Beaches|Sydney_Parramatta|Sydney_Ryde|Sydney_Sutherland
au,Sydney_Inner_West,Uni,,20,300,1,MVA_equivalent_PF1,285.05129999999997,0.56636303530589271,161.44251948589059,5.6843418860808009e-14,1.994146978484505e-16,True,0,0,0,0,0,0,True,True,1.0000000000000001e-09,True,True,11,Central_Coast|Hunter_Valley_exc_Newcastle|Newcastle_and_Lake_Macquarie|Sydney_City_and_Inner_South|Sydney_Eastern_Suburbs|Sydney_Inner_South_West|Sydney_North_Sydney_and_Hornsby|Sydney_Northern_Beaches|Sydney_Parramatta|Sydney_Ryde|Sydney_Sutherland
au,Sydney_Inner_West,Uni,,20,500,1,MVA_equivalent_PF1,285.05129999999997,0.56636303530589271,161.44251948589059,5.6843418860808009e-14,1.994146978484505e-16,True,1.1368683772161603e-13,161.44251948589053,0,182.29251948589067,161.44251948589041,182.29251948589067,True,True,2.0849999999999909e-08,True,False,11,Central_Coast|Hunter_Valley_exc_Newcastle|Newcastle_and_Lake_Macquarie|Sydney_City_and_Inner_South|Sydney_Eastern_Suburbs|Sydney_Inner_South_West|Sydney_North_Sydney_and_Hornsby|Sydney_Northern_Beaches|Sydney_Parramatta|Sydney_Ryde|Sydney_Sutherland
au,Sydney_Inner_West,LU,,10,100,0.5,MVA_equivalent_PF1,285.05129999999997,0.21126955436754324,60.222661122888873,21.811027955102816,0.076516149742529918,True,0,0,0,0,0,0,True,True,1.0000000000000001e-09,True,True,11,Central_Coast|Hunter_Valley_exc_Newcastle|Newcastle_and_Lake_Macquarie|Sydney_City_and_Inner_South|Sydney_Eastern_Suburbs|Sydney_Inner_South_West|Sydney_North_Sydney_and_Hornsby|Sydney_Northern_Beaches|Sydney_Parramatta|Sydney_Ryde|Sydney_Sutherland
au,Sydney_Inner_West,LU,,10,300,0.5,MVA_equivalent_PF1,285.05129999999997,0.21126955436754324,60.222661122888873,21.811027955102816,0.076516149742529918,True,0.41824981700802927,2.0475704781782222,0,0,1.6293206611701929,0,True,True,1.344999999999999e-08,True,True,11,Central_Coast|Hunter_Valley_exc_Newcastle|Newcastle_and_Lake_Macquarie|Sydney_City_and_Inner_South|Sydney_Eastern_Suburbs|Sydney_Inner_South_West|Sydney_North_Sydney_and_Hornsby|Sydney_Northern_Beaches|Sydney_Parramatta|Sydney_Ryde|Sydney_Sutherland
au,Sydney_Inner_West,LU,,10,500,0.5,MVA_equivalent_PF1,285.05129999999997,0.21126955436754324,60.222661122888873,21.811027955102816,0.076516149742529918,True,2.0573365044988523,60.222661122888894,0,63.352810421517539,58.165324618390045,63.352810421517539,True,True,2.1345e-07,True,False,11,Central_Coast|Hunter_Valley_exc_Newcastle|Newcastle_and_Lake_Macquarie|Sydney_City_and_Inner_South|Sydney_Eastern_Suburbs|Sydney_Inner_South_West|Sydney_North_Sydney_and_Hornsby|Sydney_Northern_Beaches|Sydney_Parramatta|Sydney_Ryde|Sydney_Sutherland
au,Sydney_Inner_West,LU,,10,100,0.80000000000000004,MVA_equivalent_PF1,285.05129999999997,0.27652582273620779,78.824045254525586,21.811027955102816,0.076516149742529918,True,0,0,0,0,0,0,True,True,1.0000000000000001e-09,True,True,11,Central_Coast|Hunter_Valley_exc_Newcastle|Newcastle_and_Lake_Macquarie|Sydney_City_and_Inner_South|Sydney_Eastern_Suburbs|Sydney_Inner_South_West|Sydney_North_Sydney_and_Hornsby|Sydney_Northern_Beaches|Sydney_Parramatta|Sydney_Ryde|Sydney_Sutherland
au,Sydney_Inner_West,LU,,10,300,0.80000000000000004,MVA_equivalent_PF1,285.05129999999997,0.27652582273620779,78.824045254525586,21.811027955102816,0.076516149742529918,True,0.41824981700802927,2.6800175386538694,0,0,2.2617677216458403,0,True,True,1.344999999999999e-08,True,True,11,Central_Coast|Hunter_Valley_exc_Newcastle|Newcastle_and_Lake_Macquarie|Sydney_City_and_Inner_South|Sydney_Eastern_Suburbs|Sydney_Inner_South_West|Sydney_North_Sydney_and_Hornsby|Sydney_Northern_Beaches|Sydney_Parramatta|Sydney_Ryde|Sydney_Sutherland
au,Sydney_Inner_West,LU,,10,500,0.80000000000000004,MVA_equivalent_PF1,285.05129999999997,0.27652582273620779,78.824045254525586,21.811027955102816,0.076516149742529918,True,2.0573365044988523,78.824045254525586,0,81.954194553154196,76.766708750026737,81.954194553154196,True,True,2.1345e-07,True,False,11,Central_Coast|Hunter_Valley_exc_Newcastle|Newcastle_and_Lake_Macquarie|Sydney_City_and_Inner_South|Sydney_Eastern_Suburbs|Sydney_Inner_South_West|Sydney_North_Sydney_and_Hornsby|Sydney_Northern_Beaches|Sydney_Parramatta|Sydney_Ryde|Sydney_Sutherland
au,Sydney_Inner_West,LU,,10,100,0.90000000000000002,MVA_equivalent_PF1,285.05129999999997,0.29934727037426312,85.329328571635173,21.811027955102816,0.076516149742529918,True,0,0,0,0,0,0,True,True,1.0000000000000001e-09,True,True,11,Central_Coast|Hunter_Valley_exc_Newcastle|Newcastle_and_Lake_Macquarie|Sydney_City_and_Inner_South|Sydney_Eastern_Suburbs|Sydney_Inner_South_West|Sydney_North_Sydney_and_Hornsby|Sydney_Northern_Beaches|Sydney_Parramatta|Sydney_Ryde|Sydney_Sutherland
au,Sydney_Inner_West,LU,,10,300,0.90000000000000002,MVA_equivalent_PF1,285.05129999999997,0.29934727037426312,85.329328571635173,21.811027955102816,0.076516149742529918,True,0.41824981700802927,2.9011971714355962,0,0,2.4829473544275671,0,True,True,1.344999999999999e-08,True,True,11,Central_Coast|Hunter_Valley_exc_Newcastle|Newcastle_and_Lake_Macquarie|Sydney_City_and_Inner_South|Sydney_Eastern_Suburbs|Sydney_Inner_South_West|Sydney_North_Sydney_and_Hornsby|Sydney_Northern_Beaches|Sydney_Parramatta|Sydney_Ryde|Sydney_Sutherland
au,Sydney_Inner_West,LU,,10,500,0.90000000000000002,MVA_equivalent_PF1,285.05129999999997,0.29934727037426312,85.329328571635173,21.811027955102816,0.076516149742529918,True,2.0573365044988523,85.329328571635187,0,88.459477870263839,83.271992067136338,88.459477870263839,True,True,2.1345e-07,True,False,11,Central_Coast|Hunter_Valley_exc_Newcastle|Newcastle_and_Lake_Macquarie|Sydney_City_and_Inner_South|Sydney_Eastern_Suburbs|Sydney_Inner_South_West|Sydney_North_Sydney_and_Hornsby|Sydney_Northern_Beaches|Sydney_Parramatta|Sydney_Ryde|Sydney_Sutherland
au,Sydney_Inner_West,LU,,10,100,1,MVA_equivalent_PF1,285.05129999999997,0.49347582631342024,140.66592580921463,21.811027955102816,0.076516149742529918,True,0,0,0,0,0,0,True,True,1.0000000000000001e-09,True,True,11,Central_Coast|Hunter_Valley_exc_Newcastle|Newcastle_and_Lake_Macquarie|Sydney_City_and_Inner_South|Sydney_Eastern_Suburbs|Sydney_Inner_South_West|Sydney_North_Sydney_and_Hornsby|Sydney_Northern_Beaches|Sydney_Parramatta|Sydney_Ryde|Sydney_Sutherland
au,Sydney_Inner_West,LU,,10,300,1,MVA_equivalent_PF1,285.05129999999997,0.49347582631342024,140.66592580921463,21.811027955102816,0.076516149742529918,True,0.41824981700802927,4.7826414775132973,0,0,4.3643916605052677,0,True,True,1.344999999999999e-08,True,True,11,Central_Coast|Hunter_Valley_exc_Newcastle|Newcastle_and_Lake_Macquarie|Sydney_City_and_Inner_South|Sydney_Eastern_Suburbs|Sydney_Inner_South_West|Sydney_North_Sydney_and_Hornsby|Sydney_Northern_Beaches|Sydney_Parramatta|Sydney_Ryde|Sydney_Sutherland
au,Sydney_Inner_West,LU,,10,500,1,MVA_equivalent_PF1,285.05129999999997,0.49347582631342024,140.66592580921463,21.811027955102816,0.076516149742529918,True,2.0573365044988523,140.6659258092146,0,143.79607510784328,138.60858930471574,143.79607510784328,True,True,2.1345e-07,True,False,11,Central_Coast|Hunter_Valley_exc_Newcastle|Newcastle_and_Lake_Macquarie|Sydney_City_and_Inner_South|Sydney_Eastern_Suburbs|Sydney_Inner_South_West|Sydney_North_Sydney_and_Hornsby|Sydney_Northern_Beaches|Sydney_Parramatta|Sydney_Ryde|Sydney_Sutherland
au,Sydney_Inner_West,LU,,20,100,0.5,MVA_equivalent_PF1,285.05129999999997,0.12446764645748185,35.479664430645592,0,0,True,0,0,0,0,0,0,True,True,1.0000000000000001e-09,True,True,11,Central_Coast|Hunter_Valley_exc_Newcastle|Newcastle_and_Lake_Macquarie|Sydney_City_and_Inner_South|Sydney_Eastern_Suburbs|Sydney_Inner_South_West|Sydney_North_Sydney_and_Hornsby|Sydney_Northern_Beaches|Sydney_Parramatta|Sydney_Ryde|Sydney_Sutherland
au,Sydney_Inner_West,LU,,20,300,0.5,MVA_equivalent_PF1,285.05129999999997,0.12446764645748185,35.479664430645592,0,0,True,0,0,0,0,0,0,True,True,1.0000000000000001e-09,True,True,11,Central_Coast|Hunter_Valley_exc_Newcastle|Newcastle_and_Lake_Macquarie|Sydney_City_and_Inner_South|Sydney_Eastern_Suburbs|Sydney_Inner_South_West|Sydney_North_Sydney_and_Hornsby|Sydney_Northern_Beaches|Sydney_Parramatta|Sydney_Ryde|Sydney_Sutherland
au,Sydney_Inner_West,LU,,20,500,0.5,MVA_equivalent_PF1,285.05129999999997,0.12446764645748185,35.479664430645592,0,0,True,0,35.479664430645585,0,56.329664430645494,35.479664430645585,56.329664430645494,True,True,2.0849999999999909e-08,True,False,11,Central_Coast|Hunter_Valley_exc_Newcastle|Newcastle_and_Lake_Macquarie|Sydney_City_and_Inner_South|Sydney_Eastern_Suburbs|Sydney_Inner_South_West|Sydney_North_Sydney_and_Hornsby|Sydney_Northern_Beaches|Sydney_Parramatta|Sydney_Ryde|Sydney_Sutherland
au,Sydney_Inner_West,LU,,20,100,0.80000000000000004,MVA_equivalent_PF1,285.05129999999997,0.19620928093451631,55.929710602449084,0,0,True,0,0,0,0,0,0,True,True,1.0000000000000001e-09,True,True,11,Central_Coast|Hunter_Valley_exc_Newcastle|Newcastle_and_Lake_Macquarie|Sydney_City_and_Inner_South|Sydney_Eastern_Suburbs|Sydney_Inner_South_West|Sydney_North_Sydney_and_Hornsby|Sydney_Northern_Beaches|Sydney_Parramatta|Sydney_Ryde|Sydney_Sutherland
au,Sydney_Inner_West,LU,,20,300,0.80000000000000004,MVA_equivalent_PF1,285.05129999999997,0.19620928093451631,55.929710602449084,0,0,True,0,0,0,0,0,0,True,True,1.0000000000000001e-09,True,True,11,Central_Coast|Hunter_Valley_exc_Newcastle|Newcastle_and_Lake_Macquarie|Sydney_City_and_Inner_South|Sydney_Eastern_Suburbs|Sydney_Inner_South_West|Sydney_North_Sydney_and_Hornsby|Sydney_Northern_Beaches|Sydney_Parramatta|Sydney_Ryde|Sydney_Sutherland
au,Sydney_Inner_West,LU,,20,500,0.80000000000000004,MVA_equivalent_PF1,285.05129999999997,0.19620928093451631,55.929710602449084,0,0,True,0,55.929710602449063,0,76.779710602449001,55.929710602449063,76.779710602449001,True,True,2.0849999999999909e-08,True,False,11,Central_Coast|Hunter_Valley_exc_Newcastle|Newcastle_and_Lake_Macquarie|Sydney_City_and_Inner_South|Sydney_Eastern_Suburbs|Sydney_Inner_South_West|Sydney_North_Sydney_and_Hornsby|Sydney_Northern_Beaches|Sydney_Parramatta|Sydney_Ryde|Sydney_Sutherland
au,Sydney_Inner_West,LU,,20,100,0.90000000000000002,MVA_equivalent_PF1,285.05129999999997,0.27311790403589015,77.85261359870573,0,0,True,0,0,0,0,0,0,True,True,1.0000000000000001e-09,True,True,11,Central_Coast|Hunter_Valley_exc_Newcastle|Newcastle_and_Lake_Macquarie|Sydney_City_and_Inner_South|Sydney_Eastern_Suburbs|Sydney_Inner_South_West|Sydney_North_Sydney_and_Hornsby|Sydney_Northern_Beaches|Sydney_Parramatta|Sydney_Ryde|Sydney_Sutherland
au,Sydney_Inner_West,LU,,20,300,0.90000000000000002,MVA_equivalent_PF1,285.05129999999997,0.27311790403589015,77.85261359870573,0,0,True,0,0,0,0,0,0,True,True,1.0000000000000001e-09,True,True,11,Central_Coast|Hunter_Valley_exc_Newcastle|Newcastle_and_Lake_Macquarie|Sydney_City_and_Inner_South|Sydney_Eastern_Suburbs|Sydney_Inner_South_West|Sydney_North_Sydney_and_Hornsby|Sydney_Northern_Beaches|Sydney_Parramatta|Sydney_Ryde|Sydney_Sutherland
au,Sydney_Inner_West,LU,,20,500,0.90000000000000002,MVA_equivalent_PF1,285.05129999999997,0.27311790403589015,77.85261359870573,0,0,True,0,77.852613598705702,0,98.702613598705668,77.852613598705702,98.702613598705668,True,True,2.0849999999999909e-08,True,False,11,Central_Coast|Hunter_Valley_exc_Newcastle|Newcastle_and_Lake_Macquarie|Sydney_City_and_Inner_South|Sydney_Eastern_Suburbs|Sydney_Inner_South_West|Sydney_North_Sydney_and_Hornsby|Sydney_Northern_Beaches|Sydney_Parramatta|Sydney_Ryde|Sydney_Sutherland
au,Sydney_Inner_West,LU,,20,100,1,MVA_equivalent_PF1,285.05129999999997,0.49327160243123641,140.6077115261071,0,0,True,0,0,0,0,0,0,True,True,1.0000000000000001e-09,True,True,11,Central_Coast|Hunter_Valley_exc_Newcastle|Newcastle_and_Lake_Macquarie|Sydney_City_and_Inner_South|Sydney_Eastern_Suburbs|Sydney_Inner_South_West|Sydney_North_Sydney_and_Hornsby|Sydney_Northern_Beaches|Sydney_Parramatta|Sydney_Ryde|Sydney_Sutherland
au,Sydney_Inner_West,LU,,20,300,1,MVA_equivalent_PF1,285.05129999999997,0.49327160243123641,140.6077115261071,0,0,True,0,0,0,0,0,0,True,True,1.0000000000000001e-09,True,True,11,Central_Coast|Hunter_Valley_exc_Newcastle|Newcastle_and_Lake_Macquarie|Sydney_City_and_Inner_South|Sydney_Eastern_Suburbs|Sydney_Inner_South_West|Sydney_North_Sydney_and_Hornsby|Sydney_Northern_Beaches|Sydney_Parramatta|Sydney_Ryde|Sydney_Sutherland
au,Sydney_Inner_West,LU,,20,500,1,MVA_equivalent_PF1,285.05129999999997,0.49327160243123641,140.6077115261071,0,0,True,0,140.6077115261071,0,161.45771152610709,140.6077115261071,161.45771152610709,True,True,2.0849999999999909e-08,True,False,11,Central_Coast|Hunter_Valley_exc_Newcastle|Newcastle_and_Lake_Macquarie|Sydney_City_and_Inner_South|Sydney_Eastern_Suburbs|Sydney_Inner_South_West|Sydney_North_Sydney_and_Hornsby|Sydney_Northern_Beaches|Sydney_Parramatta|Sydney_Ryde|Sydney_Sutherland
au,Sydney_Inner_West,GNN,42,10,100,0.5,MVA_equivalent_PF1,285.05129999999997,0.23482502810933484,66.93717953510243,58.037675929238986,0.20360431939527723,True,0,0,0,0,0,0,True,True,1.0000000000000001e-09,True,True,11,Central_Coast|Hunter_Valley_exc_Newcastle|Newcastle_and_Lake_Macquarie|Sydney_City_and_Inner_South|Sydney_Eastern_Suburbs|Sydney_Inner_South_West|Sydney_North_Sydney_and_Hornsby|Sydney_Northern_Beaches|Sydney_Parramatta|Sydney_Ryde|Sydney_Sutherland
au,Sydney_Inner_West,GNN,42,10,300,0.5,MVA_equivalent_PF1,285.05129999999997,0.23482502810933484,66.93717953510243,58.037675929238986,0.20360431939527723,True,0.33876711527239112,2.0834248602790058,0,0,1.7446577450066147,0,True,True,1.344999999999999e-08,True,True,11,Central_Coast|Hunter_Valley_exc_Newcastle|Newcastle_and_Lake_Macquarie|Sydney_City_and_Inner_South|Sydney_Eastern_Suburbs|Sydney_Inner_South_West|Sydney_North_Sydney_and_Hornsby|Sydney_Northern_Beaches|Sydney_Parramatta|Sydney_Ryde|Sydney_Sutherland
au,Sydney_Inner_West,GNN,42,10,500,0.5,MVA_equivalent_PF1,285.05129999999997,0.23482502810933484,66.93717953510243,58.037675929238986,0.20360431939527723,True,2.7654720699995767,66.810030725852954,0,61.3521998935827,64.044558655853379,61.3521998935827,True,True,2.1345e-07,True,False,11,Central_Coast|Hunter_Valley_exc_Newcastle|Newcastle_and_Lake_Macquarie|Sydney_City_and_Inner_South|Sydney_Eastern_Suburbs|Sydney_Inner_South_West|Sydney_North_Sydney_and_Hornsby|Sydney_Northern_Beaches|Sydney_Parramatta|Sydney_Ryde|Sydney_Sutherland
au,Sydney_Inner_West,GNN,42,10,100,0.80000000000000004,MVA_equivalent_PF1,285.05129999999997,0.45237314614858387,128.94955339474382,58.037675929238986,0.20360431939527723,True,0,0,0,0,0,0,True,True,1.0000000000000001e-09,True,True,11,Central_Coast|Hunter_Valley_exc_Newcastle|Newcastle_and_Lake_Macquarie|Sydney_City_and_Inner_South|Sydney_Eastern_Suburbs|Sydney_Inner_South_West|Sydney_North_Sydney_and_Hornsby|Sydney_Northern_Beaches|Sydney_Parramatta|Sydney_Ryde|Sydney_Sutherland
au,Sydney_Inner_West,GNN,42,10,300,0.80000000000000004,MVA_equivalent_PF1,285.05129999999997,0.45237314614858387,128.94955339474382,58.037675929238986,0.20360431939527723,True,0.33876711527239112,4.1918455715068133,0,0,3.8530784562344222,0,True,True,1.344999999999999e-08,True,True,11,Central_Coast|Hunter_Valley_exc_Newcastle|Newcastle_and_Lake_Macquarie|Sydney_City_and_Inner_South|Sydney_Eastern_Suburbs|Sydney_Inner_South_West|Sydney_North_Sydney_and_Hornsby|Sydney_Northern_Beaches|Sydney_Parramatta|Sydney_Ryde|Sydney_Sutherland
au,Sydney_Inner_West,GNN,42,10,500,0.80000000000000004,MVA_equivalent_PF1,285.05129999999997,0.45237314614858387,128.94955339474382,58.037675929238986,0.20360431939527723,True,2.7654720699995767,128.8224045854943,0,123.36457375322411,126.05693251549472,123.36457375322411,True,True,2.1345e-07,True,False,11,Central_Coast|Hunter_Valley_exc_Newcastle|Newcastle_and_Lake_Macquarie|Sydney_City_and_Inner_South|Sydney_Eastern_Suburbs|Sydney_Inner_South_West|Sydney_North_Sydney_and_Hornsby|Sydney_Northern_Beaches|Sydney_Parramatta|Sydney_Ryde|Sydney_Sutherland
au,Sydney_Inner_West,GNN,42,10,100,0.90000000000000002,MVA_equivalent_PF1,285.05129999999997,0.53510168569732042,152.53143114021256,58.037675929238986,0.20360431939527723,True,0,0,0,0,0,0,True,True,1.0000000000000001e-09,True,True,11,Central_Coast|Hunter_Valley_exc_Newcastle|Newcastle_and_Lake_Macquarie|Sydney_City_and_Inner_South|Sydney_Eastern_Suburbs|Sydney_Inner_South_West|Sydney_North_Sydney_and_Hornsby|Sydney_Northern_Beaches|Sydney_Parramatta|Sydney_Ryde|Sydney_Sutherland
au,Sydney_Inner_West,GNN,42,10,300,0.90000000000000002,MVA_equivalent_PF1,285.05129999999997,0.53510168569732042,152.53143114021256,58.037675929238986,0.20360431939527723,True,0.33876711527239112,4.9936294148527507,0,0,4.6548622995803592,0,True,True,1.344999999999999e-08,True,True,11,Central_Coast|Hunter_Valley_exc_Newcastle|Newcastle_and_Lake_Macquarie|Sydney_City_and_Inner_South|Sydney_Eastern_Suburbs|Sydney_Inner_South_West|Sydney_North_Sydney_and_Hornsby|Sydney_Northern_Beaches|Sydney_Parramatta|Sydney_Ryde|Sydney_Sutherland
au,Sydney_Inner_West,GNN,42,10,500,0.90000000000000002,MVA_equivalent_PF1,285.05129999999997,0.53510168569732042,152.53143114021256,58.037675929238986,0.20360431939527723,True,2.7654720699995767,152.40428233096307,0,146.94645149869285,149.63881026096348,146.94645149869285,True,True,2.1345e-07,True,False,11,Central_Coast|Hunter_Valley_exc_Newcastle|Newcastle_and_Lake_Macquarie|Sydney_City_and_Inner_South|Sydney_Eastern_Suburbs|Sydney_Inner_South_West|Sydney_North_Sydney_and_Hornsby|Sydney_Northern_Beaches|Sydney_Parramatta|Sydney_Ryde|Sydney_Sutherland
au,Sydney_Inner_West,GNN,42,10,100,1,MVA_equivalent_PF1,285.05129999999997,0.58475619670486811,166.68551405377835,58.037675929238986,0.20360431939527723,True,0,0,0,0,0,0,True,True,1.0000000000000001e-09,True,True,11,Central_Coast|Hunter_Valley_exc_Newcastle|Newcastle_and_Lake_Macquarie|Sydney_City_and_Inner_South|Sydney_Eastern_Suburbs|Sydney_Inner_South_West|Sydney_North_Sydney_and_Hornsby|Sydney_Northern_Beaches|Sydney_Parramatta|Sydney_Ryde|Sydney_Sutherland
au,Sydney_Inner_West,GNN,42,10,300,1,MVA_equivalent_PF1,285.05129999999997,0.58475619670486811,166.68551405377835,58.037675929238986,0.20360431939527723,True,0.33876711527239112,5.4748682339139867,0,0,5.1361011186415952,0,True,True,1.344999999999999e-08,True,True,11,Central_Coast|Hunter_Valley_exc_Newcastle|Newcastle_and_Lake_Macquarie|Sydney_City_and_Inner_South|Sydney_Eastern_Suburbs|Sydney_Inner_South_West|Sydney_North_Sydney_and_Hornsby|Sydney_Northern_Beaches|Sydney_Parramatta|Sydney_Ryde|Sydney_Sutherland
au,Sydney_Inner_West,GNN,42,10,500,1,MVA_equivalent_PF1,285.05129999999997,0.58475619670486811,166.68551405377835,58.037675929238986,0.20360431939527723,True,2.7654720699995767,166.55836524452874,0,161.10053441225861,163.79289317452915,161.10053441225861,True,True,2.1345e-07,True,False,11,Central_Coast|Hunter_Valley_exc_Newcastle|Newcastle_and_Lake_Macquarie|Sydney_City_and_Inner_South|Sydney_Eastern_Suburbs|Sydney_Inner_South_West|Sydney_North_Sydney_and_Hornsby|Sydney_Northern_Beaches|Sydney_Parramatta|Sydney_Ryde|Sydney_Sutherland
au,Sydney_Inner_West,GNN,42,20,100,0.5,MVA_equivalent_PF1,285.05129999999997,0.10517103541590131,29.979140367648707,0,0,True,0,0,0,0,0,0,True,True,1.0000000000000001e-09,True,True,11,Central_Coast|Hunter_Valley_exc_Newcastle|Newcastle_and_Lake_Macquarie|Sydney_City_and_Inner_South|Sydney_Eastern_Suburbs|Sydney_Inner_South_West|Sydney_North_Sydney_and_Hornsby|Sydney_Northern_Beaches|Sydney_Parramatta|Sydney_Ryde|Sydney_Sutherland
au,Sydney_Inner_West,GNN,42,20,300,0.5,MVA_equivalent_PF1,285.05129999999997,0.10517103541590131,29.979140367648707,0,0,True,0,0,0,0,0,0,True,True,1.0000000000000001e-09,True,True,11,Central_Coast|Hunter_Valley_exc_Newcastle|Newcastle_and_Lake_Macquarie|Sydney_City_and_Inner_South|Sydney_Eastern_Suburbs|Sydney_Inner_South_West|Sydney_North_Sydney_and_Hornsby|Sydney_Northern_Beaches|Sydney_Parramatta|Sydney_Ryde|Sydney_Sutherland
au,Sydney_Inner_West,GNN,42,20,500,0.5,MVA_equivalent_PF1,285.05129999999997,0.10517103541590131,29.979140367648707,0,0,True,0,29.979140367648711,0,50.82914036764862,29.979140367648711,50.82914036764862,True,True,2.0849999999999909e-08,True,False,11,Central_Coast|Hunter_Valley_exc_Newcastle|Newcastle_and_Lake_Macquarie|Sydney_City_and_Inner_South|Sydney_Eastern_Suburbs|Sydney_Inner_South_West|Sydney_North_Sydney_and_Hornsby|Sydney_Northern_Beaches|Sydney_Parramatta|Sydney_Ryde|Sydney_Sutherland
au,Sydney_Inner_West,GNN,42,20,100,0.80000000000000004,MVA_equivalent_PF1,285.05129999999997,0.25155565525979678,71.706266554156898,0,0,True,0,0,0,0,0,0,True,True,1.0000000000000001e-09,True,True,11,Central_Coast|Hunter_Valley_exc_Newcastle|Newcastle_and_Lake_Macquarie|Sydney_City_and_Inner_South|Sydney_Eastern_Suburbs|Sydney_Inner_South_West|Sydney_North_Sydney_and_Hornsby|Sydney_Northern_Beaches|Sydney_Parramatta|Sydney_Ryde|Sydney_Sutherland
au,Sydney_Inner_West,GNN,42,20,300,0.80000000000000004,MVA_equivalent_PF1,285.05129999999997,0.25155565525979678,71.706266554156898,0,0,True,0,0,0,0,0,0,True,True,1.0000000000000001e-09,True,True,11,Central_Coast|Hunter_Valley_exc_Newcastle|Newcastle_and_Lake_Macquarie|Sydney_City_and_Inner_South|Sydney_Eastern_Suburbs|Sydney_Inner_South_West|Sydney_North_Sydney_and_Hornsby|Sydney_Northern_Beaches|Sydney_Parramatta|Sydney_Ryde|Sydney_Sutherland
au,Sydney_Inner_West,GNN,42,20,500,0.80000000000000004,MVA_equivalent_PF1,285.05129999999997,0.25155565525979678,71.706266554156898,0,0,True,0,71.706266554156954,0,92.55626655415692,71.706266554156954,92.55626655415692,True,True,2.0849999999999909e-08,True,False,11,Central_Coast|Hunter_Valley_exc_Newcastle|Newcastle_and_Lake_Macquarie|Sydney_City_and_Inner_South|Sydney_Eastern_Suburbs|Sydney_Inner_South_West|Sydney_North_Sydney_and_Hornsby|Sydney_Northern_Beaches|Sydney_Parramatta|Sydney_Ryde|Sydney_Sutherland
au,Sydney_Inner_West,GNN,42,20,100,0.90000000000000002,MVA_equivalent_PF1,285.05129999999997,0.50129439675573606,142.89461947793833,0,0,True,0,0,0,0,0,0,True,True,1.0000000000000001e-09,True,True,11,Central_Coast|Hunter_Valley_exc_Newcastle|Newcastle_and_Lake_Macquarie|Sydney_City_and_Inner_South|Sydney_Eastern_Suburbs|Sydney_Inner_South_West|Sydney_North_Sydney_and_Hornsby|Sydney_Northern_Beaches|Sydney_Parramatta|Sydney_Ryde|Sydney_Sutherland
au,Sydney_Inner_West,GNN,42,20,300,0.90000000000000002,MVA_equivalent_PF1,285.05129999999997,0.50129439675573606,142.89461947793833,0,0,True,0,0,0,0,0,0,True,True,1.0000000000000001e-09,True,True,11,Central_Coast|Hunter_Valley_exc_Newcastle|Newcastle_and_Lake_Macquarie|Sydney_City_and_Inner_South|Sydney_Eastern_Suburbs|Sydney_Inner_South_West|Sydney_North_Sydney_and_Hornsby|Sydney_Northern_Beaches|Sydney_Parramatta|Sydney_Ryde|Sydney_Sutherland
au,Sydney_Inner_West,GNN,42,20,500,0.90000000000000002,MVA_equivalent_PF1,285.05129999999997,0.50129439675573606,142.89461947793833,0,0,True,0,142.89461947793831,0,163.74461947793822,142.89461947793831,163.74461947793822,True,True,2.0849999999999909e-08,True,False,11,Central_Coast|Hunter_Valley_exc_Newcastle|Newcastle_and_Lake_Macquarie|Sydney_City_and_Inner_South|Sydney_Eastern_Suburbs|Sydney_Inner_South_West|Sydney_North_Sydney_and_Hornsby|Sydney_Northern_Beaches|Sydney_Parramatta|Sydney_Ryde|Sydney_Sutherland
au,Sydney_Inner_West,GNN,42,20,100,1,MVA_equivalent_PF1,285.05129999999997,0.52981960863964972,151.02576820822335,0,0,True,0,0,0,0,0,0,True,True,1.0000000000000001e-09,True,True,11,Central_Coast|Hunter_Valley_exc_Newcastle|Newcastle_and_Lake_Macquarie|Sydney_City_and_Inner_South|Sydney_Eastern_Suburbs|Sydney_Inner_South_West|Sydney_North_Sydney_and_Hornsby|Sydney_Northern_Beaches|Sydney_Parramatta|Sydney_Ryde|Sydney_Sutherland
au,Sydney_Inner_West,GNN,42,20,300,1,MVA_equivalent_PF1,285.05129999999997,0.52981960863964972,151.02576820822335,0,0,True,0,0,0,0,0,0,True,True,1.0000000000000001e-09,True,True,11,Central_Coast|Hunter_Valley_exc_Newcastle|Newcastle_and_Lake_Macquarie|Sydney_City_and_Inner_South|Sydney_Eastern_Suburbs|Sydney_Inner_South_West|Sydney_North_Sydney_and_Hornsby|Sydney_Northern_Beaches|Sydney_Parramatta|Sydney_Ryde|Sydney_Sutherland
au,Sydney_Inner_West,GNN,42,20,500,1,MVA_equivalent_PF1,285.05129999999997,0.52981960863964972,151.02576820822335,0,0,True,0,151.02576820822333,0,171.87576820822323,151.02576820822333,171.87576820822323,True,True,2.0849999999999909e-08,True,False,11,Central_Coast|Hunter_Valley_exc_Newcastle|Newcastle_and_Lake_Macquarie|Sydney_City_and_Inner_South|Sydney_Eastern_Suburbs|Sydney_Inner_South_West|Sydney_North_Sydney_and_Hornsby|Sydney_Northern_Beaches|Sydney_Parramatta|Sydney_Ryde|Sydney_Sutherland
au,Sydney_Inner_West,GNN,123,10,100,0.5,MVA_equivalent_PF1,285.05129999999997,0.21541814313622729,61.405221744567662,60.168925781631856,0.2110810432425036,True,0,0,0,0,0,0,True,True,1.0000000000000001e-09,True,True,11,Central_Coast|Hunter_Valley_exc_Newcastle|Newcastle_and_Lake_Macquarie|Sydney_City_and_Inner_South|Sydney_Eastern_Suburbs|Sydney_Inner_South_West|Sydney_North_Sydney_and_Hornsby|Sydney_Northern_Beaches|Sydney_Parramatta|Sydney_Ryde|Sydney_Sutherland
au,Sydney_Inner_West,GNN,123,10,300,0.5,MVA_equivalent_PF1,285.05129999999997,0.21541814313622729,61.405221744567662,60.168925781631856,0.2110810432425036,True,0.39792563782025381,1.8540133833649888,0,0,1.456087745544735,0,True,True,1.344999999999999e-08,True,True,11,Central_Coast|Hunter_Valley_exc_Newcastle|Newcastle_and_Lake_Macquarie|Sydney_City_and_Inner_South|Sydney_Eastern_Suburbs|Sydney_Inner_South_West|Sydney_North_Sydney_and_Hornsby|Sydney_Northern_Beaches|Sydney_Parramatta|Sydney_Ryde|Sydney_Sutherland
au,Sydney_Inner_West,GNN,123,10,500,0.5,MVA_equivalent_PF1,285.05129999999997,0.21541814313622729,61.405221744567662,60.168925781631856,0.2110810432425036,True,2.9062361733944808,61.201427948310624,0,54.434986125528965,58.295191774916141,54.434986125528965,True,True,2.1345e-07,True,False,11,Central_Coast|Hunter_Valley_exc_Newcastle|Newcastle_and_Lake_Macquarie|Sydney_City_and_Inner_South|Sydney_Eastern_Suburbs|Sydney_Inner_South_West|Sydney_North_Sydney_and_Hornsby|Sydney_Northern_Beaches|Sydney_Parramatta|Sydney_Ryde|Sydney_Sutherland
au,Sydney_Inner_West,GNN,123,10,100,0.80000000000000004,MVA_equivalent_PF1,285.05129999999997,0.34821629882811056,99.259508662141386,60.168925781631856,0.2110810432425036,True,0,0,0,0,0,0,True,True,1.0000000000000001e-09,True,True,11,Central_Coast|Hunter_Valley_exc_Newcastle|Newcastle_and_Lake_Macquarie|Sydney_City_and_Inner_South|Sydney_Eastern_Suburbs|Sydney_Inner_South_West|Sydney_North_Sydney_and_Hornsby|Sydney_Northern_Beaches|Sydney_Parramatta|Sydney_Ryde|Sydney_Sutherland
au,Sydney_Inner_West,GNN,123,10,300,0.80000000000000004,MVA_equivalent_PF1,285.05129999999997,0.34821629882811056,99.259508662141386,60.168925781631856,0.2110810432425036,True,0.39792563782025381,3.1410591385624951,0,0,2.7431335007422413,0,True,True,1.344999999999999e-08,True,True,11,Central_Coast|Hunter_Valley_exc_Newcastle|Newcastle_and_Lake_Macquarie|Sydney_City_and_Inner_South|Sydney_Eastern_Suburbs|Sydney_Inner_South_West|Sydney_North_Sydney_and_Hornsby|Sydney_Northern_Beaches|Sydney_Parramatta|Sydney_Ryde|Sydney_Sutherland
au,Sydney_Inner_West,GNN,123,10,500,0.80000000000000004,MVA_equivalent_PF1,285.05129999999997,0.34821629882811056,99.259508662141386,60.168925781631856,0.2110810432425036,True,2.9062361733944808,99.055714865884354,0,92.289273043102682,96.149478692489879,92.289273043102682,True,True,2.1345e-07,True,False,11,Central_Coast|Hunter_Valley_exc_Newcastle|Newcastle_and_Lake_Macquarie|Sydney_City_and_Inner_South|Sydney_Eastern_Suburbs|Sydney_Inner_South_West|Sydney_North_Sydney_and_Hornsby|Sydney_Northern_Beaches|Sydney_Parramatta|Sydney_Ryde|Sydney_Sutherland
au,Sydney_Inner_West,GNN,123,10,100,0.90000000000000002,MVA_equivalent_PF1,285.05129999999997,0.37061202851314679,105.64344052330955,60.168925781631856,0.2110810432425036,True,0,0,0,0,0,0,True,True,1.0000000000000001e-09,True,True,11,Central_Coast|Hunter_Valley_exc_Newcastle|Newcastle_and_Lake_Macquarie|Sydney_City_and_Inner_South|Sydney_Eastern_Suburbs|Sydney_Inner_South_West|Sydney_North_Sydney_and_Hornsby|Sydney_Northern_Beaches|Sydney_Parramatta|Sydney_Ryde|Sydney_Sutherland
au,Sydney_Inner_West,GNN,123,10,300,0.90000000000000002,MVA_equivalent_PF1,285.05129999999997,0.37061202851314679,105.64344052330955,60.168925781631856,0.2110810432425036,True,0.39792563782025381,3.3581128218422127,0,0,2.9601871840219589,0,True,True,1.344999999999999e-08,True,True,11,Central_Coast|Hunter_Valley_exc_Newcastle|Newcastle_and_Lake_Macquarie|Sydney_City_and_Inner_South|Sydney_Eastern_Suburbs|Sydney_Inner_South_West|Sydney_North_Sydney_and_Hornsby|Sydney_Northern_Beaches|Sydney_Parramatta|Sydney_Ryde|Sydney_Sutherland
au,Sydney_Inner_West,GNN,123,10,500,0.90000000000000002,MVA_equivalent_PF1,285.05129999999997,0.37061202851314679,105.64344052330955,60.168925781631856,0.2110810432425036,True,2.9062361733944808,105.43964672705246,0,98.673204904270818,102.53341055365799,98.673204904270818,True,True,2.1345e-07,True,False,11,Central_Coast|Hunter_Valley_exc_Newcastle|Newcastle_and_Lake_Macquarie|Sydney_City_and_Inner_South|Sydney_Eastern_Suburbs|Sydney_Inner_South_West|Sydney_North_Sydney_and_Hornsby|Sydney_Northern_Beaches|Sydney_Parramatta|Sydney_Ryde|Sydney_Sutherland
au,Sydney_Inner_West,GNN,123,10,100,1,MVA_equivalent_PF1,285.05129999999997,0.38396670436305569,109.45020823540469,60.168925781631856,0.2110810432425036,True,0,0,0,0,0,0,True,True,1.0000000000000001e-09,True,True,11,Central_Coast|Hunter_Valley_exc_Newcastle|Newcastle_and_Lake_Macquarie|Sydney_City_and_Inner_South|Sydney_Eastern_Suburbs|Sydney_Inner_South_West|Sydney_North_Sydney_and_Hornsby|Sydney_Northern_Beaches|Sydney_Parramatta|Sydney_Ryde|Sydney_Sutherland
au,Sydney_Inner_West,GNN,123,10,300,1,MVA_equivalent_PF1,285.05129999999997,0.38396670436305569,109.45020823540469,60.168925781631856,0.2110810432425036,True,0.39792563782025381,3.4875429240534475,0,0,3.0896172862331936,0,True,True,1.344999999999999e-08,True,True,11,Central_Coast|Hunter_Valley_exc_Newcastle|Newcastle_and_Lake_Macquarie|Sydney_City_and_Inner_South|Sydney_Eastern_Suburbs|Sydney_Inner_South_West|Sydney_North_Sydney_and_Hornsby|Sydney_Northern_Beaches|Sydney_Parramatta|Sydney_Ryde|Sydney_Sutherland
au,Sydney_Inner_West,GNN,123,10,500,1,MVA_equivalent_PF1,285.05129999999997,0.38396670436305569,109.45020823540469,60.168925781631856,0.2110810432425036,True,2.9062361733944808,109.24641443914764,0,102.47997261636598,106.34017826575317,102.47997261636598,True,True,2.1345e-07,True,False,11,Central_Coast|Hunter_Valley_exc_Newcastle|Newcastle_and_Lake_Macquarie|Sydney_City_and_Inner_South|Sydney_Eastern_Suburbs|Sydney_Inner_South_West|Sydney_North_Sydney_and_Hornsby|Sydney_Northern_Beaches|Sydney_Parramatta|Sydney_Ryde|Sydney_Sutherland
au,Sydney_Inner_West,GNN,123,20,100,0.5,MVA_equivalent_PF1,285.05129999999997,0.11578186834347499,33.003772087736387,0,0,True,0,0,0,0,0,0,True,True,1.0000000000000001e-09,True,True,11,Central_Coast|Hunter_Valley_exc_Newcastle|Newcastle_and_Lake_Macquarie|Sydney_City_and_Inner_South|Sydney_Eastern_Suburbs|Sydney_Inner_South_West|Sydney_North_Sydney_and_Hornsby|Sydney_Northern_Beaches|Sydney_Parramatta|Sydney_Ryde|Sydney_Sutherland
au,Sydney_Inner_West,GNN,123,20,300,0.5,MVA_equivalent_PF1,285.05129999999997,0.11578186834347499,33.003772087736387,0,0,True,0,0,0,0,0,0,True,True,1.0000000000000001e-09,True,True,11,Central_Coast|Hunter_Valley_exc_Newcastle|Newcastle_and_Lake_Macquarie|Sydney_City_and_Inner_South|Sydney_Eastern_Suburbs|Sydney_Inner_South_West|Sydney_North_Sydney_and_Hornsby|Sydney_Northern_Beaches|Sydney_Parramatta|Sydney_Ryde|Sydney_Sutherland
au,Sydney_Inner_West,GNN,123,20,500,0.5,MVA_equivalent_PF1,285.05129999999997,0.11578186834347499,33.003772087736387,0,0,True,0,33.003772087736365,0,53.853772087736274,33.003772087736365,53.853772087736274,True,True,2.0849999999999909e-08,True,False,11,Central_Coast|Hunter_Valley_exc_Newcastle|Newcastle_and_Lake_Macquarie|Sydney_City_and_Inner_South|Sydney_Eastern_Suburbs|Sydney_Inner_South_West|Sydney_North_Sydney_and_Hornsby|Sydney_Northern_Beaches|Sydney_Parramatta|Sydney_Ryde|Sydney_Sutherland
au,Sydney_Inner_West,GNN,123,20,100,0.80000000000000004,MVA_equivalent_PF1,285.05129999999997,0.22323888111487536,63.634533272340661,0,0,True,0,0,0,0,0,0,True,True,1.0000000000000001e-09,True,True,11,Central_Coast|Hunter_Valley_exc_Newcastle|Newcastle_and_Lake_Macquarie|Sydney_City_and_Inner_South|Sydney_Eastern_Suburbs|Sydney_Inner_South_West|Sydney_North_Sydney_and_Hornsby|Sydney_Northern_Beaches|Sydney_Parramatta|Sydney_Ryde|Sydney_Sutherland
au,Sydney_Inner_West,GNN,123,20,300,0.80000000000000004,MVA_equivalent_PF1,285.05129999999997,0.22323888111487536,63.634533272340661,0,0,True,0,0,0,0,0,0,True,True,1.0000000000000001e-09,True,True,11,Central_Coast|Hunter_Valley_exc_Newcastle|Newcastle_and_Lake_Macquarie|Sydney_City_and_Inner_South|Sydney_Eastern_Suburbs|Sydney_Inner_South_West|Sydney_North_Sydney_and_Hornsby|Sydney_Northern_Beaches|Sydney_Parramatta|Sydney_Ryde|Sydney_Sutherland
au,Sydney_Inner_West,GNN,123,20,500,0.80000000000000004,MVA_equivalent_PF1,285.05129999999997,0.22323888111487536,63.634533272340661,0,0,True,0,63.634533272340718,0,84.48453327234067,63.634533272340718,84.48453327234067,True,True,2.0849999999999909e-08,True,False,11,Central_Coast|Hunter_Valley_exc_Newcastle|Newcastle_and_Lake_Macquarie|Sydney_City_and_Inner_South|Sydney_Eastern_Suburbs|Sydney_Inner_South_West|Sydney_North_Sydney_and_Hornsby|Sydney_Northern_Beaches|Sydney_Parramatta|Sydney_Ryde|Sydney_Sutherland
au,Sydney_Inner_West,GNN,123,20,100,0.90000000000000002,MVA_equivalent_PF1,285.05129999999997,0.26075909777749601,74.329719808302343,0,0,True,0,0,0,0,0,0,True,True,1.0000000000000001e-09,True,True,11,Central_Coast|Hunter_Valley_exc_Newcastle|Newcastle_and_Lake_Macquarie|Sydney_City_and_Inner_South|Sydney_Eastern_Suburbs|Sydney_Inner_South_West|Sydney_North_Sydney_and_Hornsby|Sydney_Northern_Beaches|Sydney_Parramatta|Sydney_Ryde|Sydney_Sutherland
au,Sydney_Inner_West,GNN,123,20,300,0.90000000000000002,MVA_equivalent_PF1,285.05129999999997,0.26075909777749601,74.329719808302343,0,0,True,0,0,0,0,0,0,True,True,1.0000000000000001e-09,True,True,11,Central_Coast|Hunter_Valley_exc_Newcastle|Newcastle_and_Lake_Macquarie|Sydney_City_and_Inner_South|Sydney_Eastern_Suburbs|Sydney_Inner_South_West|Sydney_North_Sydney_and_Hornsby|Sydney_Northern_Beaches|Sydney_Parramatta|Sydney_Ryde|Sydney_Sutherland
au,Sydney_Inner_West,GNN,123,20,500,0.90000000000000002,MVA_equivalent_PF1,285.05129999999997,0.26075909777749601,74.329719808302343,0,0,True,0,74.329719808302357,0,95.179719808302252,74.329719808302357,95.179719808302252,True,True,2.0849999999999909e-08,True,False,11,Central_Coast|Hunter_Valley_exc_Newcastle|Newcastle_and_Lake_Macquarie|Sydney_City_and_Inner_South|Sydney_Eastern_Suburbs|Sydney_Inner_South_West|Sydney_North_Sydney_and_Hornsby|Sydney_Northern_Beaches|Sydney_Parramatta|Sydney_Ryde|Sydney_Sutherland
au,Sydney_Inner_West,GNN,123,20,100,1,MVA_equivalent_PF1,285.05129999999997,0.5565618206190055,158.64867049781429,0,0,True,0,0,0,0,0,0,True,True,1.0000000000000001e-09,True,True,11,Central_Coast|Hunter_Valley_exc_Newcastle|Newcastle_and_Lake_Macquarie|Sydney_City_and_Inner_South|Sydney_Eastern_Suburbs|Sydney_Inner_South_West|Sydney_North_Sydney_and_Hornsby|Sydney_Northern_Beaches|Sydney_Parramatta|Sydney_Ryde|Sydney_Sutherland
au,Sydney_Inner_West,GNN,123,20,300,1,MVA_equivalent_PF1,285.05129999999997,0.5565618206190055,158.64867049781429,0,0,True,0,0,0,0,0,0,True,True,1.0000000000000001e-09,True,True,11,Central_Coast|Hunter_Valley_exc_Newcastle|Newcastle_and_Lake_Macquarie|Sydney_City_and_Inner_South|Sydney_Eastern_Suburbs|Sydney_Inner_South_West|Sydney_North_Sydney_and_Hornsby|Sydney_Northern_Beaches|Sydney_Parramatta|Sydney_Ryde|Sydney_Sutherland
au,Sydney_Inner_West,GNN,123,20,500,1,MVA_equivalent_PF1,285.05129999999997,0.5565618206190055,158.64867049781429,0,0,True,0,158.64867049781432,0,179.4986704978142,158.64867049781432,179.4986704978142,True,True,2.0849999999999909e-08,True,False,11,Central_Coast|Hunter_Valley_exc_Newcastle|Newcastle_and_Lake_Macquarie|Sydney_City_and_Inner_South|Sydney_Eastern_Suburbs|Sydney_Inner_South_West|Sydney_North_Sydney_and_Hornsby|Sydney_Northern_Beaches|Sydney_Parramatta|Sydney_Ryde|Sydney_Sutherland
au,Sydney_Inner_West,GNN,456,10,100,0.5,MVA_equivalent_PF1,285.05129999999997,0.33368561973054411,95.117519695497236,55.102500915409905,0.19330731315875391,True,0,0,0,0,0,0,True,True,1.0000000000000001e-09,True,True,11,Central_Coast|Hunter_Valley_exc_Newcastle|Newcastle_and_Lake_Macquarie|Sydney_City_and_Inner_South|Sydney_Eastern_Suburbs|Sydney_Inner_South_West|Sydney_North_Sydney_and_Hornsby|Sydney_Northern_Beaches|Sydney_Parramatta|Sydney_Ryde|Sydney_Sutherland
au,Sydney_Inner_West,GNN,456,10,300,0.5,MVA_equivalent_PF1,285.05129999999997,0.33368561973054411,95.117519695497236,55.102500915409905,0.19330731315875391,True,0.31770963240151628,3.075262474752964,0,0,2.7575528423514477,0,True,True,1.344999999999999e-08,True,True,11,Central_Coast|Hunter_Valley_exc_Newcastle|Newcastle_and_Lake_Macquarie|Sydney_City_and_Inner_South|Sydney_Eastern_Suburbs|Sydney_Inner_South_West|Sydney_North_Sydney_and_Hornsby|Sydney_Northern_Beaches|Sydney_Parramatta|Sydney_Ryde|Sydney_Sutherland
au,Sydney_Inner_West,GNN,456,10,500,0.5,MVA_equivalent_PF1,285.05129999999997,0.33368561973054411,95.117519695497236,55.102500915409905,0.19330731315875391,True,2.7496015190087792,94.978934660928033,0,89.649892674173969,92.229333141919255,89.649892674173969,True,True,2.1345e-07,True,False,11,Central_Coast|Hunter_Valley_exc_Newcastle|Newcastle_and_Lake_Macquarie|Sydney_City_and_Inner_South|Sydney_Eastern_Suburbs|Sydney_Inner_South_West|Sydney_North_Sydney_and_Hornsby|Sydney_Northern_Beaches|Sydney_Parramatta|Sydney_Ryde|Sydney_Sutherland
au,Sydney_Inner_West,GNN,456,10,100,0.80000000000000004,MVA_equivalent_PF1,285.05129999999997,0.42134464876692135,120.10483987905431,55.102500915409905,0.19330731315875391,True,0,0,0,0,0,0,True,True,1.0000000000000001e-09,True,True,11,Central_Coast|Hunter_Valley_exc_Newcastle|Newcastle_and_Lake_Macquarie|Sydney_City_and_Inner_South|Sydney_Eastern_Suburbs|Sydney_Inner_South_West|Sydney_North_Sydney_and_Hornsby|Sydney_Northern_Beaches|Sydney_Parramatta|Sydney_Ryde|Sydney_Sutherland
au,Sydney_Inner_West,GNN,456,10,300,0.80000000000000004,MVA_equivalent_PF1,285.05129999999997,0.42134464876692135,120.10483987905431,55.102500915409905,0.19330731315875391,True,0.31770963240151628,3.9248313609939047,0,0,3.6071217285923884,0,True,True,1.344999999999999e-08,True,True,11,Central_Coast|Hunter_Valley_exc_Newcastle|Newcastle_and_Lake_Macquarie|Sydney_City_and_Inner_South|Sydney_Eastern_Suburbs|Sydney_Inner_South_West|Sydney_North_Sydney_and_Hornsby|Sydney_Northern_Beaches|Sydney_Parramatta|Sydney_Ryde|Sydney_Sutherland
au,Sydney_Inner_West,GNN,456,10,500,0.80000000000000004,MVA_equivalent_PF1,285.05129999999997,0.42134464876692135,120.10483987905431,55.102500915409905,0.19330731315875391,True,2.7496015190087792,119.96625484448518,0,114.63721285773104,117.2166533254764,114.63721285773104,True,True,2.1345e-07,True,False,11,Central_Coast|Hunter_Valley_exc_Newcastle|Newcastle_and_Lake_Macquarie|Sydney_City_and_Inner_South|Sydney_Eastern_Suburbs|Sydney_Inner_South_West|Sydney_North_Sydney_and_Hornsby|Sydney_Northern_Beaches|Sydney_Parramatta|Sydney_Ryde|Sydney_Sutherland
au,Sydney_Inner_West,GNN,456,10,100,0.90000000000000002,MVA_equivalent_PF1,285.05129999999997,0.56026948450350456,159.70554490805381,55.102500915409905,0.19330731315875391,True,0,0,0,0,0,0,True,True,1.0000000000000001e-09,True,True,11,Central_Coast|Hunter_Valley_exc_Newcastle|Newcastle_and_Lake_Macquarie|Sydney_City_and_Inner_South|Sydney_Eastern_Suburbs|Sydney_Inner_South_West|Sydney_North_Sydney_and_Hornsby|Sydney_Northern_Beaches|Sydney_Parramatta|Sydney_Ryde|Sydney_Sutherland
au,Sydney_Inner_West,GNN,456,10,300,0.90000000000000002,MVA_equivalent_PF1,285.05129999999997,0.56026948450350456,159.70554490805381,55.102500915409905,0.19330731315875391,True,0.31770963240151628,5.2712553319798872,0,0,4.9535456995783704,0,True,True,1.344999999999999e-08,True,True,11,Central_Coast|Hunter_Valley_exc_Newcastle|Newcastle_and_Lake_Macquarie|Sydney_City_and_Inner_South|Sydney_Eastern_Suburbs|Sydney_Inner_South_West|Sydney_North_Sydney_and_Hornsby|Sydney_Northern_Beaches|Sydney_Parramatta|Sydney_Ryde|Sydney_Sutherland
au,Sydney_Inner_West,GNN,456,10,500,0.90000000000000002,MVA_equivalent_PF1,285.05129999999997,0.56026948450350456,159.70554490805381,55.102500915409905,0.19330731315875391,True,2.7496015190087792,159.56695987348468,0,154.23791788673054,156.81735835447589,154.23791788673054,True,True,2.1345e-07,True,False,11,Central_Coast|Hunter_Valley_exc_Newcastle|Newcastle_and_Lake_Macquarie|Sydney_City_and_Inner_South|Sydney_Eastern_Suburbs|Sydney_Inner_South_West|Sydney_North_Sydney_and_Hornsby|Sydney_Northern_Beaches|Sydney_Parramatta|Sydney_Ryde|Sydney_Sutherland
au,Sydney_Inner_West,GNN,456,10,100,1,MVA_equivalent_PF1,285.05129999999997,0.59205489131675215,168.7660164411989,55.102500915409905,0.19330731315875391,True,0,0,0,0,0,0,True,True,1.0000000000000001e-09,True,True,11,Central_Coast|Hunter_Valley_exc_Newcastle|Newcastle_and_Lake_Macquarie|Sydney_City_and_Inner_South|Sydney_Eastern_Suburbs|Sydney_Inner_South_West|Sydney_North_Sydney_and_Hornsby|Sydney_Northern_Beaches|Sydney_Parramatta|Sydney_Ryde|Sydney_Sutherland
au,Sydney_Inner_West,GNN,456,10,300,1,MVA_equivalent_PF1,285.05129999999997,0.59205489131675215,168.7660164411989,55.102500915409905,0.19330731315875391,True,0.31770963240151628,5.5793113641068208,0,0,5.261601731705305,0,True,True,1.344999999999999e-08,True,True,11,Central_Coast|Hunter_Valley_exc_Newcastle|Newcastle_and_Lake_Macquarie|Sydney_City_and_Inner_South|Sydney_Eastern_Suburbs|Sydney_Inner_South_West|Sydney_North_Sydney_and_Hornsby|Sydney_Northern_Beaches|Sydney_Parramatta|Sydney_Ryde|Sydney_Sutherland
au,Sydney_Inner_West,GNN,456,10,500,1,MVA_equivalent_PF1,285.05129999999997,0.59205489131675215,168.7660164411989,55.102500915409905,0.19330731315875391,True,2.7496015190087792,168.62743140662974,0,163.29838941987563,165.87782988762095,163.29838941987563,True,True,2.1345e-07,True,False,11,Central_Coast|Hunter_Valley_exc_Newcastle|Newcastle_and_Lake_Macquarie|Sydney_City_and_Inner_South|Sydney_Eastern_Suburbs|Sydney_Inner_South_West|Sydney_North_Sydney_and_Hornsby|Sydney_Northern_Beaches|Sydney_Parramatta|Sydney_Ryde|Sydney_Sutherland
au,Sydney_Inner_West,GNN,456,20,100,0.5,MVA_equivalent_PF1,285.05129999999997,0.10840174576428264,30.900058552378258,0,0,True,0,0,0,0,0,0,True,True,1.0000000000000001e-09,True,True,11,Central_Coast|Hunter_Valley_exc_Newcastle|Newcastle_and_Lake_Macquarie|Sydney_City_and_Inner_South|Sydney_Eastern_Suburbs|Sydney_Inner_South_West|Sydney_North_Sydney_and_Hornsby|Sydney_Northern_Beaches|Sydney_Parramatta|Sydney_Ryde|Sydney_Sutherland
au,Sydney_Inner_West,GNN,456,20,300,0.5,MVA_equivalent_PF1,285.05129999999997,0.10840174576428264,30.900058552378258,0,0,True,0,0,0,0,0,0,True,True,1.0000000000000001e-09,True,True,11,Central_Coast|Hunter_Valley_exc_Newcastle|Newcastle_and_Lake_Macquarie|Sydney_City_and_Inner_South|Sydney_Eastern_Suburbs|Sydney_Inner_South_West|Sydney_North_Sydney_and_Hornsby|Sydney_Northern_Beaches|Sydney_Parramatta|Sydney_Ryde|Sydney_Sutherland
au,Sydney_Inner_West,GNN,456,20,500,0.5,MVA_equivalent_PF1,285.05129999999997,0.10840174576428264,30.900058552378258,0,0,True,0,30.900058552378258,0,51.750058552378164,30.900058552378258,51.750058552378164,True,True,2.0849999999999909e-08,True,False,11,Central_Coast|Hunter_Valley_exc_Newcastle|Newcastle_and_Lake_Macquarie|Sydney_City_and_Inner_South|Sydney_Eastern_Suburbs|Sydney_Inner_South_West|Sydney_North_Sydney_and_Hornsby|Sydney_Northern_Beaches|Sydney_Parramatta|Sydney_Ryde|Sydney_Sutherland
au,Sydney_Inner_West,GNN,456,20,100,0.80000000000000004,MVA_equivalent_PF1,285.05129999999997,0.27461631380204293,78.279737250480267,0,0,True,0,0,0,0,0,0,True,True,1.0000000000000001e-09,True,True,11,Central_Coast|Hunter_Valley_exc_Newcastle|Newcastle_and_Lake_Macquarie|Sydney_City_and_Inner_South|Sydney_Eastern_Suburbs|Sydney_Inner_South_West|Sydney_North_Sydney_and_Hornsby|Sydney_Northern_Beaches|Sydney_Parramatta|Sydney_Ryde|Sydney_Sutherland
au,Sydney_Inner_West,GNN,456,20,300,0.80000000000000004,MVA_equivalent_PF1,285.05129999999997,0.27461631380204293,78.279737250480267,0,0,True,0,0,0,0,0,0,True,True,1.0000000000000001e-09,True,True,11,Central_Coast|Hunter_Valley_exc_Newcastle|Newcastle_and_Lake_Macquarie|Sydney_City_and_Inner_South|Sydney_Eastern_Suburbs|Sydney_Inner_South_West|Sydney_North_Sydney_and_Hornsby|Sydney_Northern_Beaches|Sydney_Parramatta|Sydney_Ryde|Sydney_Sutherland
au,Sydney_Inner_West,GNN,456,20,500,0.80000000000000004,MVA_equivalent_PF1,285.05129999999997,0.27461631380204293,78.279737250480267,0,0,True,0,78.279737250480252,0,99.129737250480119,78.279737250480252,99.129737250480119,True,True,2.0849999999999909e-08,True,False,11,Central_Coast|Hunter_Valley_exc_Newcastle|Newcastle_and_Lake_Macquarie|Sydney_City_and_Inner_South|Sydney_Eastern_Suburbs|Sydney_Inner_South_West|Sydney_North_Sydney_and_Hornsby|Sydney_Northern_Beaches|Sydney_Parramatta|Sydney_Ryde|Sydney_Sutherland
au,Sydney_Inner_West,GNN,456,20,100,0.90000000000000002,MVA_equivalent_PF1,285.05129999999997,0.55350404524109131,157.77704765123187,0,0,True,0,0,0,0,0,0,True,True,1.0000000000000001e-09,True,True,11,Central_Coast|Hunter_Valley_exc_Newcastle|Newcastle_and_Lake_Macquarie|Sydney_City_and_Inner_South|Sydney_Eastern_Suburbs|Sydney_Inner_South_West|Sydney_North_Sydney_and_Hornsby|Sydney_Northern_Beaches|Sydney_Parramatta|Sydney_Ryde|Sydney_Sutherland
au,Sydney_Inner_West,GNN,456,20,300,0.90000000000000002,MVA_equivalent_PF1,285.05129999999997,0.55350404524109131,157.77704765123187,0,0,True,0,0,0,0,0,0,True,True,1.0000000000000001e-09,True,True,11,Central_Coast|Hunter_Valley_exc_Newcastle|Newcastle_and_Lake_Macquarie|Sydney_City_and_Inner_South|Sydney_Eastern_Suburbs|Sydney_Inner_South_West|Sydney_North_Sydney_and_Hornsby|Sydney_Northern_Beaches|Sydney_Parramatta|Sydney_Ryde|Sydney_Sutherland
au,Sydney_Inner_West,GNN,456,20,500,0.90000000000000002,MVA_equivalent_PF1,285.05129999999997,0.55350404524109131,157.77704765123187,0,0,True,0,157.77704765123187,0,178.62704765123181,157.77704765123187,178.62704765123181,True,True,2.0849999999999909e-08,True,False,11,Central_Coast|Hunter_Valley_exc_Newcastle|Newcastle_and_Lake_Macquarie|Sydney_City_and_Inner_South|Sydney_Eastern_Suburbs|Sydney_Inner_South_West|Sydney_North_Sydney_and_Hornsby|Sydney_Northern_Beaches|Sydney_Parramatta|Sydney_Ryde|Sydney_Sutherland
au,Sydney_Inner_West,GNN,456,20,100,1,MVA_equivalent_PF1,285.05129999999997,0.76965969573667559,219.39249682734382,0,0,True,0,0,0,0,0,0,True,True,1.0000000000000001e-09,True,True,11,Central_Coast|Hunter_Valley_exc_Newcastle|Newcastle_and_Lake_Macquarie|Sydney_City_and_Inner_South|Sydney_Eastern_Suburbs|Sydney_Inner_South_West|Sydney_North_Sydney_and_Hornsby|Sydney_Northern_Beaches|Sydney_Parramatta|Sydney_Ryde|Sydney_Sutherland
au,Sydney_Inner_West,GNN,456,20,300,1,MVA_equivalent_PF1,285.05129999999997,0.76965969573667559,219.39249682734382,0,0,True,0,40.242496827343757,0,40.242496827343757,40.242496827343757,40.242496827343757,True,True,1.0000000000000001e-09,True,False,11,Central_Coast|Hunter_Valley_exc_Newcastle|Newcastle_and_Lake_Macquarie|Sydney_City_and_Inner_South|Sydney_Eastern_Suburbs|Sydney_Inner_South_West|Sydney_North_Sydney_and_Hornsby|Sydney_Northern_Beaches|Sydney_Parramatta|Sydney_Ryde|Sydney_Sutherland
au,Sydney_Inner_West,GNN,456,20,500,1,MVA_equivalent_PF1,285.05129999999997,0.76965969573667559,219.39249682734382,0,0,True,0,219.39249682734388,0,240.24249682734361,219.39249682734388,240.24249682734361,True,True,2.0849999999999909e-08,True,False,11,Central_Coast|Hunter_Valley_exc_Newcastle|Newcastle_and_Lake_Macquarie|Sydney_City_and_Inner_South|Sydney_Eastern_Suburbs|Sydney_Inner_South_West|Sydney_North_Sydney_and_Hornsby|Sydney_Northern_Beaches|Sydney_Parramatta|Sydney_Ryde|Sydney_Sutherland
au,Sydney_North_Sydney_and_Hornsby,Uni,,10,100,0.5,MVA_equivalent_PF1,524.59090000000003,0.19554968763536201,102.58358663135344,106.49368976360915,0.20300331127285881,False,9.4671459662169006,77.061171554003877,1.2762499999999988,46.762659944419184,67.594025587786973,45.486409944419187,True,True,1.0000000000000001e-07,False,False,11,Central_Coast|Hunter_Valley_exc_Newcastle|Newcastle_and_Lake_Macquarie|Sydney_City_and_Inner_South|Sydney_Eastern_Suburbs|Sydney_Inner_South_West|Sydney_Inner_West|Sydney_Northern_Beaches|Sydney_Parramatta|Sydney_Ryde|Sydney_Sutherland
au,Sydney_North_Sydney_and_Hornsby,Uni,,10,300,0.5,MVA_equivalent_PF1,524.59090000000003,0.19554968763536201,102.58358663135344,106.49368976360915,0.20300331127285881,False,18.714769953384437,102.58358663135346,9.5000000000000284,191.4448030439051,83.868816677969022,181.94480304390507,True,True,3.0000000000000004e-07,False,False,11,Central_Coast|Hunter_Valley_exc_Newcastle|Newcastle_and_Lake_Macquarie|Sydney_City_and_Inner_South|Sydney_Eastern_Suburbs|Sydney_Inner_South_West|Sydney_Inner_West|Sydney_Northern_Beaches|Sydney_Parramatta|Sydney_Ryde|Sydney_Sutherland
au,Sydney_North_Sydney_and_Hornsby,Uni,,10,500,0.5,MVA_equivalent_PF1,524.59090000000003,0.19554968763536201,102.58358663135344,106.49368976360915,0.20300331127285881,False,18.714769953384437,102.58358663135346,9.5,193.63863033237527,83.868816677969022,184.13863033237527,True,True,5.0000000000000008e-07,False,False,11,Central_Coast|Hunter_Valley_exc_Newcastle|Newcastle_and_Lake_Macquarie|Sydney_City_and_Inner_South|Sydney_Eastern_Suburbs|Sydney_Inner_South_West|Sydney_Inner_West|Sydney_Northern_Beaches|Sydney_Parramatta|Sydney_Ryde|Sydney_Sutherland
au,Sydney_North_Sydney_and_Hornsby,Uni,,10,100,0.80000000000000004,MVA_equivalent_PF1,524.59090000000003,0.29362914917335647,154.03517963108533,106.49368976360915,0.20300331127285881,True,9.4671459662169006,128.4282099569092,1.2762499999999988,98.21425294415107,118.9610639906923,96.938002944151066,True,True,1.0000000000000001e-07,False,False,11,Central_Coast|Hunter_Valley_exc_Newcastle|Newcastle_and_Lake_Macquarie|Sydney_City_and_Inner_South|Sydney_Eastern_Suburbs|Sydney_Inner_South_West|Sydney_Inner_West|Sydney_Northern_Beaches|Sydney_Parramatta|Sydney_Ryde|Sydney_Sutherland
au,Sydney_North_Sydney_and_Hornsby,Uni,,10,300,0.80000000000000004,MVA_equivalent_PF1,524.59090000000003,0.29362914917335647,154.03517963108533,106.49368976360915,0.20300331127285881,True,18.714769953384437,154.03517963108533,9.5000000000000284,242.99613331707761,135.32040967770089,233.49613331707758,True,True,3.0000000000000004e-07,False,False,11,Central_Coast|Hunter_Valley_exc_Newcastle|Newcastle_and_Lake_Macquarie|Sydney_City_and_Inner_South|Sydney_Eastern_Suburbs|Sydney_Inner_South_West|Sydney_Inner_West|Sydney_Northern_Beaches|Sydney_Parramatta|Sydney_Ryde|Sydney_Sutherland
au,Sydney_North_Sydney_and_Hornsby,Uni,,10,500,0.80000000000000004,MVA_equivalent_PF1,524.59090000000003,0.29362914917335647,154.03517963108533,106.49368976360915,0.20300331127285881,True,18.714769953384437,154.03517963108533,9.5,296.54181633183907,135.32040967770089,287.04181633183907,True,True,5.0000000000000008e-07,False,False,11,Central_Coast|Hunter_Valley_exc_Newcastle|Newcastle_and_Lake_Macquarie|Sydney_City_and_Inner_South|Sydney_Eastern_Suburbs|Sydney_Inner_South_West|Sydney_Inner_West|Sydney_Northern_Beaches|Sydney_Parramatta|Sydney_Ryde|Sydney_Sutherland
au,Sydney_North_Sydney_and_Hornsby,Uni,,10,100,0.90000000000000002,MVA_equivalent_PF1,524.59090000000003,0.32825135197067157,172.19767215651137,106.49368976360915,0.20300331127285881,True,9.4671459662169006,146.59070248233527,1.2762499999999988,116.37674546957714,137.12355651611838,115.10049546957714,True,True,1.0000000000000001e-07,False,False,11,Central_Coast|Hunter_Valley_exc_Newcastle|Newcastle_and_Lake_Macquarie|Sydney_City_and_Inner_South|Sydney_Eastern_Suburbs|Sydney_Inner_South_West|Sydney_Inner_West|Sydney_Northern_Beaches|Sydney_Parramatta|Sydney_Ryde|Sydney_Sutherland
au,Sydney_North_Sydney_and_Hornsby,Uni,,10,300,0.90000000000000002,MVA_equivalent_PF1,524.59090000000003,0.32825135197067157,172.19767215651137,106.49368976360915,0.20300331127285881,True,18.714769953384437,172.1976721565114,9.5000000000000284,261.15862584250368,153.48290220312697,251.65862584250365,True,True,3.0000000000000004e-07,False,False,11,Central_Coast|Hunter_Valley_exc_Newcastle|Newcastle_and_Lake_Macquarie|Sydney_City_and_Inner_South|Sydney_Eastern_Suburbs|Sydney_Inner_South_West|Sydney_Inner_West|Sydney_Northern_Beaches|Sydney_Parramatta|Sydney_Ryde|Sydney_Sutherland
au,Sydney_North_Sydney_and_Hornsby,Uni,,10,500,0.90000000000000002,MVA_equivalent_PF1,524.59090000000003,0.32825135197067157,172.19767215651137,106.49368976360915,0.20300331127285881,True,18.714769953384437,172.19767215651146,9.5,332.86680138269111,153.48290220312703,323.36680138269111,True,True,5.0000000000000008e-07,False,False,11,Central_Coast|Hunter_Valley_exc_Newcastle|Newcastle_and_Lake_Macquarie|Sydney_City_and_Inner_South|Sydney_Eastern_Suburbs|Sydney_Inner_South_West|Sydney_Inner_West|Sydney_Northern_Beaches|Sydney_Parramatta|Sydney_Ryde|Sydney_Sutherland
au,Sydney_North_Sydney_and_Hornsby,Uni,,10,100,1,MVA_equivalent_PF1,524.59090000000003,0.44609524922203769,234.01750827511307,106.49368976360915,0.20300331127285881,True,9.4671459662169006,208.41053860093695,1.2762499999999988,178.19658158817884,198.94339263472006,176.92033158817884,True,True,1.0000000000000001e-07,False,False,11,Central_Coast|Hunter_Valley_exc_Newcastle|Newcastle_and_Lake_Macquarie|Sydney_City_and_Inner_South|Sydney_Eastern_Suburbs|Sydney_Inner_South_West|Sydney_Inner_West|Sydney_Northern_Beaches|Sydney_Parramatta|Sydney_Ryde|Sydney_Sutherland
au,Sydney_North_Sydney_and_Hornsby,Uni,,10,300,1,MVA_equivalent_PF1,524.59090000000003,0.44609524922203769,234.01750827511307,106.49368976360915,0.20300331127285881,True,18.714769953384437,234.01750827511302,9.5000000000000284,322.97846196110538,215.30273832172858,313.47846196110538,True,True,3.0000000000000004e-07,False,False,11,Central_Coast|Hunter_Valley_exc_Newcastle|Newcastle_and_Lake_Macquarie|Sydney_City_and_Inner_South|Sydney_Eastern_Suburbs|Sydney_Inner_South_West|Sydney_Inner_West|Sydney_Northern_Beaches|Sydney_Parramatta|Sydney_Ryde|Sydney_Sutherland
au,Sydney_North_Sydney_and_Hornsby,Uni,,10,500,1,MVA_equivalent_PF1,524.59090000000003,0.44609524922203769,234.01750827511307,106.49368976360915,0.20300331127285881,True,18.714769953384437,234.01750827511307,9.5,456.50647361989451,215.30273832172864,447.00647361989451,True,True,5.0000000000000008e-07,False,False,11,Central_Coast|Hunter_Valley_exc_Newcastle|Newcastle_and_Lake_Macquarie|Sydney_City_and_Inner_South|Sydney_Eastern_Suburbs|Sydney_Inner_South_West|Sydney_Inner_West|Sydney_Northern_Beaches|Sydney_Parramatta|Sydney_Ryde|Sydney_Sutherland
au,Sydney_North_Sydney_and_Hornsby,Uni,,20,100,0.5,MVA_equivalent_PF1,524.59090000000003,0.00039816576206647673,0.20887413547163891,77.636091240384985,0.14799359127347611,False,0.16152712253420173,0.0024020525579240941,0,0,-0.15912506997627765,0,False,True,6.7399999999999981e-08,True,True,11,Central_Coast|Hunter_Valley_exc_Newcastle|Newcastle_and_Lake_Macquarie|Sydney_City_and_Inner_South|Sydney_Eastern_Suburbs|Sydney_Inner_South_West|Sydney_Inner_West|Sydney_Northern_Beaches|Sydney_Parramatta|Sydney_Ryde|Sydney_Sutherland
au,Sydney_North_Sydney_and_Hornsby,Uni,,20,300,0.5,MVA_equivalent_PF1,524.59090000000003,0.00039816576206647673,0.20887413547163891,77.636091240384985,0.14799359127347611,False,13.920075204917106,0.20887413547165751,0,0.0028432420459466811,-13.711201069445449,0.0028432420459466811,False,True,2.6739999999999997e-07,True,False,11,Central_Coast|Hunter_Valley_exc_Newcastle|Newcastle_and_Lake_Macquarie|Sydney_City_and_Inner_South|Sydney_Eastern_Suburbs|Sydney_Inner_South_West|Sydney_Inner_West|Sydney_Northern_Beaches|Sydney_Parramatta|Sydney_Ryde|Sydney_Sutherland
au,Sydney_North_Sydney_and_Hornsby,Uni,,20,500,0.5,MVA_equivalent_PF1,524.59090000000003,0.00039816576206647673,0.20887413547163891,77.636091240384985,0.14799359127347611,False,13.920075204917161,0.20887413547166228,1.1368683772161603e-13,0.0028432420459466811,-13.711201069445499,0.0028432420458329942,False,True,4.6740000000000002e-07,True,False,11,Central_Coast|Hunter_Valley_exc_Newcastle|Newcastle_and_Lake_Macquarie|Sydney_City_and_Inner_South|Sydney_Eastern_Suburbs|Sydney_Inner_South_West|Sydney_Inner_West|Sydney_Northern_Beaches|Sydney_Parramatta|Sydney_Ryde|Sydney_Sutherland
au,Sydney_North_Sydney_and_Hornsby,Uni,,20,100,0.80000000000000004,MVA_equivalent_PF1,524.59090000000003,0.20166758968246928,105.79298237235729,77.636091240384985,0.14799359127347611,True,0.16152712253420173,30.126493255979351,0,75.494968486988711,29.964966133445149,75.494968486988711,True,True,6.7399999999999981e-08,True,False,11,Central_Coast|Hunter_Valley_exc_Newcastle|Newcastle_and_Lake_Macquarie|Sydney_City_and_Inner_South|Sydney_Eastern_Suburbs|Sydney_Inner_South_West|Sydney_Inner_West|Sydney_Northern_Beaches|Sydney_Parramatta|Sydney_Ryde|Sydney_Sutherland
au,Sydney_North_Sydney_and_Hornsby,Uni,,20,300,0.80000000000000004,MVA_equivalent_PF1,524.59090000000003,0.20166758968246928,105.79298237235729,77.636091240384985,0.14799359127347611,True,13.920075204917106,105.7929823723573,0,154.05969152160259,91.872907167440189,154.05969152160259,True,True,2.6739999999999997e-07,True,False,11,Central_Coast|Hunter_Valley_exc_Newcastle|Newcastle_and_Lake_Macquarie|Sydney_City_and_Inner_South|Sydney_Eastern_Suburbs|Sydney_Inner_South_West|Sydney_Inner_West|Sydney_Northern_Beaches|Sydney_Parramatta|Sydney_Ryde|Sydney_Sutherland
au,Sydney_North_Sydney_and_Hornsby,Uni,,20,500,0.80000000000000004,MVA_equivalent_PF1,524.59090000000003,0.20166758968246928,105.79298237235729,77.636091240384985,0.14799359127347611,True,13.920075204917161,105.79298237235732,1.1368683772161603e-13,199.06390267037753,91.872907167440161,199.06390267037742,True,True,4.6740000000000002e-07,True,False,11,Central_Coast|Hunter_Valley_exc_Newcastle|Newcastle_and_Lake_Macquarie|Sydney_City_and_Inner_South|Sydney_Eastern_Suburbs|Sydney_Inner_South_West|Sydney_Inner_West|Sydney_Northern_Beaches|Sydney_Parramatta|Sydney_Ryde|Sydney_Sutherland
au,Sydney_North_Sydney_and_Hornsby,Uni,,20,100,0.90000000000000002,MVA_equivalent_PF1,524.59090000000003,0.2529809421544294,132.71150012764008,77.636091240384985,0.14799359127347611,True,0.16152712253420173,55.835493558209727,0,102.4134862422715,55.673966435675524,102.4134862422715,True,True,6.7399999999999981e-08,True,False,11,Central_Coast|Hunter_Valley_exc_Newcastle|Newcastle_and_Lake_Macquarie|Sydney_City_and_Inner_South|Sydney_Eastern_Suburbs|Sydney_Inner_South_West|Sydney_Inner_West|Sydney_Northern_Beaches|Sydney_Parramatta|Sydney_Ryde|Sydney_Sutherland
au,Sydney_North_Sydney_and_Hornsby,Uni,,20,300,0.90000000000000002,MVA_equivalent_PF1,524.59090000000003,0.2529809421544294,132.71150012764008,77.636091240384985,0.14799359127347611,True,13.920075204917106,132.71150012764014,0,180.97820927688542,118.79142492272302,180.97820927688542,True,True,2.6739999999999997e-07,True,False,11,Central_Coast|Hunter_Valley_exc_Newcastle|Newcastle_and_Lake_Macquarie|Sydney_City_and_Inner_South|Sydney_Eastern_Suburbs|Sydney_Inner_South_West|Sydney_Inner_West|Sydney_Northern_Beaches|Sydney_Parramatta|Sydney_Ryde|Sydney_Sutherland
au,Sydney_North_Sydney_and_Hornsby,Uni,,20,500,0.90000000000000002,MVA_equivalent_PF1,524.59090000000003,0.2529809421544294,132.71150012764008,77.636091240384985,0.14799359127347611,True,13.920075204917161,132.71150012764014,1.1368683772161603e-13,252.900938180943,118.79142492272297,252.90093818094289,True,True,4.6740000000000002e-07,True,False,11,Central_Coast|Hunter_Valley_exc_Newcastle|Newcastle_and_Lake_Macquarie|Sydney_City_and_Inner_South|Sydney_Eastern_Suburbs|Sydney_Inner_South_West|Sydney_Inner_West|Sydney_Northern_Beaches|Sydney_Parramatta|Sydney_Ryde|Sydney_Sutherland
au,Sydney_North_Sydney_and_Hornsby,Uni,,20,100,1,MVA_equivalent_PF1,524.59090000000003,0.56636303530589271,297.10889441785008,77.636091240384985,0.14799359127347611,True,0.16152712253420173,219.9763514904329,0,266.81088053248152,219.81482436789869,266.81088053248152,True,True,6.7399999999999981e-08,True,False,11,Central_Coast|Hunter_Valley_exc_Newcastle|Newcastle_and_Lake_Macquarie|Sydney_City_and_Inner_South|Sydney_Eastern_Suburbs|Sydney_Inner_South_West|Sydney_Inner_West|Sydney_Northern_Beaches|Sydney_Parramatta|Sydney_Ryde|Sydney_Sutherland
au,Sydney_North_Sydney_and_Hornsby,Uni,,20,300,1,MVA_equivalent_PF1,524.59090000000003,0.56636303530589271,297.10889441785008,77.636091240384985,0.14799359127347611,True,13.920075204917106,297.10889441785008,0,345.37560356709537,283.18881921293297,345.37560356709537,True,True,2.6739999999999997e-07,True,False,11,Central_Coast|Hunter_Valley_exc_Newcastle|Newcastle_and_Lake_Macquarie|Sydney_City_and_Inner_South|Sydney_Eastern_Suburbs|Sydney_Inner_South_West|Sydney_Inner_West|Sydney_Northern_Beaches|Sydney_Parramatta|Sydney_Ryde|Sydney_Sutherland
au,Sydney_North_Sydney_and_Hornsby,Uni,,20,500,1,MVA_equivalent_PF1,524.59090000000003,0.56636303530589271,297.10889441785008,77.636091240384985,0.14799359127347611,True,13.920075204917161,297.10889441785008,1.1368683772161603e-13,545.37560356709537,283.18881921293291,545.37560356709525,True,True,4.6740000000000002e-07,True,False,11,Central_Coast|Hunter_Valley_exc_Newcastle|Newcastle_and_Lake_Macquarie|Sydney_City_and_Inner_South|Sydney_Eastern_Suburbs|Sydney_Inner_South_West|Sydney_Inner_West|Sydney_Northern_Beaches|Sydney_Parramatta|Sydney_Ryde|Sydney_Sutherland
au,Sydney_North_Sydney_and_Hornsby,LU,,10,100,0.5,MVA_equivalent_PF1,524.59090000000003,0.19273053199304105,101.10468323570821,110.83008566826845,0.21126955436754324,False,9.654269999227127,75.609993163878272,1.2762499999999988,44.115829665024791,65.955723164651147,42.839579665024793,True,True,1.0000000000000001e-07,False,False,11,Central_Coast|Hunter_Valley_exc_Newcastle|Newcastle_and_Lake_Macquarie|Sydney_City_and_Inner_South|Sydney_Eastern_Suburbs|Sydney_Inner_South_West|Sydney_Inner_West|Sydney_Northern_Beaches|Sydney_Parramatta|Sydney_Ryde|Sydney_Sutherland
au,Sydney_North_Sydney_and_Hornsby,LU,,10,300,0.5,MVA_equivalent_PF1,524.59090000000003,0.19273053199304105,101.10468323570821,110.83008566826845,0.21126955436754324,False,18.932868866594095,101.10468323570825,9.5000000000000284,188.77471286416912,82.171814369114159,179.27471286416909,True,True,3.0000000000000004e-07,False,False,11,Central_Coast|Hunter_Valley_exc_Newcastle|Newcastle_and_Lake_Macquarie|Sydney_City_and_Inner_South|Sydney_Eastern_Suburbs|Sydney_Inner_South_West|Sydney_Inner_West|Sydney_Northern_Beaches|Sydney_Parramatta|Sydney_Ryde|Sydney_Sutherland
au,Sydney_North_Sydney_and_Hornsby,LU,,10,500,0.5,MVA_equivalent_PF1,524.59090000000003,0.19273053199304105,101.10468323570821,110.83008566826845,0.21126955436754324,False,18.932868866594095,101.10468323570825,9.5000000000000568,190.18743644344428,82.171814369114159,180.68743644344423,True,True,5.0000000000000008e-07,False,False,11,Central_Coast|Hunter_Valley_exc_Newcastle|Newcastle_and_Lake_Macquarie|Sydney_City_and_Inner_South|Sydney_Eastern_Suburbs|Sydney_Inner_South_West|Sydney_Inner_West|Sydney_Northern_Beaches|Sydney_Parramatta|Sydney_Ryde|Sydney_Sutherland
au,Sydney_North_Sydney_and_Hornsby,LU,,10,100,0.80000000000000004,MVA_equivalent_PF1,524.59090000000003,0.27652582273620779,145.06293022242772,110.83008566826845,0.21126955436754324,True,9.654269999227127,119.45491095118074,1.2762499999999988,88.074076651744306,109.80064095195361,86.797826651744302,True,True,1.0000000000000001e-07,False,False,11,Central_Coast|Hunter_Valley_exc_Newcastle|Newcastle_and_Lake_Macquarie|Sydney_City_and_Inner_South|Sydney_Eastern_Suburbs|Sydney_Inner_South_West|Sydney_Inner_West|Sydney_Northern_Beaches|Sydney_Parramatta|Sydney_Ryde|Sydney_Sutherland
au,Sydney_North_Sydney_and_Hornsby,LU,,10,300,0.80000000000000004,MVA_equivalent_PF1,524.59090000000003,0.27652582273620779,145.06293022242772,110.83008566826845,0.21126955436754324,True,18.932868866594095,145.06293022242772,9.5000000000000284,232.98319701462327,126.13006135583363,223.48319701462324,True,True,3.0000000000000004e-07,False,False,11,Central_Coast|Hunter_Valley_exc_Newcastle|Newcastle_and_Lake_Macquarie|Sydney_City_and_Inner_South|Sydney_Eastern_Suburbs|Sydney_Inner_South_West|Sydney_Inner_West|Sydney_Northern_Beaches|Sydney_Parramatta|Sydney_Ryde|Sydney_Sutherland
au,Sydney_North_Sydney_and_Hornsby,LU,,10,500,0.80000000000000004,MVA_equivalent_PF1,524.59090000000003,0.27652582273620779,145.06293022242772,110.83008566826845,0.21126955436754324,True,18.932868866594095,145.06293022242775,9.5000000000000568,278.1039304168832,126.13006135583366,268.60393041688314,True,True,5.0000000000000008e-07,False,False,11,Central_Coast|Hunter_Valley_exc_Newcastle|Newcastle_and_Lake_Macquarie|Sydney_City_and_Inner_South|Sydney_Eastern_Suburbs|Sydney_Inner_South_West|Sydney_Inner_West|Sydney_Northern_Beaches|Sydney_Parramatta|Sydney_Ryde|Sydney_Sutherland
au,Sydney_North_Sydney_and_Hornsby,LU,,10,100,0.90000000000000002,MVA_equivalent_PF1,524.59090000000003,0.29934727037426312,157.03485397817803,110.83008566826845,0.21126955436754324,True,9.654269999227127,131.42683470693109,1.2762499999999988,100.04600040749463,121.77256470770396,98.769750407494627,True,True,1.0000000000000001e-07,False,False,11,Central_Coast|Hunter_Valley_exc_Newcastle|Newcastle_and_Lake_Macquarie|Sydney_City_and_Inner_South|Sydney_Eastern_Suburbs|Sydney_Inner_South_West|Sydney_Inner_West|Sydney_Northern_Beaches|Sydney_Parramatta|Sydney_Ryde|Sydney_Sutherland
au,Sydney_North_Sydney_and_Hornsby,LU,,10,300,0.90000000000000002,MVA_equivalent_PF1,524.59090000000003,0.29934727037426312,157.03485397817803,110.83008566826845,0.21126955436754324,True,18.932868866594095,157.03485397817806,9.5000000000000284,244.95512077037353,138.10198511158396,235.4551207703735,True,True,3.0000000000000004e-07,False,False,11,Central_Coast|Hunter_Valley_exc_Newcastle|Newcastle_and_Lake_Macquarie|Sydney_City_and_Inner_South|Sydney_Eastern_Suburbs|Sydney_Inner_South_West|Sydney_Inner_West|Sydney_Northern_Beaches|Sydney_Parramatta|Sydney_Ryde|Sydney_Sutherland
au,Sydney_North_Sydney_and_Hornsby,LU,,10,500,0.90000000000000002,MVA_equivalent_PF1,524.59090000000003,0.29934727037426312,157.03485397817803,110.83008566826845,0.21126955436754324,True,18.932868866594095,157.03485397817806,9.5000000000000568,302.04777792838388,138.10198511158396,292.54777792838382,True,True,5.0000000000000008e-07,False,False,11,Central_Coast|Hunter_Valley_exc_Newcastle|Newcastle_and_Lake_Macquarie|Sydney_City_and_Inner_South|Sydney_Eastern_Suburbs|Sydney_Inner_South_West|Sydney_Inner_West|Sydney_Northern_Beaches|Sydney_Parramatta|Sydney_Ryde|Sydney_Sutherland
au,Sydney_North_Sydney_and_Hornsby,LU,,10,100,1,MVA_equivalent_PF1,524.59090000000003,0.49347582631342024,258.87292785400081,110.83008566826845,0.21126955436754324,True,9.654269999227127,233.26490858275386,1.2762499999999988,201.8840742833174,223.61063858352674,200.6078242833174,True,True,1.0000000000000001e-07,False,False,11,Central_Coast|Hunter_Valley_exc_Newcastle|Newcastle_and_Lake_Macquarie|Sydney_City_and_Inner_South|Sydney_Eastern_Suburbs|Sydney_Inner_South_West|Sydney_Inner_West|Sydney_Northern_Beaches|Sydney_Parramatta|Sydney_Ryde|Sydney_Sutherland
au,Sydney_North_Sydney_and_Hornsby,LU,,10,300,1,MVA_equivalent_PF1,524.59090000000003,0.49347582631342024,258.87292785400081,110.83008566826845,0.21126955436754324,True,18.932868866594095,258.87292785400086,9.5000000000000284,346.7931946461963,239.94005898740676,337.2931946461963,True,True,3.0000000000000004e-07,False,False,11,Central_Coast|Hunter_Valley_exc_Newcastle|Newcastle_and_Lake_Macquarie|Sydney_City_and_Inner_South|Sydney_Eastern_Suburbs|Sydney_Inner_South_West|Sydney_Inner_West|Sydney_Northern_Beaches|Sydney_Parramatta|Sydney_Ryde|Sydney_Sutherland
au,Sydney_North_Sydney_and_Hornsby,LU,,10,500,1,MVA_equivalent_PF1,524.59090000000003,0.49347582631342024,258.87292785400081,110.83008566826845,0.21126955436754324,True,18.932868866594095,258.87292785400086,9.5000000000000568,505.72392568002954,239.94005898740676,496.22392568002948,True,True,5.0000000000000008e-07,False,False,11,Central_Coast|Hunter_Valley_exc_Newcastle|Newcastle_and_Lake_Macquarie|Sydney_City_and_Inner_South|Sydney_Eastern_Suburbs|Sydney_Inner_South_West|Sydney_Inner_West|Sydney_Northern_Beaches|Sydney_Parramatta|Sydney_Ryde|Sydney_Sutherland
au,Sydney_North_Sydney_and_Hornsby,LU,,20,100,0.5,MVA_equivalent_PF1,524.59090000000003,0.00040553903616190621,0.21274208796530694,81.262538257587096,0.15490649620034791,False,0.16059162983156397,0.0024465340116013863,0,0,-0.15814509581996258,0,False,True,6.7399999999999981e-08,True,True,11,Central_Coast|Hunter_Valley_exc_Newcastle|Newcastle_and_Lake_Macquarie|Sydney_City_and_Inner_South|Sydney_Eastern_Suburbs|Sydney_Inner_South_West|Sydney_Inner_West|Sydney_Northern_Beaches|Sydney_Parramatta|Sydney_Ryde|Sydney_Sutherland
au,Sydney_North_Sydney_and_Hornsby,LU,,20,300,0.5,MVA_equivalent_PF1,524.59090000000003,0.00040553903616190621,0.21274208796530694,81.262538257587096,0.15490649620034791,False,14.141589857323433,0.21274208796533056,0,0.022797000963720393,-13.928847769358104,0.022797000963720393,False,True,2.6739999999999997e-07,True,False,11,Central_Coast|Hunter_Valley_exc_Newcastle|Newcastle_and_Lake_Macquarie|Sydney_City_and_Inner_South|Sydney_Eastern_Suburbs|Sydney_Inner_South_West|Sydney_Inner_West|Sydney_Northern_Beaches|Sydney_Parramatta|Sydney_Ryde|Sydney_Sutherland
au,Sydney_North_Sydney_and_Hornsby,LU,,20,500,0.5,MVA_equivalent_PF1,524.59090000000003,0.00040553903616190621,0.21274208796530694,81.262538257587096,0.15490649620034791,False,14.141589857323485,0.21274208796533542,1.1368683772161603e-13,0.022797000963720393,-13.92884776935815,0.022797000963606706,False,True,4.6740000000000002e-07,True,False,11,Central_Coast|Hunter_Valley_exc_Newcastle|Newcastle_and_Lake_Macquarie|Sydney_City_and_Inner_South|Sydney_Eastern_Suburbs|Sydney_Inner_South_West|Sydney_Inner_West|Sydney_Northern_Beaches|Sydney_Parramatta|Sydney_Ryde|Sydney_Sutherland
au,Sydney_North_Sydney_and_Hornsby,LU,,20,100,0.80000000000000004,MVA_equivalent_PF1,524.59090000000003,0.19620928093451631,102.92960327379076,81.262538257587096,0.15490649620034791,True,0.16059162983156397,27.46167860268163,0,72.479344791768227,27.301086972850065,72.479344791768227,True,True,6.7399999999999981e-08,True,False,11,Central_Coast|Hunter_Valley_exc_Newcastle|Newcastle_and_Lake_Macquarie|Sydney_City_and_Inner_South|Sydney_Eastern_Suburbs|Sydney_Inner_South_West|Sydney_Inner_West|Sydney_Northern_Beaches|Sydney_Parramatta|Sydney_Ryde|Sydney_Sutherland
au,Sydney_North_Sydney_and_Hornsby,LU,,20,300,0.80000000000000004,MVA_equivalent_PF1,524.59090000000003,0.19620928093451631,102.92960327379076,81.262538257587096,0.15490649620034791,True,14.141589857323433,102.92960327379076,0,148.3445312914468,88.788013416467322,148.3445312914468,True,True,2.6739999999999997e-07,True,False,11,Central_Coast|Hunter_Valley_exc_Newcastle|Newcastle_and_Lake_Macquarie|Sydney_City_and_Inner_South|Sydney_Eastern_Suburbs|Sydney_Inner_South_West|Sydney_Inner_West|Sydney_Northern_Beaches|Sydney_Parramatta|Sydney_Ryde|Sydney_Sutherland
au,Sydney_North_Sydney_and_Hornsby,LU,,20,500,0.80000000000000004,MVA_equivalent_PF1,524.59090000000003,0.19620928093451631,102.92960327379076,81.262538257587096,0.15490649620034791,True,14.141589857323485,102.92960327379079,1.1368683772161603e-13,192.99886689945191,88.788013416467308,192.9988668994518,True,True,4.6740000000000002e-07,True,False,11,Central_Coast|Hunter_Valley_exc_Newcastle|Newcastle_and_Lake_Macquarie|Sydney_City_and_Inner_South|Sydney_Eastern_Suburbs|Sydney_Inner_South_West|Sydney_Inner_West|Sydney_Northern_Beaches|Sydney_Parramatta|Sydney_Ryde|Sydney_Sutherland
au,Sydney_North_Sydney_and_Hornsby,LU,,20,100,0.90000000000000002,MVA_equivalent_PF1,524.59090000000003,0.27311790403589015,143.27516708430124,81.262538257587096,0.15490649620034791,True,0.16059162983156397,65.92033359299657,0,112.82490860227867,65.759741963165013,112.82490860227867,True,True,6.7399999999999981e-08,True,False,11,Central_Coast|Hunter_Valley_exc_Newcastle|Newcastle_and_Lake_Macquarie|Sydney_City_and_Inner_South|Sydney_Eastern_Suburbs|Sydney_Inner_South_West|Sydney_Inner_West|Sydney_Northern_Beaches|Sydney_Parramatta|Sydney_Ryde|Sydney_Sutherland
au,Sydney_North_Sydney_and_Hornsby,LU,,20,300,0.90000000000000002,MVA_equivalent_PF1,524.59090000000003,0.27311790403589015,143.27516708430124,81.262538257587096,0.15490649620034791,True,14.141589857323433,143.27516708430127,0,188.69009510195721,129.13357722697785,188.69009510195721,True,True,2.6739999999999997e-07,True,False,11,Central_Coast|Hunter_Valley_exc_Newcastle|Newcastle_and_Lake_Macquarie|Sydney_City_and_Inner_South|Sydney_Eastern_Suburbs|Sydney_Inner_South_West|Sydney_Inner_West|Sydney_Northern_Beaches|Sydney_Parramatta|Sydney_Ryde|Sydney_Sutherland
au,Sydney_North_Sydney_and_Hornsby,LU,,20,500,0.90000000000000002,MVA_equivalent_PF1,524.59090000000003,0.27311790403589015,143.27516708430124,81.262538257587096,0.15490649620034791,True,14.141589857323485,143.2751670843013,1.1368683772161603e-13,273.68999452047285,129.13357722697782,273.68999452047274,True,True,4.6740000000000002e-07,True,False,11,Central_Coast|Hunter_Valley_exc_Newcastle|Newcastle_and_Lake_Macquarie|Sydney_City_and_Inner_South|Sydney_Eastern_Suburbs|Sydney_Inner_South_West|Sydney_Inner_West|Sydney_Northern_Beaches|Sydney_Parramatta|Sydney_Ryde|Sydney_Sutherland
au,Sydney_North_Sydney_and_Hornsby,LU,,20,100,1,MVA_equivalent_PF1,524.59090000000003,0.49327160243123641,258.76579386384452,81.262538257587096,0.15490649620034791,True,0.16059162983156397,181.29461191876379,0,228.31553538182189,181.13402028893222,228.31553538182189,True,True,6.7399999999999981e-08,True,False,11,Central_Coast|Hunter_Valley_exc_Newcastle|Newcastle_and_Lake_Macquarie|Sydney_City_and_Inner_South|Sydney_Eastern_Suburbs|Sydney_Inner_South_West|Sydney_Inner_West|Sydney_Northern_Beaches|Sydney_Parramatta|Sydney_Ryde|Sydney_Sutherland
au,Sydney_North_Sydney_and_Hornsby,LU,,20,300,1,MVA_equivalent_PF1,524.59090000000003,0.49327160243123641,258.76579386384452,81.262538257587096,0.15490649620034791,True,14.141589857323433,258.76579386384446,0,304.18072188150057,244.62420400652104,304.18072188150057,True,True,2.6739999999999997e-07,True,False,11,Central_Coast|Hunter_Valley_exc_Newcastle|Newcastle_and_Lake_Macquarie|Sydney_City_and_Inner_South|Sydney_Eastern_Suburbs|Sydney_Inner_South_West|Sydney_Inner_West|Sydney_Northern_Beaches|Sydney_Parramatta|Sydney_Ryde|Sydney_Sutherland
au,Sydney_North_Sydney_and_Hornsby,LU,,20,500,1,MVA_equivalent_PF1,524.59090000000003,0.49327160243123641,258.76579386384452,81.262538257587096,0.15490649620034791,True,14.141589857323485,258.76579386384446,1.1368683772161603e-13,503.31816589171069,244.62420400652098,503.31816589171058,True,True,4.6740000000000002e-07,True,False,11,Central_Coast|Hunter_Valley_exc_Newcastle|Newcastle_and_Lake_Macquarie|Sydney_City_and_Inner_South|Sydney_Eastern_Suburbs|Sydney_Inner_South_West|Sydney_Inner_West|Sydney_Northern_Beaches|Sydney_Parramatta|Sydney_Ryde|Sydney_Sutherland
au,Sydney_North_Sydney_and_Hornsby,GNN,42,10,100,0.5,MVA_equivalent_PF1,524.59090000000003,0.22845422632684889,119.84500819760537,123.18707283840126,0.23482502810933484,False,13.835646100488526,91.788767770147146,11.386249999999995,80.077640618516398,77.953121669658614,68.691390618516408,True,True,1.0000000000000001e-07,False,False,11,Central_Coast|Hunter_Valley_exc_Newcastle|Newcastle_and_Lake_Macquarie|Sydney_City_and_Inner_South|Sydney_Eastern_Suburbs|Sydney_Inner_South_West|Sydney_Inner_West|Sydney_Northern_Beaches|Sydney_Parramatta|Sydney_Ryde|Sydney_Sutherland
au,Sydney_North_Sydney_and_Hornsby,GNN,42,10,300,0.5,MVA_equivalent_PF1,524.59090000000003,0.22845422632684889,119.84500819760537,123.18707283840126,0.23482502810933484,False,26.282653237026231,119.84500819760538,11.875000000000028,195.49085378946543,93.562354960579142,183.6158537894654,True,True,3.0000000000000004e-07,False,False,11,Central_Coast|Hunter_Valley_exc_Newcastle|Newcastle_and_Lake_Macquarie|Sydney_City_and_Inner_South|Sydney_Eastern_Suburbs|Sydney_Inner_South_West|Sydney_Inner_West|Sydney_Northern_Beaches|Sydney_Parramatta|Sydney_Ryde|Sydney_Sutherland
au,Sydney_North_Sydney_and_Hornsby,GNN,42,10,500,0.5,MVA_equivalent_PF1,524.59090000000003,0.22845422632684889,119.84500819760537,123.18707283840126,0.23482502810933484,False,26.282653237026235,119.84500819760538,11.875,224.89609626612415,93.562354960579142,213.02109626612415,True,True,5.0000000000000008e-07,False,False,11,Central_Coast|Hunter_Valley_exc_Newcastle|Newcastle_and_Lake_Macquarie|Sydney_City_and_Inner_South|Sydney_Eastern_Suburbs|Sydney_Inner_South_West|Sydney_Inner_West|Sydney_Northern_Beaches|Sydney_Parramatta|Sydney_Ryde|Sydney_Sutherland
au,Sydney_North_Sydney_and_Hornsby,GNN,42,10,100,0.80000000000000004,MVA_equivalent_PF1,524.59090000000003,0.45237314614858387,237.31083587391717,123.18707283840126,0.23482502810933484,True,13.835646100488526,209.20488673129904,11.386249999999995,197.54346829482819,195.36924063081051,186.1572182948282,True,True,1.0000000000000001e-07,False,False,11,Central_Coast|Hunter_Valley_exc_Newcastle|Newcastle_and_Lake_Macquarie|Sydney_City_and_Inner_South|Sydney_Eastern_Suburbs|Sydney_Inner_South_West|Sydney_Inner_West|Sydney_Northern_Beaches|Sydney_Parramatta|Sydney_Ryde|Sydney_Sutherland
au,Sydney_North_Sydney_and_Hornsby,GNN,42,10,300,0.80000000000000004,MVA_equivalent_PF1,524.59090000000003,0.45237314614858387,237.31083587391717,123.18707283840126,0.23482502810933484,True,26.282653237026231,237.31083587391726,11.875000000000028,312.95668146577725,211.02818263689102,301.08168146577725,True,True,3.0000000000000004e-07,False,False,11,Central_Coast|Hunter_Valley_exc_Newcastle|Newcastle_and_Lake_Macquarie|Sydney_City_and_Inner_South|Sydney_Eastern_Suburbs|Sydney_Inner_South_West|Sydney_Inner_West|Sydney_Northern_Beaches|Sydney_Parramatta|Sydney_Ryde|Sydney_Sutherland
au,Sydney_North_Sydney_and_Hornsby,GNN,42,10,500,0.80000000000000004,MVA_equivalent_PF1,524.59090000000003,0.45237314614858387,237.31083587391717,123.18707283840126,0.23482502810933484,True,26.282653237026235,237.31083587391726,11.875,459.82775161874758,211.02818263689102,447.95275161874758,True,True,5.0000000000000008e-07,False,False,11,Central_Coast|Hunter_Valley_exc_Newcastle|Newcastle_and_Lake_Macquarie|Sydney_City_and_Inner_South|Sydney_Eastern_Suburbs|Sydney_Inner_South_West|Sydney_Inner_West|Sydney_Northern_Beaches|Sydney_Parramatta|Sydney_Ryde|Sydney_Sutherland
au,Sydney_North_Sydney_and_Hornsby,GNN,42,10,100,0.90000000000000002,MVA_equivalent_PF1,524.59090000000003,0.53510168569732042,280.70947489147449,123.18707283840126,0.23482502810933484,True,13.835646100488526,252.60352574885636,11.386249999999995,240.94210731238545,238.76787964836782,229.55585731238546,True,True,1.0000000000000001e-07,False,False,11,Central_Coast|Hunter_Valley_exc_Newcastle|Newcastle_and_Lake_Macquarie|Sydney_City_and_Inner_South|Sydney_Eastern_Suburbs|Sydney_Inner_South_West|Sydney_Inner_West|Sydney_Northern_Beaches|Sydney_Parramatta|Sydney_Ryde|Sydney_Sutherland
au,Sydney_North_Sydney_and_Hornsby,GNN,42,10,300,0.90000000000000002,MVA_equivalent_PF1,524.59090000000003,0.53510168569732042,280.70947489147449,123.18707283840126,0.23482502810933484,True,26.282653237026231,280.70947489147449,11.875000000000028,356.35532048333459,254.42682165444825,344.48032048333459,True,True,3.0000000000000004e-07,False,False,11,Central_Coast|Hunter_Valley_exc_Newcastle|Newcastle_and_Lake_Macquarie|Sydney_City_and_Inner_South|Sydney_Eastern_Suburbs|Sydney_Inner_South_West|Sydney_Inner_West|Sydney_Northern_Beaches|Sydney_Parramatta|Sydney_Ryde|Sydney_Sutherland
au,Sydney_North_Sydney_and_Hornsby,GNN,42,10,500,0.90000000000000002,MVA_equivalent_PF1,524.59090000000003,0.53510168569732042,280.70947489147449,123.18707283840126,0.23482502810933484,True,26.282653237026235,280.7094748914746,11.875,546.62502965386227,254.42682165444836,534.75002965386227,True,True,5.0000000000000008e-07,False,False,11,Central_Coast|Hunter_Valley_exc_Newcastle|Newcastle_and_Lake_Macquarie|Sydney_City_and_Inner_South|Sydney_Eastern_Suburbs|Sydney_Inner_South_West|Sydney_Inner_West|Sydney_Northern_Beaches|Sydney_Parramatta|Sydney_Ryde|Sydney_Sutherland
au,Sydney_North_Sydney_and_Hornsby,GNN,42,10,100,1,MVA_equivalent_PF1,524.59090000000003,0.58475619670486811,306.75777950998383,123.18707283840126,0.23482502810933484,True,13.835646100488526,278.65183036736573,11.386249999999995,266.99041193089477,264.8161842668772,255.60416193089478,True,True,1.0000000000000001e-07,False,False,11,Central_Coast|Hunter_Valley_exc_Newcastle|Newcastle_and_Lake_Macquarie|Sydney_City_and_Inner_South|Sydney_Eastern_Suburbs|Sydney_Inner_South_West|Sydney_Inner_West|Sydney_Northern_Beaches|Sydney_Parramatta|Sydney_Ryde|Sydney_Sutherland
au,Sydney_North_Sydney_and_Hornsby,GNN,42,10,300,1,MVA_equivalent_PF1,524.59090000000003,0.58475619670486811,306.75777950998383,123.18707283840126,0.23482502810933484,True,26.282653237026231,306.75777950998383,11.875000000000028,382.40362510184394,280.4751262729576,370.52862510184389,True,True,3.0000000000000004e-07,False,False,11,Central_Coast|Hunter_Valley_exc_Newcastle|Newcastle_and_Lake_Macquarie|Sydney_City_and_Inner_South|Sydney_Eastern_Suburbs|Sydney_Inner_South_West|Sydney_Inner_West|Sydney_Northern_Beaches|Sydney_Parramatta|Sydney_Ryde|Sydney_Sutherland
au,Sydney_North_Sydney_and_Hornsby,GNN,42,10,500,1,MVA_equivalent_PF1,524.59090000000003,0.58475619670486811,306.75777950998383,123.18707283840126,0.23482502810933484,True,26.282653237026235,306.75777950998383,11.875,582.40362510184389,280.4751262729576,570.52862510184389,True,True,5.0000000000000008e-07,False,False,11,Central_Coast|Hunter_Valley_exc_Newcastle|Newcastle_and_Lake_Macquarie|Sydney_City_and_Inner_South|Sydney_Eastern_Suburbs|Sydney_Inner_South_West|Sydney_Inner_West|Sydney_Northern_Beaches|Sydney_Parramatta|Sydney_Ryde|Sydney_Sutherland
au,Sydney_North_Sydney_and_Hornsby,GNN,42,20,100,0.5,MVA_equivalent_PF1,524.59090000000003,0.0008433870642696055,0.44243317909355023,84.90783267221434,0.16185532892815016,False,0.10413882887468821,0.0050879815595757235,0,0,-0.099050847315112489,0,False,True,6.7399999999999981e-08,True,True,11,Central_Coast|Hunter_Valley_exc_Newcastle|Newcastle_and_Lake_Macquarie|Sydney_City_and_Inner_South|Sydney_Eastern_Suburbs|Sydney_Inner_South_West|Sydney_Inner_West|Sydney_Northern_Beaches|Sydney_Parramatta|Sydney_Ryde|Sydney_Sutherland
au,Sydney_North_Sydney_and_Hornsby,GNN,42,20,300,0.5,MVA_equivalent_PF1,524.59090000000003,0.0008433870642696055,0.44243317909355023,84.90783267221434,0.16185532892815016,False,17.50239979627035,0.44243317909354141,0,0.052843611544136596,-17.059966617176809,0.052843611544136596,False,True,2.6739999999999997e-07,True,False,11,Central_Coast|Hunter_Valley_exc_Newcastle|Newcastle_and_Lake_Macquarie|Sydney_City_and_Inner_South|Sydney_Eastern_Suburbs|Sydney_Inner_South_West|Sydney_Inner_West|Sydney_Northern_Beaches|Sydney_Parramatta|Sydney_Ryde|Sydney_Sutherland
au,Sydney_North_Sydney_and_Hornsby,GNN,42,20,500,0.5,MVA_equivalent_PF1,524.59090000000003,0.0008433870642696055,0.44243317909355023,84.90783267221434,0.16185532892815016,False,17.502399796270407,0.44243317909354585,1.1368683772161603e-13,0.052843611544136596,-17.059966617176862,0.052843611544022909,False,True,4.6740000000000002e-07,True,False,11,Central_Coast|Hunter_Valley_exc_Newcastle|Newcastle_and_Lake_Macquarie|Sydney_City_and_Inner_South|Sydney_Eastern_Suburbs|Sydney_Inner_South_West|Sydney_Inner_West|Sydney_Northern_Beaches|Sydney_Parramatta|Sydney_Ryde|Sydney_Sutherland
au,Sydney_North_Sydney_and_Hornsby,GNN,42,20,100,0.80000000000000004,MVA_equivalent_PF1,524.59090000000003,0.25155565525979678,131.96380759282653,84.90783267221434,0.16185532892815016,True,0.10413882887468821,51.332816590520459,0,93.796614129735673,51.22867776164577,93.796614129735673,True,True,6.7399999999999981e-08,True,False,11,Central_Coast|Hunter_Valley_exc_Newcastle|Newcastle_and_Lake_Macquarie|Sydney_City_and_Inner_South|Sydney_Eastern_Suburbs|Sydney_Inner_South_West|Sydney_Inner_West|Sydney_Northern_Beaches|Sydney_Parramatta|Sydney_Ryde|Sydney_Sutherland
au,Sydney_North_Sydney_and_Hornsby,GNN,42,20,300,0.80000000000000004,MVA_equivalent_PF1,524.59090000000003,0.25155565525979678,131.96380759282653,84.90783267221434,0.16185532892815016,True,17.50239979627035,131.9638075928265,0,174.74335373232435,114.46140779655614,174.74335373232435,True,True,2.6739999999999997e-07,True,False,11,Central_Coast|Hunter_Valley_exc_Newcastle|Newcastle_and_Lake_Macquarie|Sydney_City_and_Inner_South|Sydney_Eastern_Suburbs|Sydney_Inner_South_West|Sydney_Inner_West|Sydney_Northern_Beaches|Sydney_Parramatta|Sydney_Ryde|Sydney_Sutherland
au,Sydney_North_Sydney_and_Hornsby,GNN,42,20,500,0.80000000000000004,MVA_equivalent_PF1,524.59090000000003,0.25155565525979678,131.96380759282653,84.90783267221434,0.16185532892815016,True,17.502399796270407,131.96380759282653,1.1368683772161603e-13,240.01426519098555,114.46140779655612,240.01426519098544,True,True,4.6740000000000002e-07,True,False,11,Central_Coast|Hunter_Valley_exc_Newcastle|Newcastle_and_Lake_Macquarie|Sydney_City_and_Inner_South|Sydney_Eastern_Suburbs|Sydney_Inner_South_West|Sydney_Inner_West|Sydney_Northern_Beaches|Sydney_Parramatta|Sydney_Ryde|Sydney_Sutherland
au,Sydney_North_Sydney_and_Hornsby,GNN,42,20,100,0.90000000000000002,MVA_equivalent_PF1,524.59090000000003,0.50129439675573606,262.97447875904868,84.90783267221434,0.16185532892815016,True,0.10413882887468821,182.07748833133576,0,224.8072852959578,181.97334950246108,224.8072852959578,True,True,6.7399999999999981e-08,True,False,11,Central_Coast|Hunter_Valley_exc_Newcastle|Newcastle_and_Lake_Macquarie|Sydney_City_and_Inner_South|Sydney_Eastern_Suburbs|Sydney_Inner_South_West|Sydney_Inner_West|Sydney_Northern_Beaches|Sydney_Parramatta|Sydney_Ryde|Sydney_Sutherland
au,Sydney_North_Sydney_and_Hornsby,GNN,42,20,300,0.90000000000000002,MVA_equivalent_PF1,524.59090000000003,0.50129439675573606,262.97447875904868,84.90783267221434,0.16185532892815016,True,17.50239979627035,262.97447875904874,0,305.75402489854656,245.4720789627784,305.75402489854656,True,True,2.6739999999999997e-07,True,False,11,Central_Coast|Hunter_Valley_exc_Newcastle|Newcastle_and_Lake_Macquarie|Sydney_City_and_Inner_South|Sydney_Eastern_Suburbs|Sydney_Inner_South_West|Sydney_Inner_West|Sydney_Northern_Beaches|Sydney_Parramatta|Sydney_Ryde|Sydney_Sutherland
au,Sydney_North_Sydney_and_Hornsby,GNN,42,20,500,0.90000000000000002,MVA_equivalent_PF1,524.59090000000003,0.50129439675573606,262.97447875904868,84.90783267221434,0.16185532892815016,True,17.502399796270407,262.97447875904879,1.1368683772161603e-13,502.0356075234298,245.4720789627784,502.03560752342969,True,True,4.6740000000000002e-07,True,False,11,Central_Coast|Hunter_Valley_exc_Newcastle|Newcastle_and_Lake_Macquarie|Sydney_City_and_Inner_South|Sydney_Eastern_Suburbs|Sydney_Inner_South_West|Sydney_Inner_West|Sydney_Northern_Beaches|Sydney_Parramatta|Sydney_Ryde|Sydney_Sutherland
au,Sydney_North_Sydney_and_Hornsby,GNN,42,20,100,1,MVA_equivalent_PF1,524.59090000000003,0.52981960863964972,277.93854533392164,84.90783267221434,0.16185532892815016,True,0.10413882887468821,197.04155490620875,0,239.77135187083076,196.93741607733406,239.77135187083076,True,True,6.7399999999999981e-08,True,False,11,Central_Coast|Hunter_Valley_exc_Newcastle|Newcastle_and_Lake_Macquarie|Sydney_City_and_Inner_South|Sydney_Eastern_Suburbs|Sydney_Inner_South_West|Sydney_Inner_West|Sydney_Northern_Beaches|Sydney_Parramatta|Sydney_Ryde|Sydney_Sutherland
au,Sydney_North_Sydney_and_Hornsby,GNN,42,20,300,1,MVA_equivalent_PF1,524.59090000000003,0.52981960863964972,277.93854533392164,84.90783267221434,0.16185532892815016,True,17.50239979627035,277.9385453339217,0,320.71809147341958,260.43614553765133,320.71809147341958,True,True,2.6739999999999997e-07,True,False,11,Central_Coast|Hunter_Valley_exc_Newcastle|Newcastle_and_Lake_Macquarie|Sydney_City_and_Inner_South|Sydney_Eastern_Suburbs|Sydney_Inner_South_West|Sydney_Inner_West|Sydney_Northern_Beaches|Sydney_Parramatta|Sydney_Ryde|Sydney_Sutherland
au,Sydney_North_Sydney_and_Hornsby,GNN,42,20,500,1,MVA_equivalent_PF1,524.59090000000003,0.52981960863964972,277.93854533392164,84.90783267221434,0.16185532892815016,True,17.502399796270407,277.93854533392181,1.1368683772161603e-13,520.71809147341946,260.43614553765138,520.71809147341935,True,True,4.6740000000000002e-07,True,False,11,Central_Coast|Hunter_Valley_exc_Newcastle|Newcastle_and_Lake_Macquarie|Sydney_City_and_Inner_South|Sydney_Eastern_Suburbs|Sydney_Inner_South_West|Sydney_Inner_West|Sydney_Northern_Beaches|Sydney_Parramatta|Sydney_Ryde|Sydney_Sutherland
au,Sydney_North_Sydney_and_Hornsby,GNN,123,10,100,0.5,MVA_equivalent_PF1,524.59090000000003,0.2110810432425036,110.73119444752389,113.0063975841623,0.21541814313622729,False,13.43556426108419,81.558163899498965,1.2762499999999988,69.182375283137333,68.122599638414769,67.906125283137328,True,True,1.0000000000000001e-07,False,False,11,Central_Coast|Hunter_Valley_exc_Newcastle|Newcastle_and_Lake_Macquarie|Sydney_City_and_Inner_South|Sydney_Eastern_Suburbs|Sydney_Inner_South_West|Sydney_Inner_West|Sydney_Northern_Beaches|Sydney_Parramatta|Sydney_Ryde|Sydney_Sutherland
au,Sydney_North_Sydney_and_Hornsby,GNN,123,10,300,0.5,MVA_equivalent_PF1,524.59090000000003,0.2110810432425036,110.73119444752389,113.0063975841623,0.21541814313622729,False,26.676195463118578,110.73119444752389,2.3750000000000284,186.72688996980114,84.054998984405316,184.35188996980111,True,True,3.0000000000000004e-07,False,False,11,Central_Coast|Hunter_Valley_exc_Newcastle|Newcastle_and_Lake_Macquarie|Sydney_City_and_Inner_South|Sydney_Eastern_Suburbs|Sydney_Inner_South_West|Sydney_Inner_West|Sydney_Northern_Beaches|Sydney_Parramatta|Sydney_Ryde|Sydney_Sutherland
au,Sydney_North_Sydney_and_Hornsby,GNN,123,10,500,0.5,MVA_equivalent_PF1,524.59090000000003,0.2110810432425036,110.73119444752389,113.0063975841623,0.21541814313622729,False,26.676195463118571,110.73119444752392,2.3750000000000568,208.12174137193469,84.054998984405344,205.74674137193463,True,True,5.0000000000000008e-07,False,False,11,Central_Coast|Hunter_Valley_exc_Newcastle|Newcastle_and_Lake_Macquarie|Sydney_City_and_Inner_South|Sydney_Eastern_Suburbs|Sydney_Inner_South_West|Sydney_Inner_West|Sydney_Northern_Beaches|Sydney_Parramatta|Sydney_Ryde|Sydney_Sutherland
au,Sydney_North_Sydney_and_Hornsby,GNN,123,10,100,0.80000000000000004,MVA_equivalent_PF1,524.59090000000003,0.34821629882811056,182.67110159690748,113.0063975841623,0.21541814313622729,True,13.43556426108419,153.35646322509012,1.2762499999999988,141.12228243252099,139.92089896400594,139.84603243252099,True,True,1.0000000000000001e-07,False,False,11,Central_Coast|Hunter_Valley_exc_Newcastle|Newcastle_and_Lake_Macquarie|Sydney_City_and_Inner_South|Sydney_Eastern_Suburbs|Sydney_Inner_South_West|Sydney_Inner_West|Sydney_Northern_Beaches|Sydney_Parramatta|Sydney_Ryde|Sydney_Sutherland
au,Sydney_North_Sydney_and_Hornsby,GNN,123,10,300,0.80000000000000004,MVA_equivalent_PF1,524.59090000000003,0.34821629882811056,182.67110159690748,113.0063975841623,0.21541814313622729,True,26.676195463118578,182.67110159690753,2.3750000000000284,258.66679711918476,155.99490613378896,256.29179711918471,True,True,3.0000000000000004e-07,False,False,11,Central_Coast|Hunter_Valley_exc_Newcastle|Newcastle_and_Lake_Macquarie|Sydney_City_and_Inner_South|Sydney_Eastern_Suburbs|Sydney_Inner_South_West|Sydney_Inner_West|Sydney_Northern_Beaches|Sydney_Parramatta|Sydney_Ryde|Sydney_Sutherland
au,Sydney_North_Sydney_and_Hornsby,GNN,123,10,500,0.80000000000000004,MVA_equivalent_PF1,524.59090000000003,0.34821629882811056,182.67110159690748,113.0063975841623,0.21541814313622729,True,26.676195463118571,182.67110159690753,2.3750000000000568,352.00155567070209,155.99490613378896,349.62655567070203,True,True,5.0000000000000008e-07,False,False,11,Central_Coast|Hunter_Valley_exc_Newcastle|Newcastle_and_Lake_Macquarie|Sydney_City_and_Inner_South|Sydney_Eastern_Suburbs|Sydney_Inner_South_West|Sydney_Inner_West|Sydney_Northern_Beaches|Sydney_Parramatta|Sydney_Ryde|Sydney_Sutherland
au,Sydney_North_Sydney_and_Hornsby,GNN,123,10,100,0.90000000000000002,MVA_equivalent_PF1,524.59090000000003,0.37061202851314679,194.41969758853733,113.0063975841623,0.21541814313622729,True,13.43556426108419,165.10505921672001,1.2762499999999988,152.87087842415079,151.66949495563583,151.59462842415078,True,True,1.0000000000000001e-07,False,False,11,Central_Coast|Hunter_Valley_exc_Newcastle|Newcastle_and_Lake_Macquarie|Sydney_City_and_Inner_South|Sydney_Eastern_Suburbs|Sydney_Inner_South_West|Sydney_Inner_West|Sydney_Northern_Beaches|Sydney_Parramatta|Sydney_Ryde|Sydney_Sutherland
au,Sydney_North_Sydney_and_Hornsby,GNN,123,10,300,0.90000000000000002,MVA_equivalent_PF1,524.59090000000003,0.37061202851314679,194.41969758853733,113.0063975841623,0.21541814313622729,True,26.676195463118578,194.41969758853742,2.3750000000000284,270.41539311081465,167.74350212541884,268.04039311081465,True,True,3.0000000000000004e-07,False,False,11,Central_Coast|Hunter_Valley_exc_Newcastle|Newcastle_and_Lake_Macquarie|Sydney_City_and_Inner_South|Sydney_Eastern_Suburbs|Sydney_Inner_South_West|Sydney_Inner_West|Sydney_Northern_Beaches|Sydney_Parramatta|Sydney_Ryde|Sydney_Sutherland
au,Sydney_North_Sydney_and_Hornsby,GNN,123,10,500,0.90000000000000002,MVA_equivalent_PF1,524.59090000000003,0.37061202851314679,194.41969758853733,113.0063975841623,0.21541814313622729,True,26.676195463118571,194.41969758853742,2.3750000000000568,375.49874765396152,167.74350212541884,373.12374765396146,True,True,5.0000000000000008e-07,False,False,11,Central_Coast|Hunter_Valley_exc_Newcastle|Newcastle_and_Lake_Macquarie|Sydney_City_and_Inner_South|Sydney_Eastern_Suburbs|Sydney_Inner_South_West|Sydney_Inner_West|Sydney_Northern_Beaches|Sydney_Parramatta|Sydney_Ryde|Sydney_Sutherland
au,Sydney_North_Sydney_and_Hornsby,GNN,123,10,100,1,MVA_equivalent_PF1,524.59090000000003,0.38396670436305569,201.42543901184933,113.0063975841623,0.21541814313622729,True,13.43556426108419,172.11080064003198,1.2762499999999988,159.87661984746279,158.6752363789478,158.60036984746279,True,True,1.0000000000000001e-07,False,False,11,Central_Coast|Hunter_Valley_exc_Newcastle|Newcastle_and_Lake_Macquarie|Sydney_City_and_Inner_South|Sydney_Eastern_Suburbs|Sydney_Inner_South_West|Sydney_Inner_West|Sydney_Northern_Beaches|Sydney_Parramatta|Sydney_Ryde|Sydney_Sutherland
au,Sydney_North_Sydney_and_Hornsby,GNN,123,10,300,1,MVA_equivalent_PF1,524.59090000000003,0.38396670436305569,201.42543901184933,113.0063975841623,0.21541814313622729,True,26.676195463118578,201.42543901184939,2.3750000000000284,277.42113453412662,174.74924354873082,275.04613453412662,True,True,3.0000000000000004e-07,False,False,11,Central_Coast|Hunter_Valley_exc_Newcastle|Newcastle_and_Lake_Macquarie|Sydney_City_and_Inner_South|Sydney_Eastern_Suburbs|Sydney_Inner_South_West|Sydney_Inner_West|Sydney_Northern_Beaches|Sydney_Parramatta|Sydney_Ryde|Sydney_Sutherland
au,Sydney_North_Sydney_and_Hornsby,GNN,123,10,500,1,MVA_equivalent_PF1,524.59090000000003,0.38396670436305569,201.42543901184933,113.0063975841623,0.21541814313622729,True,26.676195463118571,201.42543901184939,2.3750000000000568,389.51023050058564,174.74924354873082,387.13523050058558,True,True,5.0000000000000008e-07,False,False,11,Central_Coast|Hunter_Valley_exc_Newcastle|Newcastle_and_Lake_Macquarie|Sydney_City_and_Inner_South|Sydney_Eastern_Suburbs|Sydney_Inner_South_West|Sydney_Inner_West|Sydney_Northern_Beaches|Sydney_Parramatta|Sydney_Ryde|Sydney_Sutherland
au,Sydney_North_Sydney_and_Hornsby,GNN,123,20,100,0.5,MVA_equivalent_PF1,524.59090000000003,0.00057459481566623691,0.30142721148568535,76.808851315369452,0.14641666737903658,False,0.10156229833115855,0.0034664129320860866,0,0,-0.098095885399072463,0,False,True,6.7399999999999981e-08,True,True,11,Central_Coast|Hunter_Valley_exc_Newcastle|Newcastle_and_Lake_Macquarie|Sydney_City_and_Inner_South|Sydney_Eastern_Suburbs|Sydney_Inner_South_West|Sydney_Inner_West|Sydney_Northern_Beaches|Sydney_Parramatta|Sydney_Ryde|Sydney_Sutherland
au,Sydney_North_Sydney_and_Hornsby,GNN,123,20,300,0.5,MVA_equivalent_PF1,524.59090000000003,0.00057459481566623691,0.30142721148568535,76.808851315369452,0.14641666737903658,False,17.84055369538364,0.30142721148571977,1.629999999999967,0,-17.53912648389792,-1.629999999999967,False,False,2.6739999999999997e-07,False,True,11,Central_Coast|Hunter_Valley_exc_Newcastle|Newcastle_and_Lake_Macquarie|Sydney_City_and_Inner_South|Sydney_Eastern_Suburbs|Sydney_Inner_South_West|Sydney_Inner_West|Sydney_Northern_Beaches|Sydney_Parramatta|Sydney_Ryde|Sydney_Sutherland
au,Sydney_North_Sydney_and_Hornsby,GNN,123,20,500,0.5,MVA_equivalent_PF1,524.59090000000003,0.00057459481566623691,0.30142721148568535,76.808851315369452,0.14641666737903658,False,17.840553695383697,0.30142721148572671,1.6300000000001091,0,-17.53912648389797,-1.6300000000001091,False,False,4.6740000000000002e-07,False,True,11,Central_Coast|Hunter_Valley_exc_Newcastle|Newcastle_and_Lake_Macquarie|Sydney_City_and_Inner_South|Sydney_Eastern_Suburbs|Sydney_Inner_South_West|Sydney_Inner_West|Sydney_Northern_Beaches|Sydney_Parramatta|Sydney_Ryde|Sydney_Sutherland
au,Sydney_North_Sydney_and_Hornsby,GNN,123,20,100,0.80000000000000004,MVA_equivalent_PF1,524.59090000000003,0.22323888111487536,117.10908555904548,76.808851315369452,0.14641666737903658,True,0.10156229833115855,36.515198483500711,0,78.51656403431798,36.413636185169551,78.51656403431798,True,True,6.7399999999999981e-08,True,False,11,Central_Coast|Hunter_Valley_exc_Newcastle|Newcastle_and_Lake_Macquarie|Sydney_City_and_Inner_South|Sydney_Eastern_Suburbs|Sydney_Inner_South_West|Sydney_Inner_West|Sydney_Northern_Beaches|Sydney_Parramatta|Sydney_Ryde|Sydney_Sutherland
au,Sydney_North_Sydney_and_Hornsby,GNN,123,20,300,0.80000000000000004,MVA_equivalent_PF1,524.59090000000003,0.22323888111487536,117.10908555904548,76.808851315369452,0.14641666737903658,True,17.84055369538364,117.10908555904551,1.629999999999967,169.37755308771418,99.268531863661877,167.74755308771421,True,True,2.6739999999999997e-07,False,False,11,Central_Coast|Hunter_Valley_exc_Newcastle|Newcastle_and_Lake_Macquarie|Sydney_City_and_Inner_South|Sydney_Eastern_Suburbs|Sydney_Inner_South_West|Sydney_Inner_West|Sydney_Northern_Beaches|Sydney_Parramatta|Sydney_Ryde|Sydney_Sutherland
au,Sydney_North_Sydney_and_Hornsby,GNN,123,20,500,0.80000000000000004,MVA_equivalent_PF1,524.59090000000003,0.22323888111487536,117.10908555904548,76.808851315369452,0.14641666737903658,True,17.840553695383697,117.10908555904551,1.6300000000001091,211.67014355689017,99.268531863661821,210.04014355689006,True,True,4.6740000000000002e-07,False,False,11,Central_Coast|Hunter_Valley_exc_Newcastle|Newcastle_and_Lake_Macquarie|Sydney_City_and_Inner_South|Sydney_Eastern_Suburbs|Sydney_Inner_South_West|Sydney_Inner_West|Sydney_Northern_Beaches|Sydney_Parramatta|Sydney_Ryde|Sydney_Sutherland
au,Sydney_North_Sydney_and_Hornsby,GNN,123,20,100,0.90000000000000002,MVA_equivalent_PF1,524.59090000000003,0.26075909777749601,136.79184978628464,76.808851315369452,0.14641666737903658,True,0.10156229833115855,55.819136223969032,0,98.199328261557127,55.717573925637872,98.199328261557127,True,True,6.7399999999999981e-08,True,False,11,Central_Coast|Hunter_Valley_exc_Newcastle|Newcastle_and_Lake_Macquarie|Sydney_City_and_Inner_South|Sydney_Eastern_Suburbs|Sydney_Inner_South_West|Sydney_Inner_West|Sydney_Northern_Beaches|Sydney_Parramatta|Sydney_Ryde|Sydney_Sutherland
au,Sydney_North_Sydney_and_Hornsby,GNN,123,20,300,0.90000000000000002,MVA_equivalent_PF1,524.59090000000003,0.26075909777749601,136.79184978628464,76.808851315369452,0.14641666737903658,True,17.84055369538364,136.79184978628467,1.629999999999967,189.06031731495332,118.95129609090102,187.43031731495336,True,True,2.6739999999999997e-07,False,False,11,Central_Coast|Hunter_Valley_exc_Newcastle|Newcastle_and_Lake_Macquarie|Sydney_City_and_Inner_South|Sydney_Eastern_Suburbs|Sydney_Inner_South_West|Sydney_Inner_West|Sydney_Northern_Beaches|Sydney_Parramatta|Sydney_Ryde|Sydney_Sutherland
au,Sydney_North_Sydney_and_Hornsby,GNN,123,20,500,0.90000000000000002,MVA_equivalent_PF1,524.59090000000003,0.26075909777749601,136.79184978628464,76.808851315369452,0.14641666737903658,True,17.840553695383697,136.79184978628467,1.6300000000001091,251.03567201136849,118.95129609090097,249.40567201136838,True,True,4.6740000000000002e-07,False,False,11,Central_Coast|Hunter_Valley_exc_Newcastle|Newcastle_and_Lake_Macquarie|Sydney_City_and_Inner_South|Sydney_Eastern_Suburbs|Sydney_Inner_South_West|Sydney_Inner_West|Sydney_Northern_Beaches|Sydney_Parramatta|Sydney_Ryde|Sydney_Sutherland
au,Sydney_North_Sydney_and_Hornsby,GNN,123,20,100,1,MVA_equivalent_PF1,524.59090000000003,0.5565618206190055,291.96726638416266,76.808851315369452,0.14641666737903658,True,0.10156229833115855,210.86719676416101,0,253.37474485943511,210.76563446582986,253.37474485943511,True,True,6.7399999999999981e-08,True,False,11,Central_Coast|Hunter_Valley_exc_Newcastle|Newcastle_and_Lake_Macquarie|Sydney_City_and_Inner_South|Sydney_Eastern_Suburbs|Sydney_Inner_South_West|Sydney_Inner_West|Sydney_Northern_Beaches|Sydney_Parramatta|Sydney_Ryde|Sydney_Sutherland
au,Sydney_North_Sydney_and_Hornsby,GNN,123,20,300,1,MVA_equivalent_PF1,524.59090000000003,0.5565618206190055,291.96726638416266,76.808851315369452,0.14641666737903658,True,17.84055369538364,291.96726638416271,1.629999999999967,344.23573391283134,274.12671268877909,342.6057339128314,True,True,2.6739999999999997e-07,False,False,11,Central_Coast|Hunter_Valley_exc_Newcastle|Newcastle_and_Lake_Macquarie|Sydney_City_and_Inner_South|Sydney_Eastern_Suburbs|Sydney_Inner_South_West|Sydney_Inner_West|Sydney_Northern_Beaches|Sydney_Parramatta|Sydney_Ryde|Sydney_Sutherland
au,Sydney_North_Sydney_and_Hornsby,GNN,123,20,500,1,MVA_equivalent_PF1,524.59090000000003,0.5565618206190055,291.96726638416266,76.808851315369452,0.14641666737903658,True,17.840553695383697,291.96726638416271,1.6300000000001091,544.23573391283128,274.12671268877904,542.60573391283117,True,True,4.6740000000000002e-07,False,False,11,Central_Coast|Hunter_Valley_exc_Newcastle|Newcastle_and_Lake_Macquarie|Sydney_City_and_Inner_South|Sydney_Eastern_Suburbs|Sydney_Inner_South_West|Sydney_Inner_West|Sydney_Northern_Beaches|Sydney_Parramatta|Sydney_Ryde|Sydney_Sutherland
au,Sydney_North_Sydney_and_Hornsby,GNN,456,10,100,0.5,MVA_equivalent_PF1,524.59090000000003,0.33368561973054411,175.04843957150391,120.53111777186257,0.22976212086763717,True,13.590196066921839,146.68637753705767,8.0162499999999959,133.31736603077647,133.09618147013583,125.30111603077647,True,True,1.0000000000000001e-07,False,False,11,Central_Coast|Hunter_Valley_exc_Newcastle|Newcastle_and_Lake_Macquarie|Sydney_City_and_Inner_South|Sydney_Eastern_Suburbs|Sydney_Inner_South_West|Sydney_Inner_West|Sydney_Northern_Beaches|Sydney_Parramatta|Sydney_Ryde|Sydney_Sutherland
au,Sydney_North_Sydney_and_Hornsby,GNN,456,10,300,0.5,MVA_equivalent_PF1,524.59090000000003,0.33368561973054411,175.04843957150391,120.53111777186257,0.22976212086763717,True,26.196347335976018,175.04843957150391,4.7500000000000284,251.11980825579454,148.85209223552789,246.36980825579451,True,True,3.0000000000000004e-07,False,False,11,Central_Coast|Hunter_Valley_exc_Newcastle|Newcastle_and_Lake_Macquarie|Sydney_City_and_Inner_South|Sydney_Eastern_Suburbs|Sydney_Inner_South_West|Sydney_Inner_West|Sydney_Northern_Beaches|Sydney_Parramatta|Sydney_Ryde|Sydney_Sutherland
au,Sydney_North_Sydney_and_Hornsby,GNN,456,10,500,0.5,MVA_equivalent_PF1,524.59090000000003,0.33368561973054411,175.04843957150391,120.53111777186257,0.22976212086763717,True,26.196347335976014,175.04843957150391,4.7500000000000568,338.09647883044596,148.85209223552789,333.3464788304459,True,True,5.0000000000000008e-07,False,False,11,Central_Coast|Hunter_Valley_exc_Newcastle|Newcastle_and_Lake_Macquarie|Sydney_City_and_Inner_South|Sydney_Eastern_Suburbs|Sydney_Inner_South_West|Sydney_Inner_West|Sydney_Northern_Beaches|Sydney_Parramatta|Sydney_Ryde|Sydney_Sutherland
au,Sydney_North_Sydney_and_Hornsby,GNN,456,10,100,0.80000000000000004,MVA_equivalent_PF1,524.59090000000003,0.42134464876692135,221.03356850682317,120.53111777186257,0.22976212086763717,True,13.590196066921839,192.67150647237693,8.0162499999999959,179.30249496609574,179.0813104054551,171.28624496609575,True,True,1.0000000000000001e-07,False,False,11,Central_Coast|Hunter_Valley_exc_Newcastle|Newcastle_and_Lake_Macquarie|Sydney_City_and_Inner_South|Sydney_Eastern_Suburbs|Sydney_Inner_South_West|Sydney_Inner_West|Sydney_Northern_Beaches|Sydney_Parramatta|Sydney_Ryde|Sydney_Sutherland
au,Sydney_North_Sydney_and_Hornsby,GNN,456,10,300,0.80000000000000004,MVA_equivalent_PF1,524.59090000000003,0.42134464876692135,221.03356850682317,120.53111777186257,0.22976212086763717,True,26.196347335976018,221.03356850682312,4.7500000000000284,297.10493719111383,194.8372211708471,292.35493719111378,True,True,3.0000000000000004e-07,False,False,11,Central_Coast|Hunter_Valley_exc_Newcastle|Newcastle_and_Lake_Macquarie|Sydney_City_and_Inner_South|Sydney_Eastern_Suburbs|Sydney_Inner_South_West|Sydney_Inner_West|Sydney_Northern_Beaches|Sydney_Parramatta|Sydney_Ryde|Sydney_Sutherland
au,Sydney_North_Sydney_and_Hornsby,GNN,456,10,500,0.80000000000000004,MVA_equivalent_PF1,524.59090000000003,0.42134464876692135,221.03356850682317,120.53111777186257,0.22976212086763717,True,26.196347335976014,221.03356850682314,4.7500000000000568,430.06673670108449,194.83722117084713,425.31673670108444,True,True,5.0000000000000008e-07,False,False,11,Central_Coast|Hunter_Valley_exc_Newcastle|Newcastle_and_Lake_Macquarie|Sydney_City_and_Inner_South|Sydney_Eastern_Suburbs|Sydney_Inner_South_West|Sydney_Inner_West|Sydney_Northern_Beaches|Sydney_Parramatta|Sydney_Ryde|Sydney_Sutherland
au,Sydney_North_Sydney_and_Hornsby,GNN,456,10,100,0.90000000000000002,MVA_equivalent_PF1,524.59090000000003,0.56026948450350456,293.91227311822951,120.53111777186257,0.22976212086763717,True,13.590196066921839,265.55021108378332,8.0162499999999959,252.1811995775021,251.96001501686149,244.16494957750211,True,True,1.0000000000000001e-07,False,False,11,Central_Coast|Hunter_Valley_exc_Newcastle|Newcastle_and_Lake_Macquarie|Sydney_City_and_Inner_South|Sydney_Eastern_Suburbs|Sydney_Inner_South_West|Sydney_Inner_West|Sydney_Northern_Beaches|Sydney_Parramatta|Sydney_Ryde|Sydney_Sutherland
au,Sydney_North_Sydney_and_Hornsby,GNN,456,10,300,0.90000000000000002,MVA_equivalent_PF1,524.59090000000003,0.56026948450350456,293.91227311822951,120.53111777186257,0.22976212086763717,True,26.196347335976018,293.91227311822956,4.7500000000000284,369.98364180252014,267.71592578225352,365.23364180252008,True,True,3.0000000000000004e-07,False,False,11,Central_Coast|Hunter_Valley_exc_Newcastle|Newcastle_and_Lake_Macquarie|Sydney_City_and_Inner_South|Sydney_Eastern_Suburbs|Sydney_Inner_South_West|Sydney_Inner_West|Sydney_Northern_Beaches|Sydney_Parramatta|Sydney_Ryde|Sydney_Sutherland
au,Sydney_North_Sydney_and_Hornsby,GNN,456,10,500,0.90000000000000002,MVA_equivalent_PF1,524.59090000000003,0.56026948450350456,293.91227311822951,120.53111777186257,0.22976212086763717,True,26.196347335976014,293.91227311822956,4.7500000000000568,569.9836418025202,267.71592578225352,565.2336418025202,True,True,5.0000000000000008e-07,False,False,11,Central_Coast|Hunter_Valley_exc_Newcastle|Newcastle_and_Lake_Macquarie|Sydney_City_and_Inner_South|Sydney_Eastern_Suburbs|Sydney_Inner_South_West|Sydney_Inner_West|Sydney_Northern_Beaches|Sydney_Parramatta|Sydney_Ryde|Sydney_Sutherland
au,Sydney_North_Sydney_and_Hornsby,GNN,456,10,100,1,MVA_equivalent_PF1,524.59090000000003,0.59205489131675215,310.58660828525723,120.53111777186257,0.22976212086763717,True,13.590196066921839,282.22454625081104,8.0162499999999959,268.85553474452985,268.63435018388918,260.83928474452983,True,True,1.0000000000000001e-07,False,False,11,Central_Coast|Hunter_Valley_exc_Newcastle|Newcastle_and_Lake_Macquarie|Sydney_City_and_Inner_South|Sydney_Eastern_Suburbs|Sydney_Inner_South_West|Sydney_Inner_West|Sydney_Northern_Beaches|Sydney_Parramatta|Sydney_Ryde|Sydney_Sutherland
au,Sydney_North_Sydney_and_Hornsby,GNN,456,10,300,1,MVA_equivalent_PF1,524.59090000000003,0.59205489131675215,310.58660828525723,120.53111777186257,0.22976212086763717,True,26.196347335976018,310.58660828525711,4.7500000000000284,386.65797696954786,284.39026094928107,381.9079769695478,True,True,3.0000000000000004e-07,False,False,11,Central_Coast|Hunter_Valley_exc_Newcastle|Newcastle_and_Lake_Macquarie|Sydney_City_and_Inner_South|Sydney_Eastern_Suburbs|Sydney_Inner_South_West|Sydney_Inner_West|Sydney_Northern_Beaches|Sydney_Parramatta|Sydney_Ryde|Sydney_Sutherland
au,Sydney_North_Sydney_and_Hornsby,GNN,456,10,500,1,MVA_equivalent_PF1,524.59090000000003,0.59205489131675215,310.58660828525723,120.53111777186257,0.22976212086763717,True,26.196347335976014,310.58660828525717,4.7500000000000568,586.65797696954792,284.39026094928113,581.90797696954792,True,True,5.0000000000000008e-07,False,False,11,Central_Coast|Hunter_Valley_exc_Newcastle|Newcastle_and_Lake_Macquarie|Sydney_City_and_Inner_South|Sydney_Eastern_Suburbs|Sydney_Inner_South_West|Sydney_Inner_West|Sydney_Northern_Beaches|Sydney_Parramatta|Sydney_Ryde|Sydney_Sutherland
au,Sydney_North_Sydney_and_Hornsby,GNN,456,20,100,0.5,MVA_equivalent_PF1,524.59090000000003,0.00069645120551833841,0.36535196470895015,84.161260661198014,0.16043217802900891,False,0.091240671991420011,0.0042015475941533393,0,0,-0.087039124397266673,0,False,True,6.7399999999999981e-08,True,True,11,Central_Coast|Hunter_Valley_exc_Newcastle|Newcastle_and_Lake_Macquarie|Sydney_City_and_Inner_South|Sydney_Eastern_Suburbs|Sydney_Inner_South_West|Sydney_Inner_West|Sydney_Northern_Beaches|Sydney_Parramatta|Sydney_Ryde|Sydney_Sutherland
au,Sydney_North_Sydney_and_Hornsby,GNN,456,20,300,0.5,MVA_equivalent_PF1,524.59090000000003,0.00069645120551833841,0.36535196470895015,84.161260661198014,0.16043217802900891,False,17.268243105107409,0.36535196470896708,0,0.026396864527771412,-16.902891140398442,0.026396864527771412,False,True,2.6739999999999997e-07,True,False,11,Central_Coast|Hunter_Valley_exc_Newcastle|Newcastle_and_Lake_Macquarie|Sydney_City_and_Inner_South|Sydney_Eastern_Suburbs|Sydney_Inner_South_West|Sydney_Inner_West|Sydney_Northern_Beaches|Sydney_Parramatta|Sydney_Ryde|Sydney_Sutherland
au,Sydney_North_Sydney_and_Hornsby,GNN,456,20,500,0.5,MVA_equivalent_PF1,524.59090000000003,0.00069645120551833841,0.36535196470895015,84.161260661198014,0.16043217802900891,False,17.268243105107466,0.36535196470897252,1.1368683772161603e-13,0.026396864527771412,-16.902891140398495,0.026396864527657726,False,True,4.6740000000000002e-07,True,False,11,Central_Coast|Hunter_Valley_exc_Newcastle|Newcastle_and_Lake_Macquarie|Sydney_City_and_Inner_South|Sydney_Eastern_Suburbs|Sydney_Inner_South_West|Sydney_Inner_West|Sydney_Northern_Beaches|Sydney_Parramatta|Sydney_Ryde|Sydney_Sutherland
au,Sydney_North_Sydney_and_Hornsby,GNN,456,20,100,0.80000000000000004,MVA_equivalent_PF1,524.59090000000003,0.27461631380204293,144.06121921209612,84.161260661198014,0.16043217802900891,True,0.091240671991420011,63.487996048620069,0,105.85323350510176,63.396755376628647,105.85323350510176,True,True,6.7399999999999981e-08,True,False,11,Central_Coast|Hunter_Valley_exc_Newcastle|Newcastle_and_Lake_Macquarie|Sydney_City_and_Inner_South|Sydney_Eastern_Suburbs|Sydney_Inner_South_West|Sydney_Inner_West|Sydney_Northern_Beaches|Sydney_Parramatta|Sydney_Ryde|Sydney_Sutherland
au,Sydney_North_Sydney_and_Hornsby,GNN,456,20,300,0.80000000000000004,MVA_equivalent_PF1,524.59090000000003,0.27461631380204293,144.06121921209612,84.161260661198014,0.16043217802900891,True,17.268243105107409,144.06121921209612,0,190.82650697698142,126.7929761069887,190.82650697698142,True,True,2.6739999999999997e-07,True,False,11,Central_Coast|Hunter_Valley_exc_Newcastle|Newcastle_and_Lake_Macquarie|Sydney_City_and_Inner_South|Sydney_Eastern_Suburbs|Sydney_Inner_South_West|Sydney_Inner_West|Sydney_Northern_Beaches|Sydney_Parramatta|Sydney_Ryde|Sydney_Sutherland
au,Sydney_North_Sydney_and_Hornsby,GNN,456,20,500,0.80000000000000004,MVA_equivalent_PF1,524.59090000000003,0.27461631380204293,144.06121921209612,84.161260661198014,0.16043217802900891,True,17.268243105107466,144.06121921209612,1.1368683772161603e-13,265.64320617683126,126.79297610698865,265.64320617683114,True,True,4.6740000000000002e-07,True,False,11,Central_Coast|Hunter_Valley_exc_Newcastle|Newcastle_and_Lake_Macquarie|Sydney_City_and_Inner_South|Sydney_Eastern_Suburbs|Sydney_Inner_South_West|Sydney_Inner_West|Sydney_Northern_Beaches|Sydney_Parramatta|Sydney_Ryde|Sydney_Sutherland
au,Sydney_North_Sydney_and_Hornsby,GNN,456,20,100,0.90000000000000002,MVA_equivalent_PF1,524.59090000000003,0.55350404524109131,290.36318524666484,84.161260661198014,0.16043217802900891,True,0.091240671991420011,209.67422462418907,0,252.15519953967046,209.58298395219765,252.15519953967046,True,True,6.7399999999999981e-08,True,False,11,Central_Coast|Hunter_Valley_exc_Newcastle|Newcastle_and_Lake_Macquarie|Sydney_City_and_Inner_South|Sydney_Eastern_Suburbs|Sydney_Inner_South_West|Sydney_Inner_West|Sydney_Northern_Beaches|Sydney_Parramatta|Sydney_Ryde|Sydney_Sutherland
au,Sydney_North_Sydney_and_Hornsby,GNN,456,20,300,0.90000000000000002,MVA_equivalent_PF1,524.59090000000003,0.55350404524109131,290.36318524666484,84.161260661198014,0.16043217802900891,True,17.268243105107409,290.36318524666484,0,337.12847301155017,273.09494214155745,337.12847301155017,True,True,2.6739999999999997e-07,True,False,11,Central_Coast|Hunter_Valley_exc_Newcastle|Newcastle_and_Lake_Macquarie|Sydney_City_and_Inner_South|Sydney_Eastern_Suburbs|Sydney_Inner_South_West|Sydney_Inner_West|Sydney_Northern_Beaches|Sydney_Parramatta|Sydney_Ryde|Sydney_Sutherland
au,Sydney_North_Sydney_and_Hornsby,GNN,456,20,500,0.90000000000000002,MVA_equivalent_PF1,524.59090000000003,0.55350404524109131,290.36318524666484,84.161260661198014,0.16043217802900891,True,17.268243105107466,290.3631852466649,1.1368683772161603e-13,537.12847301155011,273.09494214155745,537.12847301155,True,True,4.6740000000000002e-07,True,False,11,Central_Coast|Hunter_Valley_exc_Newcastle|Newcastle_and_Lake_Macquarie|Sydney_City_and_Inner_South|Sydney_Eastern_Suburbs|Sydney_Inner_South_West|Sydney_Inner_West|Sydney_Northern_Beaches|Sydney_Parramatta|Sydney_Ryde|Sydney_Sutherland
au,Sydney_North_Sydney_and_Hornsby,GNN,456,20,100,1,MVA_equivalent_PF1,524.59090000000003,0.76965969573667559,403.75647248022881,84.161260661198014,0.16043217802900891,True,0.091240671991420011,323.06751185775306,0,365.5484867732344,322.97627118576162,365.5484867732344,True,True,6.7399999999999981e-08,True,False,11,Central_Coast|Hunter_Valley_exc_Newcastle|Newcastle_and_Lake_Macquarie|Sydney_City_and_Inner_South|Sydney_Eastern_Suburbs|Sydney_Inner_South_West|Sydney_Inner_West|Sydney_Northern_Beaches|Sydney_Parramatta|Sydney_Ryde|Sydney_Sutherland
au,Sydney_North_Sydney_and_Hornsby,GNN,456,20,300,1,MVA_equivalent_PF1,524.59090000000003,0.76965969573667559,403.75647248022881,84.161260661198014,0.16043217802900891,True,17.268243105107409,403.75647248022875,0,450.52176024511408,386.48822937512136,450.52176024511408,True,True,2.6739999999999997e-07,True,False,11,Central_Coast|Hunter_Valley_exc_Newcastle|Newcastle_and_Lake_Macquarie|Sydney_City_and_Inner_South|Sydney_Eastern_Suburbs|Sydney_Inner_South_West|Sydney_Inner_West|Sydney_Northern_Beaches|Sydney_Parramatta|Sydney_Ryde|Sydney_Sutherland
au,Sydney_North_Sydney_and_Hornsby,GNN,456,20,500,1,MVA_equivalent_PF1,524.59090000000003,0.76965969573667559,403.75647248022881,84.161260661198014,0.16043217802900891,True,17.268243105107466,403.75647248022875,1.1368683772161603e-13,650.52176024511402,386.48822937512131,650.52176024511391,True,True,4.6740000000000002e-07,True,False,11,Central_Coast|Hunter_Valley_exc_Newcastle|Newcastle_and_Lake_Macquarie|Sydney_City_and_Inner_South|Sydney_Eastern_Suburbs|Sydney_Inner_South_West|Sydney_Inner_West|Sydney_Northern_Beaches|Sydney_Parramatta|Sydney_Ryde|Sydney_Sutherland
au,Sydney_Northern_Beaches,Uni,,10,100,0.5,MVA_equivalent_PF1,293.17949999999996,0.19554968763536201,57.331159646091606,67.358897238400345,0.22975309405466737,False,13.43192391221859,56.401169079184861,16.283437499999955,50.698828810978497,42.969245166966274,34.415391310978542,True,True,1.0000000000000002e-07,False,False,11,Central_Coast|Hunter_Valley_exc_Newcastle|Newcastle_and_Lake_Macquarie|Sydney_City_and_Inner_South|Sydney_Eastern_Suburbs|Sydney_Inner_South_West|Sydney_Inner_West|Sydney_North_Sydney_and_Hornsby|Sydney_Parramatta|Sydney_Ryde|Sydney_Sutherland
au,Sydney_Northern_Beaches,Uni,,10,300,0.5,MVA_equivalent_PF1,293.17949999999996,0.19554968763536201,57.331159646091606,67.358897238400345,0.22975309405466737,False,14.361914479125343,57.331159646091635,2.2968749999999432,102.38031593197839,42.969245166966289,100.08344093197844,True,True,3.0000000000000004e-07,False,False,11,Central_Coast|Hunter_Valley_exc_Newcastle|Newcastle_and_Lake_Macquarie|Sydney_City_and_Inner_South|Sydney_Eastern_Suburbs|Sydney_Inner_South_West|Sydney_Inner_West|Sydney_North_Sydney_and_Hornsby|Sydney_Parramatta|Sydney_Ryde|Sydney_Sutherland
au,Sydney_Northern_Beaches,Uni,,10,500,0.5,MVA_equivalent_PF1,293.17949999999996,0.19554968763536201,57.331159646091606,67.358897238400345,0.22975309405466737,False,14.361914479125346,57.331159646091642,2.296875,102.38031593197847,42.969245166966296,100.08344093197847,True,True,4.9999999999999998e-07,False,False,11,Central_Coast|Hunter_Valley_exc_Newcastle|Newcastle_and_Lake_Macquarie|Sydney_City_and_Inner_South|Sydney_Eastern_Suburbs|Sydney_Inner_South_West|Sydney_Inner_West|Sydney_North_Sydney_and_Hornsby|Sydney_Parramatta|Sydney_Ryde|Sydney_Sutherland
au,Sydney_Northern_Beaches,Uni,,10,100,0.80000000000000004,MVA_equivalent_PF1,293.17949999999996,0.29362914917335647,86.08604714007005,67.358897238400345,0.22975309405466737,True,13.43192391221859,85.156056573163312,16.283437499999955,79.453716304956956,71.724132660944719,63.170278804957,True,True,1.0000000000000002e-07,False,False,11,Central_Coast|Hunter_Valley_exc_Newcastle|Newcastle_and_Lake_Macquarie|Sydney_City_and_Inner_South|Sydney_Eastern_Suburbs|Sydney_Inner_South_West|Sydney_Inner_West|Sydney_North_Sydney_and_Hornsby|Sydney_Parramatta|Sydney_Ryde|Sydney_Sutherland
au,Sydney_Northern_Beaches,Uni,,10,300,0.80000000000000004,MVA_equivalent_PF1,293.17949999999996,0.29362914917335647,86.08604714007005,67.358897238400345,0.22975309405466737,True,14.361914479125343,86.086047140070093,2.2968749999999432,159.8900909199352,71.724132660944747,157.59321591993526,True,True,3.0000000000000004e-07,False,False,11,Central_Coast|Hunter_Valley_exc_Newcastle|Newcastle_and_Lake_Macquarie|Sydney_City_and_Inner_South|Sydney_Eastern_Suburbs|Sydney_Inner_South_West|Sydney_Inner_West|Sydney_North_Sydney_and_Hornsby|Sydney_Parramatta|Sydney_Ryde|Sydney_Sutherland
au,Sydney_Northern_Beaches,Uni,,10,500,0.80000000000000004,MVA_equivalent_PF1,293.17949999999996,0.29362914917335647,86.08604714007005,67.358897238400345,0.22975309405466737,True,14.361914479125346,86.086047140070093,2.296875,159.8900909199352,71.724132660944747,157.5932159199352,True,True,4.9999999999999998e-07,False,False,11,Central_Coast|Hunter_Valley_exc_Newcastle|Newcastle_and_Lake_Macquarie|Sydney_City_and_Inner_South|Sydney_Eastern_Suburbs|Sydney_Inner_South_West|Sydney_Inner_West|Sydney_North_Sydney_and_Hornsby|Sydney_Parramatta|Sydney_Ryde|Sydney_Sutherland
au,Sydney_Northern_Beaches,Uni,,10,100,0.90000000000000002,MVA_equivalent_PF1,293.17949999999996,0.32825135197067157,96.236567245085496,67.358897238400345,0.22975309405466737,True,13.43192391221859,95.306576678178772,16.283437499999955,89.604236409972401,81.874652765960178,73.320798909972439,True,True,1.0000000000000002e-07,False,False,11,Central_Coast|Hunter_Valley_exc_Newcastle|Newcastle_and_Lake_Macquarie|Sydney_City_and_Inner_South|Sydney_Eastern_Suburbs|Sydney_Inner_South_West|Sydney_Inner_West|Sydney_North_Sydney_and_Hornsby|Sydney_Parramatta|Sydney_Ryde|Sydney_Sutherland
au,Sydney_Northern_Beaches,Uni,,10,300,0.90000000000000002,MVA_equivalent_PF1,293.17949999999996,0.32825135197067157,96.236567245085496,67.358897238400345,0.22975309405466737,True,14.361914479125343,96.236567245085553,2.2968749999999432,180.19113112996621,81.874652765960207,177.89425612996627,True,True,3.0000000000000004e-07,False,False,11,Central_Coast|Hunter_Valley_exc_Newcastle|Newcastle_and_Lake_Macquarie|Sydney_City_and_Inner_South|Sydney_Eastern_Suburbs|Sydney_Inner_South_West|Sydney_Inner_West|Sydney_North_Sydney_and_Hornsby|Sydney_Parramatta|Sydney_Ryde|Sydney_Sutherland
au,Sydney_Northern_Beaches,Uni,,10,500,0.90000000000000002,MVA_equivalent_PF1,293.17949999999996,0.32825135197067157,96.236567245085496,67.358897238400345,0.22975309405466737,True,14.361914479125346,96.236567245085553,2.296875,180.19113112996615,81.874652765960207,177.89425612996615,True,True,4.9999999999999998e-07,False,False,11,Central_Coast|Hunter_Valley_exc_Newcastle|Newcastle_and_Lake_Macquarie|Sydney_City_and_Inner_South|Sydney_Eastern_Suburbs|Sydney_Inner_South_West|Sydney_Inner_West|Sydney_North_Sydney_and_Hornsby|Sydney_Parramatta|Sydney_Ryde|Sydney_Sutherland
au,Sydney_Northern_Beaches,Uni,,10,100,1,MVA_equivalent_PF1,293.17949999999996,0.44609524922203769,130.78598211929238,67.358897238400345,0.22975309405466737,True,13.43192391221859,129.85599155238563,16.283437499999955,124.15365128417929,116.42406764016704,107.87021378417933,True,True,1.0000000000000002e-07,False,False,11,Central_Coast|Hunter_Valley_exc_Newcastle|Newcastle_and_Lake_Macquarie|Sydney_City_and_Inner_South|Sydney_Eastern_Suburbs|Sydney_Inner_South_West|Sydney_Inner_West|Sydney_North_Sydney_and_Hornsby|Sydney_Parramatta|Sydney_Ryde|Sydney_Sutherland
au,Sydney_Northern_Beaches,Uni,,10,300,1,MVA_equivalent_PF1,293.17949999999996,0.44609524922203769,130.78598211929238,67.358897238400345,0.22975309405466737,True,14.361914479125343,130.78598211929238,2.2968749999999432,249.28996087837996,116.42406764016704,246.99308587838001,True,True,3.0000000000000004e-07,False,False,11,Central_Coast|Hunter_Valley_exc_Newcastle|Newcastle_and_Lake_Macquarie|Sydney_City_and_Inner_South|Sydney_Eastern_Suburbs|Sydney_Inner_South_West|Sydney_Inner_West|Sydney_North_Sydney_and_Hornsby|Sydney_Parramatta|Sydney_Ryde|Sydney_Sutherland
au,Sydney_Northern_Beaches,Uni,,10,500,1,MVA_equivalent_PF1,293.17949999999996,0.44609524922203769,130.78598211929238,67.358897238400345,0.22975309405466737,True,14.361914479125346,130.78598211929238,2.296875,249.28996087837996,116.42406764016704,246.99308587837996,True,True,4.9999999999999998e-07,False,False,11,Central_Coast|Hunter_Valley_exc_Newcastle|Newcastle_and_Lake_Macquarie|Sydney_City_and_Inner_South|Sydney_Eastern_Suburbs|Sydney_Inner_South_West|Sydney_Inner_West|Sydney_North_Sydney_and_Hornsby|Sydney_Parramatta|Sydney_Ryde|Sydney_Sutherland
au,Sydney_Northern_Beaches,Uni,,20,100,0.5,MVA_equivalent_PF1,293.17949999999996,0.00039816576206647673,0.1167340390397686,39.451730125199447,0.13456510474026817,False,1.7990990272388308,0.099547580105846772,0.38585937500000123,0,-1.699551447132984,-0.38585937500000123,False,False,5.9695312500000028e-08,False,True,11,Central_Coast|Hunter_Valley_exc_Newcastle|Newcastle_and_Lake_Macquarie|Sydney_City_and_Inner_South|Sydney_Eastern_Suburbs|Sydney_Inner_South_West|Sydney_Inner_West|Sydney_North_Sydney_and_Hornsby|Sydney_Parramatta|Sydney_Ryde|Sydney_Sutherland
au,Sydney_Northern_Beaches,Uni,,20,300,0.5,MVA_equivalent_PF1,293.17949999999996,0.00039816576206647673,0.1167340390397686,39.451730125199447,0.13456510474026817,False,2.4318436810870021,0.11673403903978394,5.3837500000000489,0.0097789819562962062,-2.3151096420472181,-5.3739710180437523,False,False,2.5969531250000002e-07,False,False,11,Central_Coast|Hunter_Valley_exc_Newcastle|Newcastle_and_Lake_Macquarie|Sydney_City_and_Inner_South|Sydney_Eastern_Suburbs|Sydney_Inner_South_West|Sydney_Inner_West|Sydney_North_Sydney_and_Hornsby|Sydney_Parramatta|Sydney_Ryde|Sydney_Sutherland
au,Sydney_Northern_Beaches,Uni,,20,500,0.5,MVA_equivalent_PF1,293.17949999999996,0.00039816576206647673,0.1167340390397686,39.451730125199447,0.13456510474026817,False,2.4318436810870026,0.11673403903978397,5.3837500000000205,0.0097789819562962062,-2.3151096420472186,-5.3739710180437239,False,False,4.5969531250000001e-07,False,False,11,Central_Coast|Hunter_Valley_exc_Newcastle|Newcastle_and_Lake_Macquarie|Sydney_City_and_Inner_South|Sydney_Eastern_Suburbs|Sydney_Inner_South_West|Sydney_Inner_West|Sydney_North_Sydney_and_Hornsby|Sydney_Parramatta|Sydney_Ryde|Sydney_Sutherland
au,Sydney_Northern_Beaches,Uni,,20,100,0.80000000000000004,MVA_equivalent_PF1,293.17949999999996,0.20166758968246928,59.124803109311493,39.451730125199447,0.13456510474026817,True,1.7990990272388308,58.492058455463237,0.38585937500000123,52.497137746277225,56.692959428224405,52.111278371277223,True,True,5.9695312500000028e-08,False,False,11,Central_Coast|Hunter_Valley_exc_Newcastle|Newcastle_and_Lake_Macquarie|Sydney_City_and_Inner_South|Sydney_Eastern_Suburbs|Sydney_Inner_South_West|Sydney_Inner_West|Sydney_North_Sydney_and_Hornsby|Sydney_Parramatta|Sydney_Ryde|Sydney_Sutherland
au,Sydney_Northern_Beaches,Uni,,20,300,0.80000000000000004,MVA_equivalent_PF1,293.17949999999996,0.20166758968246928,59.124803109311493,39.451730125199447,0.13456510474026817,True,2.4318436810870021,59.124803109311529,5.3837500000000489,108.9885283078293,56.692959428224526,103.60477830782925,True,True,2.5969531250000002e-07,False,False,11,Central_Coast|Hunter_Valley_exc_Newcastle|Newcastle_and_Lake_Macquarie|Sydney_City_and_Inner_South|Sydney_Eastern_Suburbs|Sydney_Inner_South_West|Sydney_Inner_West|Sydney_North_Sydney_and_Hornsby|Sydney_Parramatta|Sydney_Ryde|Sydney_Sutherland
au,Sydney_Northern_Beaches,Uni,,20,500,0.80000000000000004,MVA_equivalent_PF1,293.17949999999996,0.20166758968246928,59.124803109311493,39.451730125199447,0.13456510474026817,True,2.4318436810870026,59.124803109311529,5.3837500000000205,108.98852830782926,56.692959428224526,103.60477830782924,True,True,4.5969531250000001e-07,False,False,11,Central_Coast|Hunter_Valley_exc_Newcastle|Newcastle_and_Lake_Macquarie|Sydney_City_and_Inner_South|Sydney_Eastern_Suburbs|Sydney_Inner_South_West|Sydney_Inner_West|Sydney_North_Sydney_and_Hornsby|Sydney_Parramatta|Sydney_Ryde|Sydney_Sutherland
au,Sydney_Northern_Beaches,Uni,,20,100,0.90000000000000002,MVA_equivalent_PF1,293.17949999999996,0.2529809421544294,74.168826130364522,39.451730125199447,0.13456510474026817,True,1.7990990272388308,73.53608147651633,0.38585937500000123,67.541160767330254,71.736982449277505,67.155301392330259,True,True,5.9695312500000028e-08,False,False,11,Central_Coast|Hunter_Valley_exc_Newcastle|Newcastle_and_Lake_Macquarie|Sydney_City_and_Inner_South|Sydney_Eastern_Suburbs|Sydney_Inner_South_West|Sydney_Inner_West|Sydney_North_Sydney_and_Hornsby|Sydney_Parramatta|Sydney_Ryde|Sydney_Sutherland
au,Sydney_Northern_Beaches,Uni,,20,300,0.90000000000000002,MVA_equivalent_PF1,293.17949999999996,0.2529809421544294,74.168826130364522,39.451730125199447,0.13456510474026817,True,2.4318436810870021,74.16882613036455,5.3837500000000489,139.07657434993536,71.736982449277548,133.69282434993531,True,True,2.5969531250000002e-07,False,False,11,Central_Coast|Hunter_Valley_exc_Newcastle|Newcastle_and_Lake_Macquarie|Sydney_City_and_Inner_South|Sydney_Eastern_Suburbs|Sydney_Inner_South_West|Sydney_Inner_West|Sydney_North_Sydney_and_Hornsby|Sydney_Parramatta|Sydney_Ryde|Sydney_Sutherland
au,Sydney_Northern_Beaches,Uni,,20,500,0.90000000000000002,MVA_equivalent_PF1,293.17949999999996,0.2529809421544294,74.168826130364522,39.451730125199447,0.13456510474026817,True,2.4318436810870026,74.16882613036455,5.3837500000000205,139.07657434993536,71.736982449277548,133.69282434993534,True,True,4.5969531250000001e-07,False,False,11,Central_Coast|Hunter_Valley_exc_Newcastle|Newcastle_and_Lake_Macquarie|Sydney_City_and_Inner_South|Sydney_Eastern_Suburbs|Sydney_Inner_South_West|Sydney_Inner_West|Sydney_North_Sydney_and_Hornsby|Sydney_Parramatta|Sydney_Ryde|Sydney_Sutherland
au,Sydney_Northern_Beaches,Uni,,20,100,1,MVA_equivalent_PF1,293.17949999999996,0.56636303530589271,166.04603150946394,39.451730125199447,0.13456510474026817,True,1.7990990272388308,165.41328685561575,0.38585937500000123,159.41836614642972,163.61418782837691,159.03250677142972,True,True,5.9695312500000028e-08,False,False,11,Central_Coast|Hunter_Valley_exc_Newcastle|Newcastle_and_Lake_Macquarie|Sydney_City_and_Inner_South|Sydney_Eastern_Suburbs|Sydney_Inner_South_West|Sydney_Inner_West|Sydney_North_Sydney_and_Hornsby|Sydney_Parramatta|Sydney_Ryde|Sydney_Sutherland
au,Sydney_Northern_Beaches,Uni,,20,300,1,MVA_equivalent_PF1,293.17949999999996,0.56636303530589271,166.04603150946394,39.451730125199447,0.13456510474026817,True,2.4318436810870021,166.04603150946403,5.3837500000000489,322.83098510813414,163.61418782837703,317.44723510813412,True,True,2.5969531250000002e-07,False,False,11,Central_Coast|Hunter_Valley_exc_Newcastle|Newcastle_and_Lake_Macquarie|Sydney_City_and_Inner_South|Sydney_Eastern_Suburbs|Sydney_Inner_South_West|Sydney_Inner_West|Sydney_North_Sydney_and_Hornsby|Sydney_Parramatta|Sydney_Ryde|Sydney_Sutherland
au,Sydney_Northern_Beaches,Uni,,20,500,1,MVA_equivalent_PF1,293.17949999999996,0.56636303530589271,166.04603150946394,39.451730125199447,0.13456510474026817,True,2.4318436810870026,166.04603150946403,5.3837500000000205,322.8309851081342,163.61418782837703,317.44723510813418,True,True,4.5969531250000001e-07,False,False,11,Central_Coast|Hunter_Valley_exc_Newcastle|Newcastle_and_Lake_Macquarie|Sydney_City_and_Inner_South|Sydney_Eastern_Suburbs|Sydney_Inner_South_West|Sydney_Inner_West|Sydney_North_Sydney_and_Hornsby|Sydney_Parramatta|Sydney_Ryde|Sydney_Sutherland
au,Sydney_Northern_Beaches,LU,,10,100,0.5,MVA_equivalent_PF1,293.17949999999996,0.19273053199304105,56.504641004453774,66.567906100358812,0.22705511845254808,False,13.332048911125826,55.612229088367094,15.879999999999956,49.644577492051816,42.28018017724127,33.764577492051856,True,True,1.0000000000000002e-07,False,False,11,Central_Coast|Hunter_Valley_exc_Newcastle|Newcastle_and_Lake_Macquarie|Sydney_City_and_Inner_South|Sydney_Eastern_Suburbs|Sydney_Inner_South_West|Sydney_Inner_West|Sydney_North_Sydney_and_Hornsby|Sydney_Parramatta|Sydney_Ryde|Sydney_Sutherland
au,Sydney_Northern_Beaches,LU,,10,300,0.5,MVA_equivalent_PF1,293.17949999999996,0.19273053199304105,56.504641004453774,66.567906100358812,0.22705511845254808,False,14.224460827212527,56.504641004453795,2.2968749999999432,100.89921320867468,42.28018017724127,98.602338208674738,True,True,3.0000000000000004e-07,False,False,11,Central_Coast|Hunter_Valley_exc_Newcastle|Newcastle_and_Lake_Macquarie|Sydney_City_and_Inner_South|Sydney_Eastern_Suburbs|Sydney_Inner_South_West|Sydney_Inner_West|Sydney_North_Sydney_and_Hornsby|Sydney_Parramatta|Sydney_Ryde|Sydney_Sutherland
au,Sydney_Northern_Beaches,LU,,10,500,0.5,MVA_equivalent_PF1,293.17949999999996,0.19273053199304105,56.504641004453774,66.567906100358812,0.22705511845254808,False,14.224460827212534,56.504641004453795,2.296875,100.89921320867469,42.280180177241263,98.602338208674695,True,True,4.9999999999999998e-07,False,False,11,Central_Coast|Hunter_Valley_exc_Newcastle|Newcastle_and_Lake_Macquarie|Sydney_City_and_Inner_South|Sydney_Eastern_Suburbs|Sydney_Inner_South_West|Sydney_Inner_West|Sydney_North_Sydney_and_Hornsby|Sydney_Parramatta|Sydney_Ryde|Sydney_Sutherland
au,Sydney_Northern_Beaches,LU,,10,100,0.80000000000000004,MVA_equivalent_PF1,293.17949999999996,0.27652582273620779,81.071702446890029,66.567906100358812,0.22705511845254808,True,13.332048911125826,80.179290530803328,15.879999999999956,74.21163893448805,66.847241619677504,58.331638934488097,True,True,1.0000000000000002e-07,False,False,11,Central_Coast|Hunter_Valley_exc_Newcastle|Newcastle_and_Lake_Macquarie|Sydney_City_and_Inner_South|Sydney_Eastern_Suburbs|Sydney_Inner_South_West|Sydney_Inner_West|Sydney_North_Sydney_and_Hornsby|Sydney_Parramatta|Sydney_Ryde|Sydney_Sutherland
au,Sydney_Northern_Beaches,LU,,10,300,0.80000000000000004,MVA_equivalent_PF1,293.17949999999996,0.27652582273620779,81.071702446890029,66.567906100358812,0.22705511845254808,True,14.224460827212527,81.071702446890029,2.2968749999999432,150.03333609354718,66.847241619677504,147.73646109354723,True,True,3.0000000000000004e-07,False,False,11,Central_Coast|Hunter_Valley_exc_Newcastle|Newcastle_and_Lake_Macquarie|Sydney_City_and_Inner_South|Sydney_Eastern_Suburbs|Sydney_Inner_South_West|Sydney_Inner_West|Sydney_North_Sydney_and_Hornsby|Sydney_Parramatta|Sydney_Ryde|Sydney_Sutherland
au,Sydney_Northern_Beaches,LU,,10,500,0.80000000000000004,MVA_equivalent_PF1,293.17949999999996,0.27652582273620779,81.071702446890029,66.567906100358812,0.22705511845254808,True,14.224460827212534,81.071702446890058,2.296875,150.03333609354712,66.847241619677519,147.73646109354712,True,True,4.9999999999999998e-07,False,False,11,Central_Coast|Hunter_Valley_exc_Newcastle|Newcastle_and_Lake_Macquarie|Sydney_City_and_Inner_South|Sydney_Eastern_Suburbs|Sydney_Inner_South_West|Sydney_Inner_West|Sydney_North_Sydney_and_Hornsby|Sydney_Parramatta|Sydney_Ryde|Sydney_Sutherland
au,Sydney_Northern_Beaches,LU,,10,100,0.90000000000000002,MVA_equivalent_PF1,293.17949999999996,0.29934727037426312,87.762483054691259,66.567906100358812,0.22705511845254808,True,13.332048911125826,86.870071138604573,15.879999999999956,80.902419542289294,73.538022227478749,65.022419542289342,True,True,1.0000000000000002e-07,False,False,11,Central_Coast|Hunter_Valley_exc_Newcastle|Newcastle_and_Lake_Macquarie|Sydney_City_and_Inner_South|Sydney_Eastern_Suburbs|Sydney_Inner_South_West|Sydney_Inner_West|Sydney_North_Sydney_and_Hornsby|Sydney_Parramatta|Sydney_Ryde|Sydney_Sutherland
au,Sydney_Northern_Beaches,LU,,10,300,0.90000000000000002,MVA_equivalent_PF1,293.17949999999996,0.29934727037426312,87.762483054691259,66.567906100358812,0.22705511845254808,True,14.224460827212527,87.762483054691288,2.2968749999999432,163.41489730914955,73.538022227478763,161.11802230914961,True,True,3.0000000000000004e-07,False,False,11,Central_Coast|Hunter_Valley_exc_Newcastle|Newcastle_and_Lake_Macquarie|Sydney_City_and_Inner_South|Sydney_Eastern_Suburbs|Sydney_Inner_South_West|Sydney_Inner_West|Sydney_North_Sydney_and_Hornsby|Sydney_Parramatta|Sydney_Ryde|Sydney_Sutherland
au,Sydney_Northern_Beaches,LU,,10,500,0.90000000000000002,MVA_equivalent_PF1,293.17949999999996,0.29934727037426312,87.762483054691259,66.567906100358812,0.22705511845254808,True,14.224460827212534,87.762483054691316,2.296875,163.41489730914964,73.538022227478777,161.11802230914964,True,True,4.9999999999999998e-07,False,False,11,Central_Coast|Hunter_Valley_exc_Newcastle|Newcastle_and_Lake_Macquarie|Sydney_City_and_Inner_South|Sydney_Eastern_Suburbs|Sydney_Inner_South_West|Sydney_Inner_West|Sydney_North_Sydney_and_Hornsby|Sydney_Parramatta|Sydney_Ryde|Sydney_Sutherland
au,Sydney_Northern_Beaches,LU,,10,100,1,MVA_equivalent_PF1,293.17949999999996,0.49347582631342024,144.67699602065537,66.567906100358812,0.22705511845254808,True,13.332048911125826,143.78458410456867,15.879999999999956,137.81693250825339,130.45253519344283,121.93693250825343,True,True,1.0000000000000002e-07,False,False,11,Central_Coast|Hunter_Valley_exc_Newcastle|Newcastle_and_Lake_Macquarie|Sydney_City_and_Inner_South|Sydney_Eastern_Suburbs|Sydney_Inner_South_West|Sydney_Inner_West|Sydney_North_Sydney_and_Hornsby|Sydney_Parramatta|Sydney_Ryde|Sydney_Sutherland
au,Sydney_Northern_Beaches,LU,,10,300,1,MVA_equivalent_PF1,293.17949999999996,0.49347582631342024,144.67699602065537,66.567906100358812,0.22705511845254808,True,14.224460827212527,144.67699602065539,2.2968749999999432,277.24392324107782,130.45253519344286,274.94704824107788,True,True,3.0000000000000004e-07,False,False,11,Central_Coast|Hunter_Valley_exc_Newcastle|Newcastle_and_Lake_Macquarie|Sydney_City_and_Inner_South|Sydney_Eastern_Suburbs|Sydney_Inner_South_West|Sydney_Inner_West|Sydney_North_Sydney_and_Hornsby|Sydney_Parramatta|Sydney_Ryde|Sydney_Sutherland
au,Sydney_Northern_Beaches,LU,,10,500,1,MVA_equivalent_PF1,293.17949999999996,0.49347582631342024,144.67699602065537,66.567906100358812,0.22705511845254808,True,14.224460827212534,144.67699602065542,2.296875,277.24392324107782,130.45253519344288,274.94704824107782,True,True,4.9999999999999998e-07,False,False,11,Central_Coast|Hunter_Valley_exc_Newcastle|Newcastle_and_Lake_Macquarie|Sydney_City_and_Inner_South|Sydney_Eastern_Suburbs|Sydney_Inner_South_West|Sydney_Inner_West|Sydney_North_Sydney_and_Hornsby|Sydney_Parramatta|Sydney_Ryde|Sydney_Sutherland
au,Sydney_Northern_Beaches,LU,,20,100,0.5,MVA_equivalent_PF1,293.17949999999996,0.00040553903616190621,0.11889573185242956,39.098990386823829,0.13336195193328262,False,1.7431070235402673,0.10065226784040854,0.38585937500000123,0,-1.6424547556998588,-0.38585937500000123,False,False,5.9695312500000028e-08,False,True,11,Central_Coast|Hunter_Valley_exc_Newcastle|Newcastle_and_Lake_Macquarie|Sydney_City_and_Inner_South|Sydney_Eastern_Suburbs|Sydney_Inner_South_West|Sydney_Inner_West|Sydney_North_Sydney_and_Hornsby|Sydney_Parramatta|Sydney_Ryde|Sydney_Sutherland
au,Sydney_Northern_Beaches,LU,,20,300,0.5,MVA_equivalent_PF1,293.17949999999996,0.00040553903616190621,0.11889573185242956,39.098990386823829,0.13336195193328262,False,2.3966038789280493,0.11889573185246934,4.7107812500000534,0,-2.2777081470755798,-4.7107812500000534,False,False,2.5969531250000002e-07,False,True,11,Central_Coast|Hunter_Valley_exc_Newcastle|Newcastle_and_Lake_Macquarie|Sydney_City_and_Inner_South|Sydney_Eastern_Suburbs|Sydney_Inner_South_West|Sydney_Inner_West|Sydney_North_Sydney_and_Hornsby|Sydney_Parramatta|Sydney_Ryde|Sydney_Sutherland
au,Sydney_Northern_Beaches,LU,,20,500,0.5,MVA_equivalent_PF1,293.17949999999996,0.00040553903616190621,0.11889573185242956,39.098990386823829,0.13336195193328262,False,2.3966038789280493,0.11889573185246939,4.710781250000025,0,-2.2777081470755798,-4.710781250000025,False,False,4.5969531250000001e-07,False,True,11,Central_Coast|Hunter_Valley_exc_Newcastle|Newcastle_and_Lake_Macquarie|Sydney_City_and_Inner_South|Sydney_Eastern_Suburbs|Sydney_Inner_South_West|Sydney_Inner_West|Sydney_North_Sydney_and_Hornsby|Sydney_Parramatta|Sydney_Ryde|Sydney_Sutherland
au,Sydney_Northern_Beaches,LU,,20,100,0.80000000000000004,MVA_equivalent_PF1,293.17949999999996,0.19620928093451631,57.524538879741016,39.098990386823829,0.13336195193328262,True,1.7431070235402673,56.871042024353208,0.38585937500000123,51.090618767959327,55.12793500081294,50.704759392959325,True,True,5.9695312500000028e-08,False,False,11,Central_Coast|Hunter_Valley_exc_Newcastle|Newcastle_and_Lake_Macquarie|Sydney_City_and_Inner_South|Sydney_Eastern_Suburbs|Sydney_Inner_South_West|Sydney_Inner_West|Sydney_North_Sydney_and_Hornsby|Sydney_Parramatta|Sydney_Ryde|Sydney_Sutherland
au,Sydney_Northern_Beaches,LU,,20,300,0.80000000000000004,MVA_equivalent_PF1,293.17949999999996,0.19620928093451631,57.524538879741016,39.098990386823829,0.13336195193328262,True,2.3966038789280493,57.524538879741044,4.7107812500000534,105.67172326968134,55.127935000812997,100.96094201968128,True,True,2.5969531250000002e-07,False,False,11,Central_Coast|Hunter_Valley_exc_Newcastle|Newcastle_and_Lake_Macquarie|Sydney_City_and_Inner_South|Sydney_Eastern_Suburbs|Sydney_Inner_South_West|Sydney_Inner_West|Sydney_North_Sydney_and_Hornsby|Sydney_Parramatta|Sydney_Ryde|Sydney_Sutherland
au,Sydney_Northern_Beaches,LU,,20,500,0.80000000000000004,MVA_equivalent_PF1,293.17949999999996,0.19620928093451631,57.524538879741016,39.098990386823829,0.13336195193328262,True,2.3966038789280493,57.524538879741044,4.710781250000025,105.67172326968139,55.127935000812997,100.96094201968137,True,True,4.5969531250000001e-07,False,False,11,Central_Coast|Hunter_Valley_exc_Newcastle|Newcastle_and_Lake_Macquarie|Sydney_City_and_Inner_South|Sydney_Eastern_Suburbs|Sydney_Inner_South_West|Sydney_Inner_West|Sydney_North_Sydney_and_Hornsby|Sydney_Parramatta|Sydney_Ryde|Sydney_Sutherland
au,Sydney_Northern_Beaches,LU,,20,100,0.90000000000000002,MVA_equivalent_PF1,293.17949999999996,0.27311790403589015,80.072570546290251,39.098990386823829,0.13336195193328262,True,1.7431070235402673,79.419073690902437,0.38585937500000123,73.638650434508548,77.675966667362175,73.252791059508553,True,True,5.9695312500000028e-08,False,False,11,Central_Coast|Hunter_Valley_exc_Newcastle|Newcastle_and_Lake_Macquarie|Sydney_City_and_Inner_South|Sydney_Eastern_Suburbs|Sydney_Inner_South_West|Sydney_Inner_West|Sydney_North_Sydney_and_Hornsby|Sydney_Parramatta|Sydney_Ryde|Sydney_Sutherland
au,Sydney_Northern_Beaches,LU,,20,300,0.90000000000000002,MVA_equivalent_PF1,293.17949999999996,0.27311790403589015,80.072570546290251,39.098990386823829,0.13336195193328262,True,2.3966038789280493,80.072570546290294,4.7107812500000534,150.76778660277972,77.675966667362246,146.05700535277967,True,True,2.5969531250000002e-07,False,False,11,Central_Coast|Hunter_Valley_exc_Newcastle|Newcastle_and_Lake_Macquarie|Sydney_City_and_Inner_South|Sydney_Eastern_Suburbs|Sydney_Inner_South_West|Sydney_Inner_West|Sydney_North_Sydney_and_Hornsby|Sydney_Parramatta|Sydney_Ryde|Sydney_Sutherland
au,Sydney_Northern_Beaches,LU,,20,500,0.90000000000000002,MVA_equivalent_PF1,293.17949999999996,0.27311790403589015,80.072570546290251,39.098990386823829,0.13336195193328262,True,2.3966038789280493,80.072570546290279,4.710781250000025,150.76778660277984,77.675966667362232,146.05700535277981,True,True,4.5969531250000001e-07,False,False,11,Central_Coast|Hunter_Valley_exc_Newcastle|Newcastle_and_Lake_Macquarie|Sydney_City_and_Inner_South|Sydney_Eastern_Suburbs|Sydney_Inner_South_West|Sydney_Inner_West|Sydney_North_Sydney_and_Hornsby|Sydney_Parramatta|Sydney_Ryde|Sydney_Sutherland
au,Sydney_Northern_Beaches,LU,,20,100,1,MVA_equivalent_PF1,293.17949999999996,0.49327160243123641,144.61712176498867,39.098990386823829,0.13336195193328262,True,1.7431070235402673,143.9636249096009,0.38585937500000123,138.18320165320696,142.22051788606063,137.79734227820697,True,True,5.9695312500000028e-08,False,False,11,Central_Coast|Hunter_Valley_exc_Newcastle|Newcastle_and_Lake_Macquarie|Sydney_City_and_Inner_South|Sydney_Eastern_Suburbs|Sydney_Inner_South_West|Sydney_Inner_West|Sydney_North_Sydney_and_Hornsby|Sydney_Parramatta|Sydney_Ryde|Sydney_Sutherland
au,Sydney_Northern_Beaches,LU,,20,300,1,MVA_equivalent_PF1,293.17949999999996,0.49327160243123641,144.61712176498867,39.098990386823829,0.13336195193328262,True,2.3966038789280493,144.6171217649887,4.7107812500000534,279.85688904017667,142.22051788606063,275.14610779017664,True,True,2.5969531250000002e-07,False,False,11,Central_Coast|Hunter_Valley_exc_Newcastle|Newcastle_and_Lake_Macquarie|Sydney_City_and_Inner_South|Sydney_Eastern_Suburbs|Sydney_Inner_South_West|Sydney_Inner_West|Sydney_North_Sydney_and_Hornsby|Sydney_Parramatta|Sydney_Ryde|Sydney_Sutherland
au,Sydney_Northern_Beaches,LU,,20,500,1,MVA_equivalent_PF1,293.17949999999996,0.49327160243123641,144.61712176498867,39.098990386823829,0.13336195193328262,True,2.3966038789280493,144.6171217649887,4.710781250000025,279.85688904017644,142.22051788606063,275.14610779017642,True,True,4.5969531250000001e-07,False,False,11,Central_Coast|Hunter_Valley_exc_Newcastle|Newcastle_and_Lake_Macquarie|Sydney_City_and_Inner_South|Sydney_Eastern_Suburbs|Sydney_Inner_South_West|Sydney_Inner_West|Sydney_North_Sydney_and_Hornsby|Sydney_Parramatta|Sydney_Ryde|Sydney_Sutherland
au,Sydney_Northern_Beaches,GNN,42,10,100,0.5,MVA_equivalent_PF1,293.17949999999996,0.22845422632684889,66.978095847392382,171.43852937183485,0.58475619670486811,False,54.664458883371033,59.334270581996435,19.510937499999944,2.8379274333769957,4.6698116986254021,-16.673010066622947,True,False,1.0000000000000002e-07,False,False,11,Central_Coast|Hunter_Valley_exc_Newcastle|Newcastle_and_Lake_Macquarie|Sydney_City_and_Inner_South|Sydney_Eastern_Suburbs|Sydney_Inner_South_West|Sydney_Inner_West|Sydney_North_Sydney_and_Hornsby|Sydney_Parramatta|Sydney_Ryde|Sydney_Sutherland
au,Sydney_Northern_Beaches,GNN,42,10,300,0.5,MVA_equivalent_PF1,293.17949999999996,0.22845422632684889,66.978095847392382,171.43852937183485,0.58475619670486811,False,63.576623036411675,66.978095847392396,12.786406249999885,129.84786142498922,3.4014728109807209,117.06145517498933,True,True,3.0000000000000004e-07,False,False,11,Central_Coast|Hunter_Valley_exc_Newcastle|Newcastle_and_Lake_Macquarie|Sydney_City_and_Inner_South|Sydney_Eastern_Suburbs|Sydney_Inner_South_West|Sydney_Inner_West|Sydney_North_Sydney_and_Hornsby|Sydney_Parramatta|Sydney_Ryde|Sydney_Sutherland
au,Sydney_Northern_Beaches,GNN,42,10,500,0.5,MVA_equivalent_PF1,293.17949999999996,0.22845422632684889,66.978095847392382,171.43852937183485,0.58475619670486811,False,63.576623036411668,66.978095847392424,12.7864062499998,129.84786142498925,3.4014728109807564,117.06145517498945,True,True,4.9999999999999998e-07,False,False,11,Central_Coast|Hunter_Valley_exc_Newcastle|Newcastle_and_Lake_Macquarie|Sydney_City_and_Inner_South|Sydney_Eastern_Suburbs|Sydney_Inner_South_West|Sydney_Inner_West|Sydney_North_Sydney_and_Hornsby|Sydney_Parramatta|Sydney_Ryde|Sydney_Sutherland
au,Sydney_Northern_Beaches,GNN,42,10,100,0.80000000000000004,MVA_equivalent_PF1,293.17949999999996,0.39953987939649305,117.13690207152412,171.43852937183485,0.58475619670486811,False,54.664458883371033,108.22473791848351,19.510937499999944,46.345391044239499,53.56027903511248,26.834453544239555,True,True,1.0000000000000002e-07,False,False,11,Central_Coast|Hunter_Valley_exc_Newcastle|Newcastle_and_Lake_Macquarie|Sydney_City_and_Inner_South|Sydney_Eastern_Suburbs|Sydney_Inner_South_West|Sydney_Inner_West|Sydney_North_Sydney_and_Hornsby|Sydney_Parramatta|Sydney_Ryde|Sydney_Sutherland
au,Sydney_Northern_Beaches,GNN,42,10,300,0.80000000000000004,MVA_equivalent_PF1,293.17949999999996,0.39953987939649305,117.13690207152412,171.43852937183485,0.58475619670486811,False,63.576623036411675,117.13690207152418,12.786406249999885,223.97635559579189,53.560279035112501,211.189949345792,True,True,3.0000000000000004e-07,False,False,11,Central_Coast|Hunter_Valley_exc_Newcastle|Newcastle_and_Lake_Macquarie|Sydney_City_and_Inner_South|Sydney_Eastern_Suburbs|Sydney_Inner_South_West|Sydney_Inner_West|Sydney_North_Sydney_and_Hornsby|Sydney_Parramatta|Sydney_Ryde|Sydney_Sutherland
au,Sydney_Northern_Beaches,GNN,42,10,500,0.80000000000000004,MVA_equivalent_PF1,293.17949999999996,0.39953987939649305,117.13690207152412,171.43852937183485,0.58475619670486811,False,63.576623036411668,117.13690207152418,12.7864062499998,230.16547387325281,53.560279035112508,217.37906762325301,True,True,4.9999999999999998e-07,False,False,11,Central_Coast|Hunter_Valley_exc_Newcastle|Newcastle_and_Lake_Macquarie|Sydney_City_and_Inner_South|Sydney_Eastern_Suburbs|Sydney_Inner_South_West|Sydney_Inner_West|Sydney_North_Sydney_and_Hornsby|Sydney_Parramatta|Sydney_Ryde|Sydney_Sutherland
au,Sydney_Northern_Beaches,GNN,42,10,100,0.90000000000000002,MVA_equivalent_PF1,293.17949999999996,0.45237314614858387,132.62653280126872,171.43852937183485,0.58475619670486811,False,54.664458883371033,123.71436864822806,19.510937499999944,61.835021773984103,69.049909764857034,42.324084273984155,True,True,1.0000000000000002e-07,False,False,11,Central_Coast|Hunter_Valley_exc_Newcastle|Newcastle_and_Lake_Macquarie|Sydney_City_and_Inner_South|Sydney_Eastern_Suburbs|Sydney_Inner_South_West|Sydney_Inner_West|Sydney_North_Sydney_and_Hornsby|Sydney_Parramatta|Sydney_Ryde|Sydney_Sutherland
au,Sydney_Northern_Beaches,GNN,42,10,300,0.90000000000000002,MVA_equivalent_PF1,293.17949999999996,0.45237314614858387,132.62653280126872,171.43852937183485,0.58475619670486811,False,63.576623036411675,132.62653280126875,12.786406249999885,239.46598632553656,69.049909764857077,226.67958007553668,True,True,3.0000000000000004e-07,False,False,11,Central_Coast|Hunter_Valley_exc_Newcastle|Newcastle_and_Lake_Macquarie|Sydney_City_and_Inner_South|Sydney_Eastern_Suburbs|Sydney_Inner_South_West|Sydney_Inner_West|Sydney_North_Sydney_and_Hornsby|Sydney_Parramatta|Sydney_Ryde|Sydney_Sutherland
au,Sydney_Northern_Beaches,GNN,42,10,500,0.90000000000000002,MVA_equivalent_PF1,293.17949999999996,0.45237314614858387,132.62653280126872,171.43852937183485,0.58475619670486811,False,63.576623036411668,132.62653280126875,12.7864062499998,261.14473533274179,69.049909764857091,248.35832908274199,True,True,4.9999999999999998e-07,False,False,11,Central_Coast|Hunter_Valley_exc_Newcastle|Newcastle_and_Lake_Macquarie|Sydney_City_and_Inner_South|Sydney_Eastern_Suburbs|Sydney_Inner_South_West|Sydney_Inner_West|Sydney_North_Sydney_and_Hornsby|Sydney_Parramatta|Sydney_Ryde|Sydney_Sutherland
au,Sydney_Northern_Beaches,GNN,42,10,100,1,MVA_equivalent_PF1,293.17949999999996,0.53510168569732042,156.88084466189753,171.43852937183485,0.58475619670486811,False,54.664458883371033,147.96868050885689,19.510937499999944,86.089333634612927,93.304221625485866,66.578396134612987,True,True,1.0000000000000002e-07,False,False,11,Central_Coast|Hunter_Valley_exc_Newcastle|Newcastle_and_Lake_Macquarie|Sydney_City_and_Inner_South|Sydney_Eastern_Suburbs|Sydney_Inner_South_West|Sydney_Inner_West|Sydney_North_Sydney_and_Hornsby|Sydney_Parramatta|Sydney_Ryde|Sydney_Sutherland
au,Sydney_Northern_Beaches,GNN,42,10,300,1,MVA_equivalent_PF1,293.17949999999996,0.53510168569732042,156.88084466189753,171.43852937183485,0.58475619670486811,False,63.576623036411675,156.88084466189753,12.786406249999885,263.72029818616534,93.304221625485852,250.93389193616545,True,True,3.0000000000000004e-07,False,False,11,Central_Coast|Hunter_Valley_exc_Newcastle|Newcastle_and_Lake_Macquarie|Sydney_City_and_Inner_South|Sydney_Eastern_Suburbs|Sydney_Inner_South_West|Sydney_Inner_West|Sydney_North_Sydney_and_Hornsby|Sydney_Parramatta|Sydney_Ryde|Sydney_Sutherland
au,Sydney_Northern_Beaches,GNN,42,10,500,1,MVA_equivalent_PF1,293.17949999999996,0.53510168569732042,156.88084466189753,171.43852937183485,0.58475619670486811,False,63.576623036411668,156.88084466189756,12.7864062499998,309.65335905399945,93.304221625485894,296.86695280399965,True,True,4.9999999999999998e-07,False,False,11,Central_Coast|Hunter_Valley_exc_Newcastle|Newcastle_and_Lake_Macquarie|Sydney_City_and_Inner_South|Sydney_Eastern_Suburbs|Sydney_Inner_South_West|Sydney_Inner_West|Sydney_North_Sydney_and_Hornsby|Sydney_Parramatta|Sydney_Ryde|Sydney_Sutherland
au,Sydney_Northern_Beaches,GNN,42,20,100,0.5,MVA_equivalent_PF1,293.17949999999996,0.0008433870642696055,0.24726379780903077,30.833991577716233,0.10517103541590131,False,2.7190418651220876,0.21732861220758584,0.67296874999999812,0.0056188333048680763,-2.5017132529145019,-0.66734991669513,False,False,5.9695312500000028e-08,False,False,11,Central_Coast|Hunter_Valley_exc_Newcastle|Newcastle_and_Lake_Macquarie|Sydney_City_and_Inner_South|Sydney_Eastern_Suburbs|Sydney_Inner_South_West|Sydney_Inner_West|Sydney_North_Sydney_and_Hornsby|Sydney_Parramatta|Sydney_Ryde|Sydney_Sutherland
au,Sydney_Northern_Beaches,GNN,42,20,300,0.5,MVA_equivalent_PF1,293.17949999999996,0.0008433870642696055,0.24726379780903077,30.833991577716233,0.10517103541590131,False,3.6213119291892655,0.24726379780899999,0,0.033678699898553079,-3.3740481313802655,0.033678699898553079,False,True,2.5969531250000002e-07,True,False,11,Central_Coast|Hunter_Valley_exc_Newcastle|Newcastle_and_Lake_Macquarie|Sydney_City_and_Inner_South|Sydney_Eastern_Suburbs|Sydney_Inner_South_West|Sydney_Inner_West|Sydney_North_Sydney_and_Hornsby|Sydney_Parramatta|Sydney_Ryde|Sydney_Sutherland
au,Sydney_Northern_Beaches,GNN,42,20,500,0.5,MVA_equivalent_PF1,293.17949999999996,0.0008433870642696055,0.24726379780903077,30.833991577716233,0.10517103541590131,False,3.6213119291892655,0.24726379780899999,0,0.033678699898553079,-3.3740481313802655,0.033678699898553079,False,True,4.5969531250000001e-07,True,False,11,Central_Coast|Hunter_Valley_exc_Newcastle|Newcastle_and_Lake_Macquarie|Sydney_City_and_Inner_South|Sydney_Eastern_Suburbs|Sydney_Inner_South_West|Sydney_Inner_West|Sydney_North_Sydney_and_Hornsby|Sydney_Parramatta|Sydney_Ryde|Sydney_Sutherland
au,Sydney_Northern_Beaches,GNN,42,20,100,0.80000000000000004,MVA_equivalent_PF1,293.17949999999996,0.25155565525979678,73.750961231239586,30.833991577716233,0.10517103541590131,True,2.7190418651220876,72.848691167172348,0.67296874999999812,66.846910422682328,70.129649302050254,66.173941672682332,True,True,5.9695312500000028e-08,False,False,11,Central_Coast|Hunter_Valley_exc_Newcastle|Newcastle_and_Lake_Macquarie|Sydney_City_and_Inner_South|Sydney_Eastern_Suburbs|Sydney_Inner_South_West|Sydney_Inner_West|Sydney_North_Sydney_and_Hornsby|Sydney_Parramatta|Sydney_Ryde|Sydney_Sutherland
au,Sydney_Northern_Beaches,GNN,42,20,300,0.80000000000000004,MVA_equivalent_PF1,293.17949999999996,0.25155565525979678,73.750961231239586,30.833991577716233,0.10517103541590131,True,3.6213119291892655,73.750961231239572,0,143.91527486312702,70.129649302050311,143.91527486312702,True,True,2.5969531250000002e-07,True,False,11,Central_Coast|Hunter_Valley_exc_Newcastle|Newcastle_and_Lake_Macquarie|Sydney_City_and_Inner_South|Sydney_Eastern_Suburbs|Sydney_Inner_South_West|Sydney_Inner_West|Sydney_North_Sydney_and_Hornsby|Sydney_Parramatta|Sydney_Ryde|Sydney_Sutherland
au,Sydney_Northern_Beaches,GNN,42,20,500,0.80000000000000004,MVA_equivalent_PF1,293.17949999999996,0.25155565525979678,73.750961231239586,30.833991577716233,0.10517103541590131,True,3.6213119291892655,73.750961231239572,0,143.91527486312697,70.129649302050311,143.91527486312697,True,True,4.5969531250000001e-07,True,False,11,Central_Coast|Hunter_Valley_exc_Newcastle|Newcastle_and_Lake_Macquarie|Sydney_City_and_Inner_South|Sydney_Eastern_Suburbs|Sydney_Inner_South_West|Sydney_Inner_West|Sydney_North_Sydney_and_Hornsby|Sydney_Parramatta|Sydney_Ryde|Sydney_Sutherland
au,Sydney_Northern_Beaches,GNN,42,20,100,0.90000000000000002,MVA_equivalent_PF1,293.17949999999996,0.50129439675573606,146.96924059364829,30.833991577716233,0.10517103541590131,True,2.7190418651220876,146.06697052958106,0.67296874999999812,140.06518978509104,143.34792866445898,139.39222103509104,True,True,5.9695312500000028e-08,False,False,11,Central_Coast|Hunter_Valley_exc_Newcastle|Newcastle_and_Lake_Macquarie|Sydney_City_and_Inner_South|Sydney_Eastern_Suburbs|Sydney_Inner_South_West|Sydney_Inner_West|Sydney_North_Sydney_and_Hornsby|Sydney_Parramatta|Sydney_Ryde|Sydney_Sutherland
au,Sydney_Northern_Beaches,GNN,42,20,300,0.90000000000000002,MVA_equivalent_PF1,293.17949999999996,0.50129439675573606,146.96924059364829,30.833991577716233,0.10517103541590131,True,3.6213119291892655,146.96924059364835,0,290.3518335879445,143.34792866445909,290.3518335879445,True,True,2.5969531250000002e-07,True,False,11,Central_Coast|Hunter_Valley_exc_Newcastle|Newcastle_and_Lake_Macquarie|Sydney_City_and_Inner_South|Sydney_Eastern_Suburbs|Sydney_Inner_South_West|Sydney_Inner_West|Sydney_North_Sydney_and_Hornsby|Sydney_Parramatta|Sydney_Ryde|Sydney_Sutherland
au,Sydney_Northern_Beaches,GNN,42,20,500,0.90000000000000002,MVA_equivalent_PF1,293.17949999999996,0.50129439675573606,146.96924059364829,30.833991577716233,0.10517103541590131,True,3.6213119291892655,146.96924059364829,0,290.35183358794467,143.34792866445903,290.35183358794467,True,True,4.5969531250000001e-07,True,False,11,Central_Coast|Hunter_Valley_exc_Newcastle|Newcastle_and_Lake_Macquarie|Sydney_City_and_Inner_South|Sydney_Eastern_Suburbs|Sydney_Inner_South_West|Sydney_Inner_West|Sydney_North_Sydney_and_Hornsby|Sydney_Parramatta|Sydney_Ryde|Sydney_Sutherland
au,Sydney_Northern_Beaches,GNN,42,20,100,1,MVA_equivalent_PF1,293.17949999999996,0.52981960863964972,155.33224795116817,30.833991577716233,0.10517103541590131,True,2.7190418651220876,154.42997788710088,0.67296874999999812,148.42819714261091,151.7109360219788,147.75522839261092,True,True,5.9695312500000028e-08,False,False,11,Central_Coast|Hunter_Valley_exc_Newcastle|Newcastle_and_Lake_Macquarie|Sydney_City_and_Inner_South|Sydney_Eastern_Suburbs|Sydney_Inner_South_West|Sydney_Inner_West|Sydney_North_Sydney_and_Hornsby|Sydney_Parramatta|Sydney_Ryde|Sydney_Sutherland
au,Sydney_Northern_Beaches,GNN,42,20,300,1,MVA_equivalent_PF1,293.17949999999996,0.52981960863964972,155.33224795116817,30.833991577716233,0.10517103541590131,True,3.6213119291892655,155.33224795116814,0,307.07784830298414,151.71093602197888,307.07784830298414,True,True,2.5969531250000002e-07,True,False,11,Central_Coast|Hunter_Valley_exc_Newcastle|Newcastle_and_Lake_Macquarie|Sydney_City_and_Inner_South|Sydney_Eastern_Suburbs|Sydney_Inner_South_West|Sydney_Inner_West|Sydney_North_Sydney_and_Hornsby|Sydney_Parramatta|Sydney_Ryde|Sydney_Sutherland
au,Sydney_Northern_Beaches,GNN,42,20,500,1,MVA_equivalent_PF1,293.17949999999996,0.52981960863964972,155.33224795116817,30.833991577716233,0.10517103541590131,True,3.6213119291892655,155.33224795116814,0,307.07784830298408,151.71093602197888,307.07784830298408,True,True,4.5969531250000001e-07,True,False,11,Central_Coast|Hunter_Valley_exc_Newcastle|Newcastle_and_Lake_Macquarie|Sydney_City_and_Inner_South|Sydney_Eastern_Suburbs|Sydney_Inner_South_West|Sydney_Inner_West|Sydney_North_Sydney_and_Hornsby|Sydney_Parramatta|Sydney_Ryde|Sydney_Sutherland
au,Sydney_Northern_Beaches,GNN,123,10,100,0.5,MVA_equivalent_PF1,293.17949999999996,0.2110810432425036,61.884634717315578,102.08988038227602,0.34821629882811056,False,25.497032640023306,59.972235452645656,19.510937499999944,35.155340580406374,34.475202812622349,15.64440308040643,True,True,1.0000000000000002e-07,False,False,11,Central_Coast|Hunter_Valley_exc_Newcastle|Newcastle_and_Lake_Macquarie|Sydney_City_and_Inner_South|Sydney_Eastern_Suburbs|Sydney_Inner_South_West|Sydney_Inner_West|Sydney_North_Sydney_and_Hornsby|Sydney_Parramatta|Sydney_Ryde|Sydney_Sutherland
au,Sydney_Northern_Beaches,GNN,123,10,300,0.5,MVA_equivalent_PF1,293.17949999999996,0.2110810432425036,61.884634717315578,102.08988038227602,0.34821629882811056,False,27.409431904693225,61.884634717315613,12.803984374999885,116.46269625589306,34.475202812622385,103.65871188089318,True,True,3.0000000000000004e-07,False,False,11,Central_Coast|Hunter_Valley_exc_Newcastle|Newcastle_and_Lake_Macquarie|Sydney_City_and_Inner_South|Sydney_Eastern_Suburbs|Sydney_Inner_South_West|Sydney_Inner_West|Sydney_North_Sydney_and_Hornsby|Sydney_Parramatta|Sydney_Ryde|Sydney_Sutherland
au,Sydney_Northern_Beaches,GNN,123,10,500,0.5,MVA_equivalent_PF1,293.17949999999996,0.2110810432425036,61.884634717315578,102.08988038227602,0.34821629882811056,False,27.409431904693232,61.88463471731562,12.8039843749998,116.46269625589312,34.475202812622385,103.65871188089332,True,True,4.9999999999999998e-07,False,False,11,Central_Coast|Hunter_Valley_exc_Newcastle|Newcastle_and_Lake_Macquarie|Sydney_City_and_Inner_South|Sydney_Eastern_Suburbs|Sydney_Inner_South_West|Sydney_Inner_West|Sydney_North_Sydney_and_Hornsby|Sydney_Parramatta|Sydney_Ryde|Sydney_Sutherland
au,Sydney_Northern_Beaches,GNN,123,10,100,0.80000000000000004,MVA_equivalent_PF1,293.17949999999996,0.34185595536531171,100.22515806602439,102.08988038227602,0.34821629882811056,False,25.497032640023306,98.312758801354505,19.510937499999944,73.495863929115188,72.815726161331199,53.984926429115248,True,True,1.0000000000000002e-07,False,False,11,Central_Coast|Hunter_Valley_exc_Newcastle|Newcastle_and_Lake_Macquarie|Sydney_City_and_Inner_South|Sydney_Eastern_Suburbs|Sydney_Inner_South_West|Sydney_Inner_West|Sydney_North_Sydney_and_Hornsby|Sydney_Parramatta|Sydney_Ryde|Sydney_Sutherland
au,Sydney_Northern_Beaches,GNN,123,10,300,0.80000000000000004,MVA_equivalent_PF1,293.17949999999996,0.34185595536531171,100.22515806602439,102.08988038227602,0.34821629882811056,False,27.409431904693225,100.22515806602442,12.803984374999885,193.14374295331058,72.815726161331199,180.33975857831069,True,True,3.0000000000000004e-07,False,False,11,Central_Coast|Hunter_Valley_exc_Newcastle|Newcastle_and_Lake_Macquarie|Sydney_City_and_Inner_South|Sydney_Eastern_Suburbs|Sydney_Inner_South_West|Sydney_Inner_West|Sydney_North_Sydney_and_Hornsby|Sydney_Parramatta|Sydney_Ryde|Sydney_Sutherland
au,Sydney_Northern_Beaches,GNN,123,10,500,0.80000000000000004,MVA_equivalent_PF1,293.17949999999996,0.34185595536531171,100.22515806602439,102.08988038227602,0.34821629882811056,False,27.409431904693232,100.22515806602445,12.8039843749998,193.14374295331066,72.815726161331213,180.33975857831086,True,True,4.9999999999999998e-07,False,False,11,Central_Coast|Hunter_Valley_exc_Newcastle|Newcastle_and_Lake_Macquarie|Sydney_City_and_Inner_South|Sydney_Eastern_Suburbs|Sydney_Inner_South_West|Sydney_Inner_West|Sydney_North_Sydney_and_Hornsby|Sydney_Parramatta|Sydney_Ryde|Sydney_Sutherland
au,Sydney_Northern_Beaches,GNN,123,10,100,0.90000000000000002,MVA_equivalent_PF1,293.17949999999996,0.37061202851314679,108.65584921347011,102.08988038227602,0.34821629882811056,True,25.497032640023306,106.74344994880018,19.510937499999944,81.926555076560902,81.24641730877687,62.415617576560962,True,True,1.0000000000000002e-07,False,False,11,Central_Coast|Hunter_Valley_exc_Newcastle|Newcastle_and_Lake_Macquarie|Sydney_City_and_Inner_South|Sydney_Eastern_Suburbs|Sydney_Inner_South_West|Sydney_Inner_West|Sydney_North_Sydney_and_Hornsby|Sydney_Parramatta|Sydney_Ryde|Sydney_Sutherland
au,Sydney_Northern_Beaches,GNN,123,10,300,0.90000000000000002,MVA_equivalent_PF1,293.17949999999996,0.37061202851314679,108.65584921347011,102.08988038227602,0.34821629882811056,True,27.409431904693225,108.65584921347012,12.803984374999885,210.00512524820209,81.246417308776898,197.20114087320221,True,True,3.0000000000000004e-07,False,False,11,Central_Coast|Hunter_Valley_exc_Newcastle|Newcastle_and_Lake_Macquarie|Sydney_City_and_Inner_South|Sydney_Eastern_Suburbs|Sydney_Inner_South_West|Sydney_Inner_West|Sydney_North_Sydney_and_Hornsby|Sydney_Parramatta|Sydney_Ryde|Sydney_Sutherland
au,Sydney_Northern_Beaches,GNN,123,10,500,0.90000000000000002,MVA_equivalent_PF1,293.17949999999996,0.37061202851314679,108.65584921347011,102.08988038227602,0.34821629882811056,True,27.409431904693232,108.65584921347015,12.8039843749998,210.00512524820206,81.246417308776913,197.20114087320226,True,True,4.9999999999999998e-07,False,False,11,Central_Coast|Hunter_Valley_exc_Newcastle|Newcastle_and_Lake_Macquarie|Sydney_City_and_Inner_South|Sydney_Eastern_Suburbs|Sydney_Inner_South_West|Sydney_Inner_West|Sydney_North_Sydney_and_Hornsby|Sydney_Parramatta|Sydney_Ryde|Sydney_Sutherland
au,Sydney_Northern_Beaches,GNN,123,10,100,1,MVA_equivalent_PF1,293.17949999999996,0.38396670436305569,112.57116640180847,102.08988038227602,0.34821629882811056,True,25.497032640023306,110.65876713713858,19.510937499999944,85.841872264899251,85.161734497115276,66.330934764899311,True,True,1.0000000000000002e-07,False,False,11,Central_Coast|Hunter_Valley_exc_Newcastle|Newcastle_and_Lake_Macquarie|Sydney_City_and_Inner_South|Sydney_Eastern_Suburbs|Sydney_Inner_South_West|Sydney_Inner_West|Sydney_North_Sydney_and_Hornsby|Sydney_Parramatta|Sydney_Ryde|Sydney_Sutherland
au,Sydney_Northern_Beaches,GNN,123,10,300,1,MVA_equivalent_PF1,293.17949999999996,0.38396670436305569,112.57116640180847,102.08988038227602,0.34821629882811056,True,27.409431904693225,112.5711664018085,12.803984374999885,217.83575962487876,85.161734497115276,205.03177524987888,True,True,3.0000000000000004e-07,False,False,11,Central_Coast|Hunter_Valley_exc_Newcastle|Newcastle_and_Lake_Macquarie|Sydney_City_and_Inner_South|Sydney_Eastern_Suburbs|Sydney_Inner_South_West|Sydney_Inner_West|Sydney_North_Sydney_and_Hornsby|Sydney_Parramatta|Sydney_Ryde|Sydney_Sutherland
au,Sydney_Northern_Beaches,GNN,123,10,500,1,MVA_equivalent_PF1,293.17949999999996,0.38396670436305569,112.57116640180847,102.08988038227602,0.34821629882811056,True,27.409431904693232,112.57116640180853,12.8039843749998,217.83575962487885,85.16173449711529,205.03177524987905,True,True,4.9999999999999998e-07,False,False,11,Central_Coast|Hunter_Valley_exc_Newcastle|Newcastle_and_Lake_Macquarie|Sydney_City_and_Inner_South|Sydney_Eastern_Suburbs|Sydney_Inner_South_West|Sydney_Inner_West|Sydney_North_Sydney_and_Hornsby|Sydney_Parramatta|Sydney_Ryde|Sydney_Sutherland
au,Sydney_Northern_Beaches,GNN,123,20,100,0.5,MVA_equivalent_PF1,293.17949999999996,0.00057459481566623691,0.16845942075961948,33.944870270005822,0.11578186834347499,False,2.7208373349681656,0.1296862948151245,0,0,-2.5911510401530409,0,False,True,5.9695312500000028e-08,True,True,11,Central_Coast|Hunter_Valley_exc_Newcastle|Newcastle_and_Lake_Macquarie|Sydney_City_and_Inner_South|Sydney_Eastern_Suburbs|Sydney_Inner_South_West|Sydney_Inner_West|Sydney_North_Sydney_and_Hornsby|Sydney_Parramatta|Sydney_Ryde|Sydney_Sutherland
au,Sydney_Northern_Beaches,GNN,123,20,300,0.5,MVA_equivalent_PF1,293.17949999999996,0.00057459481566623691,0.16845942075961948,33.944870270005822,0.11578186834347499,False,3.788086675779343,0.16845942075965445,0,0.017246087493361983,-3.6196272550196884,0.017246087493361983,False,True,2.5969531250000002e-07,True,False,11,Central_Coast|Hunter_Valley_exc_Newcastle|Newcastle_and_Lake_Macquarie|Sydney_City_and_Inner_South|Sydney_Eastern_Suburbs|Sydney_Inner_South_West|Sydney_Inner_West|Sydney_North_Sydney_and_Hornsby|Sydney_Parramatta|Sydney_Ryde|Sydney_Sutherland
au,Sydney_Northern_Beaches,GNN,123,20,500,0.5,MVA_equivalent_PF1,293.17949999999996,0.00057459481566623691,0.16845942075961948,33.944870270005822,0.11578186834347499,False,3.788086675779343,0.16845942075965445,0,0.0172460874933563,-3.6196272550196884,0.0172460874933563,False,True,4.5969531250000001e-07,True,False,11,Central_Coast|Hunter_Valley_exc_Newcastle|Newcastle_and_Lake_Macquarie|Sydney_City_and_Inner_South|Sydney_Eastern_Suburbs|Sydney_Inner_South_West|Sydney_Inner_West|Sydney_North_Sydney_and_Hornsby|Sydney_Parramatta|Sydney_Ryde|Sydney_Sutherland
au,Sydney_Northern_Beaches,GNN,123,20,100,0.80000000000000004,MVA_equivalent_PF1,293.17949999999996,0.22323888111487536,65.449063545818589,33.944870270005822,0.11578186834347499,True,2.7208373349681656,64.381814205007373,0,62.828279602559917,61.660976870039207,62.828279602559917,True,True,5.9695312500000028e-08,True,False,11,Central_Coast|Hunter_Valley_exc_Newcastle|Newcastle_and_Lake_Macquarie|Sydney_City_and_Inner_South|Sydney_Eastern_Suburbs|Sydney_Inner_South_West|Sydney_Inner_West|Sydney_North_Sydney_and_Hornsby|Sydney_Parramatta|Sydney_Ryde|Sydney_Sutherland
au,Sydney_Northern_Beaches,GNN,123,20,300,0.80000000000000004,MVA_equivalent_PF1,293.17949999999996,0.22323888111487536,65.449063545818589,33.944870270005822,0.11578186834347499,True,3.788086675779343,65.449063545818618,0,127.60054539013738,61.660976870039278,127.60054539013738,True,True,2.5969531250000002e-07,True,False,11,Central_Coast|Hunter_Valley_exc_Newcastle|Newcastle_and_Lake_Macquarie|Sydney_City_and_Inner_South|Sydney_Eastern_Suburbs|Sydney_Inner_South_West|Sydney_Inner_West|Sydney_North_Sydney_and_Hornsby|Sydney_Parramatta|Sydney_Ryde|Sydney_Sutherland
au,Sydney_Northern_Beaches,GNN,123,20,500,0.80000000000000004,MVA_equivalent_PF1,293.17949999999996,0.22323888111487536,65.449063545818589,33.944870270005822,0.11578186834347499,True,3.788086675779343,65.449063545818632,0,127.60054539013746,61.660976870039292,127.60054539013746,True,True,4.5969531250000001e-07,True,False,11,Central_Coast|Hunter_Valley_exc_Newcastle|Newcastle_and_Lake_Macquarie|Sydney_City_and_Inner_South|Sydney_Eastern_Suburbs|Sydney_Inner_South_West|Sydney_Inner_West|Sydney_North_Sydney_and_Hornsby|Sydney_Parramatta|Sydney_Ryde|Sydney_Sutherland
au,Sydney_Northern_Beaches,GNN,123,20,100,0.90000000000000002,MVA_equivalent_PF1,293.17949999999996,0.26075909777749601,76.449221906857375,33.944870270005822,0.11578186834347499,True,2.7208373349681656,75.381972566046144,0,73.828437963598674,72.661135231077978,73.828437963598674,True,True,5.9695312500000028e-08,True,False,11,Central_Coast|Hunter_Valley_exc_Newcastle|Newcastle_and_Lake_Macquarie|Sydney_City_and_Inner_South|Sydney_Eastern_Suburbs|Sydney_Inner_South_West|Sydney_Inner_West|Sydney_North_Sydney_and_Hornsby|Sydney_Parramatta|Sydney_Ryde|Sydney_Sutherland
au,Sydney_Northern_Beaches,GNN,123,20,300,0.90000000000000002,MVA_equivalent_PF1,293.17949999999996,0.26075909777749601,76.449221906857375,33.944870270005822,0.11578186834347499,True,3.788086675779343,76.449221906857389,0,149.600862112215,72.661135231078049,149.600862112215,True,True,2.5969531250000002e-07,True,False,11,Central_Coast|Hunter_Valley_exc_Newcastle|Newcastle_and_Lake_Macquarie|Sydney_City_and_Inner_South|Sydney_Eastern_Suburbs|Sydney_Inner_South_West|Sydney_Inner_West|Sydney_North_Sydney_and_Hornsby|Sydney_Parramatta|Sydney_Ryde|Sydney_Sutherland
au,Sydney_Northern_Beaches,GNN,123,20,500,0.90000000000000002,MVA_equivalent_PF1,293.17949999999996,0.26075909777749601,76.449221906857375,33.944870270005822,0.11578186834347499,True,3.788086675779343,76.449221906857389,0,149.60086211221491,72.661135231078049,149.60086211221491,True,True,4.5969531250000001e-07,True,False,11,Central_Coast|Hunter_Valley_exc_Newcastle|Newcastle_and_Lake_Macquarie|Sydney_City_and_Inner_South|Sydney_Eastern_Suburbs|Sydney_Inner_South_West|Sydney_Inner_West|Sydney_North_Sydney_and_Hornsby|Sydney_Parramatta|Sydney_Ryde|Sydney_Sutherland
au,Sydney_Northern_Beaches,GNN,123,20,100,1,MVA_equivalent_PF1,293.17949999999996,0.5565618206190055,163.1725162881697,33.944870270005822,0.11578186834347499,True,2.7208373349681656,162.10526694735856,0,160.55173234491104,159.38442961239039,160.55173234491104,True,True,5.9695312500000028e-08,True,False,11,Central_Coast|Hunter_Valley_exc_Newcastle|Newcastle_and_Lake_Macquarie|Sydney_City_and_Inner_South|Sydney_Eastern_Suburbs|Sydney_Inner_South_West|Sydney_Inner_West|Sydney_North_Sydney_and_Hornsby|Sydney_Parramatta|Sydney_Ryde|Sydney_Sutherland
au,Sydney_Northern_Beaches,GNN,123,20,300,1,MVA_equivalent_PF1,293.17949999999996,0.5565618206190055,163.1725162881697,33.944870270005822,0.11578186834347499,True,3.788086675779343,163.17251628816979,0,323.04745087483957,159.38442961239045,323.04745087483957,True,True,2.5969531250000002e-07,True,False,11,Central_Coast|Hunter_Valley_exc_Newcastle|Newcastle_and_Lake_Macquarie|Sydney_City_and_Inner_South|Sydney_Eastern_Suburbs|Sydney_Inner_South_West|Sydney_Inner_West|Sydney_North_Sydney_and_Hornsby|Sydney_Parramatta|Sydney_Ryde|Sydney_Sutherland
au,Sydney_Northern_Beaches,GNN,123,20,500,1,MVA_equivalent_PF1,293.17949999999996,0.5565618206190055,163.1725162881697,33.944870270005822,0.11578186834347499,True,3.788086675779343,163.17251628816979,0,323.04745087483957,159.38442961239045,323.04745087483957,True,True,4.5969531250000001e-07,True,False,11,Central_Coast|Hunter_Valley_exc_Newcastle|Newcastle_and_Lake_Macquarie|Sydney_City_and_Inner_South|Sydney_Eastern_Suburbs|Sydney_Inner_South_West|Sydney_Inner_West|Sydney_North_Sydney_and_Hornsby|Sydney_Parramatta|Sydney_Ryde|Sydney_Sutherland
au,Sydney_Northern_Beaches,GNN,456,10,100,0.5,MVA_equivalent_PF1,293.17949999999996,0.22976212086763717,67.361543714913424,120.80318370158611,0.41204512492035128,False,37.900671261933411,61.419385636524389,19.510937499999944,15.351568883087026,23.518714374590978,-4.1593686169129178,True,False,1.0000000000000002e-07,False,False,11,Central_Coast|Hunter_Valley_exc_Newcastle|Newcastle_and_Lake_Macquarie|Sydney_City_and_Inner_South|Sydney_Eastern_Suburbs|Sydney_Inner_South_West|Sydney_Inner_West|Sydney_North_Sydney_and_Hornsby|Sydney_Parramatta|Sydney_Ryde|Sydney_Sutherland
au,Sydney_Northern_Beaches,GNN,456,10,300,0.5,MVA_equivalent_PF1,293.17949999999996,0.22976212086763717,67.361543714913424,120.80318370158611,0.41204512492035128,False,43.873029080679629,67.361543714913438,12.786406249999885,129.11405313930214,23.488514634233809,116.32764688930226,True,True,3.0000000000000004e-07,False,False,11,Central_Coast|Hunter_Valley_exc_Newcastle|Newcastle_and_Lake_Macquarie|Sydney_City_and_Inner_South|Sydney_Eastern_Suburbs|Sydney_Inner_South_West|Sydney_Inner_West|Sydney_North_Sydney_and_Hornsby|Sydney_Parramatta|Sydney_Ryde|Sydney_Sutherland
au,Sydney_Northern_Beaches,GNN,456,10,500,0.5,MVA_equivalent_PF1,293.17949999999996,0.22976212086763717,67.361543714913424,120.80318370158611,0.41204512492035128,False,43.873029080679629,67.361543714913452,12.7864062499998,129.11405313930223,23.488514634233823,116.32764688930243,True,True,4.9999999999999998e-07,False,False,11,Central_Coast|Hunter_Valley_exc_Newcastle|Newcastle_and_Lake_Macquarie|Sydney_City_and_Inner_South|Sydney_Eastern_Suburbs|Sydney_Inner_South_West|Sydney_Inner_West|Sydney_North_Sydney_and_Hornsby|Sydney_Parramatta|Sydney_Ryde|Sydney_Sutherland
au,Sydney_Northern_Beaches,GNN,456,10,100,0.80000000000000004,MVA_equivalent_PF1,293.17949999999996,0.42134464876692135,123.5296134531616,120.80318370158611,0.41204512492035128,True,37.900671261933411,117.5572556344154,19.510937499999944,70.640637861477131,79.656584372481987,51.129700361477191,True,True,1.0000000000000002e-07,False,False,11,Central_Coast|Hunter_Valley_exc_Newcastle|Newcastle_and_Lake_Macquarie|Sydney_City_and_Inner_South|Sydney_Eastern_Suburbs|Sydney_Inner_South_West|Sydney_Inner_West|Sydney_North_Sydney_and_Hornsby|Sydney_Parramatta|Sydney_Ryde|Sydney_Sutherland
au,Sydney_Northern_Beaches,GNN,456,10,300,0.80000000000000004,MVA_equivalent_PF1,293.17949999999996,0.42134464876692135,123.5296134531616,120.80318370158611,0.41204512492035128,True,43.873029080679629,123.52961345316162,12.786406249999885,241.45019261579856,79.656584372481987,228.66378636579867,True,True,3.0000000000000004e-07,False,False,11,Central_Coast|Hunter_Valley_exc_Newcastle|Newcastle_and_Lake_Macquarie|Sydney_City_and_Inner_South|Sydney_Eastern_Suburbs|Sydney_Inner_South_West|Sydney_Inner_West|Sydney_North_Sydney_and_Hornsby|Sydney_Parramatta|Sydney_Ryde|Sydney_Sutherland
au,Sydney_Northern_Beaches,GNN,456,10,500,0.80000000000000004,MVA_equivalent_PF1,293.17949999999996,0.42134464876692135,123.5296134531616,120.80318370158611,0.41204512492035128,True,43.873029080679629,123.52961345316164,12.7864062499998,241.45019261579856,79.656584372482016,228.66378636579876,True,True,4.9999999999999998e-07,False,False,11,Central_Coast|Hunter_Valley_exc_Newcastle|Newcastle_and_Lake_Macquarie|Sydney_City_and_Inner_South|Sydney_Eastern_Suburbs|Sydney_Inner_South_West|Sydney_Inner_West|Sydney_North_Sydney_and_Hornsby|Sydney_Parramatta|Sydney_Ryde|Sydney_Sutherland
au,Sydney_Northern_Beaches,GNN,456,10,100,0.90000000000000002,MVA_equivalent_PF1,293.17949999999996,0.56026948450350456,164.2595273319952,120.80318370158611,0.41204512492035128,True,37.900671261933411,158.28716951324904,19.510937499999944,111.37055174031077,120.38649825131563,91.859614240310833,True,True,1.0000000000000002e-07,False,False,11,Central_Coast|Hunter_Valley_exc_Newcastle|Newcastle_and_Lake_Macquarie|Sydney_City_and_Inner_South|Sydney_Eastern_Suburbs|Sydney_Inner_South_West|Sydney_Inner_West|Sydney_North_Sydney_and_Hornsby|Sydney_Parramatta|Sydney_Ryde|Sydney_Sutherland
au,Sydney_Northern_Beaches,GNN,456,10,300,0.90000000000000002,MVA_equivalent_PF1,293.17949999999996,0.56026948450350456,164.2595273319952,120.80318370158611,0.41204512492035128,True,43.873029080679629,164.25952733199526,12.786406249999885,293.95667450137398,120.38649825131563,281.17026825137407,True,True,3.0000000000000004e-07,False,False,11,Central_Coast|Hunter_Valley_exc_Newcastle|Newcastle_and_Lake_Macquarie|Sydney_City_and_Inner_South|Sydney_Eastern_Suburbs|Sydney_Inner_South_West|Sydney_Inner_West|Sydney_North_Sydney_and_Hornsby|Sydney_Parramatta|Sydney_Ryde|Sydney_Sutherland
au,Sydney_Northern_Beaches,GNN,456,10,500,0.90000000000000002,MVA_equivalent_PF1,293.17949999999996,0.56026948450350456,164.2595273319952,120.80318370158611,0.41204512492035128,True,43.873029080679629,164.25952733199526,12.7864062499998,322.91002037346573,120.38649825131563,310.12361412346593,True,True,4.9999999999999998e-07,False,False,11,Central_Coast|Hunter_Valley_exc_Newcastle|Newcastle_and_Lake_Macquarie|Sydney_City_and_Inner_South|Sydney_Eastern_Suburbs|Sydney_Inner_South_West|Sydney_Inner_West|Sydney_North_Sydney_and_Hornsby|Sydney_Parramatta|Sydney_Ryde|Sydney_Sutherland
au,Sydney_Northern_Beaches,GNN,456,10,100,1,MVA_equivalent_PF1,293.17949999999996,0.59205489131675215,173.57835700879971,120.80318370158611,0.41204512492035128,True,37.900671261933411,167.6059991900535,19.510937499999944,120.68938141711524,129.70532792812008,101.1784439171153,True,True,1.0000000000000002e-07,False,False,11,Central_Coast|Hunter_Valley_exc_Newcastle|Newcastle_and_Lake_Macquarie|Sydney_City_and_Inner_South|Sydney_Eastern_Suburbs|Sydney_Inner_South_West|Sydney_Inner_West|Sydney_North_Sydney_and_Hornsby|Sydney_Parramatta|Sydney_Ryde|Sydney_Sutherland
au,Sydney_Northern_Beaches,GNN,456,10,300,1,MVA_equivalent_PF1,293.17949999999996,0.59205489131675215,173.57835700879971,120.80318370158611,0.41204512492035128,True,43.873029080679629,173.57835700879968,12.786406249999885,303.27550417817855,129.70532792812006,290.48909792817869,True,True,3.0000000000000004e-07,False,False,11,Central_Coast|Hunter_Valley_exc_Newcastle|Newcastle_and_Lake_Macquarie|Sydney_City_and_Inner_South|Sydney_Eastern_Suburbs|Sydney_Inner_South_West|Sydney_Inner_West|Sydney_North_Sydney_and_Hornsby|Sydney_Parramatta|Sydney_Ryde|Sydney_Sutherland
au,Sydney_Northern_Beaches,GNN,456,10,500,1,MVA_equivalent_PF1,293.17949999999996,0.59205489131675215,173.57835700879971,120.80318370158611,0.41204512492035128,True,43.873029080679629,173.57835700879974,12.7864062499998,341.54767972707475,129.70532792812011,328.76127347707495,True,True,4.9999999999999998e-07,False,False,11,Central_Coast|Hunter_Valley_exc_Newcastle|Newcastle_and_Lake_Macquarie|Sydney_City_and_Inner_South|Sydney_Eastern_Suburbs|Sydney_Inner_South_West|Sydney_Inner_West|Sydney_North_Sydney_and_Hornsby|Sydney_Parramatta|Sydney_Ryde|Sydney_Sutherland
au,Sydney_Northern_Beaches,GNN,456,20,100,0.5,MVA_equivalent_PF1,293.17949999999996,0.00069645120551833841,0.20418521620826366,31.781169622299501,0.10840174576428264,False,2.6732682023561942,0.15921562413817678,0,0,-2.5140525782180174,0,False,True,5.9695312500000028e-08,True,True,11,Central_Coast|Hunter_Valley_exc_Newcastle|Newcastle_and_Lake_Macquarie|Sydney_City_and_Inner_South|Sydney_Eastern_Suburbs|Sydney_Inner_South_West|Sydney_Inner_West|Sydney_North_Sydney_and_Hornsby|Sydney_Parramatta|Sydney_Ryde|Sydney_Sutherland
au,Sydney_Northern_Beaches,GNN,456,20,300,0.5,MVA_equivalent_PF1,293.17949999999996,0.00069645120551833841,0.20418521620826366,31.781169622299501,0.10840174576428264,False,3.6597153823437591,0.20418521620829613,0,0.015114257386295548,-3.4555301661354632,0.015114257386295548,False,True,2.5969531250000002e-07,True,False,11,Central_Coast|Hunter_Valley_exc_Newcastle|Newcastle_and_Lake_Macquarie|Sydney_City_and_Inner_South|Sydney_Eastern_Suburbs|Sydney_Inner_South_West|Sydney_Inner_West|Sydney_North_Sydney_and_Hornsby|Sydney_Parramatta|Sydney_Ryde|Sydney_Sutherland
au,Sydney_Northern_Beaches,GNN,456,20,500,0.5,MVA_equivalent_PF1,293.17949999999996,0.00069645120551833841,0.20418521620826366,31.781169622299501,0.10840174576428264,False,3.6597153823437591,0.20418521620829613,0,0.015114257386295548,-3.4555301661354632,0.015114257386295548,False,True,4.5969531250000001e-07,True,False,11,Central_Coast|Hunter_Valley_exc_Newcastle|Newcastle_and_Lake_Macquarie|Sydney_City_and_Inner_South|Sydney_Eastern_Suburbs|Sydney_Inner_South_West|Sydney_Inner_West|Sydney_North_Sydney_and_Hornsby|Sydney_Parramatta|Sydney_Ryde|Sydney_Sutherland
au,Sydney_Northern_Beaches,GNN,456,20,100,0.80000000000000004,MVA_equivalent_PF1,293.17949999999996,0.27461631380204293,80.511873572326039,31.781169622299501,0.10840174576428264,True,2.6732682023561942,79.525426392338446,0,77.729137632948394,76.852158189982248,77.729137632948394,True,True,5.9695312500000028e-08,True,False,11,Central_Coast|Hunter_Valley_exc_Newcastle|Newcastle_and_Lake_Macquarie|Sydney_City_and_Inner_South|Sydney_Eastern_Suburbs|Sydney_Inner_South_West|Sydney_Inner_West|Sydney_North_Sydney_and_Hornsby|Sydney_Parramatta|Sydney_Ryde|Sydney_Sutherland
au,Sydney_Northern_Beaches,GNN,456,20,300,0.80000000000000004,MVA_equivalent_PF1,293.17949999999996,0.27461631380204293,80.511873572326039,31.781169622299501,0.10840174576428264,True,3.6597153823437591,80.511873572326067,0,157.35262789355218,76.852158189982305,157.35262789355218,True,True,2.5969531250000002e-07,True,False,11,Central_Coast|Hunter_Valley_exc_Newcastle|Newcastle_and_Lake_Macquarie|Sydney_City_and_Inner_South|Sydney_Eastern_Suburbs|Sydney_Inner_South_West|Sydney_Inner_West|Sydney_North_Sydney_and_Hornsby|Sydney_Parramatta|Sydney_Ryde|Sydney_Sutherland
au,Sydney_Northern_Beaches,GNN,456,20,500,0.80000000000000004,MVA_equivalent_PF1,293.17949999999996,0.27461631380204293,80.511873572326039,31.781169622299501,0.10840174576428264,True,3.6597153823437591,80.511873572326067,0,157.35262789355201,76.852158189982305,157.35262789355201,True,True,4.5969531250000001e-07,True,False,11,Central_Coast|Hunter_Valley_exc_Newcastle|Newcastle_and_Lake_Macquarie|Sydney_City_and_Inner_South|Sydney_Eastern_Suburbs|Sydney_Inner_South_West|Sydney_Inner_West|Sydney_North_Sydney_and_Hornsby|Sydney_Parramatta|Sydney_Ryde|Sydney_Sutherland
au,Sydney_Northern_Beaches,GNN,456,20,100,0.90000000000000002,MVA_equivalent_PF1,293.17949999999996,0.55350404524109131,162.27603923176051,31.781169622299501,0.10840174576428264,True,2.6732682023561942,161.28959205177287,0,159.49330329238282,158.61632384941669,159.49330329238282,True,True,5.9695312500000028e-08,True,False,11,Central_Coast|Hunter_Valley_exc_Newcastle|Newcastle_and_Lake_Macquarie|Sydney_City_and_Inner_South|Sydney_Eastern_Suburbs|Sydney_Inner_South_West|Sydney_Inner_West|Sydney_North_Sydney_and_Hornsby|Sydney_Parramatta|Sydney_Ryde|Sydney_Sutherland
au,Sydney_Northern_Beaches,GNN,456,20,300,0.90000000000000002,MVA_equivalent_PF1,293.17949999999996,0.55350404524109131,162.27603923176051,31.781169622299501,0.10840174576428264,True,3.6597153823437591,162.27603923176048,0,320.88095921242109,158.61632384941672,320.88095921242109,True,True,2.5969531250000002e-07,True,False,11,Central_Coast|Hunter_Valley_exc_Newcastle|Newcastle_and_Lake_Macquarie|Sydney_City_and_Inner_South|Sydney_Eastern_Suburbs|Sydney_Inner_South_West|Sydney_Inner_West|Sydney_North_Sydney_and_Hornsby|Sydney_Parramatta|Sydney_Ryde|Sydney_Sutherland
au,Sydney_Northern_Beaches,GNN,456,20,500,0.90000000000000002,MVA_equivalent_PF1,293.17949999999996,0.55350404524109131,162.27603923176051,31.781169622299501,0.10840174576428264,True,3.6597153823437591,162.27603923176048,0,320.88095921242109,158.61632384941672,320.88095921242109,True,True,4.5969531250000001e-07,True,False,11,Central_Coast|Hunter_Valley_exc_Newcastle|Newcastle_and_Lake_Macquarie|Sydney_City_and_Inner_South|Sydney_Eastern_Suburbs|Sydney_Inner_South_West|Sydney_Inner_West|Sydney_North_Sydney_and_Hornsby|Sydney_Parramatta|Sydney_Ryde|Sydney_Sutherland
au,Sydney_Northern_Beaches,GNN,456,20,100,1,MVA_equivalent_PF1,293.17949999999996,0.76965969573667559,225.64844476623065,31.781169622299501,0.10840174576428264,True,2.6732682023561942,224.66199758624302,0,222.86570882685299,221.98872938388683,222.86570882685299,True,True,5.9695312500000028e-08,True,False,11,Central_Coast|Hunter_Valley_exc_Newcastle|Newcastle_and_Lake_Macquarie|Sydney_City_and_Inner_South|Sydney_Eastern_Suburbs|Sydney_Inner_South_West|Sydney_Inner_West|Sydney_North_Sydney_and_Hornsby|Sydney_Parramatta|Sydney_Ryde|Sydney_Sutherland
au,Sydney_Northern_Beaches,GNN,456,20,300,1,MVA_equivalent_PF1,293.17949999999996,0.76965969573667559,225.64844476623065,31.781169622299501,0.10840174576428264,True,3.6597153823437591,225.6484447662306,0,405.68546860666038,221.98872938388683,405.68546860666038,True,True,2.5969531250000002e-07,True,False,11,Central_Coast|Hunter_Valley_exc_Newcastle|Newcastle_and_Lake_Macquarie|Sydney_City_and_Inner_South|Sydney_Eastern_Suburbs|Sydney_Inner_South_West|Sydney_Inner_West|Sydney_North_Sydney_and_Hornsby|Sydney_Parramatta|Sydney_Ryde|Sydney_Sutherland
au,Sydney_Northern_Beaches,GNN,456,20,500,1,MVA_equivalent_PF1,293.17949999999996,0.76965969573667559,225.64844476623065,31.781169622299501,0.10840174576428264,True,3.6597153823437591,225.6484447662306,0,447.62577028136127,221.98872938388683,447.62577028136127,True,True,4.5969531250000001e-07,True,False,11,Central_Coast|Hunter_Valley_exc_Newcastle|Newcastle_and_Lake_Macquarie|Sydney_City_and_Inner_South|Sydney_Eastern_Suburbs|Sydney_Inner_South_West|Sydney_Inner_West|Sydney_North_Sydney_and_Hornsby|Sydney_Parramatta|Sydney_Ryde|Sydney_Sutherland
au,Sydney_Parramatta,Uni,,10,100,0.5,MVA_equivalent_PF1,181.3186,0.19554968763536201,35.45679559248115,80.885366055590964,0.44609524922203769,False,11.769824282174426,11.183924771904843,0,0,-0.58589951026958254,0,False,True,1.0000000000000001e-07,True,True,11,Central_Coast|Hunter_Valley_exc_Newcastle|Newcastle_and_Lake_Macquarie|Sydney_City_and_Inner_South|Sydney_Eastern_Suburbs|Sydney_Inner_South_West|Sydney_Inner_West|Sydney_North_Sydney_and_Hornsby|Sydney_Northern_Beaches|Sydney_Ryde|Sydney_Sutherland
au,Sydney_Parramatta,Uni,,10,300,0.5,MVA_equivalent_PF1,181.3186,0.19554968763536201,35.45679559248115,80.885366055590964,0.44609524922203769,False,12.791868276676546,11.753927738907505,0,0,-1.0379405377690407,0,False,True,3.0000000000000004e-07,True,True,11,Central_Coast|Hunter_Valley_exc_Newcastle|Newcastle_and_Lake_Macquarie|Sydney_City_and_Inner_South|Sydney_Eastern_Suburbs|Sydney_Inner_South_West|Sydney_Inner_West|Sydney_North_Sydney_and_Hornsby|Sydney_Northern_Beaches|Sydney_Ryde|Sydney_Sutherland
au,Sydney_Parramatta,Uni,,10,500,0.5,MVA_equivalent_PF1,181.3186,0.19554968763536201,35.45679559248115,80.885366055590964,0.44609524922203769,False,14.295324695363151,35.456795592481178,0,69.173262514525874,21.161470897118029,69.173262514525874,True,True,5.0000000000000008e-07,True,False,11,Central_Coast|Hunter_Valley_exc_Newcastle|Newcastle_and_Lake_Macquarie|Sydney_City_and_Inner_South|Sydney_Eastern_Suburbs|Sydney_Inner_South_West|Sydney_Inner_West|Sydney_North_Sydney_and_Hornsby|Sydney_Northern_Beaches|Sydney_Ryde|Sydney_Sutherland
au,Sydney_Parramatta,Uni,,10,100,0.80000000000000004,MVA_equivalent_PF1,181.3186,0.25670449501815934,46.545299650399627,80.885366055590964,0.44609524922203769,False,11.769824282174426,14.693436306236043,0,0,2.923612024061617,0,True,True,1.0000000000000001e-07,True,True,11,Central_Coast|Hunter_Valley_exc_Newcastle|Newcastle_and_Lake_Macquarie|Sydney_City_and_Inner_South|Sydney_Eastern_Suburbs|Sydney_Inner_South_West|Sydney_Inner_West|Sydney_North_Sydney_and_Hornsby|Sydney_Northern_Beaches|Sydney_Ryde|Sydney_Sutherland
au,Sydney_Parramatta,Uni,,10,300,0.80000000000000004,MVA_equivalent_PF1,181.3186,0.25670449501815934,46.545299650399627,80.885366055590964,0.44609524922203769,False,12.791868276676546,15.429766834107479,0,0,2.6378985574309333,0,True,True,3.0000000000000004e-07,True,True,11,Central_Coast|Hunter_Valley_exc_Newcastle|Newcastle_and_Lake_Macquarie|Sydney_City_and_Inner_South|Sydney_Eastern_Suburbs|Sydney_Inner_South_West|Sydney_Inner_West|Sydney_North_Sydney_and_Hornsby|Sydney_Northern_Beaches|Sydney_Ryde|Sydney_Sutherland
au,Sydney_Parramatta,Uni,,10,500,0.80000000000000004,MVA_equivalent_PF1,181.3186,0.25670449501815934,46.545299650399627,80.885366055590964,0.44609524922203769,False,14.295324695363151,46.54529965039967,0,91.350270630362814,32.249974955036521,91.350270630362814,True,True,5.0000000000000008e-07,True,False,11,Central_Coast|Hunter_Valley_exc_Newcastle|Newcastle_and_Lake_Macquarie|Sydney_City_and_Inner_South|Sydney_Eastern_Suburbs|Sydney_Inner_South_West|Sydney_Inner_West|Sydney_North_Sydney_and_Hornsby|Sydney_Northern_Beaches|Sydney_Ryde|Sydney_Sutherland
au,Sydney_Parramatta,Uni,,10,100,0.90000000000000002,MVA_equivalent_PF1,181.3186,0.29362914917335647,53.240426247304157,80.885366055590964,0.44609524922203769,False,11.769824282174426,16.81244387415633,0,0,5.0426195919819037,0,True,True,1.0000000000000001e-07,True,True,11,Central_Coast|Hunter_Valley_exc_Newcastle|Newcastle_and_Lake_Macquarie|Sydney_City_and_Inner_South|Sydney_Eastern_Suburbs|Sydney_Inner_South_West|Sydney_Inner_West|Sydney_North_Sydney_and_Hornsby|Sydney_Northern_Beaches|Sydney_Ryde|Sydney_Sutherland
au,Sydney_Parramatta,Uni,,10,300,0.90000000000000002,MVA_equivalent_PF1,181.3186,0.29362914917335647,53.240426247304157,80.885366055590964,0.44609524922203769,False,12.791868276676546,17.649201300981336,0,0,4.8573330243047899,0,True,True,3.0000000000000004e-07,True,True,11,Central_Coast|Hunter_Valley_exc_Newcastle|Newcastle_and_Lake_Macquarie|Sydney_City_and_Inner_South|Sydney_Eastern_Suburbs|Sydney_Inner_South_West|Sydney_Inner_West|Sydney_North_Sydney_and_Hornsby|Sydney_Northern_Beaches|Sydney_Ryde|Sydney_Sutherland
au,Sydney_Parramatta,Uni,,10,500,0.90000000000000002,MVA_equivalent_PF1,181.3186,0.29362914917335647,53.240426247304157,80.885366055590964,0.44609524922203769,False,14.295324695363151,53.240426247304192,0,104.74052382417194,38.945101551941043,104.74052382417194,True,True,5.0000000000000008e-07,True,False,11,Central_Coast|Hunter_Valley_exc_Newcastle|Newcastle_and_Lake_Macquarie|Sydney_City_and_Inner_South|Sydney_Eastern_Suburbs|Sydney_Inner_South_West|Sydney_Inner_West|Sydney_North_Sydney_and_Hornsby|Sydney_Northern_Beaches|Sydney_Ryde|Sydney_Sutherland
au,Sydney_Parramatta,Uni,,10,100,1,MVA_equivalent_PF1,181.3186,0.32825135197067157,59.518075587429408,80.885366055590964,0.44609524922203769,False,11.769824282174426,18.799319890305966,0,0,7.0294956081315405,0,True,True,1.0000000000000001e-07,True,True,11,Central_Coast|Hunter_Valley_exc_Newcastle|Newcastle_and_Lake_Macquarie|Sydney_City_and_Inner_South|Sydney_Eastern_Suburbs|Sydney_Inner_South_West|Sydney_Inner_West|Sydney_North_Sydney_and_Hornsby|Sydney_Northern_Beaches|Sydney_Ryde|Sydney_Sutherland
au,Sydney_Parramatta,Uni,,10,300,1,MVA_equivalent_PF1,181.3186,0.32825135197067157,59.518075587429408,80.885366055590964,0.44609524922203769,False,12.791868276676546,19.730242057232854,0,0,6.9383737805563079,0,True,True,3.0000000000000004e-07,True,True,11,Central_Coast|Hunter_Valley_exc_Newcastle|Newcastle_and_Lake_Macquarie|Sydney_City_and_Inner_South|Sydney_Eastern_Suburbs|Sydney_Inner_South_West|Sydney_Inner_West|Sydney_North_Sydney_and_Hornsby|Sydney_Northern_Beaches|Sydney_Ryde|Sydney_Sutherland
au,Sydney_Parramatta,Uni,,10,500,1,MVA_equivalent_PF1,181.3186,0.32825135197067157,59.518075587429408,80.885366055590964,0.44609524922203769,False,14.295324695363151,59.518075587429443,0,117.2958225044224,45.222750892066294,117.2958225044224,True,True,5.0000000000000008e-07,True,False,11,Central_Coast|Hunter_Valley_exc_Newcastle|Newcastle_and_Lake_Macquarie|Sydney_City_and_Inner_South|Sydney_Eastern_Suburbs|Sydney_Inner_South_West|Sydney_Inner_West|Sydney_North_Sydney_and_Hornsby|Sydney_Northern_Beaches|Sydney_Ryde|Sydney_Sutherland
au,Sydney_Parramatta,Uni,,20,100,0.5,MVA_equivalent_PF1,181.3186,0.1178905508771788,21.375749638278833,2.8421709430404007e-14,1.5675010412833546e-16,True,0,0,0,0,0,0,True,True,1.0000000000000001e-09,True,True,11,Central_Coast|Hunter_Valley_exc_Newcastle|Newcastle_and_Lake_Macquarie|Sydney_City_and_Inner_South|Sydney_Eastern_Suburbs|Sydney_Inner_South_West|Sydney_Inner_West|Sydney_North_Sydney_and_Hornsby|Sydney_Northern_Beaches|Sydney_Ryde|Sydney_Sutherland
au,Sydney_Parramatta,Uni,,20,300,0.5,MVA_equivalent_PF1,181.3186,0.1178905508771788,21.375749638278833,2.8421709430404007e-14,1.5675010412833546e-16,True,0,0,0,0,0,0,True,True,1.0000000000000001e-09,True,True,11,Central_Coast|Hunter_Valley_exc_Newcastle|Newcastle_and_Lake_Macquarie|Sydney_City_and_Inner_South|Sydney_Eastern_Suburbs|Sydney_Inner_South_West|Sydney_Inner_West|Sydney_North_Sydney_and_Hornsby|Sydney_Northern_Beaches|Sydney_Ryde|Sydney_Sutherland
au,Sydney_Parramatta,Uni,,20,500,0.5,MVA_equivalent_PF1,181.3186,0.1178905508771788,21.375749638278833,2.8421709430404007e-14,1.5675010412833546e-16,True,1.1368683772161603e-13,21.375749638278872,0,42.751499276557709,21.375749638278759,42.751499276557709,True,True,1.0891874999999994e-07,True,False,11,Central_Coast|Hunter_Valley_exc_Newcastle|Newcastle_and_Lake_Macquarie|Sydney_City_and_Inner_South|Sydney_Eastern_Suburbs|Sydney_Inner_South_West|Sydney_Inner_West|Sydney_North_Sydney_and_Hornsby|Sydney_Northern_Beaches|Sydney_Ryde|Sydney_Sutherland
au,Sydney_Parramatta,Uni,,20,100,0.80000000000000004,MVA_equivalent_PF1,181.3186,0.20166758968246928,36.566085026599772,2.8421709430404007e-14,1.5675010412833546e-16,True,0,0,0,0,0,0,True,True,1.0000000000000001e-09,True,True,11,Central_Coast|Hunter_Valley_exc_Newcastle|Newcastle_and_Lake_Macquarie|Sydney_City_and_Inner_South|Sydney_Eastern_Suburbs|Sydney_Inner_South_West|Sydney_Inner_West|Sydney_North_Sydney_and_Hornsby|Sydney_Northern_Beaches|Sydney_Ryde|Sydney_Sutherland
au,Sydney_Parramatta,Uni,,20,300,0.80000000000000004,MVA_equivalent_PF1,181.3186,0.20166758968246928,36.566085026599772,2.8421709430404007e-14,1.5675010412833546e-16,True,0,0,0,0,0,0,True,True,1.0000000000000001e-09,True,True,11,Central_Coast|Hunter_Valley_exc_Newcastle|Newcastle_and_Lake_Macquarie|Sydney_City_and_Inner_South|Sydney_Eastern_Suburbs|Sydney_Inner_South_West|Sydney_Inner_West|Sydney_North_Sydney_and_Hornsby|Sydney_Northern_Beaches|Sydney_Ryde|Sydney_Sutherland
au,Sydney_Parramatta,Uni,,20,500,0.80000000000000004,MVA_equivalent_PF1,181.3186,0.20166758968246928,36.566085026599772,2.8421709430404007e-14,1.5675010412833546e-16,True,1.1368683772161603e-13,36.566085026599801,0,73.132170053199474,36.566085026599687,73.132170053199474,True,True,1.0891874999999994e-07,True,False,11,Central_Coast|Hunter_Valley_exc_Newcastle|Newcastle_and_Lake_Macquarie|Sydney_City_and_Inner_South|Sydney_Eastern_Suburbs|Sydney_Inner_South_West|Sydney_Inner_West|Sydney_North_Sydney_and_Hornsby|Sydney_Northern_Beaches|Sydney_Ryde|Sydney_Sutherland
au,Sydney_Parramatta,Uni,,20,100,0.90000000000000002,MVA_equivalent_PF1,181.3186,0.2529809421544294,45.870150258122123,2.8421709430404007e-14,1.5675010412833546e-16,True,0,0,0,0,0,0,True,True,1.0000000000000001e-09,True,True,11,Central_Coast|Hunter_Valley_exc_Newcastle|Newcastle_and_Lake_Macquarie|Sydney_City_and_Inner_South|Sydney_Eastern_Suburbs|Sydney_Inner_South_West|Sydney_Inner_West|Sydney_North_Sydney_and_Hornsby|Sydney_Northern_Beaches|Sydney_Ryde|Sydney_Sutherland
au,Sydney_Parramatta,Uni,,20,300,0.90000000000000002,MVA_equivalent_PF1,181.3186,0.2529809421544294,45.870150258122123,2.8421709430404007e-14,1.5675010412833546e-16,True,0,0,0,0,0,0,True,True,1.0000000000000001e-09,True,True,11,Central_Coast|Hunter_Valley_exc_Newcastle|Newcastle_and_Lake_Macquarie|Sydney_City_and_Inner_South|Sydney_Eastern_Suburbs|Sydney_Inner_South_West|Sydney_Inner_West|Sydney_North_Sydney_and_Hornsby|Sydney_Northern_Beaches|Sydney_Ryde|Sydney_Sutherland
au,Sydney_Parramatta,Uni,,20,500,0.90000000000000002,MVA_equivalent_PF1,181.3186,0.2529809421544294,45.870150258122123,2.8421709430404007e-14,1.5675010412833546e-16,True,1.1368683772161603e-13,45.870150258122187,0,91.740300516244318,45.870150258122074,91.740300516244318,True,True,1.0891874999999994e-07,True,False,11,Central_Coast|Hunter_Valley_exc_Newcastle|Newcastle_and_Lake_Macquarie|Sydney_City_and_Inner_South|Sydney_Eastern_Suburbs|Sydney_Inner_South_West|Sydney_Inner_West|Sydney_North_Sydney_and_Hornsby|Sydney_Northern_Beaches|Sydney_Ryde|Sydney_Sutherland
au,Sydney_Parramatta,Uni,,20,100,1,MVA_equivalent_PF1,181.3186,0.56636303530589271,102.69215265341504,2.8421709430404007e-14,1.5675010412833546e-16,True,0,0,0,0,0,0,True,True,1.0000000000000001e-09,True,True,11,Central_Coast|Hunter_Valley_exc_Newcastle|Newcastle_and_Lake_Macquarie|Sydney_City_and_Inner_South|Sydney_Eastern_Suburbs|Sydney_Inner_South_West|Sydney_Inner_West|Sydney_North_Sydney_and_Hornsby|Sydney_Northern_Beaches|Sydney_Ryde|Sydney_Sutherland
au,Sydney_Parramatta,Uni,,20,300,1,MVA_equivalent_PF1,181.3186,0.56636303530589271,102.69215265341504,2.8421709430404007e-14,1.5675010412833546e-16,True,0,11.610902653414996,0,11.610902653414996,11.610902653414996,11.610902653414996,True,True,1.0000000000000001e-09,True,False,11,Central_Coast|Hunter_Valley_exc_Newcastle|Newcastle_and_Lake_Macquarie|Sydney_City_and_Inner_South|Sydney_Eastern_Suburbs|Sydney_Inner_South_West|Sydney_Inner_West|Sydney_North_Sydney_and_Hornsby|Sydney_Northern_Beaches|Sydney_Ryde|Sydney_Sutherland
au,Sydney_Parramatta,Uni,,20,500,1,MVA_equivalent_PF1,181.3186,0.56636303530589271,102.69215265341504,2.8421709430404007e-14,1.5675010412833546e-16,True,1.1368683772161603e-13,102.69215265341509,0,205.38430530682999,102.69215265341498,205.38430530682999,True,True,1.0891874999999994e-07,True,False,11,Central_Coast|Hunter_Valley_exc_Newcastle|Newcastle_and_Lake_Macquarie|Sydney_City_and_Inner_South|Sydney_Eastern_Suburbs|Sydney_Inner_South_West|Sydney_Inner_West|Sydney_North_Sydney_and_Hornsby|Sydney_Northern_Beaches|Sydney_Ryde|Sydney_Sutherland
au,Sydney_Parramatta,LU,,10,100,0.5,MVA_equivalent_PF1,181.3186,0.19273053199304105,34.945630238233413,89.476345960992518,0.49347582631342024,False,13.430877333856337,11.045834337192685,0,0,-2.3850429966636515,0,False,True,1.0000000000000001e-07,True,True,11,Central_Coast|Hunter_Valley_exc_Newcastle|Newcastle_and_Lake_Macquarie|Sydney_City_and_Inner_South|Sydney_Eastern_Suburbs|Sydney_Inner_South_West|Sydney_Inner_West|Sydney_North_Sydney_and_Hornsby|Sydney_Northern_Beaches|Sydney_Ryde|Sydney_Sutherland
au,Sydney_Parramatta,LU,,10,300,0.5,MVA_equivalent_PF1,181.3186,0.19273053199304105,34.945630238233413,89.476345960992518,0.49347582631342024,False,14.518879248547048,11.584476423974381,0,0,-2.9344028245726665,0,False,True,3.0000000000000004e-07,True,True,11,Central_Coast|Hunter_Valley_exc_Newcastle|Newcastle_and_Lake_Macquarie|Sydney_City_and_Inner_South|Sydney_Eastern_Suburbs|Sydney_Inner_South_West|Sydney_Inner_West|Sydney_North_Sydney_and_Hornsby|Sydney_Northern_Beaches|Sydney_Ryde|Sydney_Sutherland
au,Sydney_Parramatta,LU,,10,500,0.5,MVA_equivalent_PF1,181.3186,0.19273053199304105,34.945630238233413,89.476345960992518,0.49347582631342024,False,15.974760242859364,34.945630238233441,0,68.093477666219854,18.970869995374077,68.093477666219854,True,True,5.0000000000000008e-07,True,False,11,Central_Coast|Hunter_Valley_exc_Newcastle|Newcastle_and_Lake_Macquarie|Sydney_City_and_Inner_South|Sydney_Eastern_Suburbs|Sydney_Inner_South_West|Sydney_Inner_West|Sydney_North_Sydney_and_Hornsby|Sydney_Northern_Beaches|Sydney_Ryde|Sydney_Sutherland
au,Sydney_Parramatta,LU,,10,100,0.80000000000000004,MVA_equivalent_PF1,181.3186,0.27601842065827231,50.047273607969018,89.476345960992518,0.49347582631342024,False,13.430877333856337,15.825504463714008,0,0,2.3946271298576711,0,True,True,1.0000000000000001e-07,True,True,11,Central_Coast|Hunter_Valley_exc_Newcastle|Newcastle_and_Lake_Macquarie|Sydney_City_and_Inner_South|Sydney_Eastern_Suburbs|Sydney_Inner_South_West|Sydney_Inner_West|Sydney_North_Sydney_and_Hornsby|Sydney_Northern_Beaches|Sydney_Ryde|Sydney_Sutherland
au,Sydney_Parramatta,LU,,10,300,0.80000000000000004,MVA_equivalent_PF1,181.3186,0.27601842065827231,50.047273607969018,89.476345960992518,0.49347582631342024,False,14.518879248547048,16.590671201041737,0,0,2.0717919524946886,0,True,True,3.0000000000000004e-07,True,True,11,Central_Coast|Hunter_Valley_exc_Newcastle|Newcastle_and_Lake_Macquarie|Sydney_City_and_Inner_South|Sydney_Eastern_Suburbs|Sydney_Inner_South_West|Sydney_Inner_West|Sydney_North_Sydney_and_Hornsby|Sydney_Northern_Beaches|Sydney_Ryde|Sydney_Sutherland
au,Sydney_Parramatta,LU,,10,500,0.80000000000000004,MVA_equivalent_PF1,181.3186,0.27601842065827231,50.047273607969018,89.476345960992518,0.49347582631342024,False,15.974760242859364,50.047273607969068,0,98.29676440569105,34.0725133651097,98.29676440569105,True,True,5.0000000000000008e-07,True,False,11,Central_Coast|Hunter_Valley_exc_Newcastle|Newcastle_and_Lake_Macquarie|Sydney_City_and_Inner_South|Sydney_Eastern_Suburbs|Sydney_Inner_South_West|Sydney_Inner_West|Sydney_North_Sydney_and_Hornsby|Sydney_Northern_Beaches|Sydney_Ryde|Sydney_Sutherland
au,Sydney_Parramatta,LU,,10,100,0.90000000000000002,MVA_equivalent_PF1,181.3186,0.27652582273620779,50.139275042377371,89.476345960992518,0.49347582631342024,False,13.430877333856337,15.854622917704248,0,0,2.4237455838479107,0,True,True,1.0000000000000001e-07,True,True,11,Central_Coast|Hunter_Valley_exc_Newcastle|Newcastle_and_Lake_Macquarie|Sydney_City_and_Inner_South|Sydney_Eastern_Suburbs|Sydney_Inner_South_West|Sydney_Inner_West|Sydney_North_Sydney_and_Hornsby|Sydney_Northern_Beaches|Sydney_Ryde|Sydney_Sutherland
au,Sydney_Parramatta,LU,,10,300,0.90000000000000002,MVA_equivalent_PF1,181.3186,0.27652582273620779,50.139275042377371,89.476345960992518,0.49347582631342024,False,14.518879248547048,16.621169676548103,0,0,2.102290428001055,0,True,True,3.0000000000000004e-07,True,True,11,Central_Coast|Hunter_Valley_exc_Newcastle|Newcastle_and_Lake_Macquarie|Sydney_City_and_Inner_South|Sydney_Eastern_Suburbs|Sydney_Inner_South_West|Sydney_Inner_West|Sydney_North_Sydney_and_Hornsby|Sydney_Northern_Beaches|Sydney_Ryde|Sydney_Sutherland
au,Sydney_Parramatta,LU,,10,500,0.90000000000000002,MVA_equivalent_PF1,181.3186,0.27652582273620779,50.139275042377371,89.476345960992518,0.49347582631342024,False,15.974760242859364,50.139275042377406,0,98.480767274507755,34.164514799518045,98.480767274507755,True,True,5.0000000000000008e-07,True,False,11,Central_Coast|Hunter_Valley_exc_Newcastle|Newcastle_and_Lake_Macquarie|Sydney_City_and_Inner_South|Sydney_Eastern_Suburbs|Sydney_Inner_South_West|Sydney_Inner_West|Sydney_North_Sydney_and_Hornsby|Sydney_Northern_Beaches|Sydney_Ryde|Sydney_Sutherland
au,Sydney_Parramatta,LU,,10,100,1,MVA_equivalent_PF1,181.3186,0.29934727037426312,54.277227978082863,89.476345960992518,0.49347582631342024,False,13.430877333856337,17.164285021855036,0,0,3.7334076879986995,0,True,True,1.0000000000000001e-07,True,True,11,Central_Coast|Hunter_Valley_exc_Newcastle|Newcastle_and_Lake_Macquarie|Sydney_City_and_Inner_South|Sydney_Eastern_Suburbs|Sydney_Inner_South_West|Sydney_Inner_West|Sydney_North_Sydney_and_Hornsby|Sydney_Northern_Beaches|Sydney_Ryde|Sydney_Sutherland
au,Sydney_Parramatta,LU,,10,300,1,MVA_equivalent_PF1,181.3186,0.29934727037426312,54.277227978082863,89.476345960992518,0.49347582631342024,False,14.518879248547048,17.992901074734476,0,0,3.4740218261874283,0,True,True,3.0000000000000004e-07,True,True,11,Central_Coast|Hunter_Valley_exc_Newcastle|Newcastle_and_Lake_Macquarie|Sydney_City_and_Inner_South|Sydney_Eastern_Suburbs|Sydney_Inner_South_West|Sydney_Inner_West|Sydney_North_Sydney_and_Hornsby|Sydney_Northern_Beaches|Sydney_Ryde|Sydney_Sutherland
au,Sydney_Parramatta,LU,,10,500,1,MVA_equivalent_PF1,181.3186,0.29934727037426312,54.277227978082863,89.476345960992518,0.49347582631342024,False,15.974760242859364,54.277227978082912,0,106.75667314591871,38.302467735223544,106.75667314591871,True,True,5.0000000000000008e-07,True,False,11,Central_Coast|Hunter_Valley_exc_Newcastle|Newcastle_and_Lake_Macquarie|Sydney_City_and_Inner_South|Sydney_Eastern_Suburbs|Sydney_Inner_South_West|Sydney_Inner_West|Sydney_North_Sydney_and_Hornsby|Sydney_Northern_Beaches|Sydney_Ryde|Sydney_Sutherland
au,Sydney_Parramatta,LU,,20,100,0.5,MVA_equivalent_PF1,181.3186,0.12446764645748185,22.568299400965568,2.8421709430404007e-14,1.5675010412833546e-16,True,0,0,0,0,0,0,True,True,1.0000000000000001e-09,True,True,11,Central_Coast|Hunter_Valley_exc_Newcastle|Newcastle_and_Lake_Macquarie|Sydney_City_and_Inner_South|Sydney_Eastern_Suburbs|Sydney_Inner_South_West|Sydney_Inner_West|Sydney_North_Sydney_and_Hornsby|Sydney_Northern_Beaches|Sydney_Ryde|Sydney_Sutherland
au,Sydney_Parramatta,LU,,20,300,0.5,MVA_equivalent_PF1,181.3186,0.12446764645748185,22.568299400965568,2.8421709430404007e-14,1.5675010412833546e-16,True,0,0,0,0,0,0,True,True,1.0000000000000001e-09,True,True,11,Central_Coast|Hunter_Valley_exc_Newcastle|Newcastle_and_Lake_Macquarie|Sydney_City_and_Inner_South|Sydney_Eastern_Suburbs|Sydney_Inner_South_West|Sydney_Inner_West|Sydney_North_Sydney_and_Hornsby|Sydney_Northern_Beaches|Sydney_Ryde|Sydney_Sutherland
au,Sydney_Parramatta,LU,,20,500,0.5,MVA_equivalent_PF1,181.3186,0.12446764645748185,22.568299400965568,2.8421709430404007e-14,1.5675010412833546e-16,True,1.1368683772161603e-13,22.568299400965653,0,45.136598801931157,22.56829940096554,45.136598801931157,True,True,1.0891874999999994e-07,True,False,11,Central_Coast|Hunter_Valley_exc_Newcastle|Newcastle_and_Lake_Macquarie|Sydney_City_and_Inner_South|Sydney_Eastern_Suburbs|Sydney_Inner_South_West|Sydney_Inner_West|Sydney_North_Sydney_and_Hornsby|Sydney_Northern_Beaches|Sydney_Ryde|Sydney_Sutherland
au,Sydney_Parramatta,LU,,20,100,0.80000000000000004,MVA_equivalent_PF1,181.3186,0.19620928093451631,35.576392126053193,2.8421709430404007e-14,1.5675010412833546e-16,True,0,0,0,0,0,0,True,True,1.0000000000000001e-09,True,True,11,Central_Coast|Hunter_Valley_exc_Newcastle|Newcastle_and_Lake_Macquarie|Sydney_City_and_Inner_South|Sydney_Eastern_Suburbs|Sydney_Inner_South_West|Sydney_Inner_West|Sydney_North_Sydney_and_Hornsby|Sydney_Northern_Beaches|Sydney_Ryde|Sydney_Sutherland
au,Sydney_Parramatta,LU,,20,300,0.80000000000000004,MVA_equivalent_PF1,181.3186,0.19620928093451631,35.576392126053193,2.8421709430404007e-14,1.5675010412833546e-16,True,0,0,0,0,0,0,True,True,1.0000000000000001e-09,True,True,11,Central_Coast|Hunter_Valley_exc_Newcastle|Newcastle_and_Lake_Macquarie|Sydney_City_and_Inner_South|Sydney_Eastern_Suburbs|Sydney_Inner_South_West|Sydney_Inner_West|Sydney_North_Sydney_and_Hornsby|Sydney_Northern_Beaches|Sydney_Ryde|Sydney_Sutherland
au,Sydney_Parramatta,LU,,20,500,0.80000000000000004,MVA_equivalent_PF1,181.3186,0.19620928093451631,35.576392126053193,2.8421709430404007e-14,1.5675010412833546e-16,True,1.1368683772161603e-13,35.576392126053179,0,71.152784252106315,35.576392126053065,71.152784252106315,True,True,1.0891874999999994e-07,True,False,11,Central_Coast|Hunter_Valley_exc_Newcastle|Newcastle_and_Lake_Macquarie|Sydney_City_and_Inner_South|Sydney_Eastern_Suburbs|Sydney_Inner_South_West|Sydney_Inner_West|Sydney_North_Sydney_and_Hornsby|Sydney_Northern_Beaches|Sydney_Ryde|Sydney_Sutherland
au,Sydney_Parramatta,LU,,20,100,0.90000000000000002,MVA_equivalent_PF1,181.3186,0.27311790403589015,49.521355994721951,2.8421709430404007e-14,1.5675010412833546e-16,True,0,0,0,0,0,0,True,True,1.0000000000000001e-09,True,True,11,Central_Coast|Hunter_Valley_exc_Newcastle|Newcastle_and_Lake_Macquarie|Sydney_City_and_Inner_South|Sydney_Eastern_Suburbs|Sydney_Inner_South_West|Sydney_Inner_West|Sydney_North_Sydney_and_Hornsby|Sydney_Northern_Beaches|Sydney_Ryde|Sydney_Sutherland
au,Sydney_Parramatta,LU,,20,300,0.90000000000000002,MVA_equivalent_PF1,181.3186,0.27311790403589015,49.521355994721951,2.8421709430404007e-14,1.5675010412833546e-16,True,0,0,0,0,0,0,True,True,1.0000000000000001e-09,True,True,11,Central_Coast|Hunter_Valley_exc_Newcastle|Newcastle_and_Lake_Macquarie|Sydney_City_and_Inner_South|Sydney_Eastern_Suburbs|Sydney_Inner_South_West|Sydney_Inner_West|Sydney_North_Sydney_and_Hornsby|Sydney_Northern_Beaches|Sydney_Ryde|Sydney_Sutherland
au,Sydney_Parramatta,LU,,20,500,0.90000000000000002,MVA_equivalent_PF1,181.3186,0.27311790403589015,49.521355994721951,2.8421709430404007e-14,1.5675010412833546e-16,True,1.1368683772161603e-13,49.521355994721951,0,99.042711989443973,49.521355994721837,99.042711989443973,True,True,1.0891874999999994e-07,True,False,11,Central_Coast|Hunter_Valley_exc_Newcastle|Newcastle_and_Lake_Macquarie|Sydney_City_and_Inner_South|Sydney_Eastern_Suburbs|Sydney_Inner_South_West|Sydney_Inner_West|Sydney_North_Sydney_and_Hornsby|Sydney_Northern_Beaches|Sydney_Ryde|Sydney_Sutherland
au,Sydney_Parramatta,LU,,20,100,1,MVA_equivalent_PF1,181.3186,0.49327160243123641,89.43931637258838,2.8421709430404007e-14,1.5675010412833546e-16,True,0,0,0,0,0,0,True,True,1.0000000000000001e-09,True,True,11,Central_Coast|Hunter_Valley_exc_Newcastle|Newcastle_and_Lake_Macquarie|Sydney_City_and_Inner_South|Sydney_Eastern_Suburbs|Sydney_Inner_South_West|Sydney_Inner_West|Sydney_North_Sydney_and_Hornsby|Sydney_Northern_Beaches|Sydney_Ryde|Sydney_Sutherland
au,Sydney_Parramatta,LU,,20,300,1,MVA_equivalent_PF1,181.3186,0.49327160243123641,89.43931637258838,2.8421709430404007e-14,1.5675010412833546e-16,True,0,0,0,0,0,0,True,True,1.0000000000000001e-09,True,True,11,Central_Coast|Hunter_Valley_exc_Newcastle|Newcastle_and_Lake_Macquarie|Sydney_City_and_Inner_South|Sydney_Eastern_Suburbs|Sydney_Inner_South_West|Sydney_Inner_West|Sydney_North_Sydney_and_Hornsby|Sydney_Northern_Beaches|Sydney_Ryde|Sydney_Sutherland
au,Sydney_Parramatta,LU,,20,500,1,MVA_equivalent_PF1,181.3186,0.49327160243123641,89.43931637258838,2.8421709430404007e-14,1.5675010412833546e-16,True,1.1368683772161603e-13,89.439316372588479,0,178.87863274517679,89.439316372588365,178.87863274517679,True,True,1.0891874999999994e-07,True,False,11,Central_Coast|Hunter_Valley_exc_Newcastle|Newcastle_and_Lake_Macquarie|Sydney_City_and_Inner_South|Sydney_Eastern_Suburbs|Sydney_Inner_South_West|Sydney_Inner_West|Sydney_North_Sydney_and_Hornsby|Sydney_Northern_Beaches|Sydney_Ryde|Sydney_Sutherland
au,Sydney_Parramatta,GNN,42,10,100,0.5,MVA_equivalent_PF1,181.3186,0.22845422632684889,41.423000481667387,82.023665537256619,0.45237314614858387,False,13.329204818699239,13.051964870603767,0,0,-0.27723994809547214,0,False,True,1.0000000000000001e-07,True,True,11,Central_Coast|Hunter_Valley_exc_Newcastle|Newcastle_and_Lake_Macquarie|Sydney_City_and_Inner_South|Sydney_Eastern_Suburbs|Sydney_Inner_South_West|Sydney_Inner_West|Sydney_North_Sydney_and_Hornsby|Sydney_Northern_Beaches|Sydney_Ryde|Sydney_Sutherland
au,Sydney_Parramatta,GNN,42,10,300,0.5,MVA_equivalent_PF1,181.3186,0.22845422632684889,41.423000481667387,82.023665537256619,0.45237314614858387,False,14.353714924633886,13.731724659672743,0,0,-0.62199026496114307,0,False,True,3.0000000000000004e-07,True,True,11,Central_Coast|Hunter_Valley_exc_Newcastle|Newcastle_and_Lake_Macquarie|Sydney_City_and_Inner_South|Sydney_Eastern_Suburbs|Sydney_Inner_South_West|Sydney_Inner_West|Sydney_North_Sydney_and_Hornsby|Sydney_Northern_Beaches|Sydney_Ryde|Sydney_Sutherland
au,Sydney_Parramatta,GNN,42,10,500,0.5,MVA_equivalent_PF1,181.3186,0.22845422632684889,41.423000481667387,82.023665537256619,0.45237314614858387,False,16.717292831400801,41.423000481667422,0,82.173651352059906,24.705707650266621,82.173651352059906,True,True,5.0000000000000008e-07,True,False,11,Central_Coast|Hunter_Valley_exc_Newcastle|Newcastle_and_Lake_Macquarie|Sydney_City_and_Inner_South|Sydney_Eastern_Suburbs|Sydney_Inner_South_West|Sydney_Inner_West|Sydney_North_Sydney_and_Hornsby|Sydney_Northern_Beaches|Sydney_Ryde|Sydney_Sutherland
au,Sydney_Parramatta,GNN,42,10,100,0.80000000000000004,MVA_equivalent_PF1,181.3186,0.39953987939649305,72.444011576340969,82.023665537256619,0.45237314614858387,False,13.329204818699239,22.870114882067956,0,0,9.5409100633687167,0,True,True,1.0000000000000001e-07,True,True,11,Central_Coast|Hunter_Valley_exc_Newcastle|Newcastle_and_Lake_Macquarie|Sydney_City_and_Inner_South|Sydney_Eastern_Suburbs|Sydney_Inner_South_West|Sydney_Inner_West|Sydney_North_Sydney_and_Hornsby|Sydney_Northern_Beaches|Sydney_Ryde|Sydney_Sutherland
au,Sydney_Parramatta,GNN,42,10,300,0.80000000000000004,MVA_equivalent_PF1,181.3186,0.39953987939649305,72.444011576340969,82.023665537256619,0.45237314614858387,False,14.353714924633886,24.015189837557038,0,0,9.6614749129231523,0,True,True,3.0000000000000004e-07,True,True,11,Central_Coast|Hunter_Valley_exc_Newcastle|Newcastle_and_Lake_Macquarie|Sydney_City_and_Inner_South|Sydney_Eastern_Suburbs|Sydney_Inner_South_West|Sydney_Inner_West|Sydney_North_Sydney_and_Hornsby|Sydney_Northern_Beaches|Sydney_Ryde|Sydney_Sutherland
au,Sydney_Parramatta,GNN,42,10,500,0.80000000000000004,MVA_equivalent_PF1,181.3186,0.39953987939649305,72.444011576340969,82.023665537256619,0.45237314614858387,False,16.717292831400801,72.444011576341026,0,144.21567354140709,55.726718744940229,144.21567354140709,True,True,5.0000000000000008e-07,True,False,11,Central_Coast|Hunter_Valley_exc_Newcastle|Newcastle_and_Lake_Macquarie|Sydney_City_and_Inner_South|Sydney_Eastern_Suburbs|Sydney_Inner_South_West|Sydney_Inner_West|Sydney_North_Sydney_and_Hornsby|Sydney_Northern_Beaches|Sydney_Ryde|Sydney_Sutherland
au,Sydney_Parramatta,GNN,42,10,100,0.90000000000000002,MVA_equivalent_PF1,181.3186,0.53510168569732042,97.023888508278162,82.023665537256619,0.45237314614858387,True,13.329204818699239,30.649645931026075,0,0,17.320441112326836,0,True,True,1.0000000000000001e-07,True,True,11,Central_Coast|Hunter_Valley_exc_Newcastle|Newcastle_and_Lake_Macquarie|Sydney_City_and_Inner_South|Sydney_Eastern_Suburbs|Sydney_Inner_South_West|Sydney_Inner_West|Sydney_North_Sydney_and_Hornsby|Sydney_Northern_Beaches|Sydney_Ryde|Sydney_Sutherland
au,Sydney_Parramatta,GNN,42,10,300,0.90000000000000002,MVA_equivalent_PF1,181.3186,0.53510168569732042,97.023888508278162,82.023665537256619,0.45237314614858387,True,14.353714924633886,34.127731653304181,0,0.045752542856689615,19.774016728670297,0.045752542856689615,True,True,3.0000000000000004e-07,True,False,11,Central_Coast|Hunter_Valley_exc_Newcastle|Newcastle_and_Lake_Macquarie|Sydney_City_and_Inner_South|Sydney_Eastern_Suburbs|Sydney_Inner_South_West|Sydney_Inner_West|Sydney_North_Sydney_and_Hornsby|Sydney_Northern_Beaches|Sydney_Ryde|Sydney_Sutherland
au,Sydney_Parramatta,GNN,42,10,500,0.90000000000000002,MVA_equivalent_PF1,181.3186,0.53510168569732042,97.023888508278162,82.023665537256619,0.45237314614858387,True,16.717292831400801,97.023888508278176,0,193.37542740528147,80.306595676877379,193.37542740528147,True,True,5.0000000000000008e-07,True,False,11,Central_Coast|Hunter_Valley_exc_Newcastle|Newcastle_and_Lake_Macquarie|Sydney_City_and_Inner_South|Sydney_Eastern_Suburbs|Sydney_Inner_South_West|Sydney_Inner_West|Sydney_North_Sydney_and_Hornsby|Sydney_Northern_Beaches|Sydney_Ryde|Sydney_Sutherland
au,Sydney_Parramatta,GNN,42,10,100,1,MVA_equivalent_PF1,181.3186,0.58475619670486811,106.02717492785131,82.023665537256619,0.45237314614858387,True,13.329204818699239,33.499186082820977,0,0,20.169981264121738,0,True,True,1.0000000000000001e-07,True,True,11,Central_Coast|Hunter_Valley_exc_Newcastle|Newcastle_and_Lake_Macquarie|Sydney_City_and_Inner_South|Sydney_Eastern_Suburbs|Sydney_Inner_South_West|Sydney_Inner_West|Sydney_North_Sydney_and_Hornsby|Sydney_Northern_Beaches|Sydney_Ryde|Sydney_Sutherland
au,Sydney_Parramatta,GNN,42,10,300,1,MVA_equivalent_PF1,181.3186,0.58475619670486811,106.02717492785131,82.023665537256619,0.45237314614858387,True,14.353714924633886,42.775781396084348,0,6.0464320797996436,28.422066471450464,6.0464320797996436,True,True,3.0000000000000004e-07,True,False,11,Central_Coast|Hunter_Valley_exc_Newcastle|Newcastle_and_Lake_Macquarie|Sydney_City_and_Inner_South|Sydney_Eastern_Suburbs|Sydney_Inner_South_West|Sydney_Inner_West|Sydney_North_Sydney_and_Hornsby|Sydney_Northern_Beaches|Sydney_Ryde|Sydney_Sutherland
au,Sydney_Parramatta,GNN,42,10,500,1,MVA_equivalent_PF1,181.3186,0.58475619670486811,106.02717492785131,82.023665537256619,0.45237314614858387,True,16.717292831400801,106.02717492785133,0,204.1248763515307,89.309882096450536,204.1248763515307,True,True,5.0000000000000008e-07,True,False,11,Central_Coast|Hunter_Valley_exc_Newcastle|Newcastle_and_Lake_Macquarie|Sydney_City_and_Inner_South|Sydney_Eastern_Suburbs|Sydney_Inner_South_West|Sydney_Inner_West|Sydney_North_Sydney_and_Hornsby|Sydney_Northern_Beaches|Sydney_Ryde|Sydney_Sutherland
au,Sydney_Parramatta,GNN,42,20,100,0.5,MVA_equivalent_PF1,181.3186,0.10517103541590131,19.069464902161645,0,0,True,0,0,0,0,0,0,True,True,1.0000000000000001e-09,True,True,11,Central_Coast|Hunter_Valley_exc_Newcastle|Newcastle_and_Lake_Macquarie|Sydney_City_and_Inner_South|Sydney_Eastern_Suburbs|Sydney_Inner_South_West|Sydney_Inner_West|Sydney_North_Sydney_and_Hornsby|Sydney_Northern_Beaches|Sydney_Ryde|Sydney_Sutherland
au,Sydney_Parramatta,GNN,42,20,300,0.5,MVA_equivalent_PF1,181.3186,0.10517103541590131,19.069464902161645,0,0,True,0,0,0,0,0,0,True,True,1.0000000000000001e-09,True,True,11,Central_Coast|Hunter_Valley_exc_Newcastle|Newcastle_and_Lake_Macquarie|Sydney_City_and_Inner_South|Sydney_Eastern_Suburbs|Sydney_Inner_South_West|Sydney_Inner_West|Sydney_North_Sydney_and_Hornsby|Sydney_Northern_Beaches|Sydney_Ryde|Sydney_Sutherland
au,Sydney_Parramatta,GNN,42,20,500,0.5,MVA_equivalent_PF1,181.3186,0.10517103541590131,19.069464902161645,0,0,True,0,19.069464902161716,0,38.138929804323311,19.069464902161716,38.138929804323311,True,True,1.0891874999999994e-07,True,False,11,Central_Coast|Hunter_Valley_exc_Newcastle|Newcastle_and_Lake_Macquarie|Sydney_City_and_Inner_South|Sydney_Eastern_Suburbs|Sydney_Inner_South_West|Sydney_Inner_West|Sydney_North_Sydney_and_Hornsby|Sydney_Northern_Beaches|Sydney_Ryde|Sydney_Sutherland
au,Sydney_Parramatta,GNN,42,20,100,0.80000000000000004,MVA_equivalent_PF1,181.3186,0.25155565525979678,45.611719233788989,0,0,True,0,0,0,0,0,0,True,True,1.0000000000000001e-09,True,True,11,Central_Coast|Hunter_Valley_exc_Newcastle|Newcastle_and_Lake_Macquarie|Sydney_City_and_Inner_South|Sydney_Eastern_Suburbs|Sydney_Inner_South_West|Sydney_Inner_West|Sydney_North_Sydney_and_Hornsby|Sydney_Northern_Beaches|Sydney_Ryde|Sydney_Sutherland
au,Sydney_Parramatta,GNN,42,20,300,0.80000000000000004,MVA_equivalent_PF1,181.3186,0.25155565525979678,45.611719233788989,0,0,True,0,0,0,0,0,0,True,True,1.0000000000000001e-09,True,True,11,Central_Coast|Hunter_Valley_exc_Newcastle|Newcastle_and_Lake_Macquarie|Sydney_City_and_Inner_South|Sydney_Eastern_Suburbs|Sydney_Inner_South_West|Sydney_Inner_West|Sydney_North_Sydney_and_Hornsby|Sydney_Northern_Beaches|Sydney_Ryde|Sydney_Sutherland
au,Sydney_Parramatta,GNN,42,20,500,0.80000000000000004,MVA_equivalent_PF1,181.3186,0.25155565525979678,45.611719233788989,0,0,True,0,45.611719233789017,0,91.223438467577992,45.611719233789017,91.223438467577992,True,True,1.0891874999999994e-07,True,False,11,Central_Coast|Hunter_Valley_exc_Newcastle|Newcastle_and_Lake_Macquarie|Sydney_City_and_Inner_South|Sydney_Eastern_Suburbs|Sydney_Inner_South_West|Sydney_Inner_West|Sydney_North_Sydney_and_Hornsby|Sydney_Northern_Beaches|Sydney_Ryde|Sydney_Sutherland
au,Sydney_Parramatta,GNN,42,20,100,0.90000000000000002,MVA_equivalent_PF1,181.3186,0.50129439675573606,90.893998207594606,0,0,True,0,0,0,0,0,0,True,True,1.0000000000000001e-09,True,True,11,Central_Coast|Hunter_Valley_exc_Newcastle|Newcastle_and_Lake_Macquarie|Sydney_City_and_Inner_South|Sydney_Eastern_Suburbs|Sydney_Inner_South_West|Sydney_Inner_West|Sydney_North_Sydney_and_Hornsby|Sydney_Northern_Beaches|Sydney_Ryde|Sydney_Sutherland
au,Sydney_Parramatta,GNN,42,20,300,0.90000000000000002,MVA_equivalent_PF1,181.3186,0.50129439675573606,90.893998207594606,0,0,True,0,0,0,0,0,0,True,True,1.0000000000000001e-09,True,True,11,Central_Coast|Hunter_Valley_exc_Newcastle|Newcastle_and_Lake_Macquarie|Sydney_City_and_Inner_South|Sydney_Eastern_Suburbs|Sydney_Inner_South_West|Sydney_Inner_West|Sydney_North_Sydney_and_Hornsby|Sydney_Northern_Beaches|Sydney_Ryde|Sydney_Sutherland
au,Sydney_Parramatta,GNN,42,20,500,0.90000000000000002,MVA_equivalent_PF1,181.3186,0.50129439675573606,90.893998207594606,0,0,True,0,90.893998207594535,0,181.78799641518904,90.893998207594535,181.78799641518904,True,True,1.0891874999999994e-07,True,False,11,Central_Coast|Hunter_Valley_exc_Newcastle|Newcastle_and_Lake_Macquarie|Sydney_City_and_Inner_South|Sydney_Eastern_Suburbs|Sydney_Inner_South_West|Sydney_Inner_West|Sydney_North_Sydney_and_Hornsby|Sydney_Northern_Beaches|Sydney_Ryde|Sydney_Sutherland
au,Sydney_Parramatta,GNN,42,20,100,1,MVA_equivalent_PF1,181.3186,0.52981960863964972,96.066149691089194,0,0,True,0,0,0,0,0,0,True,True,1.0000000000000001e-09,True,True,11,Central_Coast|Hunter_Valley_exc_Newcastle|Newcastle_and_Lake_Macquarie|Sydney_City_and_Inner_South|Sydney_Eastern_Suburbs|Sydney_Inner_South_West|Sydney_Inner_West|Sydney_North_Sydney_and_Hornsby|Sydney_Northern_Beaches|Sydney_Ryde|Sydney_Sutherland
au,Sydney_Parramatta,GNN,42,20,300,1,MVA_equivalent_PF1,181.3186,0.52981960863964972,96.066149691089194,0,0,True,0,4.9848996910891401,0,4.9848996910891401,4.9848996910891401,4.9848996910891401,True,True,1.0000000000000001e-09,True,False,11,Central_Coast|Hunter_Valley_exc_Newcastle|Newcastle_and_Lake_Macquarie|Sydney_City_and_Inner_South|Sydney_Eastern_Suburbs|Sydney_Inner_South_West|Sydney_Inner_West|Sydney_North_Sydney_and_Hornsby|Sydney_Northern_Beaches|Sydney_Ryde|Sydney_Sutherland
au,Sydney_Parramatta,GNN,42,20,500,1,MVA_equivalent_PF1,181.3186,0.52981960863964972,96.066149691089194,0,0,True,0,96.066149691089237,0,192.13229938217842,96.066149691089237,192.13229938217842,True,True,1.0891874999999994e-07,True,False,11,Central_Coast|Hunter_Valley_exc_Newcastle|Newcastle_and_Lake_Macquarie|Sydney_City_and_Inner_South|Sydney_Eastern_Suburbs|Sydney_Inner_South_West|Sydney_Inner_West|Sydney_North_Sydney_and_Hornsby|Sydney_Northern_Beaches|Sydney_Ryde|Sydney_Sutherland
au,Sydney_Parramatta,GNN,123,10,100,0.5,MVA_equivalent_PF1,181.3186,0.2110810432425036,38.272919247270217,61.984843228500807,0.34185595536531171,False,9.0444725109679158,11.830768954471518,0,0,2.7862964435036019,0,True,True,1.0000000000000001e-07,True,True,11,Central_Coast|Hunter_Valley_exc_Newcastle|Newcastle_and_Lake_Macquarie|Sydney_City_and_Inner_South|Sydney_Eastern_Suburbs|Sydney_Inner_South_West|Sydney_Inner_West|Sydney_North_Sydney_and_Hornsby|Sydney_Northern_Beaches|Sydney_Ryde|Sydney_Sutherland
au,Sydney_Parramatta,GNN,123,10,300,0.5,MVA_equivalent_PF1,181.3186,0.2110810432425036,38.272919247270217,61.984843228500807,0.34185595536531171,False,9.7723252721529441,12.687472730470082,0,0,2.9151474583171382,0,True,True,3.0000000000000004e-07,True,True,11,Central_Coast|Hunter_Valley_exc_Newcastle|Newcastle_and_Lake_Macquarie|Sydney_City_and_Inner_South|Sydney_Eastern_Suburbs|Sydney_Inner_South_West|Sydney_Inner_West|Sydney_North_Sydney_and_Hornsby|Sydney_Northern_Beaches|Sydney_Ryde|Sydney_Sutherland
au,Sydney_Parramatta,GNN,123,10,500,0.5,MVA_equivalent_PF1,181.3186,0.2110810432425036,38.272919247270217,61.984843228500807,0.34185595536531171,False,12.488823072089875,38.272919247270245,0,74.841287004095918,25.78409617518037,74.841287004095918,True,True,5.0000000000000008e-07,True,False,11,Central_Coast|Hunter_Valley_exc_Newcastle|Newcastle_and_Lake_Macquarie|Sydney_City_and_Inner_South|Sydney_Eastern_Suburbs|Sydney_Inner_South_West|Sydney_Inner_West|Sydney_North_Sydney_and_Hornsby|Sydney_Northern_Beaches|Sydney_Ryde|Sydney_Sutherland
au,Sydney_Parramatta,GNN,123,10,100,0.80000000000000004,MVA_equivalent_PF1,181.3186,0.34821629882811056,63.138091800694646,61.984843228500807,0.34185595536531171,True,9.0444725109679158,19.70059606763035,0,0,10.656123556662434,0,True,True,1.0000000000000001e-07,True,True,11,Central_Coast|Hunter_Valley_exc_Newcastle|Newcastle_and_Lake_Macquarie|Sydney_City_and_Inner_South|Sydney_Eastern_Suburbs|Sydney_Inner_South_West|Sydney_Inner_West|Sydney_North_Sydney_and_Hornsby|Sydney_Northern_Beaches|Sydney_Ryde|Sydney_Sutherland
au,Sydney_Parramatta,GNN,123,10,300,0.80000000000000004,MVA_equivalent_PF1,181.3186,0.34821629882811056,63.138091800694646,61.984843228500807,0.34185595536531171,True,9.7723252721529441,20.930277431930278,0,0,11.157952159777334,0,True,True,3.0000000000000004e-07,True,True,11,Central_Coast|Hunter_Valley_exc_Newcastle|Newcastle_and_Lake_Macquarie|Sydney_City_and_Inner_South|Sydney_Eastern_Suburbs|Sydney_Inner_South_West|Sydney_Inner_West|Sydney_North_Sydney_and_Hornsby|Sydney_Northern_Beaches|Sydney_Ryde|Sydney_Sutherland
au,Sydney_Parramatta,GNN,123,10,500,0.80000000000000004,MVA_equivalent_PF1,181.3186,0.34821629882811056,63.138091800694646,61.984843228500807,0.34185595536531171,True,12.488823072089875,63.138091800694681,0,124.5716321109448,50.64926872860481,124.5716321109448,True,True,5.0000000000000008e-07,True,False,11,Central_Coast|Hunter_Valley_exc_Newcastle|Newcastle_and_Lake_Macquarie|Sydney_City_and_Inner_South|Sydney_Eastern_Suburbs|Sydney_Inner_South_West|Sydney_Inner_West|Sydney_North_Sydney_and_Hornsby|Sydney_Northern_Beaches|Sydney_Ryde|Sydney_Sutherland
au,Sydney_Parramatta,GNN,123,10,100,0.90000000000000002,MVA_equivalent_PF1,181.3186,0.37061202851314679,67.198854153163865,61.984843228500807,0.34185595536531171,True,9.0444725109679158,20.98582735218686,0,0,11.941354841218944,0,True,True,1.0000000000000001e-07,True,True,11,Central_Coast|Hunter_Valley_exc_Newcastle|Newcastle_and_Lake_Macquarie|Sydney_City_and_Inner_South|Sydney_Eastern_Suburbs|Sydney_Inner_South_West|Sydney_Inner_West|Sydney_North_Sydney_and_Hornsby|Sydney_Northern_Beaches|Sydney_Ryde|Sydney_Sutherland
au,Sydney_Parramatta,GNN,123,10,300,0.90000000000000002,MVA_equivalent_PF1,181.3186,0.37061202851314679,67.198854153163865,61.984843228500807,0.34185595536531171,True,9.7723252721529441,22.276420151773831,0,0,12.504094879620887,0,True,True,3.0000000000000004e-07,True,True,11,Central_Coast|Hunter_Valley_exc_Newcastle|Newcastle_and_Lake_Macquarie|Sydney_City_and_Inner_South|Sydney_Eastern_Suburbs|Sydney_Inner_South_West|Sydney_Inner_West|Sydney_North_Sydney_and_Hornsby|Sydney_Northern_Beaches|Sydney_Ryde|Sydney_Sutherland
au,Sydney_Parramatta,GNN,123,10,500,0.90000000000000002,MVA_equivalent_PF1,181.3186,0.37061202851314679,67.198854153163865,61.984843228500807,0.34185595536531171,True,12.488823072089875,67.198854153163907,0,132.69315681588324,54.710031081074035,132.69315681588324,True,True,5.0000000000000008e-07,True,False,11,Central_Coast|Hunter_Valley_exc_Newcastle|Newcastle_and_Lake_Macquarie|Sydney_City_and_Inner_South|Sydney_Eastern_Suburbs|Sydney_Inner_South_West|Sydney_Inner_West|Sydney_North_Sydney_and_Hornsby|Sydney_Northern_Beaches|Sydney_Ryde|Sydney_Sutherland
au,Sydney_Parramatta,GNN,123,10,100,1,MVA_equivalent_PF1,181.3186,0.38396670436305569,69.620305281723148,61.984843228500807,0.34185595536531171,True,9.0444725109679158,21.752216634375873,0,0,12.707744123407958,0,True,True,1.0000000000000001e-07,True,True,11,Central_Coast|Hunter_Valley_exc_Newcastle|Newcastle_and_Lake_Macquarie|Sydney_City_and_Inner_South|Sydney_Eastern_Suburbs|Sydney_Inner_South_West|Sydney_Inner_West|Sydney_North_Sydney_and_Hornsby|Sydney_Northern_Beaches|Sydney_Ryde|Sydney_Sutherland
au,Sydney_Parramatta,GNN,123,10,300,1,MVA_equivalent_PF1,181.3186,0.38396670436305569,69.620305281723148,61.984843228500807,0.34185595536531171,True,9.7723252721529441,23.079131200891229,0,0,13.306805928738285,0,True,True,3.0000000000000004e-07,True,True,11,Central_Coast|Hunter_Valley_exc_Newcastle|Newcastle_and_Lake_Macquarie|Sydney_City_and_Inner_South|Sydney_Eastern_Suburbs|Sydney_Inner_South_West|Sydney_Inner_West|Sydney_North_Sydney_and_Hornsby|Sydney_Northern_Beaches|Sydney_Ryde|Sydney_Sutherland
au,Sydney_Parramatta,GNN,123,10,500,1,MVA_equivalent_PF1,181.3186,0.38396670436305569,69.620305281723148,61.984843228500807,0.34185595536531171,True,12.488823072089875,69.620305281723176,0,137.53605907300181,57.131482209633305,137.53605907300181,True,True,5.0000000000000008e-07,True,False,11,Central_Coast|Hunter_Valley_exc_Newcastle|Newcastle_and_Lake_Macquarie|Sydney_City_and_Inner_South|Sydney_Eastern_Suburbs|Sydney_Inner_South_West|Sydney_Inner_West|Sydney_North_Sydney_and_Hornsby|Sydney_Northern_Beaches|Sydney_Ryde|Sydney_Sutherland
au,Sydney_Parramatta,GNN,123,20,100,0.5,MVA_equivalent_PF1,181.3186,0.11578186834347499,20.993406273423204,2.8421709430404007e-14,1.5675010412833546e-16,True,0,0,0,0,0,0,True,True,1.0000000000000001e-09,True,True,11,Central_Coast|Hunter_Valley_exc_Newcastle|Newcastle_and_Lake_Macquarie|Sydney_City_and_Inner_South|Sydney_Eastern_Suburbs|Sydney_Inner_South_West|Sydney_Inner_West|Sydney_North_Sydney_and_Hornsby|Sydney_Northern_Beaches|Sydney_Ryde|Sydney_Sutherland
au,Sydney_Parramatta,GNN,123,20,300,0.5,MVA_equivalent_PF1,181.3186,0.11578186834347499,20.993406273423204,2.8421709430404007e-14,1.5675010412833546e-16,True,0,0,0,0,0,0,True,True,1.0000000000000001e-09,True,True,11,Central_Coast|Hunter_Valley_exc_Newcastle|Newcastle_and_Lake_Macquarie|Sydney_City_and_Inner_South|Sydney_Eastern_Suburbs|Sydney_Inner_South_West|Sydney_Inner_West|Sydney_North_Sydney_and_Hornsby|Sydney_Northern_Beaches|Sydney_Ryde|Sydney_Sutherland
au,Sydney_Parramatta,GNN,123,20,500,0.5,MVA_equivalent_PF1,181.3186,0.11578186834347499,20.993406273423204,2.8421709430404007e-14,1.5675010412833546e-16,True,1.1368683772161603e-13,20.993406273423261,0,41.986812546846338,20.993406273423147,41.986812546846338,True,True,1.0891874999999994e-07,True,False,11,Central_Coast|Hunter_Valley_exc_Newcastle|Newcastle_and_Lake_Macquarie|Sydney_City_and_Inner_South|Sydney_Eastern_Suburbs|Sydney_Inner_South_West|Sydney_Inner_West|Sydney_North_Sydney_and_Hornsby|Sydney_Northern_Beaches|Sydney_Ryde|Sydney_Sutherland
au,Sydney_Parramatta,GNN,123,20,100,0.80000000000000004,MVA_equivalent_PF1,181.3186,0.22323888111487536,40.477361389315639,2.8421709430404007e-14,1.5675010412833546e-16,True,0,0,0,0,0,0,True,True,1.0000000000000001e-09,True,True,11,Central_Coast|Hunter_Valley_exc_Newcastle|Newcastle_and_Lake_Macquarie|Sydney_City_and_Inner_South|Sydney_Eastern_Suburbs|Sydney_Inner_South_West|Sydney_Inner_West|Sydney_North_Sydney_and_Hornsby|Sydney_Northern_Beaches|Sydney_Ryde|Sydney_Sutherland
au,Sydney_Parramatta,GNN,123,20,300,0.80000000000000004,MVA_equivalent_PF1,181.3186,0.22323888111487536,40.477361389315639,2.8421709430404007e-14,1.5675010412833546e-16,True,0,0,0,0,0,0,True,True,1.0000000000000001e-09,True,True,11,Central_Coast|Hunter_Valley_exc_Newcastle|Newcastle_and_Lake_Macquarie|Sydney_City_and_Inner_South|Sydney_Eastern_Suburbs|Sydney_Inner_South_West|Sydney_Inner_West|Sydney_North_Sydney_and_Hornsby|Sydney_Northern_Beaches|Sydney_Ryde|Sydney_Sutherland
au,Sydney_Parramatta,GNN,123,20,500,0.80000000000000004,MVA_equivalent_PF1,181.3186,0.22323888111487536,40.477361389315639,2.8421709430404007e-14,1.5675010412833546e-16,True,1.1368683772161603e-13,40.477361389315661,0,80.954722778631179,40.477361389315547,80.954722778631179,True,True,1.0891874999999994e-07,True,False,11,Central_Coast|Hunter_Valley_exc_Newcastle|Newcastle_and_Lake_Macquarie|Sydney_City_and_Inner_South|Sydney_Eastern_Suburbs|Sydney_Inner_South_West|Sydney_Inner_West|Sydney_North_Sydney_and_Hornsby|Sydney_Northern_Beaches|Sydney_Ryde|Sydney_Sutherland
au,Sydney_Parramatta,GNN,123,20,100,0.90000000000000002,MVA_equivalent_PF1,181.3186,0.26075909777749601,47.28047454627869,2.8421709430404007e-14,1.5675010412833546e-16,True,0,0,0,0,0,0,True,True,1.0000000000000001e-09,True,True,11,Central_Coast|Hunter_Valley_exc_Newcastle|Newcastle_and_Lake_Macquarie|Sydney_City_and_Inner_South|Sydney_Eastern_Suburbs|Sydney_Inner_South_West|Sydney_Inner_West|Sydney_North_Sydney_and_Hornsby|Sydney_Northern_Beaches|Sydney_Ryde|Sydney_Sutherland
au,Sydney_Parramatta,GNN,123,20,300,0.90000000000000002,MVA_equivalent_PF1,181.3186,0.26075909777749601,47.28047454627869,2.8421709430404007e-14,1.5675010412833546e-16,True,0,0,0,0,0,0,True,True,1.0000000000000001e-09,True,True,11,Central_Coast|Hunter_Valley_exc_Newcastle|Newcastle_and_Lake_Macquarie|Sydney_City_and_Inner_South|Sydney_Eastern_Suburbs|Sydney_Inner_South_West|Sydney_Inner_West|Sydney_North_Sydney_and_Hornsby|Sydney_Northern_Beaches|Sydney_Ryde|Sydney_Sutherland
au,Sydney_Parramatta,GNN,123,20,500,0.90000000000000002,MVA_equivalent_PF1,181.3186,0.26075909777749601,47.28047454627869,2.8421709430404007e-14,1.5675010412833546e-16,True,1.1368683772161603e-13,47.280474546278811,0,94.560949092557436,47.280474546278697,94.560949092557436,True,True,1.0891874999999994e-07,True,False,11,Central_Coast|Hunter_Valley_exc_Newcastle|Newcastle_and_Lake_Macquarie|Sydney_City_and_Inner_South|Sydney_Eastern_Suburbs|Sydney_Inner_South_West|Sydney_Inner_West|Sydney_North_Sydney_and_Hornsby|Sydney_Northern_Beaches|Sydney_Ryde|Sydney_Sutherland
au,Sydney_Parramatta,GNN,123,20,100,1,MVA_equivalent_PF1,181.3186,0.5565618206190055,100.91501012808921,2.8421709430404007e-14,1.5675010412833546e-16,True,0,0,0,0,0,0,True,True,1.0000000000000001e-09,True,True,11,Central_Coast|Hunter_Valley_exc_Newcastle|Newcastle_and_Lake_Macquarie|Sydney_City_and_Inner_South|Sydney_Eastern_Suburbs|Sydney_Inner_South_West|Sydney_Inner_West|Sydney_North_Sydney_and_Hornsby|Sydney_Northern_Beaches|Sydney_Ryde|Sydney_Sutherland
au,Sydney_Parramatta,GNN,123,20,300,1,MVA_equivalent_PF1,181.3186,0.5565618206190055,100.91501012808921,2.8421709430404007e-14,1.5675010412833546e-16,True,0,9.8337601280891249,0,9.8337601280891249,9.8337601280891249,9.8337601280891249,True,True,1.0000000000000001e-09,True,False,11,Central_Coast|Hunter_Valley_exc_Newcastle|Newcastle_and_Lake_Macquarie|Sydney_City_and_Inner_South|Sydney_Eastern_Suburbs|Sydney_Inner_South_West|Sydney_Inner_West|Sydney_North_Sydney_and_Hornsby|Sydney_Northern_Beaches|Sydney_Ryde|Sydney_Sutherland
au,Sydney_Parramatta,GNN,123,20,500,1,MVA_equivalent_PF1,181.3186,0.5565618206190055,100.91501012808921,2.8421709430404007e-14,1.5675010412833546e-16,True,1.1368683772161603e-13,100.91501012808932,0,201.83002025617839,100.91501012808921,201.83002025617839,True,True,1.0891874999999994e-07,True,False,11,Central_Coast|Hunter_Valley_exc_Newcastle|Newcastle_and_Lake_Macquarie|Sydney_City_and_Inner_South|Sydney_Eastern_Suburbs|Sydney_Inner_South_West|Sydney_Inner_West|Sydney_North_Sydney_and_Hornsby|Sydney_Northern_Beaches|Sydney_Ryde|Sydney_Sutherland
au,Sydney_Parramatta,GNN,456,10,100,0.5,MVA_equivalent_PF1,181.3186,0.22976212086763717,41.660146088750757,76.397621831909902,0.42134464876692135,False,11.709160963151463,13.100853337455231,0,0,1.3916923743037675,0,True,True,1.0000000000000001e-07,True,True,11,Central_Coast|Hunter_Valley_exc_Newcastle|Newcastle_and_Lake_Macquarie|Sydney_City_and_Inner_South|Sydney_Eastern_Suburbs|Sydney_Inner_South_West|Sydney_Inner_West|Sydney_North_Sydney_and_Hornsby|Sydney_Northern_Beaches|Sydney_Ryde|Sydney_Sutherland
au,Sydney_Parramatta,GNN,456,10,300,0.5,MVA_equivalent_PF1,181.3186,0.22976212086763717,41.660146088750757,76.397621831909902,0.42134464876692135,False,12.673077386860147,13.810338428420884,0,0,1.1372610415607376,0,True,True,3.0000000000000004e-07,True,True,11,Central_Coast|Hunter_Valley_exc_Newcastle|Newcastle_and_Lake_Macquarie|Sydney_City_and_Inner_South|Sydney_Eastern_Suburbs|Sydney_Inner_South_West|Sydney_Inner_West|Sydney_North_Sydney_and_Hornsby|Sydney_Northern_Beaches|Sydney_Ryde|Sydney_Sutherland
au,Sydney_Parramatta,GNN,456,10,500,0.5,MVA_equivalent_PF1,181.3186,0.22976212086763717,41.660146088750757,76.397621831909902,0.42134464876692135,False,15.090151575364777,41.660146088750814,0,82.593830757398337,26.569994513386035,82.593830757398337,True,True,5.0000000000000008e-07,True,False,11,Central_Coast|Hunter_Valley_exc_Newcastle|Newcastle_and_Lake_Macquarie|Sydney_City_and_Inner_South|Sydney_Eastern_Suburbs|Sydney_Inner_South_West|Sydney_Inner_West|Sydney_North_Sydney_and_Hornsby|Sydney_Northern_Beaches|Sydney_Ryde|Sydney_Sutherland
au,Sydney_Parramatta,GNN,456,10,100,0.80000000000000004,MVA_equivalent_PF1,181.3186,0.41204512492035128,74.711445187383205,76.397621831909902,0.42134464876692135,False,11.709160963151463,23.561589502172399,0,0,11.852428539020936,0,True,True,1.0000000000000001e-07,True,True,11,Central_Coast|Hunter_Valley_exc_Newcastle|Newcastle_and_Lake_Macquarie|Sydney_City_and_Inner_South|Sydney_Eastern_Suburbs|Sydney_Inner_South_West|Sydney_Inner_West|Sydney_North_Sydney_and_Hornsby|Sydney_Northern_Beaches|Sydney_Ryde|Sydney_Sutherland
au,Sydney_Parramatta,GNN,456,10,300,0.80000000000000004,MVA_equivalent_PF1,181.3186,0.41204512492035128,74.711445187383205,76.397621831909902,0.42134464876692135,False,12.673077386860147,24.766844079617538,0,0,12.093766692757391,0,True,True,3.0000000000000004e-07,True,True,11,Central_Coast|Hunter_Valley_exc_Newcastle|Newcastle_and_Lake_Macquarie|Sydney_City_and_Inner_South|Sydney_Eastern_Suburbs|Sydney_Inner_South_West|Sydney_Inner_West|Sydney_North_Sydney_and_Hornsby|Sydney_Northern_Beaches|Sydney_Ryde|Sydney_Sutherland
au,Sydney_Parramatta,GNN,456,10,500,0.80000000000000004,MVA_equivalent_PF1,181.3186,0.41204512492035128,74.711445187383205,76.397621831909902,0.42134464876692135,False,15.090151575364777,74.711445187383234,0,148.69642895466319,59.621293612018455,148.69642895466319,True,True,5.0000000000000008e-07,True,False,11,Central_Coast|Hunter_Valley_exc_Newcastle|Newcastle_and_Lake_Macquarie|Sydney_City_and_Inner_South|Sydney_Eastern_Suburbs|Sydney_Inner_South_West|Sydney_Inner_West|Sydney_North_Sydney_and_Hornsby|Sydney_Northern_Beaches|Sydney_Ryde|Sydney_Sutherland
au,Sydney_Parramatta,GNN,456,10,100,0.90000000000000002,MVA_equivalent_PF1,181.3186,0.56026948450350456,101.58727855289715,76.397621831909902,0.42134464876692135,True,11.709160963151463,32.067790762357561,0,0,20.358629799206099,0,True,True,1.0000000000000001e-07,True,True,11,Central_Coast|Hunter_Valley_exc_Newcastle|Newcastle_and_Lake_Macquarie|Sydney_City_and_Inner_South|Sydney_Eastern_Suburbs|Sydney_Inner_South_West|Sydney_Inner_West|Sydney_North_Sydney_and_Hornsby|Sydney_Northern_Beaches|Sydney_Ryde|Sydney_Sutherland
au,Sydney_Parramatta,GNN,456,10,300,0.90000000000000002,MVA_equivalent_PF1,181.3186,0.56026948450350456,101.58727855289715,76.397621831909902,0.42134464876692135,True,12.673077386860147,38.285896651579591,0,1.6873734704383481,25.612819264719445,1.6873734704383481,True,True,3.0000000000000004e-07,True,False,11,Central_Coast|Hunter_Valley_exc_Newcastle|Newcastle_and_Lake_Macquarie|Sydney_City_and_Inner_South|Sydney_Eastern_Suburbs|Sydney_Inner_South_West|Sydney_Inner_West|Sydney_North_Sydney_and_Hornsby|Sydney_Northern_Beaches|Sydney_Ryde|Sydney_Sutherland
au,Sydney_Parramatta,GNN,456,10,500,0.90000000000000002,MVA_equivalent_PF1,181.3186,0.56026948450350456,101.58727855289715,76.397621831909902,0.42134464876692135,True,15.090151575364777,101.5872785528972,0,199.69048498734023,86.497126977532432,199.69048498734023,True,True,5.0000000000000008e-07,True,False,11,Central_Coast|Hunter_Valley_exc_Newcastle|Newcastle_and_Lake_Macquarie|Sydney_City_and_Inner_South|Sydney_Eastern_Suburbs|Sydney_Inner_South_West|Sydney_Inner_West|Sydney_North_Sydney_and_Hornsby|Sydney_Northern_Beaches|Sydney_Ryde|Sydney_Sutherland
au,Sydney_Parramatta,GNN,456,10,100,1,MVA_equivalent_PF1,181.3186,0.59205489131675215,107.35056401670566,76.397621831909902,0.42134464876692135,True,11.709160963151463,33.891870611652955,0,0,22.182709648501493,0,True,True,1.0000000000000001e-07,True,True,11,Central_Coast|Hunter_Valley_exc_Newcastle|Newcastle_and_Lake_Macquarie|Sydney_City_and_Inner_South|Sydney_Eastern_Suburbs|Sydney_Inner_South_West|Sydney_Inner_West|Sydney_North_Sydney_and_Hornsby|Sydney_Northern_Beaches|Sydney_Ryde|Sydney_Sutherland
au,Sydney_Parramatta,GNN,456,10,300,1,MVA_equivalent_PF1,181.3186,0.59205489131675215,107.35056401670566,76.397621831909902,0.42134464876692135,True,12.673077386860147,44.045674203201031,0,7.3571675913661121,31.372596816340884,7.3571675913661121,True,True,3.0000000000000004e-07,True,False,11,Central_Coast|Hunter_Valley_exc_Newcastle|Newcastle_and_Lake_Macquarie|Sydney_City_and_Inner_South|Sydney_Eastern_Suburbs|Sydney_Inner_South_West|Sydney_Inner_West|Sydney_North_Sydney_and_Hornsby|Sydney_Northern_Beaches|Sydney_Ryde|Sydney_Sutherland
au,Sydney_Parramatta,GNN,456,10,500,1,MVA_equivalent_PF1,181.3186,0.59205489131675215,107.35056401670566,76.397621831909902,0.42134464876692135,True,15.090151575364777,107.35056401670568,0,205.45377045114873,92.260412441340904,205.45377045114873,True,True,5.0000000000000008e-07,True,False,11,Central_Coast|Hunter_Valley_exc_Newcastle|Newcastle_and_Lake_Macquarie|Sydney_City_and_Inner_South|Sydney_Eastern_Suburbs|Sydney_Inner_South_West|Sydney_Inner_West|Sydney_North_Sydney_and_Hornsby|Sydney_Northern_Beaches|Sydney_Ryde|Sydney_Sutherland
au,Sydney_Parramatta,GNN,456,20,100,0.5,MVA_equivalent_PF1,181.3186,0.10840174576428264,19.655252779535658,2.8421709430404007e-14,1.5675010412833546e-16,True,0,0,0,0,0,0,True,True,1.0000000000000001e-09,True,True,11,Central_Coast|Hunter_Valley_exc_Newcastle|Newcastle_and_Lake_Macquarie|Sydney_City_and_Inner_South|Sydney_Eastern_Suburbs|Sydney_Inner_South_West|Sydney_Inner_West|Sydney_North_Sydney_and_Hornsby|Sydney_Northern_Beaches|Sydney_Ryde|Sydney_Sutherland
au,Sydney_Parramatta,GNN,456,20,300,0.5,MVA_equivalent_PF1,181.3186,0.10840174576428264,19.655252779535658,2.8421709430404007e-14,1.5675010412833546e-16,True,0,0,0,0,0,0,True,True,1.0000000000000001e-09,True,True,11,Central_Coast|Hunter_Valley_exc_Newcastle|Newcastle_and_Lake_Macquarie|Sydney_City_and_Inner_South|Sydney_Eastern_Suburbs|Sydney_Inner_South_West|Sydney_Inner_West|Sydney_North_Sydney_and_Hornsby|Sydney_Northern_Beaches|Sydney_Ryde|Sydney_Sutherland
au,Sydney_Parramatta,GNN,456,20,500,0.5,MVA_equivalent_PF1,181.3186,0.10840174576428264,19.655252779535658,2.8421709430404007e-14,1.5675010412833546e-16,True,1.1368683772161603e-13,19.655252779535658,0,39.310505559071274,19.655252779535545,39.310505559071274,True,True,1.0891874999999994e-07,True,False,11,Central_Coast|Hunter_Valley_exc_Newcastle|Newcastle_and_Lake_Macquarie|Sydney_City_and_Inner_South|Sydney_Eastern_Suburbs|Sydney_Inner_South_West|Sydney_Inner_West|Sydney_North_Sydney_and_Hornsby|Sydney_Northern_Beaches|Sydney_Ryde|Sydney_Sutherland
au,Sydney_Parramatta,GNN,456,20,100,0.80000000000000004,MVA_equivalent_PF1,181.3186,0.27461631380204293,49.793045555747099,2.8421709430404007e-14,1.5675010412833546e-16,True,0,0,0,0,0,0,True,True,1.0000000000000001e-09,True,True,11,Central_Coast|Hunter_Valley_exc_Newcastle|Newcastle_and_Lake_Macquarie|Sydney_City_and_Inner_South|Sydney_Eastern_Suburbs|Sydney_Inner_South_West|Sydney_Inner_West|Sydney_North_Sydney_and_Hornsby|Sydney_Northern_Beaches|Sydney_Ryde|Sydney_Sutherland
au,Sydney_Parramatta,GNN,456,20,300,0.80000000000000004,MVA_equivalent_PF1,181.3186,0.27461631380204293,49.793045555747099,2.8421709430404007e-14,1.5675010412833546e-16,True,0,0,0,0,0,0,True,True,1.0000000000000001e-09,True,True,11,Central_Coast|Hunter_Valley_exc_Newcastle|Newcastle_and_Lake_Macquarie|Sydney_City_and_Inner_South|Sydney_Eastern_Suburbs|Sydney_Inner_South_West|Sydney_Inner_West|Sydney_North_Sydney_and_Hornsby|Sydney_Northern_Beaches|Sydney_Ryde|Sydney_Sutherland
au,Sydney_Parramatta,GNN,456,20,500,0.80000000000000004,MVA_equivalent_PF1,181.3186,0.27461631380204293,49.793045555747099,2.8421709430404007e-14,1.5675010412833546e-16,True,1.1368683772161603e-13,49.793045555747085,0,99.586091111494085,49.793045555746971,99.586091111494085,True,True,1.0891874999999994e-07,True,False,11,Central_Coast|Hunter_Valley_exc_Newcastle|Newcastle_and_Lake_Macquarie|Sydney_City_and_Inner_South|Sydney_Eastern_Suburbs|Sydney_Inner_South_West|Sydney_Inner_West|Sydney_North_Sydney_and_Hornsby|Sydney_Northern_Beaches|Sydney_Ryde|Sydney_Sutherland
au,Sydney_Parramatta,GNN,456,20,100,0.90000000000000002,MVA_equivalent_PF1,181.3186,0.55350404524109131,100.36057857745134,2.8421709430404007e-14,1.5675010412833546e-16,True,0,0,0,0,0,0,True,True,1.0000000000000001e-09,True,True,11,Central_Coast|Hunter_Valley_exc_Newcastle|Newcastle_and_Lake_Macquarie|Sydney_City_and_Inner_South|Sydney_Eastern_Suburbs|Sydney_Inner_South_West|Sydney_Inner_West|Sydney_North_Sydney_and_Hornsby|Sydney_Northern_Beaches|Sydney_Ryde|Sydney_Sutherland
au,Sydney_Parramatta,GNN,456,20,300,0.90000000000000002,MVA_equivalent_PF1,181.3186,0.55350404524109131,100.36057857745134,2.8421709430404007e-14,1.5675010412833546e-16,True,0,9.2793285774513397,0,9.2793285774513379,9.2793285774513397,9.2793285774513379,True,True,1.0000000000000001e-09,True,False,11,Central_Coast|Hunter_Valley_exc_Newcastle|Newcastle_and_Lake_Macquarie|Sydney_City_and_Inner_South|Sydney_Eastern_Suburbs|Sydney_Inner_South_West|Sydney_Inner_West|Sydney_North_Sydney_and_Hornsby|Sydney_Northern_Beaches|Sydney_Ryde|Sydney_Sutherland
au,Sydney_Parramatta,GNN,456,20,500,0.90000000000000002,MVA_equivalent_PF1,181.3186,0.55350404524109131,100.36057857745134,2.8421709430404007e-14,1.5675010412833546e-16,True,1.1368683772161603e-13,100.36057857745141,0,200.72115715490276,100.36057857745129,200.72115715490276,True,True,1.0891874999999994e-07,True,False,11,Central_Coast|Hunter_Valley_exc_Newcastle|Newcastle_and_Lake_Macquarie|Sydney_City_and_Inner_South|Sydney_Eastern_Suburbs|Sydney_Inner_South_West|Sydney_Inner_West|Sydney_North_Sydney_and_Hornsby|Sydney_Northern_Beaches|Sydney_Ryde|Sydney_Sutherland
au,Sydney_Parramatta,GNN,456,20,100,1,MVA_equivalent_PF1,181.3186,0.76965969573667559,139.55361850739999,2.8421709430404007e-14,1.5675010412833546e-16,True,0,0,0,0,0,0,True,True,1.0000000000000001e-09,True,True,11,Central_Coast|Hunter_Valley_exc_Newcastle|Newcastle_and_Lake_Macquarie|Sydney_City_and_Inner_South|Sydney_Eastern_Suburbs|Sydney_Inner_South_West|Sydney_Inner_West|Sydney_North_Sydney_and_Hornsby|Sydney_Northern_Beaches|Sydney_Ryde|Sydney_Sutherland
au,Sydney_Parramatta,GNN,456,20,300,1,MVA_equivalent_PF1,181.3186,0.76965969573667559,139.55361850739999,2.8421709430404007e-14,1.5675010412833546e-16,True,0,48.472368507400013,0,48.472368507400006,48.472368507400013,48.472368507400006,True,True,1.0000000000000001e-09,True,False,11,Central_Coast|Hunter_Valley_exc_Newcastle|Newcastle_and_Lake_Macquarie|Sydney_City_and_Inner_South|Sydney_Eastern_Suburbs|Sydney_Inner_South_West|Sydney_Inner_West|Sydney_North_Sydney_and_Hornsby|Sydney_Northern_Beaches|Sydney_Ryde|Sydney_Sutherland
au,Sydney_Parramatta,GNN,456,20,500,1,MVA_equivalent_PF1,181.3186,0.76965969573667559,139.55361850739999,2.8421709430404007e-14,1.5675010412833546e-16,True,1.1368683772161603e-13,139.55361850739999,0,248.47236850740009,139.55361850739988,248.47236850740009,True,True,1.0891874999999994e-07,True,False,11,Central_Coast|Hunter_Valley_exc_Newcastle|Newcastle_and_Lake_Macquarie|Sydney_City_and_Inner_South|Sydney_Eastern_Suburbs|Sydney_Inner_South_West|Sydney_Inner_West|Sydney_North_Sydney_and_Hornsby|Sydney_Northern_Beaches|Sydney_Ryde|Sydney_Sutherland
au,Sydney_Ryde,Uni,,10,100,0.5,MVA_equivalent_PF1,346.04809999999998,0.20300331127285881,70.248910159681373,58.149960846601005,0.16804011016561285,True,0,0,0,0,0,0,True,True,1.0000000000000001e-09,True,True,11,Central_Coast|Hunter_Valley_exc_Newcastle|Newcastle_and_Lake_Macquarie|Sydney_City_and_Inner_South|Sydney_Eastern_Suburbs|Sydney_Inner_South_West|Sydney_Inner_West|Sydney_North_Sydney_and_Hornsby|Sydney_Northern_Beaches|Sydney_Parramatta|Sydney_Sutherland
au,Sydney_Ryde,Uni,,10,300,0.5,MVA_equivalent_PF1,346.04809999999998,0.20300331127285881,70.248910159681373,58.149960846601005,0.16804011016561285,True,0,0,0,0,0,0,True,True,1.0000000000000001e-09,True,True,11,Central_Coast|Hunter_Valley_exc_Newcastle|Newcastle_and_Lake_Macquarie|Sydney_City_and_Inner_South|Sydney_Eastern_Suburbs|Sydney_Inner_South_West|Sydney_Inner_West|Sydney_North_Sydney_and_Hornsby|Sydney_Northern_Beaches|Sydney_Parramatta|Sydney_Sutherland
au,Sydney_Ryde,Uni,,10,500,0.5,MVA_equivalent_PF1,346.04809999999998,0.20300331127285881,70.248910159681373,58.149960846601005,0.16804011016561285,True,0,1.0316538759121474,0,3.8462914007228277,1.0316538759121474,3.8462914007228277,True,True,1.0000000000000001e-09,True,False,11,Central_Coast|Hunter_Valley_exc_Newcastle|Newcastle_and_Lake_Macquarie|Sydney_City_and_Inner_South|Sydney_Eastern_Suburbs|Sydney_Inner_South_West|Sydney_Inner_West|Sydney_North_Sydney_and_Hornsby|Sydney_Northern_Beaches|Sydney_Parramatta|Sydney_Sutherland
au,Sydney_Ryde,Uni,,10,100,0.80000000000000004,MVA_equivalent_PF1,346.04809999999998,0.29362914917335647,101.60980917605657,58.149960846601005,0.16804011016561285,True,0,0,0,0,0,0,True,True,1.0000000000000001e-09,True,True,11,Central_Coast|Hunter_Valley_exc_Newcastle|Newcastle_and_Lake_Macquarie|Sydney_City_and_Inner_South|Sydney_Eastern_Suburbs|Sydney_Inner_South_West|Sydney_Inner_West|Sydney_North_Sydney_and_Hornsby|Sydney_Northern_Beaches|Sydney_Parramatta|Sydney_Sutherland
au,Sydney_Ryde,Uni,,10,300,0.80000000000000004,MVA_equivalent_PF1,346.04809999999998,0.29362914917335647,101.60980917605657,58.149960846601005,0.16804011016561285,True,0,0,0,0,0,0,True,True,1.0000000000000001e-09,True,True,11,Central_Coast|Hunter_Valley_exc_Newcastle|Newcastle_and_Lake_Macquarie|Sydney_City_and_Inner_South|Sydney_Eastern_Suburbs|Sydney_Inner_South_West|Sydney_Inner_West|Sydney_North_Sydney_and_Hornsby|Sydney_Northern_Beaches|Sydney_Parramatta|Sydney_Sutherland
au,Sydney_Ryde,Uni,,10,500,0.80000000000000004,MVA_equivalent_PF1,346.04809999999998,0.29362914917335647,101.60980917605657,58.149960846601005,0.16804011016561285,True,0,7.3550138769328308,0,19.332363910001199,7.3550138769328308,19.332363910001199,True,True,1.0000000000000001e-09,True,False,11,Central_Coast|Hunter_Valley_exc_Newcastle|Newcastle_and_Lake_Macquarie|Sydney_City_and_Inner_South|Sydney_Eastern_Suburbs|Sydney_Inner_South_West|Sydney_Inner_West|Sydney_North_Sydney_and_Hornsby|Sydney_Northern_Beaches|Sydney_Parramatta|Sydney_Sutherland
au,Sydney_Ryde,Uni,,10,100,0.90000000000000002,MVA_equivalent_PF1,346.04809999999998,0.32825135197067157,113.59075667188215,58.149960846601005,0.16804011016561285,True,0,0,0,0,0,0,True,True,1.0000000000000001e-09,True,True,11,Central_Coast|Hunter_Valley_exc_Newcastle|Newcastle_and_Lake_Macquarie|Sydney_City_and_Inner_South|Sydney_Eastern_Suburbs|Sydney_Inner_South_West|Sydney_Inner_West|Sydney_North_Sydney_and_Hornsby|Sydney_Northern_Beaches|Sydney_Parramatta|Sydney_Sutherland
au,Sydney_Ryde,Uni,,10,300,0.90000000000000002,MVA_equivalent_PF1,346.04809999999998,0.32825135197067157,113.59075667188215,58.149960846601005,0.16804011016561285,True,0,0,0,0,0,0,True,True,1.0000000000000001e-09,True,True,11,Central_Coast|Hunter_Valley_exc_Newcastle|Newcastle_and_Lake_Macquarie|Sydney_City_and_Inner_South|Sydney_Eastern_Suburbs|Sydney_Inner_South_West|Sydney_Inner_West|Sydney_North_Sydney_and_Hornsby|Sydney_Northern_Beaches|Sydney_Parramatta|Sydney_Sutherland
au,Sydney_Ryde,Uni,,10,500,0.90000000000000002,MVA_equivalent_PF1,346.04809999999998,0.32825135197067157,113.59075667188215,58.149960846601005,0.16804011016561285,True,0,10.295550803538598,0,28.917121906661674,10.295550803538598,28.917121906661674,True,True,1.0000000000000001e-09,True,False,11,Central_Coast|Hunter_Valley_exc_Newcastle|Newcastle_and_Lake_Macquarie|Sydney_City_and_Inner_South|Sydney_Eastern_Suburbs|Sydney_Inner_South_West|Sydney_Inner_West|Sydney_North_Sydney_and_Hornsby|Sydney_Northern_Beaches|Sydney_Parramatta|Sydney_Sutherland
au,Sydney_Ryde,Uni,,10,100,1,MVA_equivalent_PF1,346.04809999999998,0.44609524922203769,154.37041341231262,58.149960846601005,0.16804011016561285,True,0,0,0,0,0,0,True,True,1.0000000000000001e-09,True,True,11,Central_Coast|Hunter_Valley_exc_Newcastle|Newcastle_and_Lake_Macquarie|Sydney_City_and_Inner_South|Sydney_Eastern_Suburbs|Sydney_Inner_South_West|Sydney_Inner_West|Sydney_North_Sydney_and_Hornsby|Sydney_Northern_Beaches|Sydney_Parramatta|Sydney_Sutherland
au,Sydney_Ryde,Uni,,10,300,1,MVA_equivalent_PF1,346.04809999999998,0.44609524922203769,154.37041341231262,58.149960846601005,0.16804011016561285,True,0,0,0,0,0,0,True,True,1.0000000000000001e-09,True,True,11,Central_Coast|Hunter_Valley_exc_Newcastle|Newcastle_and_Lake_Macquarie|Sydney_City_and_Inner_South|Sydney_Eastern_Suburbs|Sydney_Inner_South_West|Sydney_Inner_West|Sydney_North_Sydney_and_Hornsby|Sydney_Northern_Beaches|Sydney_Parramatta|Sydney_Sutherland
au,Sydney_Ryde,Uni,,10,500,1,MVA_equivalent_PF1,346.04809999999998,0.44609524922203769,154.37041341231262,58.149960846601005,0.16804011016561285,True,0,20.659061546390028,0,68.548173180153611,20.659061546390028,68.548173180153611,True,True,1.0000000000000001e-09,True,False,11,Central_Coast|Hunter_Valley_exc_Newcastle|Newcastle_and_Lake_Macquarie|Sydney_City_and_Inner_South|Sydney_Eastern_Suburbs|Sydney_Inner_South_West|Sydney_Inner_West|Sydney_North_Sydney_and_Hornsby|Sydney_Northern_Beaches|Sydney_Parramatta|Sydney_Sutherland
au,Sydney_Ryde,Uni,,20,100,0.5,MVA_equivalent_PF1,346.04809999999998,0.1178905508771788,40.795801139001057,5.6843418860808015e-14,1.6426450213368609e-16,True,0,0,0,0,0,0,True,True,1.0000000000000001e-09,True,True,11,Central_Coast|Hunter_Valley_exc_Newcastle|Newcastle_and_Lake_Macquarie|Sydney_City_and_Inner_South|Sydney_Eastern_Suburbs|Sydney_Inner_South_West|Sydney_Inner_West|Sydney_North_Sydney_and_Hornsby|Sydney_Northern_Beaches|Sydney_Parramatta|Sydney_Sutherland
au,Sydney_Ryde,Uni,,20,300,0.5,MVA_equivalent_PF1,346.04809999999998,0.1178905508771788,40.795801139001057,5.6843418860808015e-14,1.6426450213368609e-16,True,0,0,0,0,0,0,True,True,1.0000000000000001e-09,True,True,11,Central_Coast|Hunter_Valley_exc_Newcastle|Newcastle_and_Lake_Macquarie|Sydney_City_and_Inner_South|Sydney_Eastern_Suburbs|Sydney_Inner_South_West|Sydney_Inner_West|Sydney_North_Sydney_and_Hornsby|Sydney_Northern_Beaches|Sydney_Parramatta|Sydney_Sutherland
au,Sydney_Ryde,Uni,,20,500,0.5,MVA_equivalent_PF1,346.04809999999998,0.1178905508771788,40.795801139001057,5.6843418860808015e-14,1.6426450213368609e-16,True,0,0,0,0,0,0,True,True,1.0000000000000001e-09,True,True,11,Central_Coast|Hunter_Valley_exc_Newcastle|Newcastle_and_Lake_Macquarie|Sydney_City_and_Inner_South|Sydney_Eastern_Suburbs|Sydney_Inner_South_West|Sydney_Inner_West|Sydney_North_Sydney_and_Hornsby|Sydney_Northern_Beaches|Sydney_Parramatta|Sydney_Sutherland
au,Sydney_Ryde,Uni,,20,100,0.80000000000000004,MVA_equivalent_PF1,346.04809999999998,0.20166758968246928,69.786686241198097,5.6843418860808015e-14,1.6426450213368609e-16,True,0,0,0,0,0,0,True,True,1.0000000000000001e-09,True,True,11,Central_Coast|Hunter_Valley_exc_Newcastle|Newcastle_and_Lake_Macquarie|Sydney_City_and_Inner_South|Sydney_Eastern_Suburbs|Sydney_Inner_South_West|Sydney_Inner_West|Sydney_North_Sydney_and_Hornsby|Sydney_Northern_Beaches|Sydney_Parramatta|Sydney_Sutherland
au,Sydney_Ryde,Uni,,20,300,0.80000000000000004,MVA_equivalent_PF1,346.04809999999998,0.20166758968246928,69.786686241198097,5.6843418860808015e-14,1.6426450213368609e-16,True,0,0,0,0,0,0,True,True,1.0000000000000001e-09,True,True,11,Central_Coast|Hunter_Valley_exc_Newcastle|Newcastle_and_Lake_Macquarie|Sydney_City_and_Inner_South|Sydney_Eastern_Suburbs|Sydney_Inner_South_West|Sydney_Inner_West|Sydney_North_Sydney_and_Hornsby|Sydney_Northern_Beaches|Sydney_Parramatta|Sydney_Sutherland
au,Sydney_Ryde,Uni,,20,500,0.80000000000000004,MVA_equivalent_PF1,346.04809999999998,0.20166758968246928,69.786686241198097,5.6843418860808015e-14,1.6426450213368609e-16,True,0,0,0,0,0,0,True,True,1.0000000000000001e-09,True,True,11,Central_Coast|Hunter_Valley_exc_Newcastle|Newcastle_and_Lake_Macquarie|Sydney_City_and_Inner_South|Sydney_Eastern_Suburbs|Sydney_Inner_South_West|Sydney_Inner_West|Sydney_North_Sydney_and_Hornsby|Sydney_Northern_Beaches|Sydney_Parramatta|Sydney_Sutherland
au,Sydney_Ryde,Uni,,20,100,0.90000000000000002,MVA_equivalent_PF1,346.04809999999998,0.2529809421544294,87.5435743687502,5.6843418860808015e-14,1.6426450213368609e-16,True,0,0,0,0,0,0,True,True,1.0000000000000001e-09,True,True,11,Central_Coast|Hunter_Valley_exc_Newcastle|Newcastle_and_Lake_Macquarie|Sydney_City_and_Inner_South|Sydney_Eastern_Suburbs|Sydney_Inner_South_West|Sydney_Inner_West|Sydney_North_Sydney_and_Hornsby|Sydney_Northern_Beaches|Sydney_Parramatta|Sydney_Sutherland
au,Sydney_Ryde,Uni,,20,300,0.90000000000000002,MVA_equivalent_PF1,346.04809999999998,0.2529809421544294,87.5435743687502,5.6843418860808015e-14,1.6426450213368609e-16,True,0,0,0,0,0,0,True,True,1.0000000000000001e-09,True,True,11,Central_Coast|Hunter_Valley_exc_Newcastle|Newcastle_and_Lake_Macquarie|Sydney_City_and_Inner_South|Sydney_Eastern_Suburbs|Sydney_Inner_South_West|Sydney_Inner_West|Sydney_North_Sydney_and_Hornsby|Sydney_Northern_Beaches|Sydney_Parramatta|Sydney_Sutherland
au,Sydney_Ryde,Uni,,20,500,0.90000000000000002,MVA_equivalent_PF1,346.04809999999998,0.2529809421544294,87.5435743687502,5.6843418860808015e-14,1.6426450213368609e-16,True,0,0,0,0,0,0,True,True,1.0000000000000001e-09,True,True,11,Central_Coast|Hunter_Valley_exc_Newcastle|Newcastle_and_Lake_Macquarie|Sydney_City_and_Inner_South|Sydney_Eastern_Suburbs|Sydney_Inner_South_West|Sydney_Inner_West|Sydney_North_Sydney_and_Hornsby|Sydney_Northern_Beaches|Sydney_Parramatta|Sydney_Sutherland
au,Sydney_Ryde,Uni,,20,100,1,MVA_equivalent_PF1,346.04809999999998,0.56636303530589271,195.98885227783708,5.6843418860808015e-14,1.6426450213368609e-16,True,0,0,0,0,0,0,True,True,1.0000000000000001e-09,True,True,11,Central_Coast|Hunter_Valley_exc_Newcastle|Newcastle_and_Lake_Macquarie|Sydney_City_and_Inner_South|Sydney_Eastern_Suburbs|Sydney_Inner_South_West|Sydney_Inner_West|Sydney_North_Sydney_and_Hornsby|Sydney_Northern_Beaches|Sydney_Parramatta|Sydney_Sutherland
au,Sydney_Ryde,Uni,,20,300,1,MVA_equivalent_PF1,346.04809999999998,0.56636303530589271,195.98885227783708,5.6843418860808015e-14,1.6426450213368609e-16,True,0,0,0,0,0,0,True,True,1.0000000000000001e-09,True,True,11,Central_Coast|Hunter_Valley_exc_Newcastle|Newcastle_and_Lake_Macquarie|Sydney_City_and_Inner_South|Sydney_Eastern_Suburbs|Sydney_Inner_South_West|Sydney_Inner_West|Sydney_North_Sydney_and_Hornsby|Sydney_Northern_Beaches|Sydney_Parramatta|Sydney_Sutherland
au,Sydney_Ryde,Uni,,20,500,1,MVA_equivalent_PF1,346.04809999999998,0.56636303530589271,195.98885227783708,5.6843418860808015e-14,1.6426450213368609e-16,True,0,9.2951022778370316,0,9.2951022778370316,9.2951022778370316,9.2951022778370316,True,True,1.0000000000000001e-09,True,False,11,Central_Coast|Hunter_Valley_exc_Newcastle|Newcastle_and_Lake_Macquarie|Sydney_City_and_Inner_South|Sydney_Eastern_Suburbs|Sydney_Inner_South_West|Sydney_Inner_West|Sydney_North_Sydney_and_Hornsby|Sydney_Northern_Beaches|Sydney_Parramatta|Sydney_Sutherland
au,Sydney_Ryde,LU,,10,100,0.5,MVA_equivalent_PF1,346.04809999999998,0.21126955436754324,73.10942787673504,58.258679004225598,0.16835428081883877,True,0,0,0,0,0,0,True,True,1.0000000000000001e-09,True,True,11,Central_Coast|Hunter_Valley_exc_Newcastle|Newcastle_and_Lake_Macquarie|Sydney_City_and_Inner_South|Sydney_Eastern_Suburbs|Sydney_Inner_South_West|Sydney_Inner_West|Sydney_North_Sydney_and_Hornsby|Sydney_Northern_Beaches|Sydney_Parramatta|Sydney_Sutherland
au,Sydney_Ryde,LU,,10,300,0.5,MVA_equivalent_PF1,346.04809999999998,0.21126955436754324,73.10942787673504,58.258679004225598,0.16835428081883877,True,0,0,0,0,0,0,True,True,1.0000000000000001e-09,True,True,11,Central_Coast|Hunter_Valley_exc_Newcastle|Newcastle_and_Lake_Macquarie|Sydney_City_and_Inner_South|Sydney_Eastern_Suburbs|Sydney_Inner_South_West|Sydney_Inner_West|Sydney_North_Sydney_and_Hornsby|Sydney_Northern_Beaches|Sydney_Parramatta|Sydney_Sutherland
au,Sydney_Ryde,LU,,10,500,0.5,MVA_equivalent_PF1,346.04809999999998,0.21126955436754324,73.10942787673504,58.258679004225598,0.16835428081883877,True,0,1.4278991678187241,0,4.8833174131527244,1.4278991678187241,4.8833174131527244,True,True,1.0000000000000001e-09,True,False,11,Central_Coast|Hunter_Valley_exc_Newcastle|Newcastle_and_Lake_Macquarie|Sydney_City_and_Inner_South|Sydney_Eastern_Suburbs|Sydney_Inner_South_West|Sydney_Inner_West|Sydney_North_Sydney_and_Hornsby|Sydney_Northern_Beaches|Sydney_Parramatta|Sydney_Sutherland
au,Sydney_Ryde,LU,,10,100,0.80000000000000004,MVA_equivalent_PF1,346.04809999999998,0.27652582273620779,95.691235558801495,58.258679004225598,0.16835428081883877,True,0,0,0,0,0,0,True,True,1.0000000000000001e-09,True,True,11,Central_Coast|Hunter_Valley_exc_Newcastle|Newcastle_and_Lake_Macquarie|Sydney_City_and_Inner_South|Sydney_Eastern_Suburbs|Sydney_Inner_South_West|Sydney_Inner_West|Sydney_North_Sydney_and_Hornsby|Sydney_Northern_Beaches|Sydney_Parramatta|Sydney_Sutherland
au,Sydney_Ryde,LU,,10,300,0.80000000000000004,MVA_equivalent_PF1,346.04809999999998,0.27652582273620779,95.691235558801495,58.258679004225598,0.16835428081883877,True,0,0,0,0,0,0,True,True,1.0000000000000001e-09,True,True,11,Central_Coast|Hunter_Valley_exc_Newcastle|Newcastle_and_Lake_Macquarie|Sydney_City_and_Inner_South|Sydney_Eastern_Suburbs|Sydney_Inner_South_West|Sydney_Inner_West|Sydney_North_Sydney_and_Hornsby|Sydney_Northern_Beaches|Sydney_Parramatta|Sydney_Sutherland
au,Sydney_Ryde,LU,,10,500,0.80000000000000004,MVA_equivalent_PF1,346.04809999999998,0.27652582273620779,95.691235558801495,58.258679004225598,0.16835428081883877,True,0,5.9360837094332481,0,14.647640140159968,5.9360837094332481,14.647640140159968,True,True,1.0000000000000001e-09,True,False,11,Central_Coast|Hunter_Valley_exc_Newcastle|Newcastle_and_Lake_Macquarie|Sydney_City_and_Inner_South|Sydney_Eastern_Suburbs|Sydney_Inner_South_West|Sydney_Inner_West|Sydney_North_Sydney_and_Hornsby|Sydney_Northern_Beaches|Sydney_Parramatta|Sydney_Sutherland
au,Sydney_Ryde,LU,,10,100,0.90000000000000002,MVA_equivalent_PF1,346.04809999999998,0.29934727037426312,103.58855415320004,58.258679004225598,0.16835428081883877,True,0,0,0,0,0,0,True,True,1.0000000000000001e-09,True,True,11,Central_Coast|Hunter_Valley_exc_Newcastle|Newcastle_and_Lake_Macquarie|Sydney_City_and_Inner_South|Sydney_Eastern_Suburbs|Sydney_Inner_South_West|Sydney_Inner_West|Sydney_North_Sydney_and_Hornsby|Sydney_Northern_Beaches|Sydney_Parramatta|Sydney_Sutherland
au,Sydney_Ryde,LU,,10,300,0.90000000000000002,MVA_equivalent_PF1,346.04809999999998,0.29934727037426312,103.58855415320004,58.258679004225598,0.16835428081883877,True,0,0,0,0,0,0,True,True,1.0000000000000001e-09,True,True,11,Central_Coast|Hunter_Valley_exc_Newcastle|Newcastle_and_Lake_Macquarie|Sydney_City_and_Inner_South|Sydney_Eastern_Suburbs|Sydney_Inner_South_West|Sydney_Inner_West|Sydney_North_Sydney_and_Hornsby|Sydney_Northern_Beaches|Sydney_Parramatta|Sydney_Sutherland
au,Sydney_Ryde,LU,,10,500,0.90000000000000002,MVA_equivalent_PF1,346.04809999999998,0.29934727037426312,103.58855415320004,58.258679004225598,0.16835428081883877,True,0,7.8289397246212502,0,20.862193429969956,7.8289397246212502,20.862193429969956,True,True,1.0000000000000001e-09,True,False,11,Central_Coast|Hunter_Valley_exc_Newcastle|Newcastle_and_Lake_Macquarie|Sydney_City_and_Inner_South|Sydney_Eastern_Suburbs|Sydney_Inner_South_West|Sydney_Inner_West|Sydney_North_Sydney_and_Hornsby|Sydney_Northern_Beaches|Sydney_Parramatta|Sydney_Sutherland
au,Sydney_Ryde,LU,,10,100,1,MVA_equivalent_PF1,346.04809999999998,0.49347582631342024,170.76637209168908,58.258679004225598,0.16835428081883877,True,0,0,0,0,0,0,True,True,1.0000000000000001e-09,True,True,11,Central_Coast|Hunter_Valley_exc_Newcastle|Newcastle_and_Lake_Macquarie|Sydney_City_and_Inner_South|Sydney_Eastern_Suburbs|Sydney_Inner_South_West|Sydney_Inner_West|Sydney_North_Sydney_and_Hornsby|Sydney_Northern_Beaches|Sydney_Parramatta|Sydney_Sutherland
au,Sydney_Ryde,LU,,10,300,1,MVA_equivalent_PF1,346.04809999999998,0.49347582631342024,170.76637209168908,58.258679004225598,0.16835428081883877,True,0,0,0,0,0,0,True,True,1.0000000000000001e-09,True,True,11,Central_Coast|Hunter_Valley_exc_Newcastle|Newcastle_and_Lake_Macquarie|Sydney_City_and_Inner_South|Sydney_Eastern_Suburbs|Sydney_Inner_South_West|Sydney_Inner_West|Sydney_North_Sydney_and_Hornsby|Sydney_Northern_Beaches|Sydney_Parramatta|Sydney_Sutherland
au,Sydney_Ryde,LU,,10,500,1,MVA_equivalent_PF1,346.04809999999998,0.49347582631342024,170.76637209168908,58.258679004225598,0.16835428081883877,True,0,25.125283648749907,0,84.896867299311126,25.125283648749907,84.896867299311126,True,True,1.0000000000000001e-09,True,False,11,Central_Coast|Hunter_Valley_exc_Newcastle|Newcastle_and_Lake_Macquarie|Sydney_City_and_Inner_South|Sydney_Eastern_Suburbs|Sydney_Inner_South_West|Sydney_Inner_West|Sydney_North_Sydney_and_Hornsby|Sydney_Northern_Beaches|Sydney_Parramatta|Sydney_Sutherland
au,Sydney_Ryde,LU,,20,100,0.5,MVA_equivalent_PF1,346.04809999999998,0.12446764645748185,43.071792568083318,0,0,True,0,0,0,0,0,0,True,True,1.0000000000000001e-09,True,True,11,Central_Coast|Hunter_Valley_exc_Newcastle|Newcastle_and_Lake_Macquarie|Sydney_City_and_Inner_South|Sydney_Eastern_Suburbs|Sydney_Inner_South_West|Sydney_Inner_West|Sydney_North_Sydney_and_Hornsby|Sydney_Northern_Beaches|Sydney_Parramatta|Sydney_Sutherland
au,Sydney_Ryde,LU,,20,300,0.5,MVA_equivalent_PF1,346.04809999999998,0.12446764645748185,43.071792568083318,0,0,True,0,0,0,0,0,0,True,True,1.0000000000000001e-09,True,True,11,Central_Coast|Hunter_Valley_exc_Newcastle|Newcastle_and_Lake_Macquarie|Sydney_City_and_Inner_South|Sydney_Eastern_Suburbs|Sydney_Inner_South_West|Sydney_Inner_West|Sydney_North_Sydney_and_Hornsby|Sydney_Northern_Beaches|Sydney_Parramatta|Sydney_Sutherland
au,Sydney_Ryde,LU,,20,500,0.5,MVA_equivalent_PF1,346.04809999999998,0.12446764645748185,43.071792568083318,0,0,True,0,0,0,0,0,0,True,True,1.0000000000000001e-09,True,True,11,Central_Coast|Hunter_Valley_exc_Newcastle|Newcastle_and_Lake_Macquarie|Sydney_City_and_Inner_South|Sydney_Eastern_Suburbs|Sydney_Inner_South_West|Sydney_Inner_West|Sydney_North_Sydney_and_Hornsby|Sydney_Northern_Beaches|Sydney_Parramatta|Sydney_Sutherland
au,Sydney_Ryde,LU,,20,100,0.80000000000000004,MVA_equivalent_PF1,346.04809999999998,0.19620928093451631,67.897848869755592,0,0,True,0,0,0,0,0,0,True,True,1.0000000000000001e-09,True,True,11,Central_Coast|Hunter_Valley_exc_Newcastle|Newcastle_and_Lake_Macquarie|Sydney_City_and_Inner_South|Sydney_Eastern_Suburbs|Sydney_Inner_South_West|Sydney_Inner_West|Sydney_North_Sydney_and_Hornsby|Sydney_Northern_Beaches|Sydney_Parramatta|Sydney_Sutherland
au,Sydney_Ryde,LU,,20,300,0.80000000000000004,MVA_equivalent_PF1,346.04809999999998,0.19620928093451631,67.897848869755592,0,0,True,0,0,0,0,0,0,True,True,1.0000000000000001e-09,True,True,11,Central_Coast|Hunter_Valley_exc_Newcastle|Newcastle_and_Lake_Macquarie|Sydney_City_and_Inner_South|Sydney_Eastern_Suburbs|Sydney_Inner_South_West|Sydney_Inner_West|Sydney_North_Sydney_and_Hornsby|Sydney_Northern_Beaches|Sydney_Parramatta|Sydney_Sutherland
au,Sydney_Ryde,LU,,20,500,0.80000000000000004,MVA_equivalent_PF1,346.04809999999998,0.19620928093451631,67.897848869755592,0,0,True,0,0,0,0,0,0,True,True,1.0000000000000001e-09,True,True,11,Central_Coast|Hunter_Valley_exc_Newcastle|Newcastle_and_Lake_Macquarie|Sydney_City_and_Inner_South|Sydney_Eastern_Suburbs|Sydney_Inner_South_West|Sydney_Inner_West|Sydney_North_Sydney_and_Hornsby|Sydney_Northern_Beaches|Sydney_Parramatta|Sydney_Sutherland
au,Sydney_Ryde,LU,,20,100,0.90000000000000002,MVA_equivalent_PF1,346.04809999999998,0.27311790403589015,94.511931767602107,0,0,True,0,0,0,0,0,0,True,True,1.0000000000000001e-09,True,True,11,Central_Coast|Hunter_Valley_exc_Newcastle|Newcastle_and_Lake_Macquarie|Sydney_City_and_Inner_South|Sydney_Eastern_Suburbs|Sydney_Inner_South_West|Sydney_Inner_West|Sydney_North_Sydney_and_Hornsby|Sydney_Northern_Beaches|Sydney_Parramatta|Sydney_Sutherland
au,Sydney_Ryde,LU,,20,300,0.90000000000000002,MVA_equivalent_PF1,346.04809999999998,0.27311790403589015,94.511931767602107,0,0,True,0,0,0,0,0,0,True,True,1.0000000000000001e-09,True,True,11,Central_Coast|Hunter_Valley_exc_Newcastle|Newcastle_and_Lake_Macquarie|Sydney_City_and_Inner_South|Sydney_Eastern_Suburbs|Sydney_Inner_South_West|Sydney_Inner_West|Sydney_North_Sydney_and_Hornsby|Sydney_Northern_Beaches|Sydney_Parramatta|Sydney_Sutherland
au,Sydney_Ryde,LU,,20,500,0.90000000000000002,MVA_equivalent_PF1,346.04809999999998,0.27311790403589015,94.511931767602107,0,0,True,0,0,0,0,0,0,True,True,1.0000000000000001e-09,True,True,11,Central_Coast|Hunter_Valley_exc_Newcastle|Newcastle_and_Lake_Macquarie|Sydney_City_and_Inner_South|Sydney_Eastern_Suburbs|Sydney_Inner_South_West|Sydney_Inner_West|Sydney_North_Sydney_and_Hornsby|Sydney_Northern_Beaches|Sydney_Parramatta|Sydney_Sutherland
au,Sydney_Ryde,LU,,20,100,1,MVA_equivalent_PF1,346.04809999999998,0.49327160243123641,170.69570080528473,0,0,True,0,0,0,0,0,0,True,True,1.0000000000000001e-09,True,True,11,Central_Coast|Hunter_Valley_exc_Newcastle|Newcastle_and_Lake_Macquarie|Sydney_City_and_Inner_South|Sydney_Eastern_Suburbs|Sydney_Inner_South_West|Sydney_Inner_West|Sydney_North_Sydney_and_Hornsby|Sydney_Northern_Beaches|Sydney_Parramatta|Sydney_Sutherland
au,Sydney_Ryde,LU,,20,300,1,MVA_equivalent_PF1,346.04809999999998,0.49327160243123641,170.69570080528473,0,0,True,0,0,0,0,0,0,True,True,1.0000000000000001e-09,True,True,11,Central_Coast|Hunter_Valley_exc_Newcastle|Newcastle_and_Lake_Macquarie|Sydney_City_and_Inner_South|Sydney_Eastern_Suburbs|Sydney_Inner_South_West|Sydney_Inner_West|Sydney_North_Sydney_and_Hornsby|Sydney_Northern_Beaches|Sydney_Parramatta|Sydney_Sutherland
au,Sydney_Ryde,LU,,20,500,1,MVA_equivalent_PF1,346.04809999999998,0.49327160243123641,170.69570080528473,0,0,True,0,0,0,0,0,0,True,True,1.0000000000000001e-09,True,True,11,Central_Coast|Hunter_Valley_exc_Newcastle|Newcastle_and_Lake_Macquarie|Sydney_City_and_Inner_South|Sydney_Eastern_Suburbs|Sydney_Inner_South_West|Sydney_Inner_West|Sydney_North_Sydney_and_Hornsby|Sydney_Northern_Beaches|Sydney_Parramatta|Sydney_Sutherland
au,Sydney_Ryde,GNN,42,10,100,0.5,MVA_equivalent_PF1,346.04809999999998,0.23482502810933484,81.260754809681913,63.921630608410567,0.18471891800131418,True,0,0,0,0,0,0,True,True,1.0000000000000001e-09,True,True,11,Central_Coast|Hunter_Valley_exc_Newcastle|Newcastle_and_Lake_Macquarie|Sydney_City_and_Inner_South|Sydney_Eastern_Suburbs|Sydney_Inner_South_West|Sydney_Inner_West|Sydney_North_Sydney_and_Hornsby|Sydney_Northern_Beaches|Sydney_Parramatta|Sydney_Sutherland
au,Sydney_Ryde,GNN,42,10,300,0.5,MVA_equivalent_PF1,346.04809999999998,0.23482502810933484,81.260754809681913,63.921630608410567,0.18471891800131418,True,0,0,0,0,0,0,True,True,1.0000000000000001e-09,True,True,11,Central_Coast|Hunter_Valley_exc_Newcastle|Newcastle_and_Lake_Macquarie|Sydney_City_and_Inner_South|Sydney_Eastern_Suburbs|Sydney_Inner_South_West|Sydney_Inner_West|Sydney_North_Sydney_and_Hornsby|Sydney_Northern_Beaches|Sydney_Parramatta|Sydney_Sutherland
au,Sydney_Ryde,GNN,42,10,500,0.5,MVA_equivalent_PF1,346.04809999999998,0.23482502810933484,81.260754809681913,63.921630608410567,0.18471891800131418,True,0,3.3257980050699314,0,14.792692378351632,3.3257980050699314,14.792692378351632,True,True,1.0000000000000001e-09,True,False,11,Central_Coast|Hunter_Valley_exc_Newcastle|Newcastle_and_Lake_Macquarie|Sydney_City_and_Inner_South|Sydney_Eastern_Suburbs|Sydney_Inner_South_West|Sydney_Inner_West|Sydney_North_Sydney_and_Hornsby|Sydney_Northern_Beaches|Sydney_Parramatta|Sydney_Sutherland
au,Sydney_Ryde,GNN,42,10,100,0.80000000000000004,MVA_equivalent_PF1,346.04809999999998,0.45237314614858387,156.54286771573976,63.921630608410567,0.18471891800131418,True,0,0,0,0,0,0,True,True,1.0000000000000001e-09,True,True,11,Central_Coast|Hunter_Valley_exc_Newcastle|Newcastle_and_Lake_Macquarie|Sydney_City_and_Inner_South|Sydney_Eastern_Suburbs|Sydney_Inner_South_West|Sydney_Inner_West|Sydney_North_Sydney_and_Hornsby|Sydney_Northern_Beaches|Sydney_Parramatta|Sydney_Sutherland
au,Sydney_Ryde,GNN,42,10,300,0.80000000000000004,MVA_equivalent_PF1,346.04809999999998,0.45237314614858387,156.54286771573976,63.921630608410567,0.18471891800131418,True,0,0,0,0,0,0,True,True,1.0000000000000001e-09,True,True,11,Central_Coast|Hunter_Valley_exc_Newcastle|Newcastle_and_Lake_Macquarie|Sydney_City_and_Inner_South|Sydney_Eastern_Suburbs|Sydney_Inner_South_West|Sydney_Inner_West|Sydney_North_Sydney_and_Hornsby|Sydney_Northern_Beaches|Sydney_Parramatta|Sydney_Sutherland
au,Sydney_Ryde,GNN,42,10,500,0.80000000000000004,MVA_equivalent_PF1,346.04809999999998,0.45237314614858387,156.54286771573976,63.921630608410567,0.18471891800131418,True,0,21.2622609063399,0,75.171179252825098,21.2622609063399,75.171179252825098,True,True,1.0000000000000001e-09,True,False,11,Central_Coast|Hunter_Valley_exc_Newcastle|Newcastle_and_Lake_Macquarie|Sydney_City_and_Inner_South|Sydney_Eastern_Suburbs|Sydney_Inner_South_West|Sydney_Inner_West|Sydney_North_Sydney_and_Hornsby|Sydney_Northern_Beaches|Sydney_Parramatta|Sydney_Sutherland
au,Sydney_Ryde,GNN,42,10,100,0.90000000000000002,MVA_equivalent_PF1,346.04809999999998,0.53510168569732042,185.1709216423549,63.921630608410567,0.18471891800131418,True,0,0,0,0,0,0,True,True,1.0000000000000001e-09,True,True,11,Central_Coast|Hunter_Valley_exc_Newcastle|Newcastle_and_Lake_Macquarie|Sydney_City_and_Inner_South|Sydney_Eastern_Suburbs|Sydney_Inner_South_West|Sydney_Inner_West|Sydney_North_Sydney_and_Hornsby|Sydney_Northern_Beaches|Sydney_Parramatta|Sydney_Sutherland
au,Sydney_Ryde,GNN,42,10,300,0.90000000000000002,MVA_equivalent_PF1,346.04809999999998,0.53510168569732042,185.1709216423549,63.921630608410567,0.18471891800131418,True,0,0,0,0,0,0,True,True,1.0000000000000001e-09,True,True,11,Central_Coast|Hunter_Valley_exc_Newcastle|Newcastle_and_Lake_Macquarie|Sydney_City_and_Inner_South|Sydney_Eastern_Suburbs|Sydney_Inner_South_West|Sydney_Inner_West|Sydney_North_Sydney_and_Hornsby|Sydney_Northern_Beaches|Sydney_Parramatta|Sydney_Sutherland
au,Sydney_Ryde,GNN,42,10,500,0.90000000000000002,MVA_equivalent_PF1,346.04809999999998,0.53510168569732042,185.1709216423549,63.921630608410567,0.18471891800131418,True,0,29.255672696970318,0,103.79923317944026,29.255672696970318,103.79923317944026,True,True,1.0000000000000001e-09,True,False,11,Central_Coast|Hunter_Valley_exc_Newcastle|Newcastle_and_Lake_Macquarie|Sydney_City_and_Inner_South|Sydney_Eastern_Suburbs|Sydney_Inner_South_West|Sydney_Inner_West|Sydney_North_Sydney_and_Hornsby|Sydney_Northern_Beaches|Sydney_Parramatta|Sydney_Sutherland
au,Sydney_Ryde,GNN,42,10,100,1,MVA_equivalent_PF1,346.04809999999998,0.58475619670486811,202.35377083294586,63.921630608410567,0.18471891800131418,True,0,0,0,0,0,0,True,True,1.0000000000000001e-09,True,True,11,Central_Coast|Hunter_Valley_exc_Newcastle|Newcastle_and_Lake_Macquarie|Sydney_City_and_Inner_South|Sydney_Eastern_Suburbs|Sydney_Inner_South_West|Sydney_Inner_West|Sydney_North_Sydney_and_Hornsby|Sydney_Northern_Beaches|Sydney_Parramatta|Sydney_Sutherland
au,Sydney_Ryde,GNN,42,10,300,1,MVA_equivalent_PF1,346.04809999999998,0.58475619670486811,202.35377083294586,63.921630608410567,0.18471891800131418,True,0,0,0,0,0,0,True,True,1.0000000000000001e-09,True,True,11,Central_Coast|Hunter_Valley_exc_Newcastle|Newcastle_and_Lake_Macquarie|Sydney_City_and_Inner_South|Sydney_Eastern_Suburbs|Sydney_Inner_South_West|Sydney_Inner_West|Sydney_North_Sydney_and_Hornsby|Sydney_Northern_Beaches|Sydney_Parramatta|Sydney_Sutherland
au,Sydney_Ryde,GNN,42,10,500,1,MVA_equivalent_PF1,346.04809999999998,0.58475619670486811,202.35377083294586,63.921630608410567,0.18471891800131418,True,0,44.516921539168514,0,120.98208237003121,44.516921539168514,120.98208237003121,True,True,1.0000000000000001e-09,True,False,11,Central_Coast|Hunter_Valley_exc_Newcastle|Newcastle_and_Lake_Macquarie|Sydney_City_and_Inner_South|Sydney_Eastern_Suburbs|Sydney_Inner_South_West|Sydney_Inner_West|Sydney_North_Sydney_and_Hornsby|Sydney_Northern_Beaches|Sydney_Parramatta|Sydney_Sutherland
au,Sydney_Ryde,GNN,42,20,100,0.5,MVA_equivalent_PF1,346.04809999999998,0.10517103541590131,36.394236980705358,0,0,True,0,0,0,0,0,0,True,True,1.0000000000000001e-09,True,True,11,Central_Coast|Hunter_Valley_exc_Newcastle|Newcastle_and_Lake_Macquarie|Sydney_City_and_Inner_South|Sydney_Eastern_Suburbs|Sydney_Inner_South_West|Sydney_Inner_West|Sydney_North_Sydney_and_Hornsby|Sydney_Northern_Beaches|Sydney_Parramatta|Sydney_Sutherland
au,Sydney_Ryde,GNN,42,20,300,0.5,MVA_equivalent_PF1,346.04809999999998,0.10517103541590131,36.394236980705358,0,0,True,0,0,0,0,0,0,True,True,1.0000000000000001e-09,True,True,11,Central_Coast|Hunter_Valley_exc_Newcastle|Newcastle_and_Lake_Macquarie|Sydney_City_and_Inner_South|Sydney_Eastern_Suburbs|Sydney_Inner_South_West|Sydney_Inner_West|Sydney_North_Sydney_and_Hornsby|Sydney_Northern_Beaches|Sydney_Parramatta|Sydney_Sutherland
au,Sydney_Ryde,GNN,42,20,500,0.5,MVA_equivalent_PF1,346.04809999999998,0.10517103541590131,36.394236980705358,0,0,True,0,0,0,0,0,0,True,True,1.0000000000000001e-09,True,True,11,Central_Coast|Hunter_Valley_exc_Newcastle|Newcastle_and_Lake_Macquarie|Sydney_City_and_Inner_South|Sydney_Eastern_Suburbs|Sydney_Inner_South_West|Sydney_Inner_West|Sydney_North_Sydney_and_Hornsby|Sydney_Northern_Beaches|Sydney_Parramatta|Sydney_Sutherland
au,Sydney_Ryde,GNN,42,20,100,0.80000000000000004,MVA_equivalent_PF1,346.04809999999998,0.25155565525979678,87.050356546907679,0,0,True,0,0,0,0,0,0,True,True,1.0000000000000001e-09,True,True,11,Central_Coast|Hunter_Valley_exc_Newcastle|Newcastle_and_Lake_Macquarie|Sydney_City_and_Inner_South|Sydney_Eastern_Suburbs|Sydney_Inner_South_West|Sydney_Inner_West|Sydney_North_Sydney_and_Hornsby|Sydney_Northern_Beaches|Sydney_Parramatta|Sydney_Sutherland
au,Sydney_Ryde,GNN,42,20,300,0.80000000000000004,MVA_equivalent_PF1,346.04809999999998,0.25155565525979678,87.050356546907679,0,0,True,0,0,0,0,0,0,True,True,1.0000000000000001e-09,True,True,11,Central_Coast|Hunter_Valley_exc_Newcastle|Newcastle_and_Lake_Macquarie|Sydney_City_and_Inner_South|Sydney_Eastern_Suburbs|Sydney_Inner_South_West|Sydney_Inner_West|Sydney_North_Sydney_and_Hornsby|Sydney_Northern_Beaches|Sydney_Parramatta|Sydney_Sutherland
au,Sydney_Ryde,GNN,42,20,500,0.80000000000000004,MVA_equivalent_PF1,346.04809999999998,0.25155565525979678,87.050356546907679,0,0,True,0,0,0,0,0,0,True,True,1.0000000000000001e-09,True,True,11,Central_Coast|Hunter_Valley_exc_Newcastle|Newcastle_and_Lake_Macquarie|Sydney_City_and_Inner_South|Sydney_Eastern_Suburbs|Sydney_Inner_South_West|Sydney_Inner_West|Sydney_North_Sydney_and_Hornsby|Sydney_Northern_Beaches|Sydney_Parramatta|Sydney_Sutherland
au,Sydney_Ryde,GNN,42,20,100,0.90000000000000002,MVA_equivalent_PF1,346.04809999999998,0.50129439675573606,173.47197353796861,0,0,True,0,0,0,0,0,0,True,True,1.0000000000000001e-09,True,True,11,Central_Coast|Hunter_Valley_exc_Newcastle|Newcastle_and_Lake_Macquarie|Sydney_City_and_Inner_South|Sydney_Eastern_Suburbs|Sydney_Inner_South_West|Sydney_Inner_West|Sydney_North_Sydney_and_Hornsby|Sydney_Northern_Beaches|Sydney_Parramatta|Sydney_Sutherland
au,Sydney_Ryde,GNN,42,20,300,0.90000000000000002,MVA_equivalent_PF1,346.04809999999998,0.50129439675573606,173.47197353796861,0,0,True,0,0,0,0,0,0,True,True,1.0000000000000001e-09,True,True,11,Central_Coast|Hunter_Valley_exc_Newcastle|Newcastle_and_Lake_Macquarie|Sydney_City_and_Inner_South|Sydney_Eastern_Suburbs|Sydney_Inner_South_West|Sydney_Inner_West|Sydney_North_Sydney_and_Hornsby|Sydney_Northern_Beaches|Sydney_Parramatta|Sydney_Sutherland
au,Sydney_Ryde,GNN,42,20,500,0.90000000000000002,MVA_equivalent_PF1,346.04809999999998,0.50129439675573606,173.47197353796861,0,0,True,0,0,0,0,0,0,True,True,1.0000000000000001e-09,True,True,11,Central_Coast|Hunter_Valley_exc_Newcastle|Newcastle_and_Lake_Macquarie|Sydney_City_and_Inner_South|Sydney_Eastern_Suburbs|Sydney_Inner_South_West|Sydney_Inner_West|Sydney_North_Sydney_and_Hornsby|Sydney_Northern_Beaches|Sydney_Parramatta|Sydney_Sutherland
au,Sydney_Ryde,GNN,42,20,100,1,MVA_equivalent_PF1,346.04809999999998,0.52981960863964972,183.34306891249435,0,0,True,0,0,0,0,0,0,True,True,1.0000000000000001e-09,True,True,11,Central_Coast|Hunter_Valley_exc_Newcastle|Newcastle_and_Lake_Macquarie|Sydney_City_and_Inner_South|Sydney_Eastern_Suburbs|Sydney_Inner_South_West|Sydney_Inner_West|Sydney_North_Sydney_and_Hornsby|Sydney_Northern_Beaches|Sydney_Parramatta|Sydney_Sutherland
au,Sydney_Ryde,GNN,42,20,300,1,MVA_equivalent_PF1,346.04809999999998,0.52981960863964972,183.34306891249435,0,0,True,0,0,0,0,0,0,True,True,1.0000000000000001e-09,True,True,11,Central_Coast|Hunter_Valley_exc_Newcastle|Newcastle_and_Lake_Macquarie|Sydney_City_and_Inner_South|Sydney_Eastern_Suburbs|Sydney_Inner_South_West|Sydney_Inner_West|Sydney_North_Sydney_and_Hornsby|Sydney_Northern_Beaches|Sydney_Parramatta|Sydney_Sutherland
au,Sydney_Ryde,GNN,42,20,500,1,MVA_equivalent_PF1,346.04809999999998,0.52981960863964972,183.34306891249435,0,0,True,0,0,0,0,0,0,True,True,1.0000000000000001e-09,True,True,11,Central_Coast|Hunter_Valley_exc_Newcastle|Newcastle_and_Lake_Macquarie|Sydney_City_and_Inner_South|Sydney_Eastern_Suburbs|Sydney_Inner_South_West|Sydney_Inner_West|Sydney_North_Sydney_and_Hornsby|Sydney_Northern_Beaches|Sydney_Parramatta|Sydney_Sutherland
au,Sydney_Ryde,GNN,123,10,100,0.5,MVA_equivalent_PF1,346.04809999999998,0.21541814313622729,74.545039137819487,63.812781885341792,0.184404370043765,True,0,0,0,0,0,0,True,True,1.0000000000000001e-09,True,True,11,Central_Coast|Hunter_Valley_exc_Newcastle|Newcastle_and_Lake_Macquarie|Sydney_City_and_Inner_South|Sydney_Eastern_Suburbs|Sydney_Inner_South_West|Sydney_Inner_West|Sydney_North_Sydney_and_Hornsby|Sydney_Northern_Beaches|Sydney_Parramatta|Sydney_Sutherland
au,Sydney_Ryde,GNN,123,10,300,0.5,MVA_equivalent_PF1,346.04809999999998,0.21541814313622729,74.545039137819487,63.812781885341792,0.184404370043765,True,0,0,0,0,0,0,True,True,1.0000000000000001e-09,True,True,11,Central_Coast|Hunter_Valley_exc_Newcastle|Newcastle_and_Lake_Macquarie|Sydney_City_and_Inner_South|Sydney_Eastern_Suburbs|Sydney_Inner_South_West|Sydney_Inner_West|Sydney_North_Sydney_and_Hornsby|Sydney_Northern_Beaches|Sydney_Parramatta|Sydney_Sutherland
au,Sydney_Ryde,GNN,123,10,500,0.5,MVA_equivalent_PF1,346.04809999999998,0.21541814313622729,74.545039137819487,63.812781885341792,0.184404370043765,True,0,2.1669838595784965,0,11.060641782951018,2.1669838595784965,11.060641782951018,True,True,1.0000000000000001e-09,True,False,11,Central_Coast|Hunter_Valley_exc_Newcastle|Newcastle_and_Lake_Macquarie|Sydney_City_and_Inner_South|Sydney_Eastern_Suburbs|Sydney_Inner_South_West|Sydney_Inner_West|Sydney_North_Sydney_and_Hornsby|Sydney_Northern_Beaches|Sydney_Parramatta|Sydney_Sutherland
au,Sydney_Ryde,GNN,123,10,100,0.80000000000000004,MVA_equivalent_PF1,346.04809999999998,0.34821629882811056,120.49958859849988,63.812781885341792,0.184404370043765,True,0,0,0,0,0,0,True,True,1.0000000000000001e-09,True,True,11,Central_Coast|Hunter_Valley_exc_Newcastle|Newcastle_and_Lake_Macquarie|Sydney_City_and_Inner_South|Sydney_Eastern_Suburbs|Sydney_Inner_South_West|Sydney_Inner_West|Sydney_North_Sydney_and_Hornsby|Sydney_Northern_Beaches|Sydney_Parramatta|Sydney_Sutherland
au,Sydney_Ryde,GNN,123,10,300,0.80000000000000004,MVA_equivalent_PF1,346.04809999999998,0.34821629882811056,120.49958859849988,63.812781885341792,0.184404370043765,True,0,0,0,0,0,0,True,True,1.0000000000000001e-09,True,True,11,Central_Coast|Hunter_Valley_exc_Newcastle|Newcastle_and_Lake_Macquarie|Sydney_City_and_Inner_South|Sydney_Eastern_Suburbs|Sydney_Inner_South_West|Sydney_Inner_West|Sydney_North_Sydney_and_Hornsby|Sydney_Northern_Beaches|Sydney_Parramatta|Sydney_Sutherland
au,Sydney_Ryde,GNN,123,10,500,0.80000000000000004,MVA_equivalent_PF1,346.04809999999998,0.34821629882811056,120.49958859849988,63.812781885341792,0.184404370043765,True,0,11.279746567604517,0,38.690757581100037,11.279746567604517,38.690757581100037,True,True,1.0000000000000001e-09,True,False,11,Central_Coast|Hunter_Valley_exc_Newcastle|Newcastle_and_Lake_Macquarie|Sydney_City_and_Inner_South|Sydney_Eastern_Suburbs|Sydney_Inner_South_West|Sydney_Inner_West|Sydney_North_Sydney_and_Hornsby|Sydney_Northern_Beaches|Sydney_Parramatta|Sydney_Sutherland
au,Sydney_Ryde,GNN,123,10,100,0.90000000000000002,MVA_equivalent_PF1,346.04809999999998,0.37061202851314679,128.24958830412027,63.812781885341792,0.184404370043765,True,0,0,0,0,0,0,True,True,1.0000000000000001e-09,True,True,11,Central_Coast|Hunter_Valley_exc_Newcastle|Newcastle_and_Lake_Macquarie|Sydney_City_and_Inner_South|Sydney_Eastern_Suburbs|Sydney_Inner_South_West|Sydney_Inner_West|Sydney_North_Sydney_and_Hornsby|Sydney_Northern_Beaches|Sydney_Parramatta|Sydney_Sutherland
au,Sydney_Ryde,GNN,123,10,300,0.90000000000000002,MVA_equivalent_PF1,346.04809999999998,0.37061202851314679,128.24958830412027,63.812781885341792,0.184404370043765,True,0,0,0,0,0,0,True,True,1.0000000000000001e-09,True,True,11,Central_Coast|Hunter_Valley_exc_Newcastle|Newcastle_and_Lake_Macquarie|Sydney_City_and_Inner_South|Sydney_Eastern_Suburbs|Sydney_Inner_South_West|Sydney_Inner_West|Sydney_North_Sydney_and_Hornsby|Sydney_Northern_Beaches|Sydney_Parramatta|Sydney_Sutherland
au,Sydney_Ryde,GNN,123,10,500,0.90000000000000002,MVA_equivalent_PF1,346.04809999999998,0.37061202851314679,128.24958830412027,63.812781885341792,0.184404370043765,True,0,13.298835909874077,0,46.440757286720412,13.298835909874077,46.440757286720412,True,True,1.0000000000000001e-09,True,False,11,Central_Coast|Hunter_Valley_exc_Newcastle|Newcastle_and_Lake_Macquarie|Sydney_City_and_Inner_South|Sydney_Eastern_Suburbs|Sydney_Inner_South_West|Sydney_Inner_West|Sydney_North_Sydney_and_Hornsby|Sydney_Northern_Beaches|Sydney_Parramatta|Sydney_Sutherland
au,Sydney_Ryde,GNN,123,10,100,1,MVA_equivalent_PF1,346.04809999999998,0.38396670436305569,132.87094850809711,63.812781885341792,0.184404370043765,True,0,0,0,0,0,0,True,True,1.0000000000000001e-09,True,True,11,Central_Coast|Hunter_Valley_exc_Newcastle|Newcastle_and_Lake_Macquarie|Sydney_City_and_Inner_South|Sydney_Eastern_Suburbs|Sydney_Inner_South_West|Sydney_Inner_West|Sydney_North_Sydney_and_Hornsby|Sydney_Northern_Beaches|Sydney_Parramatta|Sydney_Sutherland
au,Sydney_Ryde,GNN,123,10,300,1,MVA_equivalent_PF1,346.04809999999998,0.38396670436305569,132.87094850809711,63.812781885341792,0.184404370043765,True,0,0,0,0,0,0,True,True,1.0000000000000001e-09,True,True,11,Central_Coast|Hunter_Valley_exc_Newcastle|Newcastle_and_Lake_Macquarie|Sydney_City_and_Inner_South|Sydney_Eastern_Suburbs|Sydney_Inner_South_West|Sydney_Inner_West|Sydney_North_Sydney_and_Hornsby|Sydney_Northern_Beaches|Sydney_Parramatta|Sydney_Sutherland
au,Sydney_Ryde,GNN,123,10,500,1,MVA_equivalent_PF1,346.04809999999998,0.38396670436305569,132.87094850809711,63.812781885341792,0.184404370043765,True,0,14.546420733016946,0,51.062117490697268,14.546420733016946,51.062117490697268,True,True,1.0000000000000001e-09,True,False,11,Central_Coast|Hunter_Valley_exc_Newcastle|Newcastle_and_Lake_Macquarie|Sydney_City_and_Inner_South|Sydney_Eastern_Suburbs|Sydney_Inner_South_West|Sydney_Inner_West|Sydney_North_Sydney_and_Hornsby|Sydney_Northern_Beaches|Sydney_Parramatta|Sydney_Sutherland
au,Sydney_Ryde,GNN,123,20,100,0.5,MVA_equivalent_PF1,346.04809999999998,0.11578186834347499,40.066095554709669,0,0,True,0,0,0,0,0,0,True,True,1.0000000000000001e-09,True,True,11,Central_Coast|Hunter_Valley_exc_Newcastle|Newcastle_and_Lake_Macquarie|Sydney_City_and_Inner_South|Sydney_Eastern_Suburbs|Sydney_Inner_South_West|Sydney_Inner_West|Sydney_North_Sydney_and_Hornsby|Sydney_Northern_Beaches|Sydney_Parramatta|Sydney_Sutherland
au,Sydney_Ryde,GNN,123,20,300,0.5,MVA_equivalent_PF1,346.04809999999998,0.11578186834347499,40.066095554709669,0,0,True,0,0,0,0,0,0,True,True,1.0000000000000001e-09,True,True,11,Central_Coast|Hunter_Valley_exc_Newcastle|Newcastle_and_Lake_Macquarie|Sydney_City_and_Inner_South|Sydney_Eastern_Suburbs|Sydney_Inner_South_West|Sydney_Inner_West|Sydney_North_Sydney_and_Hornsby|Sydney_Northern_Beaches|Sydney_Parramatta|Sydney_Sutherland
au,Sydney_Ryde,GNN,123,20,500,0.5,MVA_equivalent_PF1,346.04809999999998,0.11578186834347499,40.066095554709669,0,0,True,0,0,0,0,0,0,True,True,1.0000000000000001e-09,True,True,11,Central_Coast|Hunter_Valley_exc_Newcastle|Newcastle_and_Lake_Macquarie|Sydney_City_and_Inner_South|Sydney_Eastern_Suburbs|Sydney_Inner_South_West|Sydney_Inner_West|Sydney_North_Sydney_and_Hornsby|Sydney_Northern_Beaches|Sydney_Parramatta|Sydney_Sutherland
au,Sydney_Ryde,GNN,123,20,100,0.80000000000000004,MVA_equivalent_PF1,346.04809999999998,0.22323888111487536,77.251390655928489,0,0,True,0,0,0,0,0,0,True,True,1.0000000000000001e-09,True,True,11,Central_Coast|Hunter_Valley_exc_Newcastle|Newcastle_and_Lake_Macquarie|Sydney_City_and_Inner_South|Sydney_Eastern_Suburbs|Sydney_Inner_South_West|Sydney_Inner_West|Sydney_North_Sydney_and_Hornsby|Sydney_Northern_Beaches|Sydney_Parramatta|Sydney_Sutherland
au,Sydney_Ryde,GNN,123,20,300,0.80000000000000004,MVA_equivalent_PF1,346.04809999999998,0.22323888111487536,77.251390655928489,0,0,True,0,0,0,0,0,0,True,True,1.0000000000000001e-09,True,True,11,Central_Coast|Hunter_Valley_exc_Newcastle|Newcastle_and_Lake_Macquarie|Sydney_City_and_Inner_South|Sydney_Eastern_Suburbs|Sydney_Inner_South_West|Sydney_Inner_West|Sydney_North_Sydney_and_Hornsby|Sydney_Northern_Beaches|Sydney_Parramatta|Sydney_Sutherland
au,Sydney_Ryde,GNN,123,20,500,0.80000000000000004,MVA_equivalent_PF1,346.04809999999998,0.22323888111487536,77.251390655928489,0,0,True,0,0,0,0,0,0,True,True,1.0000000000000001e-09,True,True,11,Central_Coast|Hunter_Valley_exc_Newcastle|Newcastle_and_Lake_Macquarie|Sydney_City_and_Inner_South|Sydney_Eastern_Suburbs|Sydney_Inner_South_West|Sydney_Inner_West|Sydney_North_Sydney_and_Hornsby|Sydney_Northern_Beaches|Sydney_Parramatta|Sydney_Sutherland
au,Sydney_Ryde,GNN,123,20,100,0.90000000000000002,MVA_equivalent_PF1,346.04809999999998,0.26075909777749601,90.235190343616708,0,0,True,0,0,0,0,0,0,True,True,1.0000000000000001e-09,True,True,11,Central_Coast|Hunter_Valley_exc_Newcastle|Newcastle_and_Lake_Macquarie|Sydney_City_and_Inner_South|Sydney_Eastern_Suburbs|Sydney_Inner_South_West|Sydney_Inner_West|Sydney_North_Sydney_and_Hornsby|Sydney_Northern_Beaches|Sydney_Parramatta|Sydney_Sutherland
au,Sydney_Ryde,GNN,123,20,300,0.90000000000000002,MVA_equivalent_PF1,346.04809999999998,0.26075909777749601,90.235190343616708,0,0,True,0,0,0,0,0,0,True,True,1.0000000000000001e-09,True,True,11,Central_Coast|Hunter_Valley_exc_Newcastle|Newcastle_and_Lake_Macquarie|Sydney_City_and_Inner_South|Sydney_Eastern_Suburbs|Sydney_Inner_South_West|Sydney_Inner_West|Sydney_North_Sydney_and_Hornsby|Sydney_Northern_Beaches|Sydney_Parramatta|Sydney_Sutherland
au,Sydney_Ryde,GNN,123,20,500,0.90000000000000002,MVA_equivalent_PF1,346.04809999999998,0.26075909777749601,90.235190343616708,0,0,True,0,0,0,0,0,0,True,True,1.0000000000000001e-09,True,True,11,Central_Coast|Hunter_Valley_exc_Newcastle|Newcastle_and_Lake_Macquarie|Sydney_City_and_Inner_South|Sydney_Eastern_Suburbs|Sydney_Inner_South_West|Sydney_Inner_West|Sydney_North_Sydney_and_Hornsby|Sydney_Northern_Beaches|Sydney_Parramatta|Sydney_Sutherland
au,Sydney_Ryde,GNN,123,20,100,1,MVA_equivalent_PF1,346.04809999999998,0.5565618206190055,192.59716055774766,0,0,True,0,0,0,0,0,0,True,True,1.0000000000000001e-09,True,True,11,Central_Coast|Hunter_Valley_exc_Newcastle|Newcastle_and_Lake_Macquarie|Sydney_City_and_Inner_South|Sydney_Eastern_Suburbs|Sydney_Inner_South_West|Sydney_Inner_West|Sydney_North_Sydney_and_Hornsby|Sydney_Northern_Beaches|Sydney_Parramatta|Sydney_Sutherland
au,Sydney_Ryde,GNN,123,20,300,1,MVA_equivalent_PF1,346.04809999999998,0.5565618206190055,192.59716055774766,0,0,True,0,0,0,0,0,0,True,True,1.0000000000000001e-09,True,True,11,Central_Coast|Hunter_Valley_exc_Newcastle|Newcastle_and_Lake_Macquarie|Sydney_City_and_Inner_South|Sydney_Eastern_Suburbs|Sydney_Inner_South_West|Sydney_Inner_West|Sydney_North_Sydney_and_Hornsby|Sydney_Northern_Beaches|Sydney_Parramatta|Sydney_Sutherland
au,Sydney_Ryde,GNN,123,20,500,1,MVA_equivalent_PF1,346.04809999999998,0.5565618206190055,192.59716055774766,0,0,True,0,5.9034105577477476,0,5.9034105577477476,5.9034105577477476,5.9034105577477476,True,True,1.0000000000000001e-09,True,False,11,Central_Coast|Hunter_Valley_exc_Newcastle|Newcastle_and_Lake_Macquarie|Sydney_City_and_Inner_South|Sydney_Eastern_Suburbs|Sydney_Inner_South_West|Sydney_Inner_West|Sydney_North_Sydney_and_Hornsby|Sydney_Northern_Beaches|Sydney_Parramatta|Sydney_Sutherland
au,Sydney_Ryde,GNN,456,10,100,0.5,MVA_equivalent_PF1,346.04809999999998,0.33368561973054411,115.47127470507729,63.877790782784359,0.18459223091467447,True,0,0,0,0,0,0,True,True,1.0000000000000001e-09,True,True,11,Central_Coast|Hunter_Valley_exc_Newcastle|Newcastle_and_Lake_Macquarie|Sydney_City_and_Inner_South|Sydney_Eastern_Suburbs|Sydney_Inner_South_West|Sydney_Inner_West|Sydney_North_Sydney_and_Hornsby|Sydney_Northern_Beaches|Sydney_Parramatta|Sydney_Sutherland
au,Sydney_Ryde,GNN,456,10,300,0.5,MVA_equivalent_PF1,346.04809999999998,0.33368561973054411,115.47127470507729,63.877790782784359,0.18459223091467447,True,0,0,0,0,0,0,True,True,1.0000000000000001e-09,True,True,11,Central_Coast|Hunter_Valley_exc_Newcastle|Newcastle_and_Lake_Macquarie|Sydney_City_and_Inner_South|Sydney_Eastern_Suburbs|Sydney_Inner_South_West|Sydney_Inner_West|Sydney_North_Sydney_and_Hornsby|Sydney_Northern_Beaches|Sydney_Parramatta|Sydney_Sutherland
au,Sydney_Ryde,GNN,456,10,500,0.5,MVA_equivalent_PF1,346.04809999999998,0.33368561973054411,115.47127470507729,63.877790782784359,0.18459223091467447,True,0,10.062332166412656,0,34.551643977604144,10.062332166412656,34.551643977604144,True,True,1.0000000000000001e-09,True,False,11,Central_Coast|Hunter_Valley_exc_Newcastle|Newcastle_and_Lake_Macquarie|Sydney_City_and_Inner_South|Sydney_Eastern_Suburbs|Sydney_Inner_South_West|Sydney_Inner_West|Sydney_North_Sydney_and_Hornsby|Sydney_Northern_Beaches|Sydney_Parramatta|Sydney_Sutherland
au,Sydney_Ryde,GNN,456,10,100,0.80000000000000004,MVA_equivalent_PF1,346.04809999999998,0.42134464876692135,145.80551515096047,63.877790782784359,0.18459223091467447,True,0,0,0,0,0,0,True,True,1.0000000000000001e-09,True,True,11,Central_Coast|Hunter_Valley_exc_Newcastle|Newcastle_and_Lake_Macquarie|Sydney_City_and_Inner_South|Sydney_Eastern_Suburbs|Sydney_Inner_South_West|Sydney_Inner_West|Sydney_North_Sydney_and_Hornsby|Sydney_Northern_Beaches|Sydney_Parramatta|Sydney_Sutherland
au,Sydney_Ryde,GNN,456,10,300,0.80000000000000004,MVA_equivalent_PF1,346.04809999999998,0.42134464876692135,145.80551515096047,63.877790782784359,0.18459223091467447,True,0,0,0,0,0,0,True,True,1.0000000000000001e-09,True,True,11,Central_Coast|Hunter_Valley_exc_Newcastle|Newcastle_and_Lake_Macquarie|Sydney_City_and_Inner_South|Sydney_Eastern_Suburbs|Sydney_Inner_South_West|Sydney_Inner_West|Sydney_North_Sydney_and_Hornsby|Sydney_Northern_Beaches|Sydney_Parramatta|Sydney_Sutherland
au,Sydney_Ryde,GNN,456,10,500,0.80000000000000004,MVA_equivalent_PF1,346.04809999999998,0.42134464876692135,145.80551515096047,63.877790782784359,0.18459223091467447,True,0,18.377986114980288,0,64.885884423487312,18.377986114980288,64.885884423487312,True,True,1.0000000000000001e-09,True,False,11,Central_Coast|Hunter_Valley_exc_Newcastle|Newcastle_and_Lake_Macquarie|Sydney_City_and_Inner_South|Sydney_Eastern_Suburbs|Sydney_Inner_South_West|Sydney_Inner_West|Sydney_North_Sydney_and_Hornsby|Sydney_Northern_Beaches|Sydney_Parramatta|Sydney_Sutherland
au,Sydney_Ryde,GNN,456,10,100,0.90000000000000002,MVA_equivalent_PF1,346.04809999999998,0.56026948450350456,193.88019060041719,63.877790782784359,0.18459223091467447,True,0,0,0,0,0,0,True,True,1.0000000000000001e-09,True,True,11,Central_Coast|Hunter_Valley_exc_Newcastle|Newcastle_and_Lake_Macquarie|Sydney_City_and_Inner_South|Sydney_Eastern_Suburbs|Sydney_Inner_South_West|Sydney_Inner_West|Sydney_North_Sydney_and_Hornsby|Sydney_Northern_Beaches|Sydney_Parramatta|Sydney_Sutherland
au,Sydney_Ryde,GNN,456,10,300,0.90000000000000002,MVA_equivalent_PF1,346.04809999999998,0.56026948450350456,193.88019060041719,63.877790782784359,0.18459223091467447,True,0,0,0,0,0,0,True,True,1.0000000000000001e-09,True,True,11,Central_Coast|Hunter_Valley_exc_Newcastle|Newcastle_and_Lake_Macquarie|Sydney_City_and_Inner_South|Sydney_Eastern_Suburbs|Sydney_Inner_South_West|Sydney_Inner_West|Sydney_North_Sydney_and_Hornsby|Sydney_Northern_Beaches|Sydney_Parramatta|Sydney_Sutherland
au,Sydney_Ryde,GNN,456,10,500,0.90000000000000002,MVA_equivalent_PF1,346.04809999999998,0.56026948450350456,193.88019060041719,63.877790782784359,0.18459223091467447,True,0,36.277735449426267,0,112.9605598729441,36.277735449426267,112.9605598729441,True,True,1.0000000000000001e-09,True,False,11,Central_Coast|Hunter_Valley_exc_Newcastle|Newcastle_and_Lake_Macquarie|Sydney_City_and_Inner_South|Sydney_Eastern_Suburbs|Sydney_Inner_South_West|Sydney_Inner_West|Sydney_North_Sydney_and_Hornsby|Sydney_Northern_Beaches|Sydney_Parramatta|Sydney_Sutherland
au,Sydney_Ryde,GNN,456,10,100,1,MVA_equivalent_PF1,346.04809999999998,0.59205489131675215,204.87947023586855,63.877790782784359,0.18459223091467447,True,0,0,0,0,0,0,True,True,1.0000000000000001e-09,True,True,11,Central_Coast|Hunter_Valley_exc_Newcastle|Newcastle_and_Lake_Macquarie|Sydney_City_and_Inner_South|Sydney_Eastern_Suburbs|Sydney_Inner_South_West|Sydney_Inner_West|Sydney_North_Sydney_and_Hornsby|Sydney_Northern_Beaches|Sydney_Parramatta|Sydney_Sutherland
au,Sydney_Ryde,GNN,456,10,300,1,MVA_equivalent_PF1,346.04809999999998,0.59205489131675215,204.87947023586855,63.877790782784359,0.18459223091467447,True,0,0,0,0,0,0,True,True,1.0000000000000001e-09,True,True,11,Central_Coast|Hunter_Valley_exc_Newcastle|Newcastle_and_Lake_Macquarie|Sydney_City_and_Inner_South|Sydney_Eastern_Suburbs|Sydney_Inner_South_West|Sydney_Inner_West|Sydney_North_Sydney_and_Hornsby|Sydney_Northern_Beaches|Sydney_Parramatta|Sydney_Sutherland
au,Sydney_Ryde,GNN,456,10,500,1,MVA_equivalent_PF1,346.04809999999998,0.59205489131675215,204.87947023586855,63.877790782784359,0.18459223091467447,True,0,47.277015084877611,0,123.95983950839548,47.277015084877611,123.95983950839548,True,True,1.0000000000000001e-09,True,False,11,Central_Coast|Hunter_Valley_exc_Newcastle|Newcastle_and_Lake_Macquarie|Sydney_City_and_Inner_South|Sydney_Eastern_Suburbs|Sydney_Inner_South_West|Sydney_Inner_West|Sydney_North_Sydney_and_Hornsby|Sydney_Northern_Beaches|Sydney_Parramatta|Sydney_Sutherland
au,Sydney_Ryde,GNN,456,20,100,0.5,MVA_equivalent_PF1,346.04809999999998,0.10840174576428264,37.512218158413056,0,0,True,0,0,0,0,0,0,True,True,1.0000000000000001e-09,True,True,11,Central_Coast|Hunter_Valley_exc_Newcastle|Newcastle_and_Lake_Macquarie|Sydney_City_and_Inner_South|Sydney_Eastern_Suburbs|Sydney_Inner_South_West|Sydney_Inner_West|Sydney_North_Sydney_and_Hornsby|Sydney_Northern_Beaches|Sydney_Parramatta|Sydney_Sutherland
au,Sydney_Ryde,GNN,456,20,300,0.5,MVA_equivalent_PF1,346.04809999999998,0.10840174576428264,37.512218158413056,0,0,True,0,0,0,0,0,0,True,True,1.0000000000000001e-09,True,True,11,Central_Coast|Hunter_Valley_exc_Newcastle|Newcastle_and_Lake_Macquarie|Sydney_City_and_Inner_South|Sydney_Eastern_Suburbs|Sydney_Inner_South_West|Sydney_Inner_West|Sydney_North_Sydney_and_Hornsby|Sydney_Northern_Beaches|Sydney_Parramatta|Sydney_Sutherland
au,Sydney_Ryde,GNN,456,20,500,0.5,MVA_equivalent_PF1,346.04809999999998,0.10840174576428264,37.512218158413056,0,0,True,0,0,0,0,0,0,True,True,1.0000000000000001e-09,True,True,11,Central_Coast|Hunter_Valley_exc_Newcastle|Newcastle_and_Lake_Macquarie|Sydney_City_and_Inner_South|Sydney_Eastern_Suburbs|Sydney_Inner_South_West|Sydney_Inner_West|Sydney_North_Sydney_and_Hornsby|Sydney_Northern_Beaches|Sydney_Parramatta|Sydney_Sutherland
au,Sydney_Ryde,GNN,456,20,100,0.80000000000000004,MVA_equivalent_PF1,346.04809999999998,0.27461631380204293,95.030453620200731,0,0,True,0,0,0,0,0,0,True,True,1.0000000000000001e-09,True,True,11,Central_Coast|Hunter_Valley_exc_Newcastle|Newcastle_and_Lake_Macquarie|Sydney_City_and_Inner_South|Sydney_Eastern_Suburbs|Sydney_Inner_South_West|Sydney_Inner_West|Sydney_North_Sydney_and_Hornsby|Sydney_Northern_Beaches|Sydney_Parramatta|Sydney_Sutherland
au,Sydney_Ryde,GNN,456,20,300,0.80000000000000004,MVA_equivalent_PF1,346.04809999999998,0.27461631380204293,95.030453620200731,0,0,True,0,0,0,0,0,0,True,True,1.0000000000000001e-09,True,True,11,Central_Coast|Hunter_Valley_exc_Newcastle|Newcastle_and_Lake_Macquarie|Sydney_City_and_Inner_South|Sydney_Eastern_Suburbs|Sydney_Inner_South_West|Sydney_Inner_West|Sydney_North_Sydney_and_Hornsby|Sydney_Northern_Beaches|Sydney_Parramatta|Sydney_Sutherland
au,Sydney_Ryde,GNN,456,20,500,0.80000000000000004,MVA_equivalent_PF1,346.04809999999998,0.27461631380204293,95.030453620200731,0,0,True,0,0,0,0,0,0,True,True,1.0000000000000001e-09,True,True,11,Central_Coast|Hunter_Valley_exc_Newcastle|Newcastle_and_Lake_Macquarie|Sydney_City_and_Inner_South|Sydney_Eastern_Suburbs|Sydney_Inner_South_West|Sydney_Inner_West|Sydney_North_Sydney_and_Hornsby|Sydney_Northern_Beaches|Sydney_Parramatta|Sydney_Sutherland
au,Sydney_Ryde,GNN,456,20,100,0.90000000000000002,MVA_equivalent_PF1,346.04809999999998,0.55350404524109131,191.53902319799369,0,0,True,0,0,0,0,0,0,True,True,1.0000000000000001e-09,True,True,11,Central_Coast|Hunter_Valley_exc_Newcastle|Newcastle_and_Lake_Macquarie|Sydney_City_and_Inner_South|Sydney_Eastern_Suburbs|Sydney_Inner_South_West|Sydney_Inner_West|Sydney_North_Sydney_and_Hornsby|Sydney_Northern_Beaches|Sydney_Parramatta|Sydney_Sutherland
au,Sydney_Ryde,GNN,456,20,300,0.90000000000000002,MVA_equivalent_PF1,346.04809999999998,0.55350404524109131,191.53902319799369,0,0,True,0,0,0,0,0,0,True,True,1.0000000000000001e-09,True,True,11,Central_Coast|Hunter_Valley_exc_Newcastle|Newcastle_and_Lake_Macquarie|Sydney_City_and_Inner_South|Sydney_Eastern_Suburbs|Sydney_Inner_South_West|Sydney_Inner_West|Sydney_North_Sydney_and_Hornsby|Sydney_Northern_Beaches|Sydney_Parramatta|Sydney_Sutherland
au,Sydney_Ryde,GNN,456,20,500,0.90000000000000002,MVA_equivalent_PF1,346.04809999999998,0.55350404524109131,191.53902319799369,0,0,True,0,4.8452731979937198,0,4.8452731979937198,4.8452731979937198,4.8452731979937198,True,True,1.0000000000000001e-09,True,False,11,Central_Coast|Hunter_Valley_exc_Newcastle|Newcastle_and_Lake_Macquarie|Sydney_City_and_Inner_South|Sydney_Eastern_Suburbs|Sydney_Inner_South_West|Sydney_Inner_West|Sydney_North_Sydney_and_Hornsby|Sydney_Northern_Beaches|Sydney_Parramatta|Sydney_Sutherland
au,Sydney_Ryde,GNN,456,20,100,1,MVA_equivalent_PF1,346.04809999999998,0.76965969573667559,266.33927535625469,0,0,True,0,0,0,0,0,0,True,True,1.0000000000000001e-09,True,True,11,Central_Coast|Hunter_Valley_exc_Newcastle|Newcastle_and_Lake_Macquarie|Sydney_City_and_Inner_South|Sydney_Eastern_Suburbs|Sydney_Inner_South_West|Sydney_Inner_West|Sydney_North_Sydney_and_Hornsby|Sydney_Northern_Beaches|Sydney_Parramatta|Sydney_Sutherland
au,Sydney_Ryde,GNN,456,20,300,1,MVA_equivalent_PF1,346.04809999999998,0.76965969573667559,266.33927535625469,0,0,True,0,0,0,0,0,0,True,True,1.0000000000000001e-09,True,True,11,Central_Coast|Hunter_Valley_exc_Newcastle|Newcastle_and_Lake_Macquarie|Sydney_City_and_Inner_South|Sydney_Eastern_Suburbs|Sydney_Inner_South_West|Sydney_Inner_West|Sydney_North_Sydney_and_Hornsby|Sydney_Northern_Beaches|Sydney_Parramatta|Sydney_Sutherland
au,Sydney_Ryde,GNN,456,20,500,1,MVA_equivalent_PF1,346.04809999999998,0.76965969573667559,266.33927535625469,0,0,True,0,79.645525356254893,0,79.645525356254893,79.645525356254893,79.645525356254893,True,True,1.0000000000000001e-09,True,False,11,Central_Coast|Hunter_Valley_exc_Newcastle|Newcastle_and_Lake_Macquarie|Sydney_City_and_Inner_South|Sydney_Eastern_Suburbs|Sydney_Inner_South_West|Sydney_Inner_West|Sydney_North_Sydney_and_Hornsby|Sydney_Northern_Beaches|Sydney_Parramatta|Sydney_Sutherland
au,Sydney_Sutherland,Uni,,10,100,0.5,MVA_equivalent_PF1,283.4683,0.19554968763536201,55.432137519527089,72.7675868051561,0.25670449501815934,False,1.4266387055038929,7.7889984754915913,0,11.524907764430433,6.3623597699876981,11.524907764430433,True,True,1.0000000000000001e-07,True,False,11,Central_Coast|Hunter_Valley_exc_Newcastle|Newcastle_and_Lake_Macquarie|Sydney_City_and_Inner_South|Sydney_Eastern_Suburbs|Sydney_Inner_South_West|Sydney_Inner_West|Sydney_North_Sydney_and_Hornsby|Sydney_Northern_Beaches|Sydney_Parramatta|Sydney_Ryde
au,Sydney_Sutherland,Uni,,10,300,0.5,MVA_equivalent_PF1,283.4683,0.19554968763536201,55.432137519527089,72.7675868051561,0.25670449501815934,False,5.5490053609402414,19.274198498598082,0,10.12692064516132,13.72519313765784,10.12692064516132,True,True,3.0000000000000004e-07,True,False,11,Central_Coast|Hunter_Valley_exc_Newcastle|Newcastle_and_Lake_Macquarie|Sydney_City_and_Inner_South|Sydney_Eastern_Suburbs|Sydney_Inner_South_West|Sydney_Inner_West|Sydney_North_Sydney_and_Hornsby|Sydney_Northern_Beaches|Sydney_Parramatta|Sydney_Ryde
au,Sydney_Sutherland,Uni,,10,500,0.5,MVA_equivalent_PF1,283.4683,0.19554968763536201,55.432137519527089,72.7675868051561,0.25670449501815934,False,10.991927162459435,42.228763452141472,15.978906250000085,31.921294659454126,31.236836289682039,15.942388409454042,True,True,5.0000000000000008e-07,False,False,11,Central_Coast|Hunter_Valley_exc_Newcastle|Newcastle_and_Lake_Macquarie|Sydney_City_and_Inner_South|Sydney_Eastern_Suburbs|Sydney_Inner_South_West|Sydney_Inner_West|Sydney_North_Sydney_and_Hornsby|Sydney_Northern_Beaches|Sydney_Parramatta|Sydney_Ryde
au,Sydney_Sutherland,Uni,,10,100,0.80000000000000004,MVA_equivalent_PF1,283.4683,0.29362914917335647,83.234555746617758,72.7675868051561,0.25670449501815934,True,1.4266387055038929,15.094704080560968,0,39.3273259915211,13.668065375057076,39.3273259915211,True,True,1.0000000000000001e-07,True,False,11,Central_Coast|Hunter_Valley_exc_Newcastle|Newcastle_and_Lake_Macquarie|Sydney_City_and_Inner_South|Sydney_Eastern_Suburbs|Sydney_Inner_South_West|Sydney_Inner_West|Sydney_North_Sydney_and_Hornsby|Sydney_Northern_Beaches|Sydney_Parramatta|Sydney_Ryde
au,Sydney_Sutherland,Uni,,10,300,0.80000000000000004,MVA_equivalent_PF1,283.4683,0.29362914917335647,83.234555746617758,72.7675868051561,0.25670449501815934,True,5.5490053609402414,29.599760921177413,0,18.46764611328852,24.050755560237171,18.46764611328852,True,True,3.0000000000000004e-07,True,False,11,Central_Coast|Hunter_Valley_exc_Newcastle|Newcastle_and_Lake_Macquarie|Sydney_City_and_Inner_South|Sydney_Eastern_Suburbs|Sydney_Inner_South_West|Sydney_Inner_West|Sydney_North_Sydney_and_Hornsby|Sydney_Northern_Beaches|Sydney_Parramatta|Sydney_Ryde
au,Sydney_Sutherland,Uni,,10,500,0.80000000000000004,MVA_equivalent_PF1,283.4683,0.29362914917335647,83.234555746617758,72.7675868051561,0.25670449501815934,True,10.991927162459435,65.056315930367845,15.978906250000085,59.05122442160426,54.064388767908412,43.072318171604174,True,True,5.0000000000000008e-07,False,False,11,Central_Coast|Hunter_Valley_exc_Newcastle|Newcastle_and_Lake_Macquarie|Sydney_City_and_Inner_South|Sydney_Eastern_Suburbs|Sydney_Inner_South_West|Sydney_Inner_West|Sydney_North_Sydney_and_Hornsby|Sydney_Northern_Beaches|Sydney_Parramatta|Sydney_Ryde
au,Sydney_Sutherland,Uni,,10,100,0.90000000000000002,MVA_equivalent_PF1,283.4683,0.32825135197067157,93.04885271582792,72.7675868051561,0.25670449501815934,True,1.4266387055038929,17.801167563076771,0,49.141622960731269,16.374528857572876,49.141622960731269,True,True,1.0000000000000001e-07,True,False,11,Central_Coast|Hunter_Valley_exc_Newcastle|Newcastle_and_Lake_Macquarie|Sydney_City_and_Inner_South|Sydney_Eastern_Suburbs|Sydney_Inner_South_West|Sydney_Inner_West|Sydney_North_Sydney_and_Hornsby|Sydney_Northern_Beaches|Sydney_Parramatta|Sydney_Ryde
au,Sydney_Sutherland,Uni,,10,300,0.90000000000000002,MVA_equivalent_PF1,283.4683,0.32825135197067157,93.04885271582792,72.7675868051561,0.25670449501815934,True,5.5490053609402414,33.413885702157692,0,21.411935204051566,27.86488034121745,21.411935204051566,True,True,3.0000000000000004e-07,True,False,11,Central_Coast|Hunter_Valley_exc_Newcastle|Newcastle_and_Lake_Macquarie|Sydney_City_and_Inner_South|Sydney_Eastern_Suburbs|Sydney_Inner_South_West|Sydney_Inner_West|Sydney_North_Sydney_and_Hornsby|Sydney_Northern_Beaches|Sydney_Parramatta|Sydney_Ryde
au,Sydney_Sutherland,Uni,,10,500,0.90000000000000002,MVA_equivalent_PF1,283.4683,0.32825135197067157,93.04885271582792,72.7675868051561,0.25670449501815934,True,10.991927162459435,73.143296632997021,15.978906250000085,68.865521390814436,62.151369470537588,52.886615140814349,True,True,5.0000000000000008e-07,False,False,11,Central_Coast|Hunter_Valley_exc_Newcastle|Newcastle_and_Lake_Macquarie|Sydney_City_and_Inner_South|Sydney_Eastern_Suburbs|Sydney_Inner_South_West|Sydney_Inner_West|Sydney_North_Sydney_and_Hornsby|Sydney_Northern_Beaches|Sydney_Parramatta|Sydney_Ryde
au,Sydney_Sutherland,Uni,,10,100,1,MVA_equivalent_PF1,283.4683,0.44609524922203769,126.45386193504734,72.7675868051561,0.25670449501815934,True,1.4266387055038929,27.163771865947119,0,82.546632179950691,25.737133160443225,82.546632179950691,True,True,1.0000000000000001e-07,True,False,11,Central_Coast|Hunter_Valley_exc_Newcastle|Newcastle_and_Lake_Macquarie|Sydney_City_and_Inner_South|Sydney_Eastern_Suburbs|Sydney_Inner_South_West|Sydney_Inner_West|Sydney_North_Sydney_and_Hornsby|Sydney_Northern_Beaches|Sydney_Parramatta|Sydney_Ryde
au,Sydney_Sutherland,Uni,,10,300,1,MVA_equivalent_PF1,283.4683,0.44609524922203769,126.45386193504734,72.7675868051561,0.25670449501815934,True,5.5490053609402414,46.847230658535999,0,31.43343796981739,41.298225297595756,31.43343796981739,True,True,3.0000000000000004e-07,True,False,11,Central_Coast|Hunter_Valley_exc_Newcastle|Newcastle_and_Lake_Macquarie|Sydney_City_and_Inner_South|Sydney_Eastern_Suburbs|Sydney_Inner_South_West|Sydney_Inner_West|Sydney_North_Sydney_and_Hornsby|Sydney_Northern_Beaches|Sydney_Parramatta|Sydney_Ryde
au,Sydney_Sutherland,Uni,,10,500,1,MVA_equivalent_PF1,283.4683,0.44609524922203769,126.45386193504734,72.7675868051561,0.25670449501815934,True,10.991927162459435,100.66981818412951,15.978906250000085,102.27053061003389,89.677891021670078,86.291624360033808,True,True,5.0000000000000008e-07,False,False,11,Central_Coast|Hunter_Valley_exc_Newcastle|Newcastle_and_Lake_Macquarie|Sydney_City_and_Inner_South|Sydney_Eastern_Suburbs|Sydney_Inner_South_West|Sydney_Inner_West|Sydney_North_Sydney_and_Hornsby|Sydney_Northern_Beaches|Sydney_Parramatta|Sydney_Ryde
au,Sydney_Sutherland,Uni,,20,100,0.5,MVA_equivalent_PF1,283.4683,0.00039816576206647673,0.11286737169118864,33.418234043217382,0.1178905508771788,False,0,0,0,0,0,0,True,True,1.0000000000000001e-09,True,True,11,Central_Coast|Hunter_Valley_exc_Newcastle|Newcastle_and_Lake_Macquarie|Sydney_City_and_Inner_South|Sydney_Eastern_Suburbs|Sydney_Inner_South_West|Sydney_Inner_West|Sydney_North_Sydney_and_Hornsby|Sydney_Northern_Beaches|Sydney_Parramatta|Sydney_Ryde
au,Sydney_Sutherland,Uni,,20,300,0.5,MVA_equivalent_PF1,283.4683,0.00039816576206647673,0.11286737169118864,33.418234043217382,0.1178905508771788,False,0,0,0,0,0,0,True,True,1.0000000000000001e-09,True,True,11,Central_Coast|Hunter_Valley_exc_Newcastle|Newcastle_and_Lake_Macquarie|Sydney_City_and_Inner_South|Sydney_Eastern_Suburbs|Sydney_Inner_South_West|Sydney_Inner_West|Sydney_North_Sydney_and_Hornsby|Sydney_Northern_Beaches|Sydney_Parramatta|Sydney_Ryde
au,Sydney_Sutherland,Uni,,20,500,0.5,MVA_equivalent_PF1,283.4683,0.00039816576206647673,0.11286737169118864,33.418234043217382,0.1178905508771788,False,0.042876380417952928,0.00022573474338241794,0,0,-0.042650645674570511,0,False,True,1.0823437500000069e-08,True,True,11,Central_Coast|Hunter_Valley_exc_Newcastle|Newcastle_and_Lake_Macquarie|Sydney_City_and_Inner_South|Sydney_Eastern_Suburbs|Sydney_Inner_South_West|Sydney_Inner_West|Sydney_North_Sydney_and_Hornsby|Sydney_Northern_Beaches|Sydney_Parramatta|Sydney_Ryde
au,Sydney_Sutherland,Uni,,20,100,0.80000000000000004,MVA_equivalent_PF1,283.4683,0.20166758968246928,57.166368812387105,33.418234043217382,0.1178905508771788,True,0,0,0,0,0,0,True,True,1.0000000000000001e-09,True,True,11,Central_Coast|Hunter_Valley_exc_Newcastle|Newcastle_and_Lake_Macquarie|Sydney_City_and_Inner_South|Sydney_Eastern_Suburbs|Sydney_Inner_South_West|Sydney_Inner_West|Sydney_North_Sydney_and_Hornsby|Sydney_Northern_Beaches|Sydney_Parramatta|Sydney_Ryde
au,Sydney_Sutherland,Uni,,20,300,0.80000000000000004,MVA_equivalent_PF1,283.4683,0.20166758968246928,57.166368812387105,33.418234043217382,0.1178905508771788,True,0,0,0,0,0,0,True,True,1.0000000000000001e-09,True,True,11,Central_Coast|Hunter_Valley_exc_Newcastle|Newcastle_and_Lake_Macquarie|Sydney_City_and_Inner_South|Sydney_Eastern_Suburbs|Sydney_Inner_South_West|Sydney_Inner_West|Sydney_North_Sydney_and_Hornsby|Sydney_Northern_Beaches|Sydney_Parramatta|Sydney_Ryde
au,Sydney_Sutherland,Uni,,20,500,0.80000000000000004,MVA_equivalent_PF1,283.4683,0.20166758968246928,57.166368812387105,33.418234043217382,0.1178905508771788,True,0.042876380417952928,0.11433273762477415,0,0,0.071456357206821225,0,True,True,1.0823437500000069e-08,True,True,11,Central_Coast|Hunter_Valley_exc_Newcastle|Newcastle_and_Lake_Macquarie|Sydney_City_and_Inner_South|Sydney_Eastern_Suburbs|Sydney_Inner_South_West|Sydney_Inner_West|Sydney_North_Sydney_and_Hornsby|Sydney_Northern_Beaches|Sydney_Parramatta|Sydney_Ryde
au,Sydney_Sutherland,Uni,,20,100,0.90000000000000002,MVA_equivalent_PF1,283.4683,0.2529809421544294,71.712077604914441,33.418234043217382,0.1178905508771788,True,0,0,0,0,0,0,True,True,1.0000000000000001e-09,True,True,11,Central_Coast|Hunter_Valley_exc_Newcastle|Newcastle_and_Lake_Macquarie|Sydney_City_and_Inner_South|Sydney_Eastern_Suburbs|Sydney_Inner_South_West|Sydney_Inner_West|Sydney_North_Sydney_and_Hornsby|Sydney_Northern_Beaches|Sydney_Parramatta|Sydney_Ryde
au,Sydney_Sutherland,Uni,,20,300,0.90000000000000002,MVA_equivalent_PF1,283.4683,0.2529809421544294,71.712077604914441,33.418234043217382,0.1178905508771788,True,0,0,0,0,0,0,True,True,1.0000000000000001e-09,True,True,11,Central_Coast|Hunter_Valley_exc_Newcastle|Newcastle_and_Lake_Macquarie|Sydney_City_and_Inner_South|Sydney_Eastern_Suburbs|Sydney_Inner_South_West|Sydney_Inner_West|Sydney_North_Sydney_and_Hornsby|Sydney_Northern_Beaches|Sydney_Parramatta|Sydney_Ryde
au,Sydney_Sutherland,Uni,,20,500,0.90000000000000002,MVA_equivalent_PF1,283.4683,0.2529809421544294,71.712077604914441,33.418234043217382,0.1178905508771788,True,0.042876380417952928,0.14342415520982882,0,0,0.10054777479187589,0,True,True,1.0823437500000069e-08,True,True,11,Central_Coast|Hunter_Valley_exc_Newcastle|Newcastle_and_Lake_Macquarie|Sydney_City_and_Inner_South|Sydney_Eastern_Suburbs|Sydney_Inner_South_West|Sydney_Inner_West|Sydney_North_Sydney_and_Hornsby|Sydney_Northern_Beaches|Sydney_Parramatta|Sydney_Ryde
au,Sydney_Sutherland,Uni,,20,100,1,MVA_equivalent_PF1,283.4683,0.56636303530589271,160.54596680100138,33.418234043217382,0.1178905508771788,True,0,0,0,0,0,0,True,True,1.0000000000000001e-09,True,True,11,Central_Coast|Hunter_Valley_exc_Newcastle|Newcastle_and_Lake_Macquarie|Sydney_City_and_Inner_South|Sydney_Eastern_Suburbs|Sydney_Inner_South_West|Sydney_Inner_West|Sydney_North_Sydney_and_Hornsby|Sydney_Northern_Beaches|Sydney_Parramatta|Sydney_Ryde
au,Sydney_Sutherland,Uni,,20,300,1,MVA_equivalent_PF1,283.4683,0.56636303530589271,160.54596680100138,33.418234043217382,0.1178905508771788,True,0,0,0,0,0,0,True,True,1.0000000000000001e-09,True,True,11,Central_Coast|Hunter_Valley_exc_Newcastle|Newcastle_and_Lake_Macquarie|Sydney_City_and_Inner_South|Sydney_Eastern_Suburbs|Sydney_Inner_South_West|Sydney_Inner_West|Sydney_North_Sydney_and_Hornsby|Sydney_Northern_Beaches|Sydney_Parramatta|Sydney_Ryde
au,Sydney_Sutherland,Uni,,20,500,1,MVA_equivalent_PF1,283.4683,0.56636303530589271,160.54596680100138,33.418234043217382,0.1178905508771788,True,0.042876380417952928,0.46114696756019335,0,0,0.41827058714224041,0,True,True,1.0823437500000069e-08,True,True,11,Central_Coast|Hunter_Valley_exc_Newcastle|Newcastle_and_Lake_Macquarie|Sydney_City_and_Inner_South|Sydney_Eastern_Suburbs|Sydney_Inner_South_West|Sydney_Inner_West|Sydney_North_Sydney_and_Hornsby|Sydney_Northern_Beaches|Sydney_Parramatta|Sydney_Ryde
au,Sydney_Sutherland,LU,,10,100,0.5,MVA_equivalent_PF1,283.4683,0.19273053199304105,54.632996262162955,78.386304877134165,0.27652582273620779,False,1.3148888833215679,7.5555114587499359,0,10.382697693930165,6.2406225754283682,10.382697693930165,True,True,1.0000000000000001e-07,True,False,11,Central_Coast|Hunter_Valley_exc_Newcastle|Newcastle_and_Lake_Macquarie|Sydney_City_and_Inner_South|Sydney_Eastern_Suburbs|Sydney_Inner_South_West|Sydney_Inner_West|Sydney_North_Sydney_and_Hornsby|Sydney_Northern_Beaches|Sydney_Parramatta|Sydney_Ryde
au,Sydney_Sutherland,LU,,10,300,0.5,MVA_equivalent_PF1,283.4683,0.19273053199304105,54.632996262162955,78.386304877134165,0.27652582273620779,False,5.3670078371556329,18.943948564161772,0.28687500000000055,13.519902871580594,13.576940727006139,13.233027871580594,True,True,3.0000000000000004e-07,False,False,11,Central_Coast|Hunter_Valley_exc_Newcastle|Newcastle_and_Lake_Macquarie|Sydney_City_and_Inner_South|Sydney_Eastern_Suburbs|Sydney_Inner_South_West|Sydney_Inner_West|Sydney_North_Sydney_and_Hornsby|Sydney_Northern_Beaches|Sydney_Parramatta|Sydney_Ryde
au,Sydney_Sutherland,LU,,10,500,0.5,MVA_equivalent_PF1,283.4683,0.19273053199304105,54.632996262162955,78.386304877134165,0.27652582273620779,False,11.057143566835204,41.062989954081424,20.167968750000078,33.873092369931285,30.005846387246219,13.705123619931207,True,True,5.0000000000000008e-07,False,False,11,Central_Coast|Hunter_Valley_exc_Newcastle|Newcastle_and_Lake_Macquarie|Sydney_City_and_Inner_South|Sydney_Eastern_Suburbs|Sydney_Inner_South_West|Sydney_Inner_West|Sydney_North_Sydney_and_Hornsby|Sydney_Northern_Beaches|Sydney_Parramatta|Sydney_Ryde
au,Sydney_Sutherland,LU,,10,100,0.80000000000000004,MVA_equivalent_PF1,283.4683,0.27601842065827231,78.242472472685336,78.386304877134165,0.27652582273620779,False,1.3148888833215679,13.614776328403101,0,33.992173904452542,12.299887445081533,33.992173904452542,True,True,1.0000000000000001e-07,True,False,11,Central_Coast|Hunter_Valley_exc_Newcastle|Newcastle_and_Lake_Macquarie|Sydney_City_and_Inner_South|Sydney_Eastern_Suburbs|Sydney_Inner_South_West|Sydney_Inner_West|Sydney_North_Sydney_and_Hornsby|Sydney_Northern_Beaches|Sydney_Parramatta|Sydney_Ryde
au,Sydney_Sutherland,LU,,10,300,0.80000000000000004,MVA_equivalent_PF1,283.4683,0.27601842065827231,78.242472472685336,78.386304877134165,0.27652582273620779,False,5.3670078371556329,27.626934104735419,0.28687500000000055,22.963693355789545,22.259926267579786,22.676818355789543,True,True,3.0000000000000004e-07,False,False,11,Central_Coast|Hunter_Valley_exc_Newcastle|Newcastle_and_Lake_Macquarie|Sydney_City_and_Inner_South|Sydney_Eastern_Suburbs|Sydney_Inner_South_West|Sydney_Inner_West|Sydney_North_Sydney_and_Hornsby|Sydney_Northern_Beaches|Sydney_Parramatta|Sydney_Ryde
au,Sydney_Sutherland,LU,,10,500,0.80000000000000004,MVA_equivalent_PF1,283.4683,0.27601842065827231,78.242472472685336,78.386304877134165,0.27652582273620779,False,11.057143566835204,60.351097115272417,20.167968750000078,57.482568580453666,49.293953548437216,37.314599830453588,True,True,5.0000000000000008e-07,False,False,11,Central_Coast|Hunter_Valley_exc_Newcastle|Newcastle_and_Lake_Macquarie|Sydney_City_and_Inner_South|Sydney_Eastern_Suburbs|Sydney_Inner_South_West|Sydney_Inner_West|Sydney_North_Sydney_and_Hornsby|Sydney_Northern_Beaches|Sydney_Parramatta|Sydney_Ryde
au,Sydney_Sutherland,LU,,10,100,0.90000000000000002,MVA_equivalent_PF1,283.4683,0.29934727037426312,84.855461842632735,78.386304877134165,0.27652582273620779,True,1.3148888833215679,15.403796433753209,0,40.605163274399942,14.088907550431641,40.605163274399942,True,True,1.0000000000000001e-07,True,False,11,Central_Coast|Hunter_Valley_exc_Newcastle|Newcastle_and_Lake_Macquarie|Sydney_City_and_Inner_South|Sydney_Eastern_Suburbs|Sydney_Inner_South_West|Sydney_Inner_West|Sydney_North_Sydney_and_Hornsby|Sydney_Northern_Beaches|Sydney_Parramatta|Sydney_Ryde
au,Sydney_Sutherland,LU,,10,300,0.90000000000000002,MVA_equivalent_PF1,283.4683,0.29934727037426312,84.855461842632735,78.386304877134165,0.27652582273620779,True,5.3670078371556329,30.118503412372277,0.28687500000000055,25.608889103768501,24.751495575216644,25.322014103768499,True,True,3.0000000000000004e-07,False,False,11,Central_Coast|Hunter_Valley_exc_Newcastle|Newcastle_and_Lake_Macquarie|Sydney_City_and_Inner_South|Sydney_Eastern_Suburbs|Sydney_Inner_South_West|Sydney_Inner_West|Sydney_North_Sydney_and_Hornsby|Sydney_Northern_Beaches|Sydney_Parramatta|Sydney_Ryde
au,Sydney_Sutherland,LU,,10,500,0.90000000000000002,MVA_equivalent_PF1,283.4683,0.29934727037426312,84.855461842632735,78.386304877134165,0.27652582273620779,True,11.057143566835204,65.79787434085469,20.167968750000078,64.095557950401073,54.740730774019482,43.927589200400995,True,True,5.0000000000000008e-07,False,False,11,Central_Coast|Hunter_Valley_exc_Newcastle|Newcastle_and_Lake_Macquarie|Sydney_City_and_Inner_South|Sydney_Eastern_Suburbs|Sydney_Inner_South_West|Sydney_Inner_West|Sydney_North_Sydney_and_Hornsby|Sydney_Northern_Beaches|Sydney_Parramatta|Sydney_Ryde
au,Sydney_Sutherland,LU,,10,100,1,MVA_equivalent_PF1,283.4683,0.49347582631342024,139.88475357616051,78.386304877134165,0.27652582273620779,True,1.3148888833215679,30.790579347592182,0,95.634455007927727,29.475690464270613,95.634455007927727,True,True,1.0000000000000001e-07,True,False,11,Central_Coast|Hunter_Valley_exc_Newcastle|Newcastle_and_Lake_Macquarie|Sydney_City_and_Inner_South|Sydney_Eastern_Suburbs|Sydney_Inner_South_West|Sydney_Inner_West|Sydney_North_Sydney_and_Hornsby|Sydney_Northern_Beaches|Sydney_Parramatta|Sydney_Ryde
au,Sydney_Sutherland,LU,,10,300,1,MVA_equivalent_PF1,283.4683,0.49347582631342024,139.88475357616051,78.386304877134165,0.27652582273620779,True,5.3670078371556329,52.124211835165696,0.28687500000000055,47.620605797179628,46.757203998010063,47.333730797179626,True,True,3.0000000000000004e-07,False,False,11,Central_Coast|Hunter_Valley_exc_Newcastle|Newcastle_and_Lake_Macquarie|Sydney_City_and_Inner_South|Sydney_Eastern_Suburbs|Sydney_Inner_South_West|Sydney_Inner_West|Sydney_North_Sydney_and_Hornsby|Sydney_Northern_Beaches|Sydney_Parramatta|Sydney_Ryde
au,Sydney_Sutherland,LU,,10,500,1,MVA_equivalent_PF1,283.4683,0.49347582631342024,139.88475357616051,78.386304877134165,0.27652582273620779,True,11.057143566835204,111.18790368313256,20.167968750000078,119.12484968392884,100.13076011629735,98.956880933928772,True,True,5.0000000000000008e-07,False,False,11,Central_Coast|Hunter_Valley_exc_Newcastle|Newcastle_and_Lake_Macquarie|Sydney_City_and_Inner_South|Sydney_Eastern_Suburbs|Sydney_Inner_South_West|Sydney_Inner_West|Sydney_North_Sydney_and_Hornsby|Sydney_Northern_Beaches|Sydney_Parramatta|Sydney_Ryde
au,Sydney_Sutherland,LU,,20,100,0.5,MVA_equivalent_PF1,283.4683,0.00040553903616190621,0.11495746116445407,35.282632146303399,0.12446764645748185,False,0,0,0,0,0,0,True,True,1.0000000000000001e-09,True,True,11,Central_Coast|Hunter_Valley_exc_Newcastle|Newcastle_and_Lake_Macquarie|Sydney_City_and_Inner_South|Sydney_Eastern_Suburbs|Sydney_Inner_South_West|Sydney_Inner_West|Sydney_North_Sydney_and_Hornsby|Sydney_Northern_Beaches|Sydney_Parramatta|Sydney_Ryde
au,Sydney_Sutherland,LU,,20,300,0.5,MVA_equivalent_PF1,283.4683,0.00040553903616190621,0.11495746116445407,35.282632146303399,0.12446764645748185,False,0,0,0,0,0,0,True,True,1.0000000000000001e-09,True,True,11,Central_Coast|Hunter_Valley_exc_Newcastle|Newcastle_and_Lake_Macquarie|Sydney_City_and_Inner_South|Sydney_Eastern_Suburbs|Sydney_Inner_South_West|Sydney_Inner_West|Sydney_North_Sydney_and_Hornsby|Sydney_Northern_Beaches|Sydney_Parramatta|Sydney_Ryde
au,Sydney_Sutherland,LU,,20,500,0.5,MVA_equivalent_PF1,283.4683,0.00040553903616190621,0.11495746116445407,35.282632146303399,0.12446764645748185,False,0.034473178305337686,0.0002299149223290442,0,0,-0.034243263383008642,0,False,True,1.0823437500000069e-08,True,True,11,Central_Coast|Hunter_Valley_exc_Newcastle|Newcastle_and_Lake_Macquarie|Sydney_City_and_Inner_South|Sydney_Eastern_Suburbs|Sydney_Inner_South_West|Sydney_Inner_West|Sydney_North_Sydney_and_Hornsby|Sydney_Northern_Beaches|Sydney_Parramatta|Sydney_Ryde
au,Sydney_Sutherland,LU,,20,100,0.80000000000000004,MVA_equivalent_PF1,283.4683,0.19620928093451631,55.61911131072975,35.282632146303399,0.12446764645748185,True,0,0,0,0,0,0,True,True,1.0000000000000001e-09,True,True,11,Central_Coast|Hunter_Valley_exc_Newcastle|Newcastle_and_Lake_Macquarie|Sydney_City_and_Inner_South|Sydney_Eastern_Suburbs|Sydney_Inner_South_West|Sydney_Inner_West|Sydney_North_Sydney_and_Hornsby|Sydney_Northern_Beaches|Sydney_Parramatta|Sydney_Ryde
au,Sydney_Sutherland,LU,,20,300,0.80000000000000004,MVA_equivalent_PF1,283.4683,0.19620928093451631,55.61911131072975,35.282632146303399,0.12446764645748185,True,0,0,0,0,0,0,True,True,1.0000000000000001e-09,True,True,11,Central_Coast|Hunter_Valley_exc_Newcastle|Newcastle_and_Lake_Macquarie|Sydney_City_and_Inner_South|Sydney_Eastern_Suburbs|Sydney_Inner_South_West|Sydney_Inner_West|Sydney_North_Sydney_and_Hornsby|Sydney_Northern_Beaches|Sydney_Parramatta|Sydney_Ryde
au,Sydney_Sutherland,LU,,20,500,0.80000000000000004,MVA_equivalent_PF1,283.4683,0.19620928093451631,55.61911131072975,35.282632146303399,0.12446764645748185,True,0.034473178305337686,0.11123822262145949,0,0,0.0767650443161218,0,True,True,1.0823437500000069e-08,True,True,11,Central_Coast|Hunter_Valley_exc_Newcastle|Newcastle_and_Lake_Macquarie|Sydney_City_and_Inner_South|Sydney_Eastern_Suburbs|Sydney_Inner_South_West|Sydney_Inner_West|Sydney_North_Sydney_and_Hornsby|Sydney_Northern_Beaches|Sydney_Parramatta|Sydney_Ryde
au,Sydney_Sutherland,LU,,20,100,0.90000000000000002,MVA_equivalent_PF1,283.4683,0.27311790403589015,77.420267956616925,35.282632146303399,0.12446764645748185,True,0,0,0,0,0,0,True,True,1.0000000000000001e-09,True,True,11,Central_Coast|Hunter_Valley_exc_Newcastle|Newcastle_and_Lake_Macquarie|Sydney_City_and_Inner_South|Sydney_Eastern_Suburbs|Sydney_Inner_South_West|Sydney_Inner_West|Sydney_North_Sydney_and_Hornsby|Sydney_Northern_Beaches|Sydney_Parramatta|Sydney_Ryde
au,Sydney_Sutherland,LU,,20,300,0.90000000000000002,MVA_equivalent_PF1,283.4683,0.27311790403589015,77.420267956616925,35.282632146303399,0.12446764645748185,True,0,0,0,0,0,0,True,True,1.0000000000000001e-09,True,True,11,Central_Coast|Hunter_Valley_exc_Newcastle|Newcastle_and_Lake_Macquarie|Sydney_City_and_Inner_South|Sydney_Eastern_Suburbs|Sydney_Inner_South_West|Sydney_Inner_West|Sydney_North_Sydney_and_Hornsby|Sydney_Northern_Beaches|Sydney_Parramatta|Sydney_Ryde
au,Sydney_Sutherland,LU,,20,500,0.90000000000000002,MVA_equivalent_PF1,283.4683,0.27311790403589015,77.420267956616925,35.282632146303399,0.12446764645748185,True,0.034473178305337686,0.15484053591323391,0,0,0.12036735760789621,0,True,True,1.0823437500000069e-08,True,True,11,Central_Coast|Hunter_Valley_exc_Newcastle|Newcastle_and_Lake_Macquarie|Sydney_City_and_Inner_South|Sydney_Eastern_Suburbs|Sydney_Inner_South_West|Sydney_Inner_West|Sydney_North_Sydney_and_Hornsby|Sydney_Northern_Beaches|Sydney_Parramatta|Sydney_Ryde
au,Sydney_Sutherland,LU,,20,100,1,MVA_equivalent_PF1,283.4683,0.49327160243123641,139.82686257945846,35.282632146303399,0.12446764645748185,True,0,0,0,0,0,0,True,True,1.0000000000000001e-09,True,True,11,Central_Coast|Hunter_Valley_exc_Newcastle|Newcastle_and_Lake_Macquarie|Sydney_City_and_Inner_South|Sydney_Eastern_Suburbs|Sydney_Inner_South_West|Sydney_Inner_West|Sydney_North_Sydney_and_Hornsby|Sydney_Northern_Beaches|Sydney_Parramatta|Sydney_Ryde
au,Sydney_Sutherland,LU,,20,300,1,MVA_equivalent_PF1,283.4683,0.49327160243123641,139.82686257945846,35.282632146303399,0.12446764645748185,True,0,0,0,0,0,0,True,True,1.0000000000000001e-09,True,True,11,Central_Coast|Hunter_Valley_exc_Newcastle|Newcastle_and_Lake_Macquarie|Sydney_City_and_Inner_South|Sydney_Eastern_Suburbs|Sydney_Inner_South_West|Sydney_Inner_West|Sydney_North_Sydney_and_Hornsby|Sydney_Northern_Beaches|Sydney_Parramatta|Sydney_Ryde
au,Sydney_Sutherland,LU,,20,500,1,MVA_equivalent_PF1,283.4683,0.49327160243123641,139.82686257945846,35.282632146303399,0.12446764645748185,True,0.034473178305337686,0.29227012866355068,0,0,0.25779695035821298,0,True,True,1.0823437500000069e-08,True,True,11,Central_Coast|Hunter_Valley_exc_Newcastle|Newcastle_and_Lake_Macquarie|Sydney_City_and_Inner_South|Sydney_Eastern_Suburbs|Sydney_Inner_South_West|Sydney_Inner_West|Sydney_North_Sydney_and_Hornsby|Sydney_Northern_Beaches|Sydney_Parramatta|Sydney_Ryde
au,Sydney_Sutherland,GNN,42,10,100,0.5,MVA_equivalent_PF1,283.4683,0.22845422632684889,64.759531164687104,113.25689039472891,0.39953987939649305,False,1.4691293707975785,11.537776657786397,0,35.863285621121371,10.068647286988819,35.863285621121371,True,True,1.0000000000000001e-07,True,False,11,Central_Coast|Hunter_Valley_exc_Newcastle|Newcastle_and_Lake_Macquarie|Sydney_City_and_Inner_South|Sydney_Eastern_Suburbs|Sydney_Inner_South_West|Sydney_Inner_West|Sydney_North_Sydney_and_Hornsby|Sydney_Northern_Beaches|Sydney_Parramatta|Sydney_Ryde
au,Sydney_Sutherland,GNN,42,10,300,0.5,MVA_equivalent_PF1,283.4683,0.22845422632684889,64.759531164687104,113.25689039472891,0.39953987939649305,False,6.4436575355728802,22.35447573118093,0.28687500000000055,18.418144447636031,15.91081819560805,18.131269447636029,True,True,3.0000000000000004e-07,False,False,11,Central_Coast|Hunter_Valley_exc_Newcastle|Newcastle_and_Lake_Macquarie|Sydney_City_and_Inner_South|Sydney_Eastern_Suburbs|Sydney_Inner_South_West|Sydney_Inner_West|Sydney_North_Sydney_and_Hornsby|Sydney_Northern_Beaches|Sydney_Parramatta|Sydney_Ryde
au,Sydney_Sutherland,GNN,42,10,500,0.5,MVA_equivalent_PF1,283.4683,0.22845422632684889,64.759531164687104,113.25689039472891,0.39953987939649305,False,13.967241104047883,41.540330891678799,27.560625000000073,36.667054415573169,27.573089787630916,9.1064294155730963,True,True,5.0000000000000008e-07,False,False,11,Central_Coast|Hunter_Valley_exc_Newcastle|Newcastle_and_Lake_Macquarie|Sydney_City_and_Inner_South|Sydney_Eastern_Suburbs|Sydney_Inner_South_West|Sydney_Inner_West|Sydney_North_Sydney_and_Hornsby|Sydney_Northern_Beaches|Sydney_Parramatta|Sydney_Ryde
au,Sydney_Sutherland,GNN,42,10,100,0.80000000000000004,MVA_equivalent_PF1,283.4683,0.45237314614858387,128.23344670439062,113.25689039472891,0.39953987939649305,True,1.4691293707975785,28.635574657967787,0,99.337201160824876,27.166445287170209,99.337201160824876,True,True,1.0000000000000001e-07,True,False,11,Central_Coast|Hunter_Valley_exc_Newcastle|Newcastle_and_Lake_Macquarie|Sydney_City_and_Inner_South|Sydney_Eastern_Suburbs|Sydney_Inner_South_West|Sydney_Inner_West|Sydney_North_Sydney_and_Hornsby|Sydney_Northern_Beaches|Sydney_Parramatta|Sydney_Ryde
au,Sydney_Sutherland,GNN,42,10,300,0.80000000000000004,MVA_equivalent_PF1,283.4683,0.45237314614858387,128.23344670439062,113.25689039472891,0.39953987939649305,True,6.4436575355728802,46.498922009822095,0.28687500000000055,50.155102217487794,40.055264474249213,49.868227217487792,True,True,3.0000000000000004e-07,False,False,11,Central_Coast|Hunter_Valley_exc_Newcastle|Newcastle_and_Lake_Macquarie|Sydney_City_and_Inner_South|Sydney_Eastern_Suburbs|Sydney_Inner_South_West|Sydney_Inner_West|Sydney_North_Sydney_and_Hornsby|Sydney_Northern_Beaches|Sydney_Parramatta|Sydney_Ryde
au,Sydney_Sutherland,GNN,42,10,500,0.80000000000000004,MVA_equivalent_PF1,283.4683,0.45237314614858387,128.23344670439062,113.25689039472891,0.39953987939649305,True,13.967241104047883,93.201934985421914,27.560625000000073,100.14096995527669,79.234693881374028,72.580344955276615,True,True,5.0000000000000008e-07,False,False,11,Central_Coast|Hunter_Valley_exc_Newcastle|Newcastle_and_Lake_Macquarie|Sydney_City_and_Inner_South|Sydney_Eastern_Suburbs|Sydney_Inner_South_West|Sydney_Inner_West|Sydney_North_Sydney_and_Hornsby|Sydney_Northern_Beaches|Sydney_Parramatta|Sydney_Ryde
au,Sydney_Sutherland,GNN,42,10,100,0.90000000000000002,MVA_equivalent_PF1,283.4683,0.53510168569732042,151.68436517175374,113.25689039472891,0.39953987939649305,True,1.4691293707975785,35.245106943227412,0,122.78811962818801,33.775977572429831,122.78811962818801,True,True,1.0000000000000001e-07,True,False,11,Central_Coast|Hunter_Valley_exc_Newcastle|Newcastle_and_Lake_Macquarie|Sydney_City_and_Inner_South|Sydney_Eastern_Suburbs|Sydney_Inner_South_West|Sydney_Inner_West|Sydney_North_Sydney_and_Hornsby|Sydney_Northern_Beaches|Sydney_Parramatta|Sydney_Ryde
au,Sydney_Sutherland,GNN,42,10,300,0.90000000000000002,MVA_equivalent_PF1,283.4683,0.53510168569732042,151.68436517175374,113.25689039472891,0.39953987939649305,True,6.4436575355728802,56.008285883855415,0.28687500000000055,61.880561451169342,49.564628348282532,61.59368645116934,True,True,3.0000000000000004e-07,False,False,11,Central_Coast|Hunter_Valley_exc_Newcastle|Newcastle_and_Lake_Macquarie|Sydney_City_and_Inner_South|Sydney_Eastern_Suburbs|Sydney_Inner_South_West|Sydney_Inner_West|Sydney_North_Sydney_and_Hornsby|Sydney_Northern_Beaches|Sydney_Parramatta|Sydney_Ryde
au,Sydney_Sutherland,GNN,42,10,500,0.90000000000000002,MVA_equivalent_PF1,283.4683,0.53510168569732042,151.68436517175374,113.25689039472891,0.39953987939649305,True,13.967241104047883,112.52600442014179,27.560625000000073,123.5918884226398,98.558763316093902,96.031263422639725,True,True,5.0000000000000008e-07,False,False,11,Central_Coast|Hunter_Valley_exc_Newcastle|Newcastle_and_Lake_Macquarie|Sydney_City_and_Inner_South|Sydney_Eastern_Suburbs|Sydney_Inner_South_West|Sydney_Inner_West|Sydney_North_Sydney_and_Hornsby|Sydney_Northern_Beaches|Sydney_Parramatta|Sydney_Ryde
au,Sydney_Sutherland,GNN,42,10,100,1,MVA_equivalent_PF1,283.4683,0.58475619670486811,165.75984499439457,113.25689039472891,0.39953987939649305,True,1.4691293707975785,39.248470570849925,0,136.86359945082887,37.779341200052343,136.86359945082887,True,True,1.0000000000000001e-07,True,False,11,Central_Coast|Hunter_Valley_exc_Newcastle|Newcastle_and_Lake_Macquarie|Sydney_City_and_Inner_South|Sydney_Eastern_Suburbs|Sydney_Inner_South_West|Sydney_Inner_West|Sydney_North_Sydney_and_Hornsby|Sydney_Northern_Beaches|Sydney_Parramatta|Sydney_Ryde
au,Sydney_Sutherland,GNN,42,10,300,1,MVA_equivalent_PF1,283.4683,0.58475619670486811,165.75984499439457,113.25689039472891,0.39953987939649305,True,6.4436575355728802,61.743738857066418,0.28687500000000055,68.918301362489771,55.300081321493536,68.631426362489776,True,True,3.0000000000000004e-07,False,False,11,Central_Coast|Hunter_Valley_exc_Newcastle|Newcastle_and_Lake_Macquarie|Sydney_City_and_Inner_South|Sydney_Eastern_Suburbs|Sydney_Inner_South_West|Sydney_Inner_West|Sydney_North_Sydney_and_Hornsby|Sydney_Northern_Beaches|Sydney_Parramatta|Sydney_Ryde
au,Sydney_Sutherland,GNN,42,10,500,1,MVA_equivalent_PF1,283.4683,0.58475619670486811,165.75984499439457,113.25689039472891,0.39953987939649305,True,13.967241104047883,124.18428756801441,27.560625000000073,137.66736824528064,110.21704646396653,110.10674324528057,True,True,5.0000000000000008e-07,False,False,11,Central_Coast|Hunter_Valley_exc_Newcastle|Newcastle_and_Lake_Macquarie|Sydney_City_and_Inner_South|Sydney_Eastern_Suburbs|Sydney_Inner_South_West|Sydney_Inner_West|Sydney_North_Sydney_and_Hornsby|Sydney_Northern_Beaches|Sydney_Parramatta|Sydney_Ryde
au,Sydney_Sutherland,GNN,42,20,100,0.5,MVA_equivalent_PF1,283.4683,0.0008433870642696055,0.23907349735049582,71.308053951880652,0.25155565525979678,False,0,0,0,0,0,0,True,True,1.0000000000000001e-09,True,True,11,Central_Coast|Hunter_Valley_exc_Newcastle|Newcastle_and_Lake_Macquarie|Sydney_City_and_Inner_South|Sydney_Eastern_Suburbs|Sydney_Inner_South_West|Sydney_Inner_West|Sydney_North_Sydney_and_Hornsby|Sydney_Northern_Beaches|Sydney_Parramatta|Sydney_Ryde
au,Sydney_Sutherland,GNN,42,20,300,0.5,MVA_equivalent_PF1,283.4683,0.0008433870642696055,0.23907349735049582,71.308053951880652,0.25155565525979678,False,0,0,0,0,0,0,True,True,1.0000000000000001e-09,True,True,11,Central_Coast|Hunter_Valley_exc_Newcastle|Newcastle_and_Lake_Macquarie|Sydney_City_and_Inner_South|Sydney_Eastern_Suburbs|Sydney_Inner_South_West|Sydney_Inner_West|Sydney_North_Sydney_and_Hornsby|Sydney_Northern_Beaches|Sydney_Parramatta|Sydney_Ryde
au,Sydney_Sutherland,GNN,42,20,500,0.5,MVA_equivalent_PF1,283.4683,0.0008433870642696055,0.23907349735049582,71.308053951880652,0.25155565525979678,False,0.024383841297910748,0.00011953674867527297,0,0,-0.024264304549235474,0,False,True,1.0823437500000069e-08,True,True,11,Central_Coast|Hunter_Valley_exc_Newcastle|Newcastle_and_Lake_Macquarie|Sydney_City_and_Inner_South|Sydney_Eastern_Suburbs|Sydney_Inner_South_West|Sydney_Inner_West|Sydney_North_Sydney_and_Hornsby|Sydney_Northern_Beaches|Sydney_Parramatta|Sydney_Ryde
au,Sydney_Sutherland,GNN,42,20,100,0.80000000000000004,MVA_equivalent_PF1,283.4683,0.22785664024680172,64.590134454472462,71.308053951880652,0.25155565525979678,False,0,0,0,0,0,0,True,True,1.0000000000000001e-09,True,True,11,Central_Coast|Hunter_Valley_exc_Newcastle|Newcastle_and_Lake_Macquarie|Sydney_City_and_Inner_South|Sydney_Eastern_Suburbs|Sydney_Inner_South_West|Sydney_Inner_West|Sydney_North_Sydney_and_Hornsby|Sydney_Northern_Beaches|Sydney_Parramatta|Sydney_Ryde
au,Sydney_Sutherland,GNN,42,20,300,0.80000000000000004,MVA_equivalent_PF1,283.4683,0.22785664024680172,64.590134454472462,71.308053951880652,0.25155565525979678,False,0,0,0,0,0,0,True,True,1.0000000000000001e-09,True,True,11,Central_Coast|Hunter_Valley_exc_Newcastle|Newcastle_and_Lake_Macquarie|Sydney_City_and_Inner_South|Sydney_Eastern_Suburbs|Sydney_Inner_South_West|Sydney_Inner_West|Sydney_North_Sydney_and_Hornsby|Sydney_Northern_Beaches|Sydney_Parramatta|Sydney_Ryde
au,Sydney_Sutherland,GNN,42,20,500,0.80000000000000004,MVA_equivalent_PF1,283.4683,0.22785664024680172,64.590134454472462,71.308053951880652,0.25155565525979678,False,0.024383841297910748,0.11037954464310172,0,0,0.085995703345190966,0,True,True,1.0823437500000069e-08,True,True,11,Central_Coast|Hunter_Valley_exc_Newcastle|Newcastle_and_Lake_Macquarie|Sydney_City_and_Inner_South|Sydney_Eastern_Suburbs|Sydney_Inner_South_West|Sydney_Inner_West|Sydney_North_Sydney_and_Hornsby|Sydney_Northern_Beaches|Sydney_Parramatta|Sydney_Ryde
au,Sydney_Sutherland,GNN,42,20,100,0.90000000000000002,MVA_equivalent_PF1,283.4683,0.50129439675573606,142.10107044787401,71.308053951880652,0.25155565525979678,True,0,0,0,0,0,0,True,True,1.0000000000000001e-09,True,True,11,Central_Coast|Hunter_Valley_exc_Newcastle|Newcastle_and_Lake_Macquarie|Sydney_City_and_Inner_South|Sydney_Eastern_Suburbs|Sydney_Inner_South_West|Sydney_Inner_West|Sydney_North_Sydney_and_Hornsby|Sydney_Northern_Beaches|Sydney_Parramatta|Sydney_Ryde
au,Sydney_Sutherland,GNN,42,20,300,0.90000000000000002,MVA_equivalent_PF1,283.4683,0.50129439675573606,142.10107044787401,71.308053951880652,0.25155565525979678,True,0,0,0,0,0,0,True,True,1.0000000000000001e-09,True,True,11,Central_Coast|Hunter_Valley_exc_Newcastle|Newcastle_and_Lake_Macquarie|Sydney_City_and_Inner_South|Sydney_Eastern_Suburbs|Sydney_Inner_South_West|Sydney_Inner_West|Sydney_North_Sydney_and_Hornsby|Sydney_Northern_Beaches|Sydney_Parramatta|Sydney_Ryde
au,Sydney_Sutherland,GNN,42,20,500,0.90000000000000002,MVA_equivalent_PF1,283.4683,0.50129439675573606,142.10107044787401,71.308053951880652,0.25155565525979678,True,0.024383841297910748,0.26540141662990491,0,0,0.24101757533199417,0,True,True,1.0823437500000069e-08,True,True,11,Central_Coast|Hunter_Valley_exc_Newcastle|Newcastle_and_Lake_Macquarie|Sydney_City_and_Inner_South|Sydney_Eastern_Suburbs|Sydney_Inner_South_West|Sydney_Inner_West|Sydney_North_Sydney_and_Hornsby|Sydney_Northern_Beaches|Sydney_Parramatta|Sydney_Ryde
au,Sydney_Sutherland,GNN,42,20,100,1,MVA_equivalent_PF1,283.4683,0.52981960863964972,150.18706376774682,71.308053951880652,0.25155565525979678,True,0,0,0,0,0,0,True,True,1.0000000000000001e-09,True,True,11,Central_Coast|Hunter_Valley_exc_Newcastle|Newcastle_and_Lake_Macquarie|Sydney_City_and_Inner_South|Sydney_Eastern_Suburbs|Sydney_Inner_South_West|Sydney_Inner_West|Sydney_North_Sydney_and_Hornsby|Sydney_Northern_Beaches|Sydney_Parramatta|Sydney_Ryde
au,Sydney_Sutherland,GNN,42,20,300,1,MVA_equivalent_PF1,283.4683,0.52981960863964972,150.18706376774682,71.308053951880652,0.25155565525979678,True,0,0,0,0,0,0,True,True,1.0000000000000001e-09,True,True,11,Central_Coast|Hunter_Valley_exc_Newcastle|Newcastle_and_Lake_Macquarie|Sydney_City_and_Inner_South|Sydney_Eastern_Suburbs|Sydney_Inner_South_West|Sydney_Inner_West|Sydney_North_Sydney_and_Hornsby|Sydney_Northern_Beaches|Sydney_Parramatta|Sydney_Ryde
au,Sydney_Sutherland,GNN,42,20,500,1,MVA_equivalent_PF1,283.4683,0.52981960863964972,150.18706376774682,71.308053951880652,0.25155565525979678,True,0.024383841297910748,0.28504093288694726,0,0,0.26065709158903649,0,True,True,1.0823437500000069e-08,True,True,11,Central_Coast|Hunter_Valley_exc_Newcastle|Newcastle_and_Lake_Macquarie|Sydney_City_and_Inner_South|Sydney_Eastern_Suburbs|Sydney_Inner_South_West|Sydney_Inner_West|Sydney_North_Sydney_and_Hornsby|Sydney_Northern_Beaches|Sydney_Parramatta|Sydney_Ryde
au,Sydney_Sutherland,GNN,123,10,100,0.5,MVA_equivalent_PF1,283.4683,0.2110810432425036,59.834784490178983,108.84238894239797,0.38396670436305569,False,1.3467814846666861,9.6566796735813156,0,27.035552932361224,8.3098981889146302,27.035552932361224,True,True,1.0000000000000001e-07,True,False,11,Central_Coast|Hunter_Valley_exc_Newcastle|Newcastle_and_Lake_Macquarie|Sydney_City_and_Inner_South|Sydney_Eastern_Suburbs|Sydney_Inner_South_West|Sydney_Inner_West|Sydney_North_Sydney_and_Hornsby|Sydney_Northern_Beaches|Sydney_Parramatta|Sydney_Ryde
au,Sydney_Sutherland,GNN,123,10,300,0.5,MVA_equivalent_PF1,283.4683,0.2110810432425036,59.834784490178983,108.84238894239797,0.38396670436305569,False,5.6173329550222721,20.578253542760397,0.28687500000000055,15.733939095273097,14.960920587738125,15.447064095273097,True,True,3.0000000000000004e-07,False,False,11,Central_Coast|Hunter_Valley_exc_Newcastle|Newcastle_and_Lake_Macquarie|Sydney_City_and_Inner_South|Sydney_Eastern_Suburbs|Sydney_Inner_South_West|Sydney_Inner_West|Sydney_North_Sydney_and_Hornsby|Sydney_Northern_Beaches|Sydney_Parramatta|Sydney_Ryde
au,Sydney_Sutherland,GNN,123,10,500,0.5,MVA_equivalent_PF1,283.4683,0.2110810432425036,59.834784490178983,108.84238894239797,0.38396670436305569,False,12.964779164671953,39.162908259645008,27.560625000000073,33.662508557814377,26.198129094973055,6.101883557814304,True,True,5.0000000000000008e-07,False,False,11,Central_Coast|Hunter_Valley_exc_Newcastle|Newcastle_and_Lake_Macquarie|Sydney_City_and_Inner_South|Sydney_Eastern_Suburbs|Sydney_Inner_South_West|Sydney_Inner_West|Sydney_North_Sydney_and_Hornsby|Sydney_Northern_Beaches|Sydney_Parramatta|Sydney_Ryde
au,Sydney_Sutherland,GNN,123,10,100,0.80000000000000004,MVA_equivalent_PF1,283.4683,0.34185595536531171,96.905326512280794,108.84238894239797,0.38396670436305569,False,1.3467814846666861,19.294315698145571,0,64.106094954463032,17.947534213478885,64.106094954463032,True,True,1.0000000000000001e-07,True,False,11,Central_Coast|Hunter_Valley_exc_Newcastle|Newcastle_and_Lake_Macquarie|Sydney_City_and_Inner_South|Sydney_Eastern_Suburbs|Sydney_Inner_South_West|Sydney_Inner_West|Sydney_North_Sydney_and_Hornsby|Sydney_Northern_Beaches|Sydney_Parramatta|Sydney_Ryde
au,Sydney_Sutherland,GNN,123,10,300,0.80000000000000004,MVA_equivalent_PF1,283.4683,0.34185595536531171,96.905326512280794,108.84238894239797,0.38396670436305569,False,5.6173329550222721,34.167932178527543,0.28687500000000055,34.26921010632401,28.550599223505273,33.982335106324008,True,True,3.0000000000000004e-07,False,False,11,Central_Coast|Hunter_Valley_exc_Newcastle|Newcastle_and_Lake_Macquarie|Sydney_City_and_Inner_South|Sydney_Eastern_Suburbs|Sydney_Inner_South_West|Sydney_Inner_West|Sydney_North_Sydney_and_Hornsby|Sydney_Northern_Beaches|Sydney_Parramatta|Sydney_Ryde
au,Sydney_Sutherland,GNN,123,10,500,0.80000000000000004,MVA_equivalent_PF1,283.4683,0.34185595536531171,96.905326512280794,108.84238894239797,0.38396670436305569,False,12.964779164671953,69.052502032737124,27.560625000000073,70.733050579916181,56.087722868065171,43.172425579916109,True,True,5.0000000000000008e-07,False,False,11,Central_Coast|Hunter_Valley_exc_Newcastle|Newcastle_and_Lake_Macquarie|Sydney_City_and_Inner_South|Sydney_Eastern_Suburbs|Sydney_Inner_South_West|Sydney_Inner_West|Sydney_North_Sydney_and_Hornsby|Sydney_Northern_Beaches|Sydney_Parramatta|Sydney_Ryde
au,Sydney_Sutherland,GNN,123,10,100,0.90000000000000002,MVA_equivalent_PF1,283.4683,0.34821629882811056,98.708282261096485,108.84238894239797,0.38396670436305569,False,1.3467814846666861,19.787856229666829,0,65.909050703278723,18.441074745000144,65.909050703278723,True,True,1.0000000000000001e-07,True,False,11,Central_Coast|Hunter_Valley_exc_Newcastle|Newcastle_and_Lake_Macquarie|Sydney_City_and_Inner_South|Sydney_Eastern_Suburbs|Sydney_Inner_South_West|Sydney_Inner_West|Sydney_North_Sydney_and_Hornsby|Sydney_Northern_Beaches|Sydney_Parramatta|Sydney_Ryde
au,Sydney_Sutherland,GNN,123,10,300,0.90000000000000002,MVA_equivalent_PF1,283.4683,0.34821629882811056,98.708282261096485,108.84238894239797,0.38396670436305569,False,5.6173329550222721,34.863239007889625,0.28687500000000055,35.170687980731849,29.245906052867355,34.883812980731847,True,True,3.0000000000000004e-07,False,False,11,Central_Coast|Hunter_Valley_exc_Newcastle|Newcastle_and_Lake_Macquarie|Sydney_City_and_Inner_South|Sydney_Eastern_Suburbs|Sydney_Inner_South_West|Sydney_Inner_West|Sydney_North_Sydney_and_Hornsby|Sydney_Northern_Beaches|Sydney_Parramatta|Sydney_Ryde
au,Sydney_Sutherland,GNN,123,10,500,0.90000000000000002,MVA_equivalent_PF1,283.4683,0.34821629882811056,98.708282261096485,108.84238894239797,0.38396670436305569,False,12.964779164671953,70.535419871926095,27.560625000000073,72.536006328731872,57.570640707254142,44.9753813287318,True,True,5.0000000000000008e-07,False,False,11,Central_Coast|Hunter_Valley_exc_Newcastle|Newcastle_and_Lake_Macquarie|Sydney_City_and_Inner_South|Sydney_Eastern_Suburbs|Sydney_Inner_South_West|Sydney_Inner_West|Sydney_North_Sydney_and_Hornsby|Sydney_Northern_Beaches|Sydney_Parramatta|Sydney_Ryde
au,Sydney_Sutherland,GNN,123,10,100,1,MVA_equivalent_PF1,283.4683,0.37061202851314679,105.05676168217325,108.84238894239797,0.38396670436305569,False,1.3467814846666861,21.540603832811961,0,72.257530124355497,20.193822348145275,72.257530124355497,True,True,1.0000000000000001e-07,True,False,11,Central_Coast|Hunter_Valley_exc_Newcastle|Newcastle_and_Lake_Macquarie|Sydney_City_and_Inner_South|Sydney_Eastern_Suburbs|Sydney_Inner_South_West|Sydney_Inner_West|Sydney_North_Sydney_and_Hornsby|Sydney_Northern_Beaches|Sydney_Parramatta|Sydney_Ryde
au,Sydney_Sutherland,GNN,123,10,300,1,MVA_equivalent_PF1,283.4683,0.37061202851314679,105.05676168217325,108.84238894239797,0.38396670436305569,False,5.6173329550222721,37.336485707991656,0.28687500000000055,38.344927691270222,31.719152752969386,38.05805269127022,True,True,3.0000000000000004e-07,False,False,11,Central_Coast|Hunter_Valley_exc_Newcastle|Newcastle_and_Lake_Macquarie|Sydney_City_and_Inner_South|Sydney_Eastern_Suburbs|Sydney_Inner_South_West|Sydney_Inner_West|Sydney_North_Sydney_and_Hornsby|Sydney_Northern_Beaches|Sydney_Parramatta|Sydney_Ryde
au,Sydney_Sutherland,GNN,123,10,500,1,MVA_equivalent_PF1,283.4683,0.37061202851314679,105.05676168217325,108.84238894239797,0.38396670436305569,False,12.964779164671953,75.760218435472268,27.560625000000073,78.884485749808618,62.795439270800316,51.323860749808546,True,True,5.0000000000000008e-07,False,False,11,Central_Coast|Hunter_Valley_exc_Newcastle|Newcastle_and_Lake_Macquarie|Sydney_City_and_Inner_South|Sydney_Eastern_Suburbs|Sydney_Inner_South_West|Sydney_Inner_West|Sydney_North_Sydney_and_Hornsby|Sydney_Northern_Beaches|Sydney_Parramatta|Sydney_Ryde
au,Sydney_Sutherland,GNN,123,20,100,0.5,MVA_equivalent_PF1,283.4683,0.00057459481566623691,0.16287941558572155,63.281146123535819,0.22323888111487536,False,0,0,0,0,0,0,True,True,1.0000000000000001e-09,True,True,11,Central_Coast|Hunter_Valley_exc_Newcastle|Newcastle_and_Lake_Macquarie|Sydney_City_and_Inner_South|Sydney_Eastern_Suburbs|Sydney_Inner_South_West|Sydney_Inner_West|Sydney_North_Sydney_and_Hornsby|Sydney_Northern_Beaches|Sydney_Parramatta|Sydney_Ryde
au,Sydney_Sutherland,GNN,123,20,300,0.5,MVA_equivalent_PF1,283.4683,0.00057459481566623691,0.16287941558572155,63.281146123535819,0.22323888111487536,False,0,0,0,0,0,0,True,True,1.0000000000000001e-09,True,True,11,Central_Coast|Hunter_Valley_exc_Newcastle|Newcastle_and_Lake_Macquarie|Sydney_City_and_Inner_South|Sydney_Eastern_Suburbs|Sydney_Inner_South_West|Sydney_Inner_West|Sydney_North_Sydney_and_Hornsby|Sydney_Northern_Beaches|Sydney_Parramatta|Sydney_Ryde
au,Sydney_Sutherland,GNN,123,20,500,0.5,MVA_equivalent_PF1,283.4683,0.00057459481566623691,0.16287941558572155,63.281146123535819,0.22323888111487536,False,0.026504373053443601,8.1439707792867465e-05,0,0,-0.026422933345650733,0,False,True,1.0823437500000069e-08,True,True,11,Central_Coast|Hunter_Valley_exc_Newcastle|Newcastle_and_Lake_Macquarie|Sydney_City_and_Inner_South|Sydney_Eastern_Suburbs|Sydney_Inner_South_West|Sydney_Inner_West|Sydney_North_Sydney_and_Hornsby|Sydney_Northern_Beaches|Sydney_Parramatta|Sydney_Ryde
au,Sydney_Sutherland,GNN,123,20,100,0.80000000000000004,MVA_equivalent_PF1,283.4683,0.14641666737903658,41.504483793600954,63.281146123535819,0.22323888111487536,False,0,0,0,0,0,0,True,True,1.0000000000000001e-09,True,True,11,Central_Coast|Hunter_Valley_exc_Newcastle|Newcastle_and_Lake_Macquarie|Sydney_City_and_Inner_South|Sydney_Eastern_Suburbs|Sydney_Inner_South_West|Sydney_Inner_West|Sydney_North_Sydney_and_Hornsby|Sydney_Northern_Beaches|Sydney_Parramatta|Sydney_Ryde
au,Sydney_Sutherland,GNN,123,20,300,0.80000000000000004,MVA_equivalent_PF1,283.4683,0.14641666737903658,41.504483793600954,63.281146123535819,0.22323888111487536,False,0,0,0,0,0,0,True,True,1.0000000000000001e-09,True,True,11,Central_Coast|Hunter_Valley_exc_Newcastle|Newcastle_and_Lake_Macquarie|Sydney_City_and_Inner_South|Sydney_Eastern_Suburbs|Sydney_Inner_South_West|Sydney_Inner_West|Sydney_North_Sydney_and_Hornsby|Sydney_Northern_Beaches|Sydney_Parramatta|Sydney_Ryde
au,Sydney_Sutherland,GNN,123,20,500,0.80000000000000004,MVA_equivalent_PF1,283.4683,0.14641666737903658,41.504483793600954,63.281146123535819,0.22323888111487536,False,0.026504373053443601,0.076186960234852455,0,0,0.049682587181408853,0,True,True,1.0823437500000069e-08,True,True,11,Central_Coast|Hunter_Valley_exc_Newcastle|Newcastle_and_Lake_Macquarie|Sydney_City_and_Inner_South|Sydney_Eastern_Suburbs|Sydney_Inner_South_West|Sydney_Inner_West|Sydney_North_Sydney_and_Hornsby|Sydney_Northern_Beaches|Sydney_Parramatta|Sydney_Ryde
au,Sydney_Sutherland,GNN,123,20,100,0.90000000000000002,MVA_equivalent_PF1,283.4683,0.26075909777749601,73.916938156520573,63.281146123535819,0.22323888111487536,True,0,0,0,0,0,0,True,True,1.0000000000000001e-09,True,True,11,Central_Coast|Hunter_Valley_exc_Newcastle|Newcastle_and_Lake_Macquarie|Sydney_City_and_Inner_South|Sydney_Eastern_Suburbs|Sydney_Inner_South_West|Sydney_Inner_West|Sydney_North_Sydney_and_Hornsby|Sydney_Northern_Beaches|Sydney_Parramatta|Sydney_Ryde
au,Sydney_Sutherland,GNN,123,20,300,0.90000000000000002,MVA_equivalent_PF1,283.4683,0.26075909777749601,73.916938156520573,63.281146123535819,0.22323888111487536,True,0,0,0,0,0,0,True,True,1.0000000000000001e-09,True,True,11,Central_Coast|Hunter_Valley_exc_Newcastle|Newcastle_and_Lake_Macquarie|Sydney_City_and_Inner_South|Sydney_Eastern_Suburbs|Sydney_Inner_South_West|Sydney_Inner_West|Sydney_North_Sydney_and_Hornsby|Sydney_Northern_Beaches|Sydney_Parramatta|Sydney_Ryde
au,Sydney_Sutherland,GNN,123,20,500,0.90000000000000002,MVA_equivalent_PF1,283.4683,0.26075909777749601,73.916938156520573,63.281146123535819,0.22323888111487536,True,0.026504373053443601,0.14101186896069162,0,0,0.11450749590724801,0,True,True,1.0823437500000069e-08,True,True,11,Central_Coast|Hunter_Valley_exc_Newcastle|Newcastle_and_Lake_Macquarie|Sydney_City_and_Inner_South|Sydney_Eastern_Suburbs|Sydney_Inner_South_West|Sydney_Inner_West|Sydney_North_Sydney_and_Hornsby|Sydney_Northern_Beaches|Sydney_Parramatta|Sydney_Ryde
au,Sydney_Sutherland,GNN,123,20,100,1,MVA_equivalent_PF1,283.4683,0.5565618206190055,157.76763313577445,63.281146123535819,0.22323888111487536,True,0,0,0,0,0,0,True,True,1.0000000000000001e-09,True,True,11,Central_Coast|Hunter_Valley_exc_Newcastle|Newcastle_and_Lake_Macquarie|Sydney_City_and_Inner_South|Sydney_Eastern_Suburbs|Sydney_Inner_South_West|Sydney_Inner_West|Sydney_North_Sydney_and_Hornsby|Sydney_Northern_Beaches|Sydney_Parramatta|Sydney_Ryde
au,Sydney_Sutherland,GNN,123,20,300,1,MVA_equivalent_PF1,283.4683,0.5565618206190055,157.76763313577445,63.281146123535819,0.22323888111487536,True,0,0,0,0,0,0,True,True,1.0000000000000001e-09,True,True,11,Central_Coast|Hunter_Valley_exc_Newcastle|Newcastle_and_Lake_Macquarie|Sydney_City_and_Inner_South|Sydney_Eastern_Suburbs|Sydney_Inner_South_West|Sydney_Inner_West|Sydney_North_Sydney_and_Hornsby|Sydney_Northern_Beaches|Sydney_Parramatta|Sydney_Ryde
au,Sydney_Sutherland,GNN,123,20,500,1,MVA_equivalent_PF1,283.4683,0.5565618206190055,157.76763313577445,63.281146123535819,0.22323888111487536,True,0.026504373053443601,0.3303429539200381,0,0,0.30383858086659449,0,True,True,1.0823437500000069e-08,True,True,11,Central_Coast|Hunter_Valley_exc_Newcastle|Newcastle_and_Lake_Macquarie|Sydney_City_and_Inner_South|Sydney_Eastern_Suburbs|Sydney_Inner_South_West|Sydney_Inner_West|Sydney_North_Sydney_and_Hornsby|Sydney_Northern_Beaches|Sydney_Parramatta|Sydney_Ryde
au,Sydney_Sutherland,GNN,456,10,100,0.5,MVA_equivalent_PF1,283.4683,0.22976212086763717,65.130277806743635,110.21243720685774,0.38879986653483917,False,1.3702913911786641,11.215158873690505,0,34.883015632941294,9.844867482511841,34.883015632941294,True,True,1.0000000000000001e-07,True,False,11,Central_Coast|Hunter_Valley_exc_Newcastle|Newcastle_and_Lake_Macquarie|Sydney_City_and_Inner_South|Sydney_Eastern_Suburbs|Sydney_Inner_South_West|Sydney_Inner_West|Sydney_North_Sydney_and_Hornsby|Sydney_Northern_Beaches|Sydney_Parramatta|Sydney_Ryde
au,Sydney_Sutherland,GNN,456,10,300,0.5,MVA_equivalent_PF1,283.4683,0.22976212086763717,65.130277806743635,110.21243720685774,0.38879986653483917,False,5.8484302549610367,22.474219779547354,0.28687500000000055,19.040008566899385,16.625789524586317,18.753133566899383,True,True,3.0000000000000004e-07,False,False,11,Central_Coast|Hunter_Valley_exc_Newcastle|Newcastle_and_Lake_Macquarie|Sydney_City_and_Inner_South|Sydney_Eastern_Suburbs|Sydney_Inner_South_West|Sydney_Inner_West|Sydney_North_Sydney_and_Hornsby|Sydney_Northern_Beaches|Sydney_Parramatta|Sydney_Ryde
au,Sydney_Sutherland,GNN,456,10,500,0.5,MVA_equivalent_PF1,283.4683,0.22976212086763717,65.130277806743635,110.21243720685774,0.38879986653483917,False,13.041922185558953,43.454154791780773,27.560625000000073,41.557961657190852,30.412232606221821,13.997336657190779,True,True,5.0000000000000008e-07,False,False,11,Central_Coast|Hunter_Valley_exc_Newcastle|Newcastle_and_Lake_Macquarie|Sydney_City_and_Inner_South|Sydney_Eastern_Suburbs|Sydney_Inner_South_West|Sydney_Inner_West|Sydney_North_Sydney_and_Hornsby|Sydney_Northern_Beaches|Sydney_Parramatta|Sydney_Ryde
au,Sydney_Sutherland,GNN,456,10,100,0.80000000000000004,MVA_equivalent_PF1,283.4683,0.42134464876692135,119.43785130005629,110.21243720685774,0.38879986653483917,True,1.3702913911786641,25.748312627342656,0,89.190589126253968,24.378021236163992,89.190589126253968,True,True,1.0000000000000001e-07,True,False,11,Central_Coast|Hunter_Valley_exc_Newcastle|Newcastle_and_Lake_Macquarie|Sydney_City_and_Inner_South|Sydney_Eastern_Suburbs|Sydney_Inner_South_West|Sydney_Inner_West|Sydney_North_Sydney_and_Hornsby|Sydney_Northern_Beaches|Sydney_Parramatta|Sydney_Ryde
au,Sydney_Sutherland,GNN,456,10,300,0.80000000000000004,MVA_equivalent_PF1,283.4683,0.42134464876692135,119.43785130005629,110.21243720685774,0.38879986653483917,True,5.8484302549610367,43.073975205278579,0.28687500000000055,46.193795313555711,37.225544950317541,45.906920313555709,True,True,3.0000000000000004e-07,False,False,11,Central_Coast|Hunter_Valley_exc_Newcastle|Newcastle_and_Lake_Macquarie|Sydney_City_and_Inner_South|Sydney_Eastern_Suburbs|Sydney_Inner_South_West|Sydney_Inner_West|Sydney_North_Sydney_and_Hornsby|Sydney_Northern_Beaches|Sydney_Parramatta|Sydney_Ryde
au,Sydney_Sutherland,GNN,456,10,500,0.80000000000000004,MVA_equivalent_PF1,283.4683,0.42134464876692135,119.43785130005629,110.21243720685774,0.38879986653483917,True,13.041922185558953,87.72981775146053,27.560625000000073,95.865535150503504,74.687895565901584,68.304910150503432,True,True,5.0000000000000008e-07,False,False,11,Central_Coast|Hunter_Valley_exc_Newcastle|Newcastle_and_Lake_Macquarie|Sydney_City_and_Inner_South|Sydney_Eastern_Suburbs|Sydney_Inner_South_West|Sydney_Inner_West|Sydney_North_Sydney_and_Hornsby|Sydney_Northern_Beaches|Sydney_Parramatta|Sydney_Ryde
au,Sydney_Sutherland,GNN,456,10,100,0.90000000000000002,MVA_equivalent_PF1,283.4683,0.56026948450350456,158.81863831408478,110.21243720685774,0.38879986653483917,True,1.3702913911786641,36.862146286242869,0,128.57137614028244,35.491854895064208,128.57137614028244,True,True,1.0000000000000001e-07,True,False,11,Central_Coast|Hunter_Valley_exc_Newcastle|Newcastle_and_Lake_Macquarie|Sydney_City_and_Inner_South|Sydney_Eastern_Suburbs|Sydney_Inner_South_West|Sydney_Inner_West|Sydney_North_Sydney_and_Hornsby|Sydney_Northern_Beaches|Sydney_Parramatta|Sydney_Ryde
au,Sydney_Sutherland,GNN,456,10,300,0.90000000000000002,MVA_equivalent_PF1,283.4683,0.56026948450350456,158.81863831408478,110.21243720685774,0.38879986653483917,True,5.8484302549610367,59.029884837627641,0.28687500000000055,65.88418882056996,53.181454582666603,65.597313820569966,True,True,3.0000000000000004e-07,False,False,11,Central_Coast|Hunter_Valley_exc_Newcastle|Newcastle_and_Lake_Macquarie|Sydney_City_and_Inner_South|Sydney_Eastern_Suburbs|Sydney_Inner_South_West|Sydney_Inner_West|Sydney_North_Sydney_and_Hornsby|Sydney_Northern_Beaches|Sydney_Parramatta|Sydney_Ryde
au,Sydney_Sutherland,GNN,456,10,500,0.90000000000000002,MVA_equivalent_PF1,283.4683,0.56026948450350456,158.81863831408478,110.21243720685774,0.38879986653483917,True,13.041922185558953,120.22071654353884,27.560625000000073,135.24632216453199,107.17879435797988,107.68569716453192,True,True,5.0000000000000008e-07,False,False,11,Central_Coast|Hunter_Valley_exc_Newcastle|Newcastle_and_Lake_Macquarie|Sydney_City_and_Inner_South|Sydney_Eastern_Suburbs|Sydney_Inner_South_West|Sydney_Inner_West|Sydney_North_Sydney_and_Hornsby|Sydney_Northern_Beaches|Sydney_Parramatta|Sydney_Ryde
au,Sydney_Sutherland,GNN,456,10,100,1,MVA_equivalent_PF1,283.4683,0.59205489131675215,167.82879354824451,110.21243720685774,0.38879986653483917,True,1.3702913911786641,39.422262098754203,0,137.58153137444214,38.051970707575542,137.58153137444214,True,True,1.0000000000000001e-07,True,False,11,Central_Coast|Hunter_Valley_exc_Newcastle|Newcastle_and_Lake_Macquarie|Sydney_City_and_Inner_South|Sydney_Eastern_Suburbs|Sydney_Inner_South_West|Sydney_Inner_West|Sydney_North_Sydney_and_Hornsby|Sydney_Northern_Beaches|Sydney_Parramatta|Sydney_Ryde
au,Sydney_Sutherland,GNN,456,10,300,1,MVA_equivalent_PF1,283.4683,0.59205489131675215,167.82879354824451,110.21243720685774,0.38879986653483917,True,5.8484302549610367,62.710477726132972,0.28687500000000055,70.389266437649809,56.862047471171934,70.102391437649814,True,True,3.0000000000000004e-07,False,False,11,Central_Coast|Hunter_Valley_exc_Newcastle|Newcastle_and_Lake_Macquarie|Sydney_City_and_Inner_South|Sydney_Eastern_Suburbs|Sydney_Inner_South_West|Sydney_Inner_West|Sydney_North_Sydney_and_Hornsby|Sydney_Northern_Beaches|Sydney_Parramatta|Sydney_Ryde
au,Sydney_Sutherland,GNN,456,10,500,1,MVA_equivalent_PF1,283.4683,0.59205489131675215,167.82879354824451,110.21243720685774,0.38879986653483917,True,13.041922185558953,127.70420641407229,27.560625000000073,144.25647739869169,114.66228422851333,116.69585239869161,True,True,5.0000000000000008e-07,False,False,11,Central_Coast|Hunter_Valley_exc_Newcastle|Newcastle_and_Lake_Macquarie|Sydney_City_and_Inner_South|Sydney_Eastern_Suburbs|Sydney_Inner_South_West|Sydney_Inner_West|Sydney_North_Sydney_and_Hornsby|Sydney_Northern_Beaches|Sydney_Parramatta|Sydney_Ryde
au,Sydney_Sutherland,GNN,456,20,100,0.5,MVA_equivalent_PF1,283.4683,0.00069645120551833841,0.19742183926123399,60.925540821454916,0.21492893851430625,False,0,0,0,0,0,0,True,True,1.0000000000000001e-09,True,True,11,Central_Coast|Hunter_Valley_exc_Newcastle|Newcastle_and_Lake_Macquarie|Sydney_City_and_Inner_South|Sydney_Eastern_Suburbs|Sydney_Inner_South_West|Sydney_Inner_West|Sydney_North_Sydney_and_Hornsby|Sydney_Northern_Beaches|Sydney_Parramatta|Sydney_Ryde
au,Sydney_Sutherland,GNN,456,20,300,0.5,MVA_equivalent_PF1,283.4683,0.00069645120551833841,0.19742183926123399,60.925540821454916,0.21492893851430625,False,0,0,0,0,0,0,True,True,1.0000000000000001e-09,True,True,11,Central_Coast|Hunter_Valley_exc_Newcastle|Newcastle_and_Lake_Macquarie|Sydney_City_and_Inner_South|Sydney_Eastern_Suburbs|Sydney_Inner_South_West|Sydney_Inner_West|Sydney_North_Sydney_and_Hornsby|Sydney_Northern_Beaches|Sydney_Parramatta|Sydney_Ryde
au,Sydney_Sutherland,GNN,456,20,500,0.5,MVA_equivalent_PF1,283.4683,0.00069645120551833841,0.19742183926123399,60.925540821454916,0.21492893851430625,False,0.025629859497695237,0.00010931100787945525,0,0,-0.025520548489815782,0,False,True,1.0823437500000069e-08,True,True,11,Central_Coast|Hunter_Valley_exc_Newcastle|Newcastle_and_Lake_Macquarie|Sydney_City_and_Inner_South|Sydney_Eastern_Suburbs|Sydney_Inner_South_West|Sydney_Inner_West|Sydney_North_Sydney_and_Hornsby|Sydney_Northern_Beaches|Sydney_Parramatta|Sydney_Ryde
au,Sydney_Sutherland,GNN,456,20,100,0.80000000000000004,MVA_equivalent_PF1,283.4683,0.27461631380204293,77.845019625731652,60.925540821454916,0.21492893851430625,True,0,0,0,0,0,0,True,True,1.0000000000000001e-09,True,True,11,Central_Coast|Hunter_Valley_exc_Newcastle|Newcastle_and_Lake_Macquarie|Sydney_City_and_Inner_South|Sydney_Eastern_Suburbs|Sydney_Inner_South_West|Sydney_Inner_West|Sydney_North_Sydney_and_Hornsby|Sydney_Northern_Beaches|Sydney_Parramatta|Sydney_Ryde
au,Sydney_Sutherland,GNN,456,20,300,0.80000000000000004,MVA_equivalent_PF1,283.4683,0.27461631380204293,77.845019625731652,60.925540821454916,0.21492893851430625,True,0,0,0,0,0,0,True,True,1.0000000000000001e-09,True,True,11,Central_Coast|Hunter_Valley_exc_Newcastle|Newcastle_and_Lake_Macquarie|Sydney_City_and_Inner_South|Sydney_Eastern_Suburbs|Sydney_Inner_South_West|Sydney_Inner_West|Sydney_North_Sydney_and_Hornsby|Sydney_Northern_Beaches|Sydney_Parramatta|Sydney_Ryde
au,Sydney_Sutherland,GNN,456,20,500,0.80000000000000004,MVA_equivalent_PF1,283.4683,0.27461631380204293,77.845019625731652,60.925540821454916,0.21492893851430625,True,0.025629859497695237,0.15250538284170381,0,0,0.12687552334400859,0,True,True,1.0823437500000069e-08,True,True,11,Central_Coast|Hunter_Valley_exc_Newcastle|Newcastle_and_Lake_Macquarie|Sydney_City_and_Inner_South|Sydney_Eastern_Suburbs|Sydney_Inner_South_West|Sydney_Inner_West|Sydney_North_Sydney_and_Hornsby|Sydney_Northern_Beaches|Sydney_Parramatta|Sydney_Ryde
au,Sydney_Sutherland,GNN,456,20,100,0.90000000000000002,MVA_equivalent_PF1,283.4683,0.55350404524109131,156.90085074761524,60.925540821454916,0.21492893851430625,True,0,0,0,0,0,0,True,True,1.0000000000000001e-09,True,True,11,Central_Coast|Hunter_Valley_exc_Newcastle|Newcastle_and_Lake_Macquarie|Sydney_City_and_Inner_South|Sydney_Eastern_Suburbs|Sydney_Inner_South_West|Sydney_Inner_West|Sydney_North_Sydney_and_Hornsby|Sydney_Northern_Beaches|Sydney_Parramatta|Sydney_Ryde
au,Sydney_Sutherland,GNN,456,20,300,0.90000000000000002,MVA_equivalent_PF1,283.4683,0.55350404524109131,156.90085074761524,60.925540821454916,0.21492893851430625,True,0,0,0,0,0,0,True,True,1.0000000000000001e-09,True,True,11,Central_Coast|Hunter_Valley_exc_Newcastle|Newcastle_and_Lake_Macquarie|Sydney_City_and_Inner_South|Sydney_Eastern_Suburbs|Sydney_Inner_South_West|Sydney_Inner_West|Sydney_North_Sydney_and_Hornsby|Sydney_Northern_Beaches|Sydney_Parramatta|Sydney_Ryde
au,Sydney_Sutherland,GNN,456,20,500,0.90000000000000002,MVA_equivalent_PF1,283.4683,0.55350404524109131,156.90085074761524,60.925540821454916,0.21492893851430625,True,0.025629859497695237,0.32788607163010663,0,0,0.30225621213241138,0,True,True,1.0823437500000069e-08,True,True,11,Central_Coast|Hunter_Valley_exc_Newcastle|Newcastle_and_Lake_Macquarie|Sydney_City_and_Inner_South|Sydney_Eastern_Suburbs|Sydney_Inner_South_West|Sydney_Inner_West|Sydney_North_Sydney_and_Hornsby|Sydney_Northern_Beaches|Sydney_Parramatta|Sydney_Ryde
au,Sydney_Sutherland,GNN,456,20,100,1,MVA_equivalent_PF1,283.4683,0.76965969573667559,218.17412552899268,60.925540821454916,0.21492893851430625,True,0,0,0,0,0,0,True,True,1.0000000000000001e-09,True,True,11,Central_Coast|Hunter_Valley_exc_Newcastle|Newcastle_and_Lake_Macquarie|Sydney_City_and_Inner_South|Sydney_Eastern_Suburbs|Sydney_Inner_South_West|Sydney_Inner_West|Sydney_North_Sydney_and_Hornsby|Sydney_Northern_Beaches|Sydney_Parramatta|Sydney_Ryde
au,Sydney_Sutherland,GNN,456,20,300,1,MVA_equivalent_PF1,283.4683,0.76965969573667559,218.17412552899268,60.925540821454916,0.21492893851430625,True,0,0.042558297895921041,0,0,0.042558297895921041,0,True,True,1.0000000000000001e-09,True,True,11,Central_Coast|Hunter_Valley_exc_Newcastle|Newcastle_and_Lake_Macquarie|Sydney_City_and_Inner_South|Sydney_Eastern_Suburbs|Sydney_Inner_South_West|Sydney_Inner_West|Sydney_North_Sydney_and_Hornsby|Sydney_Northern_Beaches|Sydney_Parramatta|Sydney_Ryde
au,Sydney_Sutherland,GNN,456,20,500,1,MVA_equivalent_PF1,283.4683,0.76965969573667559,218.17412552899268,60.925540821454916,0.21492893851430625,True,0.025629859497695237,9.9574589274539651,0,31.334643172229043,9.9318290679562704,31.334643172229043,True,True,1.0823437500000069e-08,True,False,11,Central_Coast|Hunter_Valley_exc_Newcastle|Newcastle_and_Lake_Macquarie|Sydney_City_and_Inner_South|Sydney_Eastern_Suburbs|Sydney_Inner_South_West|Sydney_Inner_West|Sydney_North_Sydney_and_Hornsby|Sydney_Northern_Beaches|Sydney_Parramatta|Sydney_Ryde
