country,region,method,seed,radius_km,dc_mw,tariff,cost_unit,L_E,L_S,n_candidates,shortlist_k,true_zero_q_fraction,estimated_zero_q_fraction,cutoff_tie_size,selected_cutoff_tie_count,selected_ids,oracle_ids,field_sha256
au,Central_Coast,Ref,,10,100,none,MVA_equivalent_PF1,10.647620184816304,3.9351562499999986,2000,20,0.29049999999999998,0.3125,625,20,525|575|700|775|850|925|1025|1125|1200|1225|1300|1325|1400|1425|1500|1525|1600|1625|1700|1725,775|850|925|1025|1125|1200|1300|1400|1425|1500|1525|1600|1625|1700|1725|1800|1825|1850|1925|1950,VD-Ref
au,Central_Coast,Uni,,10,100,none,MVA_equivalent_PF1,33.097479259905526,21.974374999999991,2000,20,0.29049999999999998,0.39100000000000001,782,20,25|50|75|100|125|150|175|200|225|250|275|300|325|350|375|400|425|450|500|525,775|850|925|1025|1125|1200|1300|1400|1425|1500|1525|1600|1625|1700|1725|1800|1825|1850|1925|1950,d3ebaf45d9f688d7374267ce982304cfeabb2c4c901eac17d933c585394c9da8
au,Central_Coast,LU,,10,100,none,MVA_equivalent_PF1,29.17474070062724,20.389062499999987,2000,20,0.29049999999999998,0.38600000000000001,772,20,25|50|75|100|125|150|175|200|225|250|300|325|350|375|425|450|500|525|550|575,775|850|925|1025|1125|1200|1300|1400|1425|1500|1525|1600|1625|1700|1725|1800|1825|1850|1925|1950,088970df2876cda74dc40ed777faa0a7f753109be5e8692b752203870d3083f1
au,Central_Coast,GNN,42,10,100,none,MVA_equivalent_PF1,31.109277291683213,21.974374999999991,2000,20,0.29049999999999998,0.33950000000000002,679,20,25|50|75|100|125|150|175|200|225|250|275|300|325|350|375|400|425|450|500|525,775|850|925|1025|1125|1200|1300|1400|1425|1500|1525|1600|1625|1700|1725|1800|1825|1850|1925|1950,1f53ba1808ef25e82519d5cd046365705897b29ced4ad4a963678d495d85f0fa
au,Central_Coast,GNN,123,10,100,none,MVA_equivalent_PF1,33.664356273527915,21.974374999999991,2000,20,0.29049999999999998,0.34100000000000003,682,20,25|50|75|100|125|150|175|200|225|250|275|300|325|350|375|400|425|450|500|525,775|850|925|1025|1125|1200|1300|1400|1425|1500|1525|1600|1625|1700|1725|1800|1825|1850|1925|1950,d9126b4a435cda0c256787b6afe45a201827d5b2ba059cc03da64b205be4cc04
au,Central_Coast,GNN,456,10,100,none,MVA_equivalent_PF1,52.209044137294669,21.974374999999991,2000,20,0.29049999999999998,0.35149999999999998,703,20,25|50|75|100|125|150|175|200|225|250|275|300|325|350|375|400|425|450|500|525,775|850|925|1025|1125|1200|1300|1400|1425|1500|1525|1600|1625|1700|1725|1800|1825|1850|1925|1950,0e0b5713afcd2eee1b9f0d33bcc34b4742c46eee2c5775bfca3ac15b5a0db55a
au,Central_Coast,Ref,,10,300,none,MVA_equivalent_PF1,15.4718566887164,1.6674999999999955,2000,20,0.026499999999999999,0.089499999999999996,179,20,32375|32625|32800|32900|32975|33075|33150|33250|33325|33425|33525|33625|33725|33825|33925|33950|34050|34150|34175|34275,32375|32625|32800|32900|32975|33075|33150|33250|33325|33425|33525|33625|33725|33825|33925|34050|34150|34275|34400|34525,VD-Ref
au,Central_Coast,Uni,,10,300,none,MVA_equivalent_PF1,50.254660372626574,103.12750000000001,2000,20,0.026499999999999999,0.1115,223,20,2725|2950|3575|3925|4950|5550|5700|5850|6025|6175|6350|6525|7575|7750|7950|8325|32375|32625|32800|32900,32375|32625|32800|32900|32975|33075|33150|33250|33325|33425|33525|33625|33725|33825|33925|34050|34150|34275|34400|34525,d3ebaf45d9f688d7374267ce982304cfeabb2c4c901eac17d933c585394c9da8
au,Central_Coast,LU,,10,300,none,MVA_equivalent_PF1,44.595021310516209,45.11828125000001,2000,20,0.026499999999999999,0.10050000000000001,201,20,4950|5550|5700|5850|6175|7575|8325|32375|32625|32800|32900|32975|33075|33150|33250|33325|33425|33525|33625|33725,32375|32625|32800|32900|32975|33075|33150|33250|33325|33425|33525|33625|33725|33825|33925|34050|34150|34275|34400|34525,088970df2876cda74dc40ed777faa0a7f753109be5e8692b752203870d3083f1
au,Central_Coast,GNN,42,10,300,none,MVA_equivalent_PF1,44.999540898090949,51.563750000000006,2000,20,0.026499999999999999,0.0935,187,20,2725|3575|4950|5550|5700|6025|6350|6525|32375|32625|32800|32900|32975|33075|33150|33250|33325|33425|33525|33625,32375|32625|32800|32900|32975|33075|33150|33250|33325|33425|33525|33625|33725|33825|33925|34050|34150|34275|34400|34525,1f53ba1808ef25e82519d5cd046365705897b29ced4ad4a963678d495d85f0fa
au,Central_Coast,GNN,123,10,300,none,MVA_equivalent_PF1,48.509796826854085,83.791093750000002,2000,20,0.026499999999999999,0.099500000000000005,199,20,2725|2950|3575|3925|4050|4175|4300|4950|5550|5700|6025|6350|6525|32375|32625|32800|32900|32975|33075|33150,32375|32625|32800|32900|32975|33075|33150|33250|33325|33425|33525|33625|33725|33825|33925|34050|34150|34275|34400|34525,d9126b4a435cda0c256787b6afe45a201827d5b2ba059cc03da64b205be4cc04
au,Central_Coast,GNN,456,10,300,none,MVA_equivalent_PF1,73.214289583842572,144.09218750000002,2000,20,0.026499999999999999,0.127,254,20,2150|2275|2500|2525|2725|2850|2950|3200|3450|3575|3700|3825|3925|4050|4175|4300|4425|4550|4700|4825,32375|32625|32800|32900|32975|33075|33150|33250|33325|33425|33525|33625|33725|33825|33925|34050|34150|34275|34400|34525,0e0b5713afcd2eee1b9f0d33bcc34b4742c46eee2c5775bfca3ac15b5a0db55a
au,Central_Coast,Ref,,10,500,none,MVA_equivalent_PF1,17.825857088970178,2.1316282072803006e-14,2000,20,0,0,1,1,41175|41550|40125|39525|36475|36750|39675|41000|38950|39825|39100|40825|39975|38525|37550|38275|37425|38150|42475|39250,41925|42300|42475|42675|42850|43025|43200|36475|36750|37425|37550|38150|38275|38525|38950|39100|39250|39525|39675|39825,VD-Ref
au,Central_Coast,Uni,,10,500,none,MVA_equivalent_PF1,54.750552535820766,3.5527136788005009e-14,2000,20,0,0.010999999999999999,22,20,36475|36750|37425|37550|38150|38275|38525|38950|39100|39250|39525|39675|39825|39975|40125|40300|40475|40650|40825|41000,41925|42300|42475|42675|42850|43025|43200|36475|36750|37425|37550|38150|38275|38525|38950|39100|39250|39525|39675|39825,d3ebaf45d9f688d7374267ce982304cfeabb2c4c901eac17d933c585394c9da8
au,Central_Coast,LU,,10,500,none,MVA_equivalent_PF1,48.120597734060006,3.5527136788005009e-14,2000,20,0,0.0040000000000000001,1,1,36475|36750|37550|40300|40475|40650|40825|41550|41000|41175|37425|39975|39250|38275|39825|40125|39525|38525|39675|39100,41925|42300|42475|42675|42850|43025|43200|36475|36750|37425|37550|38150|38275|38525|38950|39100|39250|39525|39675|39825,088970df2876cda74dc40ed777faa0a7f753109be5e8692b752203870d3083f1
au,Central_Coast,GNN,42,10,500,none,MVA_equivalent_PF1,48.260522168143503,3.5527136788005009e-14,2000,20,0,0.0040000000000000001,1,1,36475|36750|40300|40475|40650|40825|41000|41550|37550|41175|39975|39250|39825|37425|38275|40125|39675|39100|39525|38525,41925|42300|42475|42675|42850|43025|43200|36475|36750|37425|37550|38150|38275|38525|38950|39100|39250|39525|39675|39825,1f53ba1808ef25e82519d5cd046365705897b29ced4ad4a963678d495d85f0fa
au,Central_Coast,GNN,123,10,500,none,MVA_equivalent_PF1,52.007988883572644,3.5527136788005009e-14,2000,20,0,0.0080000000000000002,1,1,36475|36750|37425|37550|38275|39250|39825|39975|40125|40300|40475|40650|40825|41000|41175|41550|39675|39100|39525|38525,41925|42300|42475|42675|42850|43025|43200|36475|36750|37425|37550|38150|38275|38525|38950|39100|39250|39525|39675|39825,d9126b4a435cda0c256787b6afe45a201827d5b2ba059cc03da64b205be4cc04
au,Central_Coast,GNN,456,10,500,none,MVA_equivalent_PF1,81.009884894207843,3.5527136788005009e-14,2000,20,0,0.014500000000000001,29,20,36475|36750|37425|37550|38150|38275|38525|38950|39100|39250|39525|39675|39825|39975|40125|40300|40475|40650|40825|41000,41925|42300|42475|42675|42850|43025|43200|36475|36750|37425|37550|38150|38275|38525|38950|39100|39250|39525|39675|39825,0e0b5713afcd2eee1b9f0d33bcc34b4742c46eee2c5775bfca3ac15b5a0db55a
au,Central_Coast,Ref,,20,100,none,MVA_equivalent_PF1,11.530912206147978,0,2000,20,0.68100000000000005,0.65749999999999997,1315,20,0|25|50|75|100|125|150|175|200|225|250|275|300|325|350|375|400|425|450|475,0|25|50|75|100|125|150|175|200|225|250|275|300|325|350|375|400|425|450|475,VD-Ref
au,Central_Coast,Uni,,20,100,none,MVA_equivalent_PF1,50.424865995908128,0,2000,20,0.68100000000000005,0.63300000000000001,1266,20,0|25|50|75|100|125|150|175|200|225|250|275|300|325|350|375|400|425|450|475,0|25|50|75|100|125|150|175|200|225|250|275|300|325|350|375|400|425|450|475,d3ebaf45d9f688d7374267ce982304cfeabb2c4c901eac17d933c585394c9da8
au,Central_Coast,LU,,20,100,none,MVA_equivalent_PF1,43.475538631527684,0,2000,20,0.68100000000000005,0.63600000000000001,1272,20,0|25|50|75|100|125|150|175|200|225|250|275|300|325|350|375|400|425|450|475,0|25|50|75|100|125|150|175|200|225|250|275|300|325|350|375|400|425|450|475,088970df2876cda74dc40ed777faa0a7f753109be5e8692b752203870d3083f1
au,Central_Coast,GNN,42,20,100,none,MVA_equivalent_PF1,43.613961614244403,0,2000,20,0.68100000000000005,0.59399999999999997,1188,20,0|25|50|75|100|125|150|175|200|225|250|275|300|325|350|375|400|425|450|475,0|25|50|75|100|125|150|175|200|225|250|275|300|325|350|375|400|425|450|475,1f53ba1808ef25e82519d5cd046365705897b29ced4ad4a963678d495d85f0fa
au,Central_Coast,GNN,123,20,100,none,MVA_equivalent_PF1,47.466581192193068,0,2000,20,0.68100000000000005,0.58850000000000002,1177,20,0|25|50|75|100|125|150|175|200|225|250|275|300|325|350|375|400|425|450|475,0|25|50|75|100|125|150|175|200|225|250|275|300|325|350|375|400|425|450|475,d9126b4a435cda0c256787b6afe45a201827d5b2ba059cc03da64b205be4cc04
au,Central_Coast,GNN,456,20,100,none,MVA_equivalent_PF1,76.155297043255715,0,2000,20,0.68100000000000005,0.5585,1117,20,0|25|50|75|100|125|150|175|200|225|250|275|300|325|350|375|400|425|450|475,0|25|50|75|100|125|150|175|200|225|250|275|300|325|350|375|400|425|450|475,0e0b5713afcd2eee1b9f0d33bcc34b4742c46eee2c5775bfca3ac15b5a0db55a
au,Central_Coast,Ref,,20,300,none,MVA_equivalent_PF1,17.233271108659341,0,2000,20,0.34150000000000003,0.34150000000000003,683,20,6725|6900|7075|7250|7425|7600|7775|7800|7975|8150|8175|8350|8375|8525|8550|8725|8750|8950|8975|9150,6725|6900|7075|7250|7425|7600|7775|7800|7975|8150|8175|8350|8375|8525|8550|8725|8750|8950|8975|9150,VD-Ref
au,Central_Coast,Uni,,20,300,none,MVA_equivalent_PF1,79.636123291249177,124.07968750000001,2000,20,0.34150000000000003,0.40350000000000003,807,20,225|250|275|325|350|375|400|450|500|550|575|600|650|700|725|775|800|850|875|925,6725|6900|7075|7250|7425|7600|7775|7800|7975|8150|8175|8350|8375|8525|8550|8725|8750|8950|8975|9150,d3ebaf45d9f688d7374267ce982304cfeabb2c4c901eac17d933c585394c9da8
au,Central_Coast,LU,,20,300,none,MVA_equivalent_PF1,70.368354381943817,112.48843749999992,2000,20,0.34150000000000003,0.39050000000000001,781,20,225|250|275|575|700|775|850|925|1025|1125|1200|1225|1300|1325|1400|1425|1525|1625|1725|1825,6725|6900|7075|7250|7425|7600|7775|7800|7975|8150|8175|8350|8375|8525|8550|8725|8750|8950|8975|9150,088970df2876cda74dc40ed777faa0a7f753109be5e8692b752203870d3083f1
au,Central_Coast,GNN,42,20,300,none,MVA_equivalent_PF1,64.472890930983525,109.590625,2000,20,0.34150000000000003,0.33600000000000002,672,20,575|700|775|1025|1125|1225|1325|1425|1850|1950|2075|2200|2300|2425|2525|2650|2875|2975|3100|3225,6725|6900|7075|7250|7425|7600|7775|7800|7975|8150|8175|8350|8375|8525|8550|8725|8750|8950|8975|9150,1f53ba1808ef25e82519d5cd046365705897b29ced4ad4a963678d495d85f0fa
au,Central_Coast,GNN,123,20,300,none,MVA_equivalent_PF1,69.795650517581151,109.590625,2000,20,0.34150000000000003,0.33100000000000002,662,20,575|700|775|850|925|1025|1125|1225|1325|1425|1525|1625|1850|1950|2075|2200|2300|2425|2525|2625,6725|6900|7075|7250|7425|7600|7775|7800|7975|8150|8175|8350|8375|8525|8550|8725|8750|8950|8975|9150,d9126b4a435cda0c256787b6afe45a201827d5b2ba059cc03da64b205be4cc04
au,Central_Coast,GNN,456,20,300,none,MVA_equivalent_PF1,104.56669132942815,120.21593749999995,2000,20,0.34150000000000003,0.33000000000000002,660,20,0|175|200|225|250|275|325|350|375|400|525|575|700|775|850|925|1025|1125|1200|1225,6725|6900|7075|7250|7425|7600|7775|7800|7975|8150|8175|8350|8375|8525|8550|8725|8750|8950|8975|9150,0e0b5713afcd2eee1b9f0d33bcc34b4742c46eee2c5775bfca3ac15b5a0db55a
au,Central_Coast,Ref,,20,500,none,MVA_equivalent_PF1,24.804247839531506,26.265625,2000,20,0.0195,0.074999999999999997,150,20,10275|10500|10700|10925|11150|11350|11375|11575|11600|11800|11825|12025|12050|12250|12275|12475|12500|12725|12750|12975,31025|31200|31525|32375|32450|32625|32800|32975|33150|33425|33525|33625|33725|33825|33925|34050|34150|34275|34375|34400,VD-Ref
au,Central_Coast,Uni,,20,500,none,MVA_equivalent_PF1,100.96037470909241,96.003125000000054,2000,20,0.0195,0.17899999999999999,358,20,6725|6900|7075|7250|7425|7600|7800|8175|8975|9200|10275|10500|10700|10925|11150|11350|11375|11575|11600|11800,31025|31200|31525|32375|32450|32625|32800|32975|33150|33425|33525|33625|33725|33825|33925|34050|34150|34275|34375|34400,d3ebaf45d9f688d7374267ce982304cfeabb2c4c901eac17d933c585394c9da8
au,Central_Coast,LU,,20,500,none,MVA_equivalent_PF1,89.033496048844796,33.23937500000001,2000,20,0.0195,0.14499999999999999,290,20,6725|10275|10500|10700|10925|11150|11350|11375|11575|11600|11800|11825|12025|12050|12250|12275|12475|12500|12725|12750,31025|31200|31525|32375|32450|32625|32800|32975|33150|33425|33525|33625|33725|33825|33925|34050|34150|34275|34375|34400,088970df2876cda74dc40ed777faa0a7f753109be5e8692b752203870d3083f1
au,Central_Coast,GNN,42,20,500,none,MVA_equivalent_PF1,76.844936233258252,26.265625,2000,20,0.0195,0.10249999999999999,205,20,10275|10500|10700|10925|11150|11350|11375|11575|11600|11800|11825|12025|12050|12250|12275|12475|12500|12725|12750|12975,31025|31200|31525|32375|32450|32625|32800|32975|33150|33425|33525|33625|33725|33825|33925|34050|34150|34275|34375|34400,1f53ba1808ef25e82519d5cd046365705897b29ced4ad4a963678d495d85f0fa
au,Central_Coast,GNN,123,20,500,none,MVA_equivalent_PF1,83.302509714374324,26.265625,2000,20,0.0195,0.1055,211,20,10275|10500|10700|10925|11150|11350|11375|11575|11600|11800|11825|12025|12050|12250|12275|12475|12500|12725|12750|12975,31025|31200|31525|32375|32450|32625|32800|32975|33150|33425|33525|33625|33725|33825|33925|34050|34150|34275|34375|34400,d9126b4a435cda0c256787b6afe45a201827d5b2ba059cc03da64b205be4cc04
au,Central_Coast,GNN,456,20,500,none,MVA_equivalent_PF1,123.90518238678648,96.00312500000004,2000,20,0.0195,0.13450000000000001,269,20,6725|6900|7075|7250|7425|7800|8375|8975|9200|9625|10275|10500|10700|10925|11150|11350|11375|11575|11600|11800,31025|31200|31525|32375|32450|32625|32800|32975|33150|33425|33525|33625|33725|33825|33925|34050|34150|34275|34375|34400,0e0b5713afcd2eee1b9f0d33bcc34b4742c46eee2c5775bfca3ac15b5a0db55a
au,Hunter_Valley_exc_Newcastle,Ref,,10,100,none,MVA_equivalent_PF1,2.8501893064537831,0,2000,20,0.049000000000000002,0.047,94,20,6966|7525|7912|8299|8514|8686|8901|9073|9288|9503|9675|10062|10277|10492|10664|10836|10879|11051|11223|11266,6966|7525|7912|8299|8514|8686|8901|9073|9288|9503|9675|9890|10062|10277|10492|10664|10836|10879|11051|11223,VD-Ref
au,Hunter_Valley_exc_Newcastle,Uni,,10,100,none,MVA_equivalent_PF1,3.8475979685159971,0,2000,20,0.049000000000000002,0.047500000000000001,95,20,6966|7525|7912|8299|8514|8686|8901|9073|9288|9503|9675|9890|10062|10277|10492|10664|10836|10879|11051|11223,6966|7525|7912|8299|8514|8686|8901|9073|9288|9503|9675|9890|10062|10277|10492|10664|10836|10879|11051|11223,b0d21f1c3a4c4000bbe09938b69dd591ac9ef59d0ea2e498045acf0cd1b43f1a
au,Hunter_Valley_exc_Newcastle,LU,,10,100,none,MVA_equivalent_PF1,3.7450604372185299,0,2000,20,0.049000000000000002,0.047500000000000001,95,20,6966|7525|7912|8299|8514|8686|8901|9073|9288|9503|9675|9890|10062|10277|10492|10664|10836|10879|11051|11223,6966|7525|7912|8299|8514|8686|8901|9073|9288|9503|9675|9890|10062|10277|10492|10664|10836|10879|11051|11223,58608bb4960f2d6e9d1f56ef963f36e0afee98c9ec6f303ddb5cf9357c8a0ed5
au,Hunter_Valley_exc_Newcastle,GNN,42,10,100,none,MVA_equivalent_PF1,3.6400634380865573,0,2000,20,0.049000000000000002,0.048000000000000001,96,20,6966|7525|7912|8299|8514|8686|8901|9073|9288|9503|9675|9890|10062|10277|10492|10664|10836|10879|11051|11223,6966|7525|7912|8299|8514|8686|8901|9073|9288|9503|9675|9890|10062|10277|10492|10664|10836|10879|11051|11223,004a5882723fec3fef3fc437fb9575edfc0d9f3a3b746998ca359599ef073426
au,Hunter_Valley_exc_Newcastle,GNN,123,10,100,none,MVA_equivalent_PF1,3.7254128865458123,0,2000,20,0.049000000000000002,0.0465,93,20,6966|7525|7912|8299|8514|8686|8901|9073|9288|9503|9675|9890|10062|10277|10492|10664|10836|10879|11051|11223,6966|7525|7912|8299|8514|8686|8901|9073|9288|9503|9675|9890|10062|10277|10492|10664|10836|10879|11051|11223,a57f9231dfe3419da0ae232ecdf71bb50a7b2aabdc5b219b217e545fd30444c8
au,Hunter_Valley_exc_Newcastle,GNN,456,10,100,none,MVA_equivalent_PF1,4.1415526609065143,0,2000,20,0.049000000000000002,0.040500000000000001,81,20,6966|7525|7912|8299|8514|8686|8901|9073|9288|9503|9675|9890|10062|10277|10492|10664|10836|10879|11051|11223,6966|7525|7912|8299|8514|8686|8901|9073|9288|9503|9675|9890|10062|10277|10492|10664|10836|10879|11051|11223,52053416581cc142953eb083220dfdb3b3a7a3572cdbb1ce4a3ebbc450478fc4
au,Hunter_Valley_exc_Newcastle,Ref,,10,300,none,MVA_equivalent_PF1,3.7303329840262318,4.0538281249999955,2000,20,0,0.0015,1,1,12341|12513|12857|11266|10492|10879|36894|9503|13631|13158|9073|85226|8686|85742|13803|10062|13330|11825|9675|85312,12341|12513|12857|85097|13158|13330|13631|13803|10492|10879|11266|9503|8686|9073|9675|10062|10664|11051|11438|12169,VD-Ref
au,Hunter_Valley_exc_Newcastle,Uni,,10,300,none,MVA_equivalent_PF1,5.0647118358940491,4.1278124999999761,2000,20,0,0.0015,1,1,12341|12513|12857|11266|10492|10879|9073|8686|9503|10062|9675|10664|13631|13158|11051|11438|10836|11223|11610|11782,12341|12513|12857|85097|13158|13330|13631|13803|10492|10879|11266|9503|8686|9073|9675|10062|10664|11051|11438|12169,b0d21f1c3a4c4000bbe09938b69dd591ac9ef59d0ea2e498045acf0cd1b43f1a
au,Hunter_Valley_exc_Newcastle,LU,,10,300,none,MVA_equivalent_PF1,4.8842524675819776,4.366328124999967,2000,20,0,0.0015,1,1,12341|12513|12857|11266|10492|10879|9503|8686|9675|9073|10062|10664|11051|11438|13631|13158|12169|8299|11825|10836,12341|12513|12857|85097|13158|13330|13631|13803|10492|10879|11266|9503|8686|9073|9675|10062|10664|11051|11438|12169,58608bb4960f2d6e9d1f56ef963f36e0afee98c9ec6f303ddb5cf9357c8a0ed5
au,Hunter_Valley_exc_Newcastle,GNN,42,10,300,none,MVA_equivalent_PF1,4.754064425134584,1.2929687499999716,2000,20,0,0.0015,1,1,12341|12513|12857|9503|11266|8686|9073|9675|10062|10664|11051|11438|10492|13631|13158|12169|10879|13803|13330|11782,12341|12513|12857|85097|13158|13330|13631|13803|10492|10879|11266|9503|8686|9073|9675|10062|10664|11051|11438|12169,004a5882723fec3fef3fc437fb9575edfc0d9f3a3b746998ca359599ef073426
au,Hunter_Valley_exc_Newcastle,GNN,123,10,300,none,MVA_equivalent_PF1,4.8095706923828923,4.001093749999967,2000,20,0,0.0015,1,1,12341|12513|12857|11266|10492|9503|8686|10879|9073|9675|10062|10664|13631|11051|13158|11438|12169|8299|10836|11782,12341|12513|12857|85097|13158|13330|13631|13803|10492|10879|11266|9503|8686|9073|9675|10062|10664|11051|11438|12169,a57f9231dfe3419da0ae232ecdf71bb50a7b2aabdc5b219b217e545fd30444c8
au,Hunter_Valley_exc_Newcastle,GNN,456,10,300,none,MVA_equivalent_PF1,5.3516200147680664,3.7226562499999716,2000,20,0,0.0015,1,1,12341|12513|12857|11266|9503|10492|10879|8686|9073|9675|10062|10664|13631|13158|11051|11438|12169|11782|10836|11223,12341|12513|12857|85097|13158|13330|13631|13803|10492|10879|11266|9503|8686|9073|9675|10062|10664|11051|11438|12169,52053416581cc142953eb083220dfdb3b3a7a3572cdbb1ce4a3ebbc450478fc4
au,Hunter_Valley_exc_Newcastle,Ref,,10,500,none,MVA_equivalent_PF1,3.7976037042685076,4.0538281249999386,2000,20,0,0,1,1,12513|12341|12857|11266|10492|10879|36894|9503|13631|13158|9073|85226|8686|85742|13803|10062|13330|11825|9675|85312,12341|12513|12857|85097|13158|13330|13631|13803|11266|10492|10879|9503|8686|9073|9675|10062|10664|11051|11438|12169,VD-Ref
au,Hunter_Valley_exc_Newcastle,Uni,,10,500,none,MVA_equivalent_PF1,5.1539826997623273,4.1278124999999477,2000,20,0,0,1,1,12513|12341|12857|11266|10492|10879|9073|8686|9503|10062|9675|10664|13631|13158|11051|11438|10836|11223|11610|11782,12341|12513|12857|85097|13158|13330|13631|13803|11266|10492|10879|9503|8686|9073|9675|10062|10664|11051|11438|12169,b0d21f1c3a4c4000bbe09938b69dd591ac9ef59d0ea2e498045acf0cd1b43f1a
au,Hunter_Valley_exc_Newcastle,LU,,10,500,none,MVA_equivalent_PF1,4.9740941789680777,4.3663281249999955,2000,20,0,0,1,1,12513|12341|12857|11266|10492|10879|9503|8686|9675|9073|10062|10664|11051|11438|13631|13158|12169|8299|11825|10836,12341|12513|12857|85097|13158|13330|13631|13803|11266|10492|10879|9503|8686|9073|9675|10062|10664|11051|11438|12169,58608bb4960f2d6e9d1f56ef963f36e0afee98c9ec6f303ddb5cf9357c8a0ed5
au,Hunter_Valley_exc_Newcastle,GNN,42,10,500,none,MVA_equivalent_PF1,4.854721636960396,1.29296875,2000,20,0,0,1,1,12513|12341|12857|9503|11266|8686|9073|9675|10062|10664|11051|11438|10492|13631|13158|12169|10879|13803|13330|11782,12341|12513|12857|85097|13158|13330|13631|13803|11266|10492|10879|9503|8686|9073|9675|10062|10664|11051|11438|12169,004a5882723fec3fef3fc437fb9575edfc0d9f3a3b746998ca359599ef073426
au,Hunter_Valley_exc_Newcastle,GNN,123,10,500,none,MVA_equivalent_PF1,4.8939632600464593,4.0010937499999955,2000,20,0,0,1,1,12513|12341|12857|11266|10492|9503|8686|10879|9073|9675|10062|10664|13631|11051|13158|11438|12169|8299|10836|11782,12341|12513|12857|85097|13158|13330|13631|13803|11266|10492|10879|9503|8686|9073|9675|10062|10664|11051|11438|12169,a57f9231dfe3419da0ae232ecdf71bb50a7b2aabdc5b219b217e545fd30444c8
au,Hunter_Valley_exc_Newcastle,GNN,456,10,500,none,MVA_equivalent_PF1,5.4480709209747546,3.72265625,2000,20,0,0,1,1,12513|12341|12857|11266|9503|10492|10879|8686|9073|9675|10062|10664|13631|13158|11051|11438|12169|11782|10836|11223,12341|12513|12857|85097|13158|13330|13631|13803|11266|10492|10879|9503|8686|9073|9675|10062|10664|11051|11438|12169,52053416581cc142953eb083220dfdb3b3a7a3572cdbb1ce4a3ebbc450478fc4
au,Hunter_Valley_exc_Newcastle,Ref,,20,100,none,MVA_equivalent_PF1,3.889706646215028,0,2000,20,0.154,0.1535,307,20,3612|3784|3956|4128|4300|4472|4644|4816|4988|5160|5332|5504|5676|5891|6063|6235|6407|6579|6751|6794,3612|3784|3956|4128|4300|4472|4644|4816|4988|5160|5332|5504|5676|5891|6063|6235|6407|6579|6751|6794,VD-Ref
au,Hunter_Valley_exc_Newcastle,Uni,,20,100,none,MVA_equivalent_PF1,7.1872353404137215,0,2000,20,0.154,0.16300000000000001,326,20,3612|3784|3956|4128|4300|4472|4644|4816|4988|5160|5332|5504|5676|5891|6063|6235|6407|6579|6751|6794,3612|3784|3956|4128|4300|4472|4644|4816|4988|5160|5332|5504|5676|5891|6063|6235|6407|6579|6751|6794,b0d21f1c3a4c4000bbe09938b69dd591ac9ef59d0ea2e498045acf0cd1b43f1a
au,Hunter_Valley_exc_Newcastle,LU,,20,100,none,MVA_equivalent_PF1,7.2913333262787354,0,2000,20,0.154,0.1605,321,20,3612|3784|3956|4128|4300|4472|4644|4816|4988|5160|5332|5504|5676|5891|6063|6235|6407|6579|6751|6794,3612|3784|3956|4128|4300|4472|4644|4816|4988|5160|5332|5504|5676|5891|6063|6235|6407|6579|6751|6794,58608bb4960f2d6e9d1f56ef963f36e0afee98c9ec6f303ddb5cf9357c8a0ed5
au,Hunter_Valley_exc_Newcastle,GNN,42,20,100,none,MVA_equivalent_PF1,7.1383357536839913,0,2000,20,0.154,0.153,306,20,3612|3784|3956|4128|4300|4472|4644|4816|4988|5160|5332|5504|5676|5891|6063|6235|6407|6579|6751|6794,3612|3784|3956|4128|4300|4472|4644|4816|4988|5160|5332|5504|5676|5891|6063|6235|6407|6579|6751|6794,004a5882723fec3fef3fc437fb9575edfc0d9f3a3b746998ca359599ef073426
au,Hunter_Valley_exc_Newcastle,GNN,123,20,100,none,MVA_equivalent_PF1,7.2828724356280583,0,2000,20,0.154,0.1575,315,20,3612|3784|3956|4128|4300|4472|4644|4816|4988|5160|5332|5504|5676|5891|6063|6235|6407|6579|6751|6794,3612|3784|3956|4128|4300|4472|4644|4816|4988|5160|5332|5504|5676|5891|6063|6235|6407|6579|6751|6794,a57f9231dfe3419da0ae232ecdf71bb50a7b2aabdc5b219b217e545fd30444c8
au,Hunter_Valley_exc_Newcastle,GNN,456,20,100,none,MVA_equivalent_PF1,8.0659964859077515,0,2000,20,0.154,0.14199999999999999,284,20,3612|3784|3956|4128|4300|4472|4644|4816|4988|5160|5332|5504|5676|5891|6063|6235|6407|6579|6751|6794,3612|3784|3956|4128|4300|4472|4644|4816|4988|5160|5332|5504|5676|5891|6063|6235|6407|6579|6751|6794,52053416581cc142953eb083220dfdb3b3a7a3572cdbb1ce4a3ebbc450478fc4
au,Hunter_Valley_exc_Newcastle,Ref,,20,300,none,MVA_equivalent_PF1,5.8176444076846723,0.75499999999999545,2000,20,0.030499999999999999,0.035999999999999997,72,20,7310|8471|8686|8858|9073|9288|9460|9675|9847|10062|10105|10277|10449|10664|10836|10879|11051|11223|11266|11438,9288|9460|9675|9847|10062|10105|10277|10449|10664|10836|10879|11051|11223|11266|11438|11610|11782|11825|11997|12169,VD-Ref
au,Hunter_Valley_exc_Newcastle,Uni,,20,300,none,MVA_equivalent_PF1,10.401350512164193,6.8388281249999894,2000,20,0.030499999999999999,0.047500000000000001,95,20,6794|7138|7310|7697|8084|8471|8686|8858|9073|9288|9460|9675|9847|10062|10105|10277|10449|10664|10836|10879,9288|9460|9675|9847|10062|10105|10277|10449|10664|10836|10879|11051|11223|11266|11438|11610|11782|11825|11997|12169,b0d21f1c3a4c4000bbe09938b69dd591ac9ef59d0ea2e498045acf0cd1b43f1a
au,Hunter_Valley_exc_Newcastle,LU,,20,300,none,MVA_equivalent_PF1,10.317924900395008,17.53273437499999,2000,20,0.030499999999999999,0.040000000000000001,80,20,6794|7138|7310|7353|7525|7697|8084|8471|8686|8858|9073|9288|9460|9675|9847|10062|10105|10277|10449|10664,9288|9460|9675|9847|10062|10105|10277|10449|10664|10836|10879|11051|11223|11266|11438|11610|11782|11825|11997|12169,58608bb4960f2d6e9d1f56ef963f36e0afee98c9ec6f303ddb5cf9357c8a0ed5
au,Hunter_Valley_exc_Newcastle,GNN,42,20,300,none,MVA_equivalent_PF1,10.423959304794753,1.2926562499999903,2000,20,0.030499999999999999,0.037499999999999999,75,20,7138|7310|7697|8084|8471|8686|8858|9073|9288|9460|9675|9847|10062|10105|10277|10449|10664|10836|10879|11051,9288|9460|9675|9847|10062|10105|10277|10449|10664|10836|10879|11051|11223|11266|11438|11610|11782|11825|11997|12169,004a5882723fec3fef3fc437fb9575edfc0d9f3a3b746998ca359599ef073426
au,Hunter_Valley_exc_Newcastle,GNN,123,20,300,none,MVA_equivalent_PF1,10.295286524074614,12.384999999999987,2000,20,0.030499999999999999,0.0385,77,20,6794|7138|7310|7525|7697|8084|8471|8686|8858|9073|9288|9460|9675|9847|10062|10105|10277|10449|10664|10836,9288|9460|9675|9847|10062|10105|10277|10449|10664|10836|10879|11051|11223|11266|11438|11610|11782|11825|11997|12169,a57f9231dfe3419da0ae232ecdf71bb50a7b2aabdc5b219b217e545fd30444c8
au,Hunter_Valley_exc_Newcastle,GNN,456,20,300,none,MVA_equivalent_PF1,11.748763342455728,17.53273437499999,2000,20,0.030499999999999999,0.037499999999999999,75,20,6794|7138|7310|7353|7525|7697|8084|8471|8686|8858|9073|9288|9460|9675|9847|10062|10105|10277|10449|10664,9288|9460|9675|9847|10062|10105|10277|10449|10664|10836|10879|11051|11223|11266|11438|11610|11782|11825|11997|12169,52053416581cc142953eb083220dfdb3b3a7a3572cdbb1ce4a3ebbc450478fc4
au,Hunter_Valley_exc_Newcastle,Ref,,20,500,none,MVA_equivalent_PF1,6.8364793830767523,1.372187499999967,2000,20,0,0.001,1,1,85226|85613|85871|10664|11051|11438|85570|85828|85527|85484|85441|10879|11266|12169|85398|9288|85355|11997|85312|85269,85226|85613|85871|10664|11051|11438|11997|12169|85054|85269|85312|85355|85398|85441|85484|85527|85570|85828|10879|11266,VD-Ref
au,Hunter_Valley_exc_Newcastle,Uni,,20,500,none,MVA_equivalent_PF1,12.645736644597363,2.8732812500000477,2000,20,0,0.0015,1,1,85226|85613|85871|11438|10664|11051|12169|85355|11997|85398|85054|85312|85269|85441|85484|85527|85570|9675|12513|85742,85226|85613|85871|10664|11051|11438|11997|12169|85054|85269|85312|85355|85398|85441|85484|85527|85570|85828|10879|11266,b0d21f1c3a4c4000bbe09938b69dd591ac9ef59d0ea2e498045acf0cd1b43f1a
au,Hunter_Valley_exc_Newcastle,LU,,20,500,none,MVA_equivalent_PF1,12.309906792190727,2.1339062500000239,2000,20,0,0.001,1,1,85226|85613|85871|10664|11438|11051|12169|11997|85054|85355|85570|85269|85527|85484|85398|85312|85441|10879|9675|9288,85226|85613|85871|10664|11051|11438|11997|12169|85054|85269|85312|85355|85398|85441|85484|85527|85570|85828|10879|11266,58608bb4960f2d6e9d1f56ef963f36e0afee98c9ec6f303ddb5cf9357c8a0ed5
au,Hunter_Valley_exc_Newcastle,GNN,42,20,500,none,MVA_equivalent_PF1,12.312060205274186,3.1940625000000296,2000,20,0,0.0015,1,1,85226|85613|85871|10664|11051|11438|12169|11997|85054|85355|85269|85527|85570|85484|85398|85312|85441|10836|11223|9288,85226|85613|85871|10664|11051|11438|11997|12169|85054|85269|85312|85355|85398|85441|85484|85527|85570|85828|10879|11266,004a5882723fec3fef3fc437fb9575edfc0d9f3a3b746998ca359599ef073426
au,Hunter_Valley_exc_Newcastle,GNN,123,20,500,none,MVA_equivalent_PF1,12.096163043654483,1.21484375,2000,20,0,0.0015,1,1,85226|85613|85871|10664|11051|11438|12169|11997|85054|85355|85570|85527|85269|85484|85398|85312|85441|9288|10879|11266,85226|85613|85871|10664|11051|11438|11997|12169|85054|85269|85312|85355|85398|85441|85484|85527|85570|85828|10879|11266,a57f9231dfe3419da0ae232ecdf71bb50a7b2aabdc5b219b217e545fd30444c8
au,Hunter_Valley_exc_Newcastle,GNN,456,20,500,none,MVA_equivalent_PF1,13.815597945313819,1.21484375,2000,20,0,0.0015,1,1,85226|85613|85871|10664|11051|11438|12169|11997|85355|85054|85269|85398|85570|85527|85312|85484|85441|10879|11266|9288,85226|85613|85871|10664|11051|11438|11997|12169|85054|85269|85312|85355|85398|85441|85484|85527|85570|85828|10879|11266,52053416581cc142953eb083220dfdb3b3a7a3572cdbb1ce4a3ebbc450478fc4
au,Newcastle_and_Lake_Macquarie,Ref,,10,100,none,MVA_equivalent_PF1,2.90357652390967,3.6281250000000114,2000,20,0.62749999999999995,0.71850000000000003,1437,20,2375|2475|2575|2650|2675|2750|2775|2850|2875|2925|2950|2975|3025|3050|3075|3125|3150|3200|3225|3250,6100|6225|6325|6450|6475|6575|6600|6725|6850|6975|7100|7125|7225|7250|7350|7375|7475|7500|7600|7700,VD-Ref
au,Newcastle_and_Lake_Macquarie,Uni,,10,100,none,MVA_equivalent_PF1,4.6302359797261543,4.0042187500000113,2000,20,0.62749999999999995,0.65000000000000002,1300,20,25|2375|2475|2575|2650|2675|2775|2875|2925|2975|3075|3150|3200|3250|3300|3350|3400|3450|3550|3650,6100|6225|6325|6450|6475|6575|6600|6725|6850|6975|7100|7125|7225|7250|7350|7375|7475|7500|7600|7700,d9e2f2364b12a1f7e59ee7623a718af7c6339ab856bb2de6eec0287b49b373ee
au,Newcastle_and_Lake_Macquarie,LU,,10,100,none,MVA_equivalent_PF1,4.4268256777063471,4.0042187500000113,2000,20,0.62749999999999995,0.65500000000000003,1310,20,25|2375|2475|2575|2650|2675|2775|2875|2925|2975|3075|3200|3300|3400|3775|3875|3975|4075|4350|4625,6100|6225|6325|6450|6475|6575|6600|6725|6850|6975|7100|7125|7225|7250|7350|7375|7475|7500|7600|7700,a8792335dc1083b22e27e68f323f4071e2447466d043fd18ee60bca898b63ef9
au,Newcastle_and_Lake_Macquarie,GNN,42,10,100,none,MVA_equivalent_PF1,10.719356534223131,2.176875000000007,2000,20,0.62749999999999995,0.64200000000000002,1284,20,3775|4350|4625|4725|5325|5550|5775|6000|6100|6125|6225|6325|6350|6450|6475|6575|6600|6625|6725|6750,6100|6225|6325|6450|6475|6575|6600|6725|6850|6975|7100|7125|7225|7250|7350|7375|7475|7500|7600|7700,88058dadcf41f6896cddedf377a501a48639ce33088c58986f8ef7a146c90987
au,Newcastle_and_Lake_Macquarie,GNN,123,10,100,none,MVA_equivalent_PF1,3.973833991567373,1.9954687500000063,2000,20,0.62749999999999995,0.65900000000000003,1318,20,3775|4350|4625|4725|5325|5550|5775|6000|6100|6225|6325|6350|6450|6475|6575|6600|6625|6725|6750|6850,6100|6225|6325|6450|6475|6575|6600|6725|6850|6975|7100|7125|7225|7250|7350|7375|7475|7500|7600|7700,5bf12d77d3ed7b6721a622f90c6d17a9611cc8ba3e4c804c5e666f475f1535f4
au,Newcastle_and_Lake_Macquarie,GNN,456,10,100,none,MVA_equivalent_PF1,17.678712123507548,11.150000000000006,2000,20,0.62749999999999995,0.63200000000000001,1264,20,25|75|100|125|175|225|275|325|350|375|400|425|450|475|500|550|575|625|650|675,6100|6225|6325|6450|6475|6575|6600|6725|6850|6975|7100|7125|7225|7250|7350|7375|7475|7500|7600|7700,032a20893c1f2a838935d2a133443b2122a2f2425efc5a9e355a85ccd322eeb1
au,Newcastle_and_Lake_Macquarie,Ref,,10,300,none,MVA_equivalent_PF1,8.237887723870946,0.8128124999999955,2000,20,0.313,0.32950000000000002,659,20,9225|9350|9475|9600|9725|9850|9975|10125|10250|10275|10400|10550|10700|10725|10850|11025|11200|11350|11375|11525,9225|9350|9475|9600|9725|9850|9975|10125|10250|10400|10550|10700|10850|11025|11200|11350|11375|11525|11550|11675,VD-Ref
au,Newcastle_and_Lake_Macquarie,Uni,,10,300,none,MVA_equivalent_PF1,10.13520034328787,0.40640624999999775,2000,20,0.313,0.32700000000000001,654,20,9225|9350|9475|9600|9725|9850|9975|10125|10250|10275|10400|10550|10700|10850|11025|11200|11350|11375|11525|11550,9225|9350|9475|9600|9725|9850|9975|10125|10250|10400|10550|10700|10850|11025|11200|11350|11375|11525|11550|11675,d9e2f2364b12a1f7e59ee7623a718af7c6339ab856bb2de6eec0287b49b373ee
au,Newcastle_and_Lake_Macquarie,LU,,10,300,none,MVA_equivalent_PF1,10.04467721133962,0,2000,20,0.313,0.32250000000000001,645,20,9225|9350|9475|9600|9725|9850|9975|10125|10250|10400|10550|10700|10850|11025|11200|11350|11375|11525|11550|11675,9225|9350|9475|9600|9725|9850|9975|10125|10250|10400|10550|10700|10850|11025|11200|11350|11375|11525|11550|11675,a8792335dc1083b22e27e68f323f4071e2447466d043fd18ee60bca898b63ef9
au,Newcastle_and_Lake_Macquarie,GNN,42,10,300,none,MVA_equivalent_PF1,23.909146913718519,0,2000,20,0.313,0.36649999999999999,733,20,9225|9350|9475|9600|9725|9850|9975|10125|10250|10400|10550|10700|10850|11025|11200|11350|11375|11525|11550|11675,9225|9350|9475|9600|9725|9850|9975|10125|10250|10400|10550|10700|10850|11025|11200|11350|11375|11525|11550|11675,88058dadcf41f6896cddedf377a501a48639ce33088c58986f8ef7a146c90987
au,Newcastle_and_Lake_Macquarie,GNN,123,10,300,none,MVA_equivalent_PF1,9.6122393601676119,0,2000,20,0.313,0.31900000000000001,638,20,9225|9350|9475|9600|9725|9850|9975|10125|10250|10400|10550|10700|10850|11025|11200|11350|11375|11525|11550|11675,9225|9350|9475|9600|9725|9850|9975|10125|10250|10400|10550|10700|10850|11025|11200|11350|11375|11525|11550|11675,5bf12d77d3ed7b6721a622f90c6d17a9611cc8ba3e4c804c5e666f475f1535f4
au,Newcastle_and_Lake_Macquarie,GNN,456,10,300,none,MVA_equivalent_PF1,32.62065102165392,1.4039062499999972,2000,20,0.313,0.38850000000000001,777,20,9225|9350|9475|9600|9725|9850|9975|10125|10250|10275|10400|10550|10700|10725|10850|11025|11200|11225|11350|11375,9225|9350|9475|9600|9725|9850|9975|10125|10250|10400|10550|10700|10850|11025|11200|11350|11375|11525|11550|11675,032a20893c1f2a838935d2a133443b2122a2f2425efc5a9e355a85ccd322eeb1
au,Newcastle_and_Lake_Macquarie,Ref,,10,500,none,MVA_equivalent_PF1,17.6078605780645,17.711093750000046,2000,20,0,0.01,20,20,21675|24550|24750|25025|31900|31950|32000|32775|35300|35700|35800|36025|37375|37425|37475|37525|37575|37900|38075|38200,35300|35800|24550|24750|25025|24150|24350|24275|24475|24675|24950|31900|31950|32000|32050|32100|32150|32225|32275|32325,VD-Ref
au,Newcastle_and_Lake_Macquarie,Uni,,10,500,none,MVA_equivalent_PF1,22.281758385381686,20.677187500000024,2000,20,0,0.017999999999999999,36,20,20275|21675|22025|24550|24750|25025|33925|35200|35275|35300|35350|35525|35600|35700|35775|35800|35850|35925|36000|36025,35300|35800|24550|24750|25025|24150|24350|24275|24475|24675|24950|31900|31950|32000|32050|32100|32150|32225|32275|32325,d9e2f2364b12a1f7e59ee7623a718af7c6339ab856bb2de6eec0287b49b373ee
au,Newcastle_and_Lake_Macquarie,LU,,10,500,none,MVA_equivalent_PF1,22.097054021038499,23.556875000000026,2000,20,0,0.018499999999999999,37,20,21675|24550|24750|25025|33925|35200|35275|35300|35350|35525|35600|35700|35775|35800|35850|35925|35950|36000|36025|37325,35300|35800|24550|24750|25025|24150|24350|24275|24475|24675|24950|31900|31950|32000|32050|32100|32150|32225|32275|32325,a8792335dc1083b22e27e68f323f4071e2447466d043fd18ee60bca898b63ef9
au,Newcastle_and_Lake_Macquarie,GNN,42,10,500,none,MVA_equivalent_PF1,52.868367260454747,34.113906250000042,2000,20,0,0.15049999999999999,301,20,24150|24275|24350|24475|24550|24675|24750|24950|25025|27000|27100|27275|27450|27625|27800|32400|32725|32925|33050|33175,35300|35800|24550|24750|25025|24150|24350|24275|24475|24675|24950|31900|31950|32000|32050|32100|32150|32225|32275|32325,88058dadcf41f6896cddedf377a501a48639ce33088c58986f8ef7a146c90987
au,Newcastle_and_Lake_Macquarie,GNN,123,10,500,none,MVA_equivalent_PF1,22.540004148743748,15.684687500000031,2000,20,0,0.027,54,20,21675|24275|24475|24550|24675|24750|24950|25025|33925|35275|35300|35350|35525|35700|35800|36025|36750|36800|36975|37025,35300|35800|24550|24750|25025|24150|24350|24275|24475|24675|24950|31900|31950|32000|32050|32100|32150|32225|32275|32325,5bf12d77d3ed7b6721a622f90c6d17a9611cc8ba3e4c804c5e666f475f1535f4
au,Newcastle_and_Lake_Macquarie,GNN,456,10,500,none,MVA_equivalent_PF1,63.828217663977995,12.113281249999993,2000,20,0,0.17100000000000001,342,20,20275|20425|20825|21200|21675|21800|22025|22150|22375|22500|22725|22850|22950|23075|23300|23525|23625|23925|24075|24150,35300|35800|24550|24750|25025|24150|24350|24275|24475|24675|24950|31900|31950|32000|32050|32100|32150|32225|32275|32325,032a20893c1f2a838935d2a133443b2122a2f2425efc5a9e355a85ccd322eeb1
au,Newcastle_and_Lake_Macquarie,Ref,,20,100,none,MVA_equivalent_PF1,0.35350452241133934,0,2000,20,0.97550000000000003,0.97550000000000003,1951,20,275|300|350|400|425|475|500|575|600|650|675|725|750|800|825|850|900|925|975|1000,275|300|350|400|425|475|500|575|600|650|675|725|750|800|825|850|900|925|975|1000,VD-Ref
au,Newcastle_and_Lake_Macquarie,Uni,,20,100,none,MVA_equivalent_PF1,0.62446241921415724,0,2000,20,0.97550000000000003,0.97550000000000003,1951,20,275|300|350|400|425|475|500|575|600|650|675|725|750|800|825|850|900|925|975|1000,275|300|350|400|425|475|500|575|600|650|675|725|750|800|825|850|900|925|975|1000,d9e2f2364b12a1f7e59ee7623a718af7c6339ab856bb2de6eec0287b49b373ee
au,Newcastle_and_Lake_Macquarie,LU,,20,100,none,MVA_equivalent_PF1,0.57536255638843659,0,2000,20,0.97550000000000003,0.97550000000000003,1951,20,275|300|350|400|425|475|500|575|600|650|675|725|750|800|825|850|900|925|975|1000,275|300|350|400|425|475|500|575|600|650|675|725|750|800|825|850|900|925|975|1000,a8792335dc1083b22e27e68f323f4071e2447466d043fd18ee60bca898b63ef9
au,Newcastle_and_Lake_Macquarie,GNN,42,20,100,none,MVA_equivalent_PF1,0.54535354676087267,0,2000,20,0.97550000000000003,0.97550000000000003,1951,20,275|300|350|400|425|475|500|575|600|650|675|725|750|800|825|850|900|925|975|1000,275|300|350|400|425|475|500|575|600|650|675|725|750|800|825|850|900|925|975|1000,88058dadcf41f6896cddedf377a501a48639ce33088c58986f8ef7a146c90987
au,Newcastle_and_Lake_Macquarie,GNN,123,20,100,none,MVA_equivalent_PF1,0.57008555828887886,0,2000,20,0.97550000000000003,0.97550000000000003,1951,20,275|300|350|400|425|475|500|575|600|650|675|725|750|800|825|850|900|925|975|1000,275|300|350|400|425|475|500|575|600|650|675|725|750|800|825|850|900|925|975|1000,5bf12d77d3ed7b6721a622f90c6d17a9611cc8ba3e4c804c5e666f475f1535f4
au,Newcastle_and_Lake_Macquarie,GNN,456,20,100,none,MVA_equivalent_PF1,1.1854154489829825,0,2000,20,0.97550000000000003,0.97550000000000003,1951,20,275|300|350|400|425|475|500|575|600|650|675|725|750|800|825|850|900|925|975|1000,275|300|350|400|425|475|500|575|600|650|675|725|750|800|825|850|900|925|975|1000,032a20893c1f2a838935d2a133443b2122a2f2425efc5a9e355a85ccd322eeb1
au,Newcastle_and_Lake_Macquarie,Ref,,20,300,none,MVA_equivalent_PF1,0.71942993169026759,0,2000,20,0.92149999999999999,0.92100000000000004,1842,20,1025|1125|1200|1300|1375|1450|1475|1550|1650|1725|1750|1825|1850|1925|1950|2025|2100|2125|2200|2225,1025|1125|1200|1300|1375|1450|1475|1550|1650|1725|1750|1825|1850|1925|1950|2025|2100|2125|2200|2225,VD-Ref
au,Newcastle_and_Lake_Macquarie,Uni,,20,300,none,MVA_equivalent_PF1,1.6621772492969626,0,2000,20,0.92149999999999999,0.92149999999999999,1843,20,1025|1125|1200|1300|1375|1450|1475|1550|1650|1725|1750|1825|1850|1925|1950|2025|2100|2125|2200|2225,1025|1125|1200|1300|1375|1450|1475|1550|1650|1725|1750|1825|1850|1925|1950|2025|2100|2125|2200|2225,d9e2f2364b12a1f7e59ee7623a718af7c6339ab856bb2de6eec0287b49b373ee
au,Newcastle_and_Lake_Macquarie,LU,,20,300,none,MVA_equivalent_PF1,1.5009077834427618,0,2000,20,0.92149999999999999,0.92149999999999999,1843,20,1025|1125|1200|1300|1375|1450|1475|1550|1650|1725|1750|1825|1850|1925|1950|2025|2100|2125|2200|2225,1025|1125|1200|1300|1375|1450|1475|1550|1650|1725|1750|1825|1850|1925|1950|2025|2100|2125|2200|2225,a8792335dc1083b22e27e68f323f4071e2447466d043fd18ee60bca898b63ef9
au,Newcastle_and_Lake_Macquarie,GNN,42,20,300,none,MVA_equivalent_PF1,1.2233541778083663,0,2000,20,0.92149999999999999,0.92149999999999999,1843,20,1025|1125|1200|1300|1375|1450|1475|1550|1650|1725|1750|1825|1850|1925|1950|2025|2100|2125|2200|2225,1025|1125|1200|1300|1375|1450|1475|1550|1650|1725|1750|1825|1850|1925|1950|2025|2100|2125|2200|2225,88058dadcf41f6896cddedf377a501a48639ce33088c58986f8ef7a146c90987
au,Newcastle_and_Lake_Macquarie,GNN,123,20,300,none,MVA_equivalent_PF1,1.2844608093752807,0,2000,20,0.92149999999999999,0.92149999999999999,1843,20,1025|1125|1200|1300|1375|1450|1475|1550|1650|1725|1750|1825|1850|1925|1950|2025|2100|2125|2200|2225,1025|1125|1200|1300|1375|1450|1475|1550|1650|1725|1750|1825|1850|1925|1950|2025|2100|2125|2200|2225,5bf12d77d3ed7b6721a622f90c6d17a9611cc8ba3e4c804c5e666f475f1535f4
au,Newcastle_and_Lake_Macquarie,GNN,456,20,300,none,MVA_equivalent_PF1,2.9591103281916395,0,2000,20,0.92149999999999999,0.92149999999999999,1843,20,1025|1125|1200|1300|1375|1450|1475|1550|1650|1725|1750|1825|1850|1925|1950|2025|2100|2125|2200|2225,1025|1125|1200|1300|1375|1450|1475|1550|1650|1725|1750|1825|1850|1925|1950|2025|2100|2125|2200|2225,032a20893c1f2a838935d2a133443b2122a2f2425efc5a9e355a85ccd322eeb1
au,Newcastle_and_Lake_Macquarie,Ref,,20,500,none,MVA_equivalent_PF1,6.3622471182660068,6.4771875000000136,2000,20,0.50800000000000001,0.51300000000000001,1026,20,7950|8175|8400|8625|9350|9725|9850|10275|10550|10725|10850|10875|11050|11225|11375|11525|11550|11700|11725|11850,7950|8175|8400|8625|10275|10550|10725|10875|11050|11225|11375|11550|11700|11725|11875|12025|12050|12200|12225|12375,VD-Ref
au,Newcastle_and_Lake_Macquarie,Uni,,20,500,none,MVA_equivalent_PF1,9.2280207448639917,0,2000,20,0.50800000000000001,0.50800000000000001,1016,20,7950|8175|8400|8625|10275|10550|10725|10875|11050|11225|11375|11550|11700|11725|11875|12025|12050|12200|12225|12375,7950|8175|8400|8625|10275|10550|10725|10875|11050|11225|11375|11550|11700|11725|11875|12025|12050|12200|12225|12375,d9e2f2364b12a1f7e59ee7623a718af7c6339ab856bb2de6eec0287b49b373ee
au,Newcastle_and_Lake_Macquarie,LU,,20,500,none,MVA_equivalent_PF1,8.4982992087451468,0,2000,20,0.50800000000000001,0.50800000000000001,1016,20,7950|8175|8400|8625|10275|10550|10725|10875|11050|11225|11375|11550|11700|11725|11875|12025|12050|12200|12225|12375,7950|8175|8400|8625|10275|10550|10725|10875|11050|11225|11375|11550|11700|11725|11875|12025|12050|12200|12225|12375,a8792335dc1083b22e27e68f323f4071e2447466d043fd18ee60bca898b63ef9
au,Newcastle_and_Lake_Macquarie,GNN,42,20,500,none,MVA_equivalent_PF1,7.792445259070595,0,2000,20,0.50800000000000001,0.51200000000000001,1024,20,7950|8175|8400|8625|10275|10550|10725|10875|11050|11225|11375|11550|11700|11725|11875|12025|12050|12200|12225|12375,7950|8175|8400|8625|10275|10550|10725|10875|11050|11225|11375|11550|11700|11725|11875|12025|12050|12200|12225|12375,88058dadcf41f6896cddedf377a501a48639ce33088c58986f8ef7a146c90987
au,Newcastle_and_Lake_Macquarie,GNN,123,20,500,none,MVA_equivalent_PF1,9.5130969979688302,0,2000,20,0.50800000000000001,0.51249999999999996,1025,20,7950|8175|8400|8625|10275|10550|10725|10875|11050|11225|11375|11550|11700|11725|11875|12025|12050|12200|12225|12375,7950|8175|8400|8625|10275|10550|10725|10875|11050|11225|11375|11550|11700|11725|11875|12025|12050|12200|12225|12375,5bf12d77d3ed7b6721a622f90c6d17a9611cc8ba3e4c804c5e666f475f1535f4
au,Newcastle_and_Lake_Macquarie,GNN,456,20,500,none,MVA_equivalent_PF1,13.888714272682783,0,2000,20,0.50800000000000001,0.51449999999999996,1029,20,7950|8175|8400|8625|10275|10550|10725|10875|11050|11225|11375|11550|11700|11725|11875|12025|12050|12200|12225|12375,7950|8175|8400|8625|10275|10550|10725|10875|11050|11225|11375|11550|11700|11725|11875|12025|12050|12200|12225|12375,032a20893c1f2a838935d2a133443b2122a2f2425efc5a9e355a85ccd322eeb1
au,Sydney_City_and_Inner_South,Ref,,10,100,none,MVA_equivalent_PF1,0,0,2000,20,1,1,2000,20,0|3|6|9|12|15|18|21|24|27|30|33|36|39|42|45|48|51|54|57,0|3|6|9|12|15|18|21|24|27|30|33|36|39|42|45|48|51|54|57,VD-Ref
au,Sydney_City_and_Inner_South,Uni,,10,100,none,MVA_equivalent_PF1,0,0,2000,20,1,1,2000,20,0|3|6|9|12|15|18|21|24|27|30|33|36|39|42|45|48|51|54|57,0|3|6|9|12|15|18|21|24|27|30|33|36|39|42|45|48|51|54|57,43dbedc961a51df383f634f2b3289ec152665c965959435e56b11937711d9775
au,Sydney_City_and_Inner_South,LU,,10,100,none,MVA_equivalent_PF1,0,0,2000,20,1,1,2000,20,0|3|6|9|12|15|18|21|24|27|30|33|36|39|42|45|48|51|54|57,0|3|6|9|12|15|18|21|24|27|30|33|36|39|42|45|48|51|54|57,fdc956cffe021c4d9a715a97bbdb145bbb66c40ff5e8af63e7c1b20a655424c0
au,Sydney_City_and_Inner_South,GNN,42,10,100,none,MVA_equivalent_PF1,0,0,2000,20,1,1,2000,20,0|3|6|9|12|15|18|21|24|27|30|33|36|39|42|45|48|51|54|57,0|3|6|9|12|15|18|21|24|27|30|33|36|39|42|45|48|51|54|57,7597cd3e211397278ebb9335da6e1ebc9ca233e2e26130b31bf6f77af4ec6590
au,Sydney_City_and_Inner_South,GNN,123,10,100,none,MVA_equivalent_PF1,0,0,2000,20,1,1,2000,20,0|3|6|9|12|15|18|21|24|27|30|33|36|39|42|45|48|51|54|57,0|3|6|9|12|15|18|21|24|27|30|33|36|39|42|45|48|51|54|57,125bac786f24293f0f62e44bceea9c4ff56ec67278c9e358ed49b84c485ecc86
au,Sydney_City_and_Inner_South,GNN,456,10,100,none,MVA_equivalent_PF1,0,0,2000,20,1,1,2000,20,0|3|6|9|12|15|18|21|24|27|30|33|36|39|42|45|48|51|54|57,0|3|6|9|12|15|18|21|24|27|30|33|36|39|42|45|48|51|54|57,d12c52c025014a711d34c6fe322ac876bc70e13cd70d05a724f7a04342b0df88
au,Sydney_City_and_Inner_South,Ref,,10,300,none,MVA_equivalent_PF1,0,0,2000,20,1,1,2000,20,0|3|6|9|12|15|18|21|24|27|30|33|36|39|42|45|48|51|54|57,0|3|6|9|12|15|18|21|24|27|30|33|36|39|42|45|48|51|54|57,VD-Ref
au,Sydney_City_and_Inner_South,Uni,,10,300,none,MVA_equivalent_PF1,0,0,2000,20,1,1,2000,20,0|3|6|9|12|15|18|21|24|27|30|33|36|39|42|45|48|51|54|57,0|3|6|9|12|15|18|21|24|27|30|33|36|39|42|45|48|51|54|57,43dbedc961a51df383f634f2b3289ec152665c965959435e56b11937711d9775
au,Sydney_City_and_Inner_South,LU,,10,300,none,MVA_equivalent_PF1,0,0,2000,20,1,1,2000,20,0|3|6|9|12|15|18|21|24|27|30|33|36|39|42|45|48|51|54|57,0|3|6|9|12|15|18|21|24|27|30|33|36|39|42|45|48|51|54|57,fdc956cffe021c4d9a715a97bbdb145bbb66c40ff5e8af63e7c1b20a655424c0
au,Sydney_City_and_Inner_South,GNN,42,10,300,none,MVA_equivalent_PF1,0,0,2000,20,1,1,2000,20,0|3|6|9|12|15|18|21|24|27|30|33|36|39|42|45|48|51|54|57,0|3|6|9|12|15|18|21|24|27|30|33|36|39|42|45|48|51|54|57,7597cd3e211397278ebb9335da6e1ebc9ca233e2e26130b31bf6f77af4ec6590
au,Sydney_City_and_Inner_South,GNN,123,10,300,none,MVA_equivalent_PF1,0,0,2000,20,1,1,2000,20,0|3|6|9|12|15|18|21|24|27|30|33|36|39|42|45|48|51|54|57,0|3|6|9|12|15|18|21|24|27|30|33|36|39|42|45|48|51|54|57,125bac786f24293f0f62e44bceea9c4ff56ec67278c9e358ed49b84c485ecc86
au,Sydney_City_and_Inner_South,GNN,456,10,300,none,MVA_equivalent_PF1,0,0,2000,20,1,1,2000,20,0|3|6|9|12|15|18|21|24|27|30|33|36|39|42|45|48|51|54|57,0|3|6|9|12|15|18|21|24|27|30|33|36|39|42|45|48|51|54|57,d12c52c025014a711d34c6fe322ac876bc70e13cd70d05a724f7a04342b0df88
au,Sydney_City_and_Inner_South,Ref,,10,500,none,MVA_equivalent_PF1,0,0,2000,20,1,1,2000,20,0|3|6|9|12|15|18|21|24|27|30|33|36|39|42|45|48|51|54|57,0|3|6|9|12|15|18|21|24|27|30|33|36|39|42|45|48|51|54|57,VD-Ref
au,Sydney_City_and_Inner_South,Uni,,10,500,none,MVA_equivalent_PF1,0.19164457787478115,0,2000,20,1,0.99050000000000005,1981,20,0|3|6|9|12|15|18|21|24|27|30|33|36|39|42|45|48|51|54|57,0|3|6|9|12|15|18|21|24|27|30|33|36|39|42|45|48|51|54|57,43dbedc961a51df383f634f2b3289ec152665c965959435e56b11937711d9775
au,Sydney_City_and_Inner_South,LU,,10,500,none,MVA_equivalent_PF1,0.085451002607894788,0,2000,20,1,0.99450000000000005,1989,20,0|3|6|9|12|15|18|21|24|27|30|33|36|39|42|45|48|51|54|57,0|3|6|9|12|15|18|21|24|27|30|33|36|39|42|45|48|51|54|57,fdc956cffe021c4d9a715a97bbdb145bbb66c40ff5e8af63e7c1b20a655424c0
au,Sydney_City_and_Inner_South,GNN,42,10,500,none,MVA_equivalent_PF1,0,0,2000,20,1,1,2000,20,0|3|6|9|12|15|18|21|24|27|30|33|36|39|42|45|48|51|54|57,0|3|6|9|12|15|18|21|24|27|30|33|36|39|42|45|48|51|54|57,7597cd3e211397278ebb9335da6e1ebc9ca233e2e26130b31bf6f77af4ec6590
au,Sydney_City_and_Inner_South,GNN,123,10,500,none,MVA_equivalent_PF1,0,0,2000,20,1,1,2000,20,0|3|6|9|12|15|18|21|24|27|30|33|36|39|42|45|48|51|54|57,0|3|6|9|12|15|18|21|24|27|30|33|36|39|42|45|48|51|54|57,125bac786f24293f0f62e44bceea9c4ff56ec67278c9e358ed49b84c485ecc86
au,Sydney_City_and_Inner_South,GNN,456,10,500,none,MVA_equivalent_PF1,0,0,2000,20,1,1,2000,20,0|3|6|9|12|15|18|21|24|27|30|33|36|39|42|45|48|51|54|57,0|3|6|9|12|15|18|21|24|27|30|33|36|39|42|45|48|51|54|57,d12c52c025014a711d34c6fe322ac876bc70e13cd70d05a724f7a04342b0df88
au,Sydney_City_and_Inner_South,Ref,,20,100,none,MVA_equivalent_PF1,0,0,2000,20,1,1,2000,20,0|3|6|9|12|15|18|21|24|27|30|33|36|39|42|45|48|51|54|57,0|3|6|9|12|15|18|21|24|27|30|33|36|39|42|45|48|51|54|57,VD-Ref
au,Sydney_City_and_Inner_South,Uni,,20,100,none,MVA_equivalent_PF1,0,0,2000,20,1,1,2000,20,0|3|6|9|12|15|18|21|24|27|30|33|36|39|42|45|48|51|54|57,0|3|6|9|12|15|18|21|24|27|30|33|36|39|42|45|48|51|54|57,43dbedc961a51df383f634f2b3289ec152665c965959435e56b11937711d9775
au,Sydney_City_and_Inner_South,LU,,20,100,none,MVA_equivalent_PF1,0,0,2000,20,1,1,2000,20,0|3|6|9|12|15|18|21|24|27|30|33|36|39|42|45|48|51|54|57,0|3|6|9|12|15|18|21|24|27|30|33|36|39|42|45|48|51|54|57,fdc956cffe021c4d9a715a97bbdb145bbb66c40ff5e8af63e7c1b20a655424c0
au,Sydney_City_and_Inner_South,GNN,42,20,100,none,MVA_equivalent_PF1,0,0,2000,20,1,1,2000,20,0|3|6|9|12|15|18|21|24|27|30|33|36|39|42|45|48|51|54|57,0|3|6|9|12|15|18|21|24|27|30|33|36|39|42|45|48|51|54|57,7597cd3e211397278ebb9335da6e1ebc9ca233e2e26130b31bf6f77af4ec6590
au,Sydney_City_and_Inner_South,GNN,123,20,100,none,MVA_equivalent_PF1,0,0,2000,20,1,1,2000,20,0|3|6|9|12|15|18|21|24|27|30|33|36|39|42|45|48|51|54|57,0|3|6|9|12|15|18|21|24|27|30|33|36|39|42|45|48|51|54|57,125bac786f24293f0f62e44bceea9c4ff56ec67278c9e358ed49b84c485ecc86
au,Sydney_City_and_Inner_South,GNN,456,20,100,none,MVA_equivalent_PF1,0,0,2000,20,1,1,2000,20,0|3|6|9|12|15|18|21|24|27|30|33|36|39|42|45|48|51|54|57,0|3|6|9|12|15|18|21|24|27|30|33|36|39|42|45|48|51|54|57,d12c52c025014a711d34c6fe322ac876bc70e13cd70d05a724f7a04342b0df88
au,Sydney_City_and_Inner_South,Ref,,20,300,none,MVA_equivalent_PF1,0,0,2000,20,1,1,2000,20,0|3|6|9|12|15|18|21|24|27|30|33|36|39|42|45|48|51|54|57,0|3|6|9|12|15|18|21|24|27|30|33|36|39|42|45|48|51|54|57,VD-Ref
au,Sydney_City_and_Inner_South,Uni,,20,300,none,MVA_equivalent_PF1,0,0,2000,20,1,1,2000,20,0|3|6|9|12|15|18|21|24|27|30|33|36|39|42|45|48|51|54|57,0|3|6|9|12|15|18|21|24|27|30|33|36|39|42|45|48|51|54|57,43dbedc961a51df383f634f2b3289ec152665c965959435e56b11937711d9775
au,Sydney_City_and_Inner_South,LU,,20,300,none,MVA_equivalent_PF1,0,0,2000,20,1,1,2000,20,0|3|6|9|12|15|18|21|24|27|30|33|36|39|42|45|48|51|54|57,0|3|6|9|12|15|18|21|24|27|30|33|36|39|42|45|48|51|54|57,fdc956cffe021c4d9a715a97bbdb145bbb66c40ff5e8af63e7c1b20a655424c0
au,Sydney_City_and_Inner_South,GNN,42,20,300,none,MVA_equivalent_PF1,0,0,2000,20,1,1,2000,20,0|3|6|9|12|15|18|21|24|27|30|33|36|39|42|45|48|51|54|57,0|3|6|9|12|15|18|21|24|27|30|33|36|39|42|45|48|51|54|57,7597cd3e211397278ebb9335da6e1ebc9ca233e2e26130b31bf6f77af4ec6590
au,Sydney_City_and_Inner_South,GNN,123,20,300,none,MVA_equivalent_PF1,0,0,2000,20,1,1,2000,20,0|3|6|9|12|15|18|21|24|27|30|33|36|39|42|45|48|51|54|57,0|3|6|9|12|15|18|21|24|27|30|33|36|39|42|45|48|51|54|57,125bac786f24293f0f62e44bceea9c4ff56ec67278c9e358ed49b84c485ecc86
au,Sydney_City_and_Inner_South,GNN,456,20,300,none,MVA_equivalent_PF1,0,0,2000,20,1,1,2000,20,0|3|6|9|12|15|18|21|24|27|30|33|36|39|42|45|48|51|54|57,0|3|6|9|12|15|18|21|24|27|30|33|36|39|42|45|48|51|54|57,d12c52c025014a711d34c6fe322ac876bc70e13cd70d05a724f7a04342b0df88
au,Sydney_City_and_Inner_South,Ref,,20,500,none,MVA_equivalent_PF1,0,0,2000,20,1,1,2000,20,0|3|6|9|12|15|18|21|24|27|30|33|36|39|42|45|48|51|54|57,0|3|6|9|12|15|18|21|24|27|30|33|36|39|42|45|48|51|54|57,VD-Ref
au,Sydney_City_and_Inner_South,Uni,,20,500,none,MVA_equivalent_PF1,0,0,2000,20,1,1,2000,20,0|3|6|9|12|15|18|21|24|27|30|33|36|39|42|45|48|51|54|57,0|3|6|9|12|15|18|21|24|27|30|33|36|39|42|45|48|51|54|57,43dbedc961a51df383f634f2b3289ec152665c965959435e56b11937711d9775
au,Sydney_City_and_Inner_South,LU,,20,500,none,MVA_equivalent_PF1,0,0,2000,20,1,1,2000,20,0|3|6|9|12|15|18|21|24|27|30|33|36|39|42|45|48|51|54|57,0|3|6|9|12|15|18|21|24|27|30|33|36|39|42|45|48|51|54|57,fdc956cffe021c4d9a715a97bbdb145bbb66c40ff5e8af63e7c1b20a655424c0
au,Sydney_City_and_Inner_South,GNN,42,20,500,none,MVA_equivalent_PF1,0,0,2000,20,1,1,2000,20,0|3|6|9|12|15|18|21|24|27|30|33|36|39|42|45|48|51|54|57,0|3|6|9|12|15|18|21|24|27|30|33|36|39|42|45|48|51|54|57,7597cd3e211397278ebb9335da6e1ebc9ca233e2e26130b31bf6f77af4ec6590
au,Sydney_City_and_Inner_South,GNN,123,20,500,none,MVA_equivalent_PF1,0,0,2000,20,1,1,2000,20,0|3|6|9|12|15|18|21|24|27|30|33|36|39|42|45|48|51|54|57,0|3|6|9|12|15|18|21|24|27|30|33|36|39|42|45|48|51|54|57,125bac786f24293f0f62e44bceea9c4ff56ec67278c9e358ed49b84c485ecc86
au,Sydney_City_and_Inner_South,GNN,456,20,500,none,MVA_equivalent_PF1,0,0,2000,20,1,1,2000,20,0|3|6|9|12|15|18|21|24|27|30|33|36|39|42|45|48|51|54|57,0|3|6|9|12|15|18|21|24|27|30|33|36|39|42|45|48|51|54|57,d12c52c025014a711d34c6fe322ac876bc70e13cd70d05a724f7a04342b0df88
au,Sydney_Eastern_Suburbs,Ref,,10,100,none,MVA_equivalent_PF1,0.45576904419581488,0,2000,20,1,0.96550000000000002,1931,20,0|2|4|6|8|10|12|14|16|18|20|22|24|26|28|30|32|34|36|38,0|2|4|6|8|10|12|14|16|18|20|22|24|26|28|30|32|34|36|38,VD-Ref
au,Sydney_Eastern_Suburbs,Uni,,10,100,none,MVA_equivalent_PF1,0.5042029643499738,0,2000,20,1,0.95750000000000002,1915,20,0|2|4|6|8|10|12|14|16|18|20|22|24|26|28|30|32|34|36|38,0|2|4|6|8|10|12|14|16|18|20|22|24|26|28|30|32|34|36|38,b8227659581fdcdde4c498fcd72a6836b4ab1dbccca22ef17e9ce6bc8dc69ab0
au,Sydney_Eastern_Suburbs,LU,,10,100,none,MVA_equivalent_PF1,0.61484528446042708,0,2000,20,1,0.95450000000000002,1909,20,0|2|4|6|8|10|12|14|16|18|20|22|24|26|28|30|32|34|36|38,0|2|4|6|8|10|12|14|16|18|20|22|24|26|28|30|32|34|36|38,db786b0ac9e7d661fe757dfb4f8dfa5639129cfff95c9c90534a39a4a3de7356
au,Sydney_Eastern_Suburbs,GNN,42,10,100,none,MVA_equivalent_PF1,1.0872113327386523,0,2000,20,1,0.94650000000000001,1893,20,0|4|6|8|10|12|14|16|18|20|22|24|26|28|30|32|34|36|38|40,0|2|4|6|8|10|12|14|16|18|20|22|24|26|28|30|32|34|36|38,b52411e65de1b17cda6e15ebf8ced7790d91b1904f06a6bf0eeeebff1abf755e
au,Sydney_Eastern_Suburbs,GNN,123,10,100,none,MVA_equivalent_PF1,1.2573658221056911,0,2000,20,1,0.94699999999999995,1894,20,0|2|4|6|8|10|12|14|16|18|20|22|24|26|28|30|32|34|36|38,0|2|4|6|8|10|12|14|16|18|20|22|24|26|28|30|32|34|36|38,e397adc0b14d555a6888dd7e0d69429c135cd8c8914f6ae667f71717edd2788b
au,Sydney_Eastern_Suburbs,GNN,456,10,100,none,MVA_equivalent_PF1,2.160969219675358,0,2000,20,1,0.95150000000000001,1903,20,4|6|8|10|12|14|16|18|20|22|24|26|28|30|32|34|36|38|40|42,0|2|4|6|8|10|12|14|16|18|20|22|24|26|28|30|32|34|36|38,25cd5883e92805a5543022956ec97b7297013b87c296fbc5d500f765585498dd
au,Sydney_Eastern_Suburbs,Ref,,10,300,none,MVA_equivalent_PF1,3.5614576104507978,0,2000,20,0.80800000000000005,0.80800000000000005,1616,20,680|682|708|710|712|714|734|736|738|740|742|744|758|760|762|764|766|768|770|772,680|682|708|710|712|714|734|736|738|740|742|744|758|760|762|764|766|768|770|772,VD-Ref
au,Sydney_Eastern_Suburbs,Uni,,10,300,none,MVA_equivalent_PF1,3.9454645703358131,0,2000,20,0.80800000000000005,0.80800000000000005,1616,20,680|682|708|710|712|714|734|736|738|740|742|744|758|760|762|764|766|768|770|772,680|682|708|710|712|714|734|736|738|740|742|744|758|760|762|764|766|768|770|772,b8227659581fdcdde4c498fcd72a6836b4ab1dbccca22ef17e9ce6bc8dc69ab0
au,Sydney_Eastern_Suburbs,LU,,10,300,none,MVA_equivalent_PF1,4.0938436720624392,0,2000,20,0.80800000000000005,0.80800000000000005,1616,20,680|682|708|710|712|714|734|736|738|740|742|744|758|760|762|764|766|768|770|772,680|682|708|710|712|714|734|736|738|740|742|744|758|760|762|764|766|768|770|772,db786b0ac9e7d661fe757dfb4f8dfa5639129cfff95c9c90534a39a4a3de7356
au,Sydney_Eastern_Suburbs,GNN,42,10,300,none,MVA_equivalent_PF1,4.8456899647406626,0,2000,20,0.80800000000000005,0.80800000000000005,1616,20,680|682|708|710|712|714|734|736|738|740|742|744|758|760|762|764|766|768|770|772,680|682|708|710|712|714|734|736|738|740|742|744|758|760|762|764|766|768|770|772,b52411e65de1b17cda6e15ebf8ced7790d91b1904f06a6bf0eeeebff1abf755e
au,Sydney_Eastern_Suburbs,GNN,123,10,300,none,MVA_equivalent_PF1,5.2672393599570499,0,2000,20,0.80800000000000005,0.80800000000000005,1616,20,680|682|708|710|712|714|734|736|738|740|742|744|758|760|762|764|766|768|770|772,680|682|708|710|712|714|734|736|738|740|742|744|758|760|762|764|766|768|770|772,e397adc0b14d555a6888dd7e0d69429c135cd8c8914f6ae667f71717edd2788b
au,Sydney_Eastern_Suburbs,GNN,456,10,300,none,MVA_equivalent_PF1,7.4990644667938193,0,2000,20,0.80800000000000005,0.80800000000000005,1616,20,680|682|708|710|712|714|734|736|738|740|742|744|758|760|762|764|766|768|770|772,680|682|708|710|712|714|734|736|738|740|742|744|758|760|762|764|766|768|770|772,25cd5883e92805a5543022956ec97b7297013b87c296fbc5d500f765585498dd
au,Sydney_Eastern_Suburbs,Ref,,10,500,none,MVA_equivalent_PF1,9.7222360426473529,0,2000,20,0,0,1,1,682|680|714|712|710|708|744|742|740|738|774|734|736|772|770|758|768|760|766|762,680|682|708|710|712|714|734|736|738|740|742|744|758|760|762|764|766|768|770|772,VD-Ref
au,Sydney_Eastern_Suburbs,Uni,,10,500,none,MVA_equivalent_PF1,11.697235977255465,0,2000,20,0,0,1,1,682|680|714|712|710|708|744|742|740|738|734|736|774|772|758|760|770|786|762|764,680|682|708|710|712|714|734|736|738|740|742|744|758|760|762|764|766|768|770|772,b8227659581fdcdde4c498fcd72a6836b4ab1dbccca22ef17e9ce6bc8dc69ab0
au,Sydney_Eastern_Suburbs,LU,,10,500,none,MVA_equivalent_PF1,11.937077345693641,0,2000,20,0,0,1,1,682|680|714|712|710|708|744|742|740|738|774|734|736|772|770|758|760|768|762|786,680|682|708|710|712|714|734|736|738|740|742|744|758|760|762|764|766|768|770|772,db786b0ac9e7d661fe757dfb4f8dfa5639129cfff95c9c90534a39a4a3de7356
au,Sydney_Eastern_Suburbs,GNN,42,10,500,none,MVA_equivalent_PF1,13.448341125650204,0,2000,20,0,0,1,1,682|680|714|712|744|710|742|708|774|740|772|738|3978|3976|3920|3974|770|3972|808|3918,680|682|708|710|712|714|734|736|738|740|742|744|758|760|762|764|766|768|770|772,b52411e65de1b17cda6e15ebf8ced7790d91b1904f06a6bf0eeeebff1abf755e
au,Sydney_Eastern_Suburbs,GNN,123,10,500,none,MVA_equivalent_PF1,14.281443601171631,0,2000,20,0,0,1,1,682|680|714|712|744|710|742|708|774|740|772|738|770|3978|3976|3920|808|736|768|3974,680|682|708|710|712|714|734|736|738|740|742|744|758|760|762|764|766|768|770|772,e397adc0b14d555a6888dd7e0d69429c135cd8c8914f6ae667f71717edd2788b
au,Sydney_Eastern_Suburbs,GNN,456,10,500,none,MVA_equivalent_PF1,12.927621574328432,0,2000,20,0,0,1,1,3978|3976|3920|682|3974|680|714|712|3972|710|744|3918|3970|742|708|3916|3864|3968|3966|3914,680|682|708|710|712|714|734|736|738|740|742|744|758|760|762|764|766|768|770|772,25cd5883e92805a5543022956ec97b7297013b87c296fbc5d500f765585498dd
au,Sydney_Eastern_Suburbs,Ref,,20,100,none,MVA_equivalent_PF1,0,0,2000,20,1,1,2000,20,0|2|4|6|8|10|12|14|16|18|20|22|24|26|28|30|32|34|36|38,0|2|4|6|8|10|12|14|16|18|20|22|24|26|28|30|32|34|36|38,VD-Ref
au,Sydney_Eastern_Suburbs,Uni,,20,100,none,MVA_equivalent_PF1,0,0,2000,20,1,1,2000,20,0|2|4|6|8|10|12|14|16|18|20|22|24|26|28|30|32|34|36|38,0|2|4|6|8|10|12|14|16|18|20|22|24|26|28|30|32|34|36|38,b8227659581fdcdde4c498fcd72a6836b4ab1dbccca22ef17e9ce6bc8dc69ab0
au,Sydney_Eastern_Suburbs,LU,,20,100,none,MVA_equivalent_PF1,0,0,2000,20,1,1,2000,20,0|2|4|6|8|10|12|14|16|18|20|22|24|26|28|30|32|34|36|38,0|2|4|6|8|10|12|14|16|18|20|22|24|26|28|30|32|34|36|38,db786b0ac9e7d661fe757dfb4f8dfa5639129cfff95c9c90534a39a4a3de7356
au,Sydney_Eastern_Suburbs,GNN,42,20,100,none,MVA_equivalent_PF1,0,0,2000,20,1,1,2000,20,0|2|4|6|8|10|12|14|16|18|20|22|24|26|28|30|32|34|36|38,0|2|4|6|8|10|12|14|16|18|20|22|24|26|28|30|32|34|36|38,b52411e65de1b17cda6e15ebf8ced7790d91b1904f06a6bf0eeeebff1abf755e
au,Sydney_Eastern_Suburbs,GNN,123,20,100,none,MVA_equivalent_PF1,0,0,2000,20,1,1,2000,20,0|2|4|6|8|10|12|14|16|18|20|22|24|26|28|30|32|34|36|38,0|2|4|6|8|10|12|14|16|18|20|22|24|26|28|30|32|34|36|38,e397adc0b14d555a6888dd7e0d69429c135cd8c8914f6ae667f71717edd2788b
au,Sydney_Eastern_Suburbs,GNN,456,20,100,none,MVA_equivalent_PF1,0,0,2000,20,1,1,2000,20,0|2|4|6|8|10|12|14|16|18|20|22|24|26|28|30|32|34|36|38,0|2|4|6|8|10|12|14|16|18|20|22|24|26|28|30|32|34|36|38,25cd5883e92805a5543022956ec97b7297013b87c296fbc5d500f765585498dd
au,Sydney_Eastern_Suburbs,Ref,,20,300,none,MVA_equivalent_PF1,0,0,2000,20,1,1,2000,20,0|2|4|6|8|10|12|14|16|18|20|22|24|26|28|30|32|34|36|38,0|2|4|6|8|10|12|14|16|18|20|22|24|26|28|30|32|34|36|38,VD-Ref
au,Sydney_Eastern_Suburbs,Uni,,20,300,none,MVA_equivalent_PF1,0,0,2000,20,1,1,2000,20,0|2|4|6|8|10|12|14|16|18|20|22|24|26|28|30|32|34|36|38,0|2|4|6|8|10|12|14|16|18|20|22|24|26|28|30|32|34|36|38,b8227659581fdcdde4c498fcd72a6836b4ab1dbccca22ef17e9ce6bc8dc69ab0
au,Sydney_Eastern_Suburbs,LU,,20,300,none,MVA_equivalent_PF1,0,0,2000,20,1,1,2000,20,0|2|4|6|8|10|12|14|16|18|20|22|24|26|28|30|32|34|36|38,0|2|4|6|8|10|12|14|16|18|20|22|24|26|28|30|32|34|36|38,db786b0ac9e7d661fe757dfb4f8dfa5639129cfff95c9c90534a39a4a3de7356
au,Sydney_Eastern_Suburbs,GNN,42,20,300,none,MVA_equivalent_PF1,0,0,2000,20,1,1,2000,20,0|2|4|6|8|10|12|14|16|18|20|22|24|26|28|30|32|34|36|38,0|2|4|6|8|10|12|14|16|18|20|22|24|26|28|30|32|34|36|38,b52411e65de1b17cda6e15ebf8ced7790d91b1904f06a6bf0eeeebff1abf755e
au,Sydney_Eastern_Suburbs,GNN,123,20,300,none,MVA_equivalent_PF1,0,0,2000,20,1,1,2000,20,0|2|4|6|8|10|12|14|16|18|20|22|24|26|28|30|32|34|36|38,0|2|4|6|8|10|12|14|16|18|20|22|24|26|28|30|32|34|36|38,e397adc0b14d555a6888dd7e0d69429c135cd8c8914f6ae667f71717edd2788b
au,Sydney_Eastern_Suburbs,GNN,456,20,300,none,MVA_equivalent_PF1,0,0,2000,20,1,1,2000,20,0|2|4|6|8|10|12|14|16|18|20|22|24|26|28|30|32|34|36|38,0|2|4|6|8|10|12|14|16|18|20|22|24|26|28|30|32|34|36|38,25cd5883e92805a5543022956ec97b7297013b87c296fbc5d500f765585498dd
au,Sydney_Eastern_Suburbs,Ref,,20,500,none,MVA_equivalent_PF1,0,0,2000,20,0,0,2000,20,0|2|4|6|8|10|12|14|16|18|20|22|24|26|28|30|32|34|36|38,0|2|4|6|8|10|12|14|16|18|20|22|24|26|28|30|32|34|36|38,VD-Ref
au,Sydney_Eastern_Suburbs,Uni,,20,500,none,MVA_equivalent_PF1,1.1368683772161603e-13,0,2000,20,0,0,2000,20,0|2|4|6|8|10|12|14|16|18|20|22|24|26|28|30|32|34|36|38,0|2|4|6|8|10|12|14|16|18|20|22|24|26|28|30|32|34|36|38,b8227659581fdcdde4c498fcd72a6836b4ab1dbccca22ef17e9ce6bc8dc69ab0
au,Sydney_Eastern_Suburbs,LU,,20,500,none,MVA_equivalent_PF1,0,0,2000,20,0,0,2000,20,0|2|4|6|8|10|12|14|16|18|20|22|24|26|28|30|32|34|36|38,0|2|4|6|8|10|12|14|16|18|20|22|24|26|28|30|32|34|36|38,db786b0ac9e7d661fe757dfb4f8dfa5639129cfff95c9c90534a39a4a3de7356
au,Sydney_Eastern_Suburbs,GNN,42,20,500,none,MVA_equivalent_PF1,0,0,2000,20,0,0,2000,20,0|2|4|6|8|10|12|14|16|18|20|22|24|26|28|30|32|34|36|38,0|2|4|6|8|10|12|14|16|18|20|22|24|26|28|30|32|34|36|38,b52411e65de1b17cda6e15ebf8ced7790d91b1904f06a6bf0eeeebff1abf755e
au,Sydney_Eastern_Suburbs,GNN,123,20,500,none,MVA_equivalent_PF1,0,0,2000,20,0,0,2000,20,0|2|4|6|8|10|12|14|16|18|20|22|24|26|28|30|32|34|36|38,0|2|4|6|8|10|12|14|16|18|20|22|24|26|28|30|32|34|36|38,e397adc0b14d555a6888dd7e0d69429c135cd8c8914f6ae667f71717edd2788b
au,Sydney_Eastern_Suburbs,GNN,456,20,500,none,MVA_equivalent_PF1,0,0,2000,20,0,0,2000,20,0|2|4|6|8|10|12|14|16|18|20|22|24|26|28|30|32|34|36|38,0|2|4|6|8|10|12|14|16|18|20|22|24|26|28|30|32|34|36|38,25cd5883e92805a5543022956ec97b7297013b87c296fbc5d500f765585498dd
au,Sydney_Inner_South_West,Ref,,10,100,none,MVA_equivalent_PF1,0,0,2000,20,1,1,2000,20,0|8|16|24|32|40|48|56|64|72|80|88|96|104|112|120|128|136|144|152,0|8|16|24|32|40|48|56|64|72|80|88|96|104|112|120|128|136|144|152,VD-Ref
au,Sydney_Inner_South_West,Uni,,10,100,none,MVA_equivalent_PF1,0,0,2000,20,1,1,2000,20,0|8|16|24|32|40|48|56|64|72|80|88|96|104|112|120|128|136|144|152,0|8|16|24|32|40|48|56|64|72|80|88|96|104|112|120|128|136|144|152,64d6a03143d9304406400514938aa059e13196da6762cbe4dd201c11b610c9e9
au,Sydney_Inner_South_West,LU,,10,100,none,MVA_equivalent_PF1,0,0,2000,20,1,1,2000,20,0|8|16|24|32|40|48|56|64|72|80|88|96|104|112|120|128|136|144|152,0|8|16|24|32|40|48|56|64|72|80|88|96|104|112|120|128|136|144|152,06a090395635d577ea9e1087b59d75048f9a1e663b7d13671c88a91b17d35f1e
au,Sydney_Inner_South_West,GNN,42,10,100,none,MVA_equivalent_PF1,0,0,2000,20,1,1,2000,20,0|8|16|24|32|40|48|56|64|72|80|88|96|104|112|120|128|136|144|152,0|8|16|24|32|40|48|56|64|72|80|88|96|104|112|120|128|136|144|152,3ba307f789b7f45b54759e2082dcac1f4431dbd4700882a68add2ed4070f3c2f
au,Sydney_Inner_South_West,GNN,123,10,100,none,MVA_equivalent_PF1,0,0,2000,20,1,1,2000,20,0|8|16|24|32|40|48|56|64|72|80|88|96|104|112|120|128|136|144|152,0|8|16|24|32|40|48|56|64|72|80|88|96|104|112|120|128|136|144|152,4d78b83f1ed6cb0dda354ef00e9ecd1e7396cc3593f511bb0b0fa3d80fce26fa
au,Sydney_Inner_South_West,GNN,456,10,100,none,MVA_equivalent_PF1,0,0,2000,20,1,1,2000,20,0|8|16|24|32|40|48|56|64|72|80|88|96|104|112|120|128|136|144|152,0|8|16|24|32|40|48|56|64|72|80|88|96|104|112|120|128|136|144|152,2951d55f3b5c50c084aacd2dbb61857b5cda4d982ec8cf9bb148f11b88b266a5
au,Sydney_Inner_South_West,Ref,,10,300,none,MVA_equivalent_PF1,2.3340906100898673,5.9500000000000455,2000,20,0.83450000000000002,0.88200000000000001,1764,20,0|8|16|24|32|40|48|56|64|72|80|88|96|112|128|136|144|152|168|176,1072|1144|1184|1224|1264|1304|1312|1344|1352|1392|1400|1432|1440|1480|1488|1528|1536|1576|1584|1624,VD-Ref
au,Sydney_Inner_South_West,Uni,,10,300,none,MVA_equivalent_PF1,1.9313140201072763,5.9500000000000455,2000,20,0.83450000000000002,0.89849999999999997,1797,20,0|8|16|24|32|40|48|56|64|72|80|88|96|104|112|128|136|144|152|168,1072|1144|1184|1224|1264|1304|1312|1344|1352|1392|1400|1432|1440|1480|1488|1528|1536|1576|1584|1624,64d6a03143d9304406400514938aa059e13196da6762cbe4dd201c11b610c9e9
au,Sydney_Inner_South_West,LU,,10,300,none,MVA_equivalent_PF1,2.020201011655502,5.9500000000000455,2000,20,0.83450000000000002,0.89749999999999996,1795,20,0|8|16|24|32|40|48|56|64|72|80|88|96|104|112|128|136|144|152|168,1072|1144|1184|1224|1264|1304|1312|1344|1352|1392|1400|1432|1440|1480|1488|1528|1536|1576|1584|1624,06a090395635d577ea9e1087b59d75048f9a1e663b7d13671c88a91b17d35f1e
au,Sydney_Inner_South_West,GNN,42,10,300,none,MVA_equivalent_PF1,1.2203955940361124,5.9500000000000455,2000,20,0.83450000000000002,0.92500000000000004,1850,20,0|8|16|24|32|40|48|56|64|72|80|88|96|104|112|120|128|136|144|152,1072|1144|1184|1224|1264|1304|1312|1344|1352|1392|1400|1432|1440|1480|1488|1528|1536|1576|1584|1624,3ba307f789b7f45b54759e2082dcac1f4431dbd4700882a68add2ed4070f3c2f
au,Sydney_Inner_South_West,GNN,123,10,300,none,MVA_equivalent_PF1,1.5152653994531957,5.9500000000000455,2000,20,0.83450000000000002,0.91349999999999998,1827,20,0|8|16|24|32|40|48|56|64|72|80|88|96|104|112|120|128|136|144|152,1072|1144|1184|1224|1264|1304|1312|1344|1352|1392|1400|1432|1440|1480|1488|1528|1536|1576|1584|1624,4d78b83f1ed6cb0dda354ef00e9ecd1e7396cc3593f511bb0b0fa3d80fce26fa
au,Sydney_Inner_South_West,GNN,456,10,300,none,MVA_equivalent_PF1,1.2350068991889582,5.9500000000000455,2000,20,0.83450000000000002,0.92200000000000004,1844,20,0|8|16|24|32|40|48|56|64|72|80|88|96|104|112|120|128|136|144|152,1072|1144|1184|1224|1264|1304|1312|1344|1352|1392|1400|1432|1440|1480|1488|1528|1536|1576|1584|1624,2951d55f3b5c50c084aacd2dbb61857b5cda4d982ec8cf9bb148f11b88b266a5
au,Sydney_Inner_South_West,Ref,,10,500,none,MVA_equivalent_PF1,7.0575073350315956,0,2000,20,0.61950000000000005,0.61599999999999999,1232,20,1624|1672|1728|1776|1784|1832|1840|1888|1896|1904|1952|1960|1968|1976|2024|2032|2040|2048|2096|2104,1624|1672|1728|1776|1784|1832|1840|1888|1896|1904|1952|1960|1968|1976|2024|2032|2040|2048|2096|2104,VD-Ref
au,Sydney_Inner_South_West,Uni,,10,500,none,MVA_equivalent_PF1,7.1839231384453361,0,2000,20,0.61950000000000005,0.61450000000000005,1229,20,1624|1672|1728|1776|1784|1832|1840|1888|1896|1904|1952|1960|1968|1976|2024|2032|2040|2048|2096|2104,1624|1672|1728|1776|1784|1832|1840|1888|1896|1904|1952|1960|1968|1976|2024|2032|2040|2048|2096|2104,64d6a03143d9304406400514938aa059e13196da6762cbe4dd201c11b610c9e9
au,Sydney_Inner_South_West,LU,,10,500,none,MVA_equivalent_PF1,7.3132788032473259,0,2000,20,0.61950000000000005,0.61450000000000005,1229,20,1624|1672|1728|1776|1784|1832|1840|1888|1896|1904|1952|1960|1968|1976|2024|2032|2040|2048|2096|2104,1624|1672|1728|1776|1784|1832|1840|1888|1896|1904|1952|1960|1968|1976|2024|2032|2040|2048|2096|2104,06a090395635d577ea9e1087b59d75048f9a1e663b7d13671c88a91b17d35f1e
au,Sydney_Inner_South_West,GNN,42,10,500,none,MVA_equivalent_PF1,7.9562450833945073,0,2000,20,0.61950000000000005,0.62250000000000005,1245,20,1624|1672|1728|1776|1784|1832|1840|1888|1896|1904|1952|1960|1968|1976|2024|2032|2040|2048|2096|2104,1624|1672|1728|1776|1784|1832|1840|1888|1896|1904|1952|1960|1968|1976|2024|2032|2040|2048|2096|2104,3ba307f789b7f45b54759e2082dcac1f4431dbd4700882a68add2ed4070f3c2f
au,Sydney_Inner_South_West,GNN,123,10,500,none,MVA_equivalent_PF1,8.1376731129466933,0,2000,20,0.61950000000000005,0.621,1242,20,1624|1672|1728|1776|1784|1832|1840|1888|1896|1904|1952|1960|1968|1976|2024|2032|2040|2048|2096|2104,1624|1672|1728|1776|1784|1832|1840|1888|1896|1904|1952|1960|1968|1976|2024|2032|2040|2048|2096|2104,4d78b83f1ed6cb0dda354ef00e9ecd1e7396cc3593f511bb0b0fa3d80fce26fa
au,Sydney_Inner_South_West,GNN,456,10,500,none,MVA_equivalent_PF1,7.8313846709746082,0,2000,20,0.61950000000000005,0.62050000000000005,1241,20,1624|1672|1728|1776|1784|1832|1840|1888|1896|1904|1952|1960|1968|1976|2024|2032|2040|2048|2096|2104,1624|1672|1728|1776|1784|1832|1840|1888|1896|1904|1952|1960|1968|1976|2024|2032|2040|2048|2096|2104,2951d55f3b5c50c084aacd2dbb61857b5cda4d982ec8cf9bb148f11b88b266a5
au,Sydney_Inner_South_West,Ref,,20,100,none,MVA_equivalent_PF1,0,0,2000,20,1,1,2000,20,0|8|16|24|32|40|48|56|64|72|80|88|96|104|112|120|128|136|144|152,0|8|16|24|32|40|48|56|64|72|80|88|96|104|112|120|128|136|144|152,VD-Ref
au,Sydney_Inner_South_West,Uni,,20,100,none,MVA_equivalent_PF1,0,0,2000,20,1,1,2000,20,0|8|16|24|32|40|48|56|64|72|80|88|96|104|112|120|128|136|144|152,0|8|16|24|32|40|48|56|64|72|80|88|96|104|112|120|128|136|144|152,64d6a03143d9304406400514938aa059e13196da6762cbe4dd201c11b610c9e9
au,Sydney_Inner_South_West,LU,,20,100,none,MVA_equivalent_PF1,0,0,2000,20,1,1,2000,20,0|8|16|24|32|40|48|56|64|72|80|88|96|104|112|120|128|136|144|152,0|8|16|24|32|40|48|56|64|72|80|88|96|104|112|120|128|136|144|152,06a090395635d577ea9e1087b59d75048f9a1e663b7d13671c88a91b17d35f1e
au,Sydney_Inner_South_West,GNN,42,20,100,none,MVA_equivalent_PF1,0,0,2000,20,1,1,2000,20,0|8|16|24|32|40|48|56|64|72|80|88|96|104|112|120|128|136|144|152,0|8|16|24|32|40|48|56|64|72|80|88|96|104|112|120|128|136|144|152,3ba307f789b7f45b54759e2082dcac1f4431dbd4700882a68add2ed4070f3c2f
au,Sydney_Inner_South_West,GNN,123,20,100,none,MVA_equivalent_PF1,0,0,2000,20,1,1,2000,20,0|8|16|24|32|40|48|56|64|72|80|88|96|104|112|120|128|136|144|152,0|8|16|24|32|40|48|56|64|72|80|88|96|104|112|120|128|136|144|152,4d78b83f1ed6cb0dda354ef00e9ecd1e7396cc3593f511bb0b0fa3d80fce26fa
au,Sydney_Inner_South_West,GNN,456,20,100,none,MVA_equivalent_PF1,0,0,2000,20,1,1,2000,20,0|8|16|24|32|40|48|56|64|72|80|88|96|104|112|120|128|136|144|152,0|8|16|24|32|40|48|56|64|72|80|88|96|104|112|120|128|136|144|152,2951d55f3b5c50c084aacd2dbb61857b5cda4d982ec8cf9bb148f11b88b266a5
au,Sydney_Inner_South_West,Ref,,20,300,none,MVA_equivalent_PF1,0,0,2000,20,1,1,2000,20,0|8|16|24|32|40|48|56|64|72|80|88|96|104|112|120|128|136|144|152,0|8|16|24|32|40|48|56|64|72|80|88|96|104|112|120|128|136|144|152,VD-Ref
au,Sydney_Inner_South_West,Uni,,20,300,none,MVA_equivalent_PF1,0,0,2000,20,1,1,2000,20,0|8|16|24|32|40|48|56|64|72|80|88|96|104|112|120|128|136|144|152,0|8|16|24|32|40|48|56|64|72|80|88|96|104|112|120|128|136|144|152,64d6a03143d9304406400514938aa059e13196da6762cbe4dd201c11b610c9e9
au,Sydney_Inner_South_West,LU,,20,300,none,MVA_equivalent_PF1,0,0,2000,20,1,1,2000,20,0|8|16|24|32|40|48|56|64|72|80|88|96|104|112|120|128|136|144|152,0|8|16|24|32|40|48|56|64|72|80|88|96|104|112|120|128|136|144|152,06a090395635d577ea9e1087b59d75048f9a1e663b7d13671c88a91b17d35f1e
au,Sydney_Inner_South_West,GNN,42,20,300,none,MVA_equivalent_PF1,0,0,2000,20,1,1,2000,20,0|8|16|24|32|40|48|56|64|72|80|88|96|104|112|120|128|136|144|152,0|8|16|24|32|40|48|56|64|72|80|88|96|104|112|120|128|136|144|152,3ba307f789b7f45b54759e2082dcac1f4431dbd4700882a68add2ed4070f3c2f
au,Sydney_Inner_South_West,GNN,123,20,300,none,MVA_equivalent_PF1,0,0,2000,20,1,1,2000,20,0|8|16|24|32|40|48|56|64|72|80|88|96|104|112|120|128|136|144|152,0|8|16|24|32|40|48|56|64|72|80|88|96|104|112|120|128|136|144|152,4d78b83f1ed6cb0dda354ef00e9ecd1e7396cc3593f511bb0b0fa3d80fce26fa
au,Sydney_Inner_South_West,GNN,456,20,300,none,MVA_equivalent_PF1,0,0,2000,20,1,1,2000,20,0|8|16|24|32|40|48|56|64|72|80|88|96|104|112|120|128|136|144|152,0|8|16|24|32|40|48|56|64|72|80|88|96|104|112|120|128|136|144|152,2951d55f3b5c50c084aacd2dbb61857b5cda4d982ec8cf9bb148f11b88b266a5
au,Sydney_Inner_South_West,Ref,,20,500,none,MVA_equivalent_PF1,0,0,2000,20,1,1,2000,20,0|8|16|24|32|40|48|56|64|72|80|88|96|104|112|120|128|136|144|152,0|8|16|24|32|40|48|56|64|72|80|88|96|104|112|120|128|136|144|152,VD-Ref
au,Sydney_Inner_South_West,Uni,,20,500,none,MVA_equivalent_PF1,0,0,2000,20,1,1,2000,20,0|8|16|24|32|40|48|56|64|72|80|88|96|104|112|120|128|136|144|152,0|8|16|24|32|40|48|56|64|72|80|88|96|104|112|120|128|136|144|152,64d6a03143d9304406400514938aa059e13196da6762cbe4dd201c11b610c9e9
au,Sydney_Inner_South_West,LU,,20,500,none,MVA_equivalent_PF1,0,0,2000,20,1,1,2000,20,0|8|16|24|32|40|48|56|64|72|80|88|96|104|112|120|128|136|144|152,0|8|16|24|32|40|48|56|64|72|80|88|96|104|112|120|128|136|144|152,06a090395635d577ea9e1087b59d75048f9a1e663b7d13671c88a91b17d35f1e
au,Sydney_Inner_South_West,GNN,42,20,500,none,MVA_equivalent_PF1,0,0,2000,20,1,1,2000,20,0|8|16|24|32|40|48|56|64|72|80|88|96|104|112|120|128|136|144|152,0|8|16|24|32|40|48|56|64|72|80|88|96|104|112|120|128|136|144|152,3ba307f789b7f45b54759e2082dcac1f4431dbd4700882a68add2ed4070f3c2f
au,Sydney_Inner_South_West,GNN,123,20,500,none,MVA_equivalent_PF1,0,0,2000,20,1,1,2000,20,0|8|16|24|32|40|48|56|64|72|80|88|96|104|112|120|128|136|144|152,0|8|16|24|32|40|48|56|64|72|80|88|96|104|112|120|128|136|144|152,4d78b83f1ed6cb0dda354ef00e9ecd1e7396cc3593f511bb0b0fa3d80fce26fa
au,Sydney_Inner_South_West,GNN,456,20,500,none,MVA_equivalent_PF1,0,0,2000,20,1,1,2000,20,0|8|16|24|32|40|48|56|64|72|80|88|96|104|112|120|128|136|144|152,0|8|16|24|32|40|48|56|64|72|80|88|96|104|112|120|128|136|144|152,2951d55f3b5c50c084aacd2dbb61857b5cda4d982ec8cf9bb148f11b88b266a5
au,Sydney_Inner_West,Ref,,10,100,none,MVA_equivalent_PF1,0,0,2000,20,1,1,2000,20,0|3|6|9|12|15|18|21|24|27|30|33|36|39|42|45|48|51|54|57,0|3|6|9|12|15|18|21|24|27|30|33|36|39|42|45|48|51|54|57,VD-Ref
au,Sydney_Inner_West,Uni,,10,100,none,MVA_equivalent_PF1,0,0,2000,20,1,1,2000,20,0|3|6|9|12|15|18|21|24|27|30|33|36|39|42|45|48|51|54|57,0|3|6|9|12|15|18|21|24|27|30|33|36|39|42|45|48|51|54|57,b0258ab619f28d2eb615ae93074755a857285712d740955e99cbdb4cceb35d15
au,Sydney_Inner_West,LU,,10,100,none,MVA_equivalent_PF1,0,0,2000,20,1,1,2000,20,0|3|6|9|12|15|18|21|24|27|30|33|36|39|42|45|48|51|54|57,0|3|6|9|12|15|18|21|24|27|30|33|36|39|42|45|48|51|54|57,71623f4b4524e2b698e5d106dad6b0e94675b356574336415eca99dbdede82da
au,Sydney_Inner_West,GNN,42,10,100,none,MVA_equivalent_PF1,0,0,2000,20,1,1,2000,20,0|3|6|9|12|15|18|21|24|27|30|33|36|39|42|45|48|51|54|57,0|3|6|9|12|15|18|21|24|27|30|33|36|39|42|45|48|51|54|57,486beb01b98e6df70a2fb2f9b17dc31851e5339de45c1905d2639cd6a3d8dc3c
au,Sydney_Inner_West,GNN,123,10,100,none,MVA_equivalent_PF1,0,0,2000,20,1,1,2000,20,0|3|6|9|12|15|18|21|24|27|30|33|36|39|42|45|48|51|54|57,0|3|6|9|12|15|18|21|24|27|30|33|36|39|42|45|48|51|54|57,6aa776226d494175b29e9667bcb54030254cd583215c25564198ca07c72f22b2
au,Sydney_Inner_West,GNN,456,10,100,none,MVA_equivalent_PF1,0,0,2000,20,1,1,2000,20,0|3|6|9|12|15|18|21|24|27|30|33|36|39|42|45|48|51|54|57,0|3|6|9|12|15|18|21|24|27|30|33|36|39|42|45|48|51|54|57,084fc963e7982e998a4c4aabd3f4476ca8fd78d2086ab05910643830c0313676
au,Sydney_Inner_West,Ref,,10,300,none,MVA_equivalent_PF1,0.24447061491839861,0,2000,20,0.96599999999999997,0.96750000000000003,1935,20,0|3|6|9|12|15|18|21|24|27|30|33|36|39|42|45|48|51|54|57,0|3|6|9|12|15|18|21|24|27|30|33|36|39|42|45|48|51|54|57,VD-Ref
au,Sydney_Inner_West,Uni,,10,300,none,MVA_equivalent_PF1,0.38234670686815864,0,2000,20,0.96599999999999997,0.96599999999999997,1932,20,0|3|6|9|12|15|18|21|24|27|30|33|36|39|42|45|48|51|54|57,0|3|6|9|12|15|18|21|24|27|30|33|36|39|42|45|48|51|54|57,b0258ab619f28d2eb615ae93074755a857285712d740955e99cbdb4cceb35d15
au,Sydney_Inner_West,LU,,10,300,none,MVA_equivalent_PF1,0.41824981700802927,0,2000,20,0.96599999999999997,0.96599999999999997,1932,20,0|3|6|9|12|15|18|21|24|27|30|33|36|39|42|45|48|51|54|57,0|3|6|9|12|15|18|21|24|27|30|33|36|39|42|45|48|51|54|57,71623f4b4524e2b698e5d106dad6b0e94675b356574336415eca99dbdede82da
au,Sydney_Inner_West,GNN,42,10,300,none,MVA_equivalent_PF1,0.33876711527239112,0,2000,20,0.96599999999999997,0.98050000000000004,1961,20,0|3|6|9|12|15|18|21|24|27|30|33|36|39|42|45|48|51|54|57,0|3|6|9|12|15|18|21|24|27|30|33|36|39|42|45|48|51|54|57,486beb01b98e6df70a2fb2f9b17dc31851e5339de45c1905d2639cd6a3d8dc3c
au,Sydney_Inner_West,GNN,123,10,300,none,MVA_equivalent_PF1,0.39792563782025381,0,2000,20,0.96599999999999997,0.98599999999999999,1972,20,0|3|6|9|12|15|18|21|24|27|30|33|36|39|42|45|48|51|54|57,0|3|6|9|12|15|18|21|24|27|30|33|36|39|42|45|48|51|54|57,6aa776226d494175b29e9667bcb54030254cd583215c25564198ca07c72f22b2
au,Sydney_Inner_West,GNN,456,10,300,none,MVA_equivalent_PF1,0.31770963240151628,0,2000,20,0.96599999999999997,0.97899999999999998,1958,20,0|3|6|9|12|15|18|21|24|27|30|33|36|39|42|45|48|51|54|57,0|3|6|9|12|15|18|21|24|27|30|33|36|39|42|45|48|51|54|57,084fc963e7982e998a4c4aabd3f4476ca8fd78d2086ab05910643830c0313676
au,Sydney_Inner_West,Ref,,10,500,none,MVA_equivalent_PF1,1.8408918725637706,0,2000,20,0,0,1,1,3297|3201|3174|2049|3111|4095|4065|3342|3321|3276|3252|2127|4197|3144|3078|3039|3381|1974|3363|4257,0|3|6|9|12|15|18|21|24|27|30|33|36|39|42|45|48|51|54|57,VD-Ref
au,Sydney_Inner_West,Uni,,10,500,none,MVA_equivalent_PF1,2.0476224131643606,0,2000,20,0,0,1,1,3297|3201|3174|2049|3111|3342|3321|3276|3252|2127|3144|3078|3039|3381|3363|1974|3300|3228|3204|3177,0|3|6|9|12|15|18|21|24|27|30|33|36|39|42|45|48|51|54|57,b0258ab619f28d2eb615ae93074755a857285712d740955e99cbdb4cceb35d15
au,Sydney_Inner_West,LU,,10,500,none,MVA_equivalent_PF1,2.0573365044988523,0,2000,20,0,0,1,1,3297|3201|3174|2049|3111|3342|3321|3276|3252|2127|3144|3078|3039|3381|3363|1974|3300|3228|3204|3177,0|3|6|9|12|15|18|21|24|27|30|33|36|39|42|45|48|51|54|57,71623f4b4524e2b698e5d106dad6b0e94675b356574336415eca99dbdede82da
au,Sydney_Inner_West,GNN,42,10,500,none,MVA_equivalent_PF1,2.7654720699995767,0,2000,20,0,0.021999999999999999,44,20,102|2049|3111|3174|3201|3297|3471|3498|3528|3558|3672|4008|4032|4035|4062|4065|4092|4095|4122|4146,0|3|6|9|12|15|18|21|24|27|30|33|36|39|42|45|48|51|54|57,486beb01b98e6df70a2fb2f9b17dc31851e5339de45c1905d2639cd6a3d8dc3c
au,Sydney_Inner_West,GNN,123,10,500,none,MVA_equivalent_PF1,2.9062361733944808,0,2000,20,0,0.024500000000000001,49,20,102|2049|3174|3201|3297|3471|3498|3528|3558|3672|3783|3810|3837|4008|4032|4035|4062|4065|4092|4095,0|3|6|9|12|15|18|21|24|27|30|33|36|39|42|45|48|51|54|57,6aa776226d494175b29e9667bcb54030254cd583215c25564198ca07c72f22b2
au,Sydney_Inner_West,GNN,456,10,500,none,MVA_equivalent_PF1,2.7496015190087792,0,2000,20,0,0.024500000000000001,49,20,3|30|51|102|2049|3111|3174|3201|3297|3471|3498|3528|3558|3672|4008|4032|4035|4062|4065|4092,0|3|6|9|12|15|18|21|24|27|30|33|36|39|42|45|48|51|54|57,084fc963e7982e998a4c4aabd3f4476ca8fd78d2086ab05910643830c0313676
au,Sydney_Inner_West,Ref,,20,100,none,MVA_equivalent_PF1,0,0,2000,20,1,1,2000,20,0|3|6|9|12|15|18|21|24|27|30|33|36|39|42|45|48|51|54|57,0|3|6|9|12|15|18|21|24|27|30|33|36|39|42|45|48|51|54|57,VD-Ref
au,Sydney_Inner_West,Uni,,20,100,none,MVA_equivalent_PF1,0,0,2000,20,1,1,2000,20,0|3|6|9|12|15|18|21|24|27|30|33|36|39|42|45|48|51|54|57,0|3|6|9|12|15|18|21|24|27|30|33|36|39|42|45|48|51|54|57,b0258ab619f28d2eb615ae93074755a857285712d740955e99cbdb4cceb35d15
au,Sydney_Inner_West,LU,,20,100,none,MVA_equivalent_PF1,0,0,2000,20,1,1,2000,20,0|3|6|9|12|15|18|21|24|27|30|33|36|39|42|45|48|51|54|57,0|3|6|9|12|15|18|21|24|27|30|33|36|39|42|45|48|51|54|57,71623f4b4524e2b698e5d106dad6b0e94675b356574336415eca99dbdede82da
au,Sydney_Inner_West,GNN,42,20,100,none,MVA_equivalent_PF1,0,0,2000,20,1,1,2000,20,0|3|6|9|12|15|18|21|24|27|30|33|36|39|42|45|48|51|54|57,0|3|6|9|12|15|18|21|24|27|30|33|36|39|42|45|48|51|54|57,486beb01b98e6df70a2fb2f9b17dc31851e5339de45c1905d2639cd6a3d8dc3c
au,Sydney_Inner_West,GNN,123,20,100,none,MVA_equivalent_PF1,0,0,2000,20,1,1,2000,20,0|3|6|9|12|15|18|21|24|27|30|33|36|39|42|45|48|51|54|57,0|3|6|9|12|15|18|21|24|27|30|33|36|39|42|45|48|51|54|57,6aa776226d494175b29e9667bcb54030254cd583215c25564198ca07c72f22b2
au,Sydney_Inner_West,GNN,456,20,100,none,MVA_equivalent_PF1,0,0,2000,20,1,1,2000,20,0|3|6|9|12|15|18|21|24|27|30|33|36|39|42|45|48|51|54|57,0|3|6|9|12|15|18|21|24|27|30|33|36|39|42|45|48|51|54|57,084fc963e7982e998a4c4aabd3f4476ca8fd78d2086ab05910643830c0313676
au,Sydney_Inner_West,Ref,,20,300,none,MVA_equivalent_PF1,0,0,2000,20,1,1,2000,20,0|3|6|9|12|15|18|21|24|27|30|33|36|39|42|45|48|51|54|57,0|3|6|9|12|15|18|21|24|27|30|33|36|39|42|45|48|51|54|57,VD-Ref
au,Sydney_Inner_West,Uni,,20,300,none,MVA_equivalent_PF1,0,0,2000,20,1,1,2000,20,0|3|6|9|12|15|18|21|24|27|30|33|36|39|42|45|48|51|54|57,0|3|6|9|12|15|18|21|24|27|30|33|36|39|42|45|48|51|54|57,b0258ab619f28d2eb615ae93074755a857285712d740955e99cbdb4cceb35d15
au,Sydney_Inner_West,LU,,20,300,none,MVA_equivalent_PF1,0,0,2000,20,1,1,2000,20,0|3|6|9|12|15|18|21|24|27|30|33|36|39|42|45|48|51|54|57,0|3|6|9|12|15|18|21|24|27|30|33|36|39|42|45|48|51|54|57,71623f4b4524e2b698e5d106dad6b0e94675b356574336415eca99dbdede82da
au,Sydney_Inner_West,GNN,42,20,300,none,MVA_equivalent_PF1,0,0,2000,20,1,1,2000,20,0|3|6|9|12|15|18|21|24|27|30|33|36|39|42|45|48|51|54|57,0|3|6|9|12|15|18|21|24|27|30|33|36|39|42|45|48|51|54|57,486beb01b98e6df70a2fb2f9b17dc31851e5339de45c1905d2639cd6a3d8dc3c
au,Sydney_Inner_West,GNN,123,20,300,none,MVA_equivalent_PF1,0,0,2000,20,1,1,2000,20,0|3|6|9|12|15|18|21|24|27|30|33|36|39|42|45|48|51|54|57,0|3|6|9|12|15|18|21|24|27|30|33|36|39|42|45|48|51|54|57,6aa776226d494175b29e9667bcb54030254cd583215c25564198ca07c72f22b2
au,Sydney_Inner_West,GNN,456,20,300,none,MVA_equivalent_PF1,0,0,2000,20,1,1,2000,20,0|3|6|9|12|15|18|21|24|27|30|33|36|39|42|45|48|51|54|57,0|3|6|9|12|15|18|21|24|27|30|33|36|39|42|45|48|51|54|57,084fc963e7982e998a4c4aabd3f4476ca8fd78d2086ab05910643830c0313676
au,Sydney_Inner_West,Ref,,20,500,none,MVA_equivalent_PF1,0,0,2000,20,0,0,2000,20,0|3|6|9|12|15|18|21|24|27|30|33|36|39|42|45|48|51|54|57,0|3|6|9|12|15|18|21|24|27|30|33|36|39|42|45|48|51|54|57,VD-Ref
au,Sydney_Inner_West,Uni,,20,500,none,MVA_equivalent_PF1,1.1368683772161603e-13,0,2000,20,0,0,2000,20,0|3|6|9|12|15|18|21|24|27|30|33|36|39|42|45|48|51|54|57,0|3|6|9|12|15|18|21|24|27|30|33|36|39|42|45|48|51|54|57,b0258ab619f28d2eb615ae93074755a857285712d740955e99cbdb4cceb35d15
au,Sydney_Inner_West,LU,,20,500,none,MVA_equivalent_PF1,0,0,2000,20,0,0,2000,20,0|3|6|9|12|15|18|21|24|27|30|33|36|39|42|45|48|51|54|57,0|3|6|9|12|15|18|21|24|27|30|33|36|39|42|45|48|51|54|57,71623f4b4524e2b698e5d106dad6b0e94675b356574336415eca99dbdede82da
au,Sydney_Inner_West,GNN,42,20,500,none,MVA_equivalent_PF1,0,0,2000,20,0,0,2000,20,0|3|6|9|12|15|18|21|24|27|30|33|36|39|42|45|48|51|54|57,0|3|6|9|12|15|18|21|24|27|30|33|36|39|42|45|48|51|54|57,486beb01b98e6df70a2fb2f9b17dc31851e5339de45c1905d2639cd6a3d8dc3c
au,Sydney_Inner_West,GNN,123,20,500,none,MVA_equivalent_PF1,0,0,2000,20,0,0,2000,20,0|3|6|9|12|15|18|21|24|27|30|33|36|39|42|45|48|51|54|57,0|3|6|9|12|15|18|21|24|27|30|33|36|39|42|45|48|51|54|57,6aa776226d494175b29e9667bcb54030254cd583215c25564198ca07c72f22b2
au,Sydney_Inner_West,GNN,456,20,500,none,MVA_equivalent_PF1,0,0,2000,20,0,0,2000,20,0|3|6|9|12|15|18|21|24|27|30|33|36|39|42|45|48|51|54|57,0|3|6|9|12|15|18|21|24|27|30|33|36|39|42|45|48|51|54|57,084fc963e7982e998a4c4aabd3f4476ca8fd78d2086ab05910643830c0313676
au,Sydney_North_Sydney_and_Hornsby,Ref,,10,100,none,MVA_equivalent_PF1,9.8154053325542421,0,2000,20,0.35299999999999998,0.36499999999999999,730,20,5603|5655|5772|5837|5902|5967|6019|6032|6084|6097|6149|6162|6175|6214|6227|6240|6292|6305|6318|6370,5603|5655|5772|5837|5902|5967|6019|6032|6084|6097|6149|6162|6175|6214|6227|6240|6292|6305|6318|6370,VD-Ref
au,Sydney_North_Sydney_and_Hornsby,Uni,,10,100,none,MVA_equivalent_PF1,9.4671459662169006,1.2762499999999988,2000,20,0.35299999999999998,0.40849999999999997,817,20,5603|5655|5772|5837|5902|5967|6019|6032|6084|6097|6149|6162|6175|6214|6227|6240|6279|6292|6305|6318,5603|5655|5772|5837|5902|5967|6019|6032|6084|6097|6149|6162|6175|6214|6227|6240|6292|6305|6318|6370,4749dc196465aa9b6db5c1157b4d07a6a79ba29e499c0d21d7e4af1c5654e1ed
au,Sydney_North_Sydney_and_Hornsby,LU,,10,100,none,MVA_equivalent_PF1,9.654269999227127,1.2762499999999988,2000,20,0.35299999999999998,0.40799999999999997,816,20,5603|5655|5772|5837|5902|5967|6019|6032|6084|6097|6149|6162|6175|6214|6227|6240|6279|6292|6305|6318,5603|5655|5772|5837|5902|5967|6019|6032|6084|6097|6149|6162|6175|6214|6227|6240|6292|6305|6318|6370,148f0875361dc5024e5f2c3a4782679fc765713f008379ca895e499f70b85118
au,Sydney_North_Sydney_and_Hornsby,GNN,42,10,100,none,MVA_equivalent_PF1,13.835646100488526,11.386249999999995,2000,20,0.35299999999999998,0.44850000000000001,897,20,2834|3068|3393|5603|5655|5772|5837|5902|5967|6019|6032|6084|6097|6149|6162|6175|6214|6227|6240|6279,5603|5655|5772|5837|5902|5967|6019|6032|6084|6097|6149|6162|6175|6214|6227|6240|6292|6305|6318|6370,3b2d24e58decfea70c1886bbff0efc805024e4fd3d2d15301387b28047df7159
au,Sydney_North_Sydney_and_Hornsby,GNN,123,10,100,none,MVA_equivalent_PF1,13.43556426108419,1.2762499999999988,2000,20,0.35299999999999998,0.45800000000000002,916,20,5603|5655|5772|5837|5902|5967|6019|6032|6084|6097|6149|6162|6175|6214|6227|6240|6279|6292|6305|6318,5603|5655|5772|5837|5902|5967|6019|6032|6084|6097|6149|6162|6175|6214|6227|6240|6292|6305|6318|6370,8eb2f5d57061a8111a142225e2583405bc0090adc0eb5ff8dad9d42afd848781
au,Sydney_North_Sydney_and_Hornsby,GNN,456,10,100,none,MVA_equivalent_PF1,13.590196066921839,8.0162499999999959,2000,20,0.35299999999999998,0.46000000000000002,920,20,3068|3393|5603|5655|5772|5837|5902|5967|6019|6032|6084|6097|6149|6162|6175|6214|6227|6240|6279|6292,5603|5655|5772|5837|5902|5967|6019|6032|6084|6097|6149|6162|6175|6214|6227|6240|6292|6305|6318|6370,9c78d425f0aff34bf0de99e34bb653dab1c21ee1db4e397fff34397399f09dc0
au,Sydney_North_Sydney_and_Hornsby,Ref,,10,300,none,MVA_equivalent_PF1,17.702747693998433,2.3750000000000284,2000,20,0,0,1,1,10933|11401|11011|12363|12428|11089|16887|16653|11323|16146|11167|16770|11245|8333|18681|16094|17602|16601|17797|18785,10933|10946|11011|11024|11063|11089|11102|11128|11141|11167|11206|11245|11271|11284|11323|11336|11349|11362|11401|11414,VD-Ref
au,Sydney_North_Sydney_and_Hornsby,Uni,,10,300,none,MVA_equivalent_PF1,18.714769953384437,9.5000000000000284,2000,20,0,0,1,1,12363|12428|11401|10933|8333|12350|11011|12285|11323|8242|12220|12090|12155|11089|8151|8060|11167|11245|12207|12142,10933|10946|11011|11024|11063|11089|11102|11128|11141|11167|11206|11245|11271|11284|11323|11336|11349|11362|11401|11414,4749dc196465aa9b6db5c1157b4d07a6a79ba29e499c0d21d7e4af1c5654e1ed
au,Sydney_North_Sydney_and_Hornsby,LU,,10,300,none,MVA_equivalent_PF1,18.932868866594095,9.5000000000000284,2000,20,0,0,1,1,12363|12428|11401|8333|8242|10933|12350|12285|8151|11323|8060|11011|12220|12155|12090|11089|11245|11167|12207|12142,10933|10946|11011|11024|11063|11089|11102|11128|11141|11167|11206|11245|11271|11284|11323|11336|11349|11362|11401|11414,148f0875361dc5024e5f2c3a4782679fc765713f008379ca895e499f70b85118
au,Sydney_North_Sydney_and_Hornsby,GNN,42,10,300,none,MVA_equivalent_PF1,26.282653237026231,11.875000000000028,2000,20,0,0,1,1,12363|12428|11401|8333|11323|12350|12285|8242|12155|12220|11245|12207|11167|8151|12090|8060|11089|11102|8073|12142,10933|10946|11011|11024|11063|11089|11102|11128|11141|11167|11206|11245|11271|11284|11323|11336|11349|11362|11401|11414,3b2d24e58decfea70c1886bbff0efc805024e4fd3d2d15301387b28047df7159
au,Sydney_North_Sydney_and_Hornsby,GNN,123,10,300,none,MVA_equivalent_PF1,26.676195463118578,2.3750000000000284,2000,20,0,0,1,1,12428|12363|12350|11401|12285|11323|12220|12155|12207|16146|11245|8333|12090|11167|11089|12142|10933|11011|16094|11102,10933|10946|11011|11024|11063|11089|11102|11128|11141|11167|11206|11245|11271|11284|11323|11336|11349|11362|11401|11414,8eb2f5d57061a8111a142225e2583405bc0090adc0eb5ff8dad9d42afd848781
au,Sydney_North_Sydney_and_Hornsby,GNN,456,10,300,none,MVA_equivalent_PF1,26.196347335976018,4.7500000000000284,2000,20,0,0,1,1,12428|12363|11401|12350|8333|11323|12285|12220|12155|12207|10933|11089|11245|12142|12090|8242|11011|11167|16146|11999,10933|10946|11011|11024|11063|11089|11102|11128|11141|11167|11206|11245|11271|11284|11323|11336|11349|11362|11401|11414,9c78d425f0aff34bf0de99e34bb653dab1c21ee1db4e397fff34397399f09dc0
au,Sydney_North_Sydney_and_Hornsby,Ref,,10,500,none,MVA_equivalent_PF1,17.702747693998433,2.375,2000,20,0,0,1,1,10933|11401|11011|12363|12428|11089|16887|16653|11323|16146|11167|16770|11245|8333|18681|16094|17602|16601|17797|18785,10933|10946|11011|11024|11063|11089|11102|11128|11141|11167|11206|11245|11271|11284|11323|11336|11349|11362|11401|11414,VD-Ref
au,Sydney_North_Sydney_and_Hornsby,Uni,,10,500,none,MVA_equivalent_PF1,18.714769953384437,9.5,2000,20,0,0,1,1,12363|12428|11401|10933|8333|12350|11011|12285|11323|8242|12220|12090|12155|11089|8151|8060|11167|11245|12207|12142,10933|10946|11011|11024|11063|11089|11102|11128|11141|11167|11206|11245|11271|11284|11323|11336|11349|11362|11401|11414,4749dc196465aa9b6db5c1157b4d07a6a79ba29e499c0d21d7e4af1c5654e1ed
au,Sydney_North_Sydney_and_Hornsby,LU,,10,500,none,MVA_equivalent_PF1,18.932868866594095,9.5000000000000568,2000,20,0,0,1,1,12363|12428|11401|8333|8242|10933|12350|12285|8151|11323|8060|11011|12220|12155|12090|11089|11245|11167|12207|12142,10933|10946|11011|11024|11063|11089|11102|11128|11141|11167|11206|11245|11271|11284|11323|11336|11349|11362|11401|11414,148f0875361dc5024e5f2c3a4782679fc765713f008379ca895e499f70b85118
au,Sydney_North_Sydney_and_Hornsby,GNN,42,10,500,none,MVA_equivalent_PF1,26.282653237026235,11.875,2000,20,0,0,1,1,12363|12428|11401|8333|11323|12350|12285|8242|12155|12220|11245|12207|11167|8151|12090|8060|11089|11102|8073|12142,10933|10946|11011|11024|11063|11089|11102|11128|11141|11167|11206|11245|11271|11284|11323|11336|11349|11362|11401|11414,3b2d24e58decfea70c1886bbff0efc805024e4fd3d2d15301387b28047df7159
au,Sydney_North_Sydney_and_Hornsby,GNN,123,10,500,none,MVA_equivalent_PF1,26.676195463118571,2.3750000000000568,2000,20,0,0,1,1,12428|12363|12350|11401|12285|11323|12220|12155|12207|16146|11245|8333|12090|11167|11089|12142|10933|11011|16094|11102,10933|10946|11011|11024|11063|11089|11102|11128|11141|11167|11206|11245|11271|11284|11323|11336|11349|11362|11401|11414,8eb2f5d57061a8111a142225e2583405bc0090adc0eb5ff8dad9d42afd848781
au,Sydney_North_Sydney_and_Hornsby,GNN,456,10,500,none,MVA_equivalent_PF1,26.196347335976014,4.7500000000000568,2000,20,0,0,1,1,12428|12363|11401|12350|8333|11323|12285|12220|12155|12207|10933|11089|11245|12142|12090|8242|11011|11167|16146|11999,10933|10946|11011|11024|11063|11089|11102|11128|11141|11167|11206|11245|11271|11284|11323|11336|11349|11362|11401|11414,9c78d425f0aff34bf0de99e34bb653dab1c21ee1db4e397fff34397399f09dc0
au,Sydney_North_Sydney_and_Hornsby,Ref,,20,100,none,MVA_equivalent_PF1,0.20795461435330628,0,2000,20,0.98850000000000005,0.98850000000000005,1977,20,13|26|39|52|65|78|104|130|156|169|195|208|234|247|273|286|299|325|338|351,13|26|39|52|65|78|104|130|156|169|195|208|234|247|273|286|299|325|338|351,VD-Ref
au,Sydney_North_Sydney_and_Hornsby,Uni,,20,100,none,MVA_equivalent_PF1,0.16152712253420173,0,2000,20,0.98850000000000005,0.98850000000000005,1977,20,13|26|39|52|65|78|104|130|156|169|195|208|234|247|273|286|299|325|338|351,13|26|39|52|65|78|104|130|156|169|195|208|234|247|273|286|299|325|338|351,4749dc196465aa9b6db5c1157b4d07a6a79ba29e499c0d21d7e4af1c5654e1ed
au,Sydney_North_Sydney_and_Hornsby,LU,,20,100,none,MVA_equivalent_PF1,0.16059162983156397,0,2000,20,0.98850000000000005,0.98850000000000005,1977,20,13|26|39|52|65|78|104|130|156|169|195|208|234|247|273|286|299|325|338|351,13|26|39|52|65|78|104|130|156|169|195|208|234|247|273|286|299|325|338|351,148f0875361dc5024e5f2c3a4782679fc765713f008379ca895e499f70b85118
au,Sydney_North_Sydney_and_Hornsby,GNN,42,20,100,none,MVA_equivalent_PF1,0.10413882887468821,0,2000,20,0.98850000000000005,0.98850000000000005,1977,20,13|26|39|52|65|78|104|130|156|169|195|208|234|247|273|286|299|325|338|351,13|26|39|52|65|78|104|130|156|169|195|208|234|247|273|286|299|325|338|351,3b2d24e58decfea70c1886bbff0efc805024e4fd3d2d15301387b28047df7159
au,Sydney_North_Sydney_and_Hornsby,GNN,123,20,100,none,MVA_equivalent_PF1,0.10156229833115855,0,2000,20,0.98850000000000005,0.98850000000000005,1977,20,13|26|39|52|65|78|104|130|156|169|195|208|234|247|273|286|299|325|338|351,13|26|39|52|65|78|104|130|156|169|195|208|234|247|273|286|299|325|338|351,8eb2f5d57061a8111a142225e2583405bc0090adc0eb5ff8dad9d42afd848781
au,Sydney_North_Sydney_and_Hornsby,GNN,456,20,100,none,MVA_equivalent_PF1,0.091240671991420011,0,2000,20,0.98850000000000005,0.98850000000000005,1977,20,13|26|39|52|65|78|104|130|156|169|195|208|234|247|273|286|299|325|338|351,13|26|39|52|65|78|104|130|156|169|195|208|234|247|273|286|299|325|338|351,9c78d425f0aff34bf0de99e34bb653dab1c21ee1db4e397fff34397399f09dc0
au,Sydney_North_Sydney_and_Hornsby,Ref,,20,300,none,MVA_equivalent_PF1,12.549137467506968,0,2000,20,0,0,1,1,17381|17238|17602|17108|17043|17173|16744|17459|17316|16926|13806|13819|16172|16328|13793|16809|17251|16692|16016|13780,3159|3237|3250|3315|3328|3341|3393|3406|3419|3484|3497|3510|3562|3575|3588|3601|3640|3653|3666|3679,VD-Ref
au,Sydney_North_Sydney_and_Hornsby,Uni,,20,300,none,MVA_equivalent_PF1,13.920075204917106,0,2000,20,0,0,1,1,17381|17238|17602|17108|17043|17173|16744|17316|17459|16926|16172|16328|13806|16016|15717|13819|16809|15756|13793|15873,3159|3237|3250|3315|3328|3341|3393|3406|3419|3484|3497|3510|3562|3575|3588|3601|3640|3653|3666|3679,4749dc196465aa9b6db5c1157b4d07a6a79ba29e499c0d21d7e4af1c5654e1ed
au,Sydney_North_Sydney_and_Hornsby,LU,,20,300,none,MVA_equivalent_PF1,14.141589857323433,0,2000,20,0,0,1,1,17381|17238|17602|17108|17043|17173|16744|17316|17459|16926|16172|13806|16328|13819|16809|16016|15717|13793|17251|15756,3159|3237|3250|3315|3328|3341|3393|3406|3419|3484|3497|3510|3562|3575|3588|3601|3640|3653|3666|3679,148f0875361dc5024e5f2c3a4782679fc765713f008379ca895e499f70b85118
au,Sydney_North_Sydney_and_Hornsby,GNN,42,20,300,none,MVA_equivalent_PF1,17.50239979627035,0,2000,20,0,0,1,1,17381|17602|17238|17108|17173|17459|17043|17316|13819|13806|13793|16744|16926|17251|13780|16809|16991|17186|16692|17121,3159|3237|3250|3315|3328|3341|3393|3406|3419|3484|3497|3510|3562|3575|3588|3601|3640|3653|3666|3679,3b2d24e58decfea70c1886bbff0efc805024e4fd3d2d15301387b28047df7159
au,Sydney_North_Sydney_and_Hornsby,GNN,123,20,300,none,MVA_equivalent_PF1,17.84055369538364,1.629999999999967,2000,20,0,0,1,1,17381|17602|17238|17108|17173|17459|17043|17316|13819|13806|16744|13793|16926|17251|13780|16809|17186|16991|23530|14326,3159|3237|3250|3315|3328|3341|3393|3406|3419|3484|3497|3510|3562|3575|3588|3601|3640|3653|3666|3679,8eb2f5d57061a8111a142225e2583405bc0090adc0eb5ff8dad9d42afd848781
au,Sydney_North_Sydney_and_Hornsby,GNN,456,20,300,none,MVA_equivalent_PF1,17.268243105107409,0,2000,20,0,0,1,1,17381|17602|17238|17459|17108|17173|17043|17316|13819|13806|16744|13793|16926|17251|13780|16809|16991|14326|14235|14950,3159|3237|3250|3315|3328|3341|3393|3406|3419|3484|3497|3510|3562|3575|3588|3601|3640|3653|3666|3679,9c78d425f0aff34bf0de99e34bb653dab1c21ee1db4e397fff34397399f09dc0
au,Sydney_North_Sydney_and_Hornsby,Ref,,20,500,none,MVA_equivalent_PF1,12.549137467507022,1.1368683772161603e-13,2000,20,0,0,1,1,17381|17238|17602|17108|17043|17173|16744|17459|17316|16926|13806|13819|16172|16328|13793|16809|17251|16692|16016|13780,14274|14417|14469|14560|14612|14703|14755|14807|14898|14989|15041|15080|15132|15184|15223|15275|15314|15366|15405|15444,VD-Ref
au,Sydney_North_Sydney_and_Hornsby,Uni,,20,500,none,MVA_equivalent_PF1,13.920075204917161,1.1368683772161603e-13,2000,20,0,0,1,1,17381|17238|17602|17108|17043|17173|16744|17316|17459|16926|16172|16328|13806|16016|15717|13819|16809|15756|13793|15873,14274|14417|14469|14560|14612|14703|14755|14807|14898|14989|15041|15080|15132|15184|15223|15275|15314|15366|15405|15444,4749dc196465aa9b6db5c1157b4d07a6a79ba29e499c0d21d7e4af1c5654e1ed
au,Sydney_North_Sydney_and_Hornsby,LU,,20,500,none,MVA_equivalent_PF1,14.141589857323485,1.1368683772161603e-13,2000,20,0,0,1,1,17381|17238|17602|17108|17043|17173|16744|17316|17459|16926|16172|13806|16328|13819|16809|16016|15717|13793|17251|15756,14274|14417|14469|14560|14612|14703|14755|14807|14898|14989|15041|15080|15132|15184|15223|15275|15314|15366|15405|15444,148f0875361dc5024e5f2c3a4782679fc765713f008379ca895e499f70b85118
au,Sydney_North_Sydney_and_Hornsby,GNN,42,20,500,none,MVA_equivalent_PF1,17.502399796270407,1.1368683772161603e-13,2000,20,0,0,1,1,17381|17602|17238|17108|17173|17459|17043|17316|13819|13806|13793|16744|16926|17251|13780|16809|16991|17186|16692|17121,14274|14417|14469|14560|14612|14703|14755|14807|14898|14989|15041|15080|15132|15184|15223|15275|15314|15366|15405|15444,3b2d24e58decfea70c1886bbff0efc805024e4fd3d2d15301387b28047df7159
au,Sydney_North_Sydney_and_Hornsby,GNN,123,20,500,none,MVA_equivalent_PF1,17.840553695383697,1.6300000000001091,2000,20,0,0,1,1,17381|17602|17238|17108|17173|17459|17043|17316|13819|13806|16744|13793|16926|17251|13780|16809|17186|16991|23530|14326,14274|14417|14469|14560|14612|14703|14755|14807|14898|14989|15041|15080|15132|15184|15223|15275|15314|15366|15405|15444,8eb2f5d57061a8111a142225e2583405bc0090adc0eb5ff8dad9d42afd848781
au,Sydney_North_Sydney_and_Hornsby,GNN,456,20,500,none,MVA_equivalent_PF1,17.268243105107466,1.1368683772161603e-13,2000,20,0,0,1,1,17381|17602|17238|17459|17108|17173|17043|17316|13819|13806|16744|13793|16926|17251|13780|16809|16991|14326|14235|14950,14274|14417|14469|14560|14612|14703|14755|14807|14898|14989|15041|15080|15132|15184|15223|15275|15314|15366|15405|15444,9c78d425f0aff34bf0de99e34bb653dab1c21ee1db4e397fff34397399f09dc0
au,Sydney_Northern_Beaches,Ref,,10,100,none,MVA_equivalent_PF1,13.029027436170665,13.459374999999966,2000,20,0,0.10150000000000001,203,20,60|96|3408|3504|3516|3588|3600|3612|3684|3696|3708|3780|3792|3804|3876|3888|3900|3972|3984|3996,5484|5592|5604|5700|5712|5820|5832|5844|5940|5952|5964|6060|6072|6084|6096|6180|6192|6204|6216|6312,VD-Ref
au,Sydney_Northern_Beaches,Uni,,10,100,none,MVA_equivalent_PF1,13.43192391221859,16.283437499999955,2000,20,0,0.090499999999999997,181,20,0|12|24|36|60|72|96|108|132|156|180|204|240|276|312|324|360|408|444|480,5484|5592|5604|5700|5712|5820|5832|5844|5940|5952|5964|6060|6072|6084|6096|6180|6192|6204|6216|6312,d04a168636a4438866d9f10c47b7ad8de81d0f2ca23583304cbe1e692b5d52f7
au,Sydney_Northern_Beaches,LU,,10,100,none,MVA_equivalent_PF1,13.332048911125826,15.879999999999956,2000,20,0,0.086499999999999994,173,20,0|12|24|36|60|72|96|132|156|180|204|240|276|312|324|360|408|444|480|564,5484|5592|5604|5700|5712|5820|5832|5844|5940|5952|5964|6060|6072|6084|6096|6180|6192|6204|6216|6312,ebcfea497a95414f3a216a29c1886d49c9cd25e549ddf3b03d20d05123bb3252
au,Sydney_Northern_Beaches,GNN,42,10,100,none,MVA_equivalent_PF1,54.664458883371033,19.510937499999944,2000,20,0,0.13500000000000001,270,20,0|12|24|36|48|60|72|84|96|108|120|132|144|156|168|180|192|204|216|228,5484|5592|5604|5700|5712|5820|5832|5844|5940|5952|5964|6060|6072|6084|6096|6180|6192|6204|6216|6312,5fde336771f8df871ec0d52cb9a9f9f4bdb76ad6d5cc0d3bdd894c5d5139ba95
au,Sydney_Northern_Beaches,GNN,123,10,100,none,MVA_equivalent_PF1,25.497032640023306,19.510937499999944,2000,20,0,0.1225,245,20,0|12|24|36|48|60|72|84|96|108|120|132|144|156|168|180|192|204|216|228,5484|5592|5604|5700|5712|5820|5832|5844|5940|5952|5964|6060|6072|6084|6096|6180|6192|6204|6216|6312,6b9574fd42ab79b318a133c8351b0b518c57e92b4370b6e80753184fc242894b
au,Sydney_Northern_Beaches,GNN,456,10,100,none,MVA_equivalent_PF1,37.900671261933411,19.510937499999944,2000,20,0,0.14000000000000001,280,20,0|12|24|36|48|60|72|84|96|108|120|132|144|156|168|180|192|204|216|228,5484|5592|5604|5700|5712|5820|5832|5844|5940|5952|5964|6060|6072|6084|6096|6180|6192|6204|6216|6312,ee2777d02dba0ffc95d0041c7b4633af60f7c237a39b3d7a22e8760aac1329b1
au,Sydney_Northern_Beaches,Ref,,10,300,none,MVA_equivalent_PF1,14.455947096577958,2.009765625,2000,20,0,0,1,1,9576|9492|6096|9408|16452|5604|9324|6216|8748|5964|16512|6456|8472|6336|16488|5484|8376|5832|5712|6084,5844|5484|5592|5604|5700|5712|5820|5832|5940|5952|5964|6060|6072|6084|6096|6180|6192|6204|6216|6312,VD-Ref
au,Sydney_Northern_Beaches,Uni,,10,300,none,MVA_equivalent_PF1,14.361914479125343,2.2968749999999432,2000,20,0,0,1,1,9576|9492|6096|9408|16452|9324|5604|16512|6216|5964|16488|5844|8748|5484|6456|5712|6336|5832|16464|5592,5844|5484|5592|5604|5700|5712|5820|5832|5940|5952|5964|6060|6072|6084|6096|6180|6192|6204|6216|6312,d04a168636a4438866d9f10c47b7ad8de81d0f2ca23583304cbe1e692b5d52f7
au,Sydney_Northern_Beaches,LU,,10,300,none,MVA_equivalent_PF1,14.224460827212527,2.2968749999999432,2000,20,0,0,1,1,9576|9492|6096|9408|16452|9324|5604|16512|6216|5964|16488|8748|5844|5484|6456|5712|6336|16464|5832|5592,5844|5484|5592|5604|5700|5712|5820|5832|5940|5952|5964|6060|6072|6084|6096|6180|6192|6204|6216|6312,ebcfea497a95414f3a216a29c1886d49c9cd25e549ddf3b03d20d05123bb3252
au,Sydney_Northern_Beaches,GNN,42,10,300,none,MVA_equivalent_PF1,63.576623036411675,12.786406249999885,2000,20,0,0,1,1,1164|1116|1416|1428|60|96|156|324|180|204|1440|240|408|612|564|276|696|744|360|6096,5844|5484|5592|5604|5700|5712|5820|5832|5940|5952|5964|6060|6072|6084|6096|6180|6192|6204|6216|6312,5fde336771f8df871ec0d52cb9a9f9f4bdb76ad6d5cc0d3bdd894c5d5139ba95
au,Sydney_Northern_Beaches,GNN,123,10,300,none,MVA_equivalent_PF1,27.409431904693225,12.803984374999885,2000,20,0,0,1,1,60|6096|9576|96|612|324|408|564|744|696|0|156|1164|180|648|204|240|1116|276|360,5844|5484|5592|5604|5700|5712|5820|5832|5940|5952|5964|6060|6072|6084|6096|6180|6192|6204|6216|6312,6b9574fd42ab79b318a133c8351b0b518c57e92b4370b6e80753184fc242894b
au,Sydney_Northern_Beaches,GNN,456,10,300,none,MVA_equivalent_PF1,43.873029080679629,12.786406249999885,2000,20,0,0,1,1,6096|1164|60|1116|96|324|612|408|156|564|180|204|240|696|744|276|360|648|1200|312,5844|5484|5592|5604|5700|5712|5820|5832|5940|5952|5964|6060|6072|6084|6096|6180|6192|6204|6216|6312,ee2777d02dba0ffc95d0041c7b4633af60f7c237a39b3d7a22e8760aac1329b1
au,Sydney_Northern_Beaches,Ref,,10,500,none,MVA_equivalent_PF1,14.455947096577965,2.009765625,2000,20,0,0,1,1,9576|9492|6096|9408|16452|5604|9324|6216|8748|5964|16512|6456|8472|6336|16488|5484|8376|5832|5712|6084,5844|5484|5592|5604|5700|5712|5820|5832|5940|5952|5964|6060|6072|6084|6096|6180|6192|6204|6216|6312,VD-Ref
au,Sydney_Northern_Beaches,Uni,,10,500,none,MVA_equivalent_PF1,14.361914479125346,2.296875,2000,20,0,0,1,1,9576|9492|6096|9408|16452|9324|5604|16512|6216|5964|16488|5844|8748|5484|6456|5712|6336|5832|16464|5592,5844|5484|5592|5604|5700|5712|5820|5832|5940|5952|5964|6060|6072|6084|6096|6180|6192|6204|6216|6312,d04a168636a4438866d9f10c47b7ad8de81d0f2ca23583304cbe1e692b5d52f7
au,Sydney_Northern_Beaches,LU,,10,500,none,MVA_equivalent_PF1,14.224460827212534,2.296875,2000,20,0,0,1,1,9576|9492|6096|9408|16452|9324|5604|16512|6216|5964|16488|8748|5844|5484|6456|5712|6336|16464|5832|5592,5844|5484|5592|5604|5700|5712|5820|5832|5940|5952|5964|6060|6072|6084|6096|6180|6192|6204|6216|6312,ebcfea497a95414f3a216a29c1886d49c9cd25e549ddf3b03d20d05123bb3252
au,Sydney_Northern_Beaches,GNN,42,10,500,none,MVA_equivalent_PF1,63.576623036411668,12.7864062499998,2000,20,0,0,1,1,1164|1116|1416|1428|60|96|156|324|180|204|1440|240|408|612|564|276|696|744|360|6096,5844|5484|5592|5604|5700|5712|5820|5832|5940|5952|5964|6060|6072|6084|6096|6180|6192|6204|6216|6312,5fde336771f8df871ec0d52cb9a9f9f4bdb76ad6d5cc0d3bdd894c5d5139ba95
au,Sydney_Northern_Beaches,GNN,123,10,500,none,MVA_equivalent_PF1,27.409431904693232,12.8039843749998,2000,20,0,0,1,1,60|6096|9576|96|612|324|408|564|744|696|0|156|1164|180|648|204|240|1116|276|360,5844|5484|5592|5604|5700|5712|5820|5832|5940|5952|5964|6060|6072|6084|6096|6180|6192|6204|6216|6312,6b9574fd42ab79b318a133c8351b0b518c57e92b4370b6e80753184fc242894b
au,Sydney_Northern_Beaches,GNN,456,10,500,none,MVA_equivalent_PF1,43.873029080679629,12.7864062499998,2000,20,0,0,1,1,6096|1164|60|1116|96|324|612|408|156|564|180|204|240|696|744|276|360|648|1200|312,5844|5484|5592|5604|5700|5712|5820|5832|5940|5952|5964|6060|6072|6084|6096|6180|6192|6204|6216|6312,ee2777d02dba0ffc95d0041c7b4633af60f7c237a39b3d7a22e8760aac1329b1
au,Sydney_Northern_Beaches,Ref,,20,100,none,MVA_equivalent_PF1,2.0108455148476323,7.7171875000000227,2000,20,0,0.22800000000000001,456,20,0|12|24|36|48|60|72|84|96|108|120|132|144|156|168|180|192|204|216|228,528|564|612|648|660|696|732|744|780|816|828|864|876|912|924|948|960|972|996|1008,VD-Ref
au,Sydney_Northern_Beaches,Uni,,20,100,none,MVA_equivalent_PF1,1.7990990272388308,0.38585937500000123,2000,20,0,0.14799999999999999,296,20,0|528|564|612|648|660|696|732|744|780|816|828|864|876|912|924|948|960|972|996,528|564|612|648|660|696|732|744|780|816|828|864|876|912|924|948|960|972|996|1008,d04a168636a4438866d9f10c47b7ad8de81d0f2ca23583304cbe1e692b5d52f7
au,Sydney_Northern_Beaches,LU,,20,100,none,MVA_equivalent_PF1,1.7431070235402673,0.38585937500000123,2000,20,0,0.1545,309,20,0|528|564|612|648|660|696|732|744|780|816|828|864|876|912|924|948|960|972|996,528|564|612|648|660|696|732|744|780|816|828|864|876|912|924|948|960|972|996|1008,ebcfea497a95414f3a216a29c1886d49c9cd25e549ddf3b03d20d05123bb3252
au,Sydney_Northern_Beaches,GNN,42,20,100,none,MVA_equivalent_PF1,2.7190418651220876,0.67296874999999812,2000,20,0,0.125,250,20,12732|12972|13056|13128|13212|13296|13380|13464|13476|13560|13644|13728|13740|13824|13908|13992|14004|14076|14088|14148,528|564|612|648|660|696|732|744|780|816|828|864|876|912|924|948|960|972|996|1008,5fde336771f8df871ec0d52cb9a9f9f4bdb76ad6d5cc0d3bdd894c5d5139ba95
au,Sydney_Northern_Beaches,GNN,123,20,100,none,MVA_equivalent_PF1,2.7208373349681656,0,2000,20,0,0.23350000000000001,467,20,528|564|612|648|660|696|732|744|780|816|828|864|876|912|924|948|960|972|996|1008,528|564|612|648|660|696|732|744|780|816|828|864|876|912|924|948|960|972|996|1008,6b9574fd42ab79b318a133c8351b0b518c57e92b4370b6e80753184fc242894b
au,Sydney_Northern_Beaches,GNN,456,20,100,none,MVA_equivalent_PF1,2.6732682023561942,0,2000,20,0,0.22650000000000001,453,20,528|564|612|648|660|696|732|744|780|816|828|864|876|912|924|948|960|972|996|1008,528|564|612|648|660|696|732|744|780|816|828|864|876|912|924|948|960|972|996|1008,ee2777d02dba0ffc95d0041c7b4633af60f7c237a39b3d7a22e8760aac1329b1
au,Sydney_Northern_Beaches,Ref,,20,300,none,MVA_equivalent_PF1,3.1660385429821654,1.0588281250000477,2000,20,0,0,1,1,21552|21636|528|612|564|21540|21456|660|21216|21624|21372|648|696|744|21288|732|21708|0|21132|22260,528|564|612|648|660|696|732|744|780|816|828|864|876|912|924|948|960|972|996|1008,VD-Ref
au,Sydney_Northern_Beaches,Uni,,20,300,none,MVA_equivalent_PF1,2.4318436810870021,5.3837500000000489,2000,20,0,0,1,1,21552|21636|22260|22536|21216|21996|22080|21456|21540|22164|22632|21372|21624|21288|21132|22440|21204|21060|21360|22344,528|564|612|648|660|696|732|744|780|816|828|864|876|912|924|948|960|972|996|1008,d04a168636a4438866d9f10c47b7ad8de81d0f2ca23583304cbe1e692b5d52f7
au,Sydney_Northern_Beaches,LU,,20,300,none,MVA_equivalent_PF1,2.3966038789280493,4.7107812500000534,2000,20,0,0,1,1,21552|21636|22260|22536|21216|21996|21456|21540|22080|22164|22632|21372|21624|21288|21132|22440|21204|21060|21360|21708,528|564|612|648|660|696|732|744|780|816|828|864|876|912|924|948|960|972|996|1008,ebcfea497a95414f3a216a29c1886d49c9cd25e549ddf3b03d20d05123bb3252
au,Sydney_Northern_Beaches,GNN,42,20,300,none,MVA_equivalent_PF1,3.6213119291892655,0,2000,20,0,0,1,1,21552|21636|21708|21540|21624|15600|15660|15480|21612|15348|21516|21456|14988|21336|21084|20856|14760|21252|13728|21432,528|564|612|648|660|696|732|744|780|816|828|864|876|912|924|948|960|972|996|1008,5fde336771f8df871ec0d52cb9a9f9f4bdb76ad6d5cc0d3bdd894c5d5139ba95
au,Sydney_Northern_Beaches,GNN,123,20,300,none,MVA_equivalent_PF1,3.788086675779343,0,2000,20,0,0,1,1,21552|21636|21540|21708|21624|21456|21216|21612|21516|21372|15600|15660|15480|21336|15348|14988|21084|21432|21252|20856,528|564|612|648|660|696|732|744|780|816|828|864|876|912|924|948|960|972|996|1008,6b9574fd42ab79b318a133c8351b0b518c57e92b4370b6e80753184fc242894b
au,Sydney_Northern_Beaches,GNN,456,20,300,none,MVA_equivalent_PF1,3.6597153823437591,0,2000,20,0,0,1,1,21552|21636|21708|21624|21540|21612|21516|15600|15660|15480|21456|15348|21336|14988|21084|14760|20856|21252|13728|21432,528|564|612|648|660|696|732|744|780|816|828|864|876|912|924|948|960|972|996|1008,ee2777d02dba0ffc95d0041c7b4633af60f7c237a39b3d7a22e8760aac1329b1
au,Sydney_Northern_Beaches,Ref,,20,500,none,MVA_equivalent_PF1,3.1660385429821654,1.0588281249999909,2000,20,0,0,1,1,21552|21636|528|612|564|21540|21456|660|21216|21624|21372|648|696|744|21288|732|21708|0|21132|22260,528|564|612|648|660|696|732|744|780|816|828|864|876|912|924|948|960|972|996|1008,VD-Ref
au,Sydney_Northern_Beaches,Uni,,20,500,none,MVA_equivalent_PF1,2.4318436810870026,5.3837500000000205,2000,20,0,0,1,1,21552|21636|22260|22536|21216|21996|22080|21456|21540|22164|22632|21372|21624|21288|21132|22440|21204|21060|21360|22344,528|564|612|648|660|696|732|744|780|816|828|864|876|912|924|948|960|972|996|1008,d04a168636a4438866d9f10c47b7ad8de81d0f2ca23583304cbe1e692b5d52f7
au,Sydney_Northern_Beaches,LU,,20,500,none,MVA_equivalent_PF1,2.3966038789280493,4.710781250000025,2000,20,0,0,1,1,21552|21636|22260|22536|21216|21996|21456|21540|22080|22164|22632|21372|21624|21288|21132|22440|21204|21060|21360|21708,528|564|612|648|660|696|732|744|780|816|828|864|876|912|924|948|960|972|996|1008,ebcfea497a95414f3a216a29c1886d49c9cd25e549ddf3b03d20d05123bb3252
au,Sydney_Northern_Beaches,GNN,42,20,500,none,MVA_equivalent_PF1,3.6213119291892655,0,2000,20,0,0,1,1,21552|21636|21708|21540|21624|15600|15660|15480|21612|15348|21516|21456|14988|21336|21084|20856|14760|21252|13728|21432,528|564|612|648|660|696|732|744|780|816|828|864|876|912|924|948|960|972|996|1008,5fde336771f8df871ec0d52cb9a9f9f4bdb76ad6d5cc0d3bdd894c5d5139ba95
au,Sydney_Northern_Beaches,GNN,123,20,500,none,MVA_equivalent_PF1,3.788086675779343,0,2000,20,0,0,1,1,21552|21636|21540|21708|21624|21456|21216|21612|21516|21372|15600|15660|15480|21336|15348|14988|21084|21432|21252|20856,528|564|612|648|660|696|732|744|780|816|828|864|876|912|924|948|960|972|996|1008,6b9574fd42ab79b318a133c8351b0b518c57e92b4370b6e80753184fc242894b
au,Sydney_Northern_Beaches,GNN,456,20,500,none,MVA_equivalent_PF1,3.6597153823437591,0,2000,20,0,0,1,1,21552|21636|21708|21624|21540|21612|21516|15600|15660|15480|21456|15348|21336|14988|21084|14760|20856|21252|13728|21432,528|564|612|648|660|696|732|744|780|816|828|864|876|912|924|948|960|972|996|1008,ee2777d02dba0ffc95d0041c7b4633af60f7c237a39b3d7a22e8760aac1329b1
au,Sydney_Parramatta,Ref,,10,100,none,MVA_equivalent_PF1,5.0237293912714449,0,2000,20,0.70399999999999996,0.70399999999999996,1408,20,0|4|8|12|16|20|24|28|32|36|40|44|48|52|56|60|64|68|72|76,0|4|8|12|16|20|24|28|32|36|40|44|48|52|56|60|64|68|72|76,VD-Ref
au,Sydney_Parramatta,Uni,,10,100,none,MVA_equivalent_PF1,11.769824282174426,0,2000,20,0.70399999999999996,0.70050000000000001,1401,20,0|4|8|12|16|20|24|28|32|36|40|44|48|52|56|60|64|68|72|76,0|4|8|12|16|20|24|28|32|36|40|44|48|52|56|60|64|68|72|76,ef19119fa8df5e8ec466806eae288b96f05fcf8491c12fe752aa1f6344fb52c0
au,Sydney_Parramatta,LU,,10,100,none,MVA_equivalent_PF1,13.430877333856337,0,2000,20,0.70399999999999996,0.69550000000000001,1391,20,0|4|8|12|16|20|24|28|32|36|40|44|48|52|56|60|64|68|72|76,0|4|8|12|16|20|24|28|32|36|40|44|48|52|56|60|64|68|72|76,cd9d99b83607aff55372aa6fb52ef5e39d816042b1af0bb4cb6aac5f0466c6b5
au,Sydney_Parramatta,GNN,42,10,100,none,MVA_equivalent_PF1,13.329204818699239,0,2000,20,0.70399999999999996,0.70399999999999996,1408,20,0|4|8|12|16|20|24|28|32|36|40|44|48|52|56|60|64|68|72|76,0|4|8|12|16|20|24|28|32|36|40|44|48|52|56|60|64|68|72|76,8fd14f75919f07c89d3f59d9d2b5c8d8eb733b3096342517297ddbe2fd930e6b
au,Sydney_Parramatta,GNN,123,10,100,none,MVA_equivalent_PF1,9.0444725109679158,0,2000,20,0.70399999999999996,0.70399999999999996,1408,20,0|4|8|12|16|20|24|28|32|36|40|44|48|52|56|60|64|68|72|76,0|4|8|12|16|20|24|28|32|36|40|44|48|52|56|60|64|68|72|76,d608a215a69660509bd479fff2acebaa43efc14c22cfc1a059aee85f7d5dada7
au,Sydney_Parramatta,GNN,456,10,100,none,MVA_equivalent_PF1,11.709160963151463,0,2000,20,0.70399999999999996,0.70399999999999996,1408,20,0|4|8|12|16|20|24|28|32|36|40|44|48|52|56|60|64|68|72|76,0|4|8|12|16|20|24|28|32|36|40|44|48|52|56|60|64|68|72|76,7f9fa41c0c8f640572c0f52f56be93779e75ee4816ecc06e68b2c30e86fe3577
au,Sydney_Parramatta,Ref,,10,300,none,MVA_equivalent_PF1,5.5352216980038245,0,2000,20,0.66849999999999998,0.66849999999999998,1337,20,0|4|8|12|16|20|24|28|32|36|40|44|48|52|56|60|64|68|72|76,0|4|8|12|16|20|24|28|32|36|40|44|48|52|56|60|64|68|72|76,VD-Ref
au,Sydney_Parramatta,Uni,,10,300,none,MVA_equivalent_PF1,12.791868276676546,0,2000,20,0.66849999999999998,0.66849999999999998,1337,20,0|4|8|12|16|20|24|28|32|36|40|44|48|52|56|60|64|68|72|76,0|4|8|12|16|20|24|28|32|36|40|44|48|52|56|60|64|68|72|76,ef19119fa8df5e8ec466806eae288b96f05fcf8491c12fe752aa1f6344fb52c0
au,Sydney_Parramatta,LU,,10,300,none,MVA_equivalent_PF1,14.518879248547048,0,2000,20,0.66849999999999998,0.66849999999999998,1337,20,0|4|8|12|16|20|24|28|32|36|40|44|48|52|56|60|64|68|72|76,0|4|8|12|16|20|24|28|32|36|40|44|48|52|56|60|64|68|72|76,cd9d99b83607aff55372aa6fb52ef5e39d816042b1af0bb4cb6aac5f0466c6b5
au,Sydney_Parramatta,GNN,42,10,300,none,MVA_equivalent_PF1,14.353714924633886,0,2000,20,0.66849999999999998,0.66849999999999998,1337,20,0|4|8|12|16|20|24|28|32|36|40|44|48|52|56|60|64|68|72|76,0|4|8|12|16|20|24|28|32|36|40|44|48|52|56|60|64|68|72|76,8fd14f75919f07c89d3f59d9d2b5c8d8eb733b3096342517297ddbe2fd930e6b
au,Sydney_Parramatta,GNN,123,10,300,none,MVA_equivalent_PF1,9.7723252721529441,0,2000,20,0.66849999999999998,0.66849999999999998,1337,20,0|4|8|12|16|20|24|28|32|36|40|44|48|52|56|60|64|68|72|76,0|4|8|12|16|20|24|28|32|36|40|44|48|52|56|60|64|68|72|76,d608a215a69660509bd479fff2acebaa43efc14c22cfc1a059aee85f7d5dada7
au,Sydney_Parramatta,GNN,456,10,300,none,MVA_equivalent_PF1,12.673077386860147,0,2000,20,0.66849999999999998,0.66849999999999998,1337,20,0|4|8|12|16|20|24|28|32|36|40|44|48|52|56|60|64|68|72|76,0|4|8|12|16|20|24|28|32|36|40|44|48|52|56|60|64|68|72|76,7f9fa41c0c8f640572c0f52f56be93779e75ee4816ecc06e68b2c30e86fe3577
au,Sydney_Parramatta,Ref,,10,500,none,MVA_equivalent_PF1,7.8555344111767873,0,2000,20,0,0,1,1,2296|2036|2968|3052|1808|1596|1864|2368|1920|5356|4732|4956|2812|1204|1348|3140|3228|1108|2232|1156,0|4|8|12|16|20|24|28|32|36|40|44|48|52|56|60|64|68|72|76,VD-Ref
au,Sydney_Parramatta,Uni,,10,500,none,MVA_equivalent_PF1,14.295324695363151,0,2000,20,0,0,1,1,7632|7748|7572|7920|7688|7976|7804|7512|7628|7396|7860|7744|7452|7568|5356|7916|7684|7340|7972|7800,0|4|8|12|16|20|24|28|32|36|40|44|48|52|56|60|64|68|72|76,ef19119fa8df5e8ec466806eae288b96f05fcf8491c12fe752aa1f6344fb52c0
au,Sydney_Parramatta,LU,,10,500,none,MVA_equivalent_PF1,15.974760242859364,0,2000,20,0,0,1,1,7632|7748|7572|7920|7688|7976|7512|7804|7628|7396|7860|7744|7568|7452|7916|7684|7340|7972|7800|7624,0|4|8|12|16|20|24|28|32|36|40|44|48|52|56|60|64|68|72|76,cd9d99b83607aff55372aa6fb52ef5e39d816042b1af0bb4cb6aac5f0466c6b5
au,Sydney_Parramatta,GNN,42,10,500,none,MVA_equivalent_PF1,16.717292831400801,0,2000,20,0,0,1,1,7632|0|7748|7572|7920|7976|7688|7804|4|7628|8|16|24|7512|7396|20|7452|7860|36|7568,0|4|8|12|16|20|24|28|32|36|40|44|48|52|56|60|64|68|72|76,8fd14f75919f07c89d3f59d9d2b5c8d8eb733b3096342517297ddbe2fd930e6b
au,Sydney_Parramatta,GNN,123,10,500,none,MVA_equivalent_PF1,12.488823072089875,0,2000,20,0,0,1,1,2296|0|24|16|4|2036|8|36|1808|1596|28|48|76|1204|1864|128|60|2968|1348|100,0|4|8|12|16|20|24|28|32|36|40|44|48|52|56|60|64|68|72|76,d608a215a69660509bd479fff2acebaa43efc14c22cfc1a059aee85f7d5dada7
au,Sydney_Parramatta,GNN,456,10,500,none,MVA_equivalent_PF1,15.090151575364777,0,2000,20,0,0,1,1,0|7632|7748|7920|2296|7572|7976|7688|4|7804|7628|8|16|7512|24|7396|7452|7860|7568|7744,0|4|8|12|16|20|24|28|32|36|40|44|48|52|56|60|64|68|72|76,7f9fa41c0c8f640572c0f52f56be93779e75ee4816ecc06e68b2c30e86fe3577
au,Sydney_Parramatta,Ref,,20,100,none,MVA_equivalent_PF1,0,0,2000,20,1,1,2000,20,0|4|8|12|16|20|24|28|32|36|40|44|48|52|56|60|64|68|72|76,0|4|8|12|16|20|24|28|32|36|40|44|48|52|56|60|64|68|72|76,VD-Ref
au,Sydney_Parramatta,Uni,,20,100,none,MVA_equivalent_PF1,0,0,2000,20,1,1,2000,20,0|4|8|12|16|20|24|28|32|36|40|44|48|52|56|60|64|68|72|76,0|4|8|12|16|20|24|28|32|36|40|44|48|52|56|60|64|68|72|76,ef19119fa8df5e8ec466806eae288b96f05fcf8491c12fe752aa1f6344fb52c0
au,Sydney_Parramatta,LU,,20,100,none,MVA_equivalent_PF1,0,0,2000,20,1,1,2000,20,0|4|8|12|16|20|24|28|32|36|40|44|48|52|56|60|64|68|72|76,0|4|8|12|16|20|24|28|32|36|40|44|48|52|56|60|64|68|72|76,cd9d99b83607aff55372aa6fb52ef5e39d816042b1af0bb4cb6aac5f0466c6b5
au,Sydney_Parramatta,GNN,42,20,100,none,MVA_equivalent_PF1,0,0,2000,20,1,1,2000,20,0|4|8|12|16|20|24|28|32|36|40|44|48|52|56|60|64|68|72|76,0|4|8|12|16|20|24|28|32|36|40|44|48|52|56|60|64|68|72|76,8fd14f75919f07c89d3f59d9d2b5c8d8eb733b3096342517297ddbe2fd930e6b
au,Sydney_Parramatta,GNN,123,20,100,none,MVA_equivalent_PF1,0,0,2000,20,1,1,2000,20,0|4|8|12|16|20|24|28|32|36|40|44|48|52|56|60|64|68|72|76,0|4|8|12|16|20|24|28|32|36|40|44|48|52|56|60|64|68|72|76,d608a215a69660509bd479fff2acebaa43efc14c22cfc1a059aee85f7d5dada7
au,Sydney_Parramatta,GNN,456,20,100,none,MVA_equivalent_PF1,0,0,2000,20,1,1,2000,20,0|4|8|12|16|20|24|28|32|36|40|44|48|52|56|60|64|68|72|76,0|4|8|12|16|20|24|28|32|36|40|44|48|52|56|60|64|68|72|76,7f9fa41c0c8f640572c0f52f56be93779e75ee4816ecc06e68b2c30e86fe3577
au,Sydney_Parramatta,Ref,,20,300,none,MVA_equivalent_PF1,0,0,2000,20,1,1,2000,20,0|4|8|12|16|20|24|28|32|36|40|44|48|52|56|60|64|68|72|76,0|4|8|12|16|20|24|28|32|36|40|44|48|52|56|60|64|68|72|76,VD-Ref
au,Sydney_Parramatta,Uni,,20,300,none,MVA_equivalent_PF1,0,0,2000,20,1,1,2000,20,0|4|8|12|16|20|24|28|32|36|40|44|48|52|56|60|64|68|72|76,0|4|8|12|16|20|24|28|32|36|40|44|48|52|56|60|64|68|72|76,ef19119fa8df5e8ec466806eae288b96f05fcf8491c12fe752aa1f6344fb52c0
au,Sydney_Parramatta,LU,,20,300,none,MVA_equivalent_PF1,0,0,2000,20,1,1,2000,20,0|4|8|12|16|20|24|28|32|36|40|44|48|52|56|60|64|68|72|76,0|4|8|12|16|20|24|28|32|36|40|44|48|52|56|60|64|68|72|76,cd9d99b83607aff55372aa6fb52ef5e39d816042b1af0bb4cb6aac5f0466c6b5
au,Sydney_Parramatta,GNN,42,20,300,none,MVA_equivalent_PF1,0,0,2000,20,1,1,2000,20,0|4|8|12|16|20|24|28|32|36|40|44|48|52|56|60|64|68|72|76,0|4|8|12|16|20|24|28|32|36|40|44|48|52|56|60|64|68|72|76,8fd14f75919f07c89d3f59d9d2b5c8d8eb733b3096342517297ddbe2fd930e6b
au,Sydney_Parramatta,GNN,123,20,300,none,MVA_equivalent_PF1,0,0,2000,20,1,1,2000,20,0|4|8|12|16|20|24|28|32|36|40|44|48|52|56|60|64|68|72|76,0|4|8|12|16|20|24|28|32|36|40|44|48|52|56|60|64|68|72|76,d608a215a69660509bd479fff2acebaa43efc14c22cfc1a059aee85f7d5dada7
au,Sydney_Parramatta,GNN,456,20,300,none,MVA_equivalent_PF1,0,0,2000,20,1,1,2000,20,0|4|8|12|16|20|24|28|32|36|40|44|48|52|56|60|64|68|72|76,0|4|8|12|16|20|24|28|32|36|40|44|48|52|56|60|64|68|72|76,7f9fa41c0c8f640572c0f52f56be93779e75ee4816ecc06e68b2c30e86fe3577
au,Sydney_Parramatta,Ref,,20,500,none,MVA_equivalent_PF1,0,0,2000,20,0,0,2000,20,0|4|8|12|16|20|24|28|32|36|40|44|48|52|56|60|64|68|72|76,0|4|8|12|16|20|24|28|32|36|40|44|48|52|56|60|64|68|72|76,VD-Ref
au,Sydney_Parramatta,Uni,,20,500,none,MVA_equivalent_PF1,1.1368683772161603e-13,0,2000,20,0,0,2000,20,0|4|8|12|16|20|24|28|32|36|40|44|48|52|56|60|64|68|72|76,0|4|8|12|16|20|24|28|32|36|40|44|48|52|56|60|64|68|72|76,ef19119fa8df5e8ec466806eae288b96f05fcf8491c12fe752aa1f6344fb52c0
au,Sydney_Parramatta,LU,,20,500,none,MVA_equivalent_PF1,1.1368683772161603e-13,0,2000,20,0,0,2000,20,0|4|8|12|16|20|24|28|32|36|40|44|48|52|56|60|64|68|72|76,0|4|8|12|16|20|24|28|32|36|40|44|48|52|56|60|64|68|72|76,cd9d99b83607aff55372aa6fb52ef5e39d816042b1af0bb4cb6aac5f0466c6b5
au,Sydney_Parramatta,GNN,42,20,500,none,MVA_equivalent_PF1,0,0,2000,20,0,0,2000,20,0|4|8|12|16|20|24|28|32|36|40|44|48|52|56|60|64|68|72|76,0|4|8|12|16|20|24|28|32|36|40|44|48|52|56|60|64|68|72|76,8fd14f75919f07c89d3f59d9d2b5c8d8eb733b3096342517297ddbe2fd930e6b
au,Sydney_Parramatta,GNN,123,20,500,none,MVA_equivalent_PF1,1.1368683772161603e-13,0,2000,20,0,0,2000,20,0|4|8|12|16|20|24|28|32|36|40|44|48|52|56|60|64|68|72|76,0|4|8|12|16|20|24|28|32|36|40|44|48|52|56|60|64|68|72|76,d608a215a69660509bd479fff2acebaa43efc14c22cfc1a059aee85f7d5dada7
au,Sydney_Parramatta,GNN,456,20,500,none,MVA_equivalent_PF1,1.1368683772161603e-13,0,2000,20,0,0,2000,20,0|4|8|12|16|20|24|28|32|36|40|44|48|52|56|60|64|68|72|76,0|4|8|12|16|20|24|28|32|36|40|44|48|52|56|60|64|68|72|76,7f9fa41c0c8f640572c0f52f56be93779e75ee4816ecc06e68b2c30e86fe3577
au,Sydney_Ryde,Ref,,10,100,none,MVA_equivalent_PF1,0,0,2000,20,1,1,2000,20,0|3|6|9|12|15|18|21|24|27|30|33|36|39|42|45|48|51|54|57,0|3|6|9|12|15|18|21|24|27|30|33|36|39|42|45|48|51|54|57,VD-Ref
au,Sydney_Ryde,Uni,,10,100,none,MVA_equivalent_PF1,0,0,2000,20,1,1,2000,20,0|3|6|9|12|15|18|21|24|27|30|33|36|39|42|45|48|51|54|57,0|3|6|9|12|15|18|21|24|27|30|33|36|39|42|45|48|51|54|57,c1cdd71607a184208cb3f10d13b5c8249f0681fff4dcee0eeeed695908a8cce5
au,Sydney_Ryde,LU,,10,100,none,MVA_equivalent_PF1,0,0,2000,20,1,1,2000,20,0|3|6|9|12|15|18|21|24|27|30|33|36|39|42|45|48|51|54|57,0|3|6|9|12|15|18|21|24|27|30|33|36|39|42|45|48|51|54|57,e87ecbd66bb03235035d23c591ba2c4d3dc9346a6650a0f2ec24dc1b8e98dde3
au,Sydney_Ryde,GNN,42,10,100,none,MVA_equivalent_PF1,0,0,2000,20,1,1,2000,20,0|3|6|9|12|15|18|21|24|27|30|33|36|39|42|45|48|51|54|57,0|3|6|9|12|15|18|21|24|27|30|33|36|39|42|45|48|51|54|57,a54ff4c4e660e3442b1ad23d3e9c30963c302c5bd49fb82a967802f69af2a9ff
au,Sydney_Ryde,GNN,123,10,100,none,MVA_equivalent_PF1,0,0,2000,20,1,1,2000,20,0|3|6|9|12|15|18|21|24|27|30|33|36|39|42|45|48|51|54|57,0|3|6|9|12|15|18|21|24|27|30|33|36|39|42|45|48|51|54|57,7fe751c9c3ac93979130a0776decc730c633082228372f964660e976a8757e20
au,Sydney_Ryde,GNN,456,10,100,none,MVA_equivalent_PF1,0,0,2000,20,1,1,2000,20,0|3|6|9|12|15|18|21|24|27|30|33|36|39|42|45|48|51|54|57,0|3|6|9|12|15|18|21|24|27|30|33|36|39|42|45|48|51|54|57,a65e7aa6910a531de9deb2790092514323a1d4c8677f27b15749f125756ae20e
au,Sydney_Ryde,Ref,,10,300,none,MVA_equivalent_PF1,0,0,2000,20,1,1,2000,20,0|3|6|9|12|15|18|21|24|27|30|33|36|39|42|45|48|51|54|57,0|3|6|9|12|15|18|21|24|27|30|33|36|39|42|45|48|51|54|57,VD-Ref
au,Sydney_Ryde,Uni,,10,300,none,MVA_equivalent_PF1,0,0,2000,20,1,1,2000,20,0|3|6|9|12|15|18|21|24|27|30|33|36|39|42|45|48|51|54|57,0|3|6|9|12|15|18|21|24|27|30|33|36|39|42|45|48|51|54|57,c1cdd71607a184208cb3f10d13b5c8249f0681fff4dcee0eeeed695908a8cce5
au,Sydney_Ryde,LU,,10,300,none,MVA_equivalent_PF1,0,0,2000,20,1,1,2000,20,0|3|6|9|12|15|18|21|24|27|30|33|36|39|42|45|48|51|54|57,0|3|6|9|12|15|18|21|24|27|30|33|36|39|42|45|48|51|54|57,e87ecbd66bb03235035d23c591ba2c4d3dc9346a6650a0f2ec24dc1b8e98dde3
au,Sydney_Ryde,GNN,42,10,300,none,MVA_equivalent_PF1,0,0,2000,20,1,1,2000,20,0|3|6|9|12|15|18|21|24|27|30|33|36|39|42|45|48|51|54|57,0|3|6|9|12|15|18|21|24|27|30|33|36|39|42|45|48|51|54|57,a54ff4c4e660e3442b1ad23d3e9c30963c302c5bd49fb82a967802f69af2a9ff
au,Sydney_Ryde,GNN,123,10,300,none,MVA_equivalent_PF1,0,0,2000,20,1,1,2000,20,0|3|6|9|12|15|18|21|24|27|30|33|36|39|42|45|48|51|54|57,0|3|6|9|12|15|18|21|24|27|30|33|36|39|42|45|48|51|54|57,7fe751c9c3ac93979130a0776decc730c633082228372f964660e976a8757e20
au,Sydney_Ryde,GNN,456,10,300,none,MVA_equivalent_PF1,0,0,2000,20,1,1,2000,20,0|3|6|9|12|15|18|21|24|27|30|33|36|39|42|45|48|51|54|57,0|3|6|9|12|15|18|21|24|27|30|33|36|39|42|45|48|51|54|57,a65e7aa6910a531de9deb2790092514323a1d4c8677f27b15749f125756ae20e
au,Sydney_Ryde,Ref,,10,500,none,MVA_equivalent_PF1,0,0,2000,20,1,1,2000,20,0|3|6|9|12|15|18|21|24|27|30|33|36|39|42|45|48|51|54|57,0|3|6|9|12|15|18|21|24|27|30|33|36|39|42|45|48|51|54|57,VD-Ref
au,Sydney_Ryde,Uni,,10,500,none,MVA_equivalent_PF1,0,0,2000,20,1,1,2000,20,0|3|6|9|12|15|18|21|24|27|30|33|36|39|42|45|48|51|54|57,0|3|6|9|12|15|18|21|24|27|30|33|36|39|42|45|48|51|54|57,c1cdd71607a184208cb3f10d13b5c8249f0681fff4dcee0eeeed695908a8cce5
au,Sydney_Ryde,LU,,10,500,none,MVA_equivalent_PF1,0,0,2000,20,1,1,2000,20,0|3|6|9|12|15|18|21|24|27|30|33|36|39|42|45|48|51|54|57,0|3|6|9|12|15|18|21|24|27|30|33|36|39|42|45|48|51|54|57,e87ecbd66bb03235035d23c591ba2c4d3dc9346a6650a0f2ec24dc1b8e98dde3
au,Sydney_Ryde,GNN,42,10,500,none,MVA_equivalent_PF1,0,0,2000,20,1,1,2000,20,0|3|6|9|12|15|18|21|24|27|30|33|36|39|42|45|48|51|54|57,0|3|6|9|12|15|18|21|24|27|30|33|36|39|42|45|48|51|54|57,a54ff4c4e660e3442b1ad23d3e9c30963c302c5bd49fb82a967802f69af2a9ff
au,Sydney_Ryde,GNN,123,10,500,none,MVA_equivalent_PF1,0,0,2000,20,1,1,2000,20,0|3|6|9|12|15|18|21|24|27|30|33|36|39|42|45|48|51|54|57,0|3|6|9|12|15|18|21|24|27|30|33|36|39|42|45|48|51|54|57,7fe751c9c3ac93979130a0776decc730c633082228372f964660e976a8757e20
au,Sydney_Ryde,GNN,456,10,500,none,MVA_equivalent_PF1,0,0,2000,20,1,1,2000,20,0|3|6|9|12|15|18|21|24|27|30|33|36|39|42|45|48|51|54|57,0|3|6|9|12|15|18|21|24|27|30|33|36|39|42|45|48|51|54|57,a65e7aa6910a531de9deb2790092514323a1d4c8677f27b15749f125756ae20e
au,Sydney_Ryde,Ref,,20,100,none,MVA_equivalent_PF1,0,0,2000,20,1,1,2000,20,0|3|6|9|12|15|18|21|24|27|30|33|36|39|42|45|48|51|54|57,0|3|6|9|12|15|18|21|24|27|30|33|36|39|42|45|48|51|54|57,VD-Ref
au,Sydney_Ryde,Uni,,20,100,none,MVA_equivalent_PF1,0,0,2000,20,1,1,2000,20,0|3|6|9|12|15|18|21|24|27|30|33|36|39|42|45|48|51|54|57,0|3|6|9|12|15|18|21|24|27|30|33|36|39|42|45|48|51|54|57,c1cdd71607a184208cb3f10d13b5c8249f0681fff4dcee0eeeed695908a8cce5
au,Sydney_Ryde,LU,,20,100,none,MVA_equivalent_PF1,0,0,2000,20,1,1,2000,20,0|3|6|9|12|15|18|21|24|27|30|33|36|39|42|45|48|51|54|57,0|3|6|9|12|15|18|21|24|27|30|33|36|39|42|45|48|51|54|57,e87ecbd66bb03235035d23c591ba2c4d3dc9346a6650a0f2ec24dc1b8e98dde3
au,Sydney_Ryde,GNN,42,20,100,none,MVA_equivalent_PF1,0,0,2000,20,1,1,2000,20,0|3|6|9|12|15|18|21|24|27|30|33|36|39|42|45|48|51|54|57,0|3|6|9|12|15|18|21|24|27|30|33|36|39|42|45|48|51|54|57,a54ff4c4e660e3442b1ad23d3e9c30963c302c5bd49fb82a967802f69af2a9ff
au,Sydney_Ryde,GNN,123,20,100,none,MVA_equivalent_PF1,0,0,2000,20,1,1,2000,20,0|3|6|9|12|15|18|21|24|27|30|33|36|39|42|45|48|51|54|57,0|3|6|9|12|15|18|21|24|27|30|33|36|39|42|45|48|51|54|57,7fe751c9c3ac93979130a0776decc730c633082228372f964660e976a8757e20
au,Sydney_Ryde,GNN,456,20,100,none,MVA_equivalent_PF1,0,0,2000,20,1,1,2000,20,0|3|6|9|12|15|18|21|24|27|30|33|36|39|42|45|48|51|54|57,0|3|6|9|12|15|18|21|24|27|30|33|36|39|42|45|48|51|54|57,a65e7aa6910a531de9deb2790092514323a1d4c8677f27b15749f125756ae20e
au,Sydney_Ryde,Ref,,20,300,none,MVA_equivalent_PF1,0,0,2000,20,1,1,2000,20,0|3|6|9|12|15|18|21|24|27|30|33|36|39|42|45|48|51|54|57,0|3|6|9|12|15|18|21|24|27|30|33|36|39|42|45|48|51|54|57,VD-Ref
au,Sydney_Ryde,Uni,,20,300,none,MVA_equivalent_PF1,0,0,2000,20,1,1,2000,20,0|3|6|9|12|15|18|21|24|27|30|33|36|39|42|45|48|51|54|57,0|3|6|9|12|15|18|21|24|27|30|33|36|39|42|45|48|51|54|57,c1cdd71607a184208cb3f10d13b5c8249f0681fff4dcee0eeeed695908a8cce5
au,Sydney_Ryde,LU,,20,300,none,MVA_equivalent_PF1,0,0,2000,20,1,1,2000,20,0|3|6|9|12|15|18|21|24|27|30|33|36|39|42|45|48|51|54|57,0|3|6|9|12|15|18|21|24|27|30|33|36|39|42|45|48|51|54|57,e87ecbd66bb03235035d23c591ba2c4d3dc9346a6650a0f2ec24dc1b8e98dde3
au,Sydney_Ryde,GNN,42,20,300,none,MVA_equivalent_PF1,0,0,2000,20,1,1,2000,20,0|3|6|9|12|15|18|21|24|27|30|33|36|39|42|45|48|51|54|57,0|3|6|9|12|15|18|21|24|27|30|33|36|39|42|45|48|51|54|57,a54ff4c4e660e3442b1ad23d3e9c30963c302c5bd49fb82a967802f69af2a9ff
au,Sydney_Ryde,GNN,123,20,300,none,MVA_equivalent_PF1,0,0,2000,20,1,1,2000,20,0|3|6|9|12|15|18|21|24|27|30|33|36|39|42|45|48|51|54|57,0|3|6|9|12|15|18|21|24|27|30|33|36|39|42|45|48|51|54|57,7fe751c9c3ac93979130a0776decc730c633082228372f964660e976a8757e20
au,Sydney_Ryde,GNN,456,20,300,none,MVA_equivalent_PF1,0,0,2000,20,1,1,2000,20,0|3|6|9|12|15|18|21|24|27|30|33|36|39|42|45|48|51|54|57,0|3|6|9|12|15|18|21|24|27|30|33|36|39|42|45|48|51|54|57,a65e7aa6910a531de9deb2790092514323a1d4c8677f27b15749f125756ae20e
au,Sydney_Ryde,Ref,,20,500,none,MVA_equivalent_PF1,0,0,2000,20,1,1,2000,20,0|3|6|9|12|15|18|21|24|27|30|33|36|39|42|45|48|51|54|57,0|3|6|9|12|15|18|21|24|27|30|33|36|39|42|45|48|51|54|57,VD-Ref
au,Sydney_Ryde,Uni,,20,500,none,MVA_equivalent_PF1,0,0,2000,20,1,1,2000,20,0|3|6|9|12|15|18|21|24|27|30|33|36|39|42|45|48|51|54|57,0|3|6|9|12|15|18|21|24|27|30|33|36|39|42|45|48|51|54|57,c1cdd71607a184208cb3f10d13b5c8249f0681fff4dcee0eeeed695908a8cce5
au,Sydney_Ryde,LU,,20,500,none,MVA_equivalent_PF1,0,0,2000,20,1,1,2000,20,0|3|6|9|12|15|18|21|24|27|30|33|36|39|42|45|48|51|54|57,0|3|6|9|12|15|18|21|24|27|30|33|36|39|42|45|48|51|54|57,e87ecbd66bb03235035d23c591ba2c4d3dc9346a6650a0f2ec24dc1b8e98dde3
au,Sydney_Ryde,GNN,42,20,500,none,MVA_equivalent_PF1,0,0,2000,20,1,1,2000,20,0|3|6|9|12|15|18|21|24|27|30|33|36|39|42|45|48|51|54|57,0|3|6|9|12|15|18|21|24|27|30|33|36|39|42|45|48|51|54|57,a54ff4c4e660e3442b1ad23d3e9c30963c302c5bd49fb82a967802f69af2a9ff
au,Sydney_Ryde,GNN,123,20,500,none,MVA_equivalent_PF1,0,0,2000,20,1,1,2000,20,0|3|6|9|12|15|18|21|24|27|30|33|36|39|42|45|48|51|54|57,0|3|6|9|12|15|18|21|24|27|30|33|36|39|42|45|48|51|54|57,7fe751c9c3ac93979130a0776decc730c633082228372f964660e976a8757e20
au,Sydney_Ryde,GNN,456,20,500,none,MVA_equivalent_PF1,0,0,2000,20,1,1,2000,20,0|3|6|9|12|15|18|21|24|27|30|33|36|39|42|45|48|51|54|57,0|3|6|9|12|15|18|21|24|27|30|33|36|39|42|45|48|51|54|57,a65e7aa6910a531de9deb2790092514323a1d4c8677f27b15749f125756ae20e
au,Sydney_Sutherland,Ref,,10,100,none,MVA_equivalent_PF1,6.8772082918709039,0,2000,20,0.93799999999999994,0.85499999999999998,1710,20,504|574|644|658|714|728|784|798|868|938|1008|1078|1148|1162|1232|1246|1330|1414|1428|1512,504|574|644|658|714|728|784|798|868|882|938|952|1008|1022|1078|1092|1106|1148|1162|1176,VD-Ref
au,Sydney_Sutherland,Uni,,10,100,none,MVA_equivalent_PF1,1.4266387055038929,0,2000,20,0.93799999999999994,0.92349999999999999,1847,20,504|574|644|658|714|728|784|798|868|882|938|952|1008|1022|1078|1092|1106|1148|1162|1176,504|574|644|658|714|728|784|798|868|882|938|952|1008|1022|1078|1092|1106|1148|1162|1176,1d3f5b249d3d9eae71a5dbbb9cf99713f549950137744f3c054580d0dc060f49
au,Sydney_Sutherland,LU,,10,100,none,MVA_equivalent_PF1,1.3148888833215679,0,2000,20,0.93799999999999994,0.92549999999999999,1851,20,504|574|644|658|714|728|784|798|868|882|938|952|1008|1022|1078|1092|1106|1148|1162|1176,504|574|644|658|714|728|784|798|868|882|938|952|1008|1022|1078|1092|1106|1148|1162|1176,7810b1e5e6e03ec99380d188524ce64e684ec3a88629682078e3ff1cd9303170
au,Sydney_Sutherland,GNN,42,10,100,none,MVA_equivalent_PF1,1.4691293707975785,0,2000,20,0.93799999999999994,0.93200000000000005,1864,20,504|574|644|658|714|728|784|798|868|882|938|952|1008|1022|1078|1092|1106|1148|1162|1176,504|574|644|658|714|728|784|798|868|882|938|952|1008|1022|1078|1092|1106|1148|1162|1176,be8080e20fb4cf4bccb985b66a4bba9d687c393023adb29a2ab62f8a54d72a1b
au,Sydney_Sutherland,GNN,123,10,100,none,MVA_equivalent_PF1,1.3467814846666861,0,2000,20,0.93799999999999994,0.93400000000000005,1868,20,504|574|644|658|714|728|784|798|868|882|938|952|1008|1022|1078|1092|1106|1148|1162|1176,504|574|644|658|714|728|784|798|868|882|938|952|1008|1022|1078|1092|1106|1148|1162|1176,7e996e42873d86198b83536032e78e719f1fef52a160eeed143bea5a5aedb6b8
au,Sydney_Sutherland,GNN,456,10,100,none,MVA_equivalent_PF1,1.3702913911786641,0,2000,20,0.93799999999999994,0.93400000000000005,1868,20,504|574|644|658|714|728|784|798|868|882|938|952|1008|1022|1078|1092|1106|1148|1162|1176,504|574|644|658|714|728|784|798|868|882|938|952|1008|1022|1078|1092|1106|1148|1162|1176,afb9e69b517d1fe26134a31d416f38b11abb9e481344844a559c5fb9e4cd24c1
au,Sydney_Sutherland,Ref,,10,300,none,MVA_equivalent_PF1,14.817839083555596,0,2000,20,0.69450000000000001,0.67500000000000004,1350,20,5824|5992|6160|6174|6328|6342|6510|6524|6678|6692|6706|6860|6874|7042|7056|7070|7224|7238|7252|7420,4998|5166|5488|5656|5824|5992|6160|6174|6328|6342|6468|6510|6524|6650|6678|6692|6706|6818|6832|6860,VD-Ref
au,Sydney_Sutherland,Uni,,10,300,none,MVA_equivalent_PF1,5.5490053609402414,0,2000,20,0.69450000000000001,0.67249999999999999,1345,20,4998|5166|5488|5656|5824|5992|6160|6174|6328|6342|6510|6524|6678|6692|6706|6860|6874|6888|7042|7056,4998|5166|5488|5656|5824|5992|6160|6174|6328|6342|6468|6510|6524|6650|6678|6692|6706|6818|6832|6860,1d3f5b249d3d9eae71a5dbbb9cf99713f549950137744f3c054580d0dc060f49
au,Sydney_Sutherland,LU,,10,300,none,MVA_equivalent_PF1,5.3670078371556329,0.28687500000000055,2000,20,0.69450000000000001,0.67349999999999999,1347,20,4676|4998|5166|5488|5656|5824|5992|6160|6174|6328|6342|6468|6510|6524|6678|6692|6706|6860|6874|6888,4998|5166|5488|5656|5824|5992|6160|6174|6328|6342|6468|6510|6524|6650|6678|6692|6706|6818|6832|6860,7810b1e5e6e03ec99380d188524ce64e684ec3a88629682078e3ff1cd9303170
au,Sydney_Sutherland,GNN,42,10,300,none,MVA_equivalent_PF1,6.4436575355728802,0.28687500000000055,2000,20,0.69450000000000001,0.67200000000000004,1344,20,4676|4998|5166|5488|5656|5824|5992|6160|6174|6328|6342|6468|6510|6524|6650|6678|6692|6706|6818|6832,4998|5166|5488|5656|5824|5992|6160|6174|6328|6342|6468|6510|6524|6650|6678|6692|6706|6818|6832|6860,be8080e20fb4cf4bccb985b66a4bba9d687c393023adb29a2ab62f8a54d72a1b
au,Sydney_Sutherland,GNN,123,10,300,none,MVA_equivalent_PF1,5.6173329550222721,0.28687500000000055,2000,20,0.69450000000000001,0.67449999999999999,1349,20,4676|4998|5166|5488|5656|5824|5992|6160|6174|6328|6342|6468|6510|6524|6650|6678|6692|6706|6818|6832,4998|5166|5488|5656|5824|5992|6160|6174|6328|6342|6468|6510|6524|6650|6678|6692|6706|6818|6832|6860,7e996e42873d86198b83536032e78e719f1fef52a160eeed143bea5a5aedb6b8
au,Sydney_Sutherland,GNN,456,10,300,none,MVA_equivalent_PF1,5.8484302549610367,0.28687500000000055,2000,20,0.69450000000000001,0.67300000000000004,1346,20,4676|4998|5166|5488|5656|5824|5992|6160|6174|6328|6342|6468|6510|6524|6650|6678|6692|6706|6818|6832,4998|5166|5488|5656|5824|5992|6160|6174|6328|6342|6468|6510|6524|6650|6678|6692|6706|6818|6832|6860,afb9e69b517d1fe26134a31d416f38b11abb9e481344844a559c5fb9e4cd24c1
au,Sydney_Sutherland,Ref,,10,500,none,MVA_equivalent_PF1,21.057758835257143,5.1387500000000559,2000,20,0.2475,0.3755,751,20,8008|8190|8204|8218|8386|8400|8414|8582|8596|8610|8764|8778|8792|8960|8974|8988|9142|9156|9170|9338,10234|10416|10598|10780|10948|10962|11130|11312|11480|11494|11662|11676|11830|11844|12012|12026|12180|12194|12362|12376,VD-Ref
au,Sydney_Sutherland,Uni,,10,500,none,MVA_equivalent_PF1,10.991927162459435,15.978906250000085,2000,20,0.2475,0.33750000000000002,675,20,6692|6860|6874|7042|7056|7224|7238|7420|7434|7616|7630|7826|8008|8022|8190|8204|8218|8386|8400|8414,10234|10416|10598|10780|10948|10962|11130|11312|11480|11494|11662|11676|11830|11844|12012|12026|12180|12194|12362|12376,1d3f5b249d3d9eae71a5dbbb9cf99713f549950137744f3c054580d0dc060f49
au,Sydney_Sutherland,LU,,10,500,none,MVA_equivalent_PF1,11.057143566835204,20.167968750000078,2000,20,0.2475,0.36549999999999999,731,20,5824|6174|6524|6692|6860|6874|7042|7056|7224|7238|7420|7434|7616|7630|7812|7826|8008|8022|8190|8204,10234|10416|10598|10780|10948|10962|11130|11312|11480|11494|11662|11676|11830|11844|12012|12026|12180|12194|12362|12376,7810b1e5e6e03ec99380d188524ce64e684ec3a88629682078e3ff1cd9303170
au,Sydney_Sutherland,GNN,42,10,500,none,MVA_equivalent_PF1,13.967241104047883,27.560625000000073,2000,20,0.2475,0.53449999999999998,1069,20,5824|5992|6160|6174|6328|6342|6510|6524|6678|6692|6860|6874|7042|7056|7224|7238|7420|7434|7616|7630,10234|10416|10598|10780|10948|10962|11130|11312|11480|11494|11662|11676|11830|11844|12012|12026|12180|12194|12362|12376,be8080e20fb4cf4bccb985b66a4bba9d687c393023adb29a2ab62f8a54d72a1b
au,Sydney_Sutherland,GNN,123,10,500,none,MVA_equivalent_PF1,12.964779164671953,27.560625000000073,2000,20,0.2475,0.52949999999999997,1059,20,5824|5992|6160|6174|6328|6342|6510|6524|6678|6692|6860|6874|7042|7056|7224|7238|7420|7434|7616|7630,10234|10416|10598|10780|10948|10962|11130|11312|11480|11494|11662|11676|11830|11844|12012|12026|12180|12194|12362|12376,7e996e42873d86198b83536032e78e719f1fef52a160eeed143bea5a5aedb6b8
au,Sydney_Sutherland,GNN,456,10,500,none,MVA_equivalent_PF1,13.041922185558953,27.560625000000073,2000,20,0.2475,0.52449999999999997,1049,20,5824|5992|6160|6174|6328|6342|6510|6524|6678|6692|6860|6874|7042|7056|7224|7238|7420|7434|7616|7630,10234|10416|10598|10780|10948|10962|11130|11312|11480|11494|11662|11676|11830|11844|12012|12026|12180|12194|12362|12376,afb9e69b517d1fe26134a31d416f38b11abb9e481344844a559c5fb9e4cd24c1
au,Sydney_Sutherland,Ref,,20,100,none,MVA_equivalent_PF1,0,0,2000,20,1,1,2000,20,0|14|28|42|56|70|84|98|112|126|140|154|168|182|196|210|224|238|252|266,0|14|28|42|56|70|84|98|112|126|140|154|168|182|196|210|224|238|252|266,VD-Ref
au,Sydney_Sutherland,Uni,,20,100,none,MVA_equivalent_PF1,0,0,2000,20,1,1,2000,20,0|14|28|42|56|70|84|98|112|126|140|154|168|182|196|210|224|238|252|266,0|14|28|42|56|70|84|98|112|126|140|154|168|182|196|210|224|238|252|266,1d3f5b249d3d9eae71a5dbbb9cf99713f549950137744f3c054580d0dc060f49
au,Sydney_Sutherland,LU,,20,100,none,MVA_equivalent_PF1,0,0,2000,20,1,1,2000,20,0|14|28|42|56|70|84|98|112|126|140|154|168|182|196|210|224|238|252|266,0|14|28|42|56|70|84|98|112|126|140|154|168|182|196|210|224|238|252|266,7810b1e5e6e03ec99380d188524ce64e684ec3a88629682078e3ff1cd9303170
au,Sydney_Sutherland,GNN,42,20,100,none,MVA_equivalent_PF1,0,0,2000,20,1,1,2000,20,0|14|28|42|56|70|84|98|112|126|140|154|168|182|196|210|224|238|252|266,0|14|28|42|56|70|84|98|112|126|140|154|168|182|196|210|224|238|252|266,be8080e20fb4cf4bccb985b66a4bba9d687c393023adb29a2ab62f8a54d72a1b
au,Sydney_Sutherland,GNN,123,20,100,none,MVA_equivalent_PF1,0,0,2000,20,1,1,2000,20,0|14|28|42|56|70|84|98|112|126|140|154|168|182|196|210|224|238|252|266,0|14|28|42|56|70|84|98|112|126|140|154|168|182|196|210|224|238|252|266,7e996e42873d86198b83536032e78e719f1fef52a160eeed143bea5a5aedb6b8
au,Sydney_Sutherland,GNN,456,20,100,none,MVA_equivalent_PF1,0,0,2000,20,1,1,2000,20,0|14|28|42|56|70|84|98|112|126|140|154|168|182|196|210|224|238|252|266,0|14|28|42|56|70|84|98|112|126|140|154|168|182|196|210|224|238|252|266,afb9e69b517d1fe26134a31d416f38b11abb9e481344844a559c5fb9e4cd24c1
au,Sydney_Sutherland,Ref,,20,300,none,MVA_equivalent_PF1,0,0,2000,20,1,1,2000,20,0|14|28|42|56|70|84|98|112|126|140|154|168|182|196|210|224|238|252|266,0|14|28|42|56|70|84|98|112|126|140|154|168|182|196|210|224|238|252|266,VD-Ref
au,Sydney_Sutherland,Uni,,20,300,none,MVA_equivalent_PF1,0,0,2000,20,1,1,2000,20,0|14|28|42|56|70|84|98|112|126|140|154|168|182|196|210|224|238|252|266,0|14|28|42|56|70|84|98|112|126|140|154|168|182|196|210|224|238|252|266,1d3f5b249d3d9eae71a5dbbb9cf99713f549950137744f3c054580d0dc060f49
au,Sydney_Sutherland,LU,,20,300,none,MVA_equivalent_PF1,0,0,2000,20,1,1,2000,20,0|14|28|42|56|70|84|98|112|126|140|154|168|182|196|210|224|238|252|266,0|14|28|42|56|70|84|98|112|126|140|154|168|182|196|210|224|238|252|266,7810b1e5e6e03ec99380d188524ce64e684ec3a88629682078e3ff1cd9303170
au,Sydney_Sutherland,GNN,42,20,300,none,MVA_equivalent_PF1,0,0,2000,20,1,1,2000,20,0|14|28|42|56|70|84|98|112|126|140|154|168|182|196|210|224|238|252|266,0|14|28|42|56|70|84|98|112|126|140|154|168|182|196|210|224|238|252|266,be8080e20fb4cf4bccb985b66a4bba9d687c393023adb29a2ab62f8a54d72a1b
au,Sydney_Sutherland,GNN,123,20,300,none,MVA_equivalent_PF1,0,0,2000,20,1,1,2000,20,0|14|28|42|56|70|84|98|112|126|140|154|168|182|196|210|224|238|252|266,0|14|28|42|56|70|84|98|112|126|140|154|168|182|196|210|224|238|252|266,7e996e42873d86198b83536032e78e719f1fef52a160eeed143bea5a5aedb6b8
au,Sydney_Sutherland,GNN,456,20,300,none,MVA_equivalent_PF1,0,0,2000,20,1,1,2000,20,0|14|28|42|56|70|84|98|112|126|140|154|168|182|196|210|224|238|252|266,0|14|28|42|56|70|84|98|112|126|140|154|168|182|196|210|224|238|252|266,afb9e69b517d1fe26134a31d416f38b11abb9e481344844a559c5fb9e4cd24c1
au,Sydney_Sutherland,Ref,,20,500,none,MVA_equivalent_PF1,0.073706281113427682,0,2000,20,0.99850000000000005,0.998,1996,20,0|14|28|42|56|70|84|98|112|126|140|154|168|182|196|210|224|238|252|266,0|14|28|42|56|70|84|98|112|126|140|154|168|182|196|210|224|238|252|266,VD-Ref
au,Sydney_Sutherland,Uni,,20,500,none,MVA_equivalent_PF1,0.042876380417952928,0,2000,20,0.99850000000000005,0.998,1996,20,0|14|28|42|56|70|84|98|112|126|140|154|168|182|196|210|224|238|252|266,0|14|28|42|56|70|84|98|112|126|140|154|168|182|196|210|224|238|252|266,1d3f5b249d3d9eae71a5dbbb9cf99713f549950137744f3c054580d0dc060f49
au,Sydney_Sutherland,LU,,20,500,none,MVA_equivalent_PF1,0.034473178305337686,0,2000,20,0.99850000000000005,0.998,1996,20,0|14|28|42|56|70|84|98|112|126|140|154|168|182|196|210|224|238|252|266,0|14|28|42|56|70|84|98|112|126|140|154|168|182|196|210|224|238|252|266,7810b1e5e6e03ec99380d188524ce64e684ec3a88629682078e3ff1cd9303170
au,Sydney_Sutherland,GNN,42,20,500,none,MVA_equivalent_PF1,0.024383841297910748,0,2000,20,0.99850000000000005,0.99950000000000006,1999,20,0|14|28|42|56|70|84|98|112|126|140|154|168|182|196|210|224|238|252|266,0|14|28|42|56|70|84|98|112|126|140|154|168|182|196|210|224|238|252|266,be8080e20fb4cf4bccb985b66a4bba9d687c393023adb29a2ab62f8a54d72a1b
au,Sydney_Sutherland,GNN,123,20,500,none,MVA_equivalent_PF1,0.026504373053443601,0,2000,20,0.99850000000000005,0.99950000000000006,1999,20,0|14|28|42|56|70|84|98|112|126|140|154|168|182|196|210|224|238|252|266,0|14|28|42|56|70|84|98|112|126|140|154|168|182|196|210|224|238|252|266,7e996e42873d86198b83536032e78e719f1fef52a160eeed143bea5a5aedb6b8
au,Sydney_Sutherland,GNN,456,20,500,none,MVA_equivalent_PF1,0.025629859497695237,0,2000,20,0.99850000000000005,0.99950000000000006,1999,20,0|14|28|42|56|70|84|98|112|126|140|154|168|182|196|210|224|238|252|266,0|14|28|42|56|70|84|98|112|126|140|154|168|182|196|210|224|238|252|266,afb9e69b517d1fe26134a31d416f38b11abb9e481344844a559c5fb9e4cd24c1
