country,region,method,seed,radius_km,dc_mw,eta,cost_unit,source_total,budget_normalized,e_budget,eps_max,realized_normalized_error,budget_realised,L_E,L_E_bound,L_S,L_S_bound,slack_E,slack_S,valid_E,valid_S,zero_tolerance,L_S_zero,L_S_bound_zero,n_calibration,calibration_regions
uk,London,Uni,,10,100,0.5,GBP,5289.9135342363606,0.12200609890555539,645.40171385987742,715.67049269318522,0.13528963905768221,False,7569375.3552501965,164592088.41736335,0,245786469.96763119,157022713.06211314,245786469.96763119,True,True,0.051566593574305222,True,False,15,TLC1|TLC2|TLD3|TLD4|TLD6|TLE3|TLE4|TLF1|TLF2|TLG1|TLG2|TLH1|TLH2|TLH3|TLJ1
uk,London,Uni,,10,300,0.5,GBP,5289.9135342363606,0.12200609890555539,645.40171385987742,715.67049269318522,0.13528963905768221,False,16463151.344659813,189453115.83513016,0,38055035.152105495,172989964.49047035,38055035.152105495,True,True,0.15847062272291568,True,False,15,TLC1|TLC2|TLD3|TLD4|TLD6|TLE3|TLE4|TLF1|TLF2|TLG1|TLG2|TLH1|TLH2|TLH3|TLJ1
uk,London,Uni,,10,500,0.5,GBP,5289.9135342363606,0.12200609890555539,645.40171385987742,715.67049269318522,0.13528963905768221,False,20772518.711893614,201359311.92980748,0,0,180586793.21791387,0,True,True,0.2653746518715262,True,True,15,TLC1|TLC2|TLD3|TLD4|TLD6|TLE3|TLE4|TLF1|TLF2|TLG1|TLG2|TLH1|TLH2|TLH3|TLJ1
uk,London,Uni,,10,100,0.80000000000000004,GBP,5289.9135342363606,0.17494274056401779,925.43197102599811,715.67049269318522,0.13528963905768221,True,7569375.3552501965,253872045.20711219,0,366199480.54906303,246302669.85186198,366199480.54906303,True,True,0.051566593574305222,True,False,15,TLC1|TLC2|TLD3|TLD4|TLD6|TLE3|TLE4|TLF1|TLF2|TLG1|TLG2|TLH1|TLH2|TLH3|TLJ1
uk,London,Uni,,10,300,0.80000000000000004,GBP,5289.9135342363606,0.17494274056401779,925.43197102599811,715.67049269318522,0.13528963905768221,True,16463151.344659813,281265289.59163547,0,56116986.739320278,264802138.24697566,56116986.739320278,True,True,0.15847062272291568,True,False,15,TLC1|TLC2|TLD3|TLD4|TLD6|TLE3|TLE4|TLF1|TLF2|TLG1|TLG2|TLH1|TLH2|TLH3|TLJ1
uk,London,Uni,,10,500,0.80000000000000004,GBP,5289.9135342363606,0.17494274056401779,925.43197102599811,715.67049269318522,0.13528963905768221,True,20772518.711893614,295427428.49063319,0,0,274654909.77873957,0,True,True,0.2653746518715262,True,True,15,TLC1|TLC2|TLD3|TLD4|TLD6|TLE3|TLE4|TLF1|TLF2|TLG1|TLG2|TLH1|TLH2|TLH3|TLJ1
uk,London,Uni,,10,100,0.90000000000000002,GBP,5289.9135342363606,0.21236574984994022,1123.3964543394522,715.67049269318522,0.13528963905768221,True,7569375.3552501965,319094744.4458071,0,451324208.37384826,311525369.09055692,451324208.37384826,True,True,0.051566593574305222,True,False,15,TLC1|TLC2|TLD3|TLD4|TLD6|TLE3|TLE4|TLF1|TLF2|TLG1|TLG2|TLH1|TLH2|TLH3|TLJ1
uk,London,Uni,,10,300,0.90000000000000002,GBP,5289.9135342363606,0.21236574984994022,1123.3964543394522,715.67049269318522,0.13528963905768221,True,16463151.344659813,348057425.35548645,0,68885695.91303806,331594274.01082665,68885695.91303806,True,True,0.15847062272291568,True,False,15,TLC1|TLC2|TLD3|TLD4|TLD6|TLE3|TLE4|TLF1|TLF2|TLG1|TLG2|TLH1|TLH2|TLH3|TLJ1
uk,London,Uni,,10,500,0.90000000000000002,GBP,5289.9135342363606,0.21236574984994022,1123.3964543394522,715.67049269318522,0.13528963905768221,True,20772518.711893614,363485438.49326587,0,4121221.178748819,342712919.78137225,4121221.178748819,True,True,0.2653746518715262,True,False,15,TLC1|TLC2|TLD3|TLD4|TLD6|TLE3|TLE4|TLF1|TLF2|TLG1|TLG2|TLH1|TLH2|TLH3|TLJ1
uk,London,Uni,,10,100,1,GBP,5289.9135342363606,0.24933723448265505,1318.972411278862,715.67049269318522,0.13528963905768221,True,7569375.3552501965,385058796.86399108,0,535421869.85779464,377489421.5087409,535421869.85779464,True,True,0.051566593574305222,True,False,15,TLC1|TLC2|TLD3|TLD4|TLD6|TLE3|TLE4|TLF1|TLF2|TLG1|TLG2|TLH1|TLH2|TLH3|TLJ1
uk,London,Uni,,10,300,1,GBP,5289.9135342363606,0.24933723448265505,1318.972411278862,715.67049269318522,0.13528963905768221,True,16463151.344659813,415278657.22081143,0,84524616.028012484,398815505.87615162,84524616.028012484,True,True,0.15847062272291568,True,False,15,TLC1|TLC2|TLD3|TLD4|TLD6|TLE3|TLE4|TLF1|TLF2|TLG1|TLG2|TLH1|TLH2|TLH3|TLJ1
uk,London,Uni,,10,500,1,GBP,5289.9135342363606,0.24933723448265505,1318.972411278862,715.67049269318522,0.13528963905768221,True,20772518.711893614,431673001.37367034,0,14612343.783617893,410900482.66177672,14612343.783617893,True,True,0.2653746518715262,True,False,15,TLC1|TLC2|TLD3|TLD4|TLD6|TLE3|TLE4|TLF1|TLF2|TLG1|TLG2|TLH1|TLH2|TLH3|TLJ1
uk,London,Uni,,20,100,0.5,GBP,5289.9135342363606,0.14754386595052682,780.49429338524715,644.88136078347316,0.12190773187686266,True,323315.56810031523,31344014.06526136,0,59764804.788571253,31020698.497161046,59764804.788571253,True,True,0.010452014574305227,True,False,15,TLC1|TLC2|TLD3|TLD4|TLD6|TLE3|TLE4|TLF1|TLF2|TLG1|TLG2|TLH1|TLH2|TLH3|TLJ1
uk,London,Uni,,20,300,0.5,GBP,5289.9135342363606,0.14754386595052682,780.49429338524715,644.88136078347316,0.12190773187686266,True,2245994.1025416632,45785186.979787767,0,89864804.788571224,43539192.877246104,89864804.788571224,True,True,0.080220899732654755,True,False,15,TLC1|TLC2|TLD3|TLD4|TLD6|TLE3|TLE4|TLF1|TLF2|TLG1|TLG2|TLH1|TLH2|TLH3|TLJ1
uk,London,Uni,,20,500,0.5,GBP,5289.9135342363606,0.14754386595052682,780.49429338524715,644.88136078347316,0.12190773187686266,True,5894724.2403063998,57782899.477518551,0,53178951.666346557,51888175.237212151,53178951.666346557,True,True,0.18712492888126522,True,False,15,TLC1|TLC2|TLD3|TLD4|TLD6|TLE3|TLE4|TLF1|TLF2|TLG1|TLG2|TLH1|TLH2|TLH3|TLJ1
uk,London,Uni,,20,100,0.80000000000000004,GBP,5289.9135342363606,0.23857226541877538,1262.0266557322091,644.88136078347316,0.12190773187686266,True,323315.56810031523,74649313.973312199,0,154410885.20931068,74325998.405211881,154410885.20931068,True,True,0.010452014574305227,True,False,15,TLC1|TLC2|TLD3|TLD4|TLD6|TLE3|TLE4|TLF1|TLF2|TLG1|TLG2|TLH1|TLH2|TLH3|TLJ1
uk,London,Uni,,20,300,0.80000000000000004,GBP,5289.9135342363606,0.23857226541877538,1262.0266557322091,644.88136078347316,0.12190773187686266,True,2245994.1025416632,93979022.131333098,0,211086768.07168722,91733028.028791428,211086768.07168722,True,True,0.080220899732654755,True,False,15,TLC1|TLC2|TLD3|TLD4|TLD6|TLE3|TLE4|TLF1|TLF2|TLG1|TLG2|TLH1|TLH2|TLH3|TLJ1
uk,London,Uni,,20,500,0.80000000000000004,GBP,5289.9135342363606,0.23857226541877538,1262.0266557322091,644.88136078347316,0.12190773187686266,True,5894724.2403063998,110557368.27684055,0,161606784.82890081,104662644.03653416,161606784.82890081,True,True,0.18712492888126522,True,False,15,TLC1|TLC2|TLD3|TLD4|TLD6|TLE3|TLE4|TLF1|TLF2|TLG1|TLG2|TLH1|TLH2|TLH3|TLJ1
uk,London,Uni,,20,100,0.90000000000000002,GBP,5289.9135342363606,0.24986216011324433,1321.7492224765838,644.88136078347316,0.12190773187686266,True,323315.56810031523,80893749.189237848,0,171103342.61436337,80570433.62113753,171103342.61436337,True,True,0.010452014574305227,True,False,15,TLC1|TLC2|TLD3|TLD4|TLD6|TLE3|TLE4|TLF1|TLF2|TLG1|TLG2|TLH1|TLH2|TLH3|TLJ1
uk,London,Uni,,20,300,0.90000000000000002,GBP,5289.9135342363606,0.24986216011324433,1321.7492224765838,644.88136078347316,0.12190773187686266,True,2245994.1025416632,100695249.3205055,0,229063260.66174397,98449255.21796383,229063260.66174397,True,True,0.080220899732654755,True,False,15,TLC1|TLC2|TLD3|TLD4|TLD6|TLE3|TLE4|TLF1|TLF2|TLG1|TLG2|TLH1|TLH2|TLH3|TLJ1
uk,London,Uni,,20,500,0.90000000000000002,GBP,5289.9135342363606,0.24986216011324433,1321.7492224765838,644.88136078347316,0.12190773187686266,True,5894724.2403063998,117753941.43871176,0,175731171.86394542,111859217.19840536,175731171.86394542,True,True,0.18712492888126522,True,False,15,TLC1|TLC2|TLD3|TLD4|TLD6|TLE3|TLE4|TLF1|TLF2|TLG1|TLG2|TLH1|TLH2|TLH3|TLJ1
uk,London,Uni,,20,100,1,GBP,5289.9135342363606,0.26850458711315484,1420.3660493744237,644.88136078347316,0.12190773187686266,True,323315.56810031523,91517330.962363198,0,198666745.73230961,91194015.39426288,198666745.73230961,True,True,0.010452014574305227,True,False,15,TLC1|TLC2|TLD3|TLD4|TLD6|TLE3|TLE4|TLF1|TLF2|TLG1|TLG2|TLH1|TLH2|TLH3|TLJ1
uk,London,Uni,,20,300,1,GBP,5289.9135342363606,0.26850458711315484,1420.3660493744237,644.88136078347316,0.12190773187686266,True,2245994.1025416632,112125945.39938506,0,258746925.55799374,109879951.29684339,258746925.55799374,True,True,0.080220899732654755,True,False,15,TLC1|TLC2|TLD3|TLD4|TLD6|TLE3|TLE4|TLF1|TLF2|TLG1|TLG2|TLH1|TLH2|TLH3|TLJ1
uk,London,Uni,,20,500,1,GBP,5289.9135342363606,0.26850458711315484,1420.3660493744237,644.88136078347316,0.12190773187686266,True,5894724.2403063998,129846415.28876264,0,199513518.29804382,123951691.04845625,199513518.29804382,True,True,0.18712492888126522,True,False,15,TLC1|TLC2|TLD3|TLD4|TLD6|TLE3|TLE4|TLF1|TLF2|TLG1|TLG2|TLH1|TLH2|TLH3|TLJ1
uk,London,LU,,10,100,0.5,GBP,5289.9135342363606,0.10849186812696943,573.91260155944201,502.34441182827919,0.094962688629426986,True,5019941.0143101849,139751567.9360559,0,212339473.55969751,134731626.92174572,212339473.55969751,True,True,0.051566593574305222,True,False,15,TLC1|TLC2|TLD3|TLD4|TLD6|TLE3|TLE4|TLF1|TLF2|TLG1|TLG2|TLH1|TLH2|TLH3|TLJ1
uk,London,LU,,10,300,0.5,GBP,5289.9135342363606,0.10849186812696943,573.91260155944201,502.34441182827919,0.094962688629426986,True,12507912.283389192,164420207.1245946,0,34435460.94084575,151912294.84120542,34435460.94084575,True,True,0.15847062272291568,True,False,15,TLC1|TLC2|TLD3|TLD4|TLD6|TLE3|TLE4|TLF1|TLF2|TLG1|TLG2|TLH1|TLH2|TLH3|TLJ1
uk,London,LU,,10,500,0.5,GBP,5289.9135342363606,0.10849186812696943,573.91260155944201,502.34441182827919,0.094962688629426986,True,15647359.981654229,176660717.29110324,0,0,161013357.30944902,0,True,True,0.2653746518715262,True,True,15,TLC1|TLC2|TLD3|TLD4|TLD6|TLE3|TLE4|TLF1|TLF2|TLG1|TLG2|TLH1|TLH2|TLH3|TLJ1
uk,London,LU,,10,100,0.80000000000000004,GBP,5289.9135342363606,0.13739328648395063,726.79860568466404,502.34441182827919,0.094962688629426986,True,5019941.0143101849,186684708.87174225,0,278080455.33354294,181664767.85743207,278080455.33354294,True,True,0.051566593574305222,True,False,15,TLC1|TLC2|TLD3|TLD4|TLD6|TLE3|TLE4|TLF1|TLF2|TLG1|TLG2|TLH1|TLH2|TLH3|TLJ1
uk,London,LU,,10,300,0.80000000000000004,GBP,5289.9135342363606,0.13739328648395063,726.79860568466404,502.34441182827919,0.094962688629426986,True,12507912.283389192,213579361.43485248,0,44296608.206922568,201071449.1514633,44296608.206922568,True,True,0.15847062272291568,True,False,15,TLC1|TLC2|TLD3|TLD4|TLD6|TLE3|TLE4|TLF1|TLF2|TLG1|TLG2|TLH1|TLH2|TLH3|TLJ1
uk,London,LU,,10,500,0.80000000000000004,GBP,5289.9135342363606,0.13739328648395063,726.79860568466404,502.34441182827919,0.094962688629426986,True,15647359.981654229,227164474.03105065,0,0,211517114.04939643,0,True,True,0.2653746518715262,True,True,15,TLC1|TLC2|TLD3|TLD4|TLD6|TLE3|TLE4|TLF1|TLF2|TLG1|TLG2|TLH1|TLH2|TLH3|TLJ1
uk,London,LU,,10,100,0.90000000000000002,GBP,5289.9135342363606,0.14676574218776511,776.3780859613031,502.34441182827919,0.094962688629426986,True,5019941.0143101849,202362485.46505934,0,299399631.8524977,197342544.45074916,299399631.8524977,True,True,0.051566593574305222,True,False,15,TLC1|TLC2|TLD3|TLD4|TLD6|TLE3|TLE4|TLF1|TLF2|TLG1|TLG2|TLH1|TLH2|TLH3|TLJ1
uk,London,LU,,10,300,0.90000000000000002,GBP,5289.9135342363606,0.14676574218776511,776.3780859613031,502.34441182827919,0.094962688629426986,True,12507912.283389192,229749516.94457746,0,47494484.684765786,217241604.66118827,47494484.684765786,True,True,0.15847062272291568,True,False,15,TLC1|TLC2|TLD3|TLD4|TLD6|TLE3|TLE4|TLF1|TLF2|TLG1|TLG2|TLH1|TLH2|TLH3|TLJ1
uk,London,LU,,10,500,0.90000000000000002,GBP,5289.9135342363606,0.14676574218776511,776.3780859613031,502.34441182827919,0.094962688629426986,True,15647359.981654229,243787750.31596106,0,0,228140390.33430684,0,True,True,0.2653746518715262,True,True,15,TLC1|TLC2|TLD3|TLD4|TLD6|TLE3|TLE4|TLF1|TLF2|TLG1|TLG2|TLH1|TLH2|TLH3|TLJ1
uk,London,LU,,10,100,1,GBP,5289.9135342363606,0.1844421380150226,975.68296216915883,502.34441182827919,0.094962688629426986,True,5019941.0143101849,266679579.26564887,0,385100728.62187564,261659638.25133869,385100728.62187564,True,True,0.051566593574305222,True,False,15,TLC1|TLC2|TLD3|TLD4|TLD6|TLE3|TLE4|TLF1|TLF2|TLG1|TLG2|TLH1|TLH2|TLH3|TLJ1
uk,London,LU,,10,300,1,GBP,5289.9135342363606,0.1844421380150226,975.68296216915883,502.34441182827919,0.094962688629426986,True,12507912.283389192,295835757.59927833,0,60349649.200172469,283327845.31588912,60349649.200172469,True,True,0.15847062272291568,True,False,15,TLC1|TLC2|TLD3|TLD4|TLD6|TLE3|TLE4|TLF1|TLF2|TLG1|TLG2|TLH1|TLH2|TLH3|TLJ1
uk,London,LU,,10,500,1,GBP,5289.9135342363606,0.1844421380150226,975.68296216915883,502.34441182827919,0.094962688629426986,True,15647359.981654229,311669781.42242509,0,41864.302910582883,296022421.44077086,41864.302910582883,True,True,0.2653746518715262,True,False,15,TLC1|TLC2|TLD3|TLD4|TLD6|TLE3|TLE4|TLF1|TLF2|TLG1|TLG2|TLH1|TLH2|TLH3|TLJ1
uk,London,LU,,20,100,0.5,GBP,5289.9135342363606,0.13788554474506745,729.40260932248566,338.56702564427081,0.064002374226546893,True,0,22921254.809583079,0,14314265.27852739,22921254.809583079,14314265.27852739,True,True,0.010452014574305227,True,False,15,TLC1|TLC2|TLD3|TLD4|TLD6|TLE3|TLE4|TLF1|TLF2|TLG1|TLG2|TLH1|TLH2|TLH3|TLJ1
uk,London,LU,,20,300,0.5,GBP,5289.9135342363606,0.13788554474506745,729.40260932248566,338.56702564427081,0.064002374226546893,True,890042.59052441362,37115756.63074109,0,42237035.037787393,36225714.040216677,42237035.037787393,True,True,0.080220899732654755,True,False,15,TLC1|TLC2|TLD3|TLD4|TLD6|TLE3|TLE4|TLF1|TLF2|TLG1|TLG2|TLH1|TLH2|TLH3|TLJ1
uk,London,LU,,20,500,0.5,GBP,5289.9135342363606,0.13788554474506745,729.40260932248566,338.56702564427081,0.064002374226546893,True,3255369.7345679225,49479646.883011431,0,72337035.037787393,46224277.148443505,72337035.037787393,True,True,0.18712492888126522,True,False,15,TLC1|TLC2|TLD3|TLD4|TLD6|TLE3|TLE4|TLF1|TLF2|TLG1|TLG2|TLH1|TLH2|TLH3|TLJ1
uk,London,LU,,20,100,0.80000000000000004,GBP,5289.9135342363606,0.17919897807473806,947.94709943888165,338.56702564427081,0.064002374226546893,True,0,39785707.478773609,0,45027980.800305024,39785707.478773609,45027980.800305024,True,True,0.010452014574305227,True,False,15,TLC1|TLC2|TLD3|TLD4|TLD6|TLE3|TLE4|TLF1|TLF2|TLG1|TLG2|TLH1|TLH2|TLH3|TLJ1
uk,London,LU,,20,300,0.80000000000000004,GBP,5289.9135342363606,0.17919897807473806,947.94709943888165,338.56702564427081,0.064002374226546893,True,890042.59052441362,56433322.136652045,0,75127980.800304994,55543279.546127632,75127980.800304994,True,True,0.080220899732654755,True,False,15,TLC1|TLC2|TLD3|TLD4|TLD6|TLE3|TLE4|TLF1|TLF2|TLG1|TLG2|TLH1|TLH2|TLH3|TLJ1
uk,London,LU,,20,500,0.80000000000000004,GBP,5289.9135342363606,0.17919897807473806,947.94709943888165,338.56702564427081,0.064002374226546893,True,3255369.7345679225,71474360.546282381,0,119924664.21615711,68218990.811714455,119924664.21615711,True,True,0.18712492888126522,True,False,15,TLC1|TLC2|TLD3|TLD4|TLD6|TLE3|TLE4|TLF1|TLF2|TLG1|TLG2|TLH1|TLH2|TLH3|TLJ1
uk,London,LU,,20,100,0.90000000000000002,GBP,5289.9135342363606,0.19511675788751595,1032.1507783054899,338.56702564427081,0.064002374226546893,True,0,47068649.33425349,0,57700634.46972958,47068649.33425349,57700634.46972958,True,True,0.010452014574305227,True,False,15,TLC1|TLC2|TLD3|TLD4|TLD6|TLE3|TLE4|TLF1|TLF2|TLG1|TLG2|TLH1|TLH2|TLH3|TLJ1
uk,London,LU,,20,300,0.90000000000000002,GBP,5289.9135342363606,0.19511675788751595,1032.1507783054899,338.56702564427081,0.064002374226546893,True,890042.59052441362,64590069.53985443,0,91610940.308173448,63700026.949330017,91610940.308173448,True,True,0.080220899732654755,True,False,15,TLC1|TLC2|TLD3|TLD4|TLD6|TLE3|TLE4|TLF1|TLF2|TLG1|TLG2|TLH1|TLH2|TLH3|TLJ1
uk,London,LU,,20,500,0.90000000000000002,GBP,5289.9135342363606,0.19511675788751595,1032.1507783054899,338.56702564427081,0.064002374226546893,True,3255369.7345679225,80725582.029064268,0,143459592.45937413,77470212.294496343,143459592.45937413,True,True,0.18712492888126522,True,False,15,TLC1|TLC2|TLD3|TLD4|TLD6|TLE3|TLE4|TLF1|TLF2|TLG1|TLG2|TLH1|TLH2|TLH3|TLJ1
uk,London,LU,,20,100,1,GBP,5289.9135342363606,0.25279013454619531,1337.2379540573493,338.56702564427081,0.064002374226546893,True,0,76628205.915503904,0,116931458.08201876,76628205.915503904,116931458.08201876,True,True,0.010452014574305227,True,False,15,TLC1|TLC2|TLD3|TLD4|TLD6|TLE3|TLE4|TLF1|TLF2|TLG1|TLG2|TLH1|TLH2|TLH3|TLJ1
uk,London,LU,,20,300,1,GBP,5289.9135342363606,0.25279013454619531,1337.2379540573493,338.56702564427081,0.064002374226546893,True,890042.59052441362,97897928.668590501,0,173373930.44751057,97007886.078066081,173373930.44751057,True,True,0.080220899732654755,True,False,15,TLC1|TLC2|TLD3|TLD4|TLD6|TLE3|TLE4|TLF1|TLF2|TLG1|TLG2|TLH1|TLH2|TLH3|TLJ1
uk,London,LU,,20,500,1,GBP,5289.9135342363606,0.25279013454619531,1337.2379540573493,338.56702564427081,0.064002374226546893,True,3255369.7345679225,116698631.30778164,0,233573930.44751057,113443261.57321371,233573930.44751057,True,True,0.18712492888126522,True,False,15,TLC1|TLC2|TLD3|TLD4|TLD6|TLE3|TLE4|TLF1|TLF2|TLG1|TLG2|TLH1|TLH2|TLH3|TLJ1
uk,London,GNN,42,10,100,0.5,GBP,5289.9135342363606,0.078842018394831639,417.06746017333199,425.70663294126143,0.080475159033523869,False,4886508.6711473064,92313526.990276739,0,150637984.77361333,87427018.319129437,150637984.77361333,True,True,0.051566593574305222,True,False,15,TLC1|TLC2|TLD3|TLD4|TLD6|TLE3|TLE4|TLF1|TLF2|TLG1|TLG2|TLH1|TLH2|TLH3|TLJ1
uk,London,GNN,42,10,300,0.5,GBP,5289.9135342363606,0.078842018394831639,417.06746017333199,425.70663294126143,0.080475159033523869,False,11390581.248338314,115297438.03365292,0,23191443.359616064,103906856.7853146,23191443.359616064,True,True,0.15847062272291568,True,False,15,TLC1|TLC2|TLD3|TLD4|TLD6|TLE3|TLE4|TLF1|TLF2|TLG1|TLG2|TLH1|TLH2|TLH3|TLJ1
uk,London,GNN,42,10,500,0.5,GBP,5289.9135342363606,0.078842018394831639,417.06746017333199,425.70663294126143,0.080475159033523869,False,14562145.737233369,125884084.98478647,0,0,111321939.2475531,0,True,True,0.2653746518715262,True,True,15,TLC1|TLC2|TLD3|TLD4|TLD6|TLE3|TLE4|TLF1|TLF2|TLG1|TLG2|TLH1|TLH2|TLH3|TLJ1
uk,London,GNN,42,10,100,0.80000000000000004,GBP,5289.9135342363606,0.10481476329307282,554.46103493180647,425.70663294126143,0.080475159033523869,True,4886508.6711473064,131838105.81286773,0,209717221.91975737,126951597.14172043,209717221.91975737,True,True,0.051566593574305222,True,False,15,TLC1|TLC2|TLD3|TLD4|TLD6|TLE3|TLE4|TLF1|TLF2|TLG1|TLG2|TLH1|TLH2|TLH3|TLJ1
uk,London,GNN,42,10,300,0.80000000000000004,GBP,5289.9135342363606,0.10481476329307282,554.46103493180647,425.70663294126143,0.080475159033523869,True,11390581.248338314,158068954.63450208,0,32053328.931537665,146678373.38616377,32053328.931537665,True,True,0.15847062272291568,True,False,15,TLC1|TLC2|TLD3|TLD4|TLD6|TLE3|TLE4|TLF1|TLF2|TLG1|TLG2|TLH1|TLH2|TLH3|TLJ1
uk,London,GNN,42,10,500,0.80000000000000004,GBP,5289.9135342363606,0.10481476329307282,554.46103493180647,425.70663294126143,0.080475159033523869,True,14562145.737233369,170302527.15462777,0,0,155740381.4173944,0,True,True,0.2653746518715262,True,True,15,TLC1|TLC2|TLD3|TLD4|TLD6|TLE3|TLE4|TLF1|TLF2|TLG1|TLG2|TLH1|TLH2|TLH3|TLJ1
uk,London,GNN,42,10,100,0.90000000000000002,GBP,5289.9135342363606,0.11761736880872931,622.18571112256677,425.70663294126143,0.080475159033523869,True,4886508.6711473064,152240391.06896856,0,238838832.6817843,147353882.39782125,238838832.6817843,True,True,0.051566593574305222,True,False,15,TLC1|TLC2|TLD3|TLD4|TLD6|TLE3|TLE4|TLF1|TLF2|TLG1|TLG2|TLH1|TLH2|TLH3|TLJ1
uk,London,GNN,42,10,300,0.90000000000000002,GBP,5289.9135342363606,0.11761736880872931,622.18571112256677,425.70663294126143,0.080475159033523869,True,11390581.248338314,179720092.17948022,0,36421570.545841709,168329510.93114191,36421570.545841709,True,True,0.15847062272291568,True,False,15,TLC1|TLC2|TLD3|TLD4|TLD6|TLE3|TLE4|TLF1|TLF2|TLG1|TLG2|TLH1|TLH2|TLH3|TLJ1
uk,London,GNN,42,10,500,0.90000000000000002,GBP,5289.9135342363606,0.11761736880872931,622.18571112256677,425.70663294126143,0.080475159033523869,True,14562145.737233369,192498671.24573833,0,0,177936525.50850496,0,True,True,0.2653746518715262,True,True,15,TLC1|TLC2|TLD3|TLD4|TLD6|TLE3|TLE4|TLF1|TLF2|TLG1|TLG2|TLH1|TLH2|TLH3|TLJ1
uk,London,GNN,42,10,100,1,GBP,5289.9135342363606,0.1290144261103755,682.47515879301227,425.70663294126143,0.080475159033523869,True,4886508.6711473064,170776154.35081762,0,264763295.18007588,165889645.6796703,264763295.18007588,True,True,0.051566593574305222,True,False,15,TLC1|TLC2|TLD3|TLD4|TLD6|TLE3|TLE4|TLF1|TLF2|TLG1|TLG2|TLH1|TLH2|TLH3|TLJ1
uk,London,GNN,42,10,300,1,GBP,5289.9135342363606,0.1290144261103755,682.47515879301227,425.70663294126143,0.080475159033523869,True,11390581.248338314,199111384.47890717,0,40310239.920585439,187720803.23056886,40310239.920585439,True,True,0.15847062272291568,True,False,15,TLC1|TLC2|TLD3|TLD4|TLD6|TLE3|TLE4|TLF1|TLF2|TLG1|TLG2|TLH1|TLH2|TLH3|TLJ1
uk,London,GNN,42,10,500,1,GBP,5289.9135342363606,0.1290144261103755,682.47515879301227,425.70663294126143,0.080475159033523869,True,14562145.737233369,212419298.46287879,0,0,197857152.72564542,0,True,True,0.2653746518715262,True,True,15,TLC1|TLC2|TLD3|TLD4|TLD6|TLE3|TLE4|TLF1|TLF2|TLG1|TLG2|TLH1|TLH2|TLH3|TLJ1
uk,London,GNN,42,20,100,0.5,GBP,5289.9135342363606,0.11143395583800558,589.47599116096262,376.21903918768112,0.071120073466756806,True,0,14459263.61399438,0,2191273.893263286,14459263.61399438,2191273.893263286,True,True,0.010452014574305227,True,False,15,TLC1|TLC2|TLD3|TLD4|TLD6|TLE3|TLE4|TLF1|TLF2|TLG1|TLG2|TLH1|TLH2|TLH3|TLJ1
uk,London,GNN,42,20,300,0.5,GBP,5289.9135342363606,0.11143395583800558,589.47599116096262,376.21903918768112,0.071120073466756806,True,694398.43941385322,26321642.052852798,0,23640864.411804043,25627243.613438945,23640864.411804043,True,True,0.080220899732654755,True,False,15,TLC1|TLC2|TLD3|TLD4|TLD6|TLE3|TLE4|TLF1|TLF2|TLG1|TLG2|TLH1|TLH2|TLH3|TLJ1
uk,London,GNN,42,20,500,0.5,GBP,5289.9135342363606,0.11143395583800558,589.47599116096262,376.21903918768112,0.071120073466756806,True,2904876.7250830117,37527582.087705366,0,53500098.228706822,34622705.362622358,53500098.228706822,True,True,0.18712492888126522,True,False,15,TLC1|TLC2|TLD3|TLD4|TLD6|TLE3|TLE4|TLF1|TLF2|TLG1|TLG2|TLH1|TLH2|TLH3|TLJ1
uk,London,GNN,42,20,100,0.80000000000000004,GBP,5289.9135342363606,0.13006400478392985,688.0273392234933,376.21903918768112,0.071120073466756806,True,0,20181895.908087205,0,11340528.298185654,20181895.908087205,11340528.298185654,True,True,0.010452014574305227,True,False,15,TLC1|TLC2|TLD3|TLD4|TLD6|TLE3|TLE4|TLF1|TLF2|TLG1|TLG2|TLH1|TLH2|TLH3|TLJ1
uk,London,GNN,42,20,300,0.80000000000000004,GBP,5289.9135342363606,0.13006400478392985,688.0273392234933,376.21903918768112,0.071120073466756806,True,694398.43941385322,34031820.503761947,0,38232076.112117693,33337422.064348094,38232076.112117693,True,True,0.080220899732654755,True,False,15,TLC1|TLC2|TLD3|TLD4|TLD6|TLE3|TLE4|TLF1|TLF2|TLG1|TLG2|TLH1|TLH2|TLH3|TLJ1
uk,London,GNN,42,20,500,0.80000000000000004,GBP,5289.9135342363606,0.13006400478392985,688.0273392234933,376.21903918768112,0.071120073466756806,True,2904876.7250830117,46156604.54447867,0,68332076.112117693,43251727.819395661,68332076.112117693,True,True,0.18712492888126522,True,False,15,TLC1|TLC2|TLD3|TLD4|TLD6|TLE3|TLE4|TLF1|TLF2|TLG1|TLG2|TLH1|TLH2|TLH3|TLJ1
uk,London,GNN,42,20,100,0.90000000000000002,GBP,5289.9135342363606,0.13835071718294606,731.86333129737341,376.21903918768112,0.071120073466756806,True,0,23080829.659360714,0,16208831.28940103,23080829.659360714,16208831.28940103,True,True,0.010452014574305227,True,False,15,TLC1|TLC2|TLD3|TLD4|TLD6|TLE3|TLE4|TLF1|TLF2|TLG1|TLG2|TLH1|TLH2|TLH3|TLJ1
uk,London,GNN,42,20,300,0.90000000000000002,GBP,5289.9135342363606,0.13835071718294606,731.86333129737341,376.21903918768112,0.071120073466756806,True,694398.43941385322,37673248.012569658,0,44829392.919236653,36978849.573155805,44829392.919236653,True,True,0.080220899732654755,True,False,15,TLC1|TLC2|TLD3|TLD4|TLD6|TLE3|TLE4|TLF1|TLF2|TLG1|TLG2|TLH1|TLH2|TLH3|TLJ1
uk,London,GNN,42,20,500,0.90000000000000002,GBP,5289.9135342363606,0.13835071718294606,731.86333129737341,376.21903918768112,0.071120073466756806,True,2904876.7250830117,50164820.25594186,0,75104251.314693511,47259943.530858852,75104251.314693511,True,True,0.18712492888126522,True,False,15,TLC1|TLC2|TLD3|TLD4|TLD6|TLE3|TLE4|TLF1|TLF2|TLG1|TLG2|TLH1|TLH2|TLH3|TLJ1
uk,London,GNN,42,20,100,1,GBP,5289.9135342363606,0.18426215839381918,974.73088553506807,376.21903918768112,0.071120073466756806,True,0,42290732.423849694,0,51280959.83200971,42290732.423849694,51280959.83200971,True,True,0.010452014574305227,True,False,15,TLC1|TLC2|TLD3|TLD4|TLD6|TLE3|TLE4|TLF1|TLF2|TLG1|TLG2|TLH1|TLH2|TLH3|TLJ1
uk,London,GNN,42,20,300,1,GBP,5289.9135342363606,0.18426215839381918,974.73088553506807,376.21903918768112,0.071120073466756806,True,694398.43941385322,59302551.06836924,0,83399123.059687406,58608152.628955387,83399123.059687406,True,True,0.080220899732654755,True,False,15,TLC1|TLC2|TLD3|TLD4|TLD6|TLE3|TLE4|TLF1|TLF2|TLG1|TLG2|TLH1|TLH2|TLH3|TLJ1
uk,London,GNN,42,20,500,1,GBP,5289.9135342363606,0.18426215839381918,974.73088553506807,376.21903918768112,0.071120073466756806,True,2904876.7250830117,74930086.779865384,0,132822585.83177352,72025210.054782376,132822585.83177352,True,True,0.18712492888126522,True,False,15,TLC1|TLC2|TLD3|TLD4|TLD6|TLE3|TLE4|TLF1|TLF2|TLG1|TLG2|TLH1|TLH2|TLH3|TLJ1
uk,London,GNN,123,10,100,0.5,GBP,5289.9135342363606,0.077646806699874185,410.74489365189896,345.98957741292503,0.065405526040015177,True,3970743.4230109844,88397645.382864624,0,143771233.63265505,84426901.959853634,143771233.63265505,True,True,0.051566593574305222,True,False,15,TLC1|TLC2|TLD3|TLD4|TLD6|TLE3|TLE4|TLF1|TLF2|TLG1|TLG2|TLH1|TLH2|TLH3|TLJ1
uk,London,GNN,123,10,300,0.5,GBP,5289.9135342363606,0.077646806699874185,410.74489365189896,345.98957741292503,0.065405526040015177,True,9551025.9889881257,112991707.83462368,0,22221842.735578716,103440681.84563555,22221842.735578716,True,True,0.15847062272291568,True,False,15,TLC1|TLC2|TLD3|TLD4|TLD6|TLE3|TLE4|TLF1|TLF2|TLG1|TLG2|TLH1|TLH2|TLH3|TLJ1
uk,London,GNN,123,10,500,0.5,GBP,5289.9135342363606,0.077646806699874185,410.74489365189896,345.98957741292503,0.065405526040015177,True,12326488.983655136,123667481.89822903,0,0,111340992.91457389,0,True,True,0.2653746518715262,True,True,15,TLC1|TLC2|TLD3|TLD4|TLD6|TLE3|TLE4|TLF1|TLF2|TLG1|TLG2|TLH1|TLH2|TLH3|TLJ1
uk,London,GNN,123,10,100,0.80000000000000004,GBP,5289.9135342363606,0.10761152358212096,569.25565503685698,345.98957741292503,0.065405526040015177,True,3970743.4230109844,134002054.62758759,0,211930861.02818698,130031311.2045766,211930861.02818698,True,True,0.051566593574305222,True,False,15,TLC1|TLC2|TLD3|TLD4|TLD6|TLE3|TLE4|TLF1|TLF2|TLG1|TLG2|TLH1|TLH2|TLH3|TLJ1
uk,London,GNN,123,10,300,0.80000000000000004,GBP,5289.9135342363606,0.10761152358212096,569.25565503685698,345.98957741292503,0.065405526040015177,True,9551025.9889881257,162290310.657094,0,32445786.844908498,152739284.66810587,32445786.844908498,True,True,0.15847062272291568,True,False,15,TLC1|TLC2|TLD3|TLD4|TLD6|TLE3|TLE4|TLF1|TLF2|TLG1|TLG2|TLH1|TLH2|TLH3|TLJ1
uk,London,GNN,123,10,500,0.80000000000000004,GBP,5289.9135342363606,0.10761152358212096,569.25565503685698,345.98957741292503,0.065405526040015177,True,12326488.983655136,174963129.11793664,0,0,162636640.13428152,0,True,True,0.2653746518715262,True,True,15,TLC1|TLC2|TLD3|TLD4|TLD6|TLE3|TLE4|TLF1|TLF2|TLG1|TLG2|TLH1|TLH2|TLH3|TLJ1
uk,London,GNN,123,10,100,0.90000000000000002,GBP,5289.9135342363606,0.11442878970122268,605.31840334678418,345.98957741292503,0.065405526040015177,True,3970743.4230109844,144872660.70439261,0,227437842.80145568,140901917.28138164,227437842.80145568,True,True,0.051566593574305222,True,False,15,TLC1|TLC2|TLD3|TLD4|TLD6|TLE3|TLE4|TLF1|TLF2|TLG1|TLG2|TLH1|TLH2|TLH3|TLJ1
uk,London,GNN,123,10,300,0.90000000000000002,GBP,5289.9135342363606,0.11442878970122268,605.31840334678418,345.98957741292503,0.065405526040015177,True,9551025.9889881257,173818532.05335706,0,34771834.110898808,164267506.06436893,34771834.110898808,True,True,0.15847062272291568,True,False,15,TLC1|TLC2|TLD3|TLD4|TLD6|TLE3|TLE4|TLF1|TLF2|TLG1|TLG2|TLH1|TLH2|TLH3|TLJ1
uk,London,GNN,123,10,500,0.90000000000000002,GBP,5289.9135342363606,0.11442878970122268,605.31840334678418,345.98957741292503,0.065405526040015177,True,12326488.983655136,186797901.10279182,0,0,174471412.11913669,0,True,True,0.2653746518715262,True,True,15,TLC1|TLC2|TLD3|TLD4|TLD6|TLE3|TLE4|TLF1|TLF2|TLG1|TLG2|TLH1|TLH2|TLH3|TLJ1
uk,London,GNN,123,10,100,1,GBP,5289.9135342363606,0.11859490231483208,627.35677884666927,345.98957741292503,0.065405526040015177,True,3970743.4230109844,151573133.53044078,0,236914344.26640624,147602390.1074298,236914344.26640624,True,True,0.051566593574305222,True,False,15,TLC1|TLC2|TLD3|TLD4|TLD6|TLE3|TLE4|TLF1|TLF2|TLG1|TLG2|TLH1|TLH2|TLH3|TLJ1
uk,London,GNN,123,10,300,1,GBP,5289.9135342363606,0.11859490231483208,627.35677884666927,345.98957741292503,0.065405526040015177,True,9551025.9889881257,180895975.02301753,0,36193309.330641404,171344949.03402939,36193309.330641404,True,True,0.15847062272291568,True,False,15,TLC1|TLC2|TLD3|TLD4|TLD6|TLE3|TLE4|TLF1|TLF2|TLG1|TLG2|TLH1|TLH2|TLH3|TLJ1
uk,London,GNN,123,10,500,1,GBP,5289.9135342363606,0.11859490231483208,627.35677884666927,345.98957741292503,0.065405526040015177,True,12326488.983655136,194052199.92343989,0,0,181725710.93978477,0,True,True,0.2653746518715262,True,True,15,TLC1|TLC2|TLD3|TLD4|TLD6|TLE3|TLE4|TLF1|TLF2|TLG1|TLG2|TLH1|TLH2|TLH3|TLJ1
uk,London,GNN,123,20,100,0.5,GBP,5289.9135342363606,0.10479265204263445,554.34406832885361,328.45833772783999,0.062091437903862727,True,0,11901093.179166535,0,0,11901093.179166535,0,True,True,0.010452014574305227,True,True,15,TLC1|TLC2|TLD3|TLD4|TLD6|TLE3|TLE4|TLF1|TLF2|TLG1|TLG2|TLH1|TLH2|TLH3|TLJ1
uk,London,GNN,123,20,300,0.5,GBP,5289.9135342363606,0.10479265204263445,554.34406832885361,328.45833772783999,0.062091437903862727,True,492411.23156357097,22776341.21067138,0,12804970.841502933,22283929.979107808,12804970.841502933,True,True,0.080220899732654755,True,False,15,TLC1|TLC2|TLD3|TLD4|TLD6|TLE3|TLE4|TLF1|TLF2|TLG1|TLG2|TLH1|TLH2|TLH3|TLJ1
uk,London,GNN,123,20,500,0.5,GBP,5289.9135342363606,0.10479265204263445,554.34406832885361,328.45833772783999,0.062091437903862727,True,2349738.6851650095,33801901.180884011,0,41176554.693958163,31452162.495719001,41176554.693958163,True,True,0.18712492888126522,True,False,15,TLC1|TLC2|TLD3|TLD4|TLD6|TLE3|TLE4|TLF1|TLF2|TLG1|TLG2|TLH1|TLH2|TLH3|TLJ1
uk,London,GNN,123,20,100,0.80000000000000004,GBP,5289.9135342363606,0.12726181798483485,673.20401334950213,328.45833772783999,0.062091437903862727,True,0,18236270.2375759,0,4581448.9461026462,18236270.2375759,4581448.9461026462,True,True,0.010452014574305227,True,False,15,TLC1|TLC2|TLD3|TLD4|TLD6|TLE3|TLE4|TLF1|TLF2|TLG1|TLG2|TLH1|TLH2|TLH3|TLJ1
uk,London,GNN,123,20,300,0.80000000000000004,GBP,5289.9135342363606,0.12726181798483485,673.20401334950213,328.45833772783999,0.062091437903862727,True,492411.23156357097,31832696.376163185,0,28964976.41956576,31340285.144599613,28964976.41956576,True,True,0.080220899732654755,True,False,15,TLC1|TLC2|TLD3|TLD4|TLD6|TLE3|TLE4|TLF1|TLF2|TLG1|TLG2|TLH1|TLH2|TLH3|TLJ1
uk,London,GNN,123,20,500,0.80000000000000004,GBP,5289.9135342363606,0.12726181798483485,673.20401334950213,328.45833772783999,0.062091437903862727,True,2349738.6851650095,44136302.598420516,0,59064976.41956576,41786563.913255505,59064976.41956576,True,True,0.18712492888126522,True,False,15,TLC1|TLC2|TLD3|TLD4|TLD6|TLE3|TLE4|TLF1|TLF2|TLG1|TLG2|TLH1|TLH2|TLH3|TLJ1
uk,London,GNN,123,20,100,0.90000000000000002,GBP,5289.9135342363606,0.1489971008547481,788.18178037351197,328.45833772783999,0.062091437903862727,True,0,25939382.15352083,0,17063475.859376732,25939382.15352083,17063475.859376732,True,True,0.010452014574305227,True,False,15,TLC1|TLC2|TLD3|TLD4|TLD6|TLE3|TLE4|TLF1|TLF2|TLG1|TLG2|TLH1|TLH2|TLH3|TLJ1
uk,London,GNN,123,20,300,0.90000000000000002,GBP,5289.9135342363606,0.1489971008547481,788.18178037351197,328.45833772783999,0.062091437903862727,True,492411.23156357097,41443541.390137449,0,46269130.356679268,40951130.158573881,46269130.356679268,True,True,0.080220899732654755,True,False,15,TLC1|TLC2|TLD3|TLD4|TLD6|TLE3|TLE4|TLF1|TLF2|TLG1|TLG2|TLH1|TLH2|TLH3|TLJ1
uk,London,GNN,123,20,500,0.90000000000000002,GBP,5289.9135342363606,0.1489971008547481,788.18178037351197,328.45833772783999,0.062091437903862727,True,2349738.6851650095,54761826.166433379,0,77352106.154707029,52412087.481268369,77352106.154707029,True,True,0.18712492888126522,True,False,15,TLC1|TLC2|TLD3|TLD4|TLD6|TLE3|TLE4|TLF1|TLF2|TLG1|TLG2|TLH1|TLH2|TLH3|TLJ1
uk,London,GNN,123,20,100,1,GBP,5289.9135342363606,0.16208594624878639,857.42064077096234,328.45833772783999,0.062091437903862727,True,0,31271625.903655309,0,26589578.846495543,31271625.903655309,26589578.846495543,True,True,0.010452014574305227,True,False,15,TLC1|TLC2|TLD3|TLD4|TLD6|TLE3|TLE4|TLF1|TLF2|TLG1|TLG2|TLH1|TLH2|TLH3|TLJ1
uk,London,GNN,123,20,300,1,GBP,5289.9135342363606,0.16208594624878639,857.42064077096234,328.45833772783999,0.062091437903862727,True,492411.23156357097,47470356.431140073,0,56689578.846495546,46977945.199576505,56689578.846495546,True,True,0.080220899732654755,True,False,15,TLC1|TLC2|TLD3|TLD4|TLD6|TLE3|TLE4|TLF1|TLF2|TLG1|TLG2|TLH1|TLH2|TLH3|TLJ1
uk,London,GNN,123,20,500,1,GBP,5289.9135342363606,0.16208594624878639,857.42064077096234,328.45833772783999,0.062091437903862727,True,2349738.6851650095,61664895.773165695,0,91627926.085305542,59315157.088000685,91627926.085305542,True,True,0.18712492888126522,True,False,15,TLC1|TLC2|TLD3|TLD4|TLD6|TLE3|TLE4|TLF1|TLF2|TLG1|TLG2|TLH1|TLH2|TLH3|TLJ1
uk,London,GNN,456,10,100,0.5,GBP,5289.9135342363606,0.079758396347066149,421.91502030533314,451.45384477072139,0.085342386382860264,False,4989321.5660509495,95295818.762464434,0,158415996.83633849,90306497.196413487,158415996.83633849,True,True,0.051566593574305222,True,False,15,TLC1|TLC2|TLD3|TLD4|TLD6|TLE3|TLE4|TLF1|TLF2|TLG1|TLG2|TLH1|TLH2|TLH3|TLJ1
uk,London,GNN,456,10,300,0.5,GBP,5289.9135342363606,0.079758396347066149,421.91502030533314,451.45384477072139,0.085342386382860264,False,12499303.314256111,117664114.07249856,0,24410748.146826826,105164810.75824244,24410748.146826826,True,True,0.15847062272291568,True,False,15,TLC1|TLC2|TLD3|TLD4|TLD6|TLE3|TLE4|TLF1|TLF2|TLG1|TLG2|TLH1|TLH2|TLH3|TLJ1
uk,London,GNN,456,10,500,0.5,GBP,5289.9135342363606,0.079758396347066149,421.91502030533314,451.45384477072139,0.085342386382860264,False,16105498.420705838,127892896.30804281,0,0,111787397.88733697,0,True,True,0.2653746518715262,True,True,15,TLC1|TLC2|TLD3|TLD4|TLD6|TLE3|TLE4|TLF1|TLF2|TLG1|TLG2|TLH1|TLH2|TLH3|TLJ1
uk,London,GNN,456,10,100,0.80000000000000004,GBP,5289.9135342363606,0.10976070553265407,580.6246417245186,451.45384477072139,0.085342386382860264,True,4989321.5660509495,141482877.32914403,0,226661134.04658827,136493555.76309308,226661134.04658827,True,True,0.051566593574305222,True,False,15,TLC1|TLC2|TLD3|TLD4|TLD6|TLE3|TLE4|TLF1|TLF2|TLG1|TLG2|TLH1|TLH2|TLH3|TLJ1
uk,London,GNN,456,10,300,0.80000000000000004,GBP,5289.9135342363606,0.10976070553265407,580.6246417245186,451.45384477072139,0.085342386382860264,True,12499303.314256111,167453759.87470898,0,34647518.728364296,154954456.56045288,34647518.728364296,True,True,0.15847062272291568,True,False,15,TLC1|TLC2|TLD3|TLD4|TLD6|TLE3|TLE4|TLF1|TLF2|TLG1|TLG2|TLH1|TLH2|TLH3|TLJ1
uk,London,GNN,456,10,500,0.80000000000000004,GBP,5289.9135342363606,0.10976070553265407,580.6246417245186,451.45384477072139,0.085342386382860264,True,16105498.420705838,179312009.32093519,0,0,163206510.90022936,0,True,True,0.2653746518715262,True,True,15,TLC1|TLC2|TLD3|TLD4|TLD6|TLE3|TLE4|TLF1|TLF2|TLG1|TLG2|TLH1|TLH2|TLH3|TLJ1
uk,London,GNN,456,10,100,0.90000000000000002,GBP,5289.9135342363606,0.11634754585348168,615.46845748551834,451.45384477072139,0.085342386382860264,True,4989321.5660509495,152070986.20460138,0,241643974.82381815,147081664.63855043,241643974.82381815,True,True,0.051566593574305222,True,False,15,TLC1|TLC2|TLD3|TLD4|TLD6|TLE3|TLE4|TLF1|TLF2|TLG1|TLG2|TLH1|TLH2|TLH3|TLJ1
uk,London,GNN,456,10,300,0.90000000000000002,GBP,5289.9135342363606,0.11634754585348168,615.46845748551834,451.45384477072139,0.085342386382860264,True,12499303.314256111,178611487.03697193,0,36894944.844948776,166112183.72271582,36894944.844948776,True,True,0.15847062272291568,True,False,15,TLC1|TLC2|TLD3|TLD4|TLD6|TLE3|TLE4|TLF1|TLF2|TLG1|TLG2|TLH1|TLH2|TLH3|TLJ1
uk,London,GNN,456,10,500,0.90000000000000002,GBP,5289.9135342363606,0.11634754585348168,615.46845748551834,451.45384477072139,0.085342386382860264,True,16105498.420705838,190750058.69657603,0,0,174644560.2758702,0,True,True,0.2653746518715262,True,True,15,TLC1|TLC2|TLD3|TLD4|TLD6|TLE3|TLE4|TLF1|TLF2|TLG1|TLG2|TLH1|TLH2|TLH3|TLJ1
uk,London,GNN,456,10,100,1,GBP,5289.9135342363606,0.13218543938455474,699.24954482933617,451.45384477072139,0.085342386382860264,True,4989321.5660509495,178015080.37067443,0,277669842.38165975,173025758.80462348,277669842.38165975,True,True,0.051566593574305222,True,False,15,TLC1|TLC2|TLD3|TLD4|TLD6|TLE3|TLE4|TLF1|TLF2|TLG1|TLG2|TLH1|TLH2|TLH3|TLJ1
uk,London,GNN,456,10,300,1,GBP,5289.9135342363606,0.13218543938455474,699.24954482933617,451.45384477072139,0.085342386382860264,True,12499303.314256111,205587936.21824208,0,42298824.978625029,193088632.90398598,42298824.978625029,True,True,0.15847062272291568,True,False,15,TLC1|TLC2|TLD3|TLD4|TLD6|TLE3|TLE4|TLF1|TLF2|TLG1|TLG2|TLH1|TLH2|TLH3|TLJ1
uk,London,GNN,456,10,500,1,GBP,5289.9135342363606,0.13218543938455474,699.24954482933617,451.45384477072139,0.085342386382860264,True,16105498.420705838,218414140.82970059,0,0,202308642.40899476,0,True,True,0.2653746518715262,True,True,15,TLC1|TLC2|TLD3|TLD4|TLD6|TLE3|TLE4|TLF1|TLF2|TLG1|TLG2|TLH1|TLH2|TLH3|TLJ1
uk,London,GNN,456,20,100,0.5,GBP,5289.9135342363606,0.11455621107299449,605.99245138587082,422.74323276655423,0.079914960808065538,True,6760.7603881809646,16265767.724109206,0,3438296.9654072663,16259006.963721026,3438296.9654072663,True,True,0.010452014574305227,True,False,15,TLC1|TLC2|TLD3|TLD4|TLD6|TLE3|TLE4|TLF1|TLF2|TLG1|TLG2|TLH1|TLH2|TLH3|TLJ1
uk,London,GNN,456,20,300,0.5,GBP,5289.9135342363606,0.11455621107299449,605.99245138587082,422.74323276655423,0.079914960808065538,True,957713.64349478122,28526780.683739398,0,26306251.260319501,27569067.040244617,26306251.260319501,True,True,0.080220899732654755,True,False,15,TLC1|TLC2|TLD3|TLD4|TLD6|TLE3|TLE4|TLF1|TLF2|TLG1|TLG2|TLH1|TLH2|TLH3|TLJ1
uk,London,GNN,456,20,500,0.5,GBP,5289.9135342363606,0.11455621107299449,605.99245138587082,422.74323276655423,0.079914960808065538,True,3519967.0721940519,39615922.540364809,0,56406251.260319494,36095955.468170755,56406251.260319494,True,True,0.18712492888126522,True,False,15,TLC1|TLC2|TLD3|TLD4|TLD6|TLE3|TLE4|TLF1|TLF2|TLG1|TLG2|TLH1|TLH2|TLH3|TLJ1
uk,London,GNN,456,20,100,0.80000000000000004,GBP,5289.9135342363606,0.15453254388651785,817.46379538526514,422.74323276655423,0.079914960808065538,True,6760.7603881809646,30613377.479266871,0,28032688.532228369,30606616.71887869,28032688.532228369,True,True,0.010452014574305227,True,False,15,TLC1|TLC2|TLD3|TLD4|TLD6|TLE3|TLE4|TLF1|TLF2|TLG1|TLG2|TLH1|TLH2|TLH3|TLJ1
uk,London,GNN,456,20,300,0.80000000000000004,GBP,5289.9135342363606,0.15453254388651785,817.46379538526514,422.74323276655423,0.079914960808065538,True,957713.64349478122,46055774.041014105,0,58132688.532228351,45098060.39751932,58132688.532228351,True,True,0.080220899732654755,True,False,15,TLC1|TLC2|TLD3|TLD4|TLD6|TLE3|TLE4|TLF1|TLF2|TLG1|TLG2|TLH1|TLH2|TLH3|TLJ1
uk,London,GNN,456,20,500,0.80000000000000004,GBP,5289.9135342363606,0.15453254388651785,817.46379538526514,422.74323276655423,0.079914960808065538,True,3519967.0721940519,59005671.507938281,0,92080045.140495464,55485704.435744226,92080045.140495464,True,True,0.18712492888126522,True,False,15,TLC1|TLC2|TLD3|TLD4|TLD6|TLE3|TLE4|TLF1|TLF2|TLG1|TLG2|TLH1|TLH2|TLH3|TLJ1
uk,London,GNN,456,20,100,0.90000000000000002,GBP,5289.9135342363606,0.15691380366206784,830.06045370047968,422.74323276655423,0.079914960808065538,True,6760.7603881809646,31589286.688918438,0,29928485.608668156,31582525.928530257,29928485.608668156,True,True,0.010452014574305227,True,False,15,TLC1|TLC2|TLD3|TLD4|TLD6|TLE3|TLE4|TLF1|TLF2|TLG1|TLG2|TLH1|TLH2|TLH3|TLJ1
uk,London,GNN,456,20,300,0.90000000000000002,GBP,5289.9135342363606,0.15691380366206784,830.06045370047968,422.74323276655423,0.079914960808065538,True,957713.64349478122,47152970.463365376,0,60028485.608668134,46195256.819870591,60028485.608668134,True,True,0.080220899732654755,True,False,15,TLC1|TLC2|TLD3|TLD4|TLD6|TLE3|TLE4|TLF1|TLF2|TLG1|TLG2|TLH1|TLH2|TLH3|TLJ1
uk,London,GNN,456,20,500,0.90000000000000002,GBP,5289.9135342363606,0.15691380366206784,830.06045370047968,422.74323276655423,0.079914960808065538,True,3519967.0721940519,60262878.379266314,0,94788326.678266585,56742911.307072259,94788326.678266585,True,True,0.18712492888126522,True,False,15,TLC1|TLC2|TLD3|TLD4|TLD6|TLE3|TLE4|TLF1|TLF2|TLG1|TLG2|TLH1|TLH2|TLH3|TLJ1
uk,London,GNN,456,20,100,1,GBP,5289.9135342363606,0.17087764559264457,903.92797011897471,422.74323276655423,0.079914960808065538,True,6760.7603881809646,37533316.511894658,0,41045546.829651654,37526555.751506478,41045546.829651654,True,True,0.010452014574305227,True,False,15,TLC1|TLC2|TLD3|TLD4|TLD6|TLE3|TLE4|TLF1|TLF2|TLG1|TLG2|TLH1|TLH2|TLH3|TLJ1
uk,London,GNN,456,20,300,1,GBP,5289.9135342363606,0.17087764559264457,903.92797011897471,422.74323276655423,0.079914960808065538,True,957713.64349478122,53712548.536987759,0,71145546.829651624,52754834.893492974,71145546.829651624,True,True,0.080220899732654755,True,False,15,TLC1|TLC2|TLD3|TLD4|TLD6|TLE3|TLE4|TLF1|TLF2|TLG1|TLG2|TLH1|TLH2|TLH3|TLJ1
uk,London,GNN,456,20,500,1,GBP,5289.9135342363606,0.17087764559264457,903.92797011897471,422.74323276655423,0.079914960808065538,True,3519967.0721940519,67924904.663377181,0,112245643.76104209,64404937.591183126,112245643.76104209,True,True,0.18712492888126522,True,False,15,TLC1|TLC2|TLD3|TLD4|TLD6|TLE3|TLE4|TLF1|TLF2|TLG1|TLG2|TLH1|TLH2|TLH3|TLJ1
uk,TLC1,Uni,,10,100,0.5,GBP,847.19766259765629,0.12200609890555539,103.36328181544499,124.17769171552558,0.1465746391872412,False,7482629.8684470598,35933044.532833636,0,16134556.880161714,28450414.664386578,16134556.880161714,True,True,0.043000000000000003,True,False,15,London|TLC2|TLD3|TLD4|TLD6|TLE3|TLE4|TLF1|TLF2|TLG1|TLG2|TLH1|TLH2|TLH3|TLJ1
uk,TLC1,Uni,,10,300,0.5,GBP,847.19766259765629,0.12200609890555539,103.36328181544499,124.17769171552558,0.1465746391872412,False,12803871.764007753,44446211.180641361,7885903.9235839769,57553660.571921192,31642339.416633606,49667756.648337215,True,True,0.129,False,False,15,London|TLC2|TLD3|TLD4|TLD6|TLE3|TLE4|TLF1|TLF2|TLG1|TLG2|TLH1|TLH2|TLH3|TLJ1
uk,TLC1,Uni,,10,500,0.5,GBP,847.19766259765629,0.12200609890555539,103.36328181544499,124.17769171552558,0.1465746391872412,False,12803871.764007753,44446211.180641375,7885903.9235839844,79102188.291396409,31642339.416633621,71216284.367812425,True,True,0.21500000000000002,False,False,15,London|TLC2|TLD3|TLD4|TLD6|TLE3|TLE4|TLF1|TLF2|TLG1|TLG2|TLH1|TLH2|TLH3|TLJ1
uk,TLC1,Uni,,10,100,0.80000000000000004,GBP,847.19766259765629,0.17494274056401779,148.21108089426406,124.17769171552558,0.1465746391872412,True,7482629.8684470598,54624680.804097816,0,35154626.146315843,47142050.935650758,35154626.146315843,True,True,0.043000000000000003,True,False,15,London|TLC2|TLD3|TLD4|TLD6|TLE3|TLE4|TLF1|TLF2|TLG1|TLG2|TLH1|TLH2|TLH3|TLJ1
uk,TLC1,Uni,,10,300,0.80000000000000004,GBP,847.19766259765629,0.17494274056401779,148.21108089426406,124.17769171552558,0.1465746391872412,True,12803871.764007753,63730764.784533538,7885903.9235839769,76838214.175813407,50926893.020525783,68952310.252229422,True,True,0.129,False,False,15,London|TLC2|TLD3|TLD4|TLD6|TLE3|TLE4|TLF1|TLF2|TLG1|TLG2|TLH1|TLH2|TLH3|TLJ1
uk,TLC1,Uni,,10,500,0.80000000000000004,GBP,847.19766259765629,0.17494274056401779,148.21108089426406,124.17769171552558,0.1465746391872412,True,12803871.764007753,63730764.78453356,7885903.9235839844,117671295.49918087,50926893.020525806,109785391.57559688,True,True,0.21500000000000002,False,False,15,London|TLC2|TLD3|TLD4|TLD6|TLE3|TLE4|TLF1|TLF2|TLG1|TLG2|TLH1|TLH2|TLH3|TLJ1
uk,TLC1,Uni,,10,100,0.90000000000000002,GBP,847.19766259765629,0.21236574984994022,179.91576688866795,124.17769171552558,0.1465746391872412,True,7482629.8684470598,68153669.604313716,0,48787641.123909526,60671039.735866658,48787641.123909526,True,True,0.043000000000000003,True,False,15,London|TLC2|TLD3|TLD4|TLD6|TLE3|TLE4|TLF1|TLF2|TLG1|TLG2|TLH1|TLH2|TLH3|TLJ1
uk,TLC1,Uni,,10,300,0.90000000000000002,GBP,847.19766259765629,0.21236574984994022,179.91576688866795,124.17769171552558,0.1465746391872412,True,12803871.764007753,77363779.762127206,7885903.9235839769,90471229.153407082,64559907.998119451,82585325.229823112,True,True,0.129,False,False,15,London|TLC2|TLD3|TLD4|TLD6|TLE3|TLE4|TLF1|TLF2|TLG1|TLG2|TLH1|TLH2|TLH3|TLJ1
uk,TLC1,Uni,,10,500,0.90000000000000002,GBP,847.19766259765629,0.21236574984994022,179.91576688866795,124.17769171552558,0.1465746391872412,True,12803871.764007753,77363779.762127221,7885903.9235839844,144937325.45436817,64559907.998119466,137051421.53078419,True,True,0.21500000000000002,False,False,15,London|TLC2|TLD3|TLD4|TLD6|TLE3|TLE4|TLF1|TLF2|TLG1|TLG2|TLH1|TLH2|TLH3|TLJ1
uk,TLC1,Uni,,10,100,1,GBP,847.19766259765629,0.24933723448265505,211.2379222522691,124.17769171552558,0.1465746391872412,True,7482629.8684470598,81621852.68144381,0,62256167.930258021,74139222.812996745,62256167.930258021,True,True,0.043000000000000003,True,False,15,London|TLC2|TLD3|TLD4|TLD6|TLE3|TLE4|TLF1|TLF2|TLG1|TLG2|TLH1|TLH2|TLH3|TLJ1
uk,TLC1,Uni,,10,300,1,GBP,847.19766259765629,0.24933723448265505,211.2379222522691,124.17769171552558,0.1465746391872412,True,12803871.764007753,90832306.568475723,7885903.9235839769,103939755.95975557,78028434.804467976,96053852.036171585,True,True,0.129,False,False,15,London|TLC2|TLD3|TLD4|TLD6|TLE3|TLE4|TLF1|TLF2|TLG1|TLG2|TLH1|TLH2|TLH3|TLJ1
uk,TLC1,Uni,,10,500,1,GBP,847.19766259765629,0.24933723448265505,211.2379222522691,124.17769171552558,0.1465746391872412,True,12803871.764007753,90832306.568475723,7885903.9235839844,171874379.06706518,78028434.804467976,163988475.14348119,True,True,0.21500000000000002,False,False,15,London|TLC2|TLD3|TLD4|TLD6|TLE3|TLE4|TLF1|TLF2|TLG1|TLG2|TLH1|TLH2|TLH3|TLJ1
uk,TLC1,Uni,,20,100,0.5,GBP,847.19766259765629,0.14713702450424426,124.65414324156981,227.47645859901357,0.26850458711315484,False,11755132.438309209,23940384.045600127,0,32876479.802540045,12185251.607290918,32876479.802540045,True,True,0.043000000000000003,True,False,15,London|TLC2|TLD3|TLD4|TLD6|TLE3|TLE4|TLF1|TLF2|TLG1|TLG2|TLH1|TLH2|TLH3|TLJ1
uk,TLC1,Uni,,20,300,0.5,GBP,847.19766259765629,0.14713702450424426,124.65414324156981,227.47645859901357,0.26850458711315484,False,17555783.96062493,40431155.037955418,0,10861729.813750964,22875371.077330489,10861729.813750964,True,True,0.129,True,False,15,London|TLC2|TLD3|TLD4|TLD6|TLE3|TLE4|TLF1|TLF2|TLG1|TLG2|TLH1|TLH2|TLH3|TLJ1
uk,TLC1,Uni,,20,500,0.5,GBP,847.19766259765629,0.14713702450424426,124.65414324156981,227.47645859901357,0.26850458711315484,False,24794760.410333138,50816691.057888977,3938113.7846679776,14466654.802672818,26021930.647555839,10528541.01800484,True,True,0.21500000000000002,False,False,15,London|TLC2|TLD3|TLD4|TLD6|TLE3|TLE4|TLF1|TLF2|TLG1|TLG2|TLH1|TLH2|TLH3|TLJ1
uk,TLC1,Uni,,20,100,0.80000000000000004,GBP,847.19766259765629,0.19634306273023111,166.34138381231679,227.47645859901357,0.26850458711315484,False,11755132.438309209,34128869.524152689,0,50801993.247961238,22373737.085843481,50801993.247961238,True,True,0.043000000000000003,True,False,15,London|TLC2|TLD3|TLD4|TLD6|TLE3|TLE4|TLF1|TLF2|TLG1|TLG2|TLH1|TLH2|TLH3|TLJ1
uk,TLC1,Uni,,20,300,0.80000000000000004,GBP,847.19766259765629,0.19634306273023111,166.34138381231679,227.47645859901357,0.26850458711315484,False,17555783.96062493,55967052.057195842,0,19756400.314987108,38411268.096570909,19756400.314987108,True,True,0.129,True,False,15,London|TLC2|TLD3|TLD4|TLD6|TLE3|TLE4|TLF1|TLF2|TLG1|TLG2|TLH1|TLH2|TLH3|TLJ1
uk,TLC1,Uni,,20,500,0.80000000000000004,GBP,847.19766259765629,0.19634306273023111,166.34138381231679,227.47645859901357,0.26850458711315484,False,24794760.410333138,68332472.955002338,3938113.7846679776,27748364.50721661,43537712.544669196,23810250.722548634,True,True,0.21500000000000002,False,False,15,London|TLC2|TLD3|TLD4|TLD6|TLE3|TLE4|TLF1|TLF2|TLG1|TLG2|TLH1|TLH2|TLH3|TLJ1
uk,TLC1,Uni,,20,100,0.90000000000000002,GBP,847.19766259765629,0.24276461482809297,205.6696142437807,227.47645859901357,0.26850458711315484,False,11755132.438309209,44880773.942913234,0,67713132.333490729,33125641.504604027,67713132.333490729,True,True,0.043000000000000003,True,False,15,London|TLC2|TLD3|TLD4|TLD6|TLE3|TLE4|TLF1|TLF2|TLG1|TLG2|TLH1|TLH2|TLH3|TLJ1
uk,TLC1,Uni,,20,300,0.90000000000000002,GBP,847.19766259765629,0.24276461482809297,205.6696142437807,227.47645859901357,0.26850458711315484,False,17555783.96062493,71358576.671113297,0,29848715.546658494,53802792.710488364,29848715.546658494,True,True,0.129,True,False,15,London|TLC2|TLD3|TLD4|TLD6|TLE3|TLE4|TLF1|TLF2|TLG1|TLG2|TLH1|TLH2|TLH3|TLJ1
uk,TLC1,Uni,,20,500,0.90000000000000002,GBP,847.19766259765629,0.24276461482809297,205.6696142437807,227.47645859901357,0.26850458711315484,False,24794760.410333138,84996486.286623165,3938113.7846679776,44242456.416251816,60201725.876290023,40304342.63158384,True,True,0.21500000000000002,False,False,15,London|TLC2|TLD3|TLD4|TLD6|TLE3|TLE4|TLF1|TLF2|TLG1|TLG2|TLH1|TLH2|TLH3|TLJ1
uk,TLC1,Uni,,20,100,1,GBP,847.19766259765629,0.25179895736380015,213.32348812313839,227.47645859901357,0.26850458711315484,False,11755132.438309209,47063743.626144975,0,71004298.10161452,35308611.187835768,71004298.10161452,True,True,0.043000000000000003,True,False,15,London|TLC2|TLD3|TLD4|TLD6|TLE3|TLE4|TLF1|TLF2|TLG1|TLG2|TLH1|TLH2|TLH3|TLJ1
uk,TLC1,Uni,,20,300,1,GBP,847.19766259765629,0.25179895736380015,213.32348812313839,227.47645859901357,0.26850458711315484,False,17555783.96062493,74400829.056269526,0,31926723.965738535,56845045.095644593,31926723.965738535,True,True,0.129,True,False,15,London|TLC2|TLD3|TLD4|TLD6|TLE3|TLE4|TLF1|TLF2|TLG1|TLG2|TLH1|TLH2|TLH3|TLJ1
uk,TLC1,Uni,,20,500,1,GBP,847.19766259765629,0.25179895736380015,213.32348812313839,227.47645859901357,0.26850458711315484,False,24794760.410333138,88252935.12502338,3938113.7846679776,47533622.184375636,63458174.714690238,43595508.39970766,True,True,0.21500000000000002,False,False,15,London|TLC2|TLD3|TLD4|TLD6|TLE3|TLE4|TLF1|TLF2|TLG1|TLG2|TLH1|TLH2|TLH3|TLJ1
uk,TLC1,LU,,10,100,0.5,GBP,847.19766259765629,0.10814084294449999,91.616669373920644,113.43257132390117,0.13389150647098938,False,6929171.1992702242,31248615.984699585,0,12478748.778709235,24319444.785429358,12478748.778709235,True,True,0.043000000000000003,True,False,15,London|TLC2|TLD3|TLD4|TLD6|TLE3|TLE4|TLF1|TLF2|TLG1|TLG2|TLH1|TLH2|TLH3|TLJ1
uk,TLC1,LU,,10,300,0.5,GBP,847.19766259765629,0.10814084294449999,91.616669373920644,113.43257132390117,0.13389150647098938,False,11835882.654595932,39395167.830785871,6063506.6252441332,55971288.189878687,27559285.176189937,49907781.564634554,True,True,0.129,False,False,15,London|TLC2|TLD3|TLD4|TLD6|TLE3|TLE4|TLF1|TLF2|TLG1|TLG2|TLH1|TLH2|TLH3|TLJ1
uk,TLC1,LU,,10,500,0.5,GBP,847.19766259765629,0.10814084294449999,91.616669373920644,113.43257132390117,0.13389150647098938,False,11835882.654595932,39395167.830785885,6063506.6252441406,68174602.109856158,27559285.176189952,62111095.484612018,True,True,0.21500000000000002,False,False,15,London|TLC2|TLD3|TLD4|TLD6|TLE3|TLE4|TLF1|TLF2|TLG1|TLG2|TLH1|TLH2|TLH3|TLJ1
uk,TLC1,LU,,10,100,0.80000000000000004,GBP,847.19766259765629,0.13739328648395063,116.39927116581313,113.43257132390117,0.13389150647098938,True,6929171.1992702242,41375281.148650274,0,22463604.305416055,34446109.949380048,22463604.305416055,True,True,0.043000000000000003,True,False,15,London|TLC2|TLD3|TLD4|TLD6|TLE3|TLE4|TLF1|TLF2|TLG1|TLG2|TLH1|TLH2|TLH3|TLJ1
uk,TLC1,LU,,10,300,0.80000000000000004,GBP,847.19766259765629,0.13739328648395063,116.39927116581313,113.43257132390117,0.13389150647098938,True,11835882.654595932,50051686.601299651,6063506.6252441332,66627806.960392453,38215803.946703717,60564300.33514832,True,True,0.129,False,False,15,London|TLC2|TLD3|TLD4|TLD6|TLE3|TLE4|TLF1|TLF2|TLG1|TLG2|TLH1|TLH2|TLH3|TLJ1
uk,TLC1,LU,,10,500,0.80000000000000004,GBP,847.19766259765629,0.13739328648395063,116.39927116581313,113.43257132390117,0.13389150647098938,True,11835882.654595932,50051686.601299651,6063506.6252441406,89487639.650883704,38215803.946703717,83424133.025639564,True,True,0.21500000000000002,False,False,15,London|TLC2|TLD3|TLD4|TLD6|TLE3|TLE4|TLF1|TLF2|TLG1|TLG2|TLH1|TLH2|TLH3|TLJ1
uk,TLC1,LU,,10,100,0.90000000000000002,GBP,847.19766259765629,0.14676574218776511,124.33959373088484,113.43257132390117,0.13389150647098938,True,6929171.1992702242,44694940.917428315,0,25877943.008396886,37765769.718158089,25877943.008396886,True,True,0.043000000000000003,True,False,15,London|TLC2|TLD3|TLD4|TLD6|TLE3|TLE4|TLF1|TLF2|TLG1|TLG2|TLH1|TLH2|TLH3|TLJ1
uk,TLC1,LU,,10,300,0.90000000000000002,GBP,847.19766259765629,0.14676574218776511,124.33959373088484,113.43257132390117,0.13389150647098938,True,11835882.654595932,53466025.304280505,6063506.6252441332,70042145.663373291,41630142.649684571,63978639.038129158,True,True,0.129,False,False,15,London|TLC2|TLD3|TLD4|TLD6|TLE3|TLE4|TLF1|TLF2|TLG1|TLG2|TLH1|TLH2|TLH3|TLJ1
uk,TLC1,LU,,10,500,0.90000000000000002,GBP,847.19766259765629,0.14676574218776511,124.33959373088484,113.43257132390117,0.13389150647098938,True,11835882.654595932,53466025.304280512,6063506.6252441406,96316317.056845367,41630142.649684578,90252810.431601226,True,True,0.21500000000000002,False,False,15,London|TLC2|TLD3|TLD4|TLD6|TLE3|TLE4|TLF1|TLF2|TLG1|TLG2|TLH1|TLH2|TLH3|TLJ1
uk,TLC1,LU,,10,100,1,GBP,847.19766259765629,0.1844421380150226,156.25894821084148,113.43257132390117,0.13389150647098938,True,6929171.1992702242,58232181.360551879,0,39603265.434778228,51303010.161281653,39603265.434778228,True,True,0.043000000000000003,True,False,15,London|TLC2|TLD3|TLD4|TLD6|TLE3|TLE4|TLF1|TLF2|TLG1|TLG2|TLH1|TLH2|TLH3|TLJ1
uk,TLC1,LU,,10,300,1,GBP,847.19766259765629,0.1844421380150226,156.25894821084148,113.43257132390117,0.13389150647098938,True,11835882.654595932,67191347.730661854,6063506.6252441332,83767468.089754641,55355465.07606592,77703961.4645105,True,True,0.129,False,False,15,London|TLC2|TLD3|TLD4|TLD6|TLE3|TLE4|TLF1|TLF2|TLG1|TLG2|TLH1|TLH2|TLH3|TLJ1
uk,TLC1,LU,,10,500,1,GBP,847.19766259765629,0.1844421380150226,156.25894821084148,113.43257132390117,0.13389150647098938,True,11835882.654595932,67191347.730661869,6063506.6252441406,123766961.90960804,55355465.076065935,117703455.2843639,True,True,0.21500000000000002,False,False,15,London|TLC2|TLD3|TLD4|TLD6|TLE3|TLE4|TLF1|TLF2|TLG1|TLG2|TLH1|TLH2|TLH3|TLJ1
uk,TLC1,LU,,20,100,0.5,GBP,847.19766259765629,0.13776814713002924,116.71685222897078,214.1632111152837,0.25279013454619531,False,10823503.823991461,22213948.266729675,0,28641288.043732502,11390444.442738215,28641288.043732502,True,True,0.043000000000000003,True,False,15,London|TLC2|TLD3|TLD4|TLD6|TLE3|TLE4|TLF1|TLF2|TLG1|TLG2|TLH1|TLH2|TLH3|TLJ1
uk,TLC1,LU,,20,300,0.5,GBP,847.19766259765629,0.13776814713002924,116.71685222897078,214.1632111152837,0.25279013454619531,False,16111439.142197104,37602258.178947218,0,10577891.211976912,21490819.036750115,10577891.211976912,True,True,0.129,True,False,15,London|TLC2|TLD3|TLD4|TLD6|TLE3|TLE4|TLF1|TLF2|TLG1|TLG2|TLH1|TLH2|TLH3|TLJ1
uk,TLC1,LU,,20,500,0.5,GBP,847.19766259765629,0.13776814713002924,116.71685222897078,214.1632111152837,0.25279013454619531,False,23326173.682924706,47595751.701938808,3938113.7846679776,12780794.514368419,24269578.019014101,8842680.7297004405,True,True,0.21500000000000002,False,False,15,London|TLC2|TLD3|TLD4|TLD6|TLE3|TLE4|TLF1|TLF2|TLG1|TLG2|TLH1|TLH2|TLH3|TLJ1
uk,TLC1,LU,,20,100,0.80000000000000004,GBP,847.19766259765629,0.175109300140256,148.35218977793633,214.1632111152837,0.25279013454619531,False,10823503.823991461,29601685.56014698,0,42244483.189787678,18778181.736155517,42244483.189787678,True,True,0.043000000000000003,True,False,15,London|TLC2|TLD3|TLD4|TLD6|TLE3|TLE4|TLF1|TLF2|TLG1|TLG2|TLH1|TLH2|TLH3|TLJ1
uk,TLC1,LU,,20,300,0.80000000000000004,GBP,847.19766259765629,0.175109300140256,148.35218977793633,214.1632111152837,0.25279013454619531,False,16111439.142197104,49132746.150550395,0,16521088.187866604,33021307.008353293,16521088.187866604,True,True,0.129,True,False,15,London|TLC2|TLD3|TLD4|TLD6|TLE3|TLE4|TLF1|TLF2|TLG1|TLG2|TLH1|TLH2|TLH3|TLJ1
uk,TLC1,LU,,20,500,0.80000000000000004,GBP,847.19766259765629,0.175109300140256,148.35218977793633,214.1632111152837,0.25279013454619531,False,23326173.682924706,60869431.600998245,3938113.7846679776,21903532.073806945,37543257.918073535,17965418.289138969,True,True,0.21500000000000002,False,False,15,London|TLC2|TLD3|TLD4|TLD6|TLE3|TLE4|TLF1|TLF2|TLG1|TLG2|TLH1|TLH2|TLH3|TLJ1
uk,TLC1,LU,,20,100,0.90000000000000002,GBP,847.19766259765629,0.17954564485392524,152.11065064983438,214.1632111152837,0.25279013454619531,False,10823503.823991461,30539667.213123441,0,43860621.364703842,19716163.389131978,43860621.364703842,True,True,0.043000000000000003,True,False,15,London|TLC2|TLD3|TLD4|TLD6|TLE3|TLE4|TLF1|TLF2|TLG1|TLG2|TLH1|TLH2|TLH3|TLJ1
uk,TLC1,LU,,20,300,0.90000000000000002,GBP,847.19766259765629,0.17954564485392524,152.11065064983438,214.1632111152837,0.25279013454619531,False,16111439.142197104,50541703.055284731,0,17329157.275324691,34430263.913087629,17329157.275324691,True,True,0.129,True,False,15,London|TLC2|TLD3|TLD4|TLD6|TLE3|TLE4|TLF1|TLF2|TLG1|TLG2|TLH1|TLH2|TLH3|TLJ1
uk,TLC1,LU,,20,500,0.90000000000000002,GBP,847.19766259765629,0.17954564485392524,152.11065064983438,214.1632111152837,0.25279013454619531,False,23326173.682924706,62454055.081503525,3938113.7846679776,23438863.339977287,39127881.398578823,19500749.555309311,True,True,0.21500000000000002,False,False,15,London|TLC2|TLD3|TLD4|TLD6|TLE3|TLE4|TLF1|TLF2|TLG1|TLG2|TLH1|TLH2|TLH3|TLJ1
uk,TLC1,LU,,20,100,1,GBP,847.19766259765629,0.205266388723785,173.90120473665257,214.1632111152837,0.25279013454619531,False,10823503.823991461,36179411.001164585,0,53230559.622035675,25355907.177173123,53230559.622035675,True,True,0.043000000000000003,True,False,15,London|TLC2|TLD3|TLD4|TLD6|TLE3|TLE4|TLF1|TLF2|TLG1|TLG2|TLH1|TLH2|TLH3|TLJ1
uk,TLC1,LU,,20,300,1,GBP,847.19766259765629,0.205266388723785,173.90120473665257,214.1632111152837,0.25279013454619531,False,16111439.142197104,58832650.845299058,0,22211192.245274134,42721211.703101955,22211192.245274134,True,True,0.129,True,False,15,London|TLC2|TLD3|TLD4|TLD6|TLE3|TLE4|TLF1|TLF2|TLG1|TLG2|TLH1|TLH2|TLH3|TLJ1
uk,TLC1,LU,,20,500,1,GBP,847.19766259765629,0.205266388723785,173.90120473665257,214.1632111152837,0.25279013454619531,False,23326173.682924706,71659139.807935998,3938113.7846679776,32340304.684442539,48332966.125011295,28402190.899774563,True,True,0.21500000000000002,False,False,15,London|TLC2|TLD3|TLD4|TLD6|TLE3|TLE4|TLF1|TLF2|TLG1|TLG2|TLH1|TLH2|TLH3|TLJ1
uk,TLC1,GNN,42,10,100,0.5,GBP,847.19766259765629,0.078842018394831639,66.794773698582787,102.96323242546006,0.12153389577322106,False,4979377.9868993126,22721614.719753839,0,8317307.4909249814,17742236.732854526,8317307.4909249814,True,True,0.043000000000000003,True,False,15,London|TLC2|TLD3|TLD4|TLD6|TLE3|TLE4|TLF1|TLF2|TLG1|TLG2|TLH1|TLH2|TLH3|TLJ1
uk,TLC1,GNN,42,10,300,0.5,GBP,847.19766259765629,0.078842018394831639,66.794773698582787,102.96323242546006,0.12153389577322106,False,8616534.0680159479,28721752.690390602,5368399.70996093,43239851.930095568,20105218.622374654,37871452.220134638,True,True,0.129,False,False,15,London|TLC2|TLD3|TLD4|TLD6|TLE3|TLE4|TLF1|TLF2|TLG1|TLG2|TLH1|TLH2|TLH3|TLJ1
uk,TLC1,GNN,42,10,500,0.5,GBP,847.19766259765629,0.078842018394831639,66.794773698582787,102.96323242546006,0.12153389577322106,False,8616534.0680159498,28721752.690390613,5368399.7099609375,43239851.930095576,20105218.622374661,37871452.220134638,True,True,0.21500000000000002,False,False,15,London|TLC2|TLD3|TLD4|TLD6|TLE3|TLE4|TLF1|TLF2|TLG1|TLG2|TLH1|TLH2|TLH3|TLJ1
uk,TLC1,GNN,42,10,100,0.80000000000000004,GBP,847.19766259765629,0.092373247745423645,78.258399576477132,102.96323242546006,0.12153389577322106,False,4979377.9868993126,27318853.497923587,0,11893207.873263065,22339475.511024274,11893207.873263065,True,True,0.043000000000000003,True,False,15,London|TLC2|TLD3|TLD4|TLD6|TLE3|TLE4|TLF1|TLF2|TLG1|TLG2|TLH1|TLH2|TLH3|TLJ1
uk,TLC1,GNN,42,10,300,0.80000000000000004,GBP,847.19766259765629,0.092373247745423645,78.258399576477132,102.96323242546006,0.12153389577322106,False,8616534.0680159479,33651111.817885168,5368399.70996093,53098570.185084715,25034577.74986922,47730170.475123785,True,True,0.129,False,False,15,London|TLC2|TLD3|TLD4|TLD6|TLE3|TLE4|TLF1|TLF2|TLG1|TLG2|TLH1|TLH2|TLH3|TLJ1
uk,TLC1,GNN,42,10,500,0.80000000000000004,GBP,847.19766259765629,0.092373247745423645,78.258399576477132,102.96323242546006,0.12153389577322106,False,8616534.0680159498,33651111.817885175,5368399.7099609375,53098570.185084678,25034577.749869227,47730170.475123741,True,True,0.21500000000000002,False,False,15,London|TLC2|TLD3|TLD4|TLD6|TLE3|TLE4|TLF1|TLF2|TLG1|TLG2|TLH1|TLH2|TLH3|TLJ1
uk,TLC1,GNN,42,10,100,0.90000000000000002,GBP,847.19766259765629,0.10827867082753224,91.733436834266357,102.96323242546006,0.12153389577322106,False,4979377.9868993126,32867132.959163893,0,17183993.356496699,27887754.97226458,17183993.356496699,True,True,0.043000000000000003,True,False,15,London|TLC2|TLD3|TLD4|TLD6|TLE3|TLE4|TLF1|TLF2|TLG1|TLG2|TLH1|TLH2|TLH3|TLJ1
uk,TLC1,GNN,42,10,300,0.90000000000000002,GBP,847.19766259765629,0.10827867082753224,91.733436834266357,102.96323242546006,0.12153389577322106,False,8616534.0680159479,39445377.838734537,5368399.70996093,63617441.760451004,30828843.770718589,58249042.050490074,True,True,0.129,False,False,15,London|TLC2|TLD3|TLD4|TLD6|TLE3|TLE4|TLF1|TLF2|TLG1|TLG2|TLH1|TLH2|TLH3|TLJ1
uk,TLC1,GNN,42,10,500,0.90000000000000002,GBP,847.19766259765629,0.10827867082753224,91.733436834266357,102.96323242546006,0.12153389577322106,False,8616534.0680159498,39445377.838734552,5368399.7099609375,64687102.226783477,30828843.770718604,59318702.516822539,True,True,0.21500000000000002,False,False,15,London|TLC2|TLD3|TLD4|TLD6|TLE3|TLE4|TLF1|TLF2|TLG1|TLG2|TLH1|TLH2|TLH3|TLJ1
uk,TLC1,GNN,42,10,100,1,GBP,847.19766259765629,0.1290144261103755,109.30072024208816,102.96323242546006,0.12153389577322106,True,4979377.9868993126,40256355.208728477,0,24737925.221860077,35276977.221829161,24737925.221860077,True,True,0.043000000000000003,True,False,15,London|TLC2|TLD3|TLD4|TLD6|TLE3|TLE4|TLF1|TLF2|TLG1|TLG2|TLH1|TLH2|TLH3|TLJ1
uk,TLC1,GNN,42,10,300,1,GBP,847.19766259765629,0.1290144261103755,109.30072024208816,102.96323242546006,0.12153389577322106,True,8616534.0680159479,46999309.704097919,5368399.70996093,71986484.229637995,38382775.636081971,66618084.519677065,True,True,0.129,False,False,15,London|TLC2|TLD3|TLD4|TLD6|TLE3|TLE4|TLF1|TLF2|TLG1|TLG2|TLH1|TLH2|TLH3|TLJ1
uk,TLC1,GNN,42,10,500,1,GBP,847.19766259765629,0.1290144261103755,109.30072024208816,102.96323242546006,0.12153389577322106,True,8616534.0680159498,46999309.704097934,5368399.7099609375,79794965.957510144,38382775.636081986,74426566.247549206,True,True,0.21500000000000002,False,False,15,London|TLC2|TLD3|TLD4|TLD6|TLE3|TLE4|TLF1|TLF2|TLG1|TLG2|TLH1|TLH2|TLH3|TLJ1
uk,TLC1,GNN,42,20,100,0.5,GBP,847.19766259765629,0.1053826532467456,89.279937508982187,156.10646989644272,0.18426215839381918,False,7218761.2110263463,16571648.389594689,0,18730681.94622574,9352887.1785683427,18730681.94622574,True,True,0.043000000000000003,True,False,15,London|TLC2|TLD3|TLD4|TLD6|TLE3|TLE4|TLF1|TLF2|TLG1|TLG2|TLH1|TLH2|TLH3|TLJ1
uk,TLC1,GNN,42,20,300,0.5,GBP,847.19766259765629,0.1053826532467456,89.279937508982187,156.10646989644272,0.18426215839381918,False,11784355.529483769,29230648.710273914,0,4663494.5113561396,17446293.180790145,4663494.5113561396,True,True,0.129,True,False,15,London|TLC2|TLD3|TLD4|TLD6|TLE3|TLE4|TLF1|TLF2|TLG1|TLG2|TLH1|TLH2|TLH3|TLJ1
uk,TLC1,GNN,42,20,500,0.5,GBP,847.19766259765629,0.1053826532467456,89.279937508982187,156.10646989644272,0.18426215839381918,False,16947138.912348267,36937789.791680329,2299380.3098144643,14073516.173367748,19990650.879332062,11774135.863553284,True,True,0.21500000000000002,False,False,15,London|TLC2|TLD3|TLD4|TLD6|TLE3|TLE4|TLF1|TLF2|TLG1|TLG2|TLH1|TLH2|TLH3|TLJ1
uk,TLC1,GNN,42,20,100,0.80000000000000004,GBP,847.19766259765629,0.12425608284876133,105.26946295301133,156.10646989644272,0.18426215839381918,False,7218761.2110263463,20010419.931271534,0,25606177.887158267,12791658.720245188,25606177.887158267,True,True,0.043000000000000003,True,False,15,London|TLC2|TLD3|TLD4|TLD6|TLE3|TLE4|TLF1|TLF2|TLG1|TLG2|TLH1|TLH2|TLH3|TLJ1
uk,TLC1,GNN,42,20,300,0.80000000000000004,GBP,847.19766259765629,0.12425608284876133,105.26946295301133,156.10646989644272,0.18426215839381918,False,11784355.529483769,34979171.165173493,0,6784170.3980462896,23194815.635689724,6784170.3980462896,True,True,0.129,True,False,15,London|TLC2|TLD3|TLD4|TLD6|TLE3|TLE4|TLF1|TLF2|TLG1|TLG2|TLH1|TLH2|TLH3|TLJ1
uk,TLC1,GNN,42,20,500,0.80000000000000004,GBP,847.19766259765629,0.12425608284876133,105.26946295301133,156.10646989644272,0.18426215839381918,False,16947138.912348267,43691929.782375596,2299380.3098144643,20170699.912831865,26744790.87002733,17871319.603017401,True,True,0.21500000000000002,False,False,15,London|TLC2|TLD3|TLD4|TLD6|TLE3|TLE4|TLF1|TLF2|TLG1|TLG2|TLH1|TLH2|TLH3|TLJ1
uk,TLC1,GNN,42,20,100,0.90000000000000002,GBP,847.19766259765629,0.13049331415364562,110.55363073559023,156.10646989644272,0.18426215839381918,False,7218761.2110263463,21183286.758256048,0,27878370.033667196,13964525.547229702,27878370.033667196,True,True,0.043000000000000003,True,False,15,London|TLC2|TLD3|TLD4|TLD6|TLE3|TLE4|TLF1|TLF2|TLG1|TLG2|TLH1|TLH2|TLH3|TLJ1
uk,TLC1,GNN,42,20,300,0.90000000000000002,GBP,847.19766259765629,0.13049331415364562,110.55363073559023,156.10646989644272,0.18426215839381918,False,11784355.529483769,36914168.624954954,0,7593558.52921852,25129813.095471185,7593558.52921852,True,True,0.129,True,False,15,London|TLC2|TLD3|TLD4|TLD6|TLE3|TLE4|TLF1|TLF2|TLG1|TLG2|TLH1|TLH2|TLH3|TLJ1
uk,TLC1,GNN,42,20,500,0.90000000000000002,GBP,847.19766259765629,0.13049331415364562,110.55363073559023,156.10646989644272,0.18426215839381918,False,16947138.912348267,45925972.685089275,2299380.3098144643,22215672.844689894,28978833.772741009,19916292.53487543,True,True,0.21500000000000002,False,False,15,London|TLC2|TLD3|TLD4|TLD6|TLE3|TLE4|TLF1|TLF2|TLG1|TLG2|TLH1|TLH2|TLH3|TLJ1
uk,TLC1,GNN,42,20,100,1,GBP,847.19766259765629,0.14330277962266919,121.40577994007238,156.10646989644272,0.18426215839381918,False,7218761.2110263463,23641187.41676731,0,32544794.191594522,16422426.205740964,32544794.191594522,True,True,0.043000000000000003,True,False,15,London|TLC2|TLD3|TLD4|TLD6|TLE3|TLE4|TLF1|TLF2|TLG1|TLG2|TLH1|TLH2|TLH3|TLJ1
uk,TLC1,GNN,42,20,300,1,GBP,847.19766259765629,0.14330277962266919,121.40577994007238,156.10646989644272,0.18426215839381918,False,11784355.529483769,40942563.644483708,0,9460128.1923894528,29158208.114999939,9460128.1923894528,True,True,0.129,True,False,15,London|TLC2|TLD3|TLD4|TLD6|TLE3|TLE4|TLF1|TLF2|TLG1|TLG2|TLH1|TLH2|TLH3|TLJ1
uk,TLC1,GNN,42,20,500,1,GBP,847.19766259765629,0.14330277962266919,121.40577994007238,156.10646989644272,0.18426215839381918,False,16947138.912348267,50523437.817653395,2299380.3098144643,26640162.767477792,33576298.905305132,24340782.457663327,True,True,0.21500000000000002,False,False,15,London|TLC2|TLD3|TLD4|TLD6|TLE3|TLE4|TLF1|TLF2|TLG1|TLG2|TLH1|TLH2|TLH3|TLJ1
uk,TLC1,GNN,123,10,100,0.5,GBP,847.19766259765629,0.077560280916374749,65.708888702770295,95.720902641636755,0.11298532428446476,False,4302763.3292426923,22533674.98023802,0,8784043.9767953847,18230911.650995329,8784043.9767953847,True,True,0.043000000000000003,True,False,15,London|TLC2|TLD3|TLD4|TLD6|TLE3|TLE4|TLF1|TLF2|TLG1|TLG2|TLH1|TLH2|TLH3|TLJ1
uk,TLC1,GNN,123,10,300,0.5,GBP,847.19766259765629,0.077560280916374749,65.708888702770295,95.720902641636755,0.11298532428446476,False,7374088.1298842495,28254822.142191231,4425859.9396972656,42802549.688710198,20880734.012306981,38376689.749012932,True,True,0.129,False,False,15,London|TLC2|TLD3|TLD4|TLD6|TLE3|TLE4|TLF1|TLF2|TLG1|TLG2|TLH1|TLH2|TLH3|TLJ1
uk,TLC1,GNN,123,10,500,0.5,GBP,847.19766259765629,0.077560280916374749,65.708888702770295,95.720902641636755,0.11298532428446476,False,7374088.1298842505,28254822.142191239,4425859.9396972656,42802549.68871019,20880734.012306988,38376689.749012925,True,True,0.21500000000000002,False,False,15,London|TLC2|TLD3|TLD4|TLD6|TLE3|TLE4|TLF1|TLF2|TLG1|TLG2|TLH1|TLH2|TLH3|TLJ1
uk,TLC1,GNN,123,10,100,0.80000000000000004,GBP,847.19766259765629,0.10584626745221037,89.672710380199007,95.720902641636755,0.11298532428446476,False,4302763.3292426923,32351512.081923928,0,17786454.919081789,28048748.752681237,17786454.919081789,True,True,0.043000000000000003,True,False,15,London|TLC2|TLD3|TLD4|TLD6|TLE3|TLE4|TLF1|TLF2|TLG1|TLG2|TLH1|TLH2|TLH3|TLJ1
uk,TLC1,GNN,123,10,300,0.80000000000000004,GBP,847.19766259765629,0.10584626745221037,89.672710380199007,95.720902641636755,0.11298532428446476,False,7374088.1298842495,38559265.463485599,4425859.9396972656,63411436.33129891,31185177.333601348,58985576.391601644,True,True,0.129,False,False,15,London|TLC2|TLD3|TLD4|TLD6|TLE3|TLE4|TLF1|TLF2|TLG1|TLG2|TLH1|TLH2|TLH3|TLJ1
uk,TLC1,GNN,123,10,500,0.80000000000000004,GBP,847.19766259765629,0.10584626745221037,89.672710380199007,95.720902641636755,0.11298532428446476,False,7374088.1298842505,38559265.463485599,4425859.9396972656,63411436.331298873,31185177.333601348,58985576.391601607,True,True,0.21500000000000002,False,False,15,London|TLC2|TLD3|TLD4|TLD6|TLE3|TLE4|TLF1|TLF2|TLG1|TLG2|TLH1|TLH2|TLH3|TLJ1
uk,TLC1,GNN,123,10,100,0.90000000000000002,GBP,847.19766259765629,0.11174188935005078,94.667467471608958,95.720902641636755,0.11298532428446476,False,4302763.3292426923,34450004.499384604,0,19934200.468388066,30147241.170141913,19934200.468388066,True,True,0.043000000000000003,True,False,15,London|TLC2|TLD3|TLD4|TLD6|TLE3|TLE4|TLF1|TLF2|TLG1|TLG2|TLH1|TLH2|TLH3|TLJ1
uk,TLC1,GNN,123,10,300,0.90000000000000002,GBP,847.19766259765629,0.11174188935005078,94.667467471608958,95.720902641636755,0.11298532428446476,False,7374088.1298842495,40707011.012791872,4425859.9396972656,67568095.270385399,33332922.882907622,63142235.330688134,True,True,0.129,False,False,15,London|TLC2|TLD3|TLD4|TLD6|TLE3|TLE4|TLF1|TLF2|TLG1|TLG2|TLH1|TLH2|TLH3|TLJ1
uk,TLC1,GNN,123,10,500,0.90000000000000002,GBP,847.19766259765629,0.11174188935005078,94.667467471608958,95.720902641636755,0.11298532428446476,False,7374088.1298842505,40707011.012791872,4425859.9396972656,67706927.429911479,33332922.882907622,63281067.490214214,True,True,0.21500000000000002,False,False,15,London|TLC2|TLD3|TLD4|TLD6|TLE3|TLE4|TLF1|TLF2|TLG1|TLG2|TLH1|TLH2|TLH3|TLJ1
uk,TLC1,GNN,123,10,100,1,GBP,847.19766259765629,0.11859490231483208,100.47332403712312,95.720902641636755,0.11298532428446476,True,4302763.3292426923,36903715.899274997,0,22430718.791559163,32600952.570032306,22430718.791559163,True,True,0.043000000000000003,True,False,15,London|TLC2|TLD3|TLD4|TLD6|TLE3|TLE4|TLF1|TLF2|TLG1|TLG2|TLH1|TLH2|TLH3|TLJ1
uk,TLC1,GNN,123,10,300,1,GBP,847.19766259765629,0.11859490231483208,100.47332403712312,95.720902641636755,0.11298532428446476,True,7374088.1298842495,43203529.335962951,4425859.9396972656,71402954.446186543,35829441.206078701,66977094.506489277,True,True,0.129,False,False,15,London|TLC2|TLD3|TLD4|TLD6|TLE3|TLE4|TLF1|TLF2|TLG1|TLG2|TLH1|TLH2|TLH3|TLJ1
uk,TLC1,GNN,123,10,500,1,GBP,847.19766259765629,0.11859490231483208,100.47332403712312,95.720902641636755,0.11298532428446476,True,7374088.1298842505,43203529.335962966,4425859.9396972656,72699964.076253623,35829441.206078716,68274104.136556357,True,True,0.21500000000000002,False,False,15,London|TLC2|TLD3|TLD4|TLD6|TLE3|TLE4|TLF1|TLF2|TLG1|TLG2|TLH1|TLH2|TLH3|TLJ1
uk,TLC1,GNN,123,20,100,0.5,GBP,847.19766259765629,0.10381066667321479,87.948154158251981,137.31883480190118,0.16208594624878639,False,5945327.2779520238,16507444.506790793,0,11073535.292055745,10562117.228838768,11073535.292055745,True,True,0.043000000000000003,True,False,15,London|TLC2|TLD3|TLD4|TLD6|TLE3|TLE4|TLF1|TLF2|TLG1|TLG2|TLH1|TLH2|TLH3|TLJ1
uk,TLC1,GNN,123,20,300,0.5,GBP,847.19766259765629,0.10381066667321479,87.948154158251981,137.31883480190118,0.16208594624878639,False,9544834.3359184451,29198609.644064005,0,6722502.0947789941,19653775.30814556,6722502.0947789941,True,True,0.129,True,False,15,London|TLC2|TLD3|TLD4|TLD6|TLE3|TLE4|TLF1|TLF2|TLG1|TLG2|TLH1|TLH2|TLH3|TLJ1
uk,TLC1,GNN,123,20,500,0.5,GBP,847.19766259765629,0.10381066667321479,87.948154158251981,137.31883480190118,0.16208594624878639,False,13728363.900035815,36550665.794197232,1665948.4960937577,13124657.957661103,22822301.894161418,11458709.461567346,True,True,0.21500000000000002,False,False,15,London|TLC2|TLD3|TLD4|TLD6|TLE3|TLE4|TLF1|TLF2|TLG1|TLG2|TLH1|TLH2|TLH3|TLJ1
uk,TLC1,GNN,123,20,100,0.80000000000000004,GBP,847.19766259765629,0.12479660288667148,105.727390265716,137.31883480190118,0.16208594624878639,False,5945327.2779520238,20387967.992045127,0,18470265.898361821,14442640.714093104,18470265.898361821,True,True,0.043000000000000003,True,False,15,London|TLC2|TLD3|TLD4|TLD6|TLE3|TLE4|TLF1|TLF2|TLG1|TLG2|TLH1|TLH2|TLH3|TLJ1
uk,TLC1,GNN,123,20,300,0.80000000000000004,GBP,847.19766259765629,0.12479660288667148,105.727390265716,137.31883480190118,0.16208594624878639,False,9544834.3359184451,35639441.634128012,0,9380306.760379253,26094607.298209567,9380306.760379253,True,True,0.129,True,False,15,London|TLC2|TLD3|TLD4|TLD6|TLE3|TLE4|TLF1|TLF2|TLG1|TLG2|TLH1|TLH2|TLH3|TLJ1
uk,TLC1,GNN,123,20,500,0.80000000000000004,GBP,847.19766259765629,0.12479660288667148,105.727390265716,137.31883480190118,0.16208594624878639,False,13728363.900035815,44069194.158324227,1665948.4960937577,19738317.282105021,30340830.258288413,18072368.786011264,True,True,0.21500000000000002,False,False,15,London|TLC2|TLD3|TLD4|TLD6|TLE3|TLE4|TLF1|TLF2|TLG1|TLG2|TLH1|TLH2|TLH3|TLJ1
uk,TLC1,GNN,123,20,100,0.90000000000000002,GBP,847.19766259765629,0.13178253985328828,111.64585973488832,137.31883480190118,0.16208594624878639,False,5945327.2779520238,21743050.746167228,0,21015207.770105906,15797723.468215205,21015207.770105906,True,True,0.043000000000000003,True,False,15,London|TLC2|TLD3|TLD4|TLD6|TLE3|TLE4|TLF1|TLF2|TLG1|TLG2|TLH1|TLH2|TLH3|TLJ1
uk,TLC1,GNN,123,20,300,0.90000000000000002,GBP,847.19766259765629,0.13178253985328828,111.64585973488832,137.31883480190118,0.16208594624878639,False,9544834.3359184451,37826135.97879491,0,10572001.089744302,28281301.642876465,10572001.089744302,True,True,0.129,True,False,15,London|TLC2|TLD3|TLD4|TLD6|TLE3|TLE4|TLF1|TLF2|TLG1|TLG2|TLH1|TLH2|TLH3|TLJ1
uk,TLC1,GNN,123,20,500,0.90000000000000002,GBP,847.19766259765629,0.13178253985328828,111.64585973488832,137.31883480190118,0.16208594624878639,False,13728363.900035815,46578614.140787415,1665948.4960937577,22156012.060261894,32850250.240751602,20490063.564168137,True,True,0.21500000000000002,False,False,15,London|TLC2|TLD3|TLD4|TLD6|TLE3|TLE4|TLF1|TLF2|TLG1|TLG2|TLH1|TLH2|TLH3|TLJ1
uk,TLC1,GNN,123,20,100,1,GBP,847.19766259765629,0.15745966027675237,133.39945613988564,137.31883480190118,0.16208594624878639,False,5945327.2779520238,26975130.465025611,0,30369254.224254757,21029803.187073588,30369254.224254757,True,True,0.043000000000000003,True,False,15,London|TLC2|TLD3|TLD4|TLD6|TLE3|TLE4|TLF1|TLF2|TLG1|TLG2|TLH1|TLH2|TLH3|TLJ1
uk,TLC1,GNN,123,20,300,1,GBP,847.19766259765629,0.15745966027675237,133.39945613988564,137.31883480190118,0.16208594624878639,False,9544834.3359184451,46046234.718362972,0,15249024.316818723,36501400.382444531,15249024.316818723,True,True,0.129,True,False,15,London|TLC2|TLD3|TLD4|TLD6|TLE3|TLE4|TLF1|TLF2|TLG1|TLG2|TLH1|TLH2|TLH3|TLJ1
uk,TLC1,GNN,123,20,500,1,GBP,847.19766259765629,0.15745966027675237,133.39945613988564,137.31883480190118,0.16208594624878639,False,13728363.900035815,55834713.009580478,1665948.4960937577,31050492.832331836,42106349.109544665,29384544.336238079,True,True,0.21500000000000002,False,False,15,London|TLC2|TLD3|TLD4|TLD6|TLE3|TLE4|TLF1|TLF2|TLG1|TLG2|TLH1|TLH2|TLH3|TLJ1
uk,TLC1,GNN,456,10,100,0.5,GBP,847.19766259765629,0.079758396347066149,67.571126957771895,91.368703033589455,0.10784815287785028,False,4696324.1151547031,22877665.960977789,0,9870865.8791434653,18181341.845823087,9870865.8791434653,True,True,0.043000000000000003,True,False,15,London|TLC2|TLD3|TLD4|TLD6|TLE3|TLE4|TLF1|TLF2|TLG1|TLG2|TLH1|TLH2|TLH3|TLJ1
uk,TLC1,GNN,456,10,300,0.5,GBP,847.19766259765629,0.079758396347066149,67.571126957771895,91.368703033589455,0.10784815287785028,False,7814487.5572472624,29055584.591841925,4633166.6665039062,45369447.991195396,21241097.034594662,40736281.324691489,True,True,0.129,False,False,15,London|TLC2|TLD3|TLD4|TLD6|TLE3|TLE4|TLF1|TLF2|TLG1|TLG2|TLH1|TLH2|TLH3|TLJ1
uk,TLC1,GNN,456,10,500,0.5,GBP,847.19766259765629,0.079758396347066149,67.571126957771895,91.368703033589455,0.10784815287785028,False,7814487.5572472606,29055584.591841925,4633166.6665039062,45369447.991195366,21241097.034594662,40736281.32469146,True,True,0.21500000000000002,False,False,15,London|TLC2|TLD3|TLD4|TLD6|TLE3|TLE4|TLF1|TLF2|TLG1|TLG2|TLH1|TLH2|TLH3|TLJ1
uk,TLC1,GNN,456,10,100,0.80000000000000004,GBP,847.19766259765629,0.10976070553265407,92.989013172334168,91.368703033589455,0.10784815287785028,True,4696324.1151547031,33294162.898897402,0,19927095.550342754,28597838.7837427,19927095.550342754,True,True,0.043000000000000003,True,False,15,London|TLC2|TLD3|TLD4|TLD6|TLE3|TLE4|TLF1|TLF2|TLG1|TLG2|TLH1|TLH2|TLH3|TLJ1
uk,TLC1,GNN,456,10,300,0.80000000000000004,GBP,847.19766259765629,0.10976070553265407,92.989013172334168,91.368703033589455,0.10784815287785028,True,7814487.5572472624,39985275.664103702,4633166.6665039062,67212182.34364593,32170788.106856439,62579015.677142024,True,True,0.129,False,False,15,London|TLC2|TLD3|TLD4|TLD6|TLE3|TLE4|TLF1|TLF2|TLG1|TLG2|TLH1|TLH2|TLH3|TLJ1
uk,TLC1,GNN,456,10,500,0.80000000000000004,GBP,847.19766259765629,0.10976070553265407,92.989013172334168,91.368703033589455,0.10784815287785028,True,7814487.5572472606,39985275.664103717,4633166.6665039062,67228830.135718957,32170788.106856458,62595663.46921505,True,True,0.21500000000000002,False,False,15,London|TLC2|TLD3|TLD4|TLD6|TLE3|TLE4|TLF1|TLF2|TLG1|TLG2|TLH1|TLH2|TLH3|TLJ1
uk,TLC1,GNN,456,10,100,0.90000000000000002,GBP,847.19766259765629,0.11634754585348168,98.569368896043315,91.368703033589455,0.10784815287785028,True,4696324.1151547031,35647297.450385913,0,22326648.511537686,30950973.335231211,22326648.511537686,True,True,0.043000000000000003,True,False,15,London|TLC2|TLD3|TLD4|TLD6|TLE3|TLE4|TLF1|TLF2|TLG1|TLG2|TLH1|TLH2|TLH3|TLJ1
uk,TLC1,GNN,456,10,300,0.90000000000000002,GBP,847.19766259765629,0.11634754585348168,98.569368896043315,91.368703033589455,0.10784815287785028,True,7814487.5572472624,42384828.625298627,4633166.6665039062,71486203.288275525,34570341.068051368,66853036.621771619,True,True,0.129,False,False,15,London|TLC2|TLD3|TLD4|TLD6|TLE3|TLE4|TLF1|TLF2|TLG1|TLG2|TLH1|TLH2|TLH3|TLJ1
uk,TLC1,GNN,456,10,500,0.90000000000000002,GBP,847.19766259765629,0.11634754585348168,98.569368896043315,91.368703033589455,0.10784815287785028,True,7814487.5572472606,42384828.625298627,4633166.6665039062,72027936.058108822,34570341.068051368,67394769.391604915,True,True,0.21500000000000002,False,False,15,London|TLC2|TLD3|TLD4|TLD6|TLE3|TLE4|TLF1|TLF2|TLG1|TLG2|TLH1|TLH2|TLH3|TLJ1
uk,TLC1,GNN,456,10,100,1,GBP,847.19766259765629,0.13218543938455474,111.98719527603895,91.368703033589455,0.10784815287785028,True,4696324.1151547031,41349063.51075571,0,28096313.854935817,36652739.395601004,28096313.854935817,True,True,0.043000000000000003,True,False,15,London|TLC2|TLD3|TLD4|TLD6|TLE3|TLE4|TLF1|TLF2|TLG1|TLG2|TLH1|TLH2|TLH3|TLJ1
uk,TLC1,GNN,456,10,300,1,GBP,847.19766259765629,0.13218543938455474,111.98719527603895,91.368703033589455,0.10784815287785028,True,7814487.5572472624,48154493.968696743,4633166.6665039062,78167923.654493839,40340006.411449477,73534756.987989932,True,True,0.129,False,False,15,London|TLC2|TLD3|TLD4|TLD6|TLE3|TLE4|TLF1|TLF2|TLG1|TLG2|TLH1|TLH2|TLH3|TLJ1
uk,TLC1,GNN,456,10,500,1,GBP,847.19766259765629,0.13218543938455474,111.98719527603895,91.368703033589455,0.10784815287785028,True,7814487.5572472606,48154493.968696766,4633166.6665039062,83567266.744905025,40340006.411449507,78934100.078401119,True,True,0.21500000000000002,False,False,15,London|TLC2|TLD3|TLD4|TLD6|TLE3|TLE4|TLF1|TLF2|TLG1|TLG2|TLH1|TLH2|TLH3|TLJ1
uk,TLC1,GNN,456,20,100,0.5,GBP,847.19766259765629,0.11310630600785927,95.823398074913626,144.76714193627919,0.17087764559264457,False,6733090.1954674982,17998310.346863344,0,16529094.036741247,11265220.151395846,16529094.036741247,True,True,0.043000000000000003,True,False,15,London|TLC2|TLD3|TLD4|TLD6|TLE3|TLE4|TLF1|TLF2|TLG1|TLG2|TLH1|TLH2|TLH3|TLJ1
uk,TLC1,GNN,456,20,300,0.5,GBP,847.19766259765629,0.11310630600785927,95.823398074913626,144.76714193627919,0.17087764559264457,False,10702482.561007561,31589723.412967879,0,7561355.2351033837,20887240.851960316,7561355.2351033837,True,True,0.129,True,False,15,London|TLC2|TLD3|TLD4|TLD6|TLE3|TLE4|TLF1|TLF2|TLG1|TLG2|TLH1|TLH2|TLH3|TLJ1
uk,TLC1,GNN,456,20,500,0.5,GBP,847.19766259765629,0.11310630600785927,95.823398074913626,144.76714193627919,0.17087764559264457,False,15469546.314110799,39769972.517327406,3938113.7846679776,18314463.675048064,24300426.203216605,14376349.890380086,True,True,0.21500000000000002,False,False,15,London|TLC2|TLD3|TLD4|TLD6|TLE3|TLE4|TLF1|TLF2|TLG1|TLG2|TLH1|TLH2|TLH3|TLJ1
uk,TLC1,GNN,456,20,100,0.80000000000000004,GBP,847.19766259765629,0.1395256911474741,118.20583941246255,144.76714193627919,0.17087764559264457,False,6733090.1954674982,22998095.564255431,0,26153543.811887287,16265005.368787933,26153543.811887287,True,True,0.043000000000000003,True,False,15,London|TLC2|TLD3|TLD4|TLD6|TLE3|TLE4|TLF1|TLF2|TLG1|TLG2|TLH1|TLH2|TLH3|TLJ1
uk,TLC1,GNN,456,20,300,0.80000000000000004,GBP,847.19766259765629,0.1395256911474741,118.20583941246255,144.76714193627919,0.17087764559264457,False,10702482.561007561,39743401.780706644,0,11021402.064690774,29040919.219699085,11021402.064690774,True,True,0.129,True,False,15,London|TLC2|TLD3|TLD4|TLD6|TLE3|TLE4|TLF1|TLF2|TLG1|TLG2|TLH1|TLH2|TLH3|TLJ1
uk,TLC1,GNN,456,20,500,0.80000000000000004,GBP,847.19766259765629,0.1395256911474741,118.20583941246255,144.76714193627919,0.17087764559264457,False,15469546.314110799,49243586.451548599,3938113.7846679776,27488624.512138337,33774040.137437798,23550510.727470361,True,True,0.21500000000000002,False,False,15,London|TLC2|TLD3|TLD4|TLD6|TLE3|TLE4|TLF1|TLF2|TLG1|TLG2|TLH1|TLH2|TLH3|TLJ1
uk,TLC1,GNN,456,20,100,0.90000000000000002,GBP,847.19766259765629,0.15528928430057767,131.56071868591232,144.76714193627919,0.17087764559264457,False,6733090.1954674982,26174522.994627319,0,31896141.899470687,19441432.799159821,31896141.899470687,True,True,0.043000000000000003,True,False,15,London|TLC2|TLD3|TLD4|TLD6|TLE3|TLE4|TLF1|TLF2|TLG1|TLG2|TLH1|TLH2|TLH3|TLJ1
uk,TLC1,GNN,456,20,300,0.90000000000000002,GBP,847.19766259765629,0.15528928430057767,131.56071868591232,144.76714193627919,0.17087764559264457,False,10702482.561007561,44748739.417467743,0,13709117.730902284,34046256.856460184,13709117.730902284,True,True,0.129,True,False,15,London|TLC2|TLD3|TLD4|TLD6|TLE3|TLE4|TLF1|TLF2|TLG1|TLG2|TLH1|TLH2|TLH3|TLJ1
uk,TLC1,GNN,456,20,500,0.90000000000000002,GBP,847.19766259765629,0.15528928430057767,131.56071868591232,144.76714193627919,0.17087764559264457,False,15469546.314110799,54919690.960875712,3938113.7846679776,33231222.599721748,39450144.646764912,29293108.815053772,True,True,0.21500000000000002,False,False,15,London|TLC2|TLD3|TLD4|TLD6|TLE3|TLE4|TLF1|TLF2|TLG1|TLG2|TLH1|TLH2|TLH3|TLJ1
uk,TLC1,GNN,456,20,100,1,GBP,847.19766259765629,0.15749232296035473,133.42712788908773,144.76714193627919,0.17087764559264457,False,6733090.1954674982,26628371.594669472,0,32698697.856836118,19895281.399201974,32698697.856836118,True,True,0.043000000000000003,True,False,15,London|TLC2|TLD3|TLD4|TLD6|TLE3|TLE4|TLF1|TLF2|TLG1|TLG2|TLH1|TLH2|TLH3|TLJ1
uk,TLC1,GNN,456,20,300,1,GBP,847.19766259765629,0.15749232296035473,133.42712788908773,144.76714193627919,0.17087764559264457,False,10702482.561007561,45457259.398383379,0,14110395.709584996,34754776.83737582,14110395.709584996,True,True,0.129,True,False,15,London|TLC2|TLD3|TLD4|TLD6|TLE3|TLE4|TLF1|TLF2|TLG1|TLG2|TLH1|TLH2|TLH3|TLJ1
uk,TLC1,GNN,456,20,500,1,GBP,847.19766259765629,0.15749232296035473,133.42712788908773,144.76714193627919,0.17087764559264457,False,15469546.314110799,55714622.636646174,3938113.7846679776,34033778.557087176,40245076.322535373,30095664.772419199,True,True,0.21500000000000002,False,False,15,London|TLC2|TLD3|TLD4|TLD6|TLE3|TLE4|TLF1|TLF2|TLG1|TLG2|TLH1|TLH2|TLH3|TLJ1
uk,TLC2,Uni,,10,100,0.5,GBP,1092.1132690391721,0.12200609890555539,133.24447951846264,231.73586249114081,0.21219031858757578,False,5371463.0853418848,53037677.24232696,0,14703296.99230822,47666214.156985074,14703296.99230822,True,True,0.043000000000000003,True,False,15,London|TLC1|TLD3|TLD4|TLD6|TLE3|TLE4|TLF1|TLF2|TLG1|TLG2|TLH1|TLH2|TLH3|TLJ1
uk,TLC2,Uni,,10,300,0.5,GBP,1092.1132690391721,0.12200609890555539,133.24447951846264,231.73586249114081,0.21219031858757578,False,6975133.4179711761,56120552.354057446,6080524.0537109375,22029007.571897324,49145418.936086267,15948483.518186387,True,True,0.129,False,False,15,London|TLC1|TLD3|TLD4|TLD6|TLE3|TLE4|TLF1|TLF2|TLG1|TLG2|TLH1|TLH2|TLH3|TLJ1
uk,TLC2,Uni,,10,500,0.5,GBP,1092.1132690391721,0.12200609890555539,133.24447951846264,231.73586249114081,0.21219031858757578,False,7590619.0725005623,56919384.986178219,1693456.8537597731,20103157.114212934,49328765.913677655,18409700.260453161,True,True,0.21500000000000002,False,False,15,London|TLC1|TLD3|TLD4|TLD6|TLE3|TLE4|TLF1|TLF2|TLG1|TLG2|TLH1|TLH2|TLH3|TLJ1
uk,TLC2,Uni,,10,100,0.80000000000000004,GBP,1092.1132690391721,0.16396970274830069,179.07348809182798,231.73586249114081,0.21219031858757578,False,5371463.0853418848,71929538.351306736,0,28009021.294299327,66558075.265964851,28009021.294299327,True,True,0.043000000000000003,True,False,15,London|TLC1|TLD3|TLD4|TLD6|TLE3|TLE4|TLF1|TLF2|TLG1|TLG2|TLH1|TLH2|TLH3|TLJ1
uk,TLC2,Uni,,10,300,0.80000000000000004,GBP,1092.1132690391721,0.16396970274830069,179.07348809182798,231.73586249114081,0.21219031858757578,False,6975133.4179711761,75602236.329381019,6080524.0537109375,34317713.935660861,68627102.91140984,28237189.881949924,True,True,0.129,False,False,15,London|TLC1|TLD3|TLD4|TLD6|TLE3|TLE4|TLF1|TLF2|TLG1|TLG2|TLH1|TLH2|TLH3|TLJ1
uk,TLC2,Uni,,10,500,0.80000000000000004,GBP,1092.1132690391721,0.16396970274830069,179.07348809182798,231.73586249114081,0.21219031858757578,False,7590619.0725005623,76575073.913409114,1693456.8537597731,34731154.869137838,68984454.840908557,33037698.015378065,True,True,0.21500000000000002,False,False,15,London|TLC1|TLD3|TLD4|TLD6|TLE3|TLE4|TLF1|TLF2|TLG1|TLG2|TLH1|TLH2|TLH3|TLJ1
uk,TLC2,Uni,,10,100,0.90000000000000002,GBP,1092.1132690391721,0.1937419608381612,211.58816620102348,231.73586249114081,0.21219031858757578,False,5371463.0853418848,85495148.001697391,0,40918981.200318292,80123684.916355506,40918981.200318292,True,True,0.043000000000000003,True,False,15,London|TLC1|TLD3|TLD4|TLD6|TLE3|TLE4|TLF1|TLF2|TLG1|TLG2|TLH1|TLH2|TLH3|TLJ1
uk,TLC2,Uni,,10,300,0.90000000000000002,GBP,1092.1132690391721,0.1937419608381612,211.58816620102348,231.73586249114081,0.21219031858757578,False,6975133.4179711761,89452526.524599001,6080524.0537109375,44579040.016609348,82477393.106627822,38498515.962898411,True,True,0.129,False,False,15,London|TLC1|TLD3|TLD4|TLD6|TLE3|TLE4|TLF1|TLF2|TLG1|TLG2|TLH1|TLH2|TLH3|TLJ1
uk,TLC2,Uni,,10,500,0.90000000000000002,GBP,1092.1132690391721,0.1937419608381612,211.58816620102348,231.73586249114081,0.21219031858757578,False,7590619.0725005623,90534453.406978682,1693456.8537597731,46519257.117642231,82943834.334478125,44825800.263882458,True,True,0.21500000000000002,False,False,15,London|TLC1|TLD3|TLD4|TLD6|TLE3|TLE4|TLF1|TLF2|TLG1|TLG2|TLH1|TLH2|TLH3|TLJ1
uk,TLC2,Uni,,10,100,1,GBP,1092.1132690391721,0.24933723448265505,272.30450224403899,231.73586249114081,0.21219031858757578,True,5371463.0853418848,110993050.86269006,0,66554337.010465823,105621587.77734818,66554337.010465823,True,True,0.043000000000000003,True,False,15,London|TLC1|TLD3|TLD4|TLD6|TLE3|TLE4|TLF1|TLF2|TLG1|TLG2|TLH1|TLH2|TLH3|TLJ1
uk,TLC2,Uni,,10,300,1,GBP,1092.1132690391721,0.24933723448265505,272.30450224403899,231.73586249114081,0.21219031858757578,True,6975133.4179711761,115355937.92232469,6080524.0537109375,65337455.340804353,108380804.50435351,59256931.287093416,True,True,0.129,False,False,15,London|TLC1|TLD3|TLD4|TLD6|TLE3|TLE4|TLF1|TLF2|TLG1|TLG2|TLH1|TLH2|TLH3|TLJ1
uk,TLC2,Uni,,10,500,1,GBP,1092.1132690391721,0.24933723448265505,272.30450224403899,231.73586249114081,0.21219031858757578,True,7590619.0725005623,116625971.94802497,1693456.8537597731,70976685.871104211,109035352.87552442,69283229.017344445,True,True,0.21500000000000002,False,False,15,London|TLC1|TLD3|TLD4|TLD6|TLE3|TLE4|TLF1|TLF2|TLG1|TLG2|TLH1|TLH2|TLH3|TLJ1
uk,TLC2,Uni,,20,100,0.5,GBP,1092.1132690391721,0.14713702450424426,160.69029682802699,269.70497752530844,0.24695696423741062,False,11346051.978177879,56668089.472821213,0,9422787.5417960323,45322037.494643331,9422787.5417960323,True,True,0.043000000000000003,True,False,15,London|TLC1|TLD3|TLD4|TLD6|TLE3|TLE4|TLF1|TLF2|TLG1|TLG2|TLH1|TLH2|TLH3|TLJ1
uk,TLC2,Uni,,20,300,0.5,GBP,1092.1132690391721,0.14713702450424426,160.69029682802699,269.70497752530844,0.24695696423741062,False,13268714.229240902,61805430.494078316,1350763.5561523405,35176300.121055678,48536716.264837414,33825536.564903334,True,True,0.129,False,False,15,London|TLC1|TLD3|TLD4|TLD6|TLE3|TLE4|TLF1|TLF2|TLG1|TLG2|TLH1|TLH2|TLH3|TLJ1
uk,TLC2,Uni,,20,500,0.5,GBP,1092.1132690391721,0.14713702450424426,160.69029682802699,269.70497752530844,0.24695696423741062,False,14083080.228019647,63629363.25357648,3372906.1793212942,16289707.028432885,49546283.025556833,12916800.849111591,True,True,0.21500000000000002,False,False,15,London|TLC1|TLD3|TLD4|TLD6|TLE3|TLE4|TLF1|TLF2|TLG1|TLG2|TLH1|TLH2|TLH3|TLJ1
uk,TLC2,Uni,,20,100,0.80000000000000004,GBP,1092.1132690391721,0.19634306273023111,214.42886409147593,269.70497752530844,0.24695696423741062,False,11346051.978177879,76717414.862412676,0,20011051.531370874,65371362.884234801,20011051.531370874,True,True,0.043000000000000003,True,False,15,London|TLC1|TLD3|TLD4|TLD6|TLE3|TLE4|TLF1|TLF2|TLG1|TLG2|TLH1|TLH2|TLH3|TLJ1
uk,TLC2,Uni,,20,300,0.80000000000000004,GBP,1092.1132690391721,0.19634306273023111,214.42886409147593,269.70497752530844,0.24695696423741062,False,13268714.229240902,82831350.74056977,1350763.5561523405,53012679.421854116,69562636.511328876,51661915.865701772,True,True,0.129,False,False,15,London|TLC1|TLD3|TLD4|TLD6|TLE3|TLE4|TLF1|TLF2|TLG1|TLG2|TLH1|TLH2|TLH3|TLJ1
uk,TLC2,Uni,,20,500,0.80000000000000004,GBP,1092.1132690391721,0.19634306273023111,214.42886409147593,269.70497752530844,0.24695696423741062,False,14083080.228019647,85550082.944792449,3372906.1793212942,29392885.210955381,71467002.716772795,26019979.031634089,True,True,0.21500000000000002,False,False,15,London|TLC1|TLD3|TLD4|TLD6|TLE3|TLE4|TLF1|TLF2|TLG1|TLG2|TLH1|TLH2|TLH3|TLJ1
uk,TLC2,Uni,,20,100,0.90000000000000002,GBP,1092.1132690391721,0.24566981070392671,268.29926007209997,269.70497752530844,0.24695696423741062,False,11346051.978177879,97320948.052365512,0,39031013.965537116,85974896.074187636,39031013.965537116,True,True,0.043000000000000003,True,False,15,London|TLC1|TLD3|TLD4|TLD6|TLE3|TLE4|TLF1|TLF2|TLG1|TLG2|TLH1|TLH2|TLH3|TLJ1
uk,TLC2,Uni,,20,300,0.90000000000000002,GBP,1092.1132690391721,0.24566981070392671,268.29926007209997,269.70497752530844,0.24695696423741062,False,13268714.229240902,104044876.8347781,1350763.5561523405,73935979.980649129,90776162.605537206,72585216.424496785,True,True,0.129,False,False,15,London|TLC1|TLD3|TLD4|TLD6|TLE3|TLE4|TLF1|TLF2|TLG1|TLG2|TLH1|TLH2|TLH3|TLJ1
uk,TLC2,Uni,,20,500,0.90000000000000002,GBP,1092.1132690391721,0.24566981070392671,268.29926007209997,269.70497752530844,0.24695696423741062,False,14083080.228019647,108088054.88031325,3372906.1793212942,46097699.099661544,94004974.652293593,42724792.920340247,True,True,0.21500000000000002,False,False,15,London|TLC1|TLD3|TLD4|TLD6|TLE3|TLE4|TLF1|TLF2|TLG1|TLG2|TLH1|TLH2|TLH3|TLJ1
uk,TLC2,Uni,,20,100,1,GBP,1092.1132690391721,0.26850458711315484,293.23742238416071,269.70497752530844,0.24695696423741062,True,11346051.978177879,106928845.96625085,0,49006860.714639753,95582793.988072976,49006860.714639753,True,True,0.043000000000000003,True,False,15,London|TLC1|TLD3|TLD4|TLD6|TLE3|TLE4|TLF1|TLF2|TLG1|TLG2|TLH1|TLH2|TLH3|TLJ1
uk,TLC2,Uni,,20,300,1,GBP,1092.1132690391721,0.26850458711315484,293.23742238416071,269.70497752530844,0.24695696423741062,True,13268714.229240902,113912333.61350989,1350763.5561523405,84605764.669555649,100643619.384269,83255001.113403305,True,True,0.129,False,False,15,London|TLC1|TLD3|TLD4|TLD6|TLE3|TLE4|TLF1|TLF2|TLG1|TLG2|TLH1|TLH2|TLH3|TLJ1
uk,TLC2,Uni,,20,500,1,GBP,1092.1132690391721,0.26850458711315484,293.23742238416071,269.70497752530844,0.24695696423741062,True,14083080.228019647,118634174.88348065,3372906.1793212942,54140256.445301138,104551094.65546101,50767350.265979841,True,True,0.21500000000000002,False,False,15,London|TLC1|TLD3|TLD4|TLD6|TLE3|TLE4|TLF1|TLF2|TLG1|TLG2|TLH1|TLH2|TLH3|TLJ1
uk,TLC2,LU,,10,100,0.5,GBP,1092.1132690391721,0.10814084294449999,118.10204950476958,166.26883206063607,0.15224504341652892,False,4758495.9984014649,46703298.352312252,0,7604591.2804075954,41944802.353910789,7604591.2804075954,True,True,0.043000000000000003,True,False,15,London|TLC1|TLD3|TLD4|TLD6|TLE3|TLE4|TLF1|TLF2|TLG1|TLG2|TLH1|TLH2|TLH3|TLJ1
uk,TLC2,LU,,10,300,0.5,GBP,1092.1132690391721,0.10814084294449999,118.10204950476958,166.26883206063607,0.15224504341652892,False,6554171.7822418045,49839427.067677058,4650950.1899414081,19750479.942229632,43285255.285435252,15099529.752288224,True,True,0.129,False,False,15,London|TLC1|TLD3|TLD4|TLD6|TLE3|TLE4|TLF1|TLF2|TLG1|TLG2|TLH1|TLH2|TLH3|TLJ1
uk,TLC2,LU,,10,500,0.5,GBP,1092.1132690391721,0.10814084294449999,118.10204950476958,166.26883206063607,0.15224504341652892,False,6998495.5764896013,50542598.094910309,1693456.8537597694,26778149.39631879,43544102.518420711,25084692.54255902,True,True,0.21500000000000002,False,False,15,London|TLC1|TLD3|TLD4|TLD6|TLE3|TLE4|TLF1|TLF2|TLG1|TLG2|TLH1|TLH2|TLH3|TLJ1
uk,TLC2,LU,,10,100,0.80000000000000004,GBP,1092.1132690391721,0.1345341872805482,146.9265710684877,166.26883206063607,0.15224504341652892,False,4758495.9984014649,58422532.734834842,0,13584644.588728007,53664036.736433379,13584644.588728007,True,True,0.043000000000000003,True,False,15,London|TLC1|TLD3|TLD4|TLD6|TLE3|TLE4|TLF1|TLF2|TLG1|TLG2|TLH1|TLH2|TLH3|TLJ1
uk,TLC2,LU,,10,300,0.80000000000000004,GBP,1092.1132690391721,0.1345341872805482,146.9265710684877,166.26883206063607,0.15224504341652892,False,6554171.7822418045,62093870.476764761,4650950.1899414081,27051433.084194221,55539698.694522955,22400482.894252814,True,True,0.129,False,False,15,London|TLC1|TLD3|TLD4|TLD6|TLE3|TLE4|TLF1|TLF2|TLG1|TLG2|TLH1|TLH2|TLH3|TLJ1
uk,TLC2,LU,,10,500,0.80000000000000004,GBP,1092.1132690391721,0.1345341872805482,146.9265710684877,166.26883206063607,0.15224504341652892,False,6998495.5764896013,62916544.362184748,1693456.8537597694,38617668.332699053,55918048.78569515,36924211.47893928,True,True,0.21500000000000002,False,False,15,London|TLC1|TLD3|TLD4|TLD6|TLE3|TLE4|TLF1|TLF2|TLG1|TLG2|TLH1|TLH2|TLH3|TLJ1
uk,TLC2,LU,,10,100,0.90000000000000002,GBP,1092.1132690391721,0.13797003841428504,150.67890968208499,166.26883206063607,0.15224504341652892,False,4758495.9984014649,59957505.060415819,0,14472072.670843761,55199009.062014356,14472072.670843761,True,True,0.043000000000000003,True,False,15,London|TLC1|TLD3|TLD4|TLD6|TLE3|TLE4|TLF1|TLF2|TLG1|TLG2|TLH1|TLH2|TLH3|TLJ1
uk,TLC2,LU,,10,300,0.90000000000000002,GBP,1092.1132690391721,0.13797003841428504,150.67890968208499,166.26883206063607,0.15224504341652892,False,6554171.7822418045,63691029.397943616,4650950.1899414081,28159724.34393381,57136857.61570181,23508774.1539924,True,True,0.129,False,False,15,London|TLC1|TLD3|TLD4|TLD6|TLE3|TLE4|TLF1|TLF2|TLG1|TLG2|TLH1|TLH2|TLH3|TLJ1
uk,TLC2,LU,,10,500,0.90000000000000002,GBP,1092.1132690391721,0.13797003841428504,150.67890968208499,166.26883206063607,0.15224504341652892,False,6998495.5764896013,64527629.707625821,1693456.8537597694,39989148.095968857,57529134.131136224,38295691.242209092,True,True,0.21500000000000002,False,False,15,London|TLC1|TLD3|TLD4|TLD6|TLE3|TLE4|TLF1|TLF2|TLG1|TLG2|TLH1|TLH2|TLH3|TLJ1
uk,TLC2,LU,,10,100,1,GBP,1092.1132690391721,0.1844421380150226,201.43170629616048,166.26883206063607,0.15224504341652892,True,4758495.9984014649,80999906.978629932,0,31826391.79771585,76241410.980228469,31826391.79771585,True,True,0.043000000000000003,True,False,15,London|TLC1|TLD3|TLD4|TLD6|TLE3|TLE4|TLF1|TLF2|TLG1|TLG2|TLH1|TLH2|TLH3|TLJ1
uk,TLC2,LU,,10,300,1,GBP,1092.1132690391721,0.1844421380150226,201.43170629616048,166.26883206063607,0.15224504341652892,True,6554171.7822418045,85313999.808967739,4650950.1899414081,43771460.1221871,78759828.026725933,39120509.932245694,True,True,0.129,False,False,15,London|TLC1|TLD3|TLD4|TLD6|TLE3|TLE4|TLF1|TLF2|TLG1|TLG2|TLH1|TLH2|TLH3|TLJ1
uk,TLC2,LU,,10,500,1,GBP,1092.1132690391721,0.1844421380150226,201.43170629616048,166.26883206063607,0.15224504341652892,True,6998495.5764896013,86335776.781071901,1693456.8537597694,60257303.579381727,79337281.204582304,58563846.725621954,True,True,0.21500000000000002,False,False,15,London|TLC1|TLD3|TLD4|TLD6|TLE3|TLE4|TLF1|TLF2|TLG1|TLG2|TLH1|TLH2|TLH3|TLJ1
uk,TLC2,LU,,20,100,0.5,GBP,1092.1132690391721,0.13776814713002924,150.45842153164588,224.17414681299829,0.205266388723785,False,10354882.292762727,52838618.842429675,0,13057757.262571748,42483736.549666949,13057757.262571748,True,True,0.043000000000000003,True,False,15,London|TLC1|TLD3|TLD4|TLD6|TLE3|TLE4|TLF1|TLF2|TLG1|TLG2|TLH1|TLH2|TLH3|TLJ1
uk,TLC2,LU,,20,300,0.5,GBP,1092.1132690391721,0.13776814713002924,150.45842153164588,224.17414681299829,0.205266388723785,False,12456297.660669385,57667866.191416986,3290710.2568359347,36135093.68845509,45211568.5307476,32844383.431619156,True,True,0.129,False,False,15,London|TLC1|TLD3|TLD4|TLD6|TLE3|TLE4|TLF1|TLF2|TLG1|TLG2|TLH1|TLH2|TLH3|TLJ1
uk,TLC2,LU,,20,500,0.5,GBP,1092.1132690391721,0.13776814713002924,150.45842153164588,224.17414681299829,0.205266388723785,False,13417294.849778811,59717667.872185588,3372906.1793212942,14087721.897223398,46300373.022406779,10714815.717902103,True,True,0.21500000000000002,False,False,15,London|TLC1|TLD3|TLD4|TLD6|TLE3|TLE4|TLF1|TLF2|TLG1|TLG2|TLH1|TLH2|TLH3|TLJ1
uk,TLC2,LU,,20,100,0.80000000000000004,GBP,1092.1132690391721,0.175109300140256,191.23919021533655,224.17414681299829,0.205266388723785,False,10354882.292762727,67707766.85100089,0,19845395.774695568,57352884.558238164,19845395.774695568,True,True,0.043000000000000003,True,False,15,London|TLC1|TLD3|TLD4|TLD6|TLE3|TLE4|TLF1|TLF2|TLG1|TLG2|TLH1|TLH2|TLH3|TLJ1
uk,TLC2,LU,,20,300,0.80000000000000004,GBP,1092.1132690391721,0.175109300140256,191.23919021533655,224.17414681299829,0.205266388723785,False,12456297.660669385,73583456.836579278,3290710.2568359347,50157750.082931228,61127159.175909892,46867039.82609529,True,True,0.129,False,False,15,London|TLC1|TLD3|TLD4|TLD6|TLE3|TLE4|TLF1|TLF2|TLG1|TLG2|TLH1|TLH2|TLH3|TLJ1
uk,TLC2,LU,,20,500,0.80000000000000004,GBP,1092.1132690391721,0.175109300140256,191.23919021533655,224.17414681299829,0.205266388723785,False,13417294.849778811,76421756.791213959,3372906.1793212942,22766057.059473999,63004461.941435151,19393150.880152706,True,True,0.21500000000000002,False,False,15,London|TLC1|TLD3|TLD4|TLD6|TLE3|TLE4|TLF1|TLF2|TLG1|TLG2|TLH1|TLH2|TLH3|TLJ1
uk,TLC2,LU,,20,100,0.90000000000000002,GBP,1092.1132690391721,0.17954564485392524,196.08418114316649,224.17414681299829,0.205266388723785,False,10354882.292762727,69496466.664985418,0,20678734.214282323,59141584.372222692,20678734.214282323,True,True,0.043000000000000003,True,False,15,London|TLC1|TLD3|TLD4|TLD6|TLE3|TLE4|TLF1|TLF2|TLG1|TLG2|TLH1|TLH2|TLH3|TLJ1
uk,TLC2,LU,,20,300,0.90000000000000002,GBP,1092.1132690391721,0.17954564485392524,196.08418114316649,224.17414681299829,0.205266388723785,False,12456297.660669385,75483318.182867423,3290710.2568359347,51928594.267053068,63027020.522198036,48637884.01021713,True,True,0.129,False,False,15,London|TLC1|TLD3|TLD4|TLD6|TLE3|TLE4|TLF1|TLF2|TLG1|TLG2|TLH1|TLH2|TLH3|TLJ1
uk,TLC2,LU,,20,500,0.90000000000000002,GBP,1092.1132690391721,0.17954564485392524,196.08418114316649,224.17414681299829,0.205266388723785,False,13417294.849778811,78425618.383285344,3372906.1793212942,24016064.718854126,65008323.533506535,20643158.539532833,True,True,0.21500000000000002,False,False,15,London|TLC1|TLD3|TLD4|TLD6|TLE3|TLE4|TLF1|TLF2|TLG1|TLG2|TLH1|TLH2|TLH3|TLJ1
uk,TLC2,LU,,20,100,1,GBP,1092.1132690391721,0.25279013454619531,276.07546022009751,224.17414681299829,0.205266388723785,True,10354882.292762727,99855277.548581034,0,49035854.232351698,89500395.255818307,49035854.232351698,True,True,0.043000000000000003,True,False,15,London|TLC1|TLD3|TLD4|TLD6|TLE3|TLE4|TLF1|TLF2|TLG1|TLG2|TLH1|TLH2|TLH3|TLJ1
uk,TLC2,LU,,20,300,1,GBP,1092.1132690391721,0.25279013454619531,276.07546022009751,224.17414681299829,0.205266388723785,True,12456297.660669385,106976292.64405861,3290710.2568359347,83660137.143011779,94519994.983389229,80369426.886175841,True,True,0.129,False,False,15,London|TLC1|TLD3|TLD4|TLD6|TLE3|TLE4|TLF1|TLF2|TLG1|TLG2|TLH1|TLH2|TLH3|TLJ1
uk,TLC2,LU,,20,500,1,GBP,1092.1132690391721,0.25279013454619531,276.07546022009751,224.17414681299829,0.205266388723785,True,13417294.849778811,111992778.34716669,3372906.1793212942,48831410.599958785,98575483.497387871,45458504.420637488,True,True,0.21500000000000002,False,False,15,London|TLC1|TLD3|TLD4|TLD6|TLE3|TLE4|TLF1|TLF2|TLG1|TLG2|TLH1|TLH2|TLH3|TLJ1
uk,TLC2,GNN,42,10,100,0.5,GBP,1092.1132690391721,0.078842018394831639,86.104414446826127,122.0355525457806,0.1117425783619917,False,3864789.8759175325,33883994.948541947,0,4830900.4983965801,30019205.072624415,4830900.4983965801,True,True,0.043000000000000003,True,False,15,London|TLC1|TLD3|TLD4|TLD6|TLE3|TLE4|TLF1|TLF2|TLG1|TLG2|TLH1|TLH2|TLH3|TLJ1
uk,TLC2,GNN,42,10,300,0.5,GBP,1092.1132690391721,0.078842018394831639,86.104414446826127,122.0355525457806,0.1117425783619917,False,5286230.4520354997,36292587.888953708,3235754.8500976572,11316323.877665255,31006357.436918207,8080569.027567598,True,True,0.129,False,False,15,London|TLC1|TLD3|TLD4|TLD6|TLE3|TLE4|TLF1|TLF2|TLG1|TLG2|TLH1|TLH2|TLH3|TLJ1
uk,TLC2,GNN,42,10,500,0.5,GBP,1092.1132690391721,0.078842018394831639,86.104414446826127,122.0355525457806,0.1117425783619917,False,5679383.5256570401,36896068.064629413,1693456.8537597656,22215020.764589317,31216684.538972374,20521563.910829552,True,True,0.21500000000000002,False,False,15,London|TLC1|TLD3|TLD4|TLD6|TLE3|TLE4|TLF1|TLF2|TLG1|TLG2|TLH1|TLH2|TLH3|TLJ1
uk,TLC2,GNN,42,10,100,0.80000000000000004,GBP,1092.1132690391721,0.092373247745423645,100.88204956701995,122.0355525457806,0.1117425783619917,False,3864789.8759175325,39821515.709248446,0,7086996.7488569049,35956725.833330914,7086996.7488569049,True,True,0.043000000000000003,True,False,15,London|TLC1|TLD3|TLD4|TLD6|TLE3|TLE4|TLF1|TLF2|TLG1|TLG2|TLH1|TLH2|TLH3|TLJ1
uk,TLC2,GNN,42,10,300,0.80000000000000004,GBP,1092.1132690391721,0.092373247745423645,100.88204956701995,122.0355525457806,0.1117425783619917,False,5286230.4520354997,42566644.455683716,3235754.8500976572,14811234.583591094,37280414.003648214,11575479.733493436,True,True,0.129,False,False,15,London|TLC1|TLD3|TLD4|TLD6|TLE3|TLE4|TLF1|TLF2|TLG1|TLG2|TLH1|TLH2|TLH3|TLJ1
uk,TLC2,GNN,42,10,500,0.80000000000000004,GBP,1092.1132690391721,0.092373247745423645,100.88204956701995,122.0355525457806,0.1117425783619917,False,5679383.5256570401,43240919.591660216,1693456.8537597656,29619024.679581802,37561536.066003174,27925567.825822037,True,True,0.21500000000000002,False,False,15,London|TLC1|TLD3|TLD4|TLD6|TLE3|TLE4|TLF1|TLF2|TLG1|TLG2|TLH1|TLH2|TLH3|TLJ1
uk,TLC2,GNN,42,10,100,0.90000000000000002,GBP,1092.1132690391721,0.11415346127426987,124.66850976437941,122.0355525457806,0.1117425783619917,True,3864789.8759175325,49465552.902028672,0,11722750.497283496,45600763.026111141,11722750.497283496,True,True,0.043000000000000003,True,False,15,London|TLC1|TLD3|TLD4|TLD6|TLE3|TLE4|TLF1|TLF2|TLG1|TLG2|TLH1|TLH2|TLH3|TLJ1
uk,TLC2,GNN,42,10,300,0.90000000000000002,GBP,1092.1132690391721,0.11415346127426987,124.66850976437941,122.0355525457806,0.1117425783619917,True,5286230.4520354997,52676563.076180495,3235754.8500976572,20439212.922313597,47390332.624144994,17203458.072215941,True,True,0.129,False,False,15,London|TLC1|TLD3|TLD4|TLD6|TLE3|TLE4|TLF1|TLF2|TLG1|TLG2|TLH1|TLH2|TLH3|TLJ1
uk,TLC2,GNN,42,10,500,0.90000000000000002,GBP,1092.1132690391721,0.11415346127426987,124.66850976437941,122.0355525457806,0.1117425783619917,True,5679383.5256570401,53457016.759430803,1693456.8537597656,42329360.588422328,47777633.23377376,40635903.734662563,True,True,0.21500000000000002,False,False,15,London|TLC1|TLD3|TLD4|TLD6|TLE3|TLE4|TLF1|TLF2|TLG1|TLG2|TLH1|TLH2|TLH3|TLJ1
uk,TLC2,GNN,42,10,100,1,GBP,1092.1132690391721,0.1290144261103755,140.89836665261492,122.0355525457806,0.1117425783619917,True,3864789.8759175325,56145649.497834548,0,17063547.980594825,52280859.621917017,17063547.980594825,True,True,0.043000000000000003,True,False,15,London|TLC1|TLD3|TLD4|TLD6|TLE3|TLE4|TLF1|TLF2|TLG1|TLG2|TLH1|TLH2|TLH3|TLJ1
uk,TLC2,GNN,42,10,300,1,GBP,1092.1132690391721,0.1290144261103755,140.89836665261492,122.0355525457806,0.1117425783619917,True,5286230.4520354997,59581566.53584113,3235754.8500976572,24919738.07955144,54295336.083805628,21683983.229453783,True,True,0.129,False,False,15,London|TLC1|TLD3|TLD4|TLD6|TLE3|TLE4|TLF1|TLF2|TLG1|TLG2|TLH1|TLH2|TLH3|TLJ1
uk,TLC2,GNN,42,10,500,1,GBP,1092.1132690391721,0.1290144261103755,140.89836665261492,122.0355525457806,0.1117425783619917,True,5679383.5256570401,60435457.737076052,1693456.8537597656,50624520.731658407,54756074.211419009,48931063.877898641,True,True,0.21500000000000002,False,False,15,London|TLC1|TLD3|TLD4|TLD6|TLE3|TLE4|TLF1|TLF2|TLG1|TLG2|TLH1|TLH2|TLH3|TLJ1
uk,TLC2,GNN,42,20,100,0.5,GBP,1092.1132690391721,0.1053826532467456,115.08979393732487,156.50286711611329,0.14330277962266919,False,7512700.1727142679,40101751.135522932,0,6515130.6988083674,32589050.962808665,6515130.6988083674,True,True,0.043000000000000003,True,False,15,London|TLC1|TLD3|TLD4|TLD6|TLE3|TLE4|TLF1|TLF2|TLG1|TLG2|TLH1|TLH2|TLH3|TLJ1
uk,TLC2,GNN,42,20,300,0.5,GBP,1092.1132690391721,0.1053826532467456,115.08979393732487,156.50286711611329,0.14330277962266919,False,9394025.1372037046,44061478.021813743,5171045.47802734,29409677.503708996,34667452.884610042,24238632.025681656,True,True,0.129,False,False,15,London|TLC1|TLD3|TLD4|TLD6|TLE3|TLE4|TLF1|TLF2|TLG1|TLG2|TLH1|TLH2|TLH3|TLJ1
uk,TLC2,GNN,42,20,500,0.5,GBP,1092.1132690391721,0.1053826532467456,115.08979393732487,156.50286711611329,0.14330277962266919,False,10146090.378754588,45791435.558790185,995345.83050537598,7964675.2432332356,35645345.180035599,6969329.4127278598,True,True,0.21500000000000002,False,False,15,London|TLC1|TLD3|TLD4|TLD6|TLE3|TLE4|TLF1|TLF2|TLG1|TLG2|TLH1|TLH2|TLH3|TLJ1
uk,TLC2,GNN,42,20,100,0.80000000000000004,GBP,1092.1132690391721,0.12425608284876133,135.70171683796295,156.50286711611329,0.14330277962266919,False,7512700.1727142679,47512859.466371492,0,8711328.3030387238,40000159.293657221,8711328.3030387238,True,True,0.043000000000000003,True,False,15,London|TLC1|TLD3|TLD4|TLD6|TLE3|TLE4|TLF1|TLF2|TLG1|TLG2|TLH1|TLH2|TLH3|TLJ1
uk,TLC2,GNN,42,20,300,0.80000000000000004,GBP,1092.1132690391721,0.12425608284876133,135.70171683796295,156.50286711611329,0.14330277962266919,False,9394025.1372037046,52069101.056848653,5171045.47802734,36813124.99834571,42675075.919644952,31642079.52031837,True,True,0.129,False,False,15,London|TLC1|TLD3|TLD4|TLD6|TLE3|TLE4|TLF1|TLF2|TLG1|TLG2|TLH1|TLH2|TLH3|TLJ1
uk,TLC2,GNN,42,20,500,0.80000000000000004,GBP,1092.1132690391721,0.12425608284876133,135.70171683796295,156.50286711611329,0.14330277962266919,False,10146090.378754588,54179824.623835079,995345.83050537598,10978597.60300866,44033734.245080493,9983251.7725032829,True,True,0.21500000000000002,False,False,15,London|TLC1|TLD3|TLD4|TLD6|TLE3|TLE4|TLF1|TLF2|TLG1|TLG2|TLH1|TLH2|TLH3|TLJ1
uk,TLC2,GNN,42,20,100,0.90000000000000002,GBP,1092.1132690391721,0.13049331415364562,142.51347990809359,156.50286711611329,0.14330277962266919,False,7512700.1727142679,49971617.381092303,0,9443592.833077766,42458917.208378032,9443592.833077766,True,True,0.043000000000000003,True,False,15,London|TLC1|TLD3|TLD4|TLD6|TLE3|TLE4|TLF1|TLF2|TLG1|TLG2|TLH1|TLH2|TLH3|TLJ1
uk,TLC2,GNN,42,20,300,0.90000000000000002,GBP,1092.1132690391721,0.13049331415364562,142.51347990809359,156.50286711611329,0.14330277962266919,False,9394025.1372037046,54721485.432775095,5171045.47802734,39302824.400478467,45327460.295571387,34131778.922451124,True,True,0.129,False,False,15,London|TLC1|TLD3|TLD4|TLD6|TLE3|TLE4|TLF1|TLF2|TLG1|TLG2|TLH1|TLH2|TLH3|TLJ1
uk,TLC2,GNN,42,20,500,0.90000000000000002,GBP,1092.1132690391721,0.13049331415364562,142.51347990809359,156.50286711611329,0.14330277962266919,False,10146090.378754588,56967242.567522489,995345.83050537598,12296673.75707894,46821152.188767903,11301327.926573563,True,True,0.21500000000000002,False,False,15,London|TLC1|TLD3|TLD4|TLD6|TLE3|TLE4|TLF1|TLF2|TLG1|TLG2|TLH1|TLH2|TLH3|TLJ1
uk,TLC2,GNN,42,20,100,1,GBP,1092.1132690391721,0.18426215839381918,201.2351481636876,156.50286711611329,0.14330277962266919,True,7512700.1727142679,71480488.65636906,0,17424694.593617387,63967788.48365479,17424694.593617387,True,True,0.043000000000000003,True,False,15,London|TLC1|TLD3|TLD4|TLD6|TLE3|TLE4|TLF1|TLF2|TLG1|TLG2|TLH1|TLH2|TLH3|TLJ1
uk,TLC2,GNN,42,20,300,1,GBP,1092.1132690391721,0.18426215839381918,201.2351481636876,156.50286711611329,0.14330277962266919,True,9394025.1372037046,77719885.180111423,5171045.47802734,62474098.082778171,68325860.042907715,57303052.604750827,True,True,0.129,False,False,15,London|TLC1|TLD3|TLD4|TLD6|TLE3|TLE4|TLF1|TLF2|TLG1|TLG2|TLH1|TLH2|TLH3|TLJ1
uk,TLC2,GNN,42,20,500,1,GBP,1092.1132690391721,0.18426215839381918,201.2351481636876,156.50286711611329,0.14330277962266919,True,10146090.378754588,81265691.496174425,995345.83050537598,27499884.882069856,71119601.117419839,26504539.051564481,True,True,0.21500000000000002,False,False,15,London|TLC1|TLD3|TLD4|TLD6|TLE3|TLE4|TLF1|TLF2|TLG1|TLG2|TLH1|TLH2|TLH3|TLJ1
uk,TLC2,GNN,123,10,100,0.5,GBP,1092.1132690391721,0.077560280916374749,84.704611939178548,116.05677304250565,0.106268073406535,False,3633676.7606937946,33320276.229652513,438722.44921875,5279098.2573052067,29686599.468958717,4840375.8080864567,True,True,0.043000000000000003,False,False,15,London|TLC1|TLD3|TLD4|TLD6|TLE3|TLE4|TLF1|TLF2|TLG1|TLG2|TLH1|TLH2|TLH3|TLJ1
uk,TLC2,GNN,123,10,300,0.5,GBP,1092.1132690391721,0.077560280916374749,84.704611939178548,116.05677304250565,0.106268073406535,False,5096730.4526166264,35734247.266268305,3701380.5180664086,12125462.47197517,30637516.813651681,8424081.953908762,True,True,0.129,False,False,15,London|TLC1|TLD3|TLD4|TLD6|TLE3|TLE4|TLF1|TLF2|TLG1|TLG2|TLH1|TLH2|TLH3|TLJ1
uk,TLC2,GNN,123,10,500,0.5,GBP,1092.1132690391721,0.077560280916374749,84.704611939178548,116.05677304250565,0.106268073406535,False,5461159.3259077901,36310416.740370154,1693456.8537597656,21708907.623631619,30849257.414462365,20015450.769871853,True,True,0.21500000000000002,False,False,15,London|TLC1|TLD3|TLD4|TLD6|TLE3|TLE4|TLF1|TLF2|TLG1|TLG2|TLH1|TLH2|TLH3|TLJ1
uk,TLC2,GNN,123,10,100,0.80000000000000004,GBP,1092.1132690391721,0.10718971762779633,117.06331292587842,116.05677304250565,0.106268073406535,True,3633676.7606937946,46353691.797062896,438722.44921875,10486521.328978743,42720015.0363691,10047798.879759993,True,True,0.043000000000000003,False,False,15,London|TLC1|TLD3|TLD4|TLD6|TLE3|TLE4|TLF1|TLF2|TLG1|TLG2|TLH1|TLH2|TLH3|TLJ1
uk,TLC2,GNN,123,10,300,0.80000000000000004,GBP,1092.1132690391721,0.10718971762779633,117.06331292587842,116.05677304250565,0.106268073406535,True,5096730.4526166264,49488399.402209148,3701380.5180664086,19778295.255329691,44391668.949592523,16076914.737263283,True,True,0.129,False,False,15,London|TLC1|TLD3|TLD4|TLD6|TLE3|TLE4|TLF1|TLF2|TLG1|TLG2|TLH1|TLH2|TLH3|TLJ1
uk,TLC2,GNN,123,10,500,0.80000000000000004,GBP,1092.1132690391721,0.10718971762779633,117.06331292587842,116.05677304250565,0.106268073406535,True,5461159.3259077901,50206694.947917335,1693456.8537597656,40315646.755886614,44745535.622009546,38622189.902126849,True,True,0.21500000000000002,False,False,15,London|TLC1|TLD3|TLD4|TLD6|TLE3|TLE4|TLF1|TLF2|TLG1|TLG2|TLH1|TLH2|TLH3|TLJ1
uk,TLC2,GNN,123,10,100,0.90000000000000002,GBP,1092.1132690391721,0.11442878970122268,124.96919959279825,116.05677304250565,0.106268073406535,True,3633676.7606937946,49569779.249394976,438722.44921875,12191386.450523255,45936102.48870118,11752664.001304505,True,True,0.043000000000000003,False,False,15,London|TLC1|TLD3|TLD4|TLD6|TLE3|TLE4|TLF1|TLF2|TLG1|TLG2|TLH1|TLH2|TLH3|TLJ1
uk,TLC2,GNN,123,10,300,0.90000000000000002,GBP,1092.1132690391721,0.11442878970122268,124.96919959279825,116.05677304250565,0.106268073406535,True,5096730.4526166264,52850412.182409167,3701380.5180664086,21805649.751299456,47753681.729792543,18104269.233233046,True,True,0.129,False,False,15,London|TLC1|TLD3|TLD4|TLD6|TLE3|TLE4|TLF1|TLF2|TLG1|TLG2|TLH1|TLH2|TLH3|TLJ1
uk,TLC2,GNN,123,10,500,0.90000000000000002,GBP,1092.1132690391721,0.11442878970122268,124.96919959279825,116.05677304250565,0.106268073406535,True,5461159.3259077901,53605302.660814635,1693456.8537597656,45204964.906883135,48144143.334906846,43511508.05312337,True,True,0.21500000000000002,False,False,15,London|TLC1|TLD3|TLD4|TLD6|TLE3|TLE4|TLF1|TLF2|TLG1|TLG2|TLH1|TLH2|TLH3|TLJ1
uk,TLC2,GNN,123,10,100,1,GBP,1092.1132690391721,0.11859490231483208,129.51906645843255,116.05677304250565,0.106268073406535,True,3633676.7606937946,51431186.649225637,438722.44921875,13267429.964245765,47797509.888531841,12828707.515027015,True,True,0.043000000000000003,False,False,15,London|TLC1|TLD3|TLD4|TLD6|TLE3|TLE4|TLF1|TLF2|TLG1|TLG2|TLH1|TLH2|TLH3|TLJ1
uk,TLC2,GNN,123,10,300,1,GBP,1092.1132690391721,0.11859490231483208,129.51906645843255,116.05677304250565,0.106268073406535,True,5096730.4526166264,54785786.38520278,3701380.5180664086,23024747.487164125,49689055.932586156,19323366.969097715,True,True,0.129,False,False,15,London|TLC1|TLD3|TLD4|TLD6|TLE3|TLE4|TLF1|TLF2|TLG1|TLG2|TLH1|TLH2|TLH3|TLJ1
uk,TLC2,GNN,123,10,500,1,GBP,1092.1132690391721,0.11859490231483208,129.51906645843255,116.05677304250565,0.106268073406535,True,5461159.3259077901,55561745.413037397,1693456.8537597656,47802668.602978155,50100586.087129608,46109211.749218389,True,True,0.21500000000000002,False,False,15,London|TLC1|TLD3|TLD4|TLD6|TLE3|TLE4|TLF1|TLF2|TLG1|TLG2|TLH1|TLH2|TLH3|TLJ1
uk,TLC2,GNN,123,20,100,0.5,GBP,1092.1132690391721,0.10381066667321479,113.37300654162044,148.85860073963318,0.1363032617217417,False,7407733.864761699,39587545.939004272,0,5994928.3196565863,32179812.074242573,5994928.3196565863,True,True,0.043000000000000003,True,False,15,London|TLC1|TLD3|TLD4|TLD6|TLE3|TLE4|TLF1|TLF2|TLG1|TLG2|TLH1|TLH2|TLH3|TLJ1
uk,TLC2,GNN,123,20,300,0.5,GBP,1092.1132690391721,0.10381066667321479,113.37300654162044,148.85860073963318,0.1363032617217417,False,9163059.6815542802,43419746.301862448,5171045.47802734,29009593.023163289,34256686.620308168,23838547.545135949,True,True,0.129,False,False,15,London|TLC1|TLD3|TLD4|TLD6|TLE3|TLE4|TLF1|TLF2|TLG1|TLG2|TLH1|TLH2|TLH3|TLJ1
uk,TLC2,GNN,123,20,500,0.5,GBP,1092.1132690391721,0.10381066667321479,113.37300654162044,148.85860073963318,0.1363032617217417,False,9863826.1367038283,45169794.64470201,995345.83050537598,6098143.6974220453,35305968.507998183,5102797.8669166695,True,True,0.21500000000000002,False,False,15,London|TLC1|TLD3|TLD4|TLD6|TLE3|TLE4|TLF1|TLF2|TLG1|TLG2|TLH1|TLH2|TLH3|TLJ1
uk,TLC2,GNN,123,20,100,0.80000000000000004,GBP,1092.1132690391721,0.12479660288667148,136.29202594354618,148.85860073963318,0.1363032617217417,False,7407733.864761699,47836004.898470595,0,8365665.525852737,40428271.0337089,8365665.525852737,True,True,0.043000000000000003,True,False,15,London|TLC1|TLD3|TLD4|TLD6|TLE3|TLE4|TLF1|TLF2|TLG1|TLG2|TLH1|TLH2|TLH3|TLJ1
uk,TLC2,GNN,123,20,300,0.80000000000000004,GBP,1092.1132690391721,0.12479660288667148,136.29202594354618,148.85860073963318,0.1363032617217417,False,9163059.6815542802,52331305.296593986,5171045.47802734,37326955.443855062,43168245.615039706,32155909.965827722,True,True,0.129,False,False,15,London|TLC1|TLD3|TLD4|TLD6|TLE3|TLE4|TLF1|TLF2|TLG1|TLG2|TLH1|TLH2|TLH3|TLJ1
uk,TLC2,GNN,123,20,500,0.80000000000000004,GBP,1092.1132690391721,0.12479660288667148,136.29202594354618,148.85860073963318,0.1363032617217417,False,9863826.1367038283,54519264.927036978,995345.83050537598,9130356.9629565831,44655438.790333152,8135011.1324512074,True,True,0.21500000000000002,False,False,15,London|TLC1|TLD3|TLD4|TLD6|TLE3|TLE4|TLF1|TLF2|TLG1|TLG2|TLH1|TLH2|TLH3|TLJ1
uk,TLC2,GNN,123,20,100,0.90000000000000002,GBP,1092.1132690391721,0.14447637898629467,157.78457055366462,148.85860073963318,0.1363032617217417,True,7407733.864761699,55612793.547716461,0,10676114.071440469,48205059.682954758,10676114.071440469,True,True,0.043000000000000003,True,False,15,London|TLC1|TLD3|TLD4|TLD6|TLE3|TLE4|TLF1|TLF2|TLG1|TLG2|TLH1|TLH2|TLH3|TLJ1
uk,TLC2,GNN,123,20,300,0.90000000000000002,GBP,1092.1132690391721,0.14447637898629467,157.78457055366462,148.85860073963318,0.1363032617217417,True,9163059.6815542802,60723659.363631241,5171045.47802734,45437431.112380721,51560599.682076961,40266385.634353384,True,True,0.129,False,False,15,London|TLC1|TLD3|TLD4|TLD6|TLE3|TLE4|TLF1|TLF2|TLG1|TLG2|TLH1|TLH2|TLH3|TLJ1
uk,TLC2,GNN,123,20,500,0.90000000000000002,GBP,1092.1132690391721,0.14447637898629467,157.78457055366462,148.85860073963318,0.1363032617217417,True,9863826.1367038283,63346209.024151675,995345.83050537598,13128326.060046807,53482382.887447849,12132980.22954143,True,True,0.21500000000000002,False,False,15,London|TLC1|TLD3|TLD4|TLD6|TLE3|TLE4|TLF1|TLF2|TLG1|TLG2|TLH1|TLH2|TLH3|TLJ1
uk,TLC2,GNN,123,20,100,1,GBP,1092.1132690391721,0.16208594624878639,177.01621262306963,148.85860073963318,0.1363032617217417,True,7407733.864761699,62644255.967963412,0,13128755.837390849,55236522.103201717,13128755.837390849,True,True,0.043000000000000003,True,False,15,London|TLC1|TLD3|TLD4|TLD6|TLE3|TLE4|TLF1|TLF2|TLG1|TLG2|TLH1|TLH2|TLH3|TLJ1
uk,TLC2,GNN,123,20,300,1,GBP,1092.1132690391721,0.16208594624878639,177.01621262306963,148.85860073963318,0.1363032617217417,True,9163059.6815542802,68256385.208989903,5171045.47802734,53203980.442918345,59093325.527435623,48032934.964891002,True,True,0.129,False,False,15,London|TLC1|TLD3|TLD4|TLD6|TLE3|TLE4|TLF1|TLF2|TLG1|TLG2|TLH1|TLH2|TLH3|TLJ1
uk,TLC2,GNN,123,20,500,1,GBP,1092.1132690391721,0.16208594624878639,177.01621262306963,148.85860073963318,0.1363032617217417,True,9863826.1367038283,71311217.183797702,995345.83050537598,17509809.759902857,61447391.047093876,16514463.929397481,True,True,0.21500000000000002,False,False,15,London|TLC1|TLD3|TLD4|TLD6|TLE3|TLE4|TLF1|TLF2|TLG1|TLG2|TLH1|TLH2|TLH3|TLJ1
uk,TLC2,GNN,456,10,100,0.5,GBP,1092.1132690391721,0.079758396347066149,87.10520296791637,121.44840350947811,0.11120495186028362,False,4281973.2823866336,34227619.096203119,722822.88232421875,8189690.637376097,29945645.813816484,7466867.7550518783,True,True,0.043000000000000003,False,False,15,London|TLC1|TLD3|TLD4|TLD6|TLE3|TLE4|TLF1|TLF2|TLG1|TLG2|TLH1|TLH2|TLH3|TLJ1
uk,TLC2,GNN,456,10,300,0.5,GBP,1092.1132690391721,0.079758396347066149,87.10520296791637,121.44840350947811,0.11120495186028362,False,5910016.2864796221,36719934.806543052,3235754.8500976572,11491022.228310194,30809918.52006343,8255267.3782125367,True,True,0.129,False,False,15,London|TLC1|TLD3|TLD4|TLD6|TLE3|TLE4|TLF1|TLF2|TLG1|TLG2|TLH1|TLH2|TLH3|TLJ1
uk,TLC2,GNN,456,10,500,0.5,GBP,1092.1132690391721,0.079758396347066149,87.10520296791637,121.44840350947811,0.11120495186028362,False,6306885.9373107627,37322306.859147109,1693456.8537597656,22257516.334866557,31015420.921836346,20564059.481106792,True,True,0.21500000000000002,False,False,15,London|TLC1|TLD3|TLD4|TLD6|TLE3|TLE4|TLF1|TLF2|TLG1|TLG2|TLH1|TLH2|TLH3|TLJ1
uk,TLC2,GNN,456,10,100,0.80000000000000004,GBP,1092.1132690391721,0.10815845109242957,118.12127959676667,121.44840350947811,0.11120495186028362,False,4281973.2823866336,46692053.327400088,722822.88232421875,14120565.260005172,42410080.045013458,13397742.377680954,True,True,0.043000000000000003,False,False,15,London|TLC1|TLD3|TLD4|TLD6|TLE3|TLE4|TLF1|TLF2|TLG1|TLG2|TLH1|TLH2|TLH3|TLJ1
uk,TLC2,GNN,456,10,300,0.80000000000000004,GBP,1092.1132690391721,0.10815845109242957,118.12127959676667,121.44840350947811,0.11120495186028362,False,5910016.2864796221,49894899.448787197,3235754.8500976572,18826324.351033293,43984883.162307575,15590569.500935636,True,True,0.129,False,False,15,London|TLC1|TLD3|TLD4|TLD6|TLE3|TLE4|TLF1|TLF2|TLG1|TLG2|TLH1|TLH2|TLH3|TLJ1
uk,TLC2,GNN,456,10,500,0.80000000000000004,GBP,1092.1132690391721,0.10815845109242957,118.12127959676667,121.44840350947811,0.11120495186028362,False,6306885.9373107627,50640776.953454681,1693456.8537597656,38184421.425173156,44333891.016143918,36490964.57141339,True,True,0.21500000000000002,False,False,15,London|TLC1|TLD3|TLD4|TLD6|TLE3|TLE4|TLF1|TLF2|TLG1|TLG2|TLH1|TLH2|TLH3|TLJ1
uk,TLC2,GNN,456,10,100,0.90000000000000002,GBP,1092.1132690391721,0.11562542268966691,126.2760583576482,121.44840350947811,0.11120495186028362,True,4281973.2823866336,50000927.440782383,722822.88232421875,15906839.819397053,45718954.158395752,15184016.937072834,True,True,0.043000000000000003,False,False,15,London|TLC1|TLD3|TLD4|TLD6|TLE3|TLE4|TLF1|TLF2|TLG1|TLG2|TLH1|TLH2|TLH3|TLJ1
uk,TLC2,GNN,456,10,300,0.90000000000000002,GBP,1092.1132690391721,0.11562542268966691,126.2760583576482,121.44840350947811,0.11120495186028362,True,5910016.2864796221,53361128.934993684,3235754.8500976572,20754929.527981769,47451112.648514062,17519174.677884113,True,True,0.129,False,False,15,London|TLC1|TLD3|TLD4|TLD6|TLE3|TLE4|TLF1|TLF2|TLG1|TLG2|TLH1|TLH2|TLH3|TLJ1
uk,TLC2,GNN,456,10,500,0.90000000000000002,GBP,1092.1132690391721,0.11562542268966691,126.2760583576482,121.44840350947811,0.11120495186028362,True,6306885.9373107627,54143928.708035804,1693456.8537597656,42392287.265788026,47837042.770725042,40698830.412028261,True,True,0.21500000000000002,False,False,15,London|TLC1|TLD3|TLD4|TLD6|TLE3|TLE4|TLF1|TLF2|TLG1|TLG2|TLH1|TLH2|TLH3|TLJ1
uk,TLC2,GNN,456,10,100,1,GBP,1092.1132690391721,0.13218543938455474,144.36147232564539,121.44840350947811,0.11120495186028362,True,4281973.2823866336,57395568.002534516,722822.88232421875,20934639.843487732,53113594.720147885,20211816.961163513,True,True,0.043000000000000003,False,False,15,London|TLC1|TLD3|TLD4|TLD6|TLE3|TLE4|TLF1|TLF2|TLG1|TLG2|TLH1|TLH2|TLH3|TLJ1
uk,TLC2,GNN,456,10,300,1,GBP,1092.1132690391721,0.13218543938455474,144.36147232564539,121.44840350947811,0.11120495186028362,True,5910016.2864796221,61056600.002477847,3235754.8500976572,25849673.263123594,55146583.715998225,22613918.413025938,True,True,0.129,False,False,15,London|TLC1|TLD3|TLD4|TLD6|TLE3|TLE4|TLF1|TLF2|TLG1|TLG2|TLH1|TLH2|TLH3|TLJ1
uk,TLC2,GNN,456,10,500,1,GBP,1092.1132690391721,0.13218543938455474,144.36147232564539,121.44840350947811,0.11120495186028362,True,6306885.9373107627,61920141.206357084,1693456.8537597656,51458772.376253948,55613255.269046322,49765315.522494182,True,True,0.21500000000000002,False,False,15,London|TLC1|TLD3|TLD4|TLD6|TLE3|TLE4|TLF1|TLF2|TLG1|TLG2|TLH1|TLH2|TLH3|TLJ1
uk,TLC2,GNN,456,20,100,0.5,GBP,1092.1132690391721,0.11310630600785927,123.52489760318814,171.99945567680606,0.15749232296035473,False,8659092.7052165084,43035942.926618397,0,7376355.2703278335,34376850.221401885,7376355.2703278335,True,True,0.043000000000000003,True,False,15,London|TLC1|TLD3|TLD4|TLD6|TLE3|TLE4|TLF1|TLF2|TLG1|TLG2|TLH1|TLH2|TLH3|TLJ1
uk,TLC2,GNN,456,20,300,0.5,GBP,1092.1132690391721,0.11310630600785927,123.52489760318814,171.99945567680606,0.15749232296035473,False,10760391.484494912,47139837.099699192,5171045.47802734,30986873.77985562,36379445.615204282,25815828.30182828,True,True,0.129,False,False,15,London|TLC1|TLD3|TLD4|TLD6|TLE3|TLE4|TLF1|TLF2|TLG1|TLG2|TLH1|TLH2|TLH3|TLJ1
uk,TLC2,GNN,456,20,500,0.5,GBP,1092.1132690391721,0.11310630600785927,123.52489760318814,171.99945567680606,0.15749232296035473,False,11757529.825091345,49130673.972772904,1776311.2111206129,10258385.957621409,37373144.147681557,8482074.7465007957,True,True,0.21500000000000002,False,False,15,London|TLC1|TLD3|TLD4|TLD6|TLE3|TLE4|TLF1|TLF2|TLG1|TLG2|TLH1|TLH2|TLH3|TLJ1
uk,TLC2,GNN,456,20,100,0.80000000000000004,GBP,1092.1132690391721,0.1395256911474741,152.3778586740178,171.99945567680606,0.15749232296035473,False,8659092.7052165084,53418545.389474623,0,10478048.585442021,44759452.684258118,10478048.585442021,True,True,0.043000000000000003,True,False,15,London|TLC1|TLD3|TLD4|TLD6|TLE3|TLE4|TLF1|TLF2|TLG1|TLG2|TLH1|TLH2|TLH3|TLJ1
uk,TLC2,GNN,456,20,300,0.80000000000000004,GBP,1092.1132690391721,0.1395256911474741,152.3778586740178,171.99945567680606,0.15749232296035473,False,10760391.484494912,58344924.720830306,5171045.47802734,41399409.438119248,47584533.236335397,36228363.960091904,True,True,0.129,False,False,15,London|TLC1|TLD3|TLD4|TLD6|TLE3|TLE4|TLF1|TLF2|TLG1|TLG2|TLH1|TLH2|TLH3|TLJ1
uk,TLC2,GNN,456,20,500,0.80000000000000004,GBP,1092.1132690391721,0.1395256911474741,152.3778586740178,171.99945567680606,0.15749232296035473,False,11757529.825091345,60886646.144774549,1776311.2111206129,14913324.135562504,49129116.319683202,13137012.924441891,True,True,0.21500000000000002,False,False,15,London|TLC1|TLD3|TLD4|TLD6|TLE3|TLE4|TLF1|TLF2|TLG1|TLG2|TLH1|TLH2|TLH3|TLJ1
uk,TLC2,GNN,456,20,100,0.90000000000000002,GBP,1092.1132690391721,0.15528928430057767,169.59348792425726,171.99945567680606,0.15749232296035473,False,8659092.7052165084,59648559.795091882,0,12591406.617828906,50989467.08987537,12591406.617828906,True,True,0.043000000000000003,True,False,15,London|TLC1|TLD3|TLD4|TLD6|TLE3|TLE4|TLF1|TLF2|TLG1|TLG2|TLH1|TLH2|TLH3|TLJ1
uk,TLC2,GNN,456,20,300,0.90000000000000002,GBP,1092.1132690391721,0.15528928430057767,169.59348792425726,171.99945567680606,0.15749232296035473,False,10760391.484494912,65063991.694692381,5171045.47802734,47843252.121225856,54303600.210197471,42672206.64319852,True,True,0.129,False,False,15,London|TLC1|TLD3|TLD4|TLD6|TLE3|TLE4|TLF1|TLF2|TLG1|TLG2|TLH1|TLH2|TLH3|TLJ1
uk,TLC2,GNN,456,20,500,0.90000000000000002,GBP,1092.1132690391721,0.15528928430057767,169.59348792425726,171.99945567680606,0.15749232296035473,False,11757529.825091345,67960881.014982104,1776311.2111206129,18702765.043617561,56203351.189890757,16926453.832496949,True,True,0.21500000000000002,False,False,15,London|TLC1|TLD3|TLD4|TLD6|TLE3|TLE4|TLF1|TLF2|TLG1|TLG2|TLH1|TLH2|TLH3|TLJ1
uk,TLC2,GNN,456,20,100,1,GBP,1092.1132690391721,0.17087764559264457,186.61774413390015,171.99945567680606,0.15749232296035473,True,8659092.7052165084,65865267.823263317,0,15103721.922291392,57206175.118046805,15103721.922291392,True,True,0.043000000000000003,True,False,15,London|TLC1|TLD3|TLD4|TLD6|TLE3|TLE4|TLF1|TLF2|TLG1|TLG2|TLH1|TLH2|TLH3|TLJ1
uk,TLC2,GNN,456,20,300,1,GBP,1092.1132690391721,0.17087764559264457,186.61774413390015,171.99945567680606,0.15749232296035473,True,10760391.484494912,71729351.801839322,5171045.47802734,54588224.658081077,60968960.317344412,49417179.180053741,True,True,0.129,False,False,15,London|TLC1|TLD3|TLD4|TLD6|TLE3|TLE4|TLF1|TLF2|TLG1|TLG2|TLH1|TLH2|TLH3|TLJ1
uk,TLC2,GNN,456,20,500,1,GBP,1092.1132690391721,0.17087764559264457,186.61774413390015,171.99945567680606,0.15749232296035473,True,11757529.825091345,75009881.615189955,1776311.2111206129,23202579.431622546,63252351.790098608,21426268.220501933,True,True,0.21500000000000002,False,False,15,London|TLC1|TLD3|TLD4|TLD6|TLE3|TLE4|TLF1|TLF2|TLG1|TLG2|TLH1|TLH2|TLH3|TLJ1
uk,TLD3,Uni,,10,100,0.5,GBP,2140.7654199612598,0.12200609890555539,261.1864375613863,354.57678772016766,0.16563084605812822,False,1875896.6129495264,45667968.922220081,0,91388804.240375891,43792072.309270553,91388804.240375891,True,True,0.032291493739191261,True,False,15,London|TLC1|TLC2|TLD4|TLD6|TLE3|TLE4|TLF1|TLF2|TLG1|TLG2|TLH1|TLH2|TLH3|TLJ1
uk,TLD3,Uni,,10,300,0.5,GBP,2140.7654199612598,0.12200609890555539,261.1864375613863,354.57678772016766,0.16563084605812822,False,9083390.1626631245,75106165.49419868,0,40125268.764279261,66022775.331535555,40125268.764279261,True,True,0.11829149373919126,True,False,15,London|TLC1|TLC2|TLD4|TLD6|TLE3|TLE4|TLF1|TLF2|TLG1|TLG2|TLH1|TLH2|TLH3|TLJ1
uk,TLD3,Uni,,10,500,0.5,GBP,2140.7654199612598,0.12200609890555539,261.1864375613863,354.57678772016766,0.16563084605812822,False,11319460.11661843,86293893.564397097,1882756.4209687107,44516029.933492966,74974433.447778672,42633273.512524255,True,True,0.20429149373919128,False,False,15,London|TLC1|TLC2|TLD4|TLD6|TLE3|TLE4|TLF1|TLF2|TLG1|TLG2|TLH1|TLH2|TLH3|TLJ1
uk,TLD3,Uni,,10,100,0.80000000000000004,GBP,2140.7654199612598,0.17328159725419026,370.95525131742448,354.57678772016766,0.16563084605812822,True,1875896.6129495264,77132346.33536768,0,138589394.15547231,75256449.722418159,138589394.15547231,True,True,0.032291493739191261,True,False,15,London|TLC1|TLC2|TLD4|TLD6|TLE3|TLE4|TLF1|TLF2|TLG1|TLG2|TLH1|TLH2|TLH3|TLJ1
uk,TLD3,Uni,,10,300,0.80000000000000004,GBP,2140.7654199612598,0.17328159725419026,370.95525131742448,354.57678772016766,0.16563084605812822,True,9083390.1626631245,111001029.11591843,0,76717444.956229493,101917638.9532553,76717444.956229493,True,True,0.11829149373919126,True,False,15,London|TLC1|TLC2|TLD4|TLD6|TLE3|TLE4|TLF1|TLF2|TLG1|TLG2|TLH1|TLH2|TLH3|TLJ1
uk,TLD3,Uni,,10,500,0.80000000000000004,GBP,2140.7654199612598,0.17328159725419026,370.95525131742448,354.57678772016766,0.16563084605812822,True,11319460.11661843,126705950.81467097,1882756.4209687107,86503828.727317184,115386490.69805254,84621072.306348473,True,True,0.20429149373919128,False,False,15,London|TLC1|TLC2|TLD4|TLD6|TLE3|TLE4|TLF1|TLF2|TLG1|TLG2|TLH1|TLH2|TLH3|TLJ1
uk,TLD3,Uni,,10,100,0.90000000000000002,GBP,2140.7654199612598,0.21236574984994022,454.62525366289515,354.57678772016766,0.16563084605812822,True,1875896.6129495264,103184806.4156972,0,174567495.16402477,101308909.80274768,174567495.16402477,True,True,0.032291493739191261,True,False,15,London|TLC1|TLC2|TLD4|TLD6|TLE3|TLE4|TLF1|TLF2|TLG1|TLG2|TLH1|TLH2|TLH3|TLJ1
uk,TLD3,Uni,,10,300,0.90000000000000002,GBP,2140.7654199612598,0.21236574984994022,454.62525366289515,354.57678772016766,0.16563084605812822,True,9083390.1626631245,139880610.12739822,0,111055944.83930817,130797219.96473509,111055944.83930817,True,True,0.11829149373919126,True,False,15,London|TLC1|TLC2|TLD4|TLD6|TLE3|TLE4|TLF1|TLF2|TLG1|TLG2|TLH1|TLH2|TLH3|TLJ1
uk,TLD3,Uni,,10,500,0.90000000000000002,GBP,2140.7654199612598,0.21236574984994022,454.62525366289515,354.57678772016766,0.16563084605812822,True,11319460.11661843,159576201.32071021,1882756.4209687107,122481929.73586956,148256741.20409179,120599173.31490085,True,True,0.20429149373919128,False,False,15,London|TLC1|TLC2|TLD4|TLD6|TLE3|TLE4|TLF1|TLF2|TLG1|TLG2|TLH1|TLH2|TLH3|TLJ1
uk,TLD3,Uni,,10,100,1,GBP,2140.7654199612598,0.24933723448265505,533.77252948924013,354.57678772016766,0.16563084605812822,True,1875896.6129495264,128778570.52494724,0,208600823.769353,126902673.91199772,208600823.769353,True,True,0.032291493739191261,True,False,15,London|TLC1|TLC2|TLD4|TLD6|TLE3|TLE4|TLF1|TLF2|TLG1|TLG2|TLH1|TLH2|TLH3|TLJ1
uk,TLD3,Uni,,10,300,1,GBP,2140.7654199612598,0.24933723448265505,533.77252948924013,354.57678772016766,0.16563084605812822,True,9083390.1626631245,168510327.89746279,0,145089273.44463649,159426937.73479965,145089273.44463649,True,True,0.11829149373919126,True,False,15,London|TLC1|TLC2|TLD4|TLD6|TLE3|TLE4|TLF1|TLF2|TLG1|TLG2|TLH1|TLH2|TLH3|TLJ1
uk,TLD3,Uni,,10,500,1,GBP,2140.7654199612598,0.24933723448265505,533.77252948924013,354.57678772016766,0.16563084605812822,True,11319460.11661843,192137018.40835953,1882756.4209687107,156515258.34119791,180817558.2917411,154632501.9202292,True,True,0.20429149373919128,False,False,15,London|TLC1|TLC2|TLD4|TLD6|TLE3|TLE4|TLF1|TLF2|TLG1|TLG2|TLH1|TLH2|TLH3|TLJ1
uk,TLD3,Uni,,20,100,0.5,GBP,2140.7654199612598,0.14713702450424426,314.98585405467867,315.85680615428737,0.14754386595052682,False,0,6122482.9460550556,0,0,6122482.9460550556,0,True,True,1.0000000000000001e-09,True,True,15,London|TLC1|TLC2|TLD4|TLD6|TLE3|TLE4|TLF1|TLF2|TLG1|TLG2|TLH1|TLH2|TLH3|TLJ1
uk,TLD3,Uni,,20,300,0.5,GBP,2140.7654199612598,0.14713702450424426,314.98585405467867,315.85680615428737,0.14754386595052682,False,1224132.9768836205,15069234.257795861,0,0,13845101.280912241,0,True,True,0.049572358306967199,True,True,15,London|TLC1|TLC2|TLD4|TLD6|TLE3|TLE4|TLF1|TLF2|TLG1|TLG2|TLH1|TLH2|TLH3|TLJ1
uk,TLD3,Uni,,20,500,0.5,GBP,2140.7654199612598,0.14713702450424426,314.98585405467867,315.85680615428737,0.14754386595052682,False,2481758.4867346594,22644807.247578248,0,0,20163048.76084359,0,True,True,0.13557235830696721,True,True,15,London|TLC1|TLC2|TLD4|TLD6|TLE3|TLE4|TLF1|TLF2|TLG1|TLG2|TLH1|TLH2|TLH3|TLJ1
uk,TLD3,Uni,,20,100,0.80000000000000004,GBP,2140.7654199612598,0.23857226541877538,510.72725597033383,315.85680615428737,0.14754386595052682,True,0,16853477.218430009,0,0,16853477.218430009,0,True,True,1.0000000000000001e-09,True,True,15,London|TLC1|TLC2|TLD4|TLD6|TLE3|TLE4|TLF1|TLF2|TLG1|TLG2|TLH1|TLH2|TLH3|TLJ1
uk,TLD3,Uni,,20,300,0.80000000000000004,GBP,2140.7654199612598,0.23857226541877538,510.72725597033383,315.85680615428737,0.14754386595052682,True,1224132.9768836205,30317108.708813004,0,0,29092975.731929384,0,True,True,0.049572358306967199,True,True,15,London|TLC1|TLC2|TLD4|TLD6|TLE3|TLE4|TLF1|TLF2|TLG1|TLG2|TLH1|TLH2|TLH3|TLJ1
uk,TLD3,Uni,,20,500,0.80000000000000004,GBP,2140.7654199612598,0.23857226541877538,510.72725597033383,315.85680615428737,0.14754386595052682,True,2481758.4867346594,42552501.644765355,0,18160029.644748367,40070743.158030696,18160029.644748367,True,True,0.13557235830696721,True,False,15,London|TLC1|TLC2|TLD4|TLD6|TLE3|TLE4|TLF1|TLF2|TLG1|TLG2|TLH1|TLH2|TLH3|TLJ1
uk,TLD3,Uni,,20,100,0.90000000000000002,GBP,2140.7654199612598,0.24986216011324433,534.89627212725702,315.85680615428737,0.14754386595052682,True,0,18521471.162055396,0,0,18521471.162055396,0,True,True,1.0000000000000001e-09,True,True,15,London|TLC1|TLC2|TLD4|TLD6|TLE3|TLE4|TLF1|TLF2|TLG1|TLG2|TLH1|TLH2|TLH3|TLJ1
uk,TLD3,Uni,,20,300,0.90000000000000002,GBP,2140.7654199612598,0.24986216011324433,534.89627212725702,315.85680615428737,0.14754386595052682,True,1224132.9768836205,32442390.045135926,0,0,31218257.068252306,0,True,True,0.049572358306967199,True,True,15,London|TLC1|TLC2|TLD4|TLD6|TLE3|TLE4|TLF1|TLF2|TLG1|TLG2|TLH1|TLH2|TLH3|TLJ1
uk,TLD3,Uni,,20,500,0.90000000000000002,GBP,2140.7654199612598,0.24986216011324433,534.89627212725702,315.85680615428737,0.14754386595052682,True,2481758.4867346594,45809371.230211474,0,24902173.130866349,43327612.743476816,24902173.130866349,True,True,0.13557235830696721,True,False,15,London|TLC1|TLC2|TLD4|TLD6|TLE3|TLE4|TLF1|TLF2|TLG1|TLG2|TLH1|TLH2|TLH3|TLJ1
uk,TLD3,Uni,,20,100,1,GBP,2140.7654199612598,0.26850458711315484,574.80533519281755,315.85680615428737,0.14754386595052682,True,0,21407445.840037592,0,0,21407445.840037592,0,True,True,1.0000000000000001e-09,True,True,15,London|TLC1|TLC2|TLD4|TLD6|TLE3|TLE4|TLF1|TLF2|TLG1|TLG2|TLH1|TLH2|TLH3|TLJ1
uk,TLD3,Uni,,20,300,1,GBP,2140.7654199612598,0.26850458711315484,574.80533519281755,315.85680615428737,0.14754386595052682,True,1224132.9768836205,36061941.234381489,0,204670.03575383025,34837808.257497869,204670.03575383025,True,True,0.049572358306967199,True,False,15,London|TLC1|TLC2|TLD4|TLD6|TLE3|TLE4|TLF1|TLF2|TLG1|TLG2|TLH1|TLH2|TLH3|TLJ1
uk,TLD3,Uni,,20,500,1,GBP,2140.7654199612598,0.26850458711315484,574.80533519281755,315.85680615428737,0.14754386595052682,True,2481758.4867346594,51822190.267716013,0,41755633.838088863,49340431.780981354,41755633.838088863,True,True,0.13557235830696721,True,False,15,London|TLC1|TLC2|TLD4|TLD6|TLE3|TLE4|TLF1|TLF2|TLG1|TLG2|TLH1|TLH2|TLH3|TLJ1
uk,TLD3,LU,,10,100,0.5,GBP,2140.7654199612598,0.10814084294449999,231.50417706104716,249.26843440331402,0.11643892977672672,False,899221.01217855117,37145221.278075032,0,81729271.406556576,36246000.265896484,81729271.406556576,True,True,0.032291493739191261,True,False,15,London|TLC1|TLC2|TLD4|TLD6|TLE3|TLE4|TLF1|TLF2|TLG1|TLG2|TLH1|TLH2|TLH3|TLJ1
uk,TLD3,LU,,10,300,0.5,GBP,2140.7654199612598,0.10814084294449999,231.50417706104716,249.26843440331402,0.11643892977672672,False,7467636.7368687885,66914548.679070435,0,29857391.503494728,59446911.942201644,29857391.503494728,True,True,0.11829149373919126,True,False,15,London|TLC1|TLC2|TLD4|TLD6|TLE3|TLE4|TLF1|TLF2|TLG1|TLG2|TLH1|TLH2|TLH3|TLJ1
uk,TLD3,LU,,10,500,0.5,GBP,2140.7654199612598,0.10814084294449999,231.50417706104716,249.26843440331402,0.11643892977672672,False,9378153.9684342165,77128663.769231722,1084792.9147544471,41508329.257202789,67750509.800797507,40423536.342448339,True,True,0.20429149373919128,False,False,15,London|TLC1|TLC2|TLD4|TLD6|TLE3|TLE4|TLF1|TLF2|TLG1|TLG2|TLH1|TLH2|TLH3|TLJ1
uk,TLD3,LU,,10,100,0.80000000000000004,GBP,2140.7654199612598,0.13739328648395063,294.12679663967225,249.26843440331402,0.11643892977672672,True,899221.01217855117,54167196.089533113,0,108656997.82536538,53267975.077354565,108656997.82536538,True,True,0.032291493739191261,True,False,15,London|TLC1|TLC2|TLD4|TLD6|TLE3|TLE4|TLF1|TLF2|TLG1|TLG2|TLH1|TLH2|TLH3|TLJ1
uk,TLD3,LU,,10,300,0.80000000000000004,GBP,2140.7654199612598,0.13739328648395063,294.12679663967225,249.26843440331402,0.11643892977672672,True,7467636.7368687885,87066647.651539087,0,47466596.316616461,79599010.914670303,47466596.316616461,True,True,0.11829149373919126,True,False,15,London|TLC1|TLC2|TLD4|TLD6|TLE3|TLE4|TLF1|TLF2|TLG1|TLG2|TLH1|TLH2|TLH3|TLJ1
uk,TLD3,LU,,10,500,0.80000000000000004,GBP,2140.7654199612598,0.13739328648395063,294.12679663967225,249.26843440331402,0.11643892977672672,True,9378153.9684342165,100135054.99137531,1084792.9147544471,64938772.795061864,90756901.022941098,63853979.880307414,True,True,0.20429149373919128,False,False,15,London|TLC1|TLC2|TLD4|TLD6|TLE3|TLE4|TLF1|TLF2|TLG1|TLG2|TLH1|TLH2|TLH3|TLJ1
uk,TLD3,LU,,10,100,0.90000000000000002,GBP,2140.7654199612598,0.14676574218776511,314.19102571051695,249.26843440331402,0.11643892977672672,True,899221.01217855117,59997528.11876516,0,117284616.3258286,59098307.106586613,117284616.3258286,True,True,0.032291493739191261,True,False,15,London|TLC1|TLC2|TLD4|TLD6|TLE3|TLE4|TLF1|TLF2|TLG1|TLG2|TLH1|TLH2|TLH3|TLJ1
uk,TLD3,LU,,10,300,0.90000000000000002,GBP,2140.7654199612598,0.14676574218776511,314.19102571051695,249.26843440331402,0.11643892977672672,True,7467636.7368687885,93658316.619624689,0,53852201.820797205,86190679.882755905,53852201.820797205,True,True,0.11829149373919126,True,False,15,London|TLC1|TLC2|TLD4|TLD6|TLE3|TLE4|TLF1|TLF2|TLG1|TLG2|TLH1|TLH2|TLH3|TLJ1
uk,TLD3,LU,,10,500,0.90000000000000002,GBP,2140.7654199612598,0.14676574218776511,314.19102571051695,249.26843440331402,0.11643892977672672,True,9378153.9684342165,107795883.73409846,1084792.9147544471,73566391.295525089,98417729.76566425,72481598.380770639,True,True,0.20429149373919128,False,False,15,London|TLC1|TLC2|TLD4|TLD6|TLE3|TLE4|TLF1|TLF2|TLG1|TLG2|TLH1|TLH2|TLH3|TLJ1
uk,TLD3,LU,,10,100,1,GBP,2140.7654199612598,0.1844421380150226,394.84735104628248,249.26843440331402,0.11643892977672672,True,899221.01217855117,84603802.562581912,0,151966836.22020778,83704581.550403357,151966836.22020778,True,True,0.032291493739191261,True,False,15,London|TLC1|TLC2|TLD4|TLD6|TLE3|TLE4|TLF1|TLF2|TLG1|TLG2|TLH1|TLH2|TLH3|TLJ1
uk,TLD3,LU,,10,300,1,GBP,2140.7654199612598,0.1844421380150226,394.84735104628248,249.26843440331402,0.11643892977672672,True,7467636.7368687885,121124051.61205147,0,86726230.728254288,113656414.87518269,86726230.728254288,True,True,0.11829149373919126,True,False,15,London|TLC1|TLC2|TLD4|TLD6|TLE3|TLE4|TLF1|TLF2|TLG1|TLG2|TLH1|TLH2|TLH3|TLJ1
uk,TLD3,LU,,10,500,1,GBP,2140.7654199612598,0.1844421380150226,394.84735104628248,249.26843440331402,0.11643892977672672,True,9378153.9684342165,139830165.05065334,1084792.9147544471,108248611.18990424,130452011.08221912,107163818.27514979,True,True,0.20429149373919128,False,False,15,London|TLC1|TLC2|TLD4|TLD6|TLE3|TLE4|TLF1|TLF2|TLG1|TLG2|TLH1|TLH2|TLH3|TLJ1
uk,TLD3,LU,,20,100,0.5,GBP,2140.7654199612598,0.13788554474506745,295.18060610276137,240.1556368304532,0.11218213569368995,True,0,4412056.3101705518,0,0,4412056.3101705518,0,True,True,1.0000000000000001e-09,True,True,15,London|TLC1|TLC2|TLD4|TLD6|TLE3|TLE4|TLF1|TLF2|TLG1|TLG2|TLH1|TLH2|TLH3|TLJ1
uk,TLD3,LU,,20,300,0.5,GBP,2140.7654199612598,0.13788554474506745,295.18060610276137,240.1556368304532,0.11218213569368995,True,612441.27206183318,13226778.19673912,0,0,12614336.924677286,0,True,True,0.049572358306967199,True,True,15,London|TLC1|TLC2|TLD4|TLD6|TLE3|TLE4|TLF1|TLF2|TLG1|TLG2|TLH1|TLH2|TLH3|TLJ1
uk,TLD3,LU,,20,500,0.5,GBP,2140.7654199612598,0.13788554474506745,295.18060610276137,240.1556368304532,0.11218213569368995,True,1422455.0799014994,20919190.199513558,0,0,19496735.11961206,0,True,True,0.13557235830696721,True,True,15,London|TLC1|TLC2|TLD4|TLD6|TLE3|TLE4|TLF1|TLF2|TLG1|TLG2|TLH1|TLH2|TLH3|TLJ1
uk,TLD3,LU,,20,100,0.80000000000000004,GBP,2140.7654199612598,0.17919897807473806,383.62297555479523,240.1556368304532,0.11218213569368995,True,0,8183086.3973119976,0,0,8183086.3973119976,0,True,True,1.0000000000000001e-09,True,True,15,London|TLC1|TLC2|TLD4|TLD6|TLE3|TLE4|TLF1|TLF2|TLG1|TLG2|TLH1|TLH2|TLH3|TLJ1
uk,TLD3,LU,,20,300,0.80000000000000004,GBP,2140.7654199612598,0.17919897807473806,383.62297555479523,240.1556368304532,0.11218213569368995,True,612441.27206183318,19508110.238064732,0,0,18895668.9660029,0,True,True,0.049572358306967199,True,True,15,London|TLC1|TLC2|TLD4|TLD6|TLE3|TLE4|TLF1|TLF2|TLG1|TLG2|TLH1|TLH2|TLH3|TLJ1
uk,TLD3,LU,,20,500,0.80000000000000004,GBP,2140.7654199612598,0.17919897807473806,383.62297555479523,240.1556368304532,0.11218213569368995,True,1422455.0799014994,28896520.101525661,0,618715.01647148619,27474065.021624163,618715.01647148619,True,True,0.13557235830696721,True,False,15,London|TLC1|TLC2|TLD4|TLD6|TLE3|TLE4|TLF1|TLF2|TLG1|TLG2|TLH1|TLH2|TLH3|TLJ1
uk,TLD3,LU,,20,100,0.90000000000000002,GBP,2140.7654199612598,0.19511675788751595,417.69920814054751,240.1556368304532,0.11218213569368995,True,0,9924823.54639831,0,0,9924823.54639831,0,True,True,1.0000000000000001e-09,True,True,15,London|TLC1|TLC2|TLD4|TLD6|TLE3|TLE4|TLF1|TLF2|TLG1|TLG2|TLH1|TLH2|TLH3|TLJ1
uk,TLD3,LU,,20,300,0.90000000000000002,GBP,2140.7654199612598,0.19511675788751595,417.69920814054751,240.1556368304532,0.11218213569368995,True,612441.27206183318,22122727.639552359,0,0,21510286.367490526,0,True,True,0.049572358306967199,True,True,15,London|TLC1|TLC2|TLD4|TLD6|TLE3|TLE4|TLF1|TLF2|TLG1|TLG2|TLH1|TLH2|TLH3|TLJ1
uk,TLD3,LU,,20,500,0.90000000000000002,GBP,2140.7654199612598,0.19511675788751595,417.69920814054751,240.1556368304532,0.11218213569368995,True,1422455.0799014994,32254248.79316194,0,3943902.06698725,30831793.713260442,3943902.06698725,True,True,0.13557235830696721,True,False,15,London|TLC1|TLC2|TLD4|TLD6|TLE3|TLE4|TLF1|TLF2|TLG1|TLG2|TLH1|TLH2|TLH3|TLJ1
uk,TLD3,LU,,20,100,1,GBP,2140.7654199612598,0.25279013454619531,541.16437854384912,240.1556368304532,0.11218213569368995,True,0,17804576.675301839,0,0,17804576.675301839,0,True,True,1.0000000000000001e-09,True,True,15,London|TLC1|TLC2|TLD4|TLD6|TLE3|TLE4|TLF1|TLF2|TLG1|TLG2|TLH1|TLH2|TLH3|TLJ1
uk,TLD3,LU,,20,300,1,GBP,2140.7654199612598,0.25279013454619531,541.16437854384912,240.1556368304532,0.11218213569368995,True,612441.27206183318,32546093.45331192,0,0,31933652.181250088,0,True,True,0.049572358306967199,True,True,15,London|TLC1|TLC2|TLD4|TLD6|TLE3|TLE4|TLF1|TLF2|TLG1|TLG2|TLH1|TLH2|TLH3|TLJ1
uk,TLD3,LU,,20,500,1,GBP,2140.7654199612598,0.25279013454619531,541.16437854384912,240.1556368304532,0.11218213569368995,True,1422455.0799014994,48096305.87417791,0,36752869.216212228,46673850.794276409,36752869.216212228,True,True,0.13557235830696721,True,False,15,London|TLC1|TLC2|TLD4|TLD6|TLE3|TLE4|TLF1|TLF2|TLG1|TLG2|TLH1|TLH2|TLH3|TLJ1
uk,TLD3,GNN,42,10,100,0.5,GBP,2140.7654199612598,0.080475159033523869,172.27843762485088,144.36351683652981,0.067435467468986987,True,450750.58288886613,20401806.406401828,0,46015365.566718124,19951055.82351296,46015365.566718124,True,True,0.032291493739191261,True,False,15,London|TLC1|TLC2|TLD4|TLD6|TLE3|TLE4|TLF1|TLF2|TLG1|TLG2|TLH1|TLH2|TLH3|TLJ1
uk,TLD3,GNN,42,10,300,0.5,GBP,2140.7654199612598,0.080475159033523869,172.27843762485088,144.36351683652981,0.067435467468986987,True,5069079.3287621401,49040819.434975244,1733.455325238765,36275488.133384116,43971740.106213108,36273754.678058878,True,True,0.11829149373919126,False,False,15,London|TLC1|TLC2|TLD4|TLD6|TLE3|TLE4|TLF1|TLF2|TLG1|TLG2|TLH1|TLH2|TLH3|TLJ1
uk,TLD3,GNN,42,10,500,0.5,GBP,2140.7654199612598,0.080475159033523869,172.27843762485088,144.36351683652981,0.067435467468986987,True,7376279.0968872625,57424790.317613862,2298218.2578484183,28301233.379471611,50048511.220726602,26003015.121623192,True,True,0.20429149373919128,False,False,15,London|TLC1|TLC2|TLD4|TLD6|TLE3|TLE4|TLF1|TLF2|TLG1|TLG2|TLH1|TLH2|TLH3|TLJ1
uk,TLD3,GNN,42,10,100,0.80000000000000004,GBP,2140.7654199612598,0.10481476329307282,224.38382075923508,144.36351683652981,0.067435467468986987,True,450750.58288886613,32843747.684212212,0,68420680.314503342,32392997.101323344,68420680.314503342,True,True,0.032291493739191261,True,False,15,London|TLC1|TLC2|TLD4|TLD6|TLE3|TLE4|TLF1|TLF2|TLG1|TLG2|TLH1|TLH2|TLH3|TLJ1
uk,TLD3,GNN,42,10,300,0.80000000000000004,GBP,2140.7654199612598,0.10481476329307282,224.38382075923508,144.36351683652981,0.067435467468986987,True,5069079.3287621401,65562690.301223412,1733.455325238765,54814598.13565091,60493610.972461268,54812864.680325672,True,True,0.11829149373919126,False,False,15,London|TLC1|TLC2|TLD4|TLD6|TLE3|TLE4|TLF1|TLF2|TLG1|TLG2|TLH1|TLH2|TLH3|TLJ1
uk,TLD3,GNN,42,10,500,0.80000000000000004,GBP,2140.7654199612598,0.10481476329307282,224.38382075923508,144.36351683652981,0.067435467468986987,True,7376279.0968872625,76388072.776289552,2298218.2578484183,46764785.224768184,69011793.679402292,44466566.966919765,True,True,0.20429149373919128,False,False,15,London|TLC1|TLC2|TLD4|TLD6|TLE3|TLE4|TLF1|TLF2|TLG1|TLG2|TLH1|TLH2|TLH3|TLJ1
uk,TLD3,GNN,42,10,100,0.90000000000000002,GBP,2140.7654199612598,0.11761736880872931,251.79119593255777,144.36351683652981,0.067435467468986987,True,450750.58288886613,40098661.322425745,0,80205851.639032096,39647910.739536881,80205851.639032096,True,True,0.032291493739191261,True,False,15,London|TLC1|TLC2|TLD4|TLD6|TLE3|TLE4|TLF1|TLF2|TLG1|TLG2|TLH1|TLH2|TLH3|TLJ1
uk,TLD3,GNN,42,10,300,0.90000000000000002,GBP,2140.7654199612598,0.11761736880872931,251.79119593255777,144.36351683652981,0.067435467468986987,True,5069079.3287621401,74403802.697805688,1733.455325238765,65421252.327726804,69334723.369043544,65419518.872401565,True,True,0.11829149373919126,False,False,15,London|TLC1|TLC2|TLD4|TLD6|TLE3|TLE4|TLF1|TLF2|TLG1|TLG2|TLH1|TLH2|TLH3|TLJ1
uk,TLD3,GNN,42,10,500,0.90000000000000002,GBP,2140.7654199612598,0.11761736880872931,251.79119593255777,144.36351683652981,0.067435467468986987,True,7376279.0968872625,86764537.585139111,2298218.2578484183,58221244.707319424,79388258.48825185,55923026.449471004,True,True,0.20429149373919128,False,False,15,London|TLC1|TLC2|TLD4|TLD6|TLE3|TLE4|TLF1|TLF2|TLG1|TLG2|TLH1|TLH2|TLH3|TLJ1
uk,TLD3,GNN,42,10,100,1,GBP,2140.7654199612598,0.1290144261103755,276.18962209323894,144.36351683652981,0.067435467468986987,True,450750.58288886613,46875750.418573886,0,90697174.888124987,46424999.835685022,90697174.888124987,True,True,0.032291493739191261,True,False,15,London|TLC1|TLC2|TLD4|TLD6|TLE3|TLE4|TLF1|TLF2|TLG1|TLG2|TLH1|TLH2|TLH3|TLJ1
uk,TLD3,GNN,42,10,300,1,GBP,2140.7654199612598,0.1290144261103755,276.18962209323894,144.36351683652981,0.067435467468986987,True,5069079.3287621401,82390354.092656553,1733.455325238765,74943873.679861352,77321274.763894409,74942140.224536106,True,True,0.11829149373919126,False,False,15,London|TLC1|TLC2|TLD4|TLD6|TLE3|TLE4|TLF1|TLF2|TLG1|TLG2|TLH1|TLH2|TLH3|TLJ1
uk,TLD3,GNN,42,10,500,1,GBP,2140.7654199612598,0.1290144261103755,276.18962209323894,144.36351683652981,0.067435467468986987,True,7376279.0968872625,96297060.911205813,2298218.2578484183,68712567.956412345,88920781.814318553,66414349.698563926,True,True,0.20429149373919128,False,False,15,London|TLC1|TLC2|TLD4|TLD6|TLE3|TLE4|TLF1|TLF2|TLG1|TLG2|TLH1|TLH2|TLH3|TLJ1
uk,TLD3,GNN,42,20,100,0.5,GBP,2140.7654199612598,0.11143395583800558,238.5539592674925,135.67225091912724,0.063375580366756126,True,0,2030523.5371395564,0,0,2030523.5371395564,0,True,True,1.0000000000000001e-09,True,True,15,London|TLC1|TLC2|TLD4|TLD6|TLE3|TLE4|TLF1|TLF2|TLG1|TLG2|TLH1|TLH2|TLH3|TLJ1
uk,TLD3,GNN,42,20,300,0.5,GBP,2140.7654199612598,0.11143395583800558,238.5539592674925,135.67225091912724,0.063375580366756126,True,434804.93085078947,9344353.2524765208,0,0,8909548.3216257319,0,True,True,0.049572358306967199,True,True,15,London|TLC1|TLC2|TLD4|TLD6|TLE3|TLE4|TLF1|TLF2|TLG1|TLG2|TLH1|TLH2|TLH3|TLJ1
uk,TLD3,GNN,42,20,500,0.5,GBP,2140.7654199612598,0.11143395583800558,238.5539592674925,135.67225091912724,0.063375580366756126,True,977387.05755688855,16820571.804115485,0,0,15843184.746558597,0,True,True,0.13557235830696721,True,True,15,London|TLC1|TLC2|TLD4|TLD6|TLE3|TLE4|TLF1|TLF2|TLG1|TLG2|TLH1|TLH2|TLH3|TLJ1
uk,TLD3,GNN,42,20,100,0.80000000000000004,GBP,2140.7654199612598,0.13006400478392985,278.43652382311291,135.67225091912724,0.063375580366756126,True,0,3238180.9161707675,0,0,3238180.9161707675,0,True,True,1.0000000000000001e-09,True,True,15,London|TLC1|TLC2|TLD4|TLD6|TLE3|TLE4|TLF1|TLF2|TLG1|TLG2|TLH1|TLH2|TLH3|TLJ1
uk,TLD3,GNN,42,20,300,0.80000000000000004,GBP,2140.7654199612598,0.13006400478392985,278.43652382311291,135.67225091912724,0.063375580366756126,True,434804.93085078947,11882161.984927978,0,0,11447357.054077189,0,True,True,0.049572358306967199,True,True,15,London|TLC1|TLC2|TLD4|TLD6|TLE3|TLE4|TLF1|TLF2|TLG1|TLG2|TLH1|TLH2|TLH3|TLJ1
uk,TLD3,GNN,42,20,500,0.80000000000000004,GBP,2140.7654199612598,0.13006400478392985,278.43652382311291,135.67225091912724,0.063375580366756126,True,977387.05755688855,20229349.816697348,0,0,19251962.759140458,0,True,True,0.13557235830696721,True,True,15,London|TLC1|TLC2|TLD4|TLD6|TLE3|TLE4|TLF1|TLF2|TLG1|TLG2|TLH1|TLH2|TLH3|TLJ1
uk,TLD3,GNN,42,20,100,0.90000000000000002,GBP,2140.7654199612598,0.13835071718294606,296.17643117209099,135.67225091912724,0.063375580366756126,True,0,3824614.1760965972,0,0,3824614.1760965972,0,True,True,1.0000000000000001e-09,True,True,15,London|TLC1|TLC2|TLD4|TLD6|TLE3|TLE4|TLF1|TLF2|TLG1|TLG2|TLH1|TLH2|TLH3|TLJ1
uk,TLD3,GNN,42,20,300,0.90000000000000002,GBP,2140.7654199612598,0.13835071718294606,296.17643117209099,135.67225091912724,0.063375580366756126,True,434804.93085078947,13072755.047239164,0,0,12637950.116388375,0,True,True,0.049572358306967199,True,True,15,London|TLC1|TLC2|TLD4|TLD6|TLE3|TLE4|TLF1|TLF2|TLG1|TLG2|TLH1|TLH2|TLH3|TLJ1
uk,TLD3,GNN,42,20,500,0.90000000000000002,GBP,2140.7654199612598,0.13835071718294606,296.17643117209099,135.67225091912724,0.063375580366756126,True,977387.05755688855,21803498.946425166,0,0,20826111.888868276,0,True,True,0.13557235830696721,True,True,15,London|TLC1|TLC2|TLD4|TLD6|TLE3|TLE4|TLF1|TLF2|TLG1|TLG2|TLH1|TLH2|TLH3|TLJ1
uk,TLD3,GNN,42,20,100,1,GBP,2140.7654199612598,0.18426215839381918,394.46205689691249,135.67225091912724,0.063375580366756126,True,0,7888971.2856887151,0,0,7888971.2856887151,0,True,True,1.0000000000000001e-09,True,True,15,London|TLC1|TLC2|TLD4|TLD6|TLE3|TLE4|TLF1|TLF2|TLG1|TLG2|TLH1|TLH2|TLH3|TLJ1
uk,TLD3,GNN,42,20,300,1,GBP,2140.7654199612598,0.18426215839381918,394.46205689691249,135.67225091912724,0.063375580366756126,True,434804.93085078947,20404030.745387703,0,0,19969225.814536914,0,True,True,0.049572358306967199,True,True,15,London|TLC1|TLC2|TLD4|TLD6|TLE3|TLE4|TLF1|TLF2|TLG1|TLG2|TLH1|TLH2|TLH3|TLJ1
uk,TLD3,GNN,42,20,500,1,GBP,2140.7654199612598,0.18426215839381918,394.46205689691249,135.67225091912724,0.063375580366756126,True,977387.05755688855,31403789.259936057,0,3516011.8957980596,30426402.202379167,3516011.8957980596,True,True,0.13557235830696721,True,False,15,London|TLC1|TLC2|TLD4|TLD6|TLE3|TLE4|TLF1|TLF2|TLG1|TLG2|TLH1|TLH2|TLH3|TLJ1
uk,TLD3,GNN,123,10,100,0.5,GBP,2140.7654199612598,0.077646806699874185,166.22359875350693,161.55771577856217,0.07546726711490219,True,656662.29498709657,19421302.480186876,0,42392020.901185706,18764640.185199779,42392020.901185706,True,True,0.032291493739191261,True,False,15,London|TLC1|TLC2|TLD4|TLD6|TLE3|TLE4|TLF1|TLF2|TLG1|TLG2|TLH1|TLH2|TLH3|TLJ1
uk,TLD3,GNN,123,10,300,0.5,GBP,2140.7654199612598,0.077646806699874185,166.22359875350693,161.55771577856217,0.07546726711490219,True,5742461.1880545272,46869808.753957264,1733.455325238765,32386163.309096981,41127347.56590274,32384429.853771742,True,True,0.11829149373919126,False,False,15,London|TLC1|TLC2|TLD4|TLD6|TLE3|TLE4|TLF1|TLF2|TLG1|TLG2|TLH1|TLH2|TLH3|TLJ1
uk,TLD3,GNN,123,10,500,0.5,GBP,2140.7654199612598,0.077646806699874185,166.22359875350693,161.55771577856217,0.07546726711490219,True,8007206.298084694,55050577.597719043,1405003.4929901636,24981352.99253761,47043371.299634352,23576349.499547448,True,True,0.20429149373919128,False,False,15,London|TLC1|TLC2|TLD4|TLD6|TLE3|TLE4|TLF1|TLF2|TLG1|TLG2|TLH1|TLH2|TLH3|TLJ1
uk,TLD3,GNN,123,10,100,0.80000000000000004,GBP,2140.7654199612598,0.10761152358212096,230.37102847395019,161.55771577856217,0.07546726711490219,True,656662.29498709657,34665150.749418408,0,69975415.680976301,34008488.45443131,69975415.680976301,True,True,0.032291493739191261,True,False,15,London|TLC1|TLC2|TLD4|TLD6|TLE3|TLE4|TLF1|TLF2|TLG1|TLG2|TLH1|TLH2|TLH3|TLJ1
uk,TLD3,GNN,123,10,300,0.80000000000000004,GBP,2140.7654199612598,0.10761152358212096,230.37102847395019,161.55771577856217,0.07546726711490219,True,5742461.1880545272,67144882.084575564,1733.455325238765,53199818.466956362,61402420.896521039,53198085.011631124,True,True,0.11829149373919126,False,False,15,London|TLC1|TLC2|TLD4|TLD6|TLE3|TLE4|TLF1|TLF2|TLG1|TLG2|TLH1|TLH2|TLH3|TLJ1
uk,TLD3,GNN,123,10,500,0.80000000000000004,GBP,2140.7654199612598,0.10761152358212096,230.37102847395019,161.55771577856217,0.07546726711490219,True,8007206.298084694,78308699.397986397,1405003.4929901636,47814883.812560722,70301493.099901706,46409880.319570556,True,True,0.20429149373919128,False,False,15,London|TLC1|TLC2|TLD4|TLD6|TLE3|TLE4|TLF1|TLF2|TLG1|TLG2|TLH1|TLH2|TLH3|TLJ1
uk,TLD3,GNN,123,10,100,0.90000000000000002,GBP,2140.7654199612598,0.11442878970122268,244.96519604039665,161.55771577856217,0.07546726711490219,True,656662.29498709657,38519249.297413558,0,76250907.734548271,37862587.00242646,76250907.734548271,True,True,0.032291493739191261,True,False,15,London|TLC1|TLC2|TLD4|TLD6|TLE3|TLE4|TLF1|TLF2|TLG1|TLG2|TLH1|TLH2|TLH3|TLJ1
uk,TLD3,GNN,123,10,300,0.90000000000000002,GBP,2140.7654199612598,0.11442878970122268,244.96519604039665,161.55771577856217,0.07546726711490219,True,5742461.1880545272,71833002.485949069,1733.455325238765,58533986.712492526,66090541.297894545,58532253.257167287,True,True,0.11829149373919126,False,False,15,London|TLC1|TLC2|TLD4|TLD6|TLE3|TLE4|TLF1|TLF2|TLG1|TLG2|TLH1|TLH2|TLH3|TLJ1
uk,TLD3,GNN,123,10,500,0.90000000000000002,GBP,2140.7654199612598,0.11442878970122268,244.96519604039665,161.55771577856217,0.07546726711490219,True,8007206.298084694,83795340.611611664,1405003.4929901636,54090375.866132721,75788134.313526973,52685372.373142555,True,True,0.20429149373919128,False,False,15,London|TLC1|TLC2|TLD4|TLD6|TLE3|TLE4|TLF1|TLF2|TLG1|TLG2|TLH1|TLH2|TLH3|TLJ1
uk,TLD3,GNN,123,10,100,1,GBP,2140.7654199612598,0.11859490231483208,253.88386585927609,161.55771577856217,0.07546726711490219,True,656662.29498709657,40924985.736431412,0,80085935.756666392,40268323.441444315,80085935.756666392,True,True,0.032291493739191261,True,False,15,London|TLC1|TLC2|TLD4|TLD6|TLE3|TLE4|TLF1|TLF2|TLG1|TLG2|TLH1|TLH2|TLH3|TLJ1
uk,TLD3,GNN,123,10,300,1,GBP,2140.7654199612598,0.11859490231483208,253.88386585927609,161.55771577856217,0.07546726711490219,True,5742461.1880545272,74713048.505975619,1733.455325238765,61793760.531292953,68970587.317921087,61792027.075967714,True,True,0.11829149373919126,False,False,15,London|TLC1|TLC2|TLD4|TLD6|TLE3|TLE4|TLF1|TLF2|TLG1|TLG2|TLH1|TLH2|TLH3|TLJ1
uk,TLD3,GNN,123,10,500,1,GBP,2140.7654199612598,0.11859490231483208,253.88386585927609,161.55771577856217,0.07546726711490219,True,8007206.298084694,87196769.878122404,1405003.4929901636,57925403.88825085,79189563.580037713,56520400.395260684,True,True,0.20429149373919128,False,False,15,London|TLC1|TLC2|TLD4|TLD6|TLE3|TLE4|TLF1|TLF2|TLG1|TLG2|TLH1|TLH2|TLH3|TLJ1
uk,TLD3,GNN,123,20,100,0.5,GBP,2140.7654199612598,0.10479265204263445,224.3364857589045,150.11325010623727,0.070121298067750831,True,0,1574617.3085556442,0,0,1574617.3085556442,0,True,True,1.0000000000000001e-09,True,True,15,London|TLC1|TLC2|TLD4|TLD6|TLE3|TLE4|TLF1|TLF2|TLG1|TLG2|TLH1|TLH2|TLH3|TLJ1
uk,TLD3,GNN,123,20,300,0.5,GBP,2140.7654199612598,0.10479265204263445,224.3364857589045,150.11325010623727,0.070121298067750831,True,430394.17304880085,8726128.9298052974,0,0,8295734.7567564966,0,True,True,0.049572358306967199,True,True,15,London|TLC1|TLC2|TLD4|TLD6|TLE3|TLE4|TLF1|TLF2|TLG1|TLG2|TLH1|TLH2|TLH3|TLJ1
uk,TLD3,GNN,123,20,500,0.5,GBP,2140.7654199612598,0.10479265204263445,224.3364857589045,150.11325010623727,0.070121298067750831,True,1108350.2692344908,15655680.237906691,0,0,14547329.968672199,0,True,True,0.13557235830696721,True,True,15,London|TLC1|TLC2|TLD4|TLD6|TLE3|TLE4|TLF1|TLF2|TLG1|TLG2|TLH1|TLH2|TLH3|TLJ1
uk,TLD3,GNN,123,20,100,0.80000000000000004,GBP,2140.7654199612598,0.12726181798483485,272.43769922333837,150.11325010623727,0.070121298067750831,True,0,3028973.5367591674,0,0,3028973.5367591674,0,True,True,1.0000000000000001e-09,True,True,15,London|TLC1|TLC2|TLD4|TLD6|TLE3|TLE4|TLF1|TLF2|TLG1|TLG2|TLH1|TLH2|TLH3|TLJ1
uk,TLD3,GNN,123,20,300,0.80000000000000004,GBP,2140.7654199612598,0.12726181798483485,272.43769922333837,150.11325010623727,0.070121298067750831,True,430394.17304880085,11687160.163317194,0,0,11256765.990268392,0,True,True,0.049572358306967199,True,True,15,London|TLC1|TLC2|TLD4|TLD6|TLE3|TLE4|TLF1|TLF2|TLG1|TLG2|TLH1|TLH2|TLH3|TLJ1
uk,TLD3,GNN,123,20,500,0.80000000000000004,GBP,2140.7654199612598,0.12726181798483485,272.43769922333837,150.11325010623727,0.070121298067750831,True,1108350.2692344908,19721108.528635029,0,0,18612758.259400539,0,True,True,0.13557235830696721,True,True,15,London|TLC1|TLC2|TLD4|TLD6|TLE3|TLE4|TLF1|TLF2|TLG1|TLG2|TLH1|TLH2|TLH3|TLJ1
uk,TLD3,GNN,123,20,100,0.90000000000000002,GBP,2140.7654199612598,0.1489971008547481,318.96784118432498,150.11325010623727,0.070121298067750831,True,0,4656657.5660639284,0,0,4656657.5660639284,0,True,True,1.0000000000000001e-09,True,True,15,London|TLC1|TLC2|TLD4|TLD6|TLE3|TLE4|TLF1|TLF2|TLG1|TLG2|TLH1|TLH2|TLH3|TLJ1
uk,TLD3,GNN,123,20,300,0.90000000000000002,GBP,2140.7654199612598,0.1489971008547481,318.96784118432498,150.11325010623727,0.070121298067750831,True,430394.17304880085,14898477.308840824,0,0,14468083.135792023,0,True,True,0.049572358306967199,True,True,15,London|TLC1|TLC2|TLD4|TLD6|TLE3|TLE4|TLF1|TLF2|TLG1|TLG2|TLH1|TLH2|TLH3|TLJ1
uk,TLD3,GNN,123,20,500,0.90000000000000002,GBP,2140.7654199612598,0.1489971008547481,318.96784118432498,150.11325010623727,0.070121298067750831,True,1108350.2692344908,23893487.834381647,0,148883.71604804331,22785137.565147158,148883.71604804331,True,True,0.13557235830696721,True,False,15,London|TLC1|TLC2|TLD4|TLD6|TLE3|TLE4|TLF1|TLF2|TLG1|TLG2|TLH1|TLH2|TLH3|TLJ1
uk,TLD3,GNN,123,20,100,1,GBP,2140.7654199612598,0.16208594624878639,346.98798879110137,150.11325010623727,0.070121298067750831,True,0,5770915.6725825556,0,0,5770915.6725825556,0,True,True,1.0000000000000001e-09,True,True,15,London|TLC1|TLC2|TLD4|TLD6|TLE3|TLE4|TLF1|TLF2|TLG1|TLG2|TLH1|TLH2|TLH3|TLJ1
uk,TLD3,GNN,123,20,300,1,GBP,2140.7654199612598,0.16208594624878639,346.98798879110137,150.11325010623727,0.070121298067750831,True,430394.17304880085,16966775.028801799,0,0,16536380.855752997,0,True,True,0.049572358306967199,True,True,15,London|TLC1|TLC2|TLD4|TLD6|TLE3|TLE4|TLF1|TLF2|TLG1|TLG2|TLH1|TLH2|TLH3|TLJ1
uk,TLD3,GNN,123,20,500,1,GBP,2140.7654199612598,0.16208594624878639,346.98798879110137,150.11325010623727,0.070121298067750831,True,1108350.2692344908,26530830.468446054,0,1352435.1938152139,25422480.199211564,1352435.1938152139,True,True,0.13557235830696721,True,False,15,London|TLC1|TLC2|TLD4|TLD6|TLE3|TLE4|TLF1|TLF2|TLG1|TLG2|TLH1|TLH2|TLH3|TLJ1
uk,TLD3,GNN,456,10,100,0.5,GBP,2140.7654199612598,0.081310349382180944,174.06638424234134,154.49232734077509,0.07216686419737238,True,519545.54806633748,21049586.892572474,0,47893156.21574986,20530041.344506137,47893156.21574986,True,True,0.032291493739191261,True,False,15,London|TLC1|TLC2|TLD4|TLD6|TLE3|TLE4|TLF1|TLF2|TLG1|TLG2|TLH1|TLH2|TLH3|TLJ1
uk,TLD3,GNN,456,10,300,0.5,GBP,2140.7654199612598,0.081310349382180944,174.06638424234134,154.49232734077509,0.07216686419737238,True,5920762.2801892599,49469852.352436565,0,31229241.567886449,43549090.072247304,31229241.567886449,True,True,0.11829149373919126,True,False,15,London|TLC1|TLC2|TLD4|TLD6|TLE3|TLE4|TLF1|TLF2|TLG1|TLG2|TLH1|TLH2|TLH3|TLJ1
uk,TLD3,GNN,456,10,500,0.5,GBP,2140.7654199612598,0.081310349382180944,174.06638424234134,154.49232734077509,0.07216686419737238,True,8084909.9352067569,57979488.360393949,1405003.4929901636,29570354.858549021,49894578.425187193,28165351.365558859,True,True,0.20429149373919128,False,False,15,London|TLC1|TLC2|TLD4|TLD6|TLE3|TLE4|TLF1|TLF2|TLG1|TLG2|TLH1|TLH2|TLH3|TLJ1
uk,TLD3,GNN,456,10,100,0.80000000000000004,GBP,2140.7654199612598,0.10976070553265407,234.97192287485638,154.49232734077509,0.07216686419737238,True,519545.54806633748,35896519.525202148,0,74082537.827731341,35376973.977135807,74082537.827731341,True,True,0.032291493739191261,True,False,15,London|TLC1|TLC2|TLD4|TLD6|TLE3|TLE4|TLF1|TLF2|TLG1|TLG2|TLH1|TLH2|TLH3|TLJ1
uk,TLD3,GNN,456,10,300,0.80000000000000004,GBP,2140.7654199612598,0.10976070553265407,234.97192287485638,154.49232734077509,0.07216686419737238,True,5920762.2801892599,68815651.123041317,0,50039966.166541189,62894888.842852056,50039966.166541189,True,True,0.11829149373919126,True,False,15,London|TLC1|TLC2|TLD4|TLD6|TLE3|TLE4|TLF1|TLF2|TLG1|TLG2|TLH1|TLH2|TLH3|TLJ1
uk,TLD3,GNN,456,10,500,0.80000000000000004,GBP,2140.7654199612598,0.10976070553265407,234.97192287485638,154.49232734077509,0.07216686419737238,True,8084909.9352067569,80227667.209823146,1405003.4929901636,52494403.802180246,72142757.27461639,51089400.30919008,True,True,0.20429149373919128,False,False,15,London|TLC1|TLC2|TLD4|TLD6|TLE3|TLE4|TLF1|TLF2|TLG1|TLG2|TLH1|TLH2|TLH3|TLJ1
uk,TLD3,GNN,456,10,100,0.90000000000000002,GBP,2140.7654199612598,0.11634754585348168,249.07280286049064,154.49232734077509,0.07216686419737238,True,519545.54806633748,39649536.046651244,0,80145916.221554041,39129990.498584904,80145916.221554041,True,True,0.032291493739191261,True,False,15,London|TLC1|TLC2|TLD4|TLD6|TLE3|TLE4|TLF1|TLF2|TLG1|TLG2|TLH1|TLH2|TLH3|TLJ1
uk,TLD3,GNN,456,10,300,0.90000000000000002,GBP,2140.7654199612598,0.11634754585348168,249.07280286049064,154.49232734077509,0.07216686419737238,True,5920762.2801892599,73365275.267931372,0,54587499.961908258,67444512.987742111,54587499.961908258,True,True,0.11829149373919126,True,False,15,London|TLC1|TLC2|TLD4|TLD6|TLE3|TLE4|TLF1|TLF2|TLG1|TLG2|TLH1|TLH2|TLH3|TLJ1
uk,TLD3,GNN,456,10,500,0.90000000000000002,GBP,2140.7654199612598,0.11634754585348168,249.07280286049064,154.49232734077509,0.07216686419737238,True,8084909.9352067569,85549364.120635167,1405003.4929901636,58557782.196002975,77464454.185428411,57152778.703012809,True,True,0.20429149373919128,False,False,15,London|TLC1|TLC2|TLD4|TLD6|TLE3|TLE4|TLF1|TLF2|TLG1|TLG2|TLH1|TLH2|TLH3|TLJ1
uk,TLD3,GNN,456,10,100,1,GBP,2140.7654199612598,0.13218543938455474,282.97801765684,154.49232734077509,0.07216686419737238,True,519545.54806633748,49051374.265566505,0,94725158.583984256,48531828.717500165,94725158.583984256,True,True,0.032291493739191261,True,False,15,London|TLC1|TLC2|TLD4|TLD6|TLE3|TLE4|TLF1|TLF2|TLG1|TLG2|TLH1|TLH2|TLH3|TLJ1
uk,TLD3,GNN,456,10,300,1,GBP,2140.7654199612598,0.13218543938455474,282.97801765684,154.49232734077509,0.07216686419737238,True,5920762.2801892599,84468127.14000012,0,66423116.303784251,78547364.859810859,66423116.303784251,True,True,0.11829149373919126,True,False,15,London|TLC1|TLC2|TLD4|TLD6|TLE3|TLE4|TLF1|TLF2|TLG1|TLG2|TLH1|TLH2|TLH3|TLJ1
uk,TLD3,GNN,456,10,500,1,GBP,2140.7654199612598,0.13218543938455474,282.97801765684,154.49232734077509,0.07216686419737238,True,8084909.9352067569,98724575.365720585,1405003.4929901636,73137024.558433205,90639665.430513829,71732021.065443039,True,True,0.20429149373919128,False,False,15,London|TLC1|TLC2|TLD4|TLD6|TLE3|TLE4|TLF1|TLF2|TLG1|TLG2|TLH1|TLH2|TLH3|TLJ1
uk,TLD3,GNN,456,20,100,0.5,GBP,2140.7654199612598,0.11455621107299449,245.23797530684976,155.47723665400736,0.072626937638417641,True,0,2219112.4672750002,0,0,2219112.4672750002,0,True,True,1.0000000000000001e-09,True,True,15,London|TLC1|TLC2|TLD4|TLD6|TLE3|TLE4|TLF1|TLF2|TLG1|TLG2|TLH1|TLH2|TLH3|TLJ1
uk,TLD3,GNN,456,20,300,0.5,GBP,2140.7654199612598,0.11455621107299449,245.23797530684976,155.47723665400736,0.072626937638417641,True,423856.97203457798,9774662.7515392955,0,0,9350805.7795047183,0,True,True,0.049572358306967199,True,True,15,London|TLC1|TLC2|TLD4|TLD6|TLE3|TLE4|TLF1|TLF2|TLG1|TLG2|TLH1|TLH2|TLH3|TLJ1
uk,TLD3,GNN,456,20,500,0.5,GBP,2140.7654199612598,0.11455621107299449,245.23797530684976,155.47723665400736,0.072626937638417641,True,983706.11465757468,17275667.401703212,0,0,16291961.287045637,0,True,True,0.13557235830696721,True,True,15,London|TLC1|TLC2|TLD4|TLD6|TLE3|TLE4|TLF1|TLF2|TLG1|TLG2|TLH1|TLH2|TLH3|TLJ1
uk,TLD3,GNN,456,20,100,0.80000000000000004,GBP,2140.7654199612598,0.15453254388651785,330.81792621090318,155.47723665400736,0.072626937638417641,True,0,5091211.3200813588,0,0,5091211.3200813588,0,True,True,1.0000000000000001e-09,True,True,15,London|TLC1|TLC2|TLD4|TLD6|TLE3|TLE4|TLF1|TLF2|TLG1|TLG2|TLH1|TLH2|TLH3|TLJ1
uk,TLD3,GNN,456,20,300,0.80000000000000004,GBP,2140.7654199612598,0.15453254388651785,330.81792621090318,155.47723665400736,0.072626937638417641,True,423856.97203457798,15532795.452715836,0,0,15108938.480681259,0,True,True,0.049572358306967199,True,True,15,London|TLC1|TLC2|TLD4|TLD6|TLE3|TLE4|TLF1|TLF2|TLG1|TLG2|TLH1|TLH2|TLH3|TLJ1
uk,TLD3,GNN,456,20,500,0.80000000000000004,GBP,2140.7654199612598,0.15453254388651785,330.81792621090318,155.47723665400736,0.072626937638417641,True,983706.11465757468,24851558.245031349,0,241871.73333263729,23867852.130373776,241871.73333263729,True,True,0.13557235830696721,True,False,15,London|TLC1|TLC2|TLD4|TLD6|TLE3|TLE4|TLF1|TLF2|TLG1|TLG2|TLH1|TLH2|TLH3|TLJ1
uk,TLD3,GNN,456,20,100,0.90000000000000002,GBP,2140.7654199612598,0.15691380366206784,335.91564479434533,155.47723665400736,0.072626937638417641,True,0,5288319.4661640022,0,0,5288319.4661640022,0,True,True,1.0000000000000001e-09,True,True,15,London|TLC1|TLC2|TLD4|TLD6|TLE3|TLE4|TLF1|TLF2|TLG1|TLG2|TLH1|TLH2|TLH3|TLJ1
uk,TLD3,GNN,456,20,300,0.90000000000000002,GBP,2140.7654199612598,0.15691380366206784,335.91564479434533,155.47723665400736,0.072626937638417641,True,423856.97203457798,15909310.968453517,0,0,15485453.99641894,0,True,True,0.049572358306967199,True,True,15,London|TLC1|TLC2|TLD4|TLD6|TLE3|TLE4|TLF1|TLF2|TLG1|TLG2|TLH1|TLH2|TLH3|TLJ1
uk,TLD3,GNN,456,20,500,0.90000000000000002,GBP,2140.7654199612598,0.15691380366206784,335.91564479434533,155.47723665400736,0.072626937638417641,True,983706.11465757468,25331610.404034097,0,351472.6828766446,24347904.289376523,351472.6828766446,True,True,0.13557235830696721,True,False,15,London|TLC1|TLC2|TLD4|TLD6|TLE3|TLE4|TLF1|TLF2|TLG1|TLG2|TLH1|TLH2|TLH3|TLJ1
uk,TLD3,GNN,456,20,100,1,GBP,2140.7654199612598,0.17087764559264457,365.80895472912908,155.47723665400736,0.072626937638417641,True,0,6554785.3008855721,0,0,6554785.3008855721,0,True,True,1.0000000000000001e-09,True,True,15,London|TLC1|TLC2|TLD4|TLD6|TLE3|TLE4|TLF1|TLF2|TLG1|TLG2|TLH1|TLH2|TLH3|TLJ1
uk,TLD3,GNN,456,20,300,1,GBP,2140.7654199612598,0.17087764559264457,365.80895472912908,155.47723665400736,0.072626937638417641,True,423856.97203457798,18152121.047942035,0,0,17728264.075907458,0,True,True,0.049572358306967199,True,True,15,London|TLC1|TLC2|TLD4|TLD6|TLE3|TLE4|TLF1|TLF2|TLG1|TLG2|TLH1|TLH2|TLH3|TLJ1
uk,TLD3,GNN,456,20,500,1,GBP,2140.7654199612598,0.17087764559264457,365.80895472912908,155.47723665400736,0.072626937638417641,True,983706.11465757468,28211255.25042605,0,2319190.1731912429,27227549.135768477,2319190.1731912429,True,True,0.13557235830696721,True,False,15,London|TLC1|TLC2|TLD4|TLD6|TLE3|TLE4|TLF1|TLF2|TLG1|TLG2|TLH1|TLH2|TLH3|TLJ1
uk,TLD4,Uni,,10,100,0.5,GBP,1176.5439485779796,0.12200609890555539,143.54553735693764,192.42895949141871,0.16355441692084383,False,7952050.1790907094,48560364.734444119,7659328.5200668247,46958118.559831582,40608314.555353411,39298790.039764754,True,True,0.043000000000000003,False,False,15,London|TLC1|TLC2|TLD3|TLD6|TLE3|TLE4|TLF1|TLF2|TLG1|TLG2|TLH1|TLH2|TLH3|TLJ1
uk,TLD4,Uni,,10,300,0.5,GBP,1176.5439485779796,0.12200609890555539,143.54553735693764,192.42895949141871,0.16355441692084383,False,14468516.8074506,61095151.463533573,12407314.498394683,38400879.87820673,46626634.656082973,25993565.379812047,True,True,0.129,False,False,15,London|TLC1|TLC2|TLD3|TLD6|TLE3|TLE4|TLF1|TLF2|TLG1|TLG2|TLH1|TLH2|TLH3|TLJ1
uk,TLD4,Uni,,10,500,0.5,GBP,1176.5439485779796,0.12200609890555539,143.54553735693764,192.42895949141871,0.16355441692084383,False,15105604.752131335,61724581.063483216,452529.87611122429,94106733.538703591,46618976.31135188,93654203.662592366,True,True,0.21500000000000002,False,False,15,London|TLC1|TLC2|TLD3|TLD6|TLE3|TLE4|TLF1|TLF2|TLG1|TLG2|TLH1|TLH2|TLH3|TLJ1
uk,TLD4,Uni,,10,100,0.80000000000000004,GBP,1176.5439485779796,0.17494274056401779,205.82782275824258,192.42895949141871,0.16355441692084383,True,7952050.1790907094,74021141.698161095,7659328.5200668247,73739501.28239271,66069091.519070387,66080172.762325883,True,True,0.043000000000000003,False,False,15,London|TLC1|TLC2|TLD3|TLD6|TLE3|TLE4|TLF1|TLF2|TLG1|TLG2|TLH1|TLH2|TLH3|TLJ1
uk,TLD4,Uni,,10,300,0.80000000000000004,GBP,1176.5439485779796,0.17494274056401779,205.82782275824258,192.42895949141871,0.16355441692084383,True,14468516.8074506,87868875.841363579,12407314.498394683,64787206.78152176,73400359.033912987,52379892.283127077,True,True,0.129,False,False,15,London|TLC1|TLC2|TLD3|TLD6|TLE3|TLE4|TLF1|TLF2|TLG1|TLG2|TLH1|TLH2|TLH3|TLJ1
uk,TLD4,Uni,,10,500,0.80000000000000004,GBP,1176.5439485779796,0.17494274056401779,205.82782275824258,192.42895949141871,0.16355441692084383,True,15105604.752131335,88505963.786044344,452529.87611122429,129849517.71247248,73400359.033913016,129396987.83636126,True,True,0.21500000000000002,False,False,15,London|TLC1|TLC2|TLD3|TLD6|TLE3|TLE4|TLF1|TLF2|TLG1|TLG2|TLH1|TLH2|TLH3|TLJ1
uk,TLD4,Uni,,10,100,0.90000000000000002,GBP,1176.5439485779796,0.21236574984994022,249.85763787117213,192.42895949141871,0.16355441692084383,True,7952050.1790907094,92625797.880555689,7659328.5200668247,92672321.780952424,84673747.701464981,85012993.260885596,True,True,0.043000000000000003,False,False,15,London|TLC1|TLC2|TLD3|TLD6|TLE3|TLE4|TLF1|TLF2|TLG1|TLG2|TLH1|TLH2|TLH3|TLJ1
uk,TLD4,Uni,,10,300,0.90000000000000002,GBP,1176.5439485779796,0.21236574984994022,249.85763787117213,192.42895949141871,0.16355441692084383,True,14468516.8074506,106801696.33992329,12407314.498394683,83720027.280081481,92333179.5324727,71312712.781686798,True,True,0.129,False,False,15,London|TLC1|TLC2|TLD3|TLD6|TLE3|TLE4|TLF1|TLF2|TLG1|TLG2|TLH1|TLH2|TLH3|TLJ1
uk,TLD4,Uni,,10,500,0.90000000000000002,GBP,1176.5439485779796,0.21236574984994022,249.85763787117213,192.42895949141871,0.16355441692084383,True,15105604.752131335,107438784.28460403,452529.87611122429,148782338.21103221,92333179.5324727,148329808.334921,True,True,0.21500000000000002,False,False,15,London|TLC1|TLC2|TLD3|TLD6|TLE3|TLE4|TLF1|TLF2|TLG1|TLG2|TLH1|TLH2|TLH3|TLJ1
uk,TLD4,Uni,,10,100,1,GBP,1176.5439485779796,0.24933723448265505,293.35621438573651,192.42895949141871,0.16355441692084383,True,7952050.1790907094,111160929.88551642,7659328.5200668247,111376709.68221509,103208879.70642571,103717381.16214827,True,True,0.043000000000000003,False,False,15,London|TLC1|TLC2|TLD3|TLD6|TLE3|TLE4|TLF1|TLF2|TLG1|TLG2|TLH1|TLH2|TLH3|TLJ1
uk,TLD4,Uni,,10,300,1,GBP,1176.5439485779796,0.24933723448265505,293.35621438573651,192.42895949141871,0.16355441692084383,True,14468516.8074506,125506084.24118595,12407314.498394683,102424415.18134414,111037567.43373534,90017100.682949454,True,True,0.129,False,False,15,London|TLC1|TLC2|TLD3|TLD6|TLE3|TLE4|TLF1|TLF2|TLG1|TLG2|TLH1|TLH2|TLH3|TLJ1
uk,TLD4,Uni,,10,500,1,GBP,1176.5439485779796,0.24933723448265505,293.35621438573651,192.42895949141871,0.16355441692084383,True,15105604.752131335,126143172.18586673,452529.87611122429,167486726.11229488,111037567.4337354,167034196.23618364,True,True,0.21500000000000002,False,False,15,London|TLC1|TLC2|TLD3|TLD6|TLE3|TLE4|TLF1|TLF2|TLG1|TLG2|TLH1|TLH2|TLH3|TLJ1
uk,TLD4,Uni,,20,100,0.5,GBP,1176.5439485779796,0.14754386595052682,173.59184263389292,168.35277808149868,0.14309093874901735,True,4656063.2448785864,25651233.774028007,12252.825531353836,54884175.520062506,20995170.529149421,54871922.69453115,True,True,0.042029809045362305,False,False,15,London|TLC1|TLC2|TLD3|TLD6|TLE3|TLE4|TLF1|TLF2|TLG1|TLG2|TLH1|TLH2|TLH3|TLJ1
uk,TLD4,Uni,,20,300,0.5,GBP,1176.5439485779796,0.14754386595052682,173.59184263389292,168.35277808149868,0.14309093874901735,True,7992595.0277399346,48374271.774421692,14664913.44754659,50326524.289143987,40381676.746681757,35661610.841597393,True,True,0.12802980904536229,False,False,15,London|TLC1|TLC2|TLD3|TLD6|TLE3|TLE4|TLF1|TLF2|TLG1|TLG2|TLH1|TLH2|TLH3|TLJ1
uk,TLD4,Uni,,20,500,0.5,GBP,1176.5439485779796,0.14754386595052682,173.59184263389292,168.35277808149868,0.14309093874901735,True,17295557.19770731,71734857.275084689,44319510.49776262,57504119.522648692,54439300.077377379,13184609.024886072,True,True,0.21402980904536231,False,False,15,London|TLC1|TLC2|TLD3|TLD6|TLE3|TLE4|TLF1|TLF2|TLG1|TLG2|TLH1|TLH2|TLH3|TLJ1
uk,TLD4,Uni,,20,100,0.80000000000000004,GBP,1176.5439485779796,0.23857226541877538,280.69075517699974,168.35277808149868,0.14309093874901735,True,4656063.2448785864,51129183.033150338,12252.825531353836,100936707.91359846,46473119.788271755,100924455.08806711,True,True,0.042029809045362305,False,False,15,London|TLC1|TLC2|TLD3|TLD6|TLE3|TLE4|TLF1|TLF2|TLG1|TLG2|TLH1|TLH2|TLH3|TLJ1
uk,TLD4,Uni,,20,300,0.80000000000000004,GBP,1176.5439485779796,0.23857226541877538,280.69075517699974,168.35277808149868,0.14309093874901735,True,7992595.0277399346,89909303.446586117,14664913.44754659,96379056.682679892,81916708.41884619,81714143.235133305,True,True,0.12802980904536229,False,False,15,London|TLC1|TLC2|TLD3|TLD6|TLE3|TLE4|TLF1|TLF2|TLG1|TLG2|TLH1|TLH2|TLH3|TLJ1
uk,TLD4,Uni,,20,500,0.80000000000000004,GBP,1176.5439485779796,0.23857226541877538,280.69075517699974,168.35277808149868,0.14309093874901735,True,17295557.19770731,117787389.66862063,44319510.49776262,103556651.91618463,100491832.47091332,59237141.418422014,True,True,0.21402980904536231,False,False,15,London|TLC1|TLC2|TLD3|TLD6|TLE3|TLE4|TLF1|TLF2|TLG1|TLG2|TLH1|TLH2|TLH3|TLJ1
uk,TLD4,Uni,,20,100,0.90000000000000002,GBP,1176.5439485779796,0.24986216011324433,293.97381245985986,168.35277808149868,0.14309093874901735,True,4656063.2448785864,54862264.162492193,12252.825531353836,106648422.54522827,50206200.917613611,106636169.71969692,True,True,0.042029809045362305,False,False,15,London|TLC1|TLC2|TLD3|TLD6|TLE3|TLE4|TLF1|TLF2|TLG1|TLG2|TLH1|TLH2|TLH3|TLJ1
uk,TLD4,Uni,,20,300,0.90000000000000002,GBP,1176.5439485779796,0.24986216011324433,293.97381245985986,168.35277808149868,0.14309093874901735,True,7992595.0277399346,95468857.123961329,14664913.44754659,102090771.31430975,87476262.096221387,87425857.86676316,True,True,0.12802980904536229,False,False,15,London|TLC1|TLC2|TLD3|TLD6|TLE3|TLE4|TLF1|TLF2|TLG1|TLG2|TLH1|TLH2|TLH3|TLJ1
uk,TLD4,Uni,,20,500,0.90000000000000002,GBP,1176.5439485779796,0.24986216011324433,293.97381245985986,168.35277808149868,0.14309093874901735,True,17295557.19770731,123499104.30025043,44319510.49776262,109268366.54781449,106203547.10254312,64948856.050051868,True,True,0.21402980904536231,False,False,15,London|TLC1|TLC2|TLD3|TLD6|TLE3|TLE4|TLF1|TLF2|TLG1|TLG2|TLH1|TLH2|TLH3|TLJ1
uk,TLD4,Uni,,20,100,1,GBP,1176.5439485779796,0.26850458711315484,315.90744713341127,168.35277808149868,0.14309093874901735,True,4656063.2448785864,61247639.02971416,12252.825531353836,116079885.4548554,56591575.784835577,116067632.62932405,True,True,0.042029809045362305,False,False,15,London|TLC1|TLC2|TLD3|TLD6|TLE3|TLE4|TLF1|TLF2|TLG1|TLG2|TLH1|TLH2|TLH3|TLJ1
uk,TLD4,Uni,,20,300,1,GBP,1176.5439485779796,0.26850458711315484,315.90744713341127,168.35277808149868,0.14309093874901735,True,7992595.0277399346,104751319.99677809,14664913.44754659,111522234.22393684,96758724.969038159,96857320.776390254,True,True,0.12802980904536229,False,False,15,London|TLC1|TLC2|TLD3|TLD6|TLE3|TLE4|TLF1|TLF2|TLG1|TLG2|TLH1|TLH2|TLH3|TLJ1
uk,TLD4,Uni,,20,500,1,GBP,1176.5439485779796,0.26850458711315484,315.90744713341127,168.35277808149868,0.14309093874901735,True,17295557.19770731,132930567.20987758,44319510.49776262,118699829.4574416,115635010.01217027,74380318.959678978,True,True,0.21402980904536231,False,False,15,London|TLC1|TLC2|TLD3|TLD6|TLE3|TLE4|TLF1|TLF2|TLG1|TLG2|TLH1|TLH2|TLH3|TLJ1
uk,TLD4,LU,,10,100,0.5,GBP,1176.5439485779796,0.10814084294449999,127.23245436047317,161.30995279120003,0.13710491051878343,False,7187592.4009530758,42797827.407196976,7413915.0062582698,40048688.732834138,35610235.006243899,32634773.726575866,True,True,0.043000000000000003,False,False,15,London|TLC1|TLC2|TLD3|TLD6|TLE3|TLE4|TLF1|TLF2|TLG1|TLG2|TLH1|TLH2|TLH3|TLJ1
uk,TLD4,LU,,10,300,0.5,GBP,1176.5439485779796,0.10814084294449999,127.23245436047317,161.30995279120003,0.13710491051878343,False,12690174.842518603,54286213.739606947,13093760.409846939,37582086.353650458,41596038.897088341,24488325.943803519,True,True,0.129,False,False,15,London|TLC1|TLC2|TLD3|TLD6|TLE3|TLE4|TLF1|TLF2|TLG1|TLG2|TLH1|TLH2|TLH3|TLJ1
uk,TLD4,LU,,10,500,0.5,GBP,1176.5439485779796,0.10814084294449999,127.23245436047317,161.30995279120003,0.13710491051878343,False,13114571.450792167,54709955.375003465,286003.25763204694,87095334.488527447,41595383.924211293,86809331.2308954,True,True,0.21500000000000002,False,False,15,London|TLC1|TLC2|TLD3|TLD6|TLE3|TLE4|TLF1|TLF2|TLG1|TLG2|TLH1|TLH2|TLH3|TLJ1
uk,TLD4,LU,,10,100,0.80000000000000004,GBP,1176.5439485779796,0.1348225632457154,158.62467091851838,161.30995279120003,0.13710491051878343,False,7187592.4009530758,55370605.280253798,7413915.0062582698,53547341.852793567,48183012.879300721,46133426.846535295,True,True,0.043000000000000003,False,False,15,London|TLC1|TLC2|TLD3|TLD6|TLE3|TLE4|TLF1|TLF2|TLG1|TLG2|TLH1|TLH2|TLH3|TLJ1
uk,TLD4,LU,,10,300,0.80000000000000004,GBP,1176.5439485779796,0.1348225632457154,158.62467091851838,161.30995279120003,0.13710491051878343,False,12690174.842518603,67784211.886689365,13093760.409846939,51067693.480139188,55094037.04417076,37973933.070292249,True,True,0.129,False,False,15,London|TLC1|TLC2|TLD3|TLD6|TLE3|TLE4|TLF1|TLF2|TLG1|TLG2|TLH1|TLH2|TLH3|TLJ1
uk,TLD4,LU,,10,500,0.80000000000000004,GBP,1176.5439485779796,0.1348225632457154,158.62467091851838,161.30995279120003,0.13710491051878343,False,13114571.450792167,68208608.494962931,286003.25763204694,114092640.72844627,55094037.044170767,113806637.47081423,True,True,0.21500000000000002,False,False,15,London|TLC1|TLC2|TLD3|TLD6|TLE3|TLE4|TLF1|TLF2|TLG1|TLG2|TLH1|TLH2|TLH3|TLJ1
uk,TLD4,LU,,10,100,0.90000000000000002,GBP,1176.5439485779796,0.14676574218776511,172.67634582957092,161.30995279120003,0.13710491051878343,True,7187592.4009530758,61101309.083952166,7413915.0062582698,59589562.064546168,53913716.682999089,52175647.058287896,True,True,0.043000000000000003,False,False,15,London|TLC1|TLC2|TLD3|TLD6|TLE3|TLE4|TLF1|TLF2|TLG1|TLG2|TLH1|TLH2|TLH3|TLJ1
uk,TLD4,LU,,10,300,0.90000000000000002,GBP,1176.5439485779796,0.14676574218776511,172.67634582957092,161.30995279120003,0.13710491051878343,True,12690174.842518603,73826432.098441929,13093760.409846939,57109913.691891775,61136257.255923323,44016153.282044835,True,True,0.129,False,False,15,London|TLC1|TLC2|TLD3|TLD6|TLE3|TLE4|TLF1|TLF2|TLG1|TLG2|TLH1|TLH2|TLH3|TLJ1
uk,TLD4,LU,,10,500,0.90000000000000002,GBP,1176.5439485779796,0.14676574218776511,172.67634582957092,161.30995279120003,0.13710491051878343,True,13114571.450792167,74250828.706715509,286003.25763204694,124974050.0527548,61136257.255923346,124688046.79512276,True,True,0.21500000000000002,False,False,15,London|TLC1|TLC2|TLD3|TLD6|TLE3|TLE4|TLF1|TLF2|TLG1|TLG2|TLH1|TLH2|TLH3|TLJ1
uk,TLD4,LU,,10,100,1,GBP,1176.5439485779796,0.1844421380150226,217.00428134435936,161.30995279120003,0.13710491051878343,True,7187592.4009530758,79597874.44270286,7413915.0062582698,78650574.335905194,72410282.04174979,71236659.32964693,True,True,0.043000000000000003,False,False,15,London|TLC1|TLC2|TLD3|TLD6|TLE3|TLE4|TLF1|TLF2|TLG1|TLG2|TLH1|TLH2|TLH3|TLJ1
uk,TLD4,LU,,10,300,1,GBP,1176.5439485779796,0.1844421380150226,217.00428134435936,161.30995279120003,0.13710491051878343,True,12690174.842518603,92887444.369801,13093760.409846939,76170925.963250816,80197269.527282402,63077165.553403877,True,True,0.129,False,False,15,London|TLC1|TLC2|TLD3|TLD6|TLE3|TLE4|TLF1|TLF2|TLG1|TLG2|TLH1|TLH2|TLH3|TLJ1
uk,TLD4,LU,,10,500,1,GBP,1176.5439485779796,0.1844421380150226,217.00428134435936,161.30995279120003,0.13710491051878343,True,13114571.450792167,93311840.978074551,286003.25763204694,147211646.81389266,80197269.527282387,146925643.55626062,True,True,0.21500000000000002,False,False,15,London|TLC1|TLC2|TLD3|TLD6|TLE3|TLE4|TLF1|TLF2|TLG1|TLG2|TLH1|TLH2|TLH3|TLJ1
uk,TLD4,LU,,20,100,0.5,GBP,1176.5439485779796,0.13776814713002924,162.09027981263665,181.23530565817251,0.15404040442111924,False,4742465.9894413715,24575097.315632224,12252.825531353836,50775012.671503112,19832631.326190852,50762759.845971756,True,True,0.042029809045362305,False,False,15,London|TLC1|TLC2|TLD3|TLD6|TLE3|TLE4|TLF1|TLF2|TLG1|TLG2|TLH1|TLH2|TLH3|TLJ1
uk,TLD4,LU,,20,300,0.5,GBP,1176.5439485779796,0.13776814713002924,162.09027981263665,181.23530565817251,0.15404040442111924,False,9274883.8703446034,45259777.103091843,13052001.563658755,43103700.678340308,35984893.232747242,30051699.114681553,True,True,0.12802980904536229,False,False,15,London|TLC1|TLC2|TLD3|TLD6|TLE3|TLE4|TLF1|TLF2|TLG1|TLG2|TLH1|TLH2|TLH3|TLJ1
uk,TLD4,LU,,20,500,0.5,GBP,1176.5439485779796,0.13776814713002924,162.09027981263665,181.23530565817251,0.15404040442111924,False,18326078.863848437,66641242.102577776,43134492.414330505,46857851.329078458,48315163.238729343,3723358.9147479534,True,True,0.21402980904536231,False,False,15,London|TLC1|TLC2|TLD3|TLD6|TLE3|TLE4|TLF1|TLF2|TLG1|TLG2|TLH1|TLH2|TLH3|TLJ1
uk,TLD4,LU,,20,100,0.80000000000000004,GBP,1176.5439485779796,0.17919897807473806,210.83547324519111,181.23530565817251,0.15404040442111924,True,4742465.9894413715,34913522.132446215,12252.825531353836,71735445.847501516,30171056.143004842,71723193.021970168,True,True,0.042029809045362305,False,False,15,London|TLC1|TLC2|TLD3|TLD6|TLE3|TLE4|TLF1|TLF2|TLG1|TLG2|TLH1|TLH2|TLH3|TLJ1
uk,TLD4,LU,,20,300,0.80000000000000004,GBP,1176.5439485779796,0.17919897807473806,210.83547324519111,181.23530565817251,0.15404040442111924,True,9274883.8703446034,62699829.205587998,13052001.563658755,64064133.854338728,53424945.335243396,51012132.290679976,True,True,0.12802980904536229,False,False,15,London|TLC1|TLC2|TLD3|TLD6|TLE3|TLE4|TLF1|TLF2|TLG1|TLG2|TLH1|TLH2|TLH3|TLJ1
uk,TLD4,LU,,20,500,0.80000000000000004,GBP,1176.5439485779796,0.17919897807473806,210.83547324519111,181.23530565817251,0.15404040442111924,True,18326078.863848437,87601675.278576165,43134492.414330505,67818284.505076915,69275596.414727733,24683792.09074641,True,True,0.21402980904536231,False,False,15,London|TLC1|TLC2|TLD3|TLD6|TLE3|TLE4|TLF1|TLF2|TLG1|TLG2|TLH1|TLH2|TLH3|TLJ1
uk,TLD4,LU,,20,100,0.90000000000000002,GBP,1176.5439485779796,0.19511675788751595,229.56344075871166,181.23530565817251,0.15404040442111924,True,4742465.9894413715,39333032.380443387,12252.825531353836,79788471.878315359,34590566.391002014,79776219.052784011,True,True,0.042029809045362305,False,False,15,London|TLC1|TLC2|TLD3|TLD6|TLE3|TLE4|TLF1|TLF2|TLG1|TLG2|TLH1|TLH2|TLH3|TLJ1
uk,TLD4,LU,,20,300,0.90000000000000002,GBP,1176.5439485779796,0.19511675788751595,229.56344075871166,181.23530565817251,0.15404040442111924,True,9274883.8703446034,69890922.24301523,13052001.563658755,72117159.885152549,60616038.372670628,59065158.32149379,True,True,0.12802980904536229,False,False,15,London|TLC1|TLC2|TLD3|TLD6|TLE3|TLE4|TLF1|TLF2|TLG1|TLG2|TLH1|TLH2|TLH3|TLJ1
uk,TLD4,LU,,20,500,0.90000000000000002,GBP,1176.5439485779796,0.19511675788751595,229.56344075871166,181.23530565817251,0.15404040442111924,True,18326078.863848437,95654701.309390023,43134492.414330505,75871310.535890698,77328622.44554159,32736818.121560194,True,True,0.21402980904536231,False,False,15,London|TLC1|TLC2|TLD3|TLD6|TLE3|TLE4|TLF1|TLF2|TLG1|TLG2|TLH1|TLH2|TLH3|TLJ1
uk,TLD4,LU,,20,100,1,GBP,1176.5439485779796,0.25279013454619531,297.41870306053937,181.23530565817251,0.15404040442111924,True,4742465.9894413715,57636245.833673112,12252.825531353836,108966234.66810127,52893779.84423174,108953981.84256992,True,True,0.042029809045362305,False,False,15,London|TLC1|TLC2|TLD3|TLD6|TLE3|TLE4|TLF1|TLF2|TLG1|TLG2|TLH1|TLH2|TLH3|TLJ1
uk,TLD4,LU,,20,300,1,GBP,1176.5439485779796,0.25279013454619531,297.41870306053937,181.23530565817251,0.15404040442111924,True,9274883.8703446034,97675171.264223322,13052001.563658755,101294922.67493847,88400287.393878713,88242921.111279711,True,True,0.12802980904536229,False,False,15,London|TLC1|TLC2|TLD3|TLD6|TLE3|TLE4|TLF1|TLF2|TLG1|TLG2|TLH1|TLH2|TLH3|TLJ1
uk,TLD4,LU,,20,500,1,GBP,1176.5439485779796,0.25279013454619531,297.41870306053937,181.23530565817251,0.15404040442111924,True,18326078.863848437,124832464.09917592,43134492.414330505,105049073.32567665,106506385.23532748,61914580.911346145,True,True,0.21402980904536231,False,False,15,London|TLC1|TLC2|TLD3|TLD6|TLE3|TLE4|TLF1|TLF2|TLG1|TLG2|TLH1|TLH2|TLH3|TLJ1
uk,TLD4,GNN,42,10,100,0.5,GBP,1176.5439485779796,0.078842018394831639,92.761099636112917,99.828007986644707,0.084848515949872527,False,4469210.3164269468,30531838.505551036,1561309.4356631758,30591719.325041939,26062628.189124089,29030409.889378764,True,True,0.043000000000000003,False,False,15,London|TLC1|TLC2|TLD3|TLD6|TLE3|TLE4|TLF1|TLF2|TLG1|TLG2|TLH1|TLH2|TLH3|TLJ1
uk,TLD4,GNN,42,10,300,0.5,GBP,1176.5439485779796,0.078842018394831639,92.761099636112917,99.828007986644707,0.084848515949872527,False,7918387.6812333278,39786197.069731101,1557776.3850642778,30040641.030492753,31867809.388497774,28482864.645428475,True,True,0.129,False,False,15,London|TLC1|TLC2|TLD3|TLD6|TLE3|TLE4|TLF1|TLF2|TLG1|TLG2|TLH1|TLH2|TLH3|TLJ1
uk,TLD4,GNN,42,10,500,0.5,GBP,1176.5439485779796,0.078842018394831639,92.761099636112917,99.828007986644707,0.084848515949872527,False,8019463.4550307868,39887272.843528561,1557776.385064289,59647978.768544331,31867809.388497774,58090202.383480042,True,True,0.21500000000000002,False,False,15,London|TLC1|TLC2|TLD3|TLD6|TLE3|TLE4|TLF1|TLF2|TLG1|TLG2|TLH1|TLH2|TLH3|TLJ1
uk,TLD4,GNN,42,10,100,0.80000000000000004,GBP,1176.5439485779796,0.10481476329307282,123.31917547409817,99.828007986644707,0.084848515949872527,True,4469210.3164269468,42492007.942272723,1561309.4356631758,43731691.935375609,38022797.625845775,42170382.49971243,True,True,0.043000000000000003,False,False,15,London|TLC1|TLC2|TLD3|TLD6|TLE3|TLE4|TLF1|TLF2|TLG1|TLG2|TLH1|TLH2|TLH3|TLJ1
uk,TLD4,GNN,42,10,300,0.80000000000000004,GBP,1176.5439485779796,0.10481476329307282,123.31917547409817,99.828007986644707,0.084848515949872527,True,7918387.6812333278,52926169.680064753,1557776.3850642778,43180613.640826434,45007781.998831421,41622837.25576216,True,True,0.129,False,False,15,London|TLC1|TLC2|TLD3|TLD6|TLE3|TLE4|TLF1|TLF2|TLG1|TLG2|TLH1|TLH2|TLH3|TLJ1
uk,TLD4,GNN,42,10,500,0.80000000000000004,GBP,1176.5439485779796,0.10481476329307282,123.31917547409817,99.828007986644707,0.084848515949872527,True,8019463.4550307868,53027245.45386222,1557776.385064289,85927923.989211649,45007781.998831436,84370147.60414736,True,True,0.21500000000000002,False,False,15,London|TLC1|TLC2|TLD3|TLD6|TLE3|TLE4|TLF1|TLF2|TLG1|TLG2|TLH1|TLH2|TLH3|TLJ1
uk,TLD4,GNN,42,10,100,0.90000000000000002,GBP,1176.5439485779796,0.11761736880872931,138.38200351957488,99.828007986644707,0.084848515949872527,True,4469210.3164269468,48617786.562534623,1561309.4356631758,50208707.994930588,44148576.246107675,48647398.559267409,True,True,0.043000000000000003,False,False,15,London|TLC1|TLC2|TLD3|TLD6|TLE3|TLE4|TLF1|TLF2|TLG1|TLG2|TLH1|TLH2|TLH3|TLJ1
uk,TLD4,GNN,42,10,300,0.90000000000000002,GBP,1176.5439485779796,0.11761736880872931,138.38200351957488,99.828007986644707,0.084848515949872527,True,7918387.6812333278,59403185.739619754,1557776.3850642778,49657629.700381398,51484798.05838643,48099853.315317124,True,True,0.129,False,False,15,London|TLC1|TLC2|TLD3|TLD6|TLE3|TLE4|TLF1|TLF2|TLG1|TLG2|TLH1|TLH2|TLH3|TLJ1
uk,TLD4,GNN,42,10,500,0.90000000000000002,GBP,1176.5439485779796,0.11761736880872931,138.38200351957488,99.828007986644707,0.084848515949872527,True,8019463.4550307868,59504261.513417229,1557776.385064289,98881956.108321637,51484798.058386445,97324179.723257348,True,True,0.21500000000000002,False,False,15,London|TLC1|TLC2|TLD3|TLD6|TLE3|TLE4|TLF1|TLF2|TLG1|TLG2|TLH1|TLH2|TLH3|TLJ1
uk,TLD4,GNN,42,10,100,1,GBP,1176.5439485779796,0.1290144261103755,151.79114231942319,99.828007986644707,0.084848515949872527,True,4469210.3164269468,54177258.454997204,1561309.4356631758,55974637.678865351,49708048.138570257,54413328.243202172,True,True,0.043000000000000003,False,False,15,London|TLC1|TLC2|TLD3|TLD6|TLE3|TLE4|TLF1|TLF2|TLG1|TLG2|TLH1|TLH2|TLH3|TLJ1
uk,TLD4,GNN,42,10,300,1,GBP,1176.5439485779796,0.1290144261103755,151.79114231942319,99.828007986644707,0.084848515949872527,True,7918387.6812333278,65169115.423554502,1557776.3850642778,55423559.384316161,57250727.742321178,53865782.999251887,True,True,0.129,False,False,15,London|TLC1|TLC2|TLD3|TLD6|TLE3|TLE4|TLF1|TLF2|TLG1|TLG2|TLH1|TLH2|TLH3|TLJ1
uk,TLD4,GNN,42,10,500,1,GBP,1176.5439485779796,0.1290144261103755,151.79114231942319,99.828007986644707,0.084848515949872527,True,8019463.4550307868,65270191.197351977,1557776.385064289,110413815.47619119,57250727.742321193,108856039.0911269,True,True,0.21500000000000002,False,False,15,London|TLC1|TLC2|TLD3|TLD6|TLE3|TLE4|TLF1|TLF2|TLG1|TLG2|TLH1|TLH2|TLH3|TLJ1
uk,TLD4,GNN,42,20,100,0.5,GBP,1176.5439485779796,0.1053826532467456,123.98732296255011,135.6948368899092,0.11533341959211611,False,3084263.0158612756,16175460.849060288,568933.9496411907,37660722.503218748,13091197.833199013,37091788.553577557,True,True,0.042029809045362305,False,False,15,London|TLC1|TLC2|TLD3|TLD6|TLE3|TLE4|TLF1|TLF2|TLG1|TLG2|TLH1|TLH2|TLH3|TLJ1
uk,TLD4,GNN,42,20,300,0.5,GBP,1176.5439485779796,0.1053826532467456,123.98732296255011,135.6948368899092,0.11533341959211611,False,6293017.217437733,33441261.790266044,13052001.563658755,37725123.994422913,27148244.572828311,24673122.430764157,True,True,0.12802980904536229,False,False,15,London|TLC1|TLC2|TLD3|TLD6|TLE3|TLE4|TLF1|TLF2|TLG1|TLG2|TLH1|TLH2|TLH3|TLJ1
uk,TLD4,GNN,42,20,500,0.5,GBP,1176.5439485779796,0.1053826532467456,123.98732296255011,135.6948368899092,0.11533341959211611,False,12937511.270916695,52515598.370380051,22472266.112066362,45553471.379745111,39578087.099463359,23081205.267678749,True,True,0.21402980904536231,False,False,15,London|TLC1|TLC2|TLD3|TLD6|TLE3|TLE4|TLF1|TLF2|TLG1|TLG2|TLH1|TLH2|TLH3|TLJ1
uk,TLD4,GNN,42,20,100,0.80000000000000004,GBP,1176.5439485779796,0.13006400478392985,153.02601775635006,135.6948368899092,0.11533341959211611,True,3084263.0158612756,21288079.97888701,568933.9496411907,50147361.264552727,18203816.963025734,49578427.314911537,True,True,0.042029809045362305,False,False,15,London|TLC1|TLC2|TLD3|TLD6|TLE3|TLE4|TLF1|TLF2|TLG1|TLG2|TLH1|TLH2|TLH3|TLJ1
uk,TLD4,GNN,42,20,300,0.80000000000000004,GBP,1176.5439485779796,0.13006400478392985,153.02601775635006,135.6948368899092,0.11533341959211611,True,6293017.217437733,43226730.732807048,13052001.563658755,50211762.75575687,36933713.515369311,37159761.192098111,True,True,0.12802980904536229,False,False,15,London|TLC1|TLC2|TLD3|TLD6|TLE3|TLE4|TLF1|TLF2|TLG1|TLG2|TLH1|TLH2|TLH3|TLJ1
uk,TLD4,GNN,42,20,500,0.80000000000000004,GBP,1176.5439485779796,0.13006400478392985,153.02601775635006,135.6948368899092,0.11533341959211611,True,12937511.270916695,65002237.131714016,22472266.112066362,58040110.141079068,52064725.860797323,35567844.02901271,True,True,0.21402980904536231,False,False,15,London|TLC1|TLC2|TLD3|TLD6|TLE3|TLE4|TLF1|TLF2|TLG1|TLG2|TLH1|TLH2|TLH3|TLJ1
uk,TLD4,GNN,42,20,100,0.90000000000000002,GBP,1176.5439485779796,0.13835071718294606,162.77569908301868,135.6948368899092,0.11533341959211611,True,3084263.0158612756,23142217.364760038,568933.9496411907,54339724.235020235,20057954.348898761,53770790.285379045,True,True,0.042029809045362305,False,False,15,London|TLC1|TLC2|TLD3|TLD6|TLE3|TLE4|TLF1|TLF2|TLG1|TLG2|TLH1|TLH2|TLH3|TLJ1
uk,TLD4,GNN,42,20,300,0.90000000000000002,GBP,1176.5439485779796,0.13835071718294606,162.77569908301868,135.6948368899092,0.11533341959211611,True,6293017.217437733,46682604.862018138,13052001.563658755,54404125.7262244,40389587.644580409,41352124.162565649,True,True,0.12802980904536229,False,False,15,London|TLC1|TLC2|TLD3|TLD6|TLE3|TLE4|TLF1|TLF2|TLG1|TLG2|TLH1|TLH2|TLH3|TLJ1
uk,TLD4,GNN,42,20,500,0.90000000000000002,GBP,1176.5439485779796,0.13835071718294606,162.77569908301868,135.6948368899092,0.11533341959211611,True,12937511.270916695,69194600.102181554,22472266.112066362,62232473.111546591,56257088.831264861,39760206.999480233,True,True,0.21402980904536231,False,False,15,London|TLC1|TLC2|TLD3|TLD6|TLE3|TLE4|TLF1|TLF2|TLG1|TLG2|TLH1|TLH2|TLH3|TLJ1
uk,TLD4,GNN,42,20,100,1,GBP,1176.5439485779796,0.18426215839381918,216.79252741016512,135.6948368899092,0.11533341959211611,True,3084263.0158612756,34449114.536023661,568933.9496411907,77566960.415693209,31364851.520162385,76998026.466052011,True,True,0.042029809045362305,False,False,15,London|TLC1|TLC2|TLD3|TLD6|TLE3|TLE4|TLF1|TLF2|TLG1|TLG2|TLH1|TLH2|TLH3|TLJ1
uk,TLD4,GNN,42,20,300,1,GBP,1176.5439485779796,0.18426215839381918,216.79252741016512,135.6948368899092,0.11533341959211611,True,6293017.217437733,67968177.908285037,13052001.563658755,77631361.906897336,61675160.690847307,64579360.343238577,True,True,0.12802980904536229,False,False,15,London|TLC1|TLC2|TLD3|TLD6|TLE3|TLE4|TLF1|TLF2|TLG1|TLG2|TLH1|TLH2|TLH3|TLJ1
uk,TLD4,GNN,42,20,500,1,GBP,1176.5439485779796,0.18426215839381918,216.79252741016512,135.6948368899092,0.11533341959211611,True,12937511.270916695,92421836.282854483,22472266.112066362,85459709.292219549,79484325.011937782,62987443.180153191,True,True,0.21402980904536231,False,False,15,London|TLC1|TLC2|TLD3|TLD6|TLE3|TLE4|TLF1|TLF2|TLG1|TLG2|TLH1|TLH2|TLH3|TLJ1
uk,TLD4,GNN,123,10,100,0.5,GBP,1176.5439485779796,0.077646806699874185,91.354880549141086,77.16639831605363,0.06558734878482031,True,4314792.7733073803,29902349.173377089,838132.04283673258,28965704.170173459,25587556.40006971,28127572.127336726,True,True,0.043000000000000003,False,False,15,London|TLC1|TLC2|TLD3|TLD6|TLE3|TLE4|TLF1|TLF2|TLG1|TLG2|TLH1|TLH2|TLH3|TLJ1
uk,TLD4,GNN,123,10,300,0.5,GBP,1176.5439485779796,0.077646806699874185,91.354880549141086,77.16639831605363,0.06558734878482031,True,7279568.7300404413,39237685.609253265,1557776.3850642778,37692999.28289111,31958116.879212823,36135222.897826836,True,True,0.129,False,False,15,London|TLC1|TLC2|TLD3|TLD6|TLE3|TLE4|TLF1|TLF2|TLG1|TLG2|TLH1|TLH2|TLH3|TLJ1
uk,TLD4,GNN,123,10,500,0.5,GBP,1176.5439485779796,0.077646806699874185,91.354880549141086,77.16639831605363,0.06558734878482031,True,7324481.7569178529,39282598.636130691,1557776.385064289,61473281.436977781,31958116.879212838,59915505.051913492,True,True,0.21500000000000002,False,False,15,London|TLC1|TLC2|TLD3|TLD6|TLE3|TLE4|TLF1|TLF2|TLG1|TLG2|TLH1|TLH2|TLH3|TLJ1
uk,TLD4,GNN,123,10,100,0.80000000000000004,GBP,1176.5439485779796,0.10761152358212096,126.60968686780096,77.16639831605363,0.06558734878482031,True,4314792.7733073803,43842686.465792604,838132.04283673258,44125270.887197211,39527893.692485221,43287138.844360478,True,True,0.043000000000000003,False,False,15,London|TLC1|TLC2|TLD3|TLD6|TLE3|TLE4|TLF1|TLF2|TLG1|TLG2|TLH1|TLH2|TLH3|TLJ1
uk,TLD4,GNN,123,10,300,0.80000000000000004,GBP,1176.5439485779796,0.10761152358212096,126.60968686780096,77.16639831605363,0.06558734878482031,True,7279568.7300404413,54397252.32627701,1557776.3850642778,52852565.99991487,47117683.596236572,51294789.614850596,True,True,0.129,False,False,15,London|TLC1|TLC2|TLD3|TLD6|TLE3|TLE4|TLF1|TLF2|TLG1|TLG2|TLH1|TLH2|TLH3|TLJ1
uk,TLD4,GNN,123,10,500,0.80000000000000004,GBP,1176.5439485779796,0.10761152358212096,126.60968686780096,77.16639831605363,0.06558734878482031,True,7324481.7569178529,54442165.353154421,1557776.385064289,91792414.871025294,47117683.596236572,90234638.485961005,True,True,0.21500000000000002,False,False,15,London|TLC1|TLC2|TLD3|TLD6|TLE3|TLE4|TLF1|TLF2|TLG1|TLG2|TLH1|TLH2|TLH3|TLJ1
uk,TLD4,GNN,123,10,100,0.90000000000000002,GBP,1176.5439485779796,0.11442878970122268,134.63050006607577,77.16639831605363,0.06558734878482031,True,4314792.7733073803,47143910.763762526,838132.04283673258,47574220.562455371,42829117.990455143,46736088.519618638,True,True,0.043000000000000003,False,False,15,London|TLC1|TLC2|TLD3|TLD6|TLE3|TLE4|TLF1|TLF2|TLG1|TLG2|TLH1|TLH2|TLH3|TLJ1
uk,TLD4,GNN,123,10,300,0.90000000000000002,GBP,1176.5439485779796,0.11442878970122268,134.63050006607577,77.16639831605363,0.06558734878482031,True,7279568.7300404413,57846202.00153517,1557776.3850642778,56301515.675173029,50566633.271494731,54743739.290108755,True,True,0.129,False,False,15,London|TLC1|TLC2|TLD3|TLD6|TLE3|TLE4|TLF1|TLF2|TLG1|TLG2|TLH1|TLH2|TLH3|TLJ1
uk,TLD4,GNN,123,10,500,0.90000000000000002,GBP,1176.5439485779796,0.11442878970122268,134.63050006607577,77.16639831605363,0.06558734878482031,True,7324481.7569178529,57891115.028412588,1557776.385064289,98690314.221541613,50566633.271494731,97132537.836477324,True,True,0.21500000000000002,False,False,15,London|TLC1|TLC2|TLD3|TLD6|TLE3|TLE4|TLF1|TLF2|TLG1|TLG2|TLH1|TLH2|TLH3|TLJ1
uk,TLD4,GNN,123,10,100,1,GBP,1176.5439485779796,0.11859490231483208,139.53211465071232,77.16639831605363,0.06558734878482031,True,4314792.7733073803,49181721.719399244,838132.04283673258,49681914.83384911,44866928.946091861,48843782.791012377,True,True,0.043000000000000003,False,False,15,London|TLC1|TLC2|TLD3|TLD6|TLE3|TLE4|TLF1|TLF2|TLG1|TLG2|TLH1|TLH2|TLH3|TLJ1
uk,TLD4,GNN,123,10,300,1,GBP,1176.5439485779796,0.11859490231483208,139.53211465071232,77.16639831605363,0.06558734878482031,True,7279568.7300404413,59953896.272928901,1557776.3850642778,58409209.946566761,52674327.542888463,56851433.561502486,True,True,0.129,False,False,15,London|TLC1|TLC2|TLD3|TLD6|TLE3|TLE4|TLF1|TLF2|TLG1|TLG2|TLH1|TLH2|TLH3|TLJ1
uk,TLD4,GNN,123,10,500,1,GBP,1176.5439485779796,0.11859490231483208,139.53211465071232,77.16639831605363,0.06558734878482031,True,7324481.7569178529,59998809.299806319,1557776.385064289,102905702.76432905,52674327.542888463,101347926.37926476,True,True,0.21500000000000002,False,False,15,London|TLC1|TLC2|TLD3|TLD6|TLE3|TLE4|TLF1|TLF2|TLG1|TLG2|TLH1|TLH2|TLH3|TLJ1
uk,TLD4,GNN,123,20,100,0.5,GBP,1176.5439485779796,0.10381066667321479,122.1378116722166,127.99400116775217,0.1087881173690546,False,3315738.61447623,15458751.303030692,568933.9496411907,36718268.517216839,12143012.688554462,36149334.567575648,True,True,0.042029809045362305,False,False,15,London|TLC1|TLC2|TLD3|TLD6|TLE3|TLE4|TLF1|TLF2|TLG1|TLG2|TLH1|TLH2|TLH3|TLJ1
uk,TLD4,GNN,123,20,300,0.5,GBP,1176.5439485779796,0.10381066667321479,122.1378116722166,127.99400116775217,0.1087881173690546,False,6175105.4185971143,32655323.385414496,11888972.980859544,39125209.193818159,26480217.966817383,27236236.212958615,True,True,0.12802980904536229,False,False,15,London|TLC1|TLC2|TLD3|TLD6|TLE3|TLE4|TLF1|TLF2|TLG1|TLG2|TLH1|TLH2|TLH3|TLJ1
uk,TLD4,GNN,123,20,500,0.5,GBP,1176.5439485779796,0.10381066667321479,122.1378116722166,127.99400116775217,0.1087881173690546,False,11907872.501568066,51973688.50663846,13126676.511917908,41766803.023026243,40065816.005070396,28640126.511108335,True,True,0.21402980904536231,False,False,15,London|TLC1|TLC2|TLD3|TLD6|TLE3|TLE4|TLF1|TLF2|TLG1|TLG2|TLH1|TLH2|TLH3|TLJ1
uk,TLD4,GNN,123,20,100,0.80000000000000004,GBP,1176.5439485779796,0.12726181798483485,149.72912183508973,127.99400116775217,0.1087881173690546,True,3315738.61447623,20108527.230765145,568933.9496411907,48582531.887252286,16792788.616288915,48013597.937611096,True,True,0.042029809045362305,False,False,15,London|TLC1|TLC2|TLD3|TLD6|TLE3|TLE4|TLF1|TLF2|TLG1|TLG2|TLH1|TLH2|TLH3|TLJ1
uk,TLD4,GNN,123,20,300,0.80000000000000004,GBP,1176.5439485779796,0.12726181798483485,149.72912183508973,127.99400116775217,0.1087881173690546,True,6175105.4185971143,42032883.525305569,11888972.980859544,50989472.563853607,35857778.106708452,39100499.582994059,True,True,0.12802980904536229,False,False,15,London|TLC1|TLC2|TLD3|TLD6|TLE3|TLE4|TLF1|TLF2|TLG1|TLG2|TLH1|TLH2|TLH3|TLJ1
uk,TLD4,GNN,123,20,500,0.80000000000000004,GBP,1176.5439485779796,0.12726181798483485,149.72912183508973,127.99400116775217,0.1087881173690546,True,11907872.501568066,63837951.876673914,13126676.511917908,53631066.393061705,51930079.37510585,40504389.881143793,True,True,0.21402980904536231,False,False,15,London|TLC1|TLC2|TLD3|TLD6|TLE3|TLE4|TLF1|TLF2|TLG1|TLG2|TLH1|TLH2|TLH3|TLJ1
uk,TLD4,GNN,123,20,100,0.90000000000000002,GBP,1176.5439485779796,0.1489971008547481,175.30163736631678,127.99400116775217,0.1087881173690546,True,3315738.61447623,24874168.750464294,568933.9496411907,59578713.56567993,21558430.135988064,59009779.61603874,True,True,0.042029809045362305,False,False,15,London|TLC1|TLC2|TLD3|TLD6|TLE3|TLE4|TLF1|TLF2|TLG1|TLG2|TLH1|TLH2|TLH3|TLJ1
uk,TLD4,GNN,123,20,300,0.90000000000000002,GBP,1176.5439485779796,0.1489971008547481,175.30163736631678,127.99400116775217,0.1087881173690546,True,6175105.4185971143,51608139.269050844,11888972.980859544,61985654.242281258,45433033.850453727,50096681.26142171,True,True,0.12802980904536229,False,False,15,London|TLC1|TLC2|TLD3|TLD6|TLE3|TLE4|TLF1|TLF2|TLG1|TLG2|TLH1|TLH2|TLH3|TLJ1
uk,TLD4,GNN,123,20,500,0.90000000000000002,GBP,1176.5439485779796,0.1489971008547481,175.30163736631678,127.99400116775217,0.1087881173690546,True,11907872.501568066,74834133.555101529,13126676.511917908,64627248.071489319,62926261.053533465,51500571.559571415,True,True,0.21402980904536231,False,False,15,London|TLC1|TLC2|TLD3|TLD6|TLE3|TLE4|TLF1|TLF2|TLG1|TLG2|TLH1|TLH2|TLH3|TLJ1
uk,TLD4,GNN,123,20,100,1,GBP,1176.5439485779796,0.16208594624878639,190.7012392085453,127.99400116775217,0.1087881173690546,True,3315738.61447623,27928706.663990803,568933.9496411907,66200542.357838169,24612968.049514573,65631608.408196978,True,True,0.042029809045362305,False,False,15,London|TLC1|TLC2|TLD3|TLD6|TLE3|TLE4|TLF1|TLF2|TLG1|TLG2|TLH1|TLH2|TLH3|TLJ1
uk,TLD4,GNN,123,20,300,1,GBP,1176.5439485779796,0.16208594624878639,190.7012392085453,127.99400116775217,0.1087881173690546,True,6175105.4185971143,57737784.822564006,11888972.980859544,68607483.034439519,51562679.403966889,56718510.053579971,True,True,0.12802980904536229,False,False,15,London|TLC1|TLC2|TLD3|TLD6|TLE3|TLE4|TLF1|TLF2|TLG1|TLG2|TLH1|TLH2|TLH3|TLJ1
uk,TLD4,GNN,123,20,500,1,GBP,1176.5439485779796,0.16208594624878639,190.7012392085453,127.99400116775217,0.1087881173690546,True,11907872.501568066,81455962.34725979,13126676.511917908,71249076.86364761,69548089.845691726,58122400.351729706,True,True,0.21402980904536231,False,False,15,London|TLC1|TLC2|TLD3|TLD6|TLE3|TLE4|TLF1|TLF2|TLG1|TLG2|TLH1|TLH2|TLH3|TLJ1
uk,TLD4,GNN,456,10,100,0.5,GBP,1176.5439485779796,0.081310349382180944,95.665199522366251,93.839258570424704,0.079758396347066149,True,5306558.6131390454,31085641.179881547,1876973.0262283632,32039083.158009462,25779082.566742502,30162110.131781098,True,True,0.043000000000000003,False,False,15,London|TLC1|TLC2|TLD3|TLD6|TLE3|TLE4|TLF1|TLF2|TLG1|TLG2|TLH1|TLH2|TLH3|TLJ1
uk,TLD4,GNN,456,10,300,0.5,GBP,1176.5439485779796,0.081310349382180944,95.665199522366251,93.839258570424704,0.079758396347066149,True,9002805.9514070172,41107615.87267819,2278972.5511553958,42189425.516793586,32104809.921271175,39910452.965638191,True,True,0.129,False,False,15,London|TLC1|TLC2|TLD3|TLD6|TLE3|TLE4|TLF1|TLF2|TLG1|TLG2|TLH1|TLH2|TLH3|TLJ1
uk,TLD4,GNN,456,10,500,0.5,GBP,1176.5439485779796,0.081310349382180944,95.665199522366251,93.839258570424704,0.079758396347066149,True,9031225.8733463176,41136035.794617511,2278972.5511554033,70281348.59632881,32104809.921271194,68002376.045173407,True,True,0.21500000000000002,False,False,15,London|TLC1|TLC2|TLD3|TLD6|TLE3|TLE4|TLF1|TLF2|TLG1|TLG2|TLH1|TLH2|TLH3|TLJ1
uk,TLD4,GNN,456,10,100,0.80000000000000004,GBP,1176.5439485779796,0.10976070553265407,129.13829388609372,93.839258570424704,0.079758396347066149,True,5306558.6131390454,44316120.8356364,1876973.0262283632,46432513.734412268,39009562.222497351,44555540.708183907,True,True,0.043000000000000003,False,False,15,London|TLC1|TLC2|TLD3|TLD6|TLE3|TLE4|TLF1|TLF2|TLG1|TLG2|TLH1|TLH2|TLH3|TLJ1
uk,TLD4,GNN,456,10,300,0.80000000000000004,GBP,1176.5439485779796,0.10976070553265407,129.13829388609372,93.839258570424704,0.079758396347066149,True,9002805.9514070172,55501046.449081011,2278972.5511553958,56582856.093196392,46498240.497673996,54303883.542040996,True,True,0.129,False,False,15,London|TLC1|TLC2|TLD3|TLD6|TLE3|TLE4|TLF1|TLF2|TLG1|TLG2|TLH1|TLH2|TLH3|TLJ1
uk,TLD4,GNN,456,10,500,0.80000000000000004,GBP,1176.5439485779796,0.10976070553265407,129.13829388609372,93.839258570424704,0.079758396347066149,True,9031225.8733463176,55529466.371020317,2278972.5511554033,99068209.749134392,46498240.497674003,96789237.197978988,True,True,0.21500000000000002,False,False,15,London|TLC1|TLC2|TLD3|TLD6|TLE3|TLE4|TLF1|TLF2|TLG1|TLG2|TLH1|TLH2|TLH3|TLJ1
uk,TLD4,GNN,456,10,100,0.90000000000000002,GBP,1176.5439485779796,0.11634754585348168,136.88800100581287,93.839258570424704,0.079758396347066149,True,5306558.6131390454,47499088.820238777,1876973.0262283632,49764887.795891494,42192530.207099728,47887914.769663133,True,True,0.043000000000000003,False,False,15,London|TLC1|TLC2|TLD3|TLD6|TLE3|TLE4|TLF1|TLF2|TLG1|TLG2|TLH1|TLH2|TLH3|TLJ1
uk,TLD4,GNN,456,10,300,0.90000000000000002,GBP,1176.5439485779796,0.11634754585348168,136.88800100581287,93.839258570424704,0.079758396347066149,True,9002805.9514070172,58833420.510560229,2278972.5511553958,59915230.154675618,49830614.559153214,57636257.603520222,True,True,0.129,False,False,15,London|TLC1|TLC2|TLD3|TLD6|TLE3|TLE4|TLF1|TLF2|TLG1|TLG2|TLH1|TLH2|TLH3|TLJ1
uk,TLD4,GNN,456,10,500,0.90000000000000002,GBP,1176.5439485779796,0.11634754585348168,136.88800100581287,93.839258570424704,0.079758396347066149,True,9031225.8733463176,58861840.432499543,2278972.5511554033,105732957.87209293,49830614.559153229,103453985.32093753,True,True,0.21500000000000002,False,False,15,London|TLC1|TLC2|TLD3|TLD6|TLE3|TLE4|TLF1|TLF2|TLG1|TLG2|TLH1|TLH2|TLH3|TLJ1
uk,TLD4,GNN,456,10,100,1,GBP,1176.5439485779796,0.13218543938455474,155.52197879801921,93.839258570424704,0.079758396347066149,True,5306558.6131390454,55247589.299957022,1876973.0262283632,57777498.246540226,49941030.686817974,55900525.220311865,True,True,0.043000000000000003,False,False,15,London|TLC1|TLC2|TLD3|TLD6|TLE3|TLE4|TLF1|TLF2|TLG1|TLG2|TLH1|TLH2|TLH3|TLJ1
uk,TLD4,GNN,456,10,300,1,GBP,1176.5439485779796,0.13218543938455474,155.52197879801921,93.839258570424704,0.079758396347066149,True,9002805.9514070172,66846030.961208969,2278972.5511553958,67927840.605324343,57843225.009801954,65648868.054168947,True,True,0.129,False,False,15,London|TLC1|TLC2|TLD3|TLD6|TLE3|TLE4|TLF1|TLF2|TLG1|TLG2|TLH1|TLH2|TLH3|TLJ1
uk,TLD4,GNN,456,10,500,1,GBP,1176.5439485779796,0.13218543938455474,155.52197879801921,93.839258570424704,0.079758396347066149,True,9031225.8733463176,66874450.883148275,2278972.5511554033,121758178.77339032,57843225.009801954,119479206.22223492,True,True,0.21500000000000002,False,False,15,London|TLC1|TLC2|TLD3|TLD6|TLE3|TLE4|TLF1|TLF2|TLG1|TLG2|TLH1|TLH2|TLH3|TLJ1
uk,TLD4,GNN,456,20,100,0.5,GBP,1176.5439485779796,0.11310630600785927,133.074539879556,183.59500607765659,0.15604602471463749,False,4726553.1388478279,17726266.595837124,646493.39645716606,39189802.497358806,12999713.456989296,38543309.100901641,True,True,0.042029809045362305,False,False,15,London|TLC1|TLC2|TLD3|TLD6|TLE3|TLE4|TLF1|TLF2|TLG1|TLG2|TLH1|TLH2|TLH3|TLJ1
uk,TLD4,GNN,456,20,300,0.5,GBP,1176.5439485779796,0.11310630600785927,133.074539879556,183.59500607765659,0.15604602471463749,False,8989771.3750978224,35524534.849158503,11888972.980859544,36159737.356233589,26534763.474060681,24270764.375374045,True,True,0.12802980904536229,False,False,15,London|TLC1|TLC2|TLD3|TLD6|TLE3|TLE4|TLF1|TLF2|TLG1|TLG2|TLH1|TLH2|TLH3|TLJ1
uk,TLD4,GNN,456,20,500,0.5,GBP,1176.5439485779796,0.11310630600785927,133.074539879556,183.59500607765659,0.15604602471463749,False,16598780.027652852,56669929.521006808,26781201.223071098,51825848.798359066,40071149.493353955,25044647.575287968,True,True,0.21402980904536231,False,False,15,London|TLC1|TLC2|TLD3|TLD6|TLE3|TLE4|TLF1|TLF2|TLG1|TLG2|TLH1|TLH2|TLH3|TLJ1
uk,TLD4,GNN,456,20,100,0.80000000000000004,GBP,1176.5439485779796,0.1395256911474741,164.15810759072082,183.59500607765659,0.15604602471463749,False,4726553.1388478279,23228681.501146711,646493.39645716606,52555736.613159679,18502128.362298883,51909243.216702513,True,True,0.042029809045362305,False,False,15,London|TLC1|TLC2|TLD3|TLD6|TLE3|TLE4|TLF1|TLF2|TLG1|TLG2|TLH1|TLH2|TLH3|TLJ1
uk,TLD4,GNN,456,20,300,0.80000000000000004,GBP,1176.5439485779796,0.1395256911474741,164.15810759072082,183.59500607765659,0.15604602471463749,False,8989771.3750978224,46401845.34321291,11888972.980859544,49525671.472034439,37412073.968115091,37636698.491174892,True,True,0.12802980904536229,False,False,15,London|TLC1|TLC2|TLD3|TLD6|TLE3|TLE4|TLF1|TLF2|TLG1|TLG2|TLH1|TLH2|TLH3|TLJ1
uk,TLD4,GNN,456,20,500,0.80000000000000004,GBP,1176.5439485779796,0.1395256911474741,164.15810759072082,183.59500607765659,0.15604602471463749,False,16598780.027652852,70035863.63680765,26781201.223071098,65191782.914159939,53437083.609154798,38410581.69108884,True,True,0.21402980904536231,False,False,15,London|TLC1|TLC2|TLD3|TLD6|TLE3|TLE4|TLF1|TLF2|TLG1|TLG2|TLH1|TLH2|TLH3|TLJ1
uk,TLD4,GNN,456,20,100,0.90000000000000002,GBP,1176.5439485779796,0.15615706324800802,183.72564779215264,183.59500607765659,0.15604602471463749,True,4726553.1388478279,26950967.563744966,646493.39645716606,60969778.899775371,22224414.424897138,60323285.503318205,True,True,0.042029809045362305,False,False,15,London|TLC1|TLC2|TLD3|TLD6|TLE3|TLE4|TLF1|TLF2|TLG1|TLG2|TLH1|TLH2|TLH3|TLJ1
uk,TLD4,GNN,456,20,300,0.90000000000000002,GBP,1176.5439485779796,0.15615706324800802,183.72564779215264,183.59500607765659,0.15604602471463749,True,8989771.3750978224,53853989.63509018,11888972.980859544,57939713.758650139,44864218.259992361,46050740.777790591,True,True,0.12802980904536229,False,False,15,London|TLC1|TLC2|TLD3|TLD6|TLE3|TLE4|TLF1|TLF2|TLG1|TLG2|TLH1|TLH2|TLH3|TLJ1
uk,TLD4,GNN,456,20,500,0.90000000000000002,GBP,1176.5439485779796,0.15615706324800802,183.72564779215264,183.59500607765659,0.15604602471463749,True,16598780.027652852,78449905.923423335,26781201.223071098,73605825.200775594,61851125.895770483,46824623.977704495,True,True,0.21402980904536231,False,False,15,London|TLC1|TLC2|TLD3|TLD6|TLE3|TLE4|TLF1|TLF2|TLG1|TLG2|TLH1|TLH2|TLH3|TLJ1
uk,TLD4,GNN,456,20,100,1,GBP,1176.5439485779796,0.17087764559264457,201.04505986927862,183.59500607765659,0.15604602471463749,True,4726553.1388478279,30405745.352669816,646493.39645716606,68417126.092939526,25679192.213821989,67770632.69648236,True,True,0.042029809045362305,False,False,15,London|TLC1|TLC2|TLD3|TLD6|TLE3|TLE4|TLF1|TLF2|TLG1|TLG2|TLH1|TLH2|TLH3|TLJ1
uk,TLD4,GNN,456,20,300,1,GBP,1176.5439485779796,0.17087764559264457,201.04505986927862,183.59500607765659,0.15604602471463749,True,8989771.3750978224,60784754.919818997,11888972.980859544,65387060.951814309,51794983.544721171,53498087.970954761,True,True,0.12802980904536229,False,False,15,London|TLC1|TLC2|TLD3|TLD6|TLE3|TLE4|TLF1|TLF2|TLG1|TLG2|TLH1|TLH2|TLH3|TLJ1
uk,TLD4,GNN,456,20,500,1,GBP,1176.5439485779796,0.17087764559264457,201.04505986927862,183.59500607765659,0.15604602471463749,True,16598780.027652852,85897253.11658752,26781201.223071098,81053172.393939763,69298473.08893466,54271971.170868665,True,True,0.21402980904536231,False,False,15,London|TLC1|TLC2|TLD3|TLD6|TLE3|TLE4|TLF1|TLF2|TLG1|TLG2|TLH1|TLH2|TLH3|TLJ1
uk,TLD6,Uni,,10,100,0.5,GBP,803.61196273363112,0.12293368470723245,98.79097965365645,82.444625736862349,0.10259258144492035,True,8196019.6265492113,37440953.222549424,16490871.390739664,39572949.263933077,29244933.596000213,23082077.873193413,True,True,0.040876741613459375,False,False,15,London|TLC1|TLC2|TLD3|TLD4|TLE3|TLE4|TLF1|TLF2|TLG1|TLG2|TLH1|TLH2|TLH3|TLJ1
uk,TLD6,Uni,,10,300,0.5,GBP,803.61196273363112,0.12293368470723245,98.79097965365645,82.444625736862349,0.10259258144492035,True,11823257.066154193,42480121.25107228,10631578.026886269,80902674.009739846,30656864.184918087,70271095.982853577,True,True,0.13042273340300958,False,False,15,London|TLC1|TLC2|TLD3|TLD4|TLE3|TLE4|TLF1|TLF2|TLG1|TLG2|TLH1|TLH2|TLH3|TLJ1
uk,TLD6,Uni,,10,500,0.5,GBP,803.61196273363112,0.12293368470723245,98.79097965365645,82.444625736862349,0.10259258144492035,True,11823257.066154189,42480121.251072295,10631578.026886284,80902674.009739861,30656864.184918106,70271095.982853577,True,True,0.22390967112604168,False,False,15,London|TLC1|TLC2|TLD3|TLD4|TLE3|TLE4|TLF1|TLF2|TLG1|TLG2|TLH1|TLH2|TLH3|TLJ1
uk,TLD6,Uni,,10,100,0.80000000000000004,GBP,803.61196273363112,0.17494274056401779,140.58607911065076,82.444625736862349,0.10259258144492035,True,8196019.6265492113,55408267.861593097,16490871.390739664,57544842.030440643,47212248.235043883,41053970.639700979,True,True,0.040876741613459375,False,False,15,London|TLC1|TLC2|TLD3|TLD4|TLE3|TLE4|TLF1|TLF2|TLG1|TLG2|TLH1|TLH2|TLH3|TLJ1
uk,TLD6,Uni,,10,300,0.80000000000000004,GBP,803.61196273363112,0.17494274056401779,140.58607911065076,82.444625736862349,0.10259258144492035,True,11823257.066154193,60452014.017579816,10631578.026886269,104573831.62604669,48628756.951425627,93942253.599160418,True,True,0.13042273340300958,False,False,15,London|TLC1|TLC2|TLD3|TLD4|TLE3|TLE4|TLF1|TLF2|TLG1|TLG2|TLH1|TLH2|TLH3|TLJ1
uk,TLD6,Uni,,10,500,0.80000000000000004,GBP,803.61196273363112,0.17494274056401779,140.58607911065076,82.444625736862349,0.10259258144492035,True,11823257.066154189,60452014.017579824,10631578.026886284,116846459.54275496,48628756.951425634,106214881.51586868,True,True,0.22390967112604168,False,False,15,London|TLC1|TLC2|TLD3|TLD4|TLE3|TLE4|TLF1|TLF2|TLG1|TLG2|TLH1|TLH2|TLH3|TLJ1
uk,TLD6,Uni,,10,100,0.90000000000000002,GBP,803.61196273363112,0.21236574984994022,170.65965705430978,82.444625736862349,0.10259258144492035,True,8196019.6265492113,68339906.377366483,16490871.390739664,70476480.546214014,60143886.750817269,53985609.15547435,True,True,0.040876741613459375,False,False,15,London|TLC1|TLC2|TLD3|TLD4|TLE3|TLE4|TLF1|TLF2|TLG1|TLG2|TLH1|TLH2|TLH3|TLJ1
uk,TLD6,Uni,,10,300,0.90000000000000002,GBP,803.61196273363112,0.21236574984994022,170.65965705430978,82.444625736862349,0.10259258144492035,True,11823257.066154193,73383652.533353209,10631578.026886269,117505470.14182007,61560395.467199013,106873892.1149338,True,True,0.13042273340300958,False,False,15,London|TLC1|TLC2|TLD3|TLD4|TLE3|TLE4|TLF1|TLF2|TLG1|TLG2|TLH1|TLH2|TLH3|TLJ1
uk,TLD6,Uni,,10,500,0.90000000000000002,GBP,803.61196273363112,0.21236574984994022,170.65965705430978,82.444625736862349,0.10259258144492035,True,11823257.066154189,73383652.533353209,10631578.026886284,142709736.57430172,61560395.46719902,132078158.54741544,True,True,0.22390967112604168,False,False,15,London|TLC1|TLC2|TLD3|TLD4|TLE3|TLE4|TLF1|TLF2|TLG1|TLG2|TLH1|TLH2|TLH3|TLJ1
uk,TLD6,Uni,,10,100,1,GBP,803.61196273363112,0.24933723448265505,200.37038438518204,82.444625736862349,0.10259258144492035,True,8196019.6265492113,81115519.129641578,16490871.390739664,83252093.298489064,72919499.503092363,66761221.9077494,True,True,0.040876741613459375,False,False,15,London|TLC1|TLC2|TLD3|TLD4|TLE3|TLE4|TLF1|TLF2|TLG1|TLG2|TLH1|TLH2|TLH3|TLJ1
uk,TLD6,Uni,,10,300,1,GBP,803.61196273363112,0.24933723448265505,200.37038438518204,82.444625736862349,0.10259258144492035,True,11823257.066154193,86159265.285628289,10631578.026886269,130281082.89409515,74336008.219474092,119649504.86720888,True,True,0.13042273340300958,False,False,15,London|TLC1|TLC2|TLD3|TLD4|TLE3|TLE4|TLF1|TLF2|TLG1|TLG2|TLH1|TLH2|TLH3|TLJ1
uk,TLD6,Uni,,10,500,1,GBP,803.61196273363112,0.24933723448265505,200.37038438518204,82.444625736862349,0.10259258144492035,True,11823257.066154189,86159265.285628334,10631578.026886284,168260962.07885182,74336008.219474137,157629384.05196553,True,True,0.22390967112604168,False,False,15,London|TLC1|TLC2|TLD3|TLD4|TLE3|TLE4|TLF1|TLF2|TLG1|TLG2|TLH1|TLH2|TLH3|TLJ1
uk,TLD6,Uni,,20,100,0.5,GBP,803.61196273363112,0.14754386595052682,118.56801570581062,108.19928683593298,0.13464120975485927,True,1061045.2820483209,17889899.614650253,3403603.433956827,48090761.44551833,16828854.332601931,44687158.011561505,True,True,0.022313271181411985,False,False,15,London|TLC1|TLC2|TLD3|TLD4|TLE3|TLE4|TLF1|TLF2|TLG1|TLG2|TLH1|TLH2|TLH3|TLJ1
uk,TLD6,Uni,,20,300,0.5,GBP,803.61196273363112,0.14754386595052682,118.56801570581062,108.19928683593298,0.13464120975485927,True,8572058.7297045514,46080799.64224153,15378209.478081277,33209875.838214785,37508740.912536979,17831666.360133506,True,True,0.10831327118141199,False,False,15,London|TLC1|TLC2|TLD3|TLD4|TLE3|TLE4|TLF1|TLF2|TLG1|TLG2|TLH1|TLH2|TLH3|TLJ1
uk,TLD6,Uni,,20,500,0.5,GBP,803.61196273363112,0.14754386595052682,118.56801570581062,108.19928683593298,0.13464120975485927,True,11817005.569611868,50982767.470890462,1339042.0227335617,75715701.916427106,39165761.901278593,74376659.893693537,True,True,0.19431327118141203,False,False,15,London|TLC1|TLC2|TLD3|TLD4|TLE3|TLE4|TLF1|TLF2|TLG1|TLG2|TLH1|TLH2|TLH3|TLJ1
uk,TLD6,Uni,,20,100,0.80000000000000004,GBP,803.61196273363112,0.23857226541877538,191.71952646699089,108.19928683593298,0.13464120975485927,True,1061045.2820483209,38622351.05102998,3403603.433956827,79545911.072825849,37561305.768981658,76142307.638869017,True,True,0.022313271181411985,False,False,15,London|TLC1|TLC2|TLD3|TLD4|TLE3|TLE4|TLF1|TLF2|TLG1|TLG2|TLH1|TLH2|TLH3|TLJ1
uk,TLD6,Uni,,20,300,0.80000000000000004,GBP,803.61196273363112,0.23857226541877538,191.71952646699089,108.19928683593298,0.13464120975485927,True,8572058.7297045514,77433258.815977052,15378209.478081277,64665025.465522304,68861200.086272508,49286815.987441026,True,True,0.10831327118141199,False,False,15,London|TLC1|TLC2|TLD3|TLD4|TLE3|TLE4|TLF1|TLF2|TLG1|TLG2|TLH1|TLH2|TLH3|TLJ1
uk,TLD6,Uni,,20,500,0.80000000000000004,GBP,803.61196273363112,0.23857226541877538,191.71952646699089,108.19928683593298,0.13464120975485927,True,11817005.569611868,82437917.098197982,1339042.0227335617,107170851.54373464,70620911.528586119,105831809.52100107,True,True,0.19431327118141203,False,False,15,London|TLC1|TLC2|TLD3|TLD4|TLE3|TLE4|TLF1|TLF2|TLG1|TLG2|TLH1|TLH2|TLH3|TLJ1
uk,TLD6,Uni,,20,100,0.90000000000000002,GBP,803.61196273363112,0.24986216011324433,200.79222090146908,108.19928683593298,0.13464120975485927,True,1061045.2820483209,41638683.104827777,3403603.433956827,83447169.679651469,40577637.822779454,80043566.245694637,True,True,0.022313271181411985,False,False,15,London|TLC1|TLC2|TLD3|TLD4|TLE3|TLE4|TLF1|TLF2|TLG1|TLG2|TLH1|TLH2|TLH3|TLJ1
uk,TLD6,Uni,,20,300,0.90000000000000002,GBP,803.61196273363112,0.24986216011324433,200.79222090146908,108.19928683593298,0.13464120975485927,True,8572058.7297045514,81332566.793499231,15378209.478081277,68566284.072347924,72760508.063794672,53188074.594266646,True,True,0.10831327118141199,False,False,15,London|TLC1|TLC2|TLD3|TLD4|TLE3|TLE4|TLF1|TLF2|TLG1|TLG2|TLH1|TLH2|TLH3|TLJ1
uk,TLD6,Uni,,20,500,0.90000000000000002,GBP,803.61196273363112,0.24986216011324433,200.79222090146908,108.19928683593298,0.13464120975485927,True,11817005.569611868,86339175.705023617,1339042.0227335617,111072110.15056026,74522170.135411754,109733068.12782669,True,True,0.19431327118141203,False,False,15,London|TLC1|TLC2|TLD3|TLD4|TLE3|TLE4|TLF1|TLF2|TLG1|TLG2|TLH1|TLH2|TLH3|TLJ1
uk,TLD6,Uni,,20,100,1,GBP,803.61196273363112,0.26850458711315484,215.7734982529856,108.19928683593298,0.13464120975485927,True,1061045.2820483209,46796245.442171201,3403603.433956827,89889118.940803602,45735200.160122879,86485515.506846771,True,True,0.022313271181411985,False,False,15,London|TLC1|TLC2|TLD3|TLD4|TLE3|TLE4|TLF1|TLF2|TLG1|TLG2|TLH1|TLH2|TLH3|TLJ1
uk,TLD6,Uni,,20,300,1,GBP,803.61196273363112,0.26850458711315484,215.7734982529856,108.19928683593298,0.13464120975485927,True,8572058.7297045514,87773207.09953706,15378209.478081277,75008233.333500013,79201148.369832516,59630023.855418734,True,True,0.10831327118141199,False,False,15,London|TLC1|TLC2|TLD3|TLD4|TLE3|TLE4|TLF1|TLF2|TLG1|TLG2|TLH1|TLH2|TLH3|TLJ1
uk,TLD6,Uni,,20,500,1,GBP,803.61196273363112,0.26850458711315484,215.7734982529856,108.19928683593298,0.13464120975485927,True,11817005.569611868,92781124.966175705,1339042.0227335617,117514059.41171241,80964119.396563843,116175017.38897884,True,True,0.19431327118141203,False,False,15,London|TLC1|TLC2|TLD3|TLD4|TLE3|TLE4|TLF1|TLF2|TLG1|TLG2|TLH1|TLH2|TLH3|TLJ1
uk,TLD6,LU,,10,100,0.5,GBP,803.61196273363112,0.10849186812696943,87.185363086152179,80.277114748887058,0.099895370491760685,True,7960299.7199778482,32623744.604114346,16490871.390739664,34944716.78601595,24663444.884136498,18453845.395276286,True,True,0.040876741613459375,False,False,15,London|TLC1|TLC2|TLD3|TLD4|TLE3|TLE4|TLF1|TLF2|TLG1|TLG2|TLH1|TLH2|TLH3|TLJ1
uk,TLD6,LU,,10,300,0.5,GBP,803.61196273363112,0.10849186812696943,87.185363086152179,80.277114748887058,0.099895370491760685,True,11563960.325272869,37489706.127045445,16530636.475916922,71611706.960980088,25925745.801772576,55081070.485063165,True,True,0.13042273340300958,False,False,15,London|TLC1|TLC2|TLD3|TLD4|TLE3|TLE4|TLF1|TLF2|TLG1|TLG2|TLH1|TLH2|TLH3|TLJ1
uk,TLD6,LU,,10,500,0.5,GBP,803.61196273363112,0.10849186812696943,87.185363086152179,80.277114748887058,0.099895370491760685,True,11563960.325272869,37489706.127045445,16530636.475916952,71611706.960980058,25925745.801772576,55081070.485063106,True,True,0.22390967112604168,False,False,15,London|TLC1|TLC2|TLD3|TLD4|TLE3|TLE4|TLF1|TLF2|TLG1|TLG2|TLH1|TLH2|TLH3|TLJ1
uk,TLD6,LU,,10,100,0.80000000000000004,GBP,803.61196273363112,0.13739328648395063,110.41088861779164,80.277114748887058,0.099895370491760685,True,7960299.7199778482,42585702.79285568,16490871.390739664,44931692.764620923,34625403.072877832,28440821.373881258,True,True,0.040876741613459375,False,False,15,London|TLC1|TLC2|TLD3|TLD4|TLE3|TLE4|TLF1|TLF2|TLG1|TLG2|TLH1|TLH2|TLH3|TLJ1
uk,TLD6,LU,,10,300,0.80000000000000004,GBP,803.61196273363112,0.13739328648395063,110.41088861779164,80.277114748887058,0.099895370491760685,True,11563960.325272869,47476682.105650418,16530636.475916922,91585658.918190032,35912721.780377552,75055022.44227311,True,True,0.13042273340300958,False,False,15,London|TLC1|TLC2|TLD3|TLD4|TLE3|TLE4|TLF1|TLF2|TLG1|TLG2|TLH1|TLH2|TLH3|TLJ1
uk,TLD6,LU,,10,500,0.80000000000000004,GBP,803.61196273363112,0.13739328648395063,110.41088861779164,80.277114748887058,0.099895370491760685,True,11563960.325272869,47476682.105650418,16530636.475916952,91585658.918189973,35912721.780377552,75055022.442273021,True,True,0.22390967112604168,False,False,15,London|TLC1|TLC2|TLD3|TLD4|TLE3|TLE4|TLF1|TLF2|TLG1|TLG2|TLH1|TLH2|TLH3|TLJ1
uk,TLD6,LU,,10,100,0.90000000000000002,GBP,803.61196273363112,0.14676574218776511,117.94270614156801,80.277114748887058,0.099895370491760685,True,7960299.7199778482,45824384.328079522,16490871.390739664,48170374.299844772,37864084.608101673,31679502.909105107,True,True,0.040876741613459375,False,False,15,London|TLC1|TLC2|TLD3|TLD4|TLE3|TLE4|TLF1|TLF2|TLG1|TLG2|TLH1|TLH2|TLH3|TLJ1
uk,TLD6,LU,,10,300,0.90000000000000002,GBP,803.61196273363112,0.14676574218776511,117.94270614156801,80.277114748887058,0.099895370491760685,True,11563960.325272869,50715363.640874259,16530636.475916922,96798633.023657769,39151403.315601394,80267996.547740847,True,True,0.13042273340300958,False,False,15,London|TLC1|TLC2|TLD3|TLD4|TLE3|TLE4|TLF1|TLF2|TLG1|TLG2|TLH1|TLH2|TLH3|TLJ1
uk,TLD6,LU,,10,500,0.90000000000000002,GBP,803.61196273363112,0.14676574218776511,117.94270614156801,80.277114748887058,0.099895370491760685,True,11563960.325272869,50715363.640874267,16530636.475916952,98063021.988637686,39151403.315601394,81532385.512720734,True,True,0.22390967112604168,False,False,15,London|TLC1|TLC2|TLD3|TLD4|TLE3|TLE4|TLF1|TLF2|TLG1|TLG2|TLH1|TLH2|TLH3|TLJ1
uk,TLD6,LU,,10,100,1,GBP,803.61196273363112,0.1844421380150226,148.21990854103959,80.277114748887058,0.099895370491760685,True,7960299.7199778482,58843581.359852284,16490871.390739664,61189571.331617534,50883281.639874436,44698699.94087787,True,True,0.040876741613459375,False,False,15,London|TLC1|TLC2|TLD3|TLD4|TLE3|TLE4|TLF1|TLF2|TLG1|TLG2|TLH1|TLH2|TLH3|TLJ1
uk,TLD6,LU,,10,300,1,GBP,803.61196273363112,0.1844421380150226,148.21990854103959,80.277114748887058,0.099895370491760685,True,11563960.325272869,63734560.672647022,16530636.475916922,109833170.88762411,52170600.347374156,93302534.411707193,True,True,0.13042273340300958,False,False,15,London|TLC1|TLC2|TLD3|TLD4|TLE3|TLE4|TLF1|TLF2|TLG1|TLG2|TLH1|TLH2|TLH3|TLJ1
uk,TLD6,LU,,10,500,1,GBP,803.61196273363112,0.1844421380150226,148.21990854103959,80.277114748887058,0.099895370491760685,True,11563960.325272869,63734560.672647037,16530636.475916952,124101416.0521832,52170600.347374171,107570779.57626624,True,True,0.22390967112604168,False,False,15,London|TLC1|TLC2|TLD3|TLD4|TLE3|TLE4|TLF1|TLF2|TLG1|TLG2|TLH1|TLH2|TLH3|TLJ1
uk,TLD6,LU,,20,100,0.5,GBP,803.61196273363112,0.13776814713002924,110.71213111733847,110.80647324517957,0.13788554474506745,False,1063254.7839563689,15927708.493098212,2945154.9497590363,45286124.895310931,14864453.709141843,42340969.945551895,True,True,0.022313271181411985,False,False,15,London|TLC1|TLC2|TLD3|TLD4|TLE3|TLE4|TLF1|TLF2|TLG1|TLG2|TLH1|TLH2|TLH3|TLJ1
uk,TLD6,LU,,20,300,0.5,GBP,803.61196273363112,0.13776814713002924,110.71213111733847,110.80647324517957,0.13788554474506745,False,8576675.3224655595,42730727.417687722,15378209.478081277,29233168.184848834,34154052.09522216,13854958.706767557,True,True,0.10831327118141199,False,False,15,London|TLC1|TLC2|TLD3|TLD4|TLE3|TLE4|TLF1|TLF2|TLG1|TLG2|TLH1|TLH2|TLH3|TLJ1
uk,TLD6,LU,,20,500,0.5,GBP,803.61196273363112,0.13776814713002924,110.71213111733847,110.80647324517957,0.13788554474506745,False,11916851.984229235,47606136.219580241,3237127.6444798037,77482352.623652384,35689284.235351004,74245224.979172587,True,True,0.19431327118141203,False,False,15,London|TLC1|TLC2|TLD3|TLD4|TLE3|TLE4|TLF1|TLF2|TLG1|TLG2|TLH1|TLH2|TLH3|TLJ1
uk,TLD6,LU,,20,100,0.80000000000000004,GBP,803.61196273363112,0.17919897807473806,144.00644249050117,110.80647324517957,0.13788554474506745,True,1063254.7839563689,24073069.672550902,2945154.9497590363,59602678.785770893,23009814.888594534,56657523.836011857,True,True,0.022313271181411985,False,False,15,London|TLC1|TLC2|TLD3|TLD4|TLE3|TLE4|TLF1|TLF2|TLG1|TLG2|TLH1|TLH2|TLH3|TLJ1
uk,TLD6,LU,,20,300,0.80000000000000004,GBP,803.61196273363112,0.17919897807473806,144.00644249050117,110.80647324517957,0.13788554474506745,True,8576675.3224655595,56980587.72135032,15378209.478081277,43549722.075308785,48403912.398884758,28171512.597227506,True,True,0.10831327118141199,False,False,15,London|TLC1|TLC2|TLD3|TLD4|TLE3|TLE4|TLF1|TLF2|TLG1|TLG2|TLH1|TLH2|TLH3|TLJ1
uk,TLD6,LU,,20,500,0.80000000000000004,GBP,803.61196273363112,0.17919897807473806,144.00644249050117,110.80647324517957,0.13788554474506745,True,11916851.984229235,61922690.110040218,3237127.6444798037,91798906.514112383,50005838.125810981,88561778.869632572,True,True,0.19431327118141203,False,False,15,London|TLC1|TLC2|TLD3|TLD4|TLE3|TLE4|TLF1|TLF2|TLG1|TLG2|TLH1|TLH2|TLH3|TLJ1
uk,TLD6,LU,,20,100,0.90000000000000002,GBP,803.61196273363112,0.19511675788751595,156.79816076820939,110.80647324517957,0.13788554474506745,True,1063254.7839563689,27575012.367064603,2945154.9497590363,65103117.645185426,26511757.583108235,62157962.69542639,True,True,0.022313271181411985,False,False,15,London|TLC1|TLC2|TLD3|TLD4|TLE3|TLE4|TLF1|TLF2|TLG1|TLG2|TLH1|TLH2|TLH3|TLJ1
uk,TLD6,LU,,20,300,0.90000000000000002,GBP,803.61196273363112,0.19511675788751595,156.79816076820939,110.80647324517957,0.13788554474506745,True,8576675.3224655595,62472775.922475748,15378209.478081277,49050160.934723333,53896100.600010186,33671951.456642054,True,True,0.10831327118141199,False,False,15,London|TLC1|TLC2|TLD3|TLD4|TLE3|TLE4|TLF1|TLF2|TLG1|TLG2|TLH1|TLH2|TLH3|TLJ1
uk,TLD6,LU,,20,500,0.90000000000000002,GBP,803.61196273363112,0.19511675788751595,156.79816076820939,110.80647324517957,0.13788554474506745,True,11916851.984229235,67423128.96945475,3237127.6444798037,97299345.373526916,55506276.985225514,94062217.72904712,True,True,0.19431327118141203,False,False,15,London|TLC1|TLC2|TLD3|TLD4|TLE3|TLE4|TLF1|TLF2|TLG1|TLG2|TLH1|TLH2|TLH3|TLJ1
uk,TLD6,LU,,20,100,1,GBP,803.61196273363112,0.25279013454619531,203.1451761823667,110.80647324517957,0.13788554474506745,True,1063254.7839563689,42095071.647027835,2945154.9497590363,85032334.273273066,41031816.863071464,82087179.323514029,True,True,0.022313271181411985,False,False,15,London|TLC1|TLC2|TLD3|TLD4|TLE3|TLE4|TLF1|TLF2|TLG1|TLG2|TLH1|TLH2|TLH3|TLJ1
uk,TLD6,LU,,20,300,1,GBP,803.61196273363112,0.25279013454619531,203.1451761823667,110.80647324517957,0.13788554474506745,True,8576675.3224655595,82390064.759850219,15378209.478081277,68979377.562810987,73813389.437384665,53601168.084729709,True,True,0.10831327118141199,False,False,15,London|TLC1|TLC2|TLD3|TLD4|TLE3|TLE4|TLF1|TLF2|TLG1|TLG2|TLH1|TLH2|TLH3|TLJ1
uk,TLD6,LU,,20,500,1,GBP,803.61196273363112,0.25279013454619531,203.1451761823667,110.80647324517957,0.13788554474506745,True,11916851.984229235,87352345.59754239,3237127.6444798037,117228562.00161457,75435493.613313153,113991434.35713476,True,True,0.19431327118141203,False,False,15,London|TLC1|TLC2|TLD3|TLD4|TLE3|TLE4|TLF1|TLF2|TLG1|TLG2|TLH1|TLH2|TLH3|TLJ1
uk,TLD6,GNN,42,10,100,0.5,GBP,803.61196273363112,0.078842018394831639,63.358389148151701,72.080663934184855,0.08969585730031876,False,5936105.8698269427,23861846.609678656,5257885.6835743831,17774620.315568537,17925740.739851713,12516734.631994154,True,True,0.040876741613459375,False,False,15,London|TLC1|TLC2|TLD3|TLD4|TLE3|TLE4|TLF1|TLF2|TLG1|TLG2|TLH1|TLH2|TLH3|TLJ1
uk,TLD6,GNN,42,10,300,0.5,GBP,803.61196273363112,0.078842018394831639,63.358389148151701,72.080663934184855,0.08969585730031876,False,8470279.4914974552,27244107.333705239,10861632.590459496,48543164.975331828,18773827.842207782,37681532.384872332,True,True,0.13042273340300958,False,False,15,London|TLC1|TLC2|TLD3|TLD4|TLE3|TLE4|TLF1|TLF2|TLG1|TLG2|TLH1|TLH2|TLH3|TLJ1
uk,TLD6,GNN,42,10,500,0.5,GBP,803.61196273363112,0.078842018394831639,63.358389148151701,72.080663934184855,0.08969585730031876,False,8470279.4914974533,27244107.333705246,10861632.590459526,48543164.975331783,18773827.842207793,37681532.384872258,True,True,0.22390967112604168,False,False,15,London|TLC1|TLC2|TLD3|TLD4|TLE3|TLE4|TLF1|TLF2|TLG1|TLG2|TLH1|TLH2|TLH3|TLJ1
uk,TLD6,GNN,42,10,100,0.80000000000000004,GBP,803.61196273363112,0.10481476329307282,84.230397653407209,72.080663934184855,0.08969585730031876,True,5936105.8698269427,32721743.255601417,5257885.6835743831,26661158.116719138,26785637.385774475,21403272.433144756,True,True,0.040876741613459375,False,False,15,London|TLC1|TLC2|TLD3|TLD4|TLE3|TLE4|TLF1|TLF2|TLG1|TLG2|TLH1|TLH2|TLH3|TLJ1
uk,TLD6,GNN,42,10,300,0.80000000000000004,GBP,803.61196273363112,0.10481476329307282,84.230397653407209,72.080663934184855,0.08969585730031876,True,8470279.4914974552,36219070.99096512,10861632.590459496,66493092.289851546,27748791.499467663,55631459.699392051,True,True,0.13042273340300958,False,False,15,London|TLC1|TLC2|TLD3|TLD4|TLE3|TLE4|TLF1|TLF2|TLG1|TLG2|TLH1|TLH2|TLH3|TLJ1
uk,TLD6,GNN,42,10,500,0.80000000000000004,GBP,803.61196273363112,0.10481476329307282,84.230397653407209,72.080663934184855,0.08969585730031876,True,8470279.4914974533,36219070.99096512,10861632.590459526,66493092.289851591,27748791.499467667,55631459.699392065,True,True,0.22390967112604168,False,False,15,London|TLC1|TLC2|TLD3|TLD4|TLE3|TLE4|TLF1|TLF2|TLG1|TLG2|TLH1|TLH2|TLH3|TLJ1
uk,TLD6,GNN,42,10,100,0.90000000000000002,GBP,803.61196273363112,0.11761736880872931,94.518724599948328,72.080663934184855,0.08969585730031876,True,5936105.8698269427,37133906.916620158,5257885.6835743831,31085138.703731827,31197801.046793215,25827253.020157445,True,True,0.040876741613459375,False,False,15,London|TLC1|TLC2|TLD3|TLD4|TLE3|TLE4|TLF1|TLF2|TLG1|TLG2|TLH1|TLH2|TLH3|TLJ1
uk,TLD6,GNN,42,10,300,0.90000000000000002,GBP,803.61196273363112,0.11761736880872931,94.518724599948328,72.080663934184855,0.08969585730031876,True,8470279.4914974552,40643051.577977784,10861632.590459496,75341053.463876888,32172772.086480327,64479420.873417392,True,True,0.13042273340300958,False,False,15,London|TLC1|TLC2|TLD3|TLD4|TLE3|TLE4|TLF1|TLF2|TLG1|TLG2|TLH1|TLH2|TLH3|TLJ1
uk,TLD6,GNN,42,10,500,0.90000000000000002,GBP,803.61196273363112,0.11761736880872931,94.518724599948328,72.080663934184855,0.08969585730031876,True,8470279.4914974533,40643051.577977791,10861632.590459526,75341053.463876933,32172772.086480338,64479420.873417407,True,True,0.22390967112604168,False,False,15,London|TLC1|TLC2|TLD3|TLD4|TLE3|TLE4|TLF1|TLF2|TLG1|TLG2|TLH1|TLH2|TLH3|TLJ1
uk,TLD6,GNN,42,10,100,1,GBP,803.61196273363112,0.1290144261103755,103.67753618751188,72.080663934184855,0.08969585730031876,True,5936105.8698269427,41070191.470665909,5257885.6835743831,35023427.686384156,35134085.600838967,29765542.002809774,True,True,0.040876741613459375,False,False,15,London|TLC1|TLC2|TLD3|TLD4|TLE3|TLE4|TLF1|TLF2|TLG1|TLG2|TLH1|TLH2|TLH3|TLJ1
uk,TLD6,GNN,42,10,300,1,GBP,803.61196273363112,0.1290144261103755,103.67753618751188,72.080663934184855,0.08969585730031876,True,8470279.4914974552,44581340.560630113,10861632.590459496,83217631.429181576,36111061.069132656,72355998.83872208,True,True,0.13042273340300958,False,False,15,London|TLC1|TLC2|TLD3|TLD4|TLE3|TLE4|TLF1|TLF2|TLG1|TLG2|TLH1|TLH2|TLH3|TLJ1
uk,TLD6,GNN,42,10,500,1,GBP,803.61196273363112,0.1290144261103755,103.67753618751188,72.080663934184855,0.08969585730031876,True,8470279.4914974533,44581340.560630128,10861632.590459526,83217631.429181531,36111061.069132671,72355998.838722005,True,True,0.22390967112604168,False,False,15,London|TLC1|TLC2|TLD3|TLD4|TLE3|TLE4|TLF1|TLF2|TLG1|TLG2|TLH1|TLH2|TLH3|TLJ1
uk,TLD6,GNN,42,20,100,0.5,GBP,803.61196273363112,0.1053826532467456,84.686760813694903,89.549659966152433,0.11143395583800558,False,396325.98209889117,8637433.7130948957,3227540.455867555,32956824.35028138,8241107.7309960043,29729283.894413825,True,True,0.022313271181411985,False,False,15,London|TLC1|TLC2|TLD3|TLD4|TLE3|TLE4|TLF1|TLF2|TLG1|TLG2|TLH1|TLH2|TLH3|TLJ1
uk,TLD6,GNN,42,20,300,0.5,GBP,803.61196273363112,0.1053826532467456,84.686760813694903,89.549659966152433,0.11143395583800558,False,7811491.594397814,33911305.703840822,1658113.876339599,32577662.659172464,26099814.109443009,30919548.782832865,True,True,0.10831327118141199,False,False,15,London|TLC1|TLC2|TLD3|TLD4|TLE3|TLE4|TLF1|TLF2|TLG1|TLG2|TLH1|TLH2|TLH3|TLJ1
uk,TLD6,GNN,42,20,500,0.5,GBP,803.61196273363112,0.1053826532467456,84.686760813694903,89.549659966152433,0.11143395583800558,False,9738808.6417746805,36415307.149888821,1698307.09401007,61387300.24088712,26676498.50811414,59688993.14687705,True,True,0.19431327118141203,False,False,15,London|TLC1|TLC2|TLD3|TLD4|TLE3|TLE4|TLF1|TLF2|TLG1|TLG2|TLH1|TLH2|TLH3|TLJ1
uk,TLD6,GNN,42,20,100,0.80000000000000004,GBP,803.61196273363112,0.13006400478392985,104.52099016541025,89.549659966152433,0.11143395583800558,True,396325.98209889117,12984574.276239805,3227540.455867555,41485542.971518978,12588248.294140914,38258002.51565142,True,True,0.022313271181411985,False,False,15,London|TLC1|TLC2|TLD3|TLD4|TLE3|TLE4|TLF1|TLF2|TLG1|TLG2|TLH1|TLH2|TLH3|TLJ1
uk,TLD6,GNN,42,20,300,0.80000000000000004,GBP,803.61196273363112,0.13006400478392985,104.52099016541025,89.549659966152433,0.11143395583800558,True,7811491.594397814,42235812.390707918,1658113.876339599,41106381.280410066,34424320.796310104,39448267.404070467,True,True,0.10831327118141199,False,False,15,London|TLC1|TLC2|TLD3|TLD4|TLE3|TLE4|TLF1|TLF2|TLG1|TLG2|TLH1|TLH2|TLH3|TLJ1
uk,TLD6,GNN,42,20,500,0.80000000000000004,GBP,803.61196273363112,0.13006400478392985,104.52099016541025,89.549659966152433,0.11143395583800558,True,9738808.6417746805,44944025.771126404,1698307.09401007,72857036.3627204,35205217.12935172,71158729.26871033,True,True,0.19431327118141203,False,False,15,London|TLC1|TLC2|TLD3|TLD4|TLE3|TLE4|TLF1|TLF2|TLG1|TLG2|TLH1|TLH2|TLH3|TLJ1
uk,TLD6,GNN,42,20,100,0.90000000000000002,GBP,803.61196273363112,0.13835071718294606,111.18029138099278,89.549659966152433,0.11143395583800558,True,396325.98209889117,14614438.833623588,3227540.455867555,44349042.494219467,14218112.851524698,41121502.038351908,True,True,0.022313271181411985,False,False,15,London|TLC1|TLC2|TLD3|TLD4|TLE3|TLE4|TLF1|TLF2|TLG1|TLG2|TLH1|TLH2|TLH3|TLJ1
uk,TLD6,GNN,42,20,300,0.90000000000000002,GBP,803.61196273363112,0.13835071718294606,111.18029138099278,89.549659966152433,0.11143395583800558,True,7811491.594397814,45054472.633828536,1658113.876339599,43969880.803110562,37242981.039430723,42311766.926770963,True,True,0.10831327118141199,False,False,15,London|TLC1|TLC2|TLD3|TLD4|TLE3|TLE4|TLF1|TLF2|TLG1|TLG2|TLH1|TLH2|TLH3|TLJ1
uk,TLD6,GNN,42,20,500,0.90000000000000002,GBP,803.61196273363112,0.13835071718294606,111.18029138099278,89.549659966152433,0.11143395583800558,True,9738808.6417746805,47807525.293826923,1698307.09401007,75720535.885420889,38068716.652052239,74022228.791410819,True,True,0.19431327118141203,False,False,15,London|TLC1|TLC2|TLD3|TLD4|TLE3|TLE4|TLF1|TLF2|TLG1|TLG2|TLH1|TLH2|TLH3|TLJ1
uk,TLD6,GNN,42,20,100,1,GBP,803.61196273363112,0.18426215839381918,148.07527476439225,89.549659966152433,0.11143395583800558,True,396325.98209889117,24618917.744389396,3227540.455867555,60213885.349081241,24222591.762290504,56986344.893213689,True,True,0.022313271181411985,False,False,15,London|TLC1|TLC2|TLD3|TLD4|TLE3|TLE4|TLF1|TLF2|TLG1|TLG2|TLH1|TLH2|TLH3|TLJ1
uk,TLD6,GNN,42,20,300,1,GBP,803.61196273363112,0.18426215839381918,148.07527476439225,89.549659966152433,0.11143395583800558,True,7811491.594397814,60832718.046309993,1658113.876339599,59834723.657972351,53021226.45191218,58176609.781632751,True,True,0.10831327118141199,False,False,15,London|TLC1|TLC2|TLD3|TLD4|TLE3|TLE4|TLF1|TLF2|TLG1|TLG2|TLH1|TLH2|TLH3|TLJ1
uk,TLD6,GNN,42,20,500,1,GBP,803.61196273363112,0.18426215839381918,148.07527476439225,89.549659966152433,0.11143395583800558,True,9738808.6417746805,63672368.148688689,1698307.09401007,91585378.740282625,53933559.506914005,89887071.646272555,True,True,0.19431327118141203,False,False,15,London|TLC1|TLC2|TLD3|TLD4|TLE3|TLE4|TLF1|TLF2|TLG1|TLG2|TLH1|TLH2|TLH3|TLJ1
uk,TLD6,GNN,123,10,100,0.5,GBP,803.61196273363112,0.077560280916374749,62.328369577379704,92.7296683361661,0.11539109997906129,False,7832095.448792425,22874497.680782057,14088732.300578946,24690261.76588726,15042402.231989633,10601529.465308314,True,True,0.040876741613459375,False,False,15,London|TLC1|TLC2|TLD3|TLD4|TLE3|TLE4|TLF1|TLF2|TLG1|TLG2|TLH1|TLH2|TLH3|TLJ1
uk,TLD6,GNN,123,10,300,0.5,GBP,803.61196273363112,0.077560280916374749,62.328369577379704,92.7296683361661,0.11539109997906129,False,11098562.830316631,26801198.91827327,14513385.748881072,49614899.0571464,15702636.087956639,35101513.308265328,True,True,0.13042273340300958,False,False,15,London|TLC1|TLC2|TLD3|TLD4|TLE3|TLE4|TLF1|TLF2|TLG1|TLG2|TLH1|TLH2|TLH3|TLJ1
uk,TLD6,GNN,123,10,500,0.5,GBP,803.61196273363112,0.077560280916374749,62.328369577379704,92.7296683361661,0.11539109997906129,False,11098562.830316627,26801198.918273285,14513385.748881102,49614899.057146385,15702636.087956658,35101513.308265284,True,True,0.22390967112604168,False,False,15,London|TLC1|TLC2|TLD3|TLD4|TLE3|TLE4|TLF1|TLF2|TLG1|TLG2|TLH1|TLH2|TLH3|TLJ1
uk,TLD6,GNN,123,10,100,0.80000000000000004,GBP,803.61196273363112,0.10584626745221037,85.059326735299635,92.7296683361661,0.11539109997906129,False,7832095.448792425,32328644.151507244,14088732.300578946,34464573.343792833,24496548.702714819,20375841.043213889,True,True,0.040876741613459375,False,False,15,London|TLC1|TLC2|TLD3|TLD4|TLE3|TLE4|TLF1|TLF2|TLG1|TLG2|TLH1|TLH2|TLH3|TLJ1
uk,TLD6,GNN,123,10,300,0.80000000000000004,GBP,803.61196273363112,0.10584626745221037,85.059326735299635,92.7296683361661,0.11539109997906129,False,11098562.830316631,36575510.496178865,14513385.748881072,69163522.212957546,25476947.665862232,54650136.464076474,True,True,0.13042273340300958,False,False,15,London|TLC1|TLC2|TLD3|TLD4|TLE3|TLE4|TLF1|TLF2|TLG1|TLG2|TLH1|TLH2|TLH3|TLJ1
uk,TLD6,GNN,123,10,500,0.80000000000000004,GBP,803.61196273363112,0.10584626745221037,85.059326735299635,92.7296683361661,0.11539109997906129,False,11098562.830316627,36575510.496178865,14513385.748881102,69163522.212957591,25476947.66586224,54650136.464076489,True,True,0.22390967112604168,False,False,15,London|TLC1|TLC2|TLD3|TLD4|TLE3|TLE4|TLF1|TLF2|TLG1|TLG2|TLH1|TLH2|TLH3|TLJ1
uk,TLD6,GNN,123,10,100,0.90000000000000002,GBP,803.61196273363112,0.11029842393329285,88.637132943459576,92.7296683361661,0.11539109997906129,False,7832095.448792425,33850075.680547677,14088732.300578946,36003030.013301603,26017980.231755253,21914297.712722659,True,True,0.040876741613459375,False,False,15,London|TLC1|TLC2|TLD3|TLD4|TLE3|TLE4|TLF1|TLF2|TLG1|TLG2|TLH1|TLH2|TLH3|TLJ1
uk,TLD6,GNN,123,10,300,0.90000000000000002,GBP,803.61196273363112,0.11029842393329285,88.637132943459576,92.7296683361661,0.11539109997906129,False,11098562.830316631,38113967.165687621,14513385.748881072,72240435.551975101,27015404.335370988,57727049.803094029,True,True,0.13042273340300958,False,False,15,London|TLC1|TLC2|TLD3|TLD4|TLE3|TLE4|TLF1|TLF2|TLG1|TLG2|TLH1|TLH2|TLH3|TLJ1
uk,TLD6,GNN,123,10,500,0.90000000000000002,GBP,803.61196273363112,0.11029842393329285,88.637132943459576,92.7296683361661,0.11539109997906129,False,11098562.830316627,38113967.165687636,14513385.748881102,72240435.551975027,27015404.33537101,57727049.803093925,True,True,0.22390967112604168,False,False,15,London|TLC1|TLC2|TLD3|TLD4|TLE3|TLE4|TLF1|TLF2|TLG1|TLG2|TLH1|TLH2|TLH3|TLJ1
uk,TLD6,GNN,123,10,100,1,GBP,803.61196273363112,0.11859490231483208,95.30428221942546,92.7296683361661,0.11539109997906129,True,7832095.448792425,36702326.404467188,14088732.300578946,38869904.201966926,28870230.955674764,24781171.901387982,True,True,0.040876741613459375,False,False,15,London|TLC1|TLC2|TLD3|TLD4|TLE3|TLE4|TLF1|TLF2|TLG1|TLG2|TLH1|TLH2|TLH3|TLJ1
uk,TLD6,GNN,123,10,300,1,GBP,803.61196273363112,0.11859490231483208,95.30428221942546,92.7296683361661,0.11539109997906129,True,11098562.830316631,40980841.354352951,14513385.748881072,77974183.929305762,29882278.524036318,63460798.18042469,True,True,0.13042273340300958,False,False,15,London|TLC1|TLC2|TLD3|TLD4|TLE3|TLE4|TLF1|TLF2|TLG1|TLG2|TLH1|TLH2|TLH3|TLJ1
uk,TLD6,GNN,123,10,500,1,GBP,803.61196273363112,0.11859490231483208,95.30428221942546,92.7296683361661,0.11539109997906129,True,11098562.830316627,40980841.354352966,14513385.748881102,77974183.929305717,29882278.52403634,63460798.180424616,True,True,0.22390967112604168,False,False,15,London|TLC1|TLC2|TLD3|TLD4|TLE3|TLE4|TLF1|TLF2|TLG1|TLG2|TLH1|TLH2|TLH3|TLJ1
uk,TLD6,GNN,123,20,100,0.5,GBP,803.61196273363112,0.10381066667321479,83.423493597948877,100.24688717405877,0.12474538934568731,False,785835.74105234887,8959567.5016574394,4225707.7444375213,31181202.280576974,8173731.7606050903,26955494.536139451,True,True,0.022313271181411985,False,False,15,London|TLC1|TLC2|TLD3|TLD4|TLE3|TLE4|TLF1|TLF2|TLG1|TLG2|TLH1|TLH2|TLH3|TLJ1
uk,TLD6,GNN,123,20,300,0.5,GBP,803.61196273363112,0.10381066667321479,83.423493597948877,100.24688717405877,0.12474538934568731,False,9311718.3406473342,33358412.072351586,5412374.5105105285,33050306.61301614,24046693.73170425,27637932.102505609,True,True,0.10831327118141199,False,False,15,London|TLC1|TLC2|TLD3|TLD4|TLE3|TLE4|TLF1|TLF2|TLG1|TLG2|TLH1|TLH2|TLH3|TLJ1
uk,TLD6,GNN,123,20,500,0.5,GBP,803.61196273363112,0.10381066667321479,83.423493597948877,100.24688717405877,0.12474538934568731,False,11680640.600942114,35870365.558985993,2791437.0429597944,60882903.308302619,24189724.958043881,58091466.265342824,True,True,0.19431327118141203,False,False,15,London|TLC1|TLC2|TLD3|TLD4|TLE3|TLE4|TLF1|TLF2|TLG1|TLG2|TLH1|TLH2|TLH3|TLJ1
uk,TLD6,GNN,123,20,100,0.80000000000000004,GBP,803.61196273363112,0.12726181798483485,102.26911933184326,100.24688717405877,0.12474538934568731,True,785835.74105234887,12909251.091736287,4225707.7444375213,39284821.346151546,12123415.350683939,35059113.601714022,True,True,0.022313271181411985,False,False,15,London|TLC1|TLC2|TLD3|TLD4|TLE3|TLE4|TLF1|TLF2|TLG1|TLG2|TLH1|TLH2|TLH3|TLJ1
uk,TLD6,GNN,123,20,300,0.80000000000000004,GBP,803.61196273363112,0.12726181798483485,102.26911933184326,100.24688717405877,0.12474538934568731,True,9311718.3406473342,41219931.357341766,5412374.5105105285,41153925.67859073,31908213.016694434,35741551.168080203,True,True,0.10831327118141199,False,False,15,London|TLC1|TLC2|TLD3|TLD4|TLE3|TLE4|TLF1|TLF2|TLG1|TLG2|TLH1|TLH2|TLH3|TLJ1
uk,TLD6,GNN,123,20,500,0.80000000000000004,GBP,803.61196273363112,0.12726181798483485,102.26911933184326,100.24688717405877,0.12474538934568731,True,11680640.600942114,43973984.624560609,2791437.0429597944,69258476.022446901,32293344.023618497,66467038.979487106,True,True,0.19431327118141203,False,False,15,London|TLC1|TLC2|TLD3|TLD4|TLE3|TLE4|TLF1|TLF2|TLG1|TLG2|TLH1|TLH2|TLH3|TLJ1
uk,TLD6,GNN,123,20,100,0.90000000000000002,GBP,803.61196273363112,0.1489971008547481,119.7358526595049,100.24688717405877,0.12474538934568731,True,785835.74105234887,17302386.845977888,4225707.7444375213,46795516.677046053,16516551.104925539,42569808.93260853,True,True,0.022313271181411985,False,False,15,London|TLC1|TLC2|TLD3|TLD4|TLE3|TLE4|TLF1|TLF2|TLG1|TLG2|TLH1|TLH2|TLH3|TLJ1
uk,TLD6,GNN,123,20,300,0.90000000000000002,GBP,803.61196273363112,0.1489971008547481,119.7358526595049,100.24688717405877,0.12474538934568731,True,9311718.3406473342,48575218.029600844,5412374.5105105285,48664621.00948523,39263499.688953511,43252246.498974703,True,True,0.10831327118141199,False,False,15,London|TLC1|TLC2|TLD3|TLD4|TLE3|TLE4|TLF1|TLF2|TLG1|TLG2|TLH1|TLH2|TLH3|TLJ1
uk,TLD6,GNN,123,20,500,0.90000000000000002,GBP,803.61196273363112,0.1489971008547481,119.7358526595049,100.24688717405877,0.12474538934568731,True,11680640.600942114,51484679.955455102,2791437.0429597944,76769171.353341416,39804039.35451299,73977734.310381621,True,True,0.19431327118141203,False,False,15,London|TLC1|TLC2|TLD3|TLD4|TLE3|TLE4|TLF1|TLF2|TLG1|TLG2|TLH1|TLH2|TLH3|TLJ1
uk,TLD6,GNN,123,20,100,1,GBP,803.61196273363112,0.16208594624878639,130.25420539652507,100.24688717405877,0.12474538934568731,True,785835.74105234887,20130081.677019961,4225707.7444375213,51318408.353964731,19344245.935967613,47092700.609527208,True,True,0.022313271181411985,False,False,15,London|TLC1|TLC2|TLD3|TLD4|TLE3|TLE4|TLF1|TLF2|TLG1|TLG2|TLH1|TLH2|TLH3|TLJ1
uk,TLD6,GNN,123,20,300,1,GBP,803.61196273363112,0.16208594624878639,130.25420539652507,100.24688717405877,0.12474538934568731,True,9311718.3406473342,53055700.540612333,5412374.5105105285,53187512.686403893,43743982.199965,47775138.175893366,True,True,0.10831327118141199,False,False,15,London|TLC1|TLC2|TLD3|TLD4|TLE3|TLE4|TLF1|TLF2|TLG1|TLG2|TLH1|TLH2|TLH3|TLJ1
uk,TLD6,GNN,123,20,500,1,GBP,803.61196273363112,0.16208594624878639,130.25420539652507,100.24688717405877,0.12474538934568731,True,11680640.600942114,56007571.632373765,2791437.0429597944,81292063.030260071,44326931.031431653,78500625.987300277,True,True,0.19431327118141203,False,False,15,London|TLC1|TLC2|TLD3|TLD4|TLE3|TLE4|TLF1|TLF2|TLG1|TLG2|TLH1|TLH2|TLH3|TLJ1
uk,TLD6,GNN,456,10,100,0.5,GBP,803.61196273363112,0.079758396347066149,64.094801432952707,87.914862597619958,0.10939964395074668,False,6846697.0180427562,23911247.794997811,11742705.772617644,25146296.10946798,17064550.776955053,13403590.336850336,True,True,0.040876741613459375,False,False,15,London|TLC1|TLC2|TLD3|TLD4|TLE3|TLE4|TLF1|TLF2|TLG1|TLG2|TLH1|TLH2|TLH3|TLJ1
uk,TLD6,GNN,456,10,300,0.5,GBP,803.61196273363112,0.079758396347066149,64.094801432952707,87.914862597619958,0.10939964395074668,False,9640150.8500140458,27560764.616169676,10861632.590459496,49587417.915546164,17920613.76615563,38725785.325086668,True,True,0.13042273340300958,False,False,15,London|TLC1|TLC2|TLD3|TLD4|TLE3|TLE4|TLF1|TLF2|TLG1|TLG2|TLH1|TLH2|TLH3|TLJ1
uk,TLD6,GNN,456,10,500,0.5,GBP,803.61196273363112,0.079758396347066149,64.094801432952707,87.914862597619958,0.10939964395074668,False,9640150.8500140421,27560764.616169684,10861632.590459526,49587417.915546134,17920613.766155642,38725785.325086609,True,True,0.22390967112604168,False,False,15,London|TLC1|TLC2|TLD3|TLD4|TLE3|TLE4|TLF1|TLF2|TLG1|TLG2|TLH1|TLH2|TLH3|TLJ1
uk,TLD6,GNN,456,10,100,0.80000000000000004,GBP,803.61196273363112,0.10851951267433695,87.207578575121076,87.914862597619958,0.10939964395074668,False,6846697.0180427562,33699148.710768491,11742705.772617644,35084790.280600376,26852451.692725733,23342084.507982731,True,True,0.040876741613459375,False,False,15,London|TLC1|TLC2|TLD3|TLD4|TLE3|TLE4|TLF1|TLF2|TLG1|TLG2|TLH1|TLH2|TLH3|TLJ1
uk,TLD6,GNN,456,10,300,0.80000000000000004,GBP,803.61196273363112,0.10851951267433695,87.207578575121076,87.914862597619958,0.10939964395074668,False,9640150.8500140458,37499258.787302077,10861632.590459496,69464406.25781095,27859107.937288031,58602773.667351454,True,True,0.13042273340300958,False,False,15,London|TLC1|TLC2|TLD3|TLD4|TLE3|TLE4|TLF1|TLF2|TLG1|TLG2|TLH1|TLH2|TLH3|TLJ1
uk,TLD6,GNN,456,10,500,0.80000000000000004,GBP,803.61196273363112,0.10851951267433695,87.207578575121076,87.914862597619958,0.10939964395074668,False,9640150.8500140421,37499258.787302077,10861632.590459526,69464406.257810935,27859107.937288035,58602773.66735141,True,True,0.22390967112604168,False,False,15,London|TLC1|TLC2|TLD3|TLD4|TLE3|TLE4|TLF1|TLF2|TLG1|TLG2|TLH1|TLH2|TLH3|TLJ1
uk,TLD6,GNN,456,10,100,0.90000000000000002,GBP,803.61196273363112,0.11634754585348168,93.498279682557566,87.914862597619958,0.10939964395074668,True,6846697.0180427562,36396145.874867342,11742705.772617644,37789791.756798074,29549448.856824584,26047085.984180428,True,True,0.040876741613459375,False,False,15,London|TLC1|TLC2|TLD3|TLD4|TLE3|TLE4|TLF1|TLF2|TLG1|TLG2|TLH1|TLH2|TLH3|TLJ1
uk,TLD6,GNN,456,10,300,0.90000000000000002,GBP,803.61196273363112,0.11634754585348168,93.498279682557566,87.914862597619958,0.10939964395074668,True,9640150.8500140458,40204260.263499759,10861632.590459496,74874409.21020633,30564109.413485713,64012776.619746834,True,True,0.13042273340300958,False,False,15,London|TLC1|TLC2|TLD3|TLD4|TLE3|TLE4|TLF1|TLF2|TLG1|TLG2|TLH1|TLH2|TLH3|TLJ1
uk,TLD6,GNN,456,10,500,0.90000000000000002,GBP,803.61196273363112,0.11634754585348168,93.498279682557566,87.914862597619958,0.10939964395074668,True,9640150.8500140421,40204260.263499774,10861632.590459526,74874409.21020633,30564109.413485732,64012776.619746804,True,True,0.22390967112604168,False,False,15,London|TLC1|TLC2|TLD3|TLD4|TLE3|TLE4|TLF1|TLF2|TLG1|TLG2|TLH1|TLH2|TLH3|TLJ1
uk,TLD6,GNN,456,10,100,1,GBP,803.61196273363112,0.13218543938455474,106.22580038862945,87.914862597619958,0.10939964395074668,True,6846697.0180427562,41865942.019790217,11742705.772617644,43262625.660408981,35019245.001747459,31519919.887791336,True,True,0.040876741613459375,False,False,15,London|TLC1|TLC2|TLD3|TLD4|TLE3|TLE4|TLF1|TLF2|TLG1|TLG2|TLH1|TLH2|TLH3|TLJ1
uk,TLD6,GNN,456,10,300,1,GBP,803.61196273363112,0.13218543938455474,106.22580038862945,87.914862597619958,0.10939964395074668,True,9640150.8500140458,45677094.167110689,10861632.590459496,85820077.017428145,36036943.317096643,74958444.426968649,True,True,0.13042273340300958,False,False,15,London|TLC1|TLC2|TLD3|TLD4|TLE3|TLE4|TLF1|TLF2|TLG1|TLG2|TLH1|TLH2|TLH3|TLJ1
uk,TLD6,GNN,456,10,500,1,GBP,803.61196273363112,0.13218543938455474,106.22580038862945,87.914862597619958,0.10939964395074668,True,9640150.8500140421,45677094.167110689,10861632.590459526,85820077.017428145,36036943.317096651,74958444.426968619,True,True,0.22390967112604168,False,False,15,London|TLC1|TLC2|TLD3|TLD4|TLE3|TLE4|TLF1|TLF2|TLG1|TLG2|TLH1|TLH2|TLH3|TLJ1
uk,TLD6,GNN,456,20,100,0.5,GBP,803.61196273363112,0.11455621107299449,92.05874162369723,90.893580568526488,0.11310630600785927,True,525775.52663612575,10494990.287277572,3707636.3262668075,35537896.9838586,9969214.7606414463,31830260.657591794,True,True,0.022313271181411985,False,False,15,London|TLC1|TLC2|TLD3|TLD4|TLE3|TLE4|TLF1|TLF2|TLG1|TLG2|TLH1|TLH2|TLH3|TLJ1
uk,TLD6,GNN,456,20,300,0.5,GBP,803.61196273363112,0.11455621107299449,92.05874162369723,90.893580568526488,0.11310630600785927,True,8624263.2350256722,37036603.436431564,1731225.2615918643,34767349.157875732,28412340.20140589,33036123.896283869,True,True,0.10831327118141199,False,False,15,London|TLC1|TLC2|TLD3|TLD4|TLE3|TLE4|TLF1|TLF2|TLG1|TLG2|TLH1|TLH2|TLH3|TLJ1
uk,TLD6,GNN,456,20,500,0.5,GBP,803.61196273363112,0.11455621107299449,92.05874162369723,90.893580568526488,0.11310630600785927,True,10707145.236110248,39585258.89818982,2374703.0774879754,68211564.802185923,28878113.662079573,65836861.724697948,True,True,0.19431327118141203,False,False,15,London|TLC1|TLC2|TLD3|TLD4|TLE3|TLE4|TLF1|TLF2|TLG1|TLG2|TLH1|TLH2|TLH3|TLJ1
uk,TLD6,GNN,456,20,100,0.80000000000000004,GBP,803.61196273363112,0.15453254388651785,124.1842008988656,90.893580568526488,0.11310630600785927,True,525775.52663612575,18396382.413129177,3707636.3262668075,49351844.472180977,17870606.88649305,45644208.145914167,True,True,0.022313271181411985,False,False,15,London|TLC1|TLC2|TLD3|TLD4|TLE3|TLE4|TLF1|TLF2|TLG1|TLG2|TLH1|TLH2|TLH3|TLJ1
uk,TLD6,GNN,456,20,300,0.80000000000000004,GBP,803.61196273363112,0.15453254388651785,124.1842008988656,90.893580568526488,0.11310630600785927,True,8624263.2350256722,50635604.318512194,1731225.2615918643,48581296.646198124,42011341.08348652,46850071.384606257,True,True,0.10831327118141199,False,False,15,London|TLC1|TLC2|TLD3|TLD4|TLE3|TLE4|TLF1|TLF2|TLG1|TLG2|TLH1|TLH2|TLH3|TLJ1
uk,TLD6,GNN,456,20,500,0.80000000000000004,GBP,803.61196273363112,0.15453254388651785,124.1842008988656,90.893580568526488,0.11310630600785927,True,10707145.236110248,53399206.386512205,2374703.0774879754,82449005.464137048,42692061.150401957,80074302.386649072,True,True,0.19431327118141203,False,False,15,London|TLC1|TLC2|TLD3|TLD4|TLE3|TLE4|TLF1|TLF2|TLG1|TLG2|TLH1|TLH2|TLH3|TLJ1
uk,TLD6,GNN,456,20,100,0.90000000000000002,GBP,803.61196273363112,0.15691380366206784,126.09780974087397,90.893580568526488,0.11310630600785927,True,525775.52663612575,18909490.995836996,3707636.3262668075,50174696.274244592,18383715.469200868,46467059.947977781,True,True,0.022313271181411985,False,False,15,London|TLC1|TLC2|TLD3|TLD4|TLE3|TLE4|TLF1|TLF2|TLG1|TLG2|TLH1|TLH2|TLH3|TLJ1
uk,TLD6,GNN,456,20,300,0.90000000000000002,GBP,803.61196273363112,0.15691380366206784,126.09780974087397,90.893580568526488,0.11310630600785927,True,8624263.2350256722,51453937.194252625,1731225.2615918643,49404148.448261723,42829673.959226951,47672923.186669856,True,True,0.10831327118141199,False,False,15,London|TLC1|TLC2|TLD3|TLD4|TLE3|TLE4|TLF1|TLF2|TLG1|TLG2|TLH1|TLH2|TLH3|TLJ1
uk,TLD6,GNN,456,20,500,0.90000000000000002,GBP,803.61196273363112,0.15691380366206784,126.09780974087397,90.893580568526488,0.11310630600785927,True,10707145.236110248,54222058.188575819,2374703.0774879754,83271857.266200617,43514912.952465571,80897154.188712642,True,True,0.19431327118141203,False,False,15,London|TLC1|TLC2|TLD3|TLD4|TLE3|TLE4|TLF1|TLF2|TLG1|TLG2|TLH1|TLH2|TLH3|TLJ1
uk,TLD6,GNN,456,20,100,1,GBP,803.61196273363112,0.17087764559264457,137.3193201620069,90.893580568526488,0.11310630600785927,True,525775.52663612575,22001008.834538292,3707636.3262668075,54999945.755331755,21475233.307902165,51292309.429064944,True,True,0.022313271181411985,False,False,15,London|TLC1|TLC2|TLD3|TLD4|TLE3|TLE4|TLF1|TLF2|TLG1|TLG2|TLH1|TLH2|TLH3|TLJ1
uk,TLD6,GNN,456,20,300,1,GBP,803.61196273363112,0.17087764559264457,137.3193201620069,90.893580568526488,0.11310630600785927,True,8624263.2350256722,56264476.059045747,1731225.2615918643,54229397.929348871,47640212.824020073,52498172.667757004,True,True,0.10831327118141199,False,False,15,London|TLC1|TLC2|TLD3|TLD4|TLE3|TLE4|TLF1|TLF2|TLG1|TLG2|TLH1|TLH2|TLH3|TLJ1
uk,TLD6,GNN,456,20,500,1,GBP,803.61196273363112,0.17087764559264457,137.3193201620069,90.893580568526488,0.11310630600785927,True,10707145.236110248,59047307.669662967,2374703.0774879754,88097106.74728778,48340162.43355272,85722403.669799805,True,True,0.19431327118141203,False,False,15,London|TLC1|TLC2|TLD3|TLD4|TLE3|TLE4|TLF1|TLF2|TLG1|TLG2|TLH1|TLH2|TLH3|TLJ1
uk,TLE3,Uni,,10,100,0.5,GBP,1160.6849572750157,0.12200609890555539,141.61064369548589,246.62547824276268,0.21248270402484987,False,8573358.7988890372,30769790.5019463,0,21063960.054835476,22196431.703057263,21063960.054835476,True,True,0.043004300000000002,True,False,15,London|TLC1|TLC2|TLD3|TLD4|TLD6|TLE4|TLF1|TLF2|TLG1|TLG2|TLH1|TLH2|TLH3|TLJ1
uk,TLE3,Uni,,10,300,0.5,GBP,1160.6849572750157,0.12200609890555539,141.61064369548589,246.62547824276268,0.21248270402484987,False,16826347.123250764,50396702.873190179,838542.71655272599,11729022.119977199,33570355.749939412,10890479.403424472,True,True,0.12900430000000002,False,False,15,London|TLC1|TLC2|TLD3|TLD4|TLD6|TLE4|TLF1|TLF2|TLG1|TLG2|TLH1|TLH2|TLH3|TLJ1
uk,TLE3,Uni,,10,500,0.5,GBP,1160.6849572750157,0.12200609890555539,141.61064369548589,246.62547824276268,0.21248270402484987,False,20591857.126809761,55532696.111590184,16085161.791259769,11822134.078082941,34940838.984780423,-4263027.7131768279,True,False,0.21500430000000001,False,False,15,London|TLC1|TLC2|TLD3|TLD4|TLD6|TLE4|TLF1|TLF2|TLG1|TLG2|TLH1|TLH2|TLH3|TLJ1
uk,TLE3,Uni,,10,100,0.80000000000000004,GBP,1160.6849572750157,0.16396970274830069,190.3171674288084,246.62547824276268,0.21248270402484987,False,8573358.7988890372,46239691.144431047,0,32407101.892554305,37666332.345542014,32407101.892554305,True,True,0.043004300000000002,True,False,15,London|TLC1|TLC2|TLD3|TLD4|TLD6|TLE4|TLF1|TLF2|TLG1|TLG2|TLH1|TLH2|TLH3|TLJ1
uk,TLE3,Uni,,10,300,0.80000000000000004,GBP,1160.6849572750157,0.16396970274830069,190.3171674288084,246.62547824276268,0.21248270402484987,False,16826347.123250764,68625958.237998337,838542.71655272599,21623081.320518963,51799611.114747569,20784538.603966236,True,True,0.12900430000000002,False,False,15,London|TLC1|TLC2|TLD3|TLD4|TLD6|TLE4|TLF1|TLF2|TLG1|TLG2|TLH1|TLH2|TLH3|TLJ1
uk,TLE3,Uni,,10,500,0.80000000000000004,GBP,1160.6849572750157,0.16396970274830069,190.3171674288084,246.62547824276268,0.21248270402484987,False,20591857.126809761,75543860.37544772,16085161.791259769,20953062.683263827,54952003.248637959,4867900.8920040578,True,True,0.21500430000000001,False,False,15,London|TLC1|TLC2|TLD3|TLD4|TLD6|TLE4|TLF1|TLF2|TLG1|TLG2|TLH1|TLH2|TLH3|TLJ1
uk,TLE3,Uni,,10,100,0.90000000000000002,GBP,1160.6849572750157,0.19356652957579673,224.6697591105567,246.62547824276268,0.21248270402484987,False,8573358.7988890372,58002926.722870335,0,41969956.10429772,49429567.923981294,41969956.10429772,True,True,0.043004300000000002,True,False,15,London|TLC1|TLC2|TLD3|TLD4|TLD6|TLE4|TLF1|TLF2|TLG1|TLG2|TLH1|TLH2|TLH3|TLJ1
uk,TLE3,Uni,,10,300,0.90000000000000002,GBP,1160.6849572750157,0.19356652957579673,224.6697591105567,246.62547824276268,0.21248270402484987,False,16826347.123250764,81692089.95178923,838542.71655272599,29710161.001103085,64865742.828538463,28871618.284550358,True,True,0.12900430000000002,False,False,15,London|TLC1|TLC2|TLD3|TLD4|TLD6|TLE4|TLF1|TLF2|TLG1|TLG2|TLH1|TLH2|TLH3|TLJ1
uk,TLE3,Uni,,10,500,0.90000000000000002,GBP,1160.6849572750157,0.19356652957579673,224.6697591105567,246.62547824276268,0.21248270402484987,False,20591857.126809761,89993947.62313281,16085161.791259769,32146340.386971157,69402090.496323049,16061178.595711388,True,True,0.21500430000000001,False,False,15,London|TLC1|TLC2|TLD3|TLD4|TLD6|TLE4|TLF1|TLF2|TLG1|TLG2|TLH1|TLH2|TLH3|TLJ1
uk,TLE3,Uni,,10,100,1,GBP,1160.6849572750157,0.24933723448265505,289.40197735257101,246.62547824276268,0.21248270402484987,True,8573358.7988890372,80881128.160103902,0,62662879.978512503,72307769.361214861,62662879.978512503,True,True,0.043004300000000002,True,False,15,London|TLC1|TLC2|TLD3|TLD4|TLD6|TLE4|TLF1|TLF2|TLG1|TLG2|TLH1|TLH2|TLH3|TLJ1
uk,TLE3,Uni,,10,300,1,GBP,1160.6849572750157,0.24933723448265505,289.40197735257101,246.62547824276268,0.21248270402484987,True,16826347.123250764,106938016.28220898,838542.71655272599,47316184.557034642,90111669.158958212,46477641.840481915,True,True,0.12900430000000002,False,False,15,London|TLC1|TLC2|TLD3|TLD4|TLD6|TLE4|TLF1|TLF2|TLG1|TLG2|TLH1|TLH2|TLH3|TLJ1
uk,TLE3,Uni,,10,500,1,GBP,1160.6849572750157,0.24933723448265505,289.40197735257101,246.62547824276268,0.21248270402484987,True,20591857.126809761,117762598.14565513,16085161.791259769,58254981.185873114,97170741.018845364,42169819.39461334,True,True,0.21500430000000001,False,False,15,London|TLC1|TLC2|TLD3|TLD4|TLD6|TLE4|TLF1|TLF2|TLG1|TLG2|TLH1|TLH2|TLH3|TLJ1
uk,TLE3,Uni,,20,100,0.5,GBP,1160.6849572750157,0.14713702450424426,170.77973100028169,292.25926206969586,0.25179895736380015,False,2029556.9083528335,9261409.1715167314,0,0,7231852.2631638981,0,True,True,0.022265389921875,True,True,15,London|TLC1|TLC2|TLD3|TLD4|TLD6|TLE4|TLF1|TLF2|TLG1|TLG2|TLH1|TLH2|TLH3|TLJ1
uk,TLE3,Uni,,20,300,0.5,GBP,1160.6849572750157,0.14713702450424426,170.77973100028169,292.25926206969586,0.25179895736380015,False,5768649.651915323,25103232.764168173,0,0,19334583.11225285,0,True,True,0.10826538992187501,True,True,15,London|TLC1|TLC2|TLD3|TLD4|TLD6|TLE4|TLF1|TLF2|TLG1|TLG2|TLH1|TLH2|TLH3|TLJ1
uk,TLE3,Uni,,20,500,0.5,GBP,1160.6849572750157,0.14713702450424426,170.77973100028169,292.25926206969586,0.25179895736380015,False,7835250.5639544912,36098101.796751142,374527.91088867077,2925283.2336119665,28262851.23279665,2550755.3227232955,True,True,0.194265389921875,False,False,15,London|TLC1|TLC2|TLD3|TLD4|TLD6|TLE4|TLF1|TLF2|TLG1|TLG2|TLH1|TLH2|TLH3|TLJ1
uk,TLE3,Uni,,20,100,0.80000000000000004,GBP,1160.6849572750157,0.19634306273023111,227.89243937628402,292.25926206969586,0.25179895736380015,False,2029556.9083528335,16334787.772846995,0,0,14305230.864494162,0,True,True,0.022265389921875,True,True,15,London|TLC1|TLC2|TLD3|TLD4|TLD6|TLE4|TLF1|TLF2|TLG1|TLG2|TLH1|TLH2|TLH3|TLJ1
uk,TLE3,Uni,,20,300,0.80000000000000004,GBP,1160.6849572750157,0.19634306273023111,227.89243937628402,292.25926206969586,0.25179895736380015,False,5768649.651915323,35106622.591662891,0,0,29337972.939747568,0,True,True,0.10826538992187501,True,True,15,London|TLC1|TLC2|TLD3|TLD4|TLD6|TLE4|TLF1|TLF2|TLG1|TLG2|TLH1|TLH2|TLH3|TLJ1
uk,TLE3,Uni,,20,500,0.80000000000000004,GBP,1160.6849572750157,0.19634306273023111,227.89243937628402,292.25926206969586,0.25179895736380015,False,7835250.5639544912,51268585.775448091,374527.91088867077,14023957.1757976,43433335.211493596,13649429.26490893,True,True,0.194265389921875,False,False,15,London|TLC1|TLC2|TLD3|TLD4|TLD6|TLE4|TLF1|TLF2|TLG1|TLG2|TLH1|TLH2|TLH3|TLJ1
uk,TLE3,Uni,,20,100,0.90000000000000002,GBP,1160.6849572750157,0.24276461482809297,281.77323658963076,292.25926206969586,0.25179895736380015,False,2029556.9083528335,23757120.005503096,0,0,21727563.097150262,0,True,True,0.022265389921875,True,True,15,London|TLC1|TLC2|TLD3|TLD4|TLD6|TLE4|TLF1|TLF2|TLG1|TLG2|TLH1|TLH2|TLH3|TLJ1
uk,TLE3,Uni,,20,300,0.90000000000000002,GBP,1160.6849572750157,0.24276461482809297,281.77323658963076,292.25926206969586,0.25179895736380015,False,5768649.651915323,45712447.666903548,0,0,39943798.014988229,0,True,True,0.10826538992187501,True,True,15,London|TLC1|TLC2|TLD3|TLD4|TLD6|TLE4|TLF1|TLF2|TLG1|TLG2|TLH1|TLH2|TLH3|TLJ1
uk,TLE3,Uni,,20,500,0.90000000000000002,GBP,1160.6849572750157,0.24276461482809297,281.77323658963076,292.25926206969586,0.25179895736380015,False,7835250.5639544912,67134323.692759678,374527.91088867077,33904192.981748879,59299073.12880519,33529665.070860207,True,True,0.194265389921875,False,False,15,London|TLC1|TLC2|TLD3|TLD4|TLD6|TLE4|TLF1|TLF2|TLG1|TLG2|TLH1|TLH2|TLH3|TLJ1
uk,TLE3,Uni,,20,100,1,GBP,1160.6849572750157,0.26850458711315484,311.64923522157784,292.25926206969586,0.25179895736380015,True,2029556.9083528335,28218133.483002067,0,0,26188576.574649233,0,True,True,0.022265389921875,True,True,15,London|TLC1|TLC2|TLD3|TLD4|TLD6|TLE4|TLF1|TLF2|TLG1|TLG2|TLH1|TLH2|TLH3|TLJ1
uk,TLE3,Uni,,20,300,1,GBP,1160.6849572750157,0.26850458711315484,311.64923522157784,292.25926206969586,0.25179895736380015,True,5768649.651915323,52186881.856619805,0,0,46418232.204704478,0,True,True,0.10826538992187501,True,True,15,London|TLC1|TLC2|TLD3|TLD4|TLD6|TLE4|TLF1|TLF2|TLG1|TLG2|TLH1|TLH2|TLH3|TLJ1
uk,TLE3,Uni,,20,500,1,GBP,1160.6849572750157,0.26850458711315484,311.64923522157784,292.25926206969586,0.25179895736380015,True,7835250.5639544912,76623837.938485578,374527.91088867077,46750872.39348612,68788587.37453109,46376344.482597448,True,True,0.194265389921875,False,False,15,London|TLC1|TLC2|TLD3|TLD4|TLD6|TLE4|TLF1|TLF2|TLG1|TLG2|TLH1|TLH2|TLH3|TLJ1
uk,TLE3,LU,,10,100,0.5,GBP,1160.6849572750157,0.10814084294449999,125.51744967272116,160.80917543173518,0.13854679034461945,False,5024117.3903367827,26561950.663964696,0,4708192.2334063705,21537833.273627914,4708192.2334063705,True,True,0.043004300000000002,True,False,15,London|TLC1|TLC2|TLD3|TLD4|TLD6|TLE4|TLF1|TLF2|TLG1|TLG2|TLH1|TLH2|TLH3|TLJ1
uk,TLE3,LU,,10,300,0.5,GBP,1160.6849572750157,0.10814084294449999,125.51744967272116,160.80917543173518,0.13854679034461945,False,11783843.614508767,45088027.093323611,277439.98925780633,16216980.265785689,33304183.478814844,15939540.276527882,True,True,0.12900430000000002,False,False,15,London|TLC1|TLC2|TLD3|TLD4|TLD6|TLE4|TLF1|TLF2|TLG1|TLG2|TLH1|TLH2|TLH3|TLJ1
uk,TLE3,LU,,10,500,0.5,GBP,1160.6849572750157,0.10814084294449999,125.51744967272116,160.80917543173518,0.13854679034461945,False,14488958.180983366,50801353.712355375,8518186.3061523475,17940961.089732781,36312395.531372011,9422774.7835804336,True,True,0.21500430000000001,False,False,15,London|TLC1|TLC2|TLD3|TLD4|TLD6|TLE4|TLF1|TLF2|TLG1|TLG2|TLH1|TLH2|TLH3|TLJ1
uk,TLE3,LU,,10,100,0.80000000000000004,GBP,1160.6849572750157,0.1345341872805482,156.15180741575205,160.80917543173518,0.13854679034461945,False,5024117.3903367827,35938128.067543246,0,10113585.219669564,30914010.677206464,10113585.219669564,True,True,0.043004300000000002,True,False,15,London|TLC1|TLC2|TLD3|TLD4|TLD6|TLE4|TLF1|TLF2|TLG1|TLG2|TLH1|TLH2|TLH3|TLJ1
uk,TLE3,LU,,10,300,0.80000000000000004,GBP,1160.6849572750157,0.1345341872805482,156.15180741575205,160.80917543173518,0.13854679034461945,False,11783843.614508767,56579188.333201662,277439.98925780633,22747730.087656118,44795344.718692899,22470290.098398313,True,True,0.12900430000000002,False,False,15,London|TLC1|TLC2|TLD3|TLD4|TLD6|TLE4|TLF1|TLF2|TLG1|TLG2|TLH1|TLH2|TLH3|TLJ1
uk,TLE3,LU,,10,500,0.80000000000000004,GBP,1160.6849572750157,0.1345341872805482,156.15180741575205,160.80917543173518,0.13854679034461945,False,14488958.180983366,63931534.160344288,8518186.3061523475,30471781.900812197,49442575.979360923,21953595.59465985,True,True,0.21500430000000001,False,False,15,London|TLC1|TLC2|TLD3|TLD4|TLD6|TLE4|TLF1|TLF2|TLG1|TLG2|TLH1|TLH2|TLH3|TLJ1
uk,TLE3,LU,,10,100,0.90000000000000002,GBP,1160.6849572750157,0.14618899025743071,169.67936191102365,160.80917543173518,0.13854679034461945,True,5024117.3903367827,40328189.56506028,0,12731167.014504617,35304072.174723499,12731167.014504617,True,True,0.043004300000000002,True,False,15,London|TLC1|TLC2|TLD3|TLD4|TLD6|TLE4|TLF1|TLF2|TLG1|TLG2|TLH1|TLH2|TLH3|TLJ1
uk,TLE3,LU,,10,300,0.90000000000000002,GBP,1160.6849572750157,0.14618899025743071,169.67936191102365,160.80917543173518,0.13854679034461945,True,11783843.614508767,61714040.019969225,277439.98925780633,25664586.430018794,49930196.405460462,25387146.440760989,True,True,0.12900430000000002,False,False,15,London|TLC1|TLC2|TLD3|TLD4|TLD6|TLE4|TLF1|TLF2|TLG1|TLG2|TLH1|TLH2|TLH3|TLJ1
uk,TLE3,LU,,10,500,0.90000000000000002,GBP,1160.6849572750157,0.14618899025743071,169.67936191102365,160.80917543173518,0.13854679034461945,True,14488958.180983366,69748382.593311071,8518186.3061523475,36288630.33377897,55259424.412327707,27770444.027626622,True,True,0.21500430000000001,False,False,15,London|TLC1|TLC2|TLD3|TLD4|TLD6|TLE4|TLF1|TLF2|TLG1|TLG2|TLH1|TLH2|TLH3|TLJ1
uk,TLE3,LU,,10,100,1,GBP,1160.6849572750157,0.1844421380150226,214.07921508167905,160.80917543173518,0.13854679034461945,True,5024117.3903367827,55500439.090913206,0,22145042.662722275,50476321.700576425,22145042.662722275,True,True,0.043004300000000002,True,False,15,London|TLC1|TLC2|TLD3|TLD4|TLD6|TLE4|TLF1|TLF2|TLG1|TLG2|TLH1|TLH2|TLH3|TLJ1
uk,TLE3,LU,,10,300,1,GBP,1160.6849572750157,0.1844421380150226,214.07921508167905,160.80917543173518,0.13854679034461945,True,11783843.614508767,78814360.474270806,277439.98925780633,37047421.748391047,67030516.859762043,36769981.759133242,True,True,0.12900430000000002,False,False,15,London|TLC1|TLC2|TLD3|TLD4|TLD6|TLE4|TLF1|TLF2|TLG1|TLG2|TLH1|TLH2|TLH3|TLJ1
uk,TLE3,LU,,10,500,1,GBP,1160.6849572750157,0.1844421380150226,214.07921508167905,160.80917543173518,0.13854679034461945,True,14488958.180983366,88840319.456692874,8518186.3061523475,55380567.19716084,74351361.27570951,46862380.891008496,True,True,0.21500430000000001,False,False,15,London|TLC1|TLC2|TLD3|TLD4|TLD6|TLE4|TLF1|TLF2|TLG1|TLG2|TLH1|TLH2|TLH3|TLJ1
uk,TLE3,LU,,20,100,0.5,GBP,1160.6849572750157,0.13776814713002924,159.90541596547607,208.79830004198288,0.17989231163311242,False,683938.02975727222,6675240.9352543503,0,0,5991302.9054970779,0,True,True,0.022265389921875,True,True,15,London|TLC1|TLC2|TLD3|TLD4|TLD6|TLE4|TLF1|TLF2|TLG1|TLG2|TLH1|TLH2|TLH3|TLJ1
uk,TLE3,LU,,20,300,0.5,GBP,1160.6849572750157,0.13776814713002924,159.90541596547607,208.79830004198288,0.17989231163311242,False,2905746.4182546632,23268145.355531536,0,0,20362398.937276874,0,True,True,0.10826538992187501,True,True,15,London|TLC1|TLC2|TLD3|TLD4|TLD6|TLE4|TLF1|TLF2|TLG1|TLG2|TLH1|TLH2|TLH3|TLJ1
uk,TLE3,LU,,20,500,0.5,GBP,1160.6849572750157,0.13776814713002924,159.90541596547607,208.79830004198288,0.17989231163311242,False,4690698.3421975402,34520861.951162562,374527.91088867077,26755451.695991643,29830163.608965021,26380923.785102971,True,True,0.194265389921875,False,False,15,London|TLC1|TLC2|TLD3|TLD4|TLD6|TLE4|TLF1|TLF2|TLG1|TLG2|TLH1|TLH2|TLH3|TLJ1
uk,TLE3,LU,,20,100,0.80000000000000004,GBP,1160.6849572750157,0.175109300140256,203.24673055175091,208.79830004198288,0.17989231163311242,False,683938.02975727222,11393703.126291441,0,0,10709765.096534168,0,True,True,0.022265389921875,True,True,15,London|TLC1|TLC2|TLD3|TLD4|TLD6|TLE4|TLF1|TLF2|TLG1|TLG2|TLH1|TLH2|TLH3|TLJ1
uk,TLE3,LU,,20,300,0.80000000000000004,GBP,1160.6849572750157,0.175109300140256,203.24673055175091,208.79830004198288,0.17989231163311242,False,2905746.4182546632,30708628.301400315,0,0,27802881.883145653,0,True,True,0.10826538992187501,True,True,15,London|TLC1|TLC2|TLD3|TLD4|TLD6|TLE4|TLF1|TLF2|TLG1|TLG2|TLH1|TLH2|TLH3|TLJ1
uk,TLE3,LU,,20,500,0.80000000000000004,GBP,1160.6849572750157,0.175109300140256,203.24673055175091,208.79830004198288,0.17989231163311242,False,4690698.3421975402,46399424.799898989,374527.91088867077,45392216.968089804,41708726.457701452,45017689.057201132,True,True,0.194265389921875,False,False,15,London|TLC1|TLC2|TLD3|TLD4|TLD6|TLE4|TLF1|TLF2|TLG1|TLG2|TLH1|TLH2|TLH3|TLJ1
uk,TLE3,LU,,20,100,0.90000000000000002,GBP,1160.6849572750157,0.19477009110832877,226.0667148765215,208.79830004198288,0.17989231163311242,True,683938.02975727222,14308763.239046033,0,0,13624825.209288761,0,True,True,0.022265389921875,True,True,15,London|TLC1|TLC2|TLD3|TLD4|TLD6|TLE4|TLF1|TLF2|TLG1|TLG2|TLH1|TLH2|TLH3|TLJ1
uk,TLE3,LU,,20,300,0.90000000000000002,GBP,1160.6849572750157,0.19477009110832877,226.0667148765215,208.79830004198288,0.17989231163311242,True,2905746.4182546632,34881963.189798519,0,0,31976216.771543857,0,True,True,0.10826538992187501,True,True,15,London|TLC1|TLC2|TLD3|TLD4|TLD6|TLE4|TLF1|TLF2|TLG1|TLG2|TLH1|TLH2|TLH3|TLJ1
uk,TLE3,LU,,20,500,0.90000000000000002,GBP,1160.6849572750157,0.19477009110832877,226.0667148765215,208.79830004198288,0.17989231163311242,True,4690698.3421975402,53013110.500114881,374527.91088867077,55204810.227741145,48322412.157917343,54830282.316852473,True,True,0.194265389921875,False,False,15,London|TLC1|TLC2|TLD3|TLD4|TLD6|TLE4|TLF1|TLF2|TLG1|TLG2|TLH1|TLH2|TLH3|TLJ1
uk,TLE3,LU,,20,100,1,GBP,1160.6849572750157,0.25279013454619531,293.40970651529619,208.79830004198288,0.17989231163311242,True,683938.02975727222,23633095.042895876,0,0,22949157.013138603,0,True,True,0.022265389921875,True,True,15,London|TLC1|TLC2|TLD3|TLD4|TLD6|TLE4|TLF1|TLF2|TLG1|TLG2|TLH1|TLH2|TLH3|TLJ1
uk,TLE3,LU,,20,300,1,GBP,1160.6849572750157,0.25279013454619531,293.40970651529619,208.79830004198288,0.17989231163311242,True,2905746.4182546632,48589875.874629423,0,5074729.2665190138,45684129.456374757,5074729.2665190138,True,True,0.10826538992187501,True,False,15,London|TLC1|TLC2|TLD3|TLD4|TLD6|TLE4|TLF1|TLF2|TLG1|TLG2|TLH1|TLH2|TLH3|TLJ1
uk,TLE3,LU,,20,500,1,GBP,1160.6849572750157,0.25279013454619531,293.40970651529619,208.79830004198288,0.17989231163311242,True,4690698.3421975402,74197995.883947358,374527.91088867077,84162296.632414281,69507297.54174982,83787768.721525609,True,True,0.194265389921875,False,False,15,London|TLC1|TLC2|TLD3|TLD4|TLD6|TLE4|TLF1|TLF2|TLG1|TLG2|TLH1|TLH2|TLH3|TLJ1
uk,TLE3,GNN,42,10,100,0.5,GBP,1160.6849572750157,0.078842018394831639,91.510744752081166,119.64666637029177,0.10308280952584309,False,2537495.5929469424,18251757.49631685,327834.87646484328,16350701.868927661,15714261.903369907,16022866.992462818,True,True,0.043004300000000002,False,False,15,London|TLC1|TLC2|TLD3|TLD4|TLD6|TLE4|TLF1|TLF2|TLG1|TLG2|TLH1|TLH2|TLH3|TLJ1
uk,TLE3,GNN,42,10,300,0.5,GBP,1160.6849572750157,0.078842018394831639,91.510744752081166,119.64666637029177,0.10308280952584309,False,9659844.5174736176,33654911.18611142,0,9543739.5054882839,23995066.668637805,9543739.5054882839,True,True,0.12900430000000002,True,False,15,London|TLC1|TLC2|TLD3|TLD4|TLD6|TLE4|TLF1|TLF2|TLG1|TLG2|TLH1|TLH2|TLH3|TLJ1
uk,TLE3,GNN,42,10,500,0.5,GBP,1160.6849572750157,0.078842018394831639,91.510744752081166,119.64666637029177,0.10308280952584309,False,11818468.171150384,38750052.446547285,2589547.4119873075,23775302.126978152,26931584.275396898,21185754.714990843,True,True,0.21500430000000001,False,False,15,London|TLC1|TLC2|TLD3|TLD4|TLD6|TLE4|TLF1|TLF2|TLG1|TLG2|TLH1|TLH2|TLH3|TLJ1
uk,TLE3,GNN,42,10,100,0.80000000000000004,GBP,1160.6849572750157,0.094105201512653364,109.22649179707081,119.64666637029177,0.10308280952584309,False,2537495.5929469424,23154761.036595453,327834.87646484328,21420452.665824302,20617265.44364851,21092617.789359458,True,True,0.043004300000000002,False,False,15,London|TLC1|TLC2|TLD3|TLD4|TLD6|TLE4|TLF1|TLF2|TLG1|TLG2|TLH1|TLH2|TLH3|TLJ1
uk,TLE3,GNN,42,10,300,0.80000000000000004,GBP,1160.6849572750157,0.094105201512653364,109.22649179707081,119.64666637029177,0.10308280952584309,False,9659844.5174736176,40406509.900158741,0,13515811.760784557,30746665.382685125,13515811.760784557,True,True,0.12900430000000002,True,False,15,London|TLC1|TLC2|TLD3|TLD4|TLD6|TLE4|TLF1|TLF2|TLG1|TLG2|TLH1|TLH2|TLH3|TLJ1
uk,TLE3,GNN,42,10,500,0.80000000000000004,GBP,1160.6849572750157,0.094105201512653364,109.22649179707081,119.64666637029177,0.10308280952584309,False,11818468.171150384,46367823.67589283,2589547.4119873075,31393073.356323712,34549355.504742444,28803525.944336403,True,True,0.21500430000000001,False,False,15,London|TLC1|TLC2|TLD3|TLD4|TLD6|TLE4|TLF1|TLF2|TLG1|TLG2|TLH1|TLH2|TLH3|TLJ1
uk,TLE3,GNN,42,10,100,0.90000000000000002,GBP,1160.6849572750157,0.11761736880872931,136.51671069055973,119.64666637029177,0.10308280952584309,True,2537495.5929469424,31519461.992293015,327834.87646484328,29788170.900301199,28981966.399346072,29460336.023836356,True,True,0.043004300000000002,False,False,15,London|TLC1|TLC2|TLD3|TLD4|TLD6|TLE4|TLF1|TLF2|TLG1|TLG2|TLH1|TLH2|TLH3|TLJ1
uk,TLE3,GNN,42,10,300,0.90000000000000002,GBP,1160.6849572750157,0.11761736880872931,136.51671069055973,119.64666637029177,0.10308280952584309,True,9659844.5174736176,50942884.509112999,0,20177710.726390831,41283039.991639383,20177710.726390831,True,True,0.12900430000000002,True,False,15,London|TLC1|TLC2|TLD3|TLD4|TLD6|TLE4|TLF1|TLF2|TLG1|TLG2|TLH1|TLH2|TLH3|TLJ1
uk,TLE3,GNN,42,10,500,0.90000000000000002,GBP,1160.6849572750157,0.11761736880872931,136.51671069055973,119.64666637029177,0.10308280952584309,True,11818468.171150384,58102617.800093077,2589547.4119873075,43127867.480523944,46284149.628942691,40538320.068536639,True,True,0.21500430000000001,False,False,15,London|TLC1|TLC2|TLD3|TLD4|TLD6|TLE4|TLF1|TLF2|TLG1|TLG2|TLH1|TLH2|TLH3|TLJ1
uk,TLE3,GNN,42,10,100,1,GBP,1160.6849572750157,0.1290144261103755,149.74510365778187,119.64666637029177,0.10308280952584309,True,2537495.5929469424,35833333.274196923,327834.87646484328,34338738.081025615,33295837.68124998,34010903.204560772,True,True,0.043004300000000002,False,False,15,London|TLC1|TLC2|TLD3|TLD4|TLD6|TLE4|TLF1|TLF2|TLG1|TLG2|TLH1|TLH2|TLH3|TLJ1
uk,TLE3,GNN,42,10,300,1,GBP,1160.6849572750157,0.1290144261103755,149.74510365778187,119.64666637029177,0.10308280952584309,True,9659844.5174736176,56115464.130306639,0,23640139.5157081,46455619.612833023,23640139.5157081,True,True,0.12900430000000002,True,False,15,London|TLC1|TLC2|TLD3|TLD4|TLD6|TLE4|TLF1|TLF2|TLG1|TLG2|TLH1|TLH2|TLH3|TLJ1
uk,TLE3,GNN,42,10,500,1,GBP,1160.6849572750157,0.1290144261103755,149.74510365778187,119.64666637029177,0.10308280952584309,True,11818468.171150384,63790826.775998577,2589547.4119873075,48816076.456429467,51972358.604848191,46226529.044442162,True,True,0.21500430000000001,False,False,15,London|TLC1|TLC2|TLD3|TLD4|TLD6|TLE4|TLF1|TLF2|TLG1|TLG2|TLH1|TLH2|TLH3|TLJ1
uk,TLE3,GNN,42,20,100,0.5,GBP,1160.6849572750157,0.1053826532467456,122.31606038122671,142.5991609226117,0.12285776603618366,False,284624.67981431616,2467682.0542723997,0,0,2183057.3744580834,0,True,True,0.022265389921875,True,True,15,London|TLC1|TLC2|TLD3|TLD4|TLD6|TLE4|TLF1|TLF2|TLG1|TLG2|TLH1|TLH2|TLH3|TLJ1
uk,TLE3,GNN,42,20,300,0.5,GBP,1160.6849572750157,0.1053826532467456,122.31606038122671,142.5991609226117,0.12285776603618366,False,1830815.55397216,16996137.57438767,0,0,15165322.020415509,0,True,True,0.10826538992187501,True,True,15,London|TLC1|TLC2|TLD3|TLD4|TLD6|TLE4|TLF1|TLF2|TLG1|TLG2|TLH1|TLH2|TLH3|TLJ1
uk,TLE3,GNN,42,20,500,0.5,GBP,1160.6849572750157,0.1053826532467456,122.31606038122671,142.5991609226117,0.12285776603618366,False,4883038.1950261425,28671921.132250886,0,22511809.146907575,23788882.937224746,22511809.146907575,True,True,0.194265389921875,True,False,15,London|TLC1|TLC2|TLD3|TLD4|TLD6|TLE4|TLF1|TLF2|TLG1|TLG2|TLH1|TLH2|TLH3|TLJ1
uk,TLE3,GNN,42,20,100,0.80000000000000004,GBP,1160.6849572750157,0.13006400478392985,150.96333383565306,142.5991609226117,0.12285776603618366,True,284624.67981431616,4340699.1938751852,0,0,4056074.5140608689,0,True,True,0.022265389921875,True,True,15,London|TLC1|TLC2|TLD3|TLD4|TLD6|TLE4|TLF1|TLF2|TLG1|TLG2|TLH1|TLH2|TLH3|TLJ1
uk,TLE3,GNN,42,20,300,0.80000000000000004,GBP,1160.6849572750157,0.13006400478392985,150.96333383565306,142.5991609226117,0.12285776603618366,True,1830815.55397216,21903331.607214313,0,386590.48928653484,20072516.053242154,386590.48928653484,True,True,0.10826538992187501,True,False,15,London|TLC1|TLC2|TLD3|TLD4|TLD6|TLE4|TLF1|TLF2|TLG1|TLG2|TLH1|TLH2|TLH3|TLJ1
uk,TLE3,GNN,42,20,500,0.80000000000000004,GBP,1160.6849572750157,0.13006400478392985,150.96333383565306,142.5991609226117,0.12285776603618366,True,4883038.1950261425,36929353.94525633,0,34551744.754620083,32046315.750230186,34551744.754620083,True,True,0.194265389921875,True,False,15,London|TLC1|TLC2|TLD3|TLD4|TLD6|TLE4|TLF1|TLF2|TLG1|TLG2|TLH1|TLH2|TLH3|TLJ1
uk,TLE3,GNN,42,20,100,0.90000000000000002,GBP,1160.6849572750157,0.13835071718294606,160.58159626245552,142.5991609226117,0.12285776603618366,True,284624.67981431616,5092560.0195693951,0,0,4807935.3397550788,0,True,True,0.022265389921875,True,True,15,London|TLC1|TLC2|TLD3|TLD4|TLD6|TLE4|TLF1|TLF2|TLG1|TLG2|TLH1|TLH2|TLH3|TLJ1
uk,TLE3,GNN,42,20,300,0.90000000000000002,GBP,1160.6849572750157,0.13835071718294606,160.58159626245552,142.5991609226117,0.12285776603618366,True,1830815.55397216,23603937.045769516,0,800175.77363903821,21773121.491797358,800175.77363903821,True,True,0.10826538992187501,True,False,15,London|TLC1|TLC2|TLD3|TLD4|TLD6|TLE4|TLF1|TLF2|TLG1|TLG2|TLH1|TLH2|TLH3|TLJ1
uk,TLE3,GNN,42,20,500,0.90000000000000002,GBP,1160.6849572750157,0.13835071718294606,160.58159626245552,142.5991609226117,0.12285776603618366,True,4883038.1950261425,39810296.92364043,0,38687597.598145157,34927258.728614286,38687597.598145157,True,True,0.194265389921875,True,False,15,London|TLC1|TLC2|TLD3|TLD4|TLD6|TLE4|TLF1|TLF2|TLG1|TLG2|TLH1|TLH2|TLH3|TLJ1
uk,TLE3,GNN,42,20,100,1,GBP,1160.6849572750157,0.18426215839381918,213.87031544273219,142.5991609226117,0.12285776603618366,True,284624.67981431616,10317939.089052964,0,0,10033314.409238648,0,True,True,0.022265389921875,True,True,15,London|TLC1|TLC2|TLD3|TLD4|TLD6|TLE4|TLF1|TLF2|TLG1|TLG2|TLH1|TLH2|TLH3|TLJ1
uk,TLE3,GNN,42,20,300,1,GBP,1160.6849572750157,0.18426215839381918,213.87031544273219,142.5991609226117,0.12285776603618366,True,1830815.55397216,33757278.614123724,0,5810744.5512627652,31926463.060151566,5810744.5512627652,True,True,0.10826538992187501,True,False,15,London|TLC1|TLC2|TLD3|TLD4|TLD6|TLE4|TLF1|TLF2|TLG1|TLG2|TLH1|TLH2|TLH3|TLJ1
uk,TLE3,GNN,42,20,500,1,GBP,1160.6849572750157,0.18426215839381918,213.87031544273219,142.5991609226117,0.12285776603618366,True,4883038.1950261425,56729481.690701701,0,61601746.845664121,51846443.495675556,61601746.845664121,True,True,0.194265389921875,True,False,15,London|TLC1|TLC2|TLD3|TLD4|TLD6|TLE4|TLF1|TLF2|TLG1|TLG2|TLH1|TLH2|TLH3|TLJ1
uk,TLE3,GNN,123,10,100,0.5,GBP,1160.6849572750157,0.077560280916374749,90.023051341660633,122.73177445897028,0.10574081596362922,False,2707881.6513887243,18093440.194286287,327834.87646484328,16277914.161257181,15385558.542897563,15950079.284792338,True,True,0.043004300000000002,False,False,15,London|TLC1|TLC2|TLD3|TLD4|TLD6|TLE4|TLF1|TLF2|TLG1|TLG2|TLH1|TLH2|TLH3|TLJ1
uk,TLE3,GNN,123,10,300,0.5,GBP,1160.6849572750157,0.077560280916374749,90.023051341660633,122.73177445897028,0.10574081596362922,False,9938586.2265397795,33159304.252100203,0,7901574.2457837965,23220718.025560424,7901574.2457837965,True,True,0.12900430000000002,True,False,15,London|TLC1|TLC2|TLD3|TLD4|TLD6|TLE4|TLF1|TLF2|TLG1|TLG2|TLH1|TLH2|TLH3|TLJ1
uk,TLE3,GNN,123,10,500,0.5,GBP,1160.6849572750157,0.077560280916374749,90.023051341660633,122.73177445897028,0.10574081596362922,False,12260834.296965418,37960412.308853216,4296632.3840332041,22113529.105642859,25699578.011887796,17816896.721609656,True,True,0.21500430000000001,False,False,15,London|TLC1|TLC2|TLD3|TLD4|TLD6|TLE4|TLF1|TLF2|TLG1|TLG2|TLH1|TLH2|TLH3|TLJ1
uk,TLE3,GNN,123,10,100,0.80000000000000004,GBP,1160.6849572750157,0.10761152358212096,124.90307665121341,122.73177445897028,0.10574081596362922,True,2707881.6513887243,28248745.846232887,327834.87646484328,25928482.353749961,25540864.194844164,25600647.477285117,True,True,0.043004300000000002,False,False,15,London|TLC1|TLC2|TLD3|TLD4|TLD6|TLE4|TLF1|TLF2|TLG1|TLG2|TLH1|TLH2|TLH3|TLJ1
uk,TLE3,GNN,123,10,300,0.80000000000000004,GBP,1160.6849572750157,0.10761152358212096,124.90307665121341,122.73177445897028,0.10574081596362922,True,9938586.2265397795,46489401.195046112,0,15632531.221521582,36550814.968506336,15632531.221521582,True,True,0.12900430000000002,True,False,15,London|TLC1|TLC2|TLD3|TLD4|TLD6|TLE4|TLF1|TLF2|TLG1|TLG2|TLH1|TLH2|TLH3|TLJ1
uk,TLE3,GNN,123,10,500,0.80000000000000004,GBP,1160.6849572750157,0.10761152358212096,124.90307665121341,122.73177445897028,0.10574081596362922,True,12260834.296965418,52958823.191960908,4296632.3840332041,37111939.988750532,40697988.894995488,32815307.604717329,True,True,0.21500430000000001,False,False,15,London|TLC1|TLC2|TLD3|TLD4|TLD6|TLE4|TLF1|TLF2|TLG1|TLG2|TLH1|TLH2|TLH3|TLJ1
uk,TLE3,GNN,123,10,100,0.90000000000000002,GBP,1160.6849572750157,0.11442878970122268,132.8157748853954,122.73177445897028,0.10574081596362922,True,2707881.6513887243,30761984.434981454,327834.87646484328,28480327.534273662,28054102.783592731,28152492.657808818,True,True,0.043004300000000002,False,False,15,London|TLC1|TLC2|TLD3|TLD4|TLD6|TLE4|TLF1|TLF2|TLG1|TLG2|TLH1|TLH2|TLH3|TLJ1
uk,TLE3,GNN,123,10,300,0.90000000000000002,GBP,1160.6849572750157,0.11442878970122268,132.8157748853954,122.73177445897028,0.10574081596362922,True,9938586.2265397795,49556009.324798167,0,17546946.6016098,39617423.098258391,17546946.6016098,True,True,0.12900430000000002,True,False,15,London|TLC1|TLC2|TLD3|TLD4|TLD6|TLE4|TLF1|TLF2|TLG1|TLG2|TLH1|TLH2|TLH3|TLJ1
uk,TLE3,GNN,123,10,500,0.90000000000000002,GBP,1160.6849572750157,0.11442878970122268,132.8157748853954,122.73177445897028,0.10574081596362922,True,12260834.296965418,56361283.432659179,4296632.3840332041,40514400.229448795,44100449.135693759,36217767.845415592,True,True,0.21500430000000001,False,False,15,London|TLC1|TLC2|TLD3|TLD4|TLD6|TLE4|TLF1|TLF2|TLG1|TLG2|TLH1|TLH2|TLH3|TLJ1
uk,TLE3,GNN,123,10,100,1,GBP,1160.6849572750157,0.11859490231483208,137.65131912632552,122.73177445897028,0.10574081596362922,True,2707881.6513887243,32322458.847955756,327834.87646484328,30039790.551973611,29614577.196567032,29711955.675508767,True,True,0.043004300000000002,False,False,15,London|TLC1|TLC2|TLD3|TLD4|TLD6|TLE4|TLF1|TLF2|TLG1|TLG2|TLH1|TLH2|TLH3|TLJ1
uk,TLE3,GNN,123,10,300,1,GBP,1160.6849572750157,0.11859490231483208,137.65131912632552,122.73177445897028,0.10574081596362922,True,9938586.2265397795,51438312.397169173,0,18794517.015769776,41499726.170629397,18794517.015769776,True,True,0.12900430000000002,True,False,15,London|TLC1|TLC2|TLD3|TLD4|TLD6|TLE4|TLF1|TLF2|TLG1|TLG2|TLH1|TLH2|TLH3|TLJ1
uk,TLE3,GNN,123,10,500,1,GBP,1160.6849572750157,0.11859490231483208,137.65131912632552,122.73177445897028,0.10574081596362922,True,12260834.296965418,58440567.456259117,4296632.3840332041,42593684.25304874,46179733.159293696,38297051.869015537,True,True,0.21500430000000001,False,False,15,London|TLC1|TLC2|TLD3|TLD4|TLD6|TLE4|TLF1|TLF2|TLG1|TLG2|TLH1|TLH2|TLH3|TLJ1
uk,TLE3,GNN,123,20,100,0.5,GBP,1160.6849572750157,0.10381066667321479,120.4914792122912,135.48163292297477,0.11672558696810387,False,355811.61997470784,2387517.938355186,0,0,2031706.3183804783,0,True,True,0.022265389921875,True,True,15,London|TLC1|TLC2|TLD3|TLD4|TLD6|TLE4|TLF1|TLF2|TLG1|TLG2|TLH1|TLH2|TLH3|TLJ1
uk,TLE3,GNN,123,20,300,0.5,GBP,1160.6849572750157,0.10381066667321479,120.4914792122912,135.48163292297477,0.11672558696810387,False,2101590.9378122613,16962293.82665221,0,0,14860702.888839949,0,True,True,0.10826538992187501,True,True,15,London|TLC1|TLC2|TLD3|TLD4|TLD6|TLE4|TLF1|TLF2|TLG1|TLG2|TLH1|TLH2|TLH3|TLJ1
uk,TLE3,GNN,123,20,500,0.5,GBP,1160.6849572750157,0.10381066667321479,120.4914792122912,135.48163292297477,0.11672558696810387,False,5194937.5263238205,28503904.435165439,0,20280302.80309872,23308966.908841617,20280302.80309872,True,True,0.194265389921875,True,False,15,London|TLC1|TLC2|TLD3|TLD4|TLD6|TLE4|TLF1|TLF2|TLG1|TLG2|TLH1|TLH2|TLH3|TLJ1
uk,TLE3,GNN,123,20,100,0.80000000000000004,GBP,1160.6849572750157,0.12726181798483485,147.71087777046887,135.48163292297477,0.11672558696810387,True,355811.61997470784,4118892.9072613269,0,0,3763081.2872866192,0,True,True,0.022265389921875,True,True,15,London|TLC1|TLC2|TLD3|TLD4|TLD6|TLE4|TLF1|TLF2|TLG1|TLG2|TLH1|TLH2|TLH3|TLJ1
uk,TLE3,GNN,123,20,300,0.80000000000000004,GBP,1160.6849572750157,0.12726181798483485,147.71087777046887,135.48163292297477,0.11672558696810387,True,2101590.9378122613,21653828.860266369,0,128463.01551812417,19552237.922454108,128463.01551812417,True,True,0.10826538992187501,True,False,15,London|TLC1|TLC2|TLD3|TLD4|TLD6|TLE4|TLF1|TLF2|TLG1|TLG2|TLH1|TLH2|TLH3|TLJ1
uk,TLE3,GNN,123,20,500,0.80000000000000004,GBP,1160.6849572750157,0.12726181798483485,147.71087777046887,135.48163292297477,0.11672558696810387,True,5194937.5263238205,36358264.894105166,0,31922396.835492633,31163327.367781345,31922396.835492633,True,True,0.194265389921875,True,False,15,London|TLC1|TLC2|TLD3|TLD4|TLD6|TLE4|TLF1|TLF2|TLG1|TLG2|TLH1|TLH2|TLH3|TLJ1
uk,TLE3,GNN,123,20,100,0.90000000000000002,GBP,1160.6849572750157,0.1489971008547481,172.93869363969449,135.48163292297477,0.11672558696810387,True,355811.61997470784,6193655.5080738375,0,0,5837843.8880991293,0,True,True,0.022265389921875,True,True,15,London|TLC1|TLC2|TLD3|TLD4|TLD6|TLE4|TLF1|TLF2|TLG1|TLG2|TLH1|TLH2|TLH3|TLJ1
uk,TLE3,GNN,123,20,300,0.90000000000000002,GBP,1160.6849572750157,0.1489971008547481,172.93869363969449,135.48163292297477,0.11672558696810387,True,2101590.9378122613,26217711.738791276,0,939987.27912972332,24116120.800979014,939987.27912972332,True,True,0.10826538992187501,True,False,15,London|TLC1|TLC2|TLD3|TLD4|TLD6|TLE4|TLF1|TLF2|TLG1|TLG2|TLH1|TLH2|TLH3|TLJ1
uk,TLE3,GNN,123,20,500,0.90000000000000002,GBP,1160.6849572750157,0.1489971008547481,172.93869363969449,135.48163292297477,0.11672558696810387,True,5194937.5263238205,44065582.335302517,0,42770357.659259662,38870644.808978699,42770357.659259662,True,True,0.194265389921875,True,False,15,London|TLC1|TLC2|TLD3|TLD4|TLD6|TLE4|TLF1|TLF2|TLG1|TLG2|TLH1|TLH2|TLH3|TLJ1
uk,TLE3,GNN,123,20,100,1,GBP,1160.6849572750157,0.16208594624878639,188.13071959665311,135.48163292297477,0.11672558696810387,True,355811.61997470784,7629246.2614790946,0,0,7273434.6415043864,0,True,True,0.022265389921875,True,True,15,London|TLC1|TLC2|TLD3|TLD4|TLD6|TLE4|TLF1|TLF2|TLG1|TLG2|TLH1|TLH2|TLH3|TLJ1
uk,TLE3,GNN,123,20,300,1,GBP,1160.6849572750157,0.16208594624878639,188.13071959665311,135.48163292297477,0.11672558696810387,True,2101590.9378122613,29082183.657202896,0,1912309.3813563571,26980592.719390634,1912309.3813563571,True,True,0.10826538992187501,True,False,15,London|TLC1|TLC2|TLD3|TLD4|TLD6|TLE4|TLF1|TLF2|TLG1|TLG2|TLH1|TLH2|TLH3|TLJ1
uk,TLE3,GNN,123,20,500,1,GBP,1160.6849572750157,0.16208594624878639,188.13071959665311,135.48163292297477,0.11672558696810387,True,5194937.5263238205,48887975.780836135,0,49302928.820751831,43693038.254512317,49302928.820751831,True,True,0.194265389921875,True,False,15,London|TLC1|TLC2|TLD3|TLD4|TLD6|TLE4|TLF1|TLF2|TLG1|TLG2|TLH1|TLH2|TLH3|TLJ1
uk,TLE3,GNN,456,10,100,0.5,GBP,1160.6849572750157,0.079758396347066149,92.574370856418241,116.18115016169918,0.10009705858035939,False,2526017.8294619238,18756272.994901281,327834.87646484328,15544980.927972153,16230255.165439356,15217146.051507309,True,True,0.043004300000000002,False,False,15,London|TLC1|TLC2|TLD3|TLD4|TLD6|TLE4|TLF1|TLF2|TLG1|TLG2|TLH1|TLH2|TLH3|TLJ1
uk,TLE3,GNN,456,10,300,0.5,GBP,1160.6849572750157,0.079758396347066149,92.574370856418241,116.18115016169918,0.10009705858035939,False,9357246.5453600232,34035836.271496139,0,7994081.0904866578,24678589.726136118,7994081.0904866578,True,True,0.12900430000000002,True,False,15,London|TLC1|TLC2|TLD3|TLD4|TLD6|TLE4|TLF1|TLF2|TLG1|TLG2|TLH1|TLH2|TLH3|TLJ1
uk,TLE3,GNN,456,10,500,0.5,GBP,1160.6849572750157,0.079758396347066149,92.574370856418241,116.18115016169918,0.10009705858035939,False,11455205.023971561,39100633.636643067,3050767.9105224609,25943382.376239337,27645428.612671506,22892614.465716876,True,True,0.21500430000000001,False,False,15,London|TLC1|TLC2|TLD3|TLD4|TLD6|TLE4|TLF1|TLF2|TLG1|TLG2|TLH1|TLH2|TLH3|TLJ1
uk,TLE3,GNN,456,10,100,0.80000000000000004,GBP,1160.6849572750157,0.10976070553265407,127.39759981164417,116.18115016169918,0.10009705858035939,True,2526017.8294619238,28957528.518759377,327834.87646484328,25596973.257490464,26431510.689297453,25269138.38102562,True,True,0.043004300000000002,False,False,15,London|TLC1|TLC2|TLD3|TLD4|TLD6|TLE4|TLF1|TLF2|TLG1|TLG2|TLH1|TLH2|TLH3|TLJ1
uk,TLE3,GNN,456,10,300,0.80000000000000004,GBP,1160.6849572750157,0.10976070553265407,127.39759981164417,116.18115016169918,0.10009705858035939,True,9357246.5453600232,47353944.174791686,0,15612105.945902172,37996697.629431665,15612105.945902172,True,True,0.12900430000000002,True,False,15,London|TLC1|TLC2|TLD3|TLD4|TLD6|TLE4|TLF1|TLF2|TLG1|TLG2|TLH1|TLH2|TLH3|TLJ1
uk,TLE3,GNN,456,10,500,0.80000000000000004,GBP,1160.6849572750157,0.10976070553265407,127.39759981164417,116.18115016169918,0.10009705858035939,True,11455205.023971561,54074622.087390229,3050767.9105224609,40917370.826986484,42619417.063418671,37866602.916464023,True,True,0.21500430000000001,False,False,15,London|TLC1|TLC2|TLD3|TLD4|TLD6|TLE4|TLF1|TLF2|TLG1|TLG2|TLH1|TLH2|TLH3|TLJ1
uk,TLE3,GNN,456,10,100,0.90000000000000002,GBP,1160.6849572750157,0.11634754585348168,135.04284628800133,116.18115016169918,0.10009705858035939,True,2526017.8294619238,31396667.262867257,327834.87646484328,27898192.446873974,28870649.433405332,27570357.57040913,True,True,0.043004300000000002,False,False,15,London|TLC1|TLC2|TLD3|TLD4|TLD6|TLE4|TLF1|TLF2|TLG1|TLG2|TLH1|TLH2|TLH3|TLJ1
uk,TLE3,GNN,456,10,300,0.90000000000000002,GBP,1160.6849572750157,0.11634754585348168,135.04284628800133,116.18115016169918,0.10009705858035939,True,9357246.5453600232,50312102.30961404,0,17420206.73756063,40954855.764254019,17420206.73756063,True,True,0.12900430000000002,True,False,15,London|TLC1|TLC2|TLD3|TLD4|TLD6|TLE4|TLF1|TLF2|TLG1|TLG2|TLH1|TLH2|TLH3|TLJ1
uk,TLE3,GNN,456,10,500,0.90000000000000002,GBP,1160.6849572750157,0.11634754585348168,135.04284628800133,116.18115016169918,0.10009705858035939,True,11455205.023971561,57362078.072223783,3050767.9105224609,44204826.811820075,45906873.048252225,41154058.901297614,True,True,0.21500430000000001,False,False,15,London|TLC1|TLC2|TLD3|TLD4|TLD6|TLE4|TLF1|TLF2|TLG1|TLG2|TLH1|TLH2|TLH3|TLJ1
uk,TLE3,GNN,456,10,100,1,GBP,1160.6849572750157,0.13218543938455474,153.4256510644411,116.18115016169918,0.10009705858035939,True,2526017.8294619238,37415330.833256558,327834.87646484328,33905515.072609484,34889313.003794633,33577680.19614464,True,True,0.043004300000000002,False,False,15,London|TLC1|TLC2|TLD3|TLD4|TLD6|TLE4|TLF1|TLF2|TLG1|TLG2|TLH1|TLH2|TLH3|TLJ1
uk,TLE3,GNN,456,10,300,1,GBP,1160.6849572750157,0.13218543938455474,153.4256510644411,116.18115016169918,0.10009705858035939,True,9357246.5453600232,57487397.620294161,0,22099402.280190218,48130151.07493414,22099402.280190218,True,True,0.12900430000000002,True,False,15,London|TLC1|TLC2|TLD3|TLD4|TLD6|TLE4|TLF1|TLF2|TLG1|TLG2|TLH1|TLH2|TLH3|TLJ1
uk,TLE3,GNN,456,10,500,1,GBP,1160.6849572750157,0.13218543938455474,153.4256510644411,116.18115016169918,0.10009705858035939,True,11455205.023971561,65266684.126092896,3050767.9105224609,52109432.865689173,53811479.102121338,49058664.955166712,True,True,0.21500430000000001,False,False,15,London|TLC1|TLC2|TLD3|TLD4|TLD6|TLE4|TLF1|TLF2|TLG1|TLG2|TLH1|TLH2|TLH3|TLJ1
uk,TLE3,GNN,456,20,100,0.5,GBP,1160.6849572750157,0.11310630600785927,131.28078795626698,132.96367095484629,0.11455621107299449,False,308135.25138003897,3115635.1682396871,0,0,2807499.9168596482,0,True,True,0.022265389921875,True,True,15,London|TLC1|TLC2|TLD3|TLD4|TLD6|TLE4|TLF1|TLF2|TLG1|TLG2|TLH1|TLH2|TLH3|TLJ1
uk,TLE3,GNN,456,20,300,0.5,GBP,1160.6849572750157,0.11310630600785927,131.28078795626698,132.96367095484629,0.11455621107299449,False,1802146.6811820453,18665612.567147437,0,0,16863465.885965392,0,True,True,0.10826538992187501,True,True,15,London|TLC1|TLC2|TLD3|TLD4|TLD6|TLE4|TLF1|TLF2|TLG1|TLG2|TLH1|TLH2|TLH3|TLJ1
uk,TLE3,GNN,456,20,500,0.5,GBP,1160.6849572750157,0.11310630600785927,131.28078795626698,132.96367095484629,0.11455621107299449,False,4721108.0408959258,31125509.076132745,0,25960863.55519902,26404401.035236821,25960863.55519902,True,True,0.194265389921875,True,False,15,London|TLC1|TLC2|TLD3|TLD4|TLD6|TLE4|TLF1|TLF2|TLG1|TLG2|TLH1|TLH2|TLH3|TLJ1
uk,TLE3,GNN,456,20,100,0.80000000000000004,GBP,1160.6849572750157,0.15453254388651785,179.36359909852246,132.96367095484629,0.11455621107299449,True,308135.25138003897,6886106.6292558517,0,0,6577971.3778758124,0,True,True,0.022265389921875,True,True,15,London|TLC1|TLC2|TLD3|TLD4|TLD6|TLE4|TLF1|TLF2|TLG1|TLG2|TLH1|TLH2|TLH3|TLJ1
uk,TLE3,GNN,456,20,300,0.80000000000000004,GBP,1160.6849572750157,0.15453254388651785,179.36359909852246,132.96367095484629,0.11455621107299449,True,1802146.6811820453,27173352.987064224,0,1018690.182181834,25371206.305882178,1018690.182181834,True,True,0.10826538992187501,True,False,15,London|TLC1|TLC2|TLD3|TLD4|TLD6|TLE4|TLF1|TLF2|TLG1|TLG2|TLH1|TLH2|TLH3|TLJ1
uk,TLE3,GNN,456,20,500,0.80000000000000004,GBP,1160.6849572750157,0.15453254388651785,179.36359909852246,132.96367095484629,0.11455621107299449,True,4721108.0408959258,45511015.822551318,0,46636472.346368864,40789907.781655394,46636472.346368864,True,True,0.194265389921875,True,False,15,London|TLC1|TLC2|TLD3|TLD4|TLD6|TLE4|TLF1|TLF2|TLG1|TLG2|TLH1|TLH2|TLH3|TLJ1
uk,TLE3,GNN,456,20,100,0.90000000000000002,GBP,1160.6849572750157,0.15691380366206784,182.12749149936741,132.96367095484629,0.11455621107299449,True,308135.25138003897,7148185.4499165462,0,0,6840050.1985365069,0,True,True,0.022265389921875,True,True,15,London|TLC1|TLC2|TLD3|TLD4|TLD6|TLE4|TLF1|TLF2|TLG1|TLG2|TLH1|TLH2|TLH3|TLJ1
uk,TLE3,GNN,456,20,300,0.90000000000000002,GBP,1160.6849572750157,0.15691380366206784,182.12749149936741,132.96367095484629,0.11455621107299449,True,1802146.6811820453,27688225.015121792,0,1137537.5554181668,25886078.333939746,1137537.5554181668,True,True,0.10826538992187501,True,False,15,London|TLC1|TLC2|TLD3|TLD4|TLD6|TLE4|TLF1|TLF2|TLG1|TLG2|TLH1|TLH2|TLH3|TLJ1
uk,TLE3,GNN,456,20,500,0.90000000000000002,GBP,1160.6849572750157,0.15691380366206784,182.12749149936741,132.96367095484629,0.11455621107299449,True,4721108.0408959258,46383441.427378282,0,47824946.078732207,41662333.386482358,47824946.078732207,True,True,0.194265389921875,True,False,15,London|TLC1|TLC2|TLD3|TLD4|TLD6|TLE4|TLF1|TLF2|TLG1|TLG2|TLH1|TLH2|TLH3|TLJ1
uk,TLE3,GNN,456,20,100,1,GBP,1160.6849572750157,0.17087764559264457,198.33511277395394,132.96367095484629,0.11455621107299449,True,308135.25138003897,8795464.8462318908,0,0,8487329.5948518515,0,True,True,0.022265389921875,True,True,15,London|TLC1|TLC2|TLD3|TLD4|TLD6|TLE4|TLF1|TLF2|TLG1|TLG2|TLH1|TLH2|TLH3|TLJ1
uk,TLE3,GNN,456,20,300,1,GBP,1160.6849572750157,0.17087764559264457,198.33511277395394,132.96367095484629,0.11455621107299449,True,1802146.6811820453,30795339.838294964,0,2375300.6396255484,28993193.157112919,2375300.6396255484,True,True,0.10826538992187501,True,False,15,London|TLC1|TLC2|TLD3|TLD4|TLD6|TLE4|TLF1|TLF2|TLG1|TLG2|TLH1|TLH2|TLH3|TLJ1
uk,TLE3,GNN,456,20,500,1,GBP,1160.6849572750157,0.17087764559264457,198.33511277395394,132.96367095484629,0.11455621107299449,True,4721108.0408959258,51555084.603844516,0,54794223.226804398,46833976.562948592,54794223.226804398,True,True,0.194265389921875,True,False,15,London|TLC1|TLC2|TLD3|TLD4|TLD6|TLE4|TLF1|TLF2|TLG1|TLG2|TLH1|TLH2|TLH3|TLJ1
uk,TLE4,Uni,,10,100,0.5,GBP,1960.5853670042695,0.12200609890555539,239.20337219950753,488.84693337600584,0.24933723448265505,False,10699541.366112819,59982456.309271857,0,99130122.909473509,49282914.943159036,99130122.909473509,True,True,0.041156612150878909,True,False,15,London|TLC1|TLC2|TLD3|TLD4|TLD6|TLE3|TLF1|TLF2|TLG1|TLG2|TLH1|TLH2|TLH3|TLJ1
uk,TLE4,Uni,,10,300,0.5,GBP,1960.5853670042695,0.12200609890555539,239.20337219950753,488.84693337600584,0.24933723448265505,False,16238009.985843023,76548760.838937134,16211308.464111362,91506412.730974302,60310750.853094108,75295104.266862944,True,True,0.12715661215087892,False,False,15,London|TLC1|TLC2|TLD3|TLD4|TLD6|TLE3|TLF1|TLF2|TLG1|TLG2|TLH1|TLH2|TLH3|TLJ1
uk,TLE4,Uni,,10,500,0.5,GBP,1960.5853670042695,0.12200609890555539,239.20337219950753,488.84693337600584,0.24933723448265505,False,24848260.47840954,88413228.848177075,54552706.607360825,57478252.444334969,63564968.369767532,2925545.836974144,True,True,0.21315661215087892,False,False,15,London|TLC1|TLC2|TLD3|TLD4|TLD6|TLE3|TLF1|TLF2|TLG1|TLG2|TLH1|TLH2|TLH3|TLJ1
uk,TLE4,Uni,,10,100,0.80000000000000004,GBP,1960.5853670042695,0.16396970274830069,321.47659984035812,488.84693337600584,0.24933723448265505,False,10699541.366112819,85299310.025251955,0,134507610.79503927,74599768.659139141,134507610.79503927,True,True,0.041156612150878909,True,False,15,London|TLC1|TLC2|TLD3|TLD4|TLD6|TLE3|TLF1|TLF2|TLG1|TLG2|TLH1|TLH2|TLH3|TLJ1
uk,TLE4,Uni,,10,300,0.80000000000000004,GBP,1960.5853670042695,0.16396970274830069,321.47659984035812,488.84693337600584,0.24933723448265505,False,16238009.985843023,106202136.98861676,16211308.464111362,126883900.61654004,89964127.002773747,110672592.15242869,True,True,0.12715661215087892,False,False,15,London|TLC1|TLC2|TLD3|TLD4|TLD6|TLE3|TLF1|TLF2|TLG1|TLG2|TLH1|TLH2|TLH3|TLJ1
uk,TLE4,Uni,,10,500,0.80000000000000004,GBP,1960.5853670042695,0.16396970274830069,321.47659984035812,488.84693337600584,0.24933723448265505,False,24848260.47840954,121640687.52780338,54552706.607360825,91089654.436349332,96792427.049393833,36536947.828988507,True,True,0.21315661215087892,False,False,15,London|TLC1|TLC2|TLD3|TLD4|TLD6|TLE3|TLF1|TLF2|TLG1|TLG2|TLH1|TLH2|TLH3|TLJ1
uk,TLE4,Uni,,10,100,0.90000000000000002,GBP,1960.5853670042695,0.19356652957579673,379.50370542810623,488.84693337600584,0.24933723448265505,False,10699541.366112819,104528529.81071347,0,159459266.19777095,93828988.444600657,159459266.19777095,True,True,0.041156612150878909,True,False,15,London|TLC1|TLC2|TLD3|TLD4|TLD6|TLE3|TLF1|TLF2|TLG1|TLG2|TLH1|TLH2|TLH3|TLJ1
uk,TLE4,Uni,,10,300,0.90000000000000002,GBP,1960.5853670042695,0.19356652957579673,379.50370542810623,488.84693337600584,0.24933723448265505,False,16238009.985843023,128054292.08648553,16211308.464111362,151835556.01927176,111816282.10064252,135624247.5551604,True,True,0.12715661215087892,False,False,15,London|TLC1|TLC2|TLD3|TLD4|TLD6|TLE3|TLF1|TLF2|TLG1|TLG2|TLH1|TLH2|TLH3|TLJ1
uk,TLE4,Uni,,10,500,0.90000000000000002,GBP,1960.5853670042695,0.19356652957579673,379.50370542810623,488.84693337600584,0.24933723448265505,False,24848260.47840954,145542732.63470411,54552706.607360825,116041309.83908105,120694472.15629457,61488603.231720224,True,True,0.21315661215087892,False,False,15,London|TLC1|TLC2|TLD3|TLD4|TLD6|TLE3|TLF1|TLF2|TLG1|TLG2|TLH1|TLH2|TLH3|TLJ1
uk,TLE4,Uni,,10,100,1,GBP,1960.5853670042695,0.21248270402484987,416.59048025261984,488.84693337600584,0.24933723448265505,False,10699541.366112819,117212053.40042804,0,175406579.37231177,106512512.03431523,175406579.37231177,True,True,0.041156612150878909,True,False,15,London|TLC1|TLC2|TLD3|TLD4|TLD6|TLE3|TLF1|TLF2|TLG1|TLG2|TLH1|TLH2|TLH3|TLJ1
uk,TLE4,Uni,,10,300,1,GBP,1960.5853670042695,0.21248270402484987,416.59048025261984,488.84693337600584,0.24933723448265505,False,16238009.985843023,142454156.20336354,16211308.464111362,167782869.19381258,126216146.21752052,151571560.72970122,True,True,0.12715661215087892,False,False,15,London|TLC1|TLC2|TLD3|TLD4|TLD6|TLE3|TLF1|TLF2|TLG1|TLG2|TLH1|TLH2|TLH3|TLJ1
uk,TLE4,Uni,,10,500,1,GBP,1960.5853670042695,0.21248270402484987,416.59048025261984,488.84693337600584,0.24933723448265505,False,24848260.47840954,160961454.61495811,54552706.607360825,131988623.01362188,136113194.13654858,77435916.406261057,True,True,0.21315661215087892,False,False,15,London|TLC1|TLC2|TLD3|TLD4|TLD6|TLE3|TLF1|TLF2|TLG1|TLG2|TLH1|TLH2|TLH3|TLJ1
uk,TLE4,Uni,,20,100,0.5,GBP,1960.5853670042695,0.14713702450424426,288.47469718756992,463.63156310047111,0.23647609071411654,False,206983.37697498588,13018407.093190871,0,93154871.395065412,12811423.716215886,93154871.395065412,True,True,0.010897576398925775,True,False,15,London|TLC1|TLC2|TLD3|TLD4|TLD6|TLE3|TLF1|TLF2|TLG1|TLG2|TLH1|TLH2|TLH3|TLJ1
uk,TLE4,Uni,,20,300,0.5,GBP,1960.5853670042695,0.14713702450424426,288.47469718756992,463.63156310047111,0.23647609071411654,False,3094347.8064864608,28869367.453499574,0,96826984.920540705,25775019.647013113,96826984.920540705,True,True,0.09689757639892578,True,False,15,London|TLC1|TLC2|TLD3|TLD4|TLD6|TLE3|TLF1|TLF2|TLG1|TLG2|TLH1|TLH2|TLH3|TLJ1
uk,TLE4,Uni,,20,500,0.5,GBP,1960.5853670042695,0.14713702450424426,288.47469718756992,463.63156310047111,0.23647609071411654,False,4530376.9267831724,47005006.039835989,2598540.3853759714,97469557.233820006,42474629.113052815,94871016.84844403,True,True,0.18289757639892579,False,False,15,London|TLC1|TLC2|TLD3|TLD4|TLD6|TLE3|TLF1|TLF2|TLG1|TLG2|TLH1|TLH2|TLH3|TLJ1
uk,TLE4,Uni,,20,100,0.80000000000000004,GBP,1960.5853670042695,0.19843923743488995,389.0570651543311,463.63156310047111,0.23647609071411654,False,206983.37697498588,23027585.874303658,0,136405289.62077275,22820602.497328673,136405289.62077275,True,True,0.010897576398925775,True,False,15,London|TLC1|TLC2|TLD3|TLD4|TLD6|TLE3|TLF1|TLF2|TLG1|TLG2|TLH1|TLH2|TLH3|TLJ1
uk,TLE4,Uni,,20,300,0.80000000000000004,GBP,1960.5853670042695,0.19843923743488995,389.0570651543311,463.63156310047111,0.23647609071411654,False,3094347.8064864608,44652250.729865573,0,140077403.14624801,41557902.923379116,140077403.14624801,True,True,0.09689757639892578,True,False,15,London|TLC1|TLC2|TLD3|TLD4|TLD6|TLE3|TLF1|TLF2|TLG1|TLG2|TLH1|TLH2|TLH3|TLJ1
uk,TLE4,Uni,,20,500,0.80000000000000004,GBP,1960.5853670042695,0.19843923743488995,389.0570651543311,463.63156310047111,0.23647609071411654,False,4530376.9267831724,70882817.272892714,2598540.3853759714,140719975.45952728,66352440.346109539,138121435.07415131,True,True,0.18289757639892579,False,False,15,London|TLC1|TLC2|TLD3|TLD4|TLD6|TLE3|TLF1|TLF2|TLG1|TLG2|TLH1|TLH2|TLH3|TLJ1
uk,TLE4,Uni,,20,100,0.90000000000000002,GBP,1960.5853670042695,0.24986216011324433,489.87609488610468,463.63156310047111,0.23647609071411654,True,206983.37697498588,35886767.008674458,0,179757472.40543535,35679783.631699473,179757472.40543535,True,True,0.010897576398925775,True,False,15,London|TLC1|TLC2|TLD3|TLD4|TLD6|TLE3|TLF1|TLF2|TLG1|TLG2|TLH1|TLH2|TLH3|TLJ1
uk,TLE4,Uni,,20,300,0.90000000000000002,GBP,1960.5853670042695,0.24986216011324433,489.87609488610468,463.63156310047111,0.23647609071411654,True,3094347.8064864608,64787725.298692726,0,183429585.93091065,61693377.492206268,183429585.93091065,True,True,0.09689757639892578,True,False,15,London|TLC1|TLC2|TLD3|TLD4|TLD6|TLE3|TLF1|TLF2|TLG1|TLG2|TLH1|TLH2|TLH3|TLJ1
uk,TLE4,Uni,,20,500,0.90000000000000002,GBP,1960.5853670042695,0.24986216011324433,489.87609488610468,463.63156310047111,0.23647609071411654,True,4530376.9267831724,97569755.596215695,2598540.3853759714,184072158.24418995,93039378.669432521,181473617.85881397,True,True,0.18289757639892579,False,False,15,London|TLC1|TLC2|TLD3|TLD4|TLD6|TLE3|TLF1|TLF2|TLG1|TLG2|TLH1|TLH2|TLH3|TLJ1
uk,TLE4,Uni,,20,100,1,GBP,1960.5853670042695,0.26850458711315484,526.42616446757449,463.63156310047111,0.23647609071411654,True,206983.37697498588,41241807.469416976,0,195474002.32546741,41034824.092441991,195474002.32546741,True,True,0.010897576398925775,True,False,15,London|TLC1|TLC2|TLD3|TLD4|TLD6|TLE3|TLF1|TLF2|TLG1|TLG2|TLH1|TLH2|TLH3|TLJ1
uk,TLE4,Uni,,20,300,1,GBP,1960.5853670042695,0.26850458711315484,526.42616446757449,463.63156310047111,0.23647609071411654,True,3094347.8064864608,73128740.777746737,0,199146115.85094264,70034392.971260279,199146115.85094264,True,True,0.09689757639892578,True,False,15,London|TLC1|TLC2|TLD3|TLD4|TLD6|TLE3|TLF1|TLF2|TLG1|TLG2|TLH1|TLH2|TLH3|TLJ1
uk,TLE4,Uni,,20,500,1,GBP,1960.5853670042695,0.26850458711315484,526.42616446757449,463.63156310047111,0.23647609071411654,True,4530376.9267831724,107836329.18887962,2598540.3853759714,199788688.164222,103305952.26209645,197190147.77884603,True,True,0.18289757639892579,False,False,15,London|TLC1|TLC2|TLD3|TLD4|TLD6|TLE3|TLF1|TLF2|TLG1|TLG2|TLH1|TLH2|TLH3|TLJ1
uk,TLE4,LU,,10,100,0.5,GBP,1960.5853670042695,0.10814084294449999,212.0193542524936,361.61455685123519,0.1844421380150226,False,7564561.5052864775,52814131.519486457,0,80341536.569724917,45249570.01419998,80341536.569724917,True,True,0.041156612150878909,True,False,15,London|TLC1|TLC2|TLD3|TLD4|TLD6|TLE3|TLF1|TLF2|TLG1|TLG2|TLH1|TLH2|TLH3|TLJ1
uk,TLE4,LU,,10,300,0.5,GBP,1960.5853670042695,0.10814084294449999,212.0193542524936,361.61455685123519,0.1844421380150226,False,12108961.984069798,69858735.316105902,14228764.358276403,80972949.675912008,57749773.332036108,66744185.317635603,True,True,0.12715661215087892,False,False,15,London|TLC1|TLC2|TLD3|TLD4|TLD6|TLE3|TLF1|TLF2|TLG1|TLG2|TLH1|TLH2|TLH3|TLJ1
uk,TLE4,LU,,10,500,0.5,GBP,1960.5853670042695,0.10814084294449999,212.0193542524936,361.61455685123519,0.1844421380150226,False,18148528.21391093,81412270.009420544,40391316.565765381,47676765.52008234,63263741.795509614,7285448.9543169588,True,True,0.21315661215087892,False,False,15,London|TLC1|TLC2|TLD3|TLD4|TLD6|TLE3|TLF1|TLF2|TLG1|TLG2|TLH1|TLH2|TLH3|TLJ1
uk,TLE4,LU,,10,100,0.80000000000000004,GBP,1960.5853670042695,0.1345341872805482,263.76575894405471,361.61455685123519,0.1844421380150226,False,7564561.5052864775,68653657.174050599,0,102592490.5870962,61089095.668764122,102592490.5870962,True,True,0.041156612150878909,True,False,15,London|TLC1|TLC2|TLD3|TLD4|TLD6|TLE3|TLF1|TLF2|TLG1|TLG2|TLH1|TLH2|TLH3|TLJ1
uk,TLE4,LU,,10,300,0.80000000000000004,GBP,1960.5853670042695,0.1345341872805482,263.76575894405471,361.61455685123519,0.1844421380150226,False,12108961.984069798,88790245.175412774,14228764.358276403,103223903.69328324,76681283.19134298,88995139.335006848,True,True,0.12715661215087892,False,False,15,London|TLC1|TLC2|TLD3|TLD4|TLD6|TLE3|TLF1|TLF2|TLG1|TLG2|TLH1|TLH2|TLH3|TLJ1
uk,TLE4,LU,,10,500,0.80000000000000004,GBP,1960.5853670042695,0.1345341872805482,263.76575894405471,361.61455685123519,0.1844421380150226,False,18148528.21391093,102693355.045771,40391316.565765381,69927719.537453622,84544826.831860065,29536402.971688241,True,True,0.21315661215087892,False,False,15,London|TLC1|TLC2|TLD3|TLD4|TLD6|TLE3|TLF1|TLF2|TLG1|TLG2|TLH1|TLH2|TLH3|TLJ1
uk,TLE4,LU,,10,100,0.90000000000000002,GBP,1960.5853670042695,0.13797003841428504,270.50203840006418,361.61455685123519,0.1844421380150226,False,7564561.5052864775,70790018.647008717,0,105489090.75318027,63225457.14172224,105489090.75318027,True,True,0.041156612150878909,True,False,15,London|TLC1|TLC2|TLD3|TLD4|TLD6|TLE3|TLF1|TLF2|TLG1|TLG2|TLH1|TLH2|TLH3|TLJ1
uk,TLE4,LU,,10,300,0.90000000000000002,GBP,1960.5853670042695,0.13797003841428504,270.50203840006418,361.61455685123519,0.1844421380150226,False,12108961.984069798,91313014.655236453,14228764.358276403,106120503.8593673,79204052.671166658,91891739.501090899,True,True,0.12715661215087892,False,False,15,London|TLC1|TLC2|TLD3|TLD4|TLD6|TLE3|TLF1|TLF2|TLG1|TLG2|TLH1|TLH2|TLH3|TLJ1
uk,TLE4,LU,,10,500,0.90000000000000002,GBP,1960.5853670042695,0.13797003841428504,270.50203840006418,361.61455685123519,0.1844421380150226,False,18148528.21391093,105486682.60871612,40391316.565765381,72824319.703537703,87338154.394805193,32433003.137772322,True,True,0.21315661215087892,False,False,15,London|TLC1|TLC2|TLD3|TLD4|TLD6|TLE3|TLF1|TLF2|TLG1|TLG2|TLH1|TLH2|TLH3|TLJ1
uk,TLE4,LU,,10,100,1,GBP,1960.5853670042695,0.15224504341652892,298.4894043213763,361.61455685123519,0.1844421380150226,False,7564561.5052864775,79871362.325437769,0,117523658.09934446,72306800.820151299,117523658.09934446,True,True,0.041156612150878909,True,False,15,London|TLC1|TLC2|TLD3|TLD4|TLD6|TLE3|TLF1|TLF2|TLG1|TLG2|TLH1|TLH2|TLH3|TLJ1
uk,TLE4,LU,,10,300,1,GBP,1960.5853670042695,0.15224504341652892,298.4894043213763,361.61455685123519,0.1844421380150226,False,12108961.984069798,101890912.81416288,14228764.358276403,118155071.20553155,89781950.830093086,103926306.84725516,True,True,0.12715661215087892,False,False,15,London|TLC1|TLC2|TLD3|TLD4|TLD6|TLE3|TLF1|TLF2|TLG1|TLG2|TLH1|TLH2|TLH3|TLJ1
uk,TLE4,LU,,10,500,1,GBP,1960.5853670042695,0.15224504341652892,298.4894043213763,361.61455685123519,0.1844421380150226,False,18148528.21391093,117138503.55782153,40391316.565765381,84858887.049701884,98989975.343910605,44467570.483936504,True,True,0.21315661215087892,False,False,15,London|TLC1|TLC2|TLD3|TLD4|TLD6|TLE3|TLF1|TLF2|TLG1|TLG2|TLH1|TLH2|TLH3|TLJ1
uk,TLE4,LU,,20,100,0.5,GBP,1960.5853670042695,0.13776814713002924,270.10621330242657,341.39714952963072,0.17413021400403386,False,272817.03664829989,11666799.99712974,0,68305311.706814677,11393982.960481441,68305311.706814677,True,True,0.010897576398925775,True,False,15,London|TLC1|TLC2|TLD3|TLD4|TLD6|TLE3|TLF1|TLF2|TLG1|TLG2|TLH1|TLH2|TLH3|TLJ1
uk,TLE4,LU,,20,300,0.5,GBP,1960.5853670042695,0.13776814713002924,270.10621330242657,341.39714952963072,0.17413021400403386,False,2998892.1100600837,27457320.849949401,0,93669363.4105286,24458428.739889316,93669363.4105286,True,True,0.09689757639892578,True,False,15,London|TLC1|TLC2|TLD3|TLD4|TLD6|TLE3|TLF1|TLF2|TLG1|TLG2|TLH1|TLH2|TLH3|TLJ1
uk,TLE4,LU,,20,500,0.5,GBP,1960.5853670042695,0.13776814713002924,270.10621330242657,341.39714952963072,0.17413021400403386,False,4390223.1881461479,46508890.539976932,2822071.5864257789,93595758.113056898,42118667.351830781,90773686.526631117,True,True,0.18289757639892579,False,False,15,London|TLC1|TLC2|TLD3|TLD4|TLD6|TLE3|TLF1|TLF2|TLG1|TLG2|TLH1|TLH2|TLH3|TLJ1
uk,TLE4,LU,,20,100,0.80000000000000004,GBP,1960.5853670042695,0.17919897807473806,351.33489419545037,341.39714952963072,0.17413021400403386,True,272817.03664829989,19178984.636742402,0,103233644.49081492,18906167.600094102,103233644.49081492,True,True,0.010897576398925775,True,False,15,London|TLC1|TLC2|TLD3|TLD4|TLD6|TLE3|TLF1|TLF2|TLG1|TLG2|TLH1|TLH2|TLH3|TLJ1
uk,TLE4,LU,,20,300,0.80000000000000004,GBP,1960.5853670042695,0.17919897807473806,351.33489419545037,341.39714952963072,0.17413021400403386,True,2998892.1100600837,40291503.497287855,0,128597696.19452889,37292611.387227774,128597696.19452889,True,True,0.09689757639892578,True,False,15,London|TLC1|TLC2|TLD3|TLD4|TLD6|TLE3|TLF1|TLF2|TLG1|TLG2|TLH1|TLH2|TLH3|TLJ1
uk,TLE4,LU,,20,500,0.80000000000000004,GBP,1960.5853670042695,0.17919897807473806,351.33489419545037,341.39714952963072,0.17413021400403386,True,4390223.1881461479,66249159.838228151,2822071.5864257789,128524090.8970571,61858936.650082007,125702019.31063132,True,True,0.18289757639892579,False,False,15,London|TLC1|TLC2|TLD3|TLD4|TLD6|TLE3|TLF1|TLF2|TLG1|TLG2|TLH1|TLH2|TLH3|TLJ1
uk,TLE4,LU,,20,100,0.90000000000000002,GBP,1960.5853670042695,0.19511675788751595,382.54306037157869,341.39714952963072,0.17413021400403386,True,272817.03664829989,22713391.647173751,0,116653155.94655013,22440574.610525452,116653155.94655013,True,True,0.010897576398925775,True,False,15,London|TLC1|TLC2|TLD3|TLD4|TLD6|TLE3|TLF1|TLF2|TLG1|TLG2|TLH1|TLH2|TLH3|TLJ1
uk,TLE4,LU,,20,300,0.90000000000000002,GBP,1960.5853670042695,0.19511675788751595,382.54306037157869,341.39714952963072,0.17413021400403386,True,2998892.1100600837,46057813.16545099,0,142017207.65026405,43058921.055390909,142017207.65026405,True,True,0.09689757639892578,True,False,15,London|TLC1|TLC2|TLD3|TLD4|TLD6|TLE3|TLF1|TLF2|TLG1|TLG2|TLH1|TLH2|TLH3|TLJ1
uk,TLE4,LU,,20,500,0.90000000000000002,GBP,1960.5853670042695,0.19511675788751595,382.54306037157869,341.39714952963072,0.17413021400403386,True,4390223.1881461479,74371446.666570768,2822071.5864257789,141943602.35279226,69981223.478424624,139121530.76636648,True,True,0.18289757639892579,False,False,15,London|TLC1|TLC2|TLD3|TLD4|TLD6|TLE3|TLF1|TLF2|TLG1|TLG2|TLH1|TLH2|TLH3|TLJ1
uk,TLE4,LU,,20,100,1,GBP,1960.5853670042695,0.25279013454619531,495.61663871431102,341.39714952963072,0.17413021400403386,True,272817.03664829989,37849068.560220934,0,165274794.63392502,37576251.523572631,165274794.63392502,True,True,0.010897576398925775,True,False,15,London|TLC1|TLC2|TLD3|TLD4|TLD6|TLE3|TLF1|TLF2|TLG1|TLG2|TLH1|TLH2|TLH3|TLJ1
uk,TLE4,LU,,20,300,1,GBP,1960.5853670042695,0.25279013454619531,495.61663871431102,341.39714952963072,0.17413021400403386,True,2998892.1100600837,70657313.40646477,0,190638846.33763891,67658421.29640469,190638846.33763891,True,True,0.09689757639892578,True,False,15,London|TLC1|TLC2|TLD3|TLD4|TLD6|TLE3|TLF1|TLF2|TLG1|TLG2|TLH1|TLH2|TLH3|TLJ1
uk,TLE4,LU,,20,500,1,GBP,1960.5853670042695,0.25279013454619531,495.61663871431102,341.39714952963072,0.17413021400403386,True,4390223.1881461479,105848758.56980854,2822071.5864257789,190565241.04016721,101458535.3816624,187743169.45374143,True,True,0.18289757639892579,False,False,15,London|TLC1|TLC2|TLD3|TLD4|TLD6|TLE3|TLF1|TLF2|TLG1|TLG2|TLH1|TLH2|TLH3|TLJ1
uk,TLE4,GNN,42,10,100,0.5,GBP,1960.5853670042695,0.078842018394831639,154.57650756998837,162.90489255262389,0.083089925740667397,False,4002072.124803545,35203852.51610823,146919.20019531244,50565859.152507618,31201780.391304687,50418939.952312306,True,True,0.041156612150878909,False,False,15,London|TLC1|TLC2|TLD3|TLD4|TLD6|TLE3|TLF1|TLF2|TLG1|TLG2|TLH1|TLH2|TLH3|TLJ1
uk,TLE4,GNN,42,10,300,0.5,GBP,1960.5853670042695,0.078842018394831639,154.57650756998837,162.90489255262389,0.083089925740667397,False,9059476.6525459811,50886677.255452439,12041198.777221698,51892804.759116769,41827200.602906458,39851605.981895074,True,True,0.12715661215087892,False,False,15,London|TLC1|TLC2|TLD3|TLD4|TLD6|TLE3|TLF1|TLF2|TLG1|TLG2|TLH1|TLH2|TLH3|TLJ1
uk,TLE4,GNN,42,10,500,0.5,GBP,1960.5853670042695,0.078842018394831639,154.57650756998837,162.90489255262389,0.083089925740667397,False,13395117.092580395,62498608.475874633,21958087.890533436,43769862.345627815,49103491.38329424,21811774.455094378,True,True,0.21315661215087892,False,False,15,London|TLC1|TLC2|TLD3|TLD4|TLD6|TLE3|TLF1|TLF2|TLG1|TLG2|TLH1|TLH2|TLH3|TLJ1
uk,TLE4,GNN,42,10,100,0.80000000000000004,GBP,1960.5853670042695,0.10481476329307282,205.49829115841482,162.90489255262389,0.083089925740667397,True,4002072.124803545,50035812.189824797,146919.20019531244,72462226.095530972,46033740.065021254,72315306.895335659,True,True,0.041156612150878909,False,False,15,London|TLC1|TLC2|TLD3|TLD4|TLD6|TLE3|TLF1|TLF2|TLG1|TLG2|TLH1|TLH2|TLH3|TLJ1
uk,TLE4,GNN,42,10,300,0.80000000000000004,GBP,1960.5853670042695,0.10481476329307282,205.49829115841482,162.90489255262389,0.083089925740667397,True,9059476.6525459811,69955588.009393767,12041198.777221698,73789171.702140152,60896111.356847785,61747972.924918458,True,True,0.12715661215087892,False,False,15,London|TLC1|TLC2|TLD3|TLD4|TLD6|TLE3|TLF1|TLF2|TLG1|TLG2|TLH1|TLH2|TLH3|TLJ1
uk,TLE4,GNN,42,10,500,0.80000000000000004,GBP,1960.5853670042695,0.10481476329307282,205.49829115841482,162.90489255262389,0.083089925740667397,True,13395117.092580395,83925787.658057868,21958087.890533436,65666229.288651183,70530670.565477476,43708141.398117751,True,True,0.21315661215087892,False,False,15,London|TLC1|TLC2|TLD3|TLD4|TLD6|TLE3|TLF1|TLF2|TLG1|TLG2|TLH1|TLH2|TLH3|TLJ1
uk,TLE4,GNN,42,10,100,0.90000000000000002,GBP,1960.5853670042695,0.11761736880872931,230.59889219193906,162.90489255262389,0.083089925740667397,True,4002072.124803545,57686354.24225609,146919.20019531244,83255484.539946407,53684282.117452547,83108565.339751095,True,True,0.041156612150878909,False,False,15,London|TLC1|TLC2|TLD3|TLD4|TLD6|TLE3|TLF1|TLF2|TLG1|TLG2|TLH1|TLH2|TLH3|TLJ1
uk,TLE4,GNN,42,10,300,0.90000000000000002,GBP,1960.5853670042695,0.11761736880872931,230.59889219193906,162.90489255262389,0.083089925740667397,True,9059476.6525459811,79728081.628049895,12041198.777221698,84582430.146555558,70668604.975503922,72541231.369333863,True,True,0.12715661215087892,False,False,15,London|TLC1|TLC2|TLD3|TLD4|TLD6|TLE3|TLF1|TLF2|TLG1|TLG2|TLH1|TLH2|TLH3|TLJ1
uk,TLE4,GNN,42,10,500,0.90000000000000002,GBP,1960.5853670042695,0.11761736880872931,230.59889219193906,162.90489255262389,0.083089925740667397,True,13395117.092580395,94597630.219076201,21958087.890533436,76459487.733066633,81202513.126495808,54501399.842533201,True,True,0.21315661215087892,False,False,15,London|TLC1|TLC2|TLD3|TLD4|TLD6|TLE3|TLF1|TLF2|TLG1|TLG2|TLH1|TLH2|TLH3|TLJ1
uk,TLE4,GNN,42,10,100,1,GBP,1960.5853670042695,0.1290144261103755,252.94379596445577,162.90489255262389,0.083089925740667397,True,4002072.124803545,64704184.019439071,146919.20019531244,92863793.162128612,60702111.894635528,92716873.9619333,True,True,0.041156612150878909,False,False,15,London|TLC1|TLC2|TLD3|TLD4|TLD6|TLE3|TLF1|TLF2|TLG1|TLG2|TLH1|TLH2|TLH3|TLJ1
uk,TLE4,GNN,42,10,300,1,GBP,1960.5853670042695,0.1290144261103755,252.94379596445577,162.90489255262389,0.083089925740667397,True,9059476.6525459811,88610448.182386532,12041198.777221698,94190738.768737748,79550971.529840559,82149539.991516054,True,True,0.12715661215087892,False,False,15,London|TLC1|TLC2|TLD3|TLD4|TLD6|TLE3|TLF1|TLF2|TLG1|TLG2|TLH1|TLH2|TLH3|TLJ1
uk,TLE4,GNN,42,10,500,1,GBP,1960.5853670042695,0.1290144261103755,252.94379596445577,162.90489255262389,0.083089925740667397,True,13395117.092580395,104149646.51415694,21958087.890533436,86067796.355248824,90754529.421576545,64109708.464715391,True,True,0.21315661215087892,False,False,15,London|TLC1|TLC2|TLD3|TLD4|TLD6|TLE3|TLF1|TLF2|TLG1|TLG2|TLH1|TLH2|TLH3|TLJ1
uk,TLE4,GNN,42,20,100,0.5,GBP,1960.5853670042695,0.11143395583800558,218.47578320339375,165.07044081625509,0.084194467425042052,True,47205.795916149786,6105651.7882851334,0,36177054.210773297,6058445.992368984,36177054.210773297,True,True,0.010897576398925775,True,False,15,London|TLC1|TLC2|TLD3|TLD4|TLD6|TLE3|TLF1|TLF2|TLG1|TLG2|TLH1|TLH2|TLH3|TLJ1
uk,TLE4,GNN,42,20,300,0.5,GBP,1960.5853670042695,0.11143395583800558,218.47578320339375,165.07044081625509,0.084194467425042052,True,1649516.090165993,20000734.80254953,2331443.6230468703,74742977.737033084,18351218.712383538,72411534.113986209,True,True,0.09689757639892578,False,False,15,London|TLC1|TLC2|TLD3|TLD4|TLD6|TLE3|TLF1|TLF2|TLG1|TLG2|TLH1|TLH2|TLH3|TLJ1
uk,TLE4,GNN,42,20,500,0.5,GBP,1960.5853670042695,0.11143395583800558,218.47578320339375,165.07044081625509,0.084194467425042052,True,3879815.6631313581,38615783.457033627,1936757.1000976446,75771741.651821405,34735967.79390227,73834984.551723763,True,True,0.18289757639892579,False,False,15,London|TLC1|TLC2|TLD3|TLD4|TLD6|TLE3|TLF1|TLF2|TLG1|TLG2|TLH1|TLH2|TLH3|TLJ1
uk,TLE4,GNN,42,20,100,0.80000000000000004,GBP,1960.5853670042695,0.13006400478392985,255.00158455334616,165.07044081625509,0.084194467425042052,True,47205.795916149786,8487039.8396333028,0,51883148.791252837,8439834.0437171534,51883148.791252837,True,True,0.010897576398925775,True,False,15,London|TLC1|TLC2|TLD3|TLD4|TLD6|TLE3|TLF1|TLF2|TLG1|TLG2|TLH1|TLH2|TLH3|TLJ1
uk,TLE4,GNN,42,20,300,0.80000000000000004,GBP,1960.5853670042695,0.13006400478392985,255.00158455334616,165.07044081625509,0.084194467425042052,True,1649516.090165993,25058966.686981693,2331443.6230468703,90449072.317512631,23409450.596815702,88117628.694465756,True,True,0.09689757639892578,False,False,15,London|TLC1|TLC2|TLD3|TLD4|TLD6|TLE3|TLF1|TLF2|TLG1|TLG2|TLH1|TLH2|TLH3|TLJ1
uk,TLE4,GNN,42,20,500,0.80000000000000004,GBP,1960.5853670042695,0.13006400478392985,255.00158455334616,165.07044081625509,0.084194467425042052,True,3879815.6631313581,47368058.342435285,1936757.1000976446,91477836.232300967,43488242.679303929,89541079.132203326,True,True,0.18289757639892579,False,False,15,London|TLC1|TLC2|TLD3|TLD4|TLD6|TLE3|TLF1|TLF2|TLG1|TLG2|TLH1|TLH2|TLH3|TLJ1
uk,TLE4,GNN,42,20,100,0.90000000000000002,GBP,1960.5853670042695,0.13835071718294606,271.24839162343022,165.07044081625509,0.084194467425042052,True,47205.795916149786,9671319.7916996218,0,58869275.831388988,9624113.9957834724,58869275.831388988,True,True,0.010897576398925775,True,False,15,London|TLC1|TLC2|TLD3|TLD4|TLD6|TLE3|TLF1|TLF2|TLG1|TLG2|TLH1|TLH2|TLH3|TLJ1
uk,TLE4,GNN,42,20,300,0.90000000000000002,GBP,1960.5853670042695,0.13835071718294606,271.24839162343022,165.07044081625509,0.084194467425042052,True,1649516.090165993,27468228.282261223,2331443.6230468703,97435199.357648775,25818712.192095231,95103755.7346019,True,True,0.09689757639892578,False,False,15,London|TLC1|TLC2|TLD3|TLD4|TLD6|TLE3|TLF1|TLF2|TLG1|TLG2|TLH1|TLH2|TLH3|TLJ1
uk,TLE4,GNN,42,20,500,0.90000000000000002,GBP,1960.5853670042695,0.13835071718294606,271.24839162343022,165.07044081625509,0.084194467425042052,True,3879815.6631313581,51386370.503832765,1936757.1000976446,98463963.272437096,47506554.840701409,96527206.172339454,True,True,0.18289757639892579,False,False,15,London|TLC1|TLC2|TLD3|TLD4|TLD6|TLE3|TLF1|TLF2|TLG1|TLG2|TLH1|TLH2|TLH3|TLJ1
uk,TLE4,GNN,42,20,100,1,GBP,1960.5853670042695,0.18426215839381918,361.26169143954485,165.07044081625509,0.084194467425042052,True,47205.795916149786,18148743.064650238,0,97574994.752318278,18101537.268734086,97574994.752318278,True,True,0.010897576398925775,True,False,15,London|TLC1|TLC2|TLD3|TLD4|TLD6|TLE3|TLF1|TLF2|TLG1|TLG2|TLH1|TLH2|TLH3|TLJ1
uk,TLE4,GNN,42,20,300,1,GBP,1960.5853670042695,0.18426215839381918,361.26169143954485,165.07044081625509,0.084194467425042052,True,1649516.090165993,43506551.364045873,2331443.6230468703,136140918.27857807,41857035.273879878,133809474.6555312,True,True,0.09689757639892578,False,False,15,London|TLC1|TLC2|TLD3|TLD4|TLD6|TLE3|TLF1|TLF2|TLG1|TLG2|TLH1|TLH2|TLH3|TLJ1
uk,TLE4,GNN,42,20,500,1,GBP,1960.5853670042695,0.18426215839381918,361.26169143954485,165.07044081625509,0.084194467425042052,True,3879815.6631313581,75407582.449152634,1936757.1000976446,137169682.19336641,71527766.786021277,135232925.09326875,True,True,0.18289757639892579,False,False,15,London|TLC1|TLC2|TLD3|TLD4|TLD6|TLE3|TLF1|TLF2|TLG1|TLG2|TLH1|TLH2|TLH3|TLJ1
uk,TLE4,GNN,123,10,100,0.5,GBP,1960.5853670042695,0.077560280916374749,152.06355182538482,205.57299549416723,0.10485286637035253,False,5573127.3356450461,34613409.338229798,0,49244911.951377049,29040282.002584752,49244911.951377049,True,True,0.041156612150878909,True,False,15,London|TLC1|TLC2|TLD3|TLD4|TLD6|TLE3|TLF1|TLF2|TLG1|TLG2|TLH1|TLH2|TLH3|TLJ1
uk,TLE4,GNN,123,10,300,0.5,GBP,1960.5853670042695,0.077560280916374749,152.06355182538482,205.57299549416723,0.10485286637035253,False,10279107.869376831,49448805.738975391,17293614.900024444,51721163.550718382,39169697.86959856,34427548.650693938,True,True,0.12715661215087892,False,False,15,London|TLC1|TLC2|TLD3|TLD4|TLD6|TLE3|TLF1|TLF2|TLG1|TLG2|TLH1|TLH2|TLH3|TLJ1
uk,TLE4,GNN,123,10,500,0.5,GBP,1960.5853670042695,0.077560280916374749,152.06355182538482,205.57299549416723,0.10485286637035253,False,15147207.821214631,60880348.760841824,37983753.741180398,37044518.639395013,45733140.939627193,-939235.10178538412,True,False,0.21315661215087892,False,False,15,London|TLC1|TLC2|TLD3|TLD4|TLD6|TLE3|TLF1|TLF2|TLG1|TLG2|TLH1|TLH2|TLH3|TLJ1
uk,TLE4,GNN,123,10,100,0.80000000000000004,GBP,1960.5853670042695,0.10761152358212096,210.98157845614122,205.57299549416723,0.10485286637035253,True,5573127.3356450461,51532705.864350647,0,74579663.402602285,45959578.528705597,74579663.402602285,True,True,0.041156612150878909,True,False,15,London|TLC1|TLC2|TLD3|TLD4|TLD6|TLE3|TLF1|TLF2|TLG1|TLG2|TLH1|TLH2|TLH3|TLJ1
uk,TLE4,GNN,123,10,300,0.80000000000000004,GBP,1960.5853670042695,0.10761152358212096,210.98157845614122,205.57299549416723,0.10485286637035253,True,10279107.869376831,71210741.994246796,17293614.900024444,77055915.001943633,60931634.124869965,59762300.101919189,True,True,0.12715661215087892,False,False,15,London|TLC1|TLC2|TLD3|TLD4|TLD6|TLE3|TLF1|TLF2|TLG1|TLG2|TLH1|TLH2|TLH3|TLJ1
uk,TLE4,GNN,123,10,500,0.80000000000000004,GBP,1960.5853670042695,0.10761152358212096,210.98157845614122,205.57299549416723,0.10485286637035253,True,15147207.821214631,85514514.34370102,37983753.741180398,62379270.090620279,70367306.522486389,24395516.349439882,True,True,0.21315661215087892,False,False,15,London|TLC1|TLC2|TLD3|TLD4|TLD6|TLE3|TLF1|TLF2|TLG1|TLG2|TLH1|TLH2|TLH3|TLJ1
uk,TLE4,GNN,123,10,100,0.90000000000000002,GBP,1960.5853670042695,0.11442878970122268,224.34741065222605,205.57299549416723,0.10485286637035253,True,5573127.3356450461,55563165.321323059,0,80326971.246918768,49990037.985678017,80326971.246918768,True,True,0.041156612150878909,True,False,15,London|TLC1|TLC2|TLD3|TLD4|TLD6|TLE3|TLF1|TLF2|TLG1|TLG2|TLH1|TLH2|TLH3|TLJ1
uk,TLE4,GNN,123,10,300,0.90000000000000002,GBP,1960.5853670042695,0.11442878970122268,224.34741065222605,205.57299549416723,0.10485286637035253,True,10279107.869376831,76327166.232639268,17293614.900024444,82803222.846260101,66048058.363262437,65509607.946235657,True,True,0.12715661215087892,False,False,15,London|TLC1|TLC2|TLD3|TLD4|TLD6|TLE3|TLF1|TLF2|TLG1|TLG2|TLH1|TLH2|TLH3|TLJ1
uk,TLE4,GNN,123,10,500,0.90000000000000002,GBP,1960.5853670042695,0.11442878970122268,224.34741065222605,205.57299549416723,0.10485286637035253,True,15147207.821214631,91149871.902785614,37983753.741180398,68126577.934936777,76002664.081570983,30142824.193756379,True,True,0.21315661215087892,False,False,15,London|TLC1|TLC2|TLD3|TLD4|TLD6|TLE3|TLF1|TLF2|TLG1|TLG2|TLH1|TLH2|TLH3|TLJ1
uk,TLE4,GNN,123,10,100,1,GBP,1960.5853670042695,0.11859490231483208,232.51543007976053,205.57299549416723,0.10485286637035253,True,5573127.3356450461,58048393.88444446,0,83839219.600758597,52475266.54879941,83839219.600758597,True,True,0.041156612150878909,True,False,15,London|TLC1|TLC2|TLD3|TLD4|TLD6|TLE3|TLF1|TLF2|TLG1|TLG2|TLH1|TLH2|TLH3|TLJ1
uk,TLE4,GNN,123,10,300,1,GBP,1960.5853670042695,0.11859490231483208,232.51543007976053,205.57299549416723,0.10485286637035253,True,10279107.869376831,79494023.755884767,17293614.900024444,86315471.200099945,69214915.886507928,69021856.300075501,True,True,0.12715661215087892,False,False,15,London|TLC1|TLC2|TLD3|TLD4|TLD6|TLE3|TLF1|TLF2|TLG1|TLG2|TLH1|TLH2|TLH3|TLJ1
uk,TLE4,GNN,123,10,500,1,GBP,1960.5853670042695,0.11859490231483208,232.51543007976053,205.57299549416723,0.10485286637035253,True,15147207.821214631,94606895.520403773,37983753.741180398,71638826.288776606,79459687.699189141,33655072.547596209,True,True,0.21315661215087892,False,False,15,London|TLC1|TLC2|TLD3|TLD4|TLD6|TLE3|TLF1|TLF2|TLG1|TLG2|TLH1|TLH2|TLH3|TLJ1
uk,TLE4,GNN,123,20,100,0.5,GBP,1960.5853670042695,0.10381066667321479,203.52967401846271,205.45494016435919,0.10479265204263445,False,379797.49738151679,6262801.4355204944,0,27674076.39613878,5883003.9381389776,27674076.39613878,True,True,0.010897576398925775,True,False,15,London|TLC1|TLC2|TLD3|TLD4|TLD6|TLE3|TLF1|TLF2|TLG1|TLG2|TLH1|TLH2|TLH3|TLJ1
uk,TLE4,GNN,123,20,300,0.5,GBP,1960.5853670042695,0.10381066667321479,203.52967401846271,205.45494016435919,0.10479265204263445,False,2722568.1815007813,18582804.689636771,1749352.8540039018,62378416.37423791,15860236.508135989,60629063.520234011,True,True,0.09689757639892578,False,False,15,London|TLC1|TLC2|TLD3|TLD4|TLD6|TLE3|TLF1|TLF2|TLG1|TLG2|TLH1|TLH2|TLH3|TLJ1
uk,TLE4,GNN,123,20,500,0.5,GBP,1960.5853670042695,0.10381066667321479,203.52967401846271,205.45494016435919,0.10479265204263445,False,4951704.868241407,34778040.253022633,8725250.081909176,66529400.822132066,29826335.384781227,57804150.740222886,True,True,0.18289757639892579,False,False,15,London|TLC1|TLC2|TLD3|TLD4|TLD6|TLE3|TLF1|TLF2|TLG1|TLG2|TLH1|TLH2|TLH3|TLJ1
uk,TLE4,GNN,123,20,100,0.80000000000000004,GBP,1960.5853670042695,0.12726181798483485,249.50765811942799,205.45494016435919,0.10479265204263445,True,379797.49738151679,9382147.3042055797,0,46504802.475531429,9002349.806824062,46504802.475531429,True,True,0.010897576398925775,True,False,15,London|TLC1|TLC2|TLD3|TLD4|TLD6|TLE3|TLF1|TLF2|TLG1|TLG2|TLH1|TLH2|TLH3|TLJ1
uk,TLE4,GNN,123,20,300,0.80000000000000004,GBP,1960.5853670042695,0.12726181798483485,249.50765811942799,205.45494016435919,0.10479265204263445,True,2722568.1815007813,24751820.18590248,1749352.8540039018,82148949.537652954,22029252.004401699,80399596.683649048,True,True,0.09689757639892578,False,False,15,London|TLC1|TLC2|TLD3|TLD4|TLD6|TLE3|TLF1|TLF2|TLG1|TLG2|TLH1|TLH2|TLH3|TLJ1
uk,TLE4,GNN,123,20,500,0.80000000000000004,GBP,1960.5853670042695,0.12726181798483485,249.50765811942799,205.45494016435919,0.10479265204263445,True,4951704.868241407,45430819.883043841,8725250.081909176,86299933.985547096,40479115.014802434,77574683.903637916,True,True,0.18289757639892579,False,False,15,London|TLC1|TLC2|TLD3|TLD4|TLD6|TLE3|TLF1|TLF2|TLG1|TLG2|TLH1|TLH2|TLH3|TLJ1
uk,TLE4,GNN,123,20,100,0.90000000000000002,GBP,1960.5853670042695,0.1489971008547481,292.12153566187845,205.45494016435919,0.10479265204263445,True,379797.49738151679,12755708.47784693,0,64828769.818785131,12375910.980465412,64828769.818785131,True,True,0.010897576398925775,True,False,15,London|TLC1|TLC2|TLD3|TLD4|TLD6|TLE3|TLF1|TLF2|TLG1|TLG2|TLH1|TLH2|TLH3|TLJ1
uk,TLE4,GNN,123,20,300,0.90000000000000002,GBP,1960.5853670042695,0.1489971008547481,292.12153566187845,205.45494016435919,0.10479265204263445,True,2722568.1815007813,31227363.61661835,1749352.8540039018,100472916.88090667,28504795.435117569,98723564.026902765,True,True,0.09689757639892578,False,False,15,London|TLC1|TLC2|TLD3|TLD4|TLD6|TLE3|TLF1|TLF2|TLG1|TLG2|TLH1|TLH2|TLH3|TLJ1
uk,TLE4,GNN,123,20,500,0.90000000000000002,GBP,1960.5853670042695,0.1489971008547481,292.12153566187845,205.45494016435919,0.10479265204263445,True,4951704.868241407,55894540.415050097,8725250.081909176,104623901.32880078,50942835.54680869,95898651.246891603,True,True,0.18289757639892579,False,False,15,London|TLC1|TLC2|TLD3|TLD4|TLD6|TLE3|TLF1|TLF2|TLG1|TLG2|TLH1|TLH2|TLH3|TLJ1
uk,TLE4,GNN,123,20,100,1,GBP,1960.5853670042695,0.16208594624878639,317.78333441241119,205.45494016435919,0.10479265204263445,True,379797.49738151679,15071128.802445691,0,75863343.281514198,14691331.305064173,75863343.281514198,True,True,0.010897576398925775,True,False,15,London|TLC1|TLC2|TLD3|TLD4|TLD6|TLE3|TLF1|TLF2|TLG1|TLG2|TLH1|TLH2|TLH3|TLJ1
uk,TLE4,GNN,123,20,300,1,GBP,1960.5853670042695,0.16208594624878639,317.78333441241119,205.45494016435919,0.10479265204263445,True,2722568.1815007813,35633077.575373963,1749352.8540039018,111507490.34363575,32910509.393873181,109758137.48963185,True,True,0.09689757639892578,False,False,15,London|TLC1|TLC2|TLD3|TLD4|TLD6|TLE3|TLF1|TLF2|TLG1|TLG2|TLH1|TLH2|TLH3|TLJ1
uk,TLE4,GNN,123,20,500,1,GBP,1960.5853670042695,0.16208594624878639,317.78333441241119,205.45494016435919,0.10479265204263445,True,4951704.868241407,62448765.637819104,8725250.081909176,115658474.79152989,57497060.769577697,106933224.70962071,True,True,0.18289757639892579,False,False,15,London|TLC1|TLC2|TLD3|TLD4|TLD6|TLE3|TLF1|TLF2|TLG1|TLG2|TLH1|TLH2|TLH3|TLJ1
uk,TLE4,GNN,456,10,100,0.5,GBP,1960.5853670042695,0.079758396347066149,156.37314477378467,234.83095890819993,0.11977594184894706,False,6392735.7498565177,35704079.167827845,0,51621218.184077278,29311343.417971328,51621218.184077278,True,True,0.041156612150878909,True,False,15,London|TLC1|TLC2|TLD3|TLD4|TLD6|TLE3|TLF1|TLF2|TLG1|TLG2|TLH1|TLH2|TLH3|TLJ1
uk,TLE4,GNN,456,10,300,0.5,GBP,1960.5853670042695,0.079758396347066149,156.37314477378467,234.83095890819993,0.11977594184894706,False,11546472.083125627,50131405.736298211,21964005.031982444,49336121.589807115,38584933.653172582,27372116.557824671,True,True,0.12715661215087892,False,False,15,London|TLC1|TLC2|TLD3|TLD4|TLD6|TLE3|TLF1|TLF2|TLG1|TLG2|TLH1|TLH2|TLH3|TLJ1
uk,TLE4,GNN,456,10,500,0.5,GBP,1960.5853670042695,0.079758396347066149,156.37314477378467,234.83095890819993,0.11977594184894706,False,17453579.809379056,62051056.423314013,43675269.805908196,33704082.496339284,44597476.613934956,-9971187.3095689118,True,False,0.21315661215087892,False,False,15,London|TLC1|TLC2|TLD3|TLD4|TLD6|TLE3|TLF1|TLF2|TLG1|TLG2|TLH1|TLH2|TLH3|TLJ1
uk,TLE4,GNN,456,10,100,0.80000000000000004,GBP,1960.5853670042695,0.10815845109242957,212.05387652966436,234.83095890819993,0.11977594184894706,False,6392735.7498565177,51593979.23359558,0,75563932.839105532,45201243.483739063,75563932.839105532,True,True,0.041156612150878909,True,False,15,London|TLC1|TLC2|TLD3|TLD4|TLD6|TLE3|TLF1|TLF2|TLG1|TLG2|TLH1|TLH2|TLH3|TLJ1
uk,TLE4,GNN,456,10,300,0.80000000000000004,GBP,1960.5853670042695,0.10815845109242957,212.05387652966436,234.83095890819993,0.11977594184894706,False,11546472.083125627,70371597.94129853,21964005.031982444,73278836.244835377,58825125.858172901,51314831.212852933,True,True,0.12715661215087892,False,False,15,London|TLC1|TLC2|TLD3|TLD4|TLD6|TLE3|TLF1|TLF2|TLG1|TLG2|TLH1|TLH2|TLH3|TLJ1
uk,TLE4,GNN,456,10,500,0.80000000000000004,GBP,1960.5853670042695,0.10815845109242957,212.05387652966436,234.83095890819993,0.11977594184894706,False,17453579.809379056,85246160.142387673,43675269.805908196,56579558.402939439,67792580.333008617,12904288.597031243,True,True,0.21315661215087892,False,False,15,London|TLC1|TLC2|TLD3|TLD4|TLD6|TLE3|TLF1|TLF2|TLG1|TLG2|TLH1|TLH2|TLH3|TLJ1
uk,TLE4,GNN,456,10,100,0.90000000000000002,GBP,1960.5853670042695,0.11048282869646885,216.61101724753621,234.83095890819993,0.11977594184894706,False,6392735.7498565177,52946164.752052322,0,77523503.34779042,46553429.002195805,77523503.34779042,True,True,0.041156612150878909,True,False,15,London|TLC1|TLC2|TLD3|TLD4|TLD6|TLE3|TLF1|TLF2|TLG1|TLG2|TLH1|TLH2|TLH3|TLJ1
uk,TLE4,GNN,456,10,300,0.90000000000000002,GBP,1960.5853670042695,0.11048282869646885,216.61101724753621,234.83095890819993,0.11977594184894706,False,11546472.083125627,72090438.004662052,21964005.031982444,75238406.75352028,60543965.921536423,53274401.721537836,True,True,0.12715661215087892,False,False,15,London|TLC1|TLC2|TLD3|TLD4|TLD6|TLE3|TLF1|TLF2|TLG1|TLG2|TLH1|TLH2|TLH3|TLJ1
uk,TLE4,GNN,456,10,500,0.90000000000000002,GBP,1960.5853670042695,0.11048282869646885,216.61101724753621,234.83095890819993,0.11977594184894706,False,17453579.809379056,87159534.527062923,43675269.805908196,58539128.911624335,69705954.717683867,14863859.105716139,True,True,0.21315661215087892,False,False,15,London|TLC1|TLC2|TLD3|TLD4|TLD6|TLE3|TLF1|TLF2|TLG1|TLG2|TLH1|TLH2|TLH3|TLJ1
uk,TLE4,GNN,456,10,100,1,GBP,1960.5853670042695,0.13218543938455474,259.16083818838786,234.83095890819993,0.11977594184894706,True,6392735.7498565177,65877870.593346283,0,95819926.352356642,59485134.843489766,95819926.352356642,True,True,0.041156612150878909,True,False,15,London|TLC1|TLC2|TLD3|TLD4|TLD6|TLE3|TLF1|TLF2|TLG1|TLG2|TLH1|TLH2|TLH3|TLJ1
uk,TLE4,GNN,456,10,300,1,GBP,1960.5853670042695,0.13218543938455474,259.16083818838786,234.83095890819993,0.11977594184894706,True,11546472.083125627,88495538.12449789,21964005.031982444,93534829.758086473,76949066.041372269,71570824.726104021,True,True,0.12715661215087892,False,False,15,London|TLC1|TLC2|TLD3|TLD4|TLD6|TLE3|TLF1|TLF2|TLG1|TLG2|TLH1|TLH2|TLH3|TLJ1
uk,TLE4,GNN,456,10,500,1,GBP,1960.5853670042695,0.13218543938455474,259.16083818838786,234.83095890819993,0.11977594184894706,True,17453579.809379056,105126647.576426,43675269.805908196,76835551.91619055,87673067.767046943,33160282.110282354,True,True,0.21315661215087892,False,False,15,London|TLC1|TLC2|TLD3|TLD4|TLD6|TLE3|TLF1|TLF2|TLG1|TLG2|TLH1|TLH2|TLH3|TLJ1
uk,TLE4,GNN,456,20,100,0.5,GBP,1960.5853670042695,0.11310630600785927,221.754568474916,246.00815420648746,0.12547688988538275,False,457588.78733199346,7547532.4629254825,0,31646239.199883021,7089943.6755934888,31646239.199883021,True,True,0.010897576398925775,True,False,15,London|TLC1|TLC2|TLD3|TLD4|TLD6|TLE3|TLF1|TLF2|TLG1|TLG2|TLH1|TLH2|TLH3|TLJ1
uk,TLE4,GNN,456,20,300,0.5,GBP,1960.5853670042695,0.11310630600785927,221.754568474916,246.00815420648746,0.12547688988538275,False,3014899.920538127,20596080.836469088,3687973.7878417922,68895283.049328417,17581180.91593096,65207309.261486627,True,True,0.09689757639892578,False,False,15,London|TLC1|TLC2|TLD3|TLD4|TLD6|TLE3|TLF1|TLF2|TLG1|TLG2|TLH1|TLH2|TLH3|TLJ1
uk,TLE4,GNN,456,20,500,0.5,GBP,1960.5853670042695,0.11310630600785927,221.754568474916,246.00815420648746,0.12547688988538275,False,5595618.4028439131,38077203.013347074,19378092.636962898,81190471.005407244,32481584.610503159,61812378.368444346,True,True,0.18289757639892579,False,False,15,London|TLC1|TLC2|TLD3|TLD4|TLD6|TLE3|TLF1|TLF2|TLG1|TLG2|TLH1|TLH2|TLH3|TLJ1
uk,TLE4,GNN,456,20,100,0.80000000000000004,GBP,1960.5853670042695,0.15453254388651785,302.97424426985197,246.00815420648746,0.12547688988538275,True,457588.78733199346,13748673.026000341,0,65759975.060074411,13291084.238668349,65759975.060074411,True,True,0.010897576398925775,True,False,15,London|TLC1|TLC2|TLD3|TLD4|TLD6|TLE3|TLF1|TLF2|TLG1|TLG2|TLH1|TLH2|TLH3|TLJ1
uk,TLE4,GNN,456,20,300,0.80000000000000004,GBP,1960.5853670042695,0.15453254388651785,302.97424426985197,246.00815420648746,0.12547688988538275,True,3014899.920538127,32396586.469717637,3687973.7878417922,103819743.64115091,29381686.549179509,100131769.85330911,True,True,0.09689757639892578,False,False,15,London|TLC1|TLC2|TLD3|TLD4|TLD6|TLE3|TLF1|TLF2|TLG1|TLG2|TLH1|TLH2|TLH3|TLJ1
uk,TLE4,GNN,456,20,500,0.80000000000000004,GBP,1960.5853670042695,0.15453254388651785,302.97424426985197,246.00815420648746,0.12547688988538275,True,5595618.4028439131,57566432.307220526,19378092.636962898,116114931.59722967,51970813.904376611,96736838.960266769,True,True,0.18289757639892579,False,False,15,London|TLC1|TLC2|TLD3|TLD4|TLD6|TLE3|TLF1|TLF2|TLG1|TLG2|TLH1|TLH2|TLH3|TLJ1
uk,TLE4,GNN,456,20,100,0.90000000000000002,GBP,1960.5853670042695,0.15691380366206784,307.64290734083119,246.00815420648746,0.12547688988538275,True,457588.78733199346,14162017.012897816,0,67767500.180595472,13704428.225565823,67767500.180595472,True,True,0.010897576398925775,True,False,15,London|TLC1|TLC2|TLD3|TLD4|TLD6|TLE3|TLF1|TLF2|TLG1|TLG2|TLH1|TLH2|TLH3|TLJ1
uk,TLE4,GNN,456,20,300,0.90000000000000002,GBP,1960.5853670042695,0.15691380366206784,307.64290734083119,246.00815420648746,0.12547688988538275,True,3014899.920538127,33176964.268849719,3687973.7878417922,105827268.76167195,30162064.348311592,102139294.97383015,True,True,0.09689757639892578,False,False,15,London|TLC1|TLC2|TLD3|TLD4|TLD6|TLE3|TLF1|TLF2|TLG1|TLG2|TLH1|TLH2|TLH3|TLJ1
uk,TLE4,GNN,456,20,500,0.90000000000000002,GBP,1960.5853670042695,0.15691380366206784,307.64290734083119,246.00815420648746,0.12547688988538275,True,5595618.4028439131,58743246.335093945,19378092.636962898,118122456.71775076,53147627.93225003,98744364.080787867,True,True,0.18289757639892579,False,False,15,London|TLC1|TLC2|TLD3|TLD4|TLD6|TLE3|TLF1|TLF2|TLG1|TLG2|TLH1|TLH2|TLH3|TLJ1
uk,TLE4,GNN,456,20,100,1,GBP,1960.5853670042695,0.17087764559264457,335.02021149708054,246.00815420648746,0.12547688988538275,True,457588.78733199346,16726490.195645245,0,79539740.967782691,16268901.408313252,79539740.967782691,True,True,0.010897576398925775,True,False,15,London|TLC1|TLC2|TLD3|TLD4|TLD6|TLE3|TLF1|TLF2|TLG1|TLG2|TLH1|TLH2|TLH3|TLJ1
uk,TLE4,GNN,456,20,300,1,GBP,1960.5853670042695,0.17087764559264457,335.02021149708054,246.00815420648746,0.12547688988538275,True,3014899.920538127,38018537.483490929,3687973.7878417922,117599509.54885915,35003637.562952802,113911535.76101735,True,True,0.09689757639892578,False,False,15,London|TLC1|TLC2|TLD3|TLD4|TLD6|TLE3|TLF1|TLF2|TLG1|TLG2|TLH1|TLH2|TLH3|TLJ1
uk,TLE4,GNN,456,20,500,1,GBP,1960.5853670042695,0.17087764559264457,335.02021149708054,246.00815420648746,0.12547688988538275,True,5595618.4028439131,65753888.738467172,19378092.636962898,129894697.50493798,60158270.335623257,110516604.86797509,True,True,0.18289757639892579,False,False,15,London|TLC1|TLC2|TLD3|TLD4|TLD6|TLE3|TLF1|TLF2|TLG1|TLG2|TLH1|TLH2|TLH3|TLJ1
uk,TLF1,Uni,,10,100,0.5,GBP,1900.4313900466434,0.12293368470723245,233.62703331172156,191.68160723736705,0.10086215595116144,True,9289515.19925653,89949213.979595363,4892325.0000000065,87844017.755478159,80659698.780338839,82951692.755478159,True,True,0.043000000000000003,False,False,15,London|TLC1|TLC2|TLD3|TLD4|TLD6|TLE3|TLE4|TLF2|TLG1|TLG2|TLH1|TLH2|TLH3|TLJ1
uk,TLF1,Uni,,10,300,0.5,GBP,1900.4313900466434,0.12293368470723245,233.62703331172156,191.68160723736705,0.10086215595116144,True,17164379.988891501,100228395.93697424,2459170.0000000149,81815047.782070726,83064015.948082745,79355877.782070711,True,True,0.129,False,False,15,London|TLC1|TLC2|TLD3|TLD4|TLD6|TLE3|TLE4|TLF2|TLG1|TLG2|TLH1|TLH2|TLH3|TLJ1
uk,TLF1,Uni,,10,500,0.5,GBP,1900.4313900466434,0.12293368470723245,233.62703331172156,191.68160723736705,0.10086215595116144,True,17395608.375957511,100459624.32404028,3859465,165737691.5789457,83064015.948082775,161878226.5789457,True,True,0.21500000000000002,False,False,15,London|TLC1|TLC2|TLD3|TLD4|TLD6|TLE3|TLE4|TLF2|TLG1|TLG2|TLH1|TLH2|TLH3|TLJ1
uk,TLF1,Uni,,10,100,0.80000000000000004,GBP,1900.4313900466434,0.17494274056401779,332.46667562864565,191.68160723736705,0.10086215595116144,True,9289515.19925653,132373420.34474367,4892325.0000000065,130345063.95175552,123083905.14548714,125452738.95175552,True,True,0.043000000000000003,False,False,15,London|TLC1|TLC2|TLD3|TLD4|TLD6|TLE3|TLE4|TLF2|TLG1|TLG2|TLH1|TLH2|TLH3|TLJ1
uk,TLF1,Uni,,10,300,0.80000000000000004,GBP,1900.4313900466434,0.17494274056401779,332.46667562864565,191.68160723736705,0.10086215595116144,True,17164379.988891501,142729442.13325158,2459170.0000000149,124316093.97834806,125565062.14436008,121856923.97834805,True,True,0.129,False,False,15,London|TLC1|TLC2|TLD3|TLD4|TLD6|TLE3|TLE4|TLF2|TLG1|TLG2|TLH1|TLH2|TLH3|TLJ1
uk,TLF1,Uni,,10,500,0.80000000000000004,GBP,1900.4313900466434,0.17494274056401779,332.46667562864565,191.68160723736705,0.10086215595116144,True,17395608.375957511,142960670.52031761,3859465,208238737.77522302,125565062.1443601,204379272.77522302,True,True,0.21500000000000002,False,False,15,London|TLC1|TLC2|TLD3|TLD4|TLD6|TLE3|TLE4|TLF2|TLG1|TLG2|TLH1|TLH2|TLH3|TLJ1
uk,TLF1,Uni,,10,100,0.90000000000000002,GBP,1900.4313900466434,0.21236574984994022,403.58653718561965,191.68160723736705,0.10086215595116144,True,9289515.19925653,162954960.81424251,4892325.0000000065,160926604.42125437,153665445.61498597,156034279.42125437,True,True,0.043000000000000003,False,False,15,London|TLC1|TLC2|TLD3|TLD4|TLD6|TLE3|TLE4|TLF2|TLG1|TLG2|TLH1|TLH2|TLH3|TLJ1
uk,TLF1,Uni,,10,300,0.90000000000000002,GBP,1900.4313900466434,0.21236574984994022,403.58653718561965,191.68160723736705,0.10086215595116144,True,17164379.988891501,173310982.60275045,2459170.0000000149,154897634.44784692,156146602.61385894,152438464.44784689,True,True,0.129,False,False,15,London|TLC1|TLC2|TLD3|TLD4|TLD6|TLE3|TLE4|TLF2|TLG1|TLG2|TLH1|TLH2|TLH3|TLJ1
uk,TLF1,Uni,,10,500,0.90000000000000002,GBP,1900.4313900466434,0.21236574984994022,403.58653718561965,191.68160723736705,0.10086215595116144,True,17395608.375957511,173542210.98981646,3859465,238820278.24472183,156146602.61385894,234960813.24472183,True,True,0.21500000000000002,False,False,15,London|TLC1|TLC2|TLD3|TLD4|TLD6|TLE3|TLE4|TLF2|TLG1|TLG2|TLH1|TLH2|TLH3|TLJ1
uk,TLF1,Uni,,10,100,1,GBP,1900.4313900466434,0.24933723448265505,473.84830711825799,191.68160723736705,0.10086215595116144,True,9289515.19925653,193167521.88527703,4892325.0000000065,191139165.49228886,183878006.68602049,186246840.49228886,True,True,0.043000000000000003,False,False,15,London|TLC1|TLC2|TLD3|TLD4|TLD6|TLE3|TLE4|TLF2|TLG1|TLG2|TLH1|TLH2|TLH3|TLJ1
uk,TLF1,Uni,,10,300,1,GBP,1900.4313900466434,0.24933723448265505,473.84830711825799,191.68160723736705,0.10086215595116144,True,17164379.988891501,203523543.67378494,2459170.0000000149,185110195.51888138,186359163.68489343,182651025.51888138,True,True,0.129,False,False,15,London|TLC1|TLC2|TLD3|TLD4|TLD6|TLE3|TLE4|TLF2|TLG1|TLG2|TLH1|TLH2|TLH3|TLJ1
uk,TLF1,Uni,,10,500,1,GBP,1900.4313900466434,0.24933723448265505,473.84830711825799,191.68160723736705,0.10086215595116144,True,17395608.375957511,203754772.06085095,3859465,269032839.31575632,186359163.68489343,265173374.31575632,True,True,0.21500000000000002,False,False,15,London|TLC1|TLC2|TLD3|TLD4|TLD6|TLE3|TLE4|TLF2|TLG1|TLG2|TLH1|TLH2|TLH3|TLJ1
uk,TLF1,Uni,,20,100,0.5,GBP,1900.4313900466434,0.14713702450424426,279.62382000592794,354.06900309087928,0.1863098057342597,False,10737741.649788715,70927928.51369901,202960.00000000728,110386481.34180708,60190186.863910295,110183521.34180708,True,True,0.033309167571079185,False,False,15,London|TLC1|TLC2|TLD3|TLD4|TLD6|TLE3|TLE4|TLF2|TLG1|TLG2|TLH1|TLH2|TLH3|TLJ1
uk,TLF1,Uni,,20,300,0.5,GBP,1900.4313900466434,0.14713702450424426,279.62382000592794,354.06900309087928,0.1863098057342597,False,18449070.443042178,93971098.973656982,6998894.9999999879,70119403.636745661,75522028.530614808,63120508.636745676,True,True,0.11930916757107918,False,False,15,London|TLC1|TLC2|TLD3|TLD4|TLD6|TLE3|TLE4|TLF2|TLG1|TLG2|TLH1|TLH2|TLH3|TLJ1
uk,TLF1,Uni,,20,500,0.5,GBP,1900.4313900466434,0.14713702450424426,279.62382000592794,354.06900309087928,0.1863098057342597,False,31345849.074428312,111594075.71900927,46282835.00000003,103485884.83383171,80248226.64458096,57203049.833831683,True,True,0.20530916757107917,False,False,15,London|TLC1|TLC2|TLD3|TLD4|TLD6|TLE3|TLE4|TLF2|TLG1|TLG2|TLH1|TLH2|TLH3|TLJ1
uk,TLF1,Uni,,20,100,0.80000000000000004,GBP,1900.4313900466434,0.23857226541877538,453.39022199638003,354.06900309087928,0.1863098057342597,True,10737741.649788715,130820297.73610492,202960.00000000728,185106034.19770145,120082556.0863162,184903074.19770145,True,True,0.033309167571079185,False,False,15,London|TLC1|TLC2|TLD3|TLD4|TLD6|TLE3|TLE4|TLF2|TLG1|TLG2|TLH1|TLH2|TLH3|TLJ1
uk,TLF1,Uni,,20,300,0.80000000000000004,GBP,1900.4313900466434,0.23857226541877538,453.39022199638003,354.06900309087928,0.1863098057342597,True,18449070.443042178,164722655.70093864,6998894.9999999879,144838956.49264008,146273585.25789645,137840061.49264008,True,True,0.11930916757107918,False,False,15,London|TLC1|TLC2|TLD3|TLD4|TLD6|TLE3|TLE4|TLF2|TLG1|TLG2|TLH1|TLH2|TLH3|TLJ1
uk,TLF1,Uni,,20,500,0.80000000000000004,GBP,1900.4313900466434,0.23857226541877538,453.39022199638003,354.06900309087928,0.1863098057342597,True,31345849.074428312,186265933.63023767,46282835.00000003,178205437.68972611,154920084.55580935,131922602.68972608,True,True,0.20530916757107917,False,False,15,London|TLC1|TLC2|TLD3|TLD4|TLD6|TLE3|TLE4|TLF2|TLG1|TLG2|TLH1|TLH2|TLH3|TLJ1
uk,TLF1,Uni,,20,100,0.90000000000000002,GBP,1900.4313900466434,0.24986216011324433,474.8458922640699,354.06900309087928,0.1863098057342597,True,10737741.649788715,139033056.40587246,202960.00000000728,194331972.41280812,128295314.75608376,194129012.41280812,True,True,0.033309167571079185,False,False,15,London|TLC1|TLC2|TLD3|TLD4|TLD6|TLE3|TLE4|TLF2|TLG1|TLG2|TLH1|TLH2|TLH3|TLJ1
uk,TLF1,Uni,,20,300,0.90000000000000002,GBP,1900.4313900466434,0.24986216011324433,474.8458922640699,354.06900309087928,0.1863098057342597,True,18449070.443042178,173845480.66276404,6998894.9999999879,154064894.70774668,155396410.21972185,147065999.70774668,True,True,0.11930916757107918,False,False,15,London|TLC1|TLC2|TLD3|TLD4|TLD6|TLE3|TLE4|TLF2|TLG1|TLG2|TLH1|TLH2|TLH3|TLJ1
uk,TLF1,Uni,,20,500,0.90000000000000002,GBP,1900.4313900466434,0.24986216011324433,474.8458922640699,354.06900309087928,0.1863098057342597,True,31345849.074428312,195491871.84534431,46282835.00000003,187431375.90483278,164146022.77091599,141148540.90483275,True,True,0.20530916757107917,False,False,15,London|TLC1|TLC2|TLD3|TLD4|TLD6|TLE3|TLE4|TLF2|TLG1|TLG2|TLH1|TLH2|TLH3|TLJ1
uk,TLF1,Uni,,20,100,1,GBP,1900.4313900466434,0.26850458711315484,510.27454572135292,354.06900309087928,0.1863098057342597,True,10737741.649788715,152911758.62495977,202960.00000000728,209566293.39943984,142174016.97517106,209363333.39943984,True,True,0.033309167571079185,False,False,15,London|TLC1|TLC2|TLD3|TLD4|TLD6|TLE3|TLE4|TLF2|TLG1|TLG2|TLH1|TLH2|TLH3|TLJ1
uk,TLF1,Uni,,20,300,1,GBP,1900.4313900466434,0.26850458711315484,510.27454572135292,354.06900309087928,0.1863098057342597,True,18449070.443042178,189025190.94289422,6998894.9999999879,169299215.69437841,170576120.49985203,162300320.69437841,True,True,0.11930916757107918,False,False,15,London|TLC1|TLC2|TLD3|TLD4|TLD6|TLE3|TLE4|TLF2|TLG1|TLG2|TLH1|TLH2|TLH3|TLJ1
uk,TLF1,Uni,,20,500,1,GBP,1900.4313900466434,0.26850458711315484,510.27454572135292,354.06900309087928,0.1863098057342597,True,31345849.074428312,210726192.83197603,46282835.00000003,202665696.89146447,179380343.75754771,156382861.89146444,True,True,0.20530916757107917,False,False,15,London|TLC1|TLC2|TLD3|TLD4|TLD6|TLE3|TLE4|TLF2|TLG1|TLG2|TLH1|TLH2|TLH3|TLJ1
uk,TLF1,LU,,10,100,0.5,GBP,1900.4313900466434,0.10849186812696943,206.18135175329363,191.77351722300813,0.10091051864719058,True,9333121.4408129621,78430637.039207742,5004555.0000000056,73846308.635611683,69097515.598394781,68841753.635611683,True,True,0.043000000000000003,False,False,15,London|TLC1|TLC2|TLD3|TLD4|TLD6|TLE3|TLE4|TLF2|TLG1|TLG2|TLH1|TLH2|TLH3|TLJ1
uk,TLF1,LU,,10,300,0.5,GBP,1900.4313900466434,0.10849186812696943,206.18135175329363,191.77351722300813,0.10091051864719058,True,17013251.838855494,88451440.8738482,2196225.0000000075,71520191.920673385,71438189.03499271,69323966.92067337,True,True,0.129,False,False,15,London|TLC1|TLC2|TLD3|TLD4|TLD6|TLE3|TLE4|TLF2|TLG1|TLG2|TLH1|TLH2|TLH3|TLJ1
uk,TLF1,LU,,10,500,0.5,GBP,1900.4313900466434,0.10849186812696943,206.18135175329363,191.77351722300813,0.10091051864719058,True,17219792.218923554,88657981.253916264,4879425,155289924.36275253,71438189.03499271,150410499.36275253,True,True,0.21500000000000002,False,False,15,London|TLC1|TLC2|TLD3|TLD4|TLD6|TLE3|TLE4|TLF2|TLG1|TLG2|TLH1|TLH2|TLH3|TLJ1
uk,TLF1,LU,,10,100,0.80000000000000004,GBP,1900.4313900466434,0.13739328648395063,261.10651441577102,191.77351722300813,0.10091051864719058,True,9333121.4408129621,101890061.81458329,5004555.0000000056,97464128.580476969,92556940.373770326,92459573.580476969,True,True,0.043000000000000003,False,False,15,London|TLC1|TLC2|TLD3|TLD4|TLD6|TLE3|TLE4|TLF2|TLG1|TLG2|TLH1|TLH2|TLH3|TLJ1
uk,TLF1,LU,,10,300,0.80000000000000004,GBP,1900.4313900466434,0.13739328648395063,261.10651441577102,191.77351722300813,0.10091051864719058,True,17013251.838855494,112069260.81871346,2196225.0000000075,95138011.865538642,95056008.979857966,92941786.865538627,True,True,0.129,False,False,15,London|TLC1|TLC2|TLD3|TLD4|TLD6|TLE3|TLE4|TLF2|TLG1|TLG2|TLH1|TLH2|TLH3|TLJ1
uk,TLF1,LU,,10,500,0.80000000000000004,GBP,1900.4313900466434,0.13739328648395063,261.10651441577102,191.77351722300813,0.10091051864719058,True,17219792.218923554,112275801.19878152,4879425,179994554.2902872,95056008.979857966,175115129.2902872,True,True,0.21500000000000002,False,False,15,London|TLC1|TLC2|TLD3|TLD4|TLD6|TLE3|TLE4|TLF2|TLG1|TLG2|TLH1|TLH2|TLH3|TLJ1
uk,TLF1,LU,,10,100,0.90000000000000002,GBP,1900.4313900466434,0.14676574218776511,278.91822343712175,191.77351722300813,0.10091051864719058,True,9333121.4408129621,109540888.19649976,5004555.0000000056,105123163.45965777,100207766.7556868,100118608.45965777,True,True,0.043000000000000003,False,False,15,London|TLC1|TLC2|TLD3|TLD4|TLD6|TLE3|TLE4|TLF2|TLG1|TLG2|TLH1|TLH2|TLH3|TLJ1
uk,TLF1,LU,,10,300,0.90000000000000002,GBP,1900.4313900466434,0.14676574218776511,278.91822343712175,191.77351722300813,0.10091051864719058,True,17013251.838855494,119728295.69789432,2196225.0000000075,102797046.74471948,102715043.85903883,100600821.74471948,True,True,0.129,False,False,15,London|TLC1|TLC2|TLD3|TLD4|TLD6|TLE3|TLE4|TLF2|TLG1|TLG2|TLH1|TLH2|TLH3|TLJ1
uk,TLF1,LU,,10,500,0.90000000000000002,GBP,1900.4313900466434,0.14676574218776511,278.91822343712175,191.77351722300813,0.10091051864719058,True,17219792.218923554,119934836.0779624,4879425,187653589.1694681,102715043.85903884,182774164.1694681,True,True,0.21500000000000002,False,False,15,London|TLC1|TLC2|TLD3|TLD4|TLD6|TLE3|TLE4|TLF2|TLG1|TLG2|TLH1|TLH2|TLH3|TLJ1
uk,TLF1,LU,,10,100,1,GBP,1900.4313900466434,0.1844421380150226,350.51962873106424,191.77351722300813,0.10091051864719058,True,9333121.4408129621,140329492.47289506,5004555.0000000056,135911767.73605308,130996371.0320821,130907212.73605308,True,True,0.043000000000000003,False,False,15,London|TLC1|TLC2|TLD3|TLD4|TLD6|TLE3|TLE4|TLF2|TLG1|TLG2|TLH1|TLH2|TLH3|TLJ1
uk,TLF1,LU,,10,300,1,GBP,1900.4313900466434,0.1844421380150226,350.51962873106424,191.77351722300813,0.10091051864719058,True,17013251.838855494,150516899.97428963,2196225.0000000075,133585651.02111474,133503648.13543414,131389426.02111474,True,True,0.129,False,False,15,London|TLC1|TLC2|TLD3|TLD4|TLD6|TLE3|TLE4|TLF2|TLG1|TLG2|TLH1|TLH2|TLH3|TLJ1
uk,TLF1,LU,,10,500,1,GBP,1900.4313900466434,0.1844421380150226,350.51962873106424,191.77351722300813,0.10091051864719058,True,17219792.218923554,150723440.35435766,4879425,218442193.44586334,133503648.13543411,213562768.44586334,True,True,0.21500000000000002,False,False,15,London|TLC1|TLC2|TLD3|TLD4|TLD6|TLE3|TLE4|TLF2|TLG1|TLG2|TLH1|TLH2|TLH3|TLJ1
uk,TLF1,LU,,20,100,0.5,GBP,1900.4313900466434,0.13776814713002924,261.81891135447194,340.22595478298558,0.17902564468514448,False,10778794.553249286,65448459.276616879,1173040.0000000075,103444952.19899364,54669664.723367594,102271912.19899362,True,True,0.033309167571079185,False,False,15,London|TLC1|TLC2|TLD3|TLD4|TLD6|TLE3|TLE4|TLF2|TLG1|TLG2|TLH1|TLH2|TLH3|TLJ1
uk,TLF1,LU,,20,300,0.5,GBP,1900.4313900466434,0.13776814713002924,261.81891135447194,340.22595478298558,0.17902564468514448,False,18435655.656841539,87280041.319180861,6998894.9999999879,64161779.987396076,68844385.66233933,57162884.987396091,True,True,0.11930916757107918,False,False,15,London|TLC1|TLC2|TLD3|TLD4|TLD6|TLE3|TLE4|TLF2|TLG1|TLG2|TLH1|TLH2|TLH3|TLJ1
uk,TLF1,LU,,20,500,0.5,GBP,1900.4313900466434,0.13776814713002924,261.81891135447194,340.22595478298558,0.17902564468514448,False,31280731.965917271,104432842.76068324,43941915.000000037,94346373.548252255,73152110.794765964,50404458.548252217,True,True,0.20530916757107917,False,False,15,London|TLC1|TLC2|TLD3|TLD4|TLD6|TLE3|TLE4|TLF2|TLG1|TLG2|TLH1|TLH2|TLH3|TLJ1
uk,TLF1,LU,,20,100,0.80000000000000004,GBP,1900.4313900466434,0.17528263352984957,333.11261889016839,340.22595478298558,0.17902564468514448,False,10778794.553249286,88314555.687617466,1173040.0000000075,134101246.43934314,77535761.134368181,132928206.43934312,True,True,0.033309167571079185,False,False,15,London|TLC1|TLC2|TLD3|TLD4|TLD6|TLE3|TLE4|TLF2|TLG1|TLG2|TLH1|TLH2|TLH3|TLJ1
uk,TLF1,LU,,20,300,0.80000000000000004,GBP,1900.4313900466434,0.17528263352984957,333.11261889016839,340.22595478298558,0.17902564468514448,False,18435655.656841539,115392216.88420209,6998894.9999999879,94818074.227745563,96956561.227360547,87819179.227745578,True,True,0.11930916757107918,False,False,15,London|TLC1|TLC2|TLD3|TLD4|TLD6|TLE3|TLE4|TLF2|TLG1|TLG2|TLH1|TLH2|TLH3|TLJ1
uk,TLF1,LU,,20,500,0.80000000000000004,GBP,1900.4313900466434,0.17528263352984957,333.11261889016839,340.22595478298558,0.17902564468514448,False,31280731.965917271,135025348.98217195,43941915.000000037,125002667.78860171,103744617.01625468,81060752.788601667,True,True,0.20530916757107917,False,False,15,London|TLC1|TLC2|TLD3|TLD4|TLD6|TLE3|TLE4|TLF2|TLG1|TLG2|TLH1|TLH2|TLH3|TLJ1
uk,TLF1,LU,,20,100,0.90000000000000002,GBP,1900.4313900466434,0.19511675788751595,370.8060114135663,340.22595478298558,0.17902564468514448,True,10778794.553249286,101088453.01032233,1173040.0000000075,150309405.22440419,90309658.457073048,149136365.22440419,True,True,0.033309167571079185,False,False,15,London|TLC1|TLC2|TLD3|TLD4|TLD6|TLE3|TLE4|TLF2|TLG1|TLG2|TLH1|TLH2|TLH3|TLJ1
uk,TLF1,LU,,20,300,0.90000000000000002,GBP,1900.4313900466434,0.19511675788751595,370.8060114135663,340.22595478298558,0.17902564468514448,True,18435655.656841539,130726921.68584107,6998894.9999999879,111026233.01280665,112291266.02899954,104027338.01280667,True,True,0.11930916757107918,False,False,15,London|TLC1|TLC2|TLD3|TLD4|TLD6|TLE3|TLE4|TLF2|TLG1|TLG2|TLH1|TLH2|TLH3|TLJ1
uk,TLF1,LU,,20,500,0.90000000000000002,GBP,1900.4313900466434,0.19511675788751595,370.8060114135663,340.22595478298558,0.17902564468514448,True,31280731.965917271,151233507.7672331,43941915.000000037,141210826.57366279,119952775.80131583,97268911.573662758,True,True,0.20530916757107917,False,False,15,London|TLC1|TLC2|TLD3|TLD4|TLD6|TLE3|TLE4|TLF2|TLG1|TLG2|TLH1|TLH2|TLH3|TLJ1
uk,TLF1,LU,,20,100,1,GBP,1900.4313900466434,0.25279013454619531,480.41030678570394,340.22595478298558,0.17902564468514448,True,10778794.553249286,141447039.67440742,1173040.0000000075,197439252.2344234,130668245.12115814,196266212.2344234,True,True,0.033309167571079185,False,False,15,London|TLC1|TLC2|TLD3|TLD4|TLD6|TLE3|TLE4|TLF2|TLG1|TLG2|TLH1|TLH2|TLH3|TLJ1
uk,TLF1,LU,,20,300,1,GBP,1900.4313900466434,0.25279013454619531,480.41030678570394,340.22595478298558,0.17902564468514448,True,18435655.656841539,176729829.46377313,6998894.9999999879,158156080.02282581,158294173.80693159,151157185.02282581,True,True,0.11930916757107918,False,False,15,London|TLC1|TLC2|TLD3|TLD4|TLD6|TLE3|TLE4|TLF2|TLG1|TLG2|TLH1|TLH2|TLH3|TLJ1
uk,TLF1,LU,,20,500,1,GBP,1900.4313900466434,0.25279013454619531,480.41030678570394,340.22595478298558,0.17902564468514448,True,31280731.965917271,198363354.77725226,43941915.000000037,188340673.58368203,167082622.811335,144398758.583682,True,True,0.20530916757107917,False,False,15,London|TLC1|TLC2|TLD3|TLD4|TLD6|TLE3|TLE4|TLF2|TLG1|TLG2|TLH1|TLH2|TLH3|TLJ1
uk,TLF1,GNN,42,10,100,0.5,GBP,1900.4313900466434,0.080475159033523869,152.93751834630444,114.28008516310814,0.060133760030296753,True,5700994.7392654475,60054372.498477891,3718210.0000000023,55436631.087238625,54353377.759212442,51718421.087238625,True,True,0.043000000000000003,False,False,15,London|TLC1|TLC2|TLD3|TLD4|TLD6|TLE3|TLE4|TLF2|TLG1|TLG2|TLH1|TLH2|TLH3|TLJ1
uk,TLF1,GNN,42,10,300,0.5,GBP,1900.4313900466434,0.080475159033523869,152.93751834630444,114.28008516310814,0.060133760030296753,True,9084437.0560619701,65763132.888910905,5895945.0000000149,83123896.217060834,56678695.832848936,77227951.217060819,True,True,0.129,False,False,15,London|TLC1|TLC2|TLD3|TLD4|TLD6|TLE3|TLE4|TLF2|TLG1|TLG2|TLH1|TLH2|TLH3|TLJ1
uk,TLF1,GNN,42,10,500,0.5,GBP,1900.4313900466434,0.080475159033523869,152.93751834630444,114.28008516310814,0.060133760030296753,True,9084437.0560619701,65763132.888910927,5895945,116554310.5928164,56678695.832848959,110658365.5928164,True,True,0.21500000000000002,False,False,15,London|TLC1|TLC2|TLD3|TLD4|TLD6|TLE3|TLE4|TLF2|TLG1|TLG2|TLH1|TLH2|TLH3|TLJ1
uk,TLF1,GNN,42,10,100,0.80000000000000004,GBP,1900.4313900466434,0.10481476329307282,199.19326630246428,114.28008516310814,0.060133760030296753,True,5700994.7392654475,79889406.532656193,3718210.0000000023,75326602.70838736,74188411.793390751,71608392.70838736,True,True,0.043000000000000003,False,False,15,London|TLC1|TLC2|TLD3|TLD4|TLD6|TLE3|TLE4|TLF2|TLG1|TLG2|TLH1|TLH2|TLH3|TLJ1
uk,TLF1,GNN,42,10,300,0.80000000000000004,GBP,1900.4313900466434,0.10481476329307282,199.19326630246428,114.28008516310814,0.060133760030296753,True,9084437.0560619701,85653104.510059625,5895945.0000000149,103013867.83820954,76568667.453997657,97117922.838209525,True,True,0.129,False,False,15,London|TLC1|TLC2|TLD3|TLD4|TLD6|TLE3|TLE4|TLF2|TLG1|TLG2|TLH1|TLH2|TLH3|TLJ1
uk,TLF1,GNN,42,10,500,0.80000000000000004,GBP,1900.4313900466434,0.10481476329307282,199.19326630246428,114.28008516310814,0.060133760030296753,True,9084437.0560619701,85653104.510059625,5895945,156334253.83511382,76568667.453997657,150438308.83511382,True,True,0.21500000000000002,False,False,15,London|TLC1|TLC2|TLD3|TLD4|TLD6|TLE3|TLE4|TLF2|TLG1|TLG2|TLH1|TLH2|TLH3|TLJ1
uk,TLF1,GNN,42,10,100,0.90000000000000002,GBP,1900.4313900466434,0.11761736880872931,223.52373969880216,114.28008516310814,0.060133760030296753,True,5700994.7392654475,90351510.093081489,3718210.0000000023,85788706.268812642,84650515.353816047,82070496.268812642,True,True,0.043000000000000003,False,False,15,London|TLC1|TLC2|TLD3|TLD4|TLD6|TLE3|TLE4|TLF2|TLG1|TLG2|TLH1|TLH2|TLH3|TLJ1
uk,TLF1,GNN,42,10,300,0.90000000000000002,GBP,1900.4313900466434,0.11761736880872931,223.52373969880216,114.28008516310814,0.060133760030296753,True,9084437.0560619701,96115208.070484921,5895945.0000000149,113475971.39863484,87030771.014422953,107580026.39863482,True,True,0.129,False,False,15,London|TLC1|TLC2|TLD3|TLD4|TLD6|TLE3|TLE4|TLF2|TLG1|TLG2|TLH1|TLH2|TLH3|TLJ1
uk,TLF1,GNN,42,10,500,0.90000000000000002,GBP,1900.4313900466434,0.11761736880872931,223.52373969880216,114.28008516310814,0.060133760030296753,True,9084437.0560619701,96115208.070484921,5895945,177258460.95596439,87030771.014422953,171362515.95596439,True,True,0.21500000000000002,False,False,15,London|TLC1|TLC2|TLD3|TLD4|TLD6|TLE3|TLE4|TLF2|TLG1|TLG2|TLH1|TLH2|TLH3|TLJ1
uk,TLF1,GNN,42,10,100,1,GBP,1900.4313900466434,0.1290144261103755,245.18306514901087,114.28008516310814,0.060133760030296753,True,5700994.7392654475,99665020.036671236,3718210.0000000023,95102216.212402388,93964025.297405794,91384006.212402388,True,True,0.043000000000000003,False,False,15,London|TLC1|TLC2|TLD3|TLD4|TLD6|TLE3|TLE4|TLF2|TLG1|TLG2|TLH1|TLH2|TLH3|TLJ1
uk,TLF1,GNN,42,10,300,1,GBP,1900.4313900466434,0.1290144261103755,245.18306514901087,114.28008516310814,0.060133760030296753,True,9084437.0560619701,105428718.01407468,5895945.0000000149,122789481.34222457,96344280.958012715,116893536.34222455,True,True,0.129,False,False,15,London|TLC1|TLC2|TLD3|TLD4|TLD6|TLE3|TLE4|TLF2|TLG1|TLG2|TLH1|TLH2|TLH3|TLJ1
uk,TLF1,GNN,42,10,500,1,GBP,1900.4313900466434,0.1290144261103755,245.18306514901087,114.28008516310814,0.060133760030296753,True,9084437.0560619701,105428718.01407471,5895945,195885480.84314382,96344280.958012745,189989535.84314382,True,True,0.21500000000000002,False,False,15,London|TLC1|TLC2|TLD3|TLD4|TLD6|TLE3|TLE4|TLF2|TLG1|TLG2|TLH1|TLH2|TLH3|TLJ1
uk,TLF1,GNN,42,20,100,0.5,GBP,1900.4313900466434,0.11143395583800558,211.77258759161722,175.23218955363882,0.092206532933208393,True,5572315.3441833816,49123068.712763697,1119290.0000000075,76051428.720961899,43550753.368580312,74932138.720961899,True,True,0.033309167571079185,False,False,15,London|TLC1|TLC2|TLD3|TLD4|TLD6|TLE3|TLE4|TLF2|TLG1|TLG2|TLH1|TLH2|TLH3|TLJ1
uk,TLF1,GNN,42,20,300,0.5,GBP,1900.4313900466434,0.11143395583800558,211.77258759161722,175.23218955363882,0.092206532933208393,True,11114655.900357639,74320724.18805179,1087469.9999999935,57622731.117575809,63206068.287694149,56535261.117575817,True,True,0.11930916757107918,False,False,15,London|TLC1|TLC2|TLD3|TLD4|TLD6|TLE3|TLE4|TLF2|TLG1|TLG2|TLH1|TLH2|TLH3|TLJ1
uk,TLF1,GNN,42,20,500,0.5,GBP,1900.4313900466434,0.11143395583800558,211.77258759161722,175.23218955363882,0.092206532933208393,True,18697839.880941249,89039430.757351011,29001779.99999997,79229626.0944224,70341590.876409769,50227846.09442243,True,True,0.20530916757107917,False,False,15,London|TLC1|TLC2|TLD3|TLD4|TLD6|TLE3|TLE4|TLF2|TLG1|TLG2|TLH1|TLH2|TLH3|TLJ1
uk,TLF1,GNN,42,20,100,0.80000000000000004,GBP,1900.4313900466434,0.13006400478392985,247.17771740655709,175.23218955363882,0.092206532933208393,True,5572315.3441833816,60273654.985151261,1119290.0000000075,91275634.541386023,54701339.640967876,90156344.541386008,True,True,0.033309167571079185,False,False,15,London|TLC1|TLC2|TLD3|TLD4|TLD6|TLE3|TLE4|TLF2|TLG1|TLG2|TLH1|TLH2|TLH3|TLJ1
uk,TLF1,GNN,42,20,300,0.80000000000000004,GBP,1900.4313900466434,0.13006400478392985,247.17771740655709,175.23218955363882,0.092206532933208393,True,11114655.900357639,88690926.900481597,1087469.9999999935,72846936.937999949,77576271.000123963,71759466.937999949,True,True,0.11930916757107918,False,False,15,London|TLC1|TLC2|TLD3|TLD4|TLD6|TLE3|TLE4|TLF2|TLG1|TLG2|TLH1|TLH2|TLH3|TLJ1
uk,TLF1,GNN,42,20,500,0.80000000000000004,GBP,1900.4313900466434,0.13006400478392985,247.17771740655709,175.23218955363882,0.092206532933208393,True,18697839.880941249,104263636.57777518,29001779.99999997,94453831.914846525,85565796.696833938,65452051.914846554,True,True,0.20530916757107917,False,False,15,London|TLC1|TLC2|TLD3|TLD4|TLD6|TLE3|TLE4|TLF2|TLG1|TLG2|TLH1|TLH2|TLH3|TLJ1
uk,TLF1,GNN,42,20,100,0.90000000000000002,GBP,1900.4313900466434,0.13835071718294606,262.9260457699362,175.23218955363882,0.092206532933208393,True,5572315.3441833816,65408290.011260957,1119290.0000000075,98047415.73763904,59835974.667077571,96928125.73763904,True,True,0.033309167571079185,False,False,15,London|TLC1|TLC2|TLD3|TLD4|TLD6|TLE3|TLE4|TLF2|TLG1|TLG2|TLH1|TLH2|TLH3|TLJ1
uk,TLF1,GNN,42,20,300,0.90000000000000002,GBP,1900.4313900466434,0.13835071718294606,262.9260457699362,175.23218955363882,0.092206532933208393,True,11114655.900357639,95168188.410644859,1087469.9999999935,79618718.13425298,84053532.510287225,78531248.13425298,True,True,0.11930916757107918,False,False,15,London|TLC1|TLC2|TLD3|TLD4|TLD6|TLE3|TLE4|TLF2|TLG1|TLG2|TLH1|TLH2|TLH3|TLJ1
uk,TLF1,GNN,42,20,500,0.90000000000000002,GBP,1900.4313900466434,0.13835071718294606,262.9260457699362,175.23218955363882,0.092206532933208393,True,18697839.880941249,111035417.77402817,29001779.99999997,101225613.11109956,92337577.89308691,72223833.111099586,True,True,0.20530916757107917,False,False,15,London|TLC1|TLC2|TLD3|TLD4|TLD6|TLE3|TLE4|TLF2|TLG1|TLG2|TLH1|TLH2|TLH3|TLJ1
uk,TLF1,GNN,42,20,100,1,GBP,1900.4313900466434,0.18426215839381918,350.17758980936054,175.23218955363882,0.092206532933208393,True,5572315.3441833816,95998943.299524128,1119290.0000000075,135565579.67459148,90426627.955340743,134446289.67459148,True,True,0.033309167571079185,False,False,15,London|TLC1|TLC2|TLD3|TLD4|TLD6|TLE3|TLE4|TLF2|TLG1|TLG2|TLH1|TLH2|TLH3|TLJ1
uk,TLF1,GNN,42,20,300,1,GBP,1900.4313900466434,0.18426215839381918,350.17758980936054,175.23218955363882,0.092206532933208393,True,11114655.900357639,132172857.44103633,1087469.9999999935,117136882.07120541,121058201.54067869,116049412.07120541,True,True,0.11930916757107918,False,False,15,London|TLC1|TLC2|TLD3|TLD4|TLD6|TLE3|TLE4|TLF2|TLG1|TLG2|TLH1|TLH2|TLH3|TLJ1
uk,TLF1,GNN,42,20,500,1,GBP,1900.4313900466434,0.18426215839381918,350.17758980936054,175.23218955363882,0.092206532933208393,True,18697839.880941249,148553581.71098065,29001779.99999997,138743777.04805201,129855741.83003941,109741997.04805204,True,True,0.20530916757107917,False,False,15,London|TLC1|TLC2|TLD3|TLD4|TLD6|TLE3|TLE4|TLF2|TLG1|TLG2|TLH1|TLH2|TLH3|TLJ1
uk,TLF1,GNN,123,10,100,0.5,GBP,1900.4313900466434,0.077646806699874185,147.56242878932491,117.49085745513253,0.061823256588204895,True,6768739.5278716143,57206694.404083893,7649915.0000000028,51623849.962842479,50437954.876212277,43973934.962842479,True,True,0.043000000000000003,False,False,15,London|TLC1|TLC2|TLD3|TLD4|TLD6|TLE3|TLE4|TLF2|TLG1|TLG2|TLH1|TLH2|TLH3|TLJ1
uk,TLF1,GNN,123,10,300,0.5,GBP,1900.4313900466434,0.077646806699874185,147.56242878932491,117.49085745513253,0.061823256588204895,True,10766733.272404412,63433343.28280165,2220735.0000000075,68615216.293406948,52666610.010397241,66394481.293406941,True,True,0.129,False,False,15,London|TLC1|TLC2|TLD3|TLD4|TLD6|TLE3|TLE4|TLF2|TLG1|TLG2|TLH1|TLH2|TLH3|TLJ1
uk,TLF1,GNN,123,10,500,0.5,GBP,1900.4313900466434,0.077646806699874185,147.56242878932491,117.49085745513253,0.061823256588204895,True,10785234.369012473,63451844.379409745,2220735.0000000298,104334842.15236494,52666610.01039727,102114107.15236491,True,True,0.21500000000000002,False,False,15,London|TLC1|TLC2|TLD3|TLD4|TLD6|TLE3|TLE4|TLF2|TLG1|TLG2|TLH1|TLH2|TLH3|TLJ1
uk,TLF1,GNN,123,10,100,0.80000000000000004,GBP,1900.4313900466434,0.10761152358212096,204.50831734620729,117.49085745513253,0.061823256588204895,True,6768739.5278716143,81530485.403556734,7649915.0000000028,76110582.042301908,74761745.875685126,68460667.042301908,True,True,0.043000000000000003,False,False,15,London|TLC1|TLC2|TLD3|TLD4|TLD6|TLE3|TLE4|TLF2|TLG1|TLG2|TLH1|TLH2|TLH3|TLJ1
uk,TLF1,GNN,123,10,300,0.80000000000000004,GBP,1900.4313900466434,0.10761152358212096,204.50831734620729,117.49085745513253,0.061823256588204895,True,10766733.272404412,87920075.362261087,2220735.0000000075,93101948.372866392,77153342.089856669,90881213.372866392,True,True,0.129,False,False,15,London|TLC1|TLC2|TLD3|TLD4|TLD6|TLE3|TLE4|TLF2|TLG1|TLG2|TLH1|TLH2|TLH3|TLJ1
uk,TLF1,GNN,123,10,500,0.80000000000000004,GBP,1900.4313900466434,0.10761152358212096,204.50831734620729,117.49085745513253,0.061823256588204895,True,10785234.369012473,87938576.458869174,2220735.0000000298,153308306.31128371,77153342.089856699,151087571.31128368,True,True,0.21500000000000002,False,False,15,London|TLC1|TLC2|TLD3|TLD4|TLD6|TLE3|TLE4|TLF2|TLG1|TLG2|TLH1|TLH2|TLH3|TLJ1
uk,TLF1,GNN,123,10,100,0.90000000000000002,GBP,1900.4313900466434,0.11442878970122268,217.46406387324964,117.49085745513253,0.061823256588204895,True,6768739.5278716143,87092026.059295103,7649915.0000000028,81681553.048930123,80323286.531423494,74031638.048930123,True,True,0.043000000000000003,False,False,15,London|TLC1|TLC2|TLD3|TLD4|TLD6|TLE3|TLE4|TLF2|TLG1|TLG2|TLH1|TLH2|TLH3|TLJ1
uk,TLF1,GNN,123,10,300,0.90000000000000002,GBP,1900.4313900466434,0.11442878970122268,217.46406387324964,117.49085745513253,0.061823256588204895,True,10766733.272404412,93491046.368889287,2220735.0000000075,98672919.379494593,82724313.09648487,96452184.379494578,True,True,0.129,False,False,15,London|TLC1|TLC2|TLD3|TLD4|TLD6|TLE3|TLE4|TLF2|TLG1|TLG2|TLH1|TLH2|TLH3|TLJ1
uk,TLF1,GNN,123,10,500,0.90000000000000002,GBP,1900.4313900466434,0.11442878970122268,217.46406387324964,117.49085745513253,0.061823256588204895,True,10785234.369012473,93509547.465497345,2220735.0000000298,164450248.3245402,82724313.09648487,162229513.32454017,True,True,0.21500000000000002,False,False,15,London|TLC1|TLC2|TLD3|TLD4|TLD6|TLE3|TLE4|TLF2|TLG1|TLG2|TLH1|TLH2|TLH3|TLJ1
uk,TLF1,GNN,123,10,100,1,GBP,1900.4313900466434,0.11859490231483208,225.38147505862221,117.49085745513253,0.061823256588204895,True,6768739.5278716143,90494810.625600427,7649915.0000000028,85086039.858640328,83726071.097728819,77436124.858640328,True,True,0.043000000000000003,False,False,15,London|TLC1|TLC2|TLD3|TLD4|TLD6|TLE3|TLE4|TLF2|TLG1|TLG2|TLH1|TLH2|TLH3|TLJ1
uk,TLF1,GNN,123,10,300,1,GBP,1900.4313900466434,0.11859490231483208,225.38147505862221,117.49085745513253,0.061823256588204895,True,10766733.272404412,96895533.178599492,2220735.0000000075,102077406.18920483,86128799.906195074,99856671.189204812,True,True,0.129,False,False,15,London|TLC1|TLC2|TLD3|TLD4|TLD6|TLE3|TLE4|TLF2|TLG1|TLG2|TLH1|TLH2|TLH3|TLJ1
uk,TLF1,GNN,123,10,500,1,GBP,1900.4313900466434,0.11859490231483208,225.38147505862221,117.49085745513253,0.061823256588204895,True,10785234.369012473,96914034.275207549,2220735.0000000298,171259221.94396058,86128799.906195074,169038486.94396055,True,True,0.21500000000000002,False,False,15,London|TLC1|TLC2|TLD3|TLD4|TLD6|TLE3|TLE4|TLF2|TLG1|TLG2|TLH1|TLH2|TLH3|TLJ1
uk,TLF1,GNN,123,20,100,0.5,GBP,1900.4313900466434,0.10479265204263445,199.15124538805802,197.28504956744632,0.10381066667321479,True,7260979.6922868155,45687144.150165766,2547535.0000000079,69575070.406779885,38426164.457878947,67027535.406779878,True,True,0.033309167571079185,False,False,15,London|TLC1|TLC2|TLD3|TLD4|TLD6|TLE3|TLE4|TLF2|TLG1|TLG2|TLH1|TLH2|TLH3|TLJ1
uk,TLF1,GNN,123,20,300,0.5,GBP,1900.4313900466434,0.10479265204263445,199.15124538805802,197.28504956744632,0.10381066667321479,True,13919614.869683456,69093650.748596549,7540909.9999999879,46979225.284504674,55174035.87891309,39438315.284504689,True,True,0.11930916757107918,False,False,15,London|TLC1|TLC2|TLD3|TLD4|TLD6|TLE3|TLE4|TLF2|TLG1|TLG2|TLH1|TLH2|TLH3|TLJ1
uk,TLF1,GNN,123,20,500,0.5,GBP,1900.4313900466434,0.10479265204263445,199.15124538805802,197.28504956744632,0.10381066667321479,True,21699021.232845422,83048389.341937229,36083019.999999985,73080408.46934922,61349368.109091803,36997388.469349235,True,True,0.20530916757107917,False,False,15,London|TLC1|TLC2|TLD3|TLD4|TLD6|TLE3|TLE4|TLF2|TLG1|TLG2|TLH1|TLH2|TLH3|TLJ1
uk,TLF1,GNN,123,20,100,0.80000000000000004,GBP,1900.4313900466434,0.12726181798483485,241.85235365278263,197.28504956744632,0.10381066667321479,True,7260979.6922868155,58844787.103916548,2547535.0000000079,87936546.960611477,51583807.411629736,85389011.960611463,True,True,0.033309167571079185,False,False,15,London|TLC1|TLC2|TLD3|TLD4|TLD6|TLE3|TLE4|TLF2|TLG1|TLG2|TLH1|TLH2|TLH3|TLJ1
uk,TLF1,GNN,123,20,300,0.80000000000000004,GBP,1900.4313900466434,0.12726181798483485,241.85235365278263,197.28504956744632,0.10381066667321479,True,13919614.869683456,86174359.701499924,7540909.9999999879,65340701.838336289,72254744.831816465,57799791.838336304,True,True,0.11930916757107918,False,False,15,London|TLC1|TLC2|TLD3|TLD4|TLD6|TLE3|TLE4|TLF2|TLG1|TLG2|TLH1|TLH2|TLH3|TLJ1
uk,TLF1,GNN,123,20,500,0.80000000000000004,GBP,1900.4313900466434,0.12726181798483485,241.85235365278263,197.28504956744632,0.10381066667321479,True,21699021.232845422,101409865.89576884,36083019.999999985,91441885.023180783,79710844.662923411,55358865.023180798,True,True,0.20530916757107917,False,False,15,London|TLC1|TLC2|TLD3|TLD4|TLD6|TLE3|TLE4|TLF2|TLG1|TLG2|TLH1|TLH2|TLH3|TLJ1
uk,TLF1,GNN,123,20,100,0.90000000000000002,GBP,1900.4313900466434,0.1489971008547481,283.15876749030883,197.28504956744632,0.10381066667321479,True,7260979.6922868155,72386988.615403965,2547535.0000000079,105698304.91074777,65126008.923117146,103150769.91074775,True,True,0.033309167571079185,False,False,15,London|TLC1|TLC2|TLD3|TLD4|TLD6|TLE3|TLE4|TLF2|TLG1|TLG2|TLH1|TLH2|TLH3|TLJ1
uk,TLF1,GNN,123,20,300,0.90000000000000002,GBP,1900.4313900466434,0.1489971008547481,283.15876749030883,197.28504956744632,0.10381066667321479,True,13919614.869683456,103121525.57922934,7540909.9999999879,83102459.788472548,89201910.709545881,75561549.788472563,True,True,0.11930916757107918,False,False,15,London|TLC1|TLC2|TLD3|TLD4|TLD6|TLE3|TLE4|TLF2|TLG1|TLG2|TLH1|TLH2|TLH3|TLJ1
uk,TLF1,GNN,123,20,500,0.90000000000000002,GBP,1900.4313900466434,0.1489971008547481,283.15876749030883,197.28504956744632,0.10381066667321479,True,21699021.232845422,119171623.84590507,36083019.999999985,109203642.97331707,97472602.61305964,73120622.973317087,True,True,0.20530916757107917,False,False,15,London|TLC1|TLC2|TLD3|TLD4|TLD6|TLE3|TLE4|TLF2|TLG1|TLG2|TLH1|TLH2|TLH3|TLJ1
uk,TLF1,GNN,123,20,100,1,GBP,1900.4313900466434,0.16208594624878639,308.03322013660664,197.28504956744632,0.10381066667321479,True,7260979.6922868155,80973552.633507997,2547535.0000000079,116394319.54865579,73712572.941221178,113846784.54865578,True,True,0.033309167571079185,False,False,15,London|TLC1|TLC2|TLD3|TLD4|TLD6|TLE3|TLE4|TLF2|TLG1|TLG2|TLH1|TLH2|TLH3|TLJ1
uk,TLF1,GNN,123,20,300,1,GBP,1900.4313900466434,0.16208594624878639,308.03322013660664,197.28504956744632,0.10381066667321479,True,13919614.869683456,113522429.37983008,7540909.9999999879,93798474.42638059,99602814.510146618,86257564.426380605,True,True,0.11930916757107918,False,False,15,London|TLC1|TLC2|TLD3|TLD4|TLD6|TLE3|TLE4|TLF2|TLG1|TLG2|TLH1|TLH2|TLH3|TLJ1
uk,TLF1,GNN,123,20,500,1,GBP,1900.4313900466434,0.16208594624878639,308.03322013660664,197.28504956744632,0.10381066667321479,True,21699021.232845422,129867638.48381314,36083019.999999985,119899657.61122508,108168617.25096771,83816637.611225098,True,True,0.20530916757107917,False,False,15,London|TLC1|TLC2|TLD3|TLD4|TLD6|TLE3|TLE4|TLF2|TLG1|TLG2|TLH1|TLH2|TLH3|TLJ1
uk,TLF1,GNN,456,10,100,0.5,GBP,1900.4313900466434,0.081310349382180944,154.52474030155636,126.358949993064,0.066489614229094954,True,6749137.8444985263,59885016.859279066,6731220.0000000028,56016204.99693016,53135879.014780536,49284984.99693016,True,True,0.043000000000000003,False,False,15,London|TLC1|TLC2|TLD3|TLD4|TLD6|TLE3|TLE4|TLF2|TLG1|TLG2|TLH1|TLH2|TLH3|TLJ1
uk,TLF1,GNN,456,10,300,0.5,GBP,1900.4313900466434,0.081310349382180944,154.52474030155636,126.358949993064,0.066489614229094954,True,10974729.070739852,66423892.56599094,1491885.0000000075,72067761.989049524,55449163.495251089,70575876.989049524,True,True,0.129,False,False,15,London|TLC1|TLC2|TLD3|TLD4|TLD6|TLE3|TLE4|TLF2|TLG1|TLG2|TLH1|TLH2|TLH3|TLJ1
uk,TLF1,GNN,456,10,500,0.5,GBP,1900.4313900466434,0.081310349382180944,154.52474030155636,126.358949993064,0.066489614229094954,True,10996474.834418152,66445638.329669252,1491885,111785508.2214189,55449163.495251104,110293623.2214189,True,True,0.21500000000000002,False,False,15,London|TLC1|TLC2|TLD3|TLD4|TLD6|TLE3|TLE4|TLF2|TLG1|TLG2|TLH1|TLH2|TLH3|TLJ1
uk,TLF1,GNN,456,10,100,0.80000000000000004,GBP,1900.4313900466434,0.10976070553265407,208.59269018792207,126.358949993064,0.066489614229094954,True,6749137.8444985263,83000786.707536072,6731220.0000000028,79265423.448067412,76251648.863037542,72534203.448067412,True,True,0.043000000000000003,False,False,15,London|TLC1|TLC2|TLD3|TLD4|TLD6|TLE3|TLE4|TLF2|TLG1|TLG2|TLH1|TLH2|TLH3|TLJ1
uk,TLF1,GNN,456,10,300,0.80000000000000004,GBP,1900.4313900466434,0.10976070553265407,208.59269018792207,126.358949993064,0.066489614229094954,True,10974729.070739852,89673111.017128214,1491885.0000000075,95316980.440186769,78698381.946388364,93825095.440186769,True,True,0.129,False,False,15,London|TLC1|TLC2|TLD3|TLD4|TLD6|TLE3|TLE4|TLF2|TLG1|TLG2|TLH1|TLH2|TLH3|TLJ1
uk,TLF1,GNN,456,10,500,0.80000000000000004,GBP,1900.4313900466434,0.10976070553265407,208.59269018792207,126.358949993064,0.066489614229094954,True,10996474.834418152,89694856.780806556,1491885,158283945.12369341,78698381.946388409,156792060.12369341,True,True,0.21500000000000002,False,False,15,London|TLC1|TLC2|TLD3|TLD4|TLD6|TLE3|TLE4|TLF2|TLG1|TLG2|TLH1|TLH2|TLH3|TLJ1
uk,TLF1,GNN,456,10,100,0.90000000000000002,GBP,1900.4313900466434,0.11634754585348168,221.11052829484777,126.358949993064,0.066489614229094954,True,6749137.8444985263,88375040.701841772,6731220.0000000028,84648093.834045485,81625902.857343242,77916873.834045485,True,True,0.043000000000000003,False,False,15,London|TLC1|TLC2|TLD3|TLD4|TLD6|TLE3|TLE4|TLF2|TLG1|TLG2|TLH1|TLH2|TLH3|TLJ1
uk,TLF1,GNN,456,10,300,0.90000000000000002,GBP,1900.4313900466434,0.11634754585348168,221.11052829484777,126.358949993064,0.066489614229094954,True,10974729.070739852,95055781.403106228,1491885.0000000075,100699650.82616481,84081052.332366377,99207765.826164812,True,True,0.129,False,False,15,London|TLC1|TLC2|TLD3|TLD4|TLD6|TLE3|TLE4|TLF2|TLG1|TLG2|TLH1|TLH2|TLH3|TLJ1
uk,TLF1,GNN,456,10,500,0.90000000000000002,GBP,1900.4313900466434,0.11634754585348168,221.11052829484777,126.358949993064,0.066489614229094954,True,10996474.834418152,95077527.16678454,1491885,169049285.89564949,84081052.332366392,167557400.89564949,True,True,0.21500000000000002,False,False,15,London|TLC1|TLC2|TLD3|TLD4|TLD6|TLE3|TLE4|TLF2|TLG1|TLG2|TLH1|TLH2|TLH3|TLJ1
uk,TLF1,GNN,456,10,100,1,GBP,1900.4313900466434,0.13218543938455474,251.20935831351568,126.358949993064,0.066489614229094954,True,6749137.8444985263,101317537.60986896,6731220.0000000028,97590590.742072672,94568399.765370429,90859370.742072672,True,True,0.043000000000000003,False,False,15,London|TLC1|TLC2|TLD3|TLD4|TLD6|TLE3|TLE4|TLF2|TLG1|TLG2|TLH1|TLH2|TLH3|TLJ1
uk,TLF1,GNN,456,10,300,1,GBP,1900.4313900466434,0.13218543938455474,251.20935831351568,126.358949993064,0.066489614229094954,True,10974729.070739852,107998278.31113343,1491885.0000000075,113642147.73419201,97023549.240393579,112150262.73419201,True,True,0.129,False,False,15,London|TLC1|TLC2|TLD3|TLD4|TLD6|TLE3|TLE4|TLF2|TLG1|TLG2|TLH1|TLH2|TLH3|TLJ1
uk,TLF1,GNN,456,10,500,1,GBP,1900.4313900466434,0.13218543938455474,251.20935831351568,126.358949993064,0.066489614229094954,True,10996474.834418152,108020024.07481174,1491885,194934279.71170393,97023549.240393594,193442394.71170393,True,True,0.21500000000000002,False,False,15,London|TLC1|TLC2|TLD3|TLD4|TLD6|TLE3|TLE4|TLF2|TLG1|TLG2|TLH1|TLH2|TLH3|TLJ1
uk,TLF1,GNN,456,20,100,0.5,GBP,1900.4313900466434,0.11455621107299449,217.70621944792759,214.26605812343325,0.11274601085081762,True,7300965.4836527333,51297605.896954581,2547535.0000000079,79119091.009883702,43996640.413301848,76571556.009883687,True,True,0.033309167571079185,False,False,15,London|TLC1|TLC2|TLD3|TLD4|TLD6|TLE3|TLE4|TLF2|TLG1|TLG2|TLH1|TLH2|TLH3|TLJ1
uk,TLF1,GNN,456,20,300,0.5,GBP,1900.4313900466434,0.11455621107299449,217.70621944792759,214.26605812343325,0.11274601085081762,True,13783919.587663805,75435315.67420727,3024189.9999999893,50255259.047548279,61651396.086543463,47231069.047548287,True,True,0.11930916757107918,False,False,15,London|TLC1|TLC2|TLD3|TLD4|TLD6|TLE3|TLE4|TLF2|TLG1|TLG2|TLH1|TLH2|TLH3|TLJ1
uk,TLF1,GNN,456,20,500,0.5,GBP,1900.4313900466434,0.11455621107299449,217.70621944792759,214.26605812343325,0.11274601085081762,True,22534523.166920304,90669746.149948448,31565439.999999978,76303195.972571671,68135222.983028144,44737755.972571693,True,True,0.20530916757107917,False,False,15,London|TLC1|TLC2|TLD3|TLD4|TLD6|TLE3|TLE4|TLF2|TLG1|TLG2|TLH1|TLH2|TLH3|TLJ1
uk,TLF1,GNN,456,20,100,0.80000000000000004,GBP,1900.4313900466434,0.15453254388651785,293.67849718569903,214.26605812343325,0.11274601085081762,True,7300965.4836527333,75695356.216370851,2547535.0000000079,111787170.43712537,68394390.73271811,109239635.43712536,True,True,0.033309167571079185,False,False,15,London|TLC1|TLC2|TLD3|TLD4|TLD6|TLE3|TLE4|TLF2|TLG1|TLG2|TLH1|TLH2|TLH3|TLJ1
uk,TLF1,GNN,456,20,300,0.80000000000000004,GBP,1900.4313900466434,0.15453254388651785,293.67849718569903,214.26605812343325,0.11274601085081762,True,13783919.587663805,106296745.45935756,3024189.9999999893,82923338.474790007,92512825.87169376,79899148.474790022,True,True,0.11930916757107918,False,False,15,London|TLC1|TLC2|TLD3|TLD4|TLD6|TLE3|TLE4|TLF2|TLG1|TLG2|TLH1|TLH2|TLH3|TLJ1
uk,TLF1,GNN,456,20,500,0.80000000000000004,GBP,1900.4313900466434,0.15453254388651785,293.67849718569903,214.26605812343325,0.11274601085081762,True,22534523.166920304,123337825.57719016,31565439.999999978,108971275.39981337,100803302.41026986,77405835.399813384,True,True,0.20530916757107917,False,False,15,London|TLC1|TLC2|TLD3|TLD4|TLD6|TLE3|TLE4|TLF2|TLG1|TLG2|TLH1|TLH2|TLH3|TLJ1
uk,TLF1,GNN,456,20,100,0.90000000000000002,GBP,1900.4313900466434,0.15691380366206784,298.20391801100965,214.26605812343325,0.11274601085081762,True,7300965.4836527333,77232063.768967375,2547535.0000000079,113733101.39200895,69931098.285314649,111185566.39200893,True,True,0.033309167571079185,False,False,15,London|TLC1|TLC2|TLD3|TLD4|TLD6|TLE3|TLE4|TLF2|TLG1|TLG2|TLH1|TLH2|TLH3|TLJ1
uk,TLF1,GNN,456,20,300,0.90000000000000002,GBP,1900.4313900466434,0.15691380366206784,298.20391801100965,214.26605812343325,0.11274601085081762,True,13783919.587663805,108175774.38514872,3024189.9999999893,84869269.429673567,94391854.797484919,81845079.429673582,True,True,0.11930916757107918,False,False,15,London|TLC1|TLC2|TLD3|TLD4|TLD6|TLE3|TLE4|TLF2|TLG1|TLG2|TLH1|TLH2|TLH3|TLJ1
uk,TLF1,GNN,456,20,500,0.90000000000000002,GBP,1900.4313900466434,0.15691380366206784,298.20391801100965,214.26605812343325,0.11274601085081762,True,22534523.166920304,125283756.53207371,31565439.999999978,110917206.35469691,102749233.3651534,79351766.354696929,True,True,0.20530916757107917,False,False,15,London|TLC1|TLC2|TLD3|TLD4|TLD6|TLE3|TLE4|TLF2|TLG1|TLG2|TLH1|TLH2|TLH3|TLJ1
uk,TLF1,GNN,456,20,100,1,GBP,1900.4313900466434,0.17087764559264457,324.74124154152719,214.26605812343325,0.11274601085081762,True,7300965.4836527333,86447892.344663635,2547535.0000000079,125144150.51013151,79146926.861010909,122596615.51013149,True,True,0.033309167571079185,False,False,15,London|TLC1|TLC2|TLD3|TLD4|TLD6|TLE3|TLE4|TLF2|TLG1|TLG2|TLH1|TLH2|TLH3|TLJ1
uk,TLF1,GNN,456,20,300,1,GBP,1900.4313900466434,0.17087764559264457,324.74124154152719,214.26605812343325,0.11274601085081762,True,13783919.587663805,119300840.17163566,3024189.9999999893,96280318.5477961,105516920.58397186,93256128.547796115,True,True,0.11930916757107918,False,False,15,London|TLC1|TLC2|TLD3|TLD4|TLD6|TLE3|TLE4|TLF2|TLG1|TLG2|TLH1|TLH2|TLH3|TLJ1
uk,TLF1,GNN,456,20,500,1,GBP,1900.4313900466434,0.17087764559264457,324.74124154152719,214.26605812343325,0.11274601085081762,True,22534523.166920304,136694805.65019622,31565439.999999978,122328255.47281948,114160282.48327592,90762815.472819507,True,True,0.20530916757107917,False,False,15,London|TLC1|TLC2|TLD3|TLD4|TLD6|TLE3|TLE4|TLF2|TLG1|TLG2|TLH1|TLH2|TLH3|TLJ1
uk,TLF2,Uni,,10,100,0.5,GBP,1531.9200000000001,0.12293368470723245,188.32457027670355,164.73156023844837,0.10753274337984252,True,9761952.590413155,74975127.080149457,5330280,46127194.559459217,65213174.489736304,40796914.559459217,True,True,0.043000000000000003,False,False,15,London|TLC1|TLC2|TLD3|TLD4|TLD6|TLE3|TLE4|TLF1|TLG1|TLG2|TLH1|TLH2|TLH3|TLJ1
uk,TLF2,Uni,,10,300,0.5,GBP,1531.9200000000001,0.12293368470723245,188.32457027670355,164.73156023844837,0.10753274337984252,True,15008536.491556305,80957958.73776862,1352565,84162438.128711015,65949422.246212319,82809873.128711015,True,True,0.129,False,False,15,London|TLC1|TLC2|TLD3|TLD4|TLD6|TLE3|TLE4|TLF1|TLG1|TLG2|TLH1|TLH2|TLH3|TLJ1
uk,TLF2,Uni,,10,500,0.5,GBP,1531.9200000000001,0.12293368470723245,188.32457027670355,164.73156023844837,0.10753274337984252,True,15030142.972770236,80979565.218982548,1352565,146700394.92052895,65949422.246212311,145347829.92052895,True,True,0.21500000000000002,False,False,15,London|TLC1|TLC2|TLD3|TLD4|TLD6|TLE3|TLE4|TLF1|TLG1|TLG2|TLH1|TLH2|TLH3|TLJ1
uk,TLF2,Uni,,10,100,0.80000000000000004,GBP,1531.9200000000001,0.17494274056401779,267.99828312483015,164.73156023844837,0.10753274337984252,True,9761952.590413155,109192177.96131985,5330280,80386891.084153652,99430225.370906696,75056611.084153652,True,True,0.043000000000000003,False,False,15,London|TLC1|TLC2|TLD3|TLD4|TLD6|TLE3|TLE4|TLF1|TLG1|TLG2|TLH1|TLH2|TLH3|TLJ1
uk,TLF2,Uni,,10,300,0.80000000000000004,GBP,1531.9200000000001,0.17494274056401779,267.99828312483015,164.73156023844837,0.10753274337984252,True,15008536.491556305,115217655.26246302,1352565,118422134.65340543,100209118.77090672,117069569.65340543,True,True,0.129,False,False,15,London|TLC1|TLC2|TLD3|TLD4|TLD6|TLE3|TLE4|TLF1|TLG1|TLG2|TLH1|TLH2|TLH3|TLJ1
uk,TLF2,Uni,,10,500,0.80000000000000004,GBP,1531.9200000000001,0.17494274056401779,267.99828312483015,164.73156023844837,0.10753274337984252,True,15030142.972770236,115239261.74367698,1352565,204422134.65340549,100209118.77090675,203069569.65340549,True,True,0.21500000000000002,False,False,15,London|TLC1|TLC2|TLD3|TLD4|TLD6|TLE3|TLE4|TLF1|TLG1|TLG2|TLH1|TLH2|TLH3|TLJ1
uk,TLF2,Uni,,10,100,0.90000000000000002,GBP,1531.9200000000001,0.21236574984994022,325.32733951012045,164.73156023844837,0.10753274337984252,True,9761952.590413155,133843672.20699468,5330280,105038385.32982847,124081719.61658153,99708105.329828471,True,True,0.043000000000000003,False,False,15,London|TLC1|TLC2|TLD3|TLD4|TLD6|TLE3|TLE4|TLF1|TLG1|TLG2|TLH1|TLH2|TLH3|TLJ1
uk,TLF2,Uni,,10,300,0.90000000000000002,GBP,1531.9200000000001,0.21236574984994022,325.32733951012045,164.73156023844837,0.10753274337984252,True,15008536.491556305,139869149.50813782,1352565,143073628.89908031,124860613.01658152,141721063.89908031,True,True,0.129,False,False,15,London|TLC1|TLC2|TLD3|TLD4|TLD6|TLE3|TLE4|TLF1|TLG1|TLG2|TLH1|TLH2|TLH3|TLJ1
uk,TLF2,Uni,,10,500,0.90000000000000002,GBP,1531.9200000000001,0.21236574984994022,325.32733951012045,164.73156023844837,0.10753274337984252,True,15030142.972770236,139890755.98935178,1352565,229073628.89908022,124860613.01658154,227721063.89908022,True,True,0.21500000000000002,False,False,15,London|TLC1|TLC2|TLD3|TLD4|TLD6|TLE3|TLE4|TLF1|TLG1|TLG2|TLH1|TLH2|TLH3|TLJ1
uk,TLF2,Uni,,10,100,1,GBP,1531.9200000000001,0.24933723448265505,381.96469624866893,164.73156023844837,0.10753274337984252,True,9761952.590413155,158197735.60457057,5330280,129392448.72740433,148435783.01415741,124062168.72740433,True,True,0.043000000000000003,False,False,15,London|TLC1|TLC2|TLD3|TLD4|TLD6|TLE3|TLE4|TLF1|TLG1|TLG2|TLH1|TLH2|TLH3|TLJ1
uk,TLF2,Uni,,10,300,1,GBP,1531.9200000000001,0.24933723448265505,381.96469624866893,164.73156023844837,0.10753274337984252,True,15008536.491556305,164223212.90571368,1352565,167427692.2966561,149214676.41415736,166075127.2966561,True,True,0.129,False,False,15,London|TLC1|TLC2|TLD3|TLD4|TLD6|TLE3|TLE4|TLF1|TLG1|TLG2|TLH1|TLH2|TLH3|TLJ1
uk,TLF2,Uni,,10,500,1,GBP,1531.9200000000001,0.24933723448265505,381.96469624866893,164.73156023844837,0.10753274337984252,True,15030142.972770236,164244819.3869276,1352565,253427692.29665607,149214676.41415736,252075127.29665607,True,True,0.21500000000000002,False,False,15,London|TLC1|TLC2|TLD3|TLD4|TLD6|TLE3|TLE4|TLF1|TLG1|TLG2|TLH1|TLH2|TLH3|TLJ1
uk,TLF2,Uni,,20,100,0.5,GBP,1531.9200000000001,0.14754386595052682,226.02539912693106,225.40215057854189,0.14713702450424426,True,9297328.7155767828,61791666.164189681,514709.99999999936,58064771.421942674,52494337.448612899,57550061.421942674,True,True,0.038553799999999999,False,False,15,London|TLC1|TLC2|TLD3|TLD4|TLD6|TLE3|TLE4|TLF1|TLG1|TLG2|TLH1|TLH2|TLH3|TLJ1
uk,TLF2,Uni,,20,300,0.5,GBP,1531.9200000000001,0.14754386595052682,226.02539912693106,225.40215057854189,0.14713702450424426,True,21918623.944135405,91261813.283315986,30044745,72149128.914326385,69343189.339180589,42104383.914326385,True,True,0.12455379999999999,False,False,15,London|TLC1|TLC2|TLD3|TLD4|TLD6|TLE3|TLE4|TLF1|TLG1|TLG2|TLH1|TLH2|TLH3|TLJ1
uk,TLF2,Uni,,20,500,0.5,GBP,1531.9200000000001,0.14754386595052682,226.02539912693106,225.40215057854189,0.14713702450424426,True,27714240.063037455,97112282.004487112,813130.0000000149,90249878.383869022,69398041.941449657,89436748.383869007,True,True,0.21055380000000001,False,False,15,London|TLC1|TLC2|TLD3|TLD4|TLD6|TLE3|TLE4|TLF1|TLG1|TLG2|TLH1|TLH2|TLH3|TLJ1
uk,TLF2,Uni,,20,100,0.80000000000000004,GBP,1531.9200000000001,0.23857226541877538,365.47362484033039,225.40215057854189,0.14713702450424426,True,9297328.7155767828,117906806.11053766,514709.99999999936,118027508.47870438,108609477.39496088,117512798.47870438,True,True,0.038553799999999999,False,False,15,London|TLC1|TLC2|TLD3|TLD4|TLD6|TLE3|TLE4|TLF1|TLG1|TLG2|TLH1|TLH2|TLH3|TLJ1
uk,TLF2,Uni,,20,300,0.80000000000000004,GBP,1531.9200000000001,0.23857226541877538,365.47362484033039,225.40215057854189,0.14713702450424426,True,21918623.944135405,151213161.44234678,30044745,132111865.97108802,129294537.49821138,102067120.97108802,True,True,0.12455379999999999,False,False,15,London|TLC1|TLC2|TLD3|TLD4|TLD6|TLE3|TLE4|TLF1|TLG1|TLG2|TLH1|TLH2|TLH3|TLJ1
uk,TLF2,Uni,,20,500,0.80000000000000004,GBP,1531.9200000000001,0.23857226541877538,365.47362484033039,225.40215057854189,0.14713702450424426,True,27714240.063037455,157075019.06124884,813130.0000000149,150212615.44063073,129360778.99821138,149399485.44063073,True,True,0.21055380000000001,False,False,15,London|TLC1|TLC2|TLD3|TLD4|TLD6|TLE3|TLE4|TLF1|TLG1|TLG2|TLH1|TLH2|TLH3|TLJ1
uk,TLF2,Uni,,20,100,0.90000000000000002,GBP,1531.9200000000001,0.24986216011324433,382.76884032068125,225.40215057854189,0.14713702450424426,True,9297328.7155767828,125255651.28204532,514709.99999999936,125464451.13525525,115958322.56646854,124949741.13525525,True,True,0.038553799999999999,False,False,15,London|TLC1|TLC2|TLD3|TLD4|TLD6|TLE3|TLE4|TLF1|TLG1|TLG2|TLH1|TLH2|TLH3|TLJ1
uk,TLF2,Uni,,20,300,0.90000000000000002,GBP,1531.9200000000001,0.24986216011324433,382.76884032068125,225.40215057854189,0.14713702450424426,True,21918623.944135405,158650104.09889761,30044745,139548808.62763888,136731480.15476221,109504063.62763888,True,True,0.12455379999999999,False,False,15,London|TLC1|TLC2|TLD3|TLD4|TLD6|TLE3|TLE4|TLF1|TLG1|TLG2|TLH1|TLH2|TLH3|TLJ1
uk,TLF2,Uni,,20,500,0.90000000000000002,GBP,1531.9200000000001,0.24986216011324433,382.76884032068125,225.40215057854189,0.14713702450424426,True,27714240.063037455,164511961.71779969,813130.0000000149,157649558.09718159,136797721.65476224,156836428.09718156,True,True,0.21055380000000001,False,False,15,London|TLC1|TLC2|TLD3|TLD4|TLD6|TLE3|TLE4|TLF1|TLG1|TLG2|TLH1|TLH2|TLH3|TLJ1
uk,TLF2,Uni,,20,100,1,GBP,1531.9200000000001,0.26850458711315484,411.3275470903842,225.40215057854189,0.14713702450424426,True,9297328.7155767828,137433129.49996868,514709.99999999936,137744695.04622751,128135800.78439189,137229985.04622751,True,True,0.038553799999999999,False,False,15,London|TLC1|TLC2|TLD3|TLD4|TLD6|TLE3|TLE4|TLF1|TLG1|TLG2|TLH1|TLH2|TLH3|TLJ1
uk,TLF2,Uni,,20,300,1,GBP,1531.9200000000001,0.26850458711315484,411.3275470903842,225.40215057854189,0.14713702450424426,True,21918623.944135405,170930348.00986984,30044745,151829052.53861123,149011724.06573445,121784307.53861123,True,True,0.12455379999999999,False,False,15,London|TLC1|TLC2|TLD3|TLD4|TLD6|TLE3|TLE4|TLF1|TLG1|TLG2|TLH1|TLH2|TLH3|TLJ1
uk,TLF2,Uni,,20,500,1,GBP,1531.9200000000001,0.26850458711315484,411.3275470903842,225.40215057854189,0.14713702450424426,True,27714240.063037455,176792205.6287719,813130.0000000149,169929802.0081538,149077965.56573445,169116672.0081538,True,True,0.21055380000000001,False,False,15,London|TLC1|TLC2|TLD3|TLD4|TLD6|TLE3|TLE4|TLF1|TLG1|TLG2|TLH1|TLH2|TLH3|TLJ1
uk,TLF2,LU,,10,100,0.5,GBP,1531.9200000000001,0.10814084294449999,165.66312012353845,166.20086262106702,0.10849186812696943,False,9938081.1798237879,65309553.758400671,5330280,38627392.958561644,55371472.578576885,33297112.958561644,True,True,0.043000000000000003,False,False,15,London|TLC1|TLC2|TLD3|TLD4|TLD6|TLE3|TLE4|TLF1|TLG1|TLG2|TLH1|TLH2|TLH3|TLJ1
uk,TLF2,LU,,10,300,0.5,GBP,1531.9200000000001,0.10814084294449999,165.66312012353845,166.20086262106702,0.10849186812696943,False,15158809.512364998,71219974.99944976,1398575,77379575.042009979,56061165.487084761,75981000.042009979,True,True,0.129,False,False,15,London|TLC1|TLC2|TLD3|TLD4|TLD6|TLE3|TLE4|TLF1|TLG1|TLG2|TLH1|TLH2|TLH3|TLJ1
uk,TLF2,LU,,10,500,0.5,GBP,1531.9200000000001,0.10814084294449999,165.66312012353845,166.20086262106702,0.10849186812696943,False,15173976.166036796,71235141.653121546,1398575,127749971.58561917,56061165.487084746,126351396.58561917,True,True,0.21500000000000002,False,False,15,London|TLC1|TLC2|TLD3|TLD4|TLD6|TLE3|TLE4|TLF1|TLG1|TLG2|TLH1|TLH2|TLH3|TLJ1
uk,TLF2,LU,,10,100,0.80000000000000004,GBP,1531.9200000000001,0.13739328648395063,210.47552343049367,166.20086262106702,0.10849186812696943,True,9938081.1798237879,84495678.823344067,5330280,57688743.295779131,74557597.643520281,52358463.295779131,True,True,0.043000000000000003,False,False,15,London|TLC1|TLC2|TLD3|TLD4|TLD6|TLE3|TLE4|TLF1|TLG1|TLG2|TLH1|TLH2|TLH3|TLJ1
uk,TLF2,LU,,10,300,0.80000000000000004,GBP,1531.9200000000001,0.13739328648395063,210.47552343049367,166.20086262106702,0.10849186812696943,True,15158809.512364998,90489308.421440527,1398575,96648908.464000732,75330498.909075528,95250333.464000732,True,True,0.129,False,False,15,London|TLC1|TLC2|TLD3|TLD4|TLD6|TLE3|TLE4|TLF1|TLG1|TLG2|TLH1|TLH2|TLH3|TLJ1
uk,TLF2,LU,,10,500,0.80000000000000004,GBP,1531.9200000000001,0.13739328648395063,210.47552343049367,166.20086262106702,0.10849186812696943,True,15173976.166036796,90504475.075112298,1398575,166288638.42960066,75330498.909075499,164890063.42960066,True,True,0.21500000000000002,False,False,15,London|TLC1|TLC2|TLD3|TLD4|TLD6|TLE3|TLE4|TLF1|TLG1|TLG2|TLH1|TLH2|TLH3|TLJ1
uk,TLF2,LU,,10,100,0.90000000000000002,GBP,1531.9200000000001,0.14676574218776511,224.83337577228113,166.20086262106702,0.10849186812696943,True,9938081.1798237879,90663563.195867866,5330280,63862619.802747741,80725482.01604408,58532339.802747741,True,True,0.043000000000000003,False,False,15,London|TLC1|TLC2|TLD3|TLD4|TLD6|TLE3|TLE4|TLF1|TLG1|TLG2|TLH1|TLH2|TLH3|TLJ1
uk,TLF2,LU,,10,300,0.90000000000000002,GBP,1531.9200000000001,0.14676574218776511,224.83337577228113,166.20086262106702,0.10849186812696943,True,15158809.512364998,96663184.92840907,1398575,102822784.97096935,81504375.416044071,101424209.97096935,True,True,0.129,False,False,15,London|TLC1|TLC2|TLD3|TLD4|TLD6|TLE3|TLE4|TLF1|TLG1|TLG2|TLH1|TLH2|TLH3|TLJ1
uk,TLF2,LU,,10,500,0.90000000000000002,GBP,1531.9200000000001,0.14676574218776511,224.83337577228113,166.20086262106702,0.10849186812696943,True,15173976.166036796,96678351.582080871,1398575,178636391.44353789,81504375.416044071,177237816.44353789,True,True,0.21500000000000002,False,False,15,London|TLC1|TLC2|TLD3|TLD4|TLD6|TLE3|TLE4|TLF1|TLG1|TLG2|TLH1|TLH2|TLH3|TLJ1
uk,TLF2,LU,,10,100,1,GBP,1531.9200000000001,0.1844421380150226,282.55060006797345,166.20086262106702,0.10849186812696943,True,9938081.1798237879,115481969.64301559,5330280,88681026.249895453,105543888.46319181,83350746.249895453,True,True,0.043000000000000003,False,False,15,London|TLC1|TLC2|TLD3|TLD4|TLD6|TLE3|TLE4|TLF1|TLG1|TLG2|TLH1|TLH2|TLH3|TLJ1
uk,TLF2,LU,,10,300,1,GBP,1531.9200000000001,0.1844421380150226,282.55060006797345,166.20086262106702,0.10849186812696943,True,15158809.512364998,121481591.37555683,1398575,127641191.41811702,106322781.86319183,126242616.41811702,True,True,0.129,False,False,15,London|TLC1|TLC2|TLD3|TLD4|TLD6|TLE3|TLE4|TLF1|TLG1|TLG2|TLH1|TLH2|TLH3|TLJ1
uk,TLF2,LU,,10,500,1,GBP,1531.9200000000001,0.1844421380150226,282.55060006797345,166.20086262106702,0.10849186812696943,True,15173976.166036796,121496758.02922864,1398575,213641191.41811705,106322781.86319184,212242616.41811705,True,True,0.21500000000000002,False,False,15,London|TLC1|TLC2|TLD3|TLD4|TLD6|TLE3|TLE4|TLF1|TLG1|TLG2|TLH1|TLH2|TLH3|TLJ1
uk,TLF2,LU,,20,100,0.5,GBP,1531.9200000000001,0.13788554474506745,211.22962370586373,211.0497799514344,0.13776814713002924,True,9504636.850337239,56301233.033835821,514709.99999999936,54122434.019142151,46796596.183498584,53607724.019142151,True,True,0.038553799999999999,False,False,15,London|TLC1|TLC2|TLD3|TLD4|TLD6|TLE3|TLE4|TLF1|TLG1|TLG2|TLH1|TLH2|TLH3|TLJ1
uk,TLF2,LU,,20,300,0.5,GBP,1531.9200000000001,0.13788554474506745,211.22962370586373,211.0497799514344,0.13776814713002924,True,22376600.168977171,84966151.752273351,29676665,69739666.401933134,62589551.58329618,40063001.401933134,True,True,0.12455379999999999,False,False,15,London|TLC1|TLC2|TLD3|TLD4|TLD6|TLE3|TLE4|TLF1|TLG1|TLG2|TLH1|TLH2|TLH3|TLJ1
uk,TLF2,LU,,20,500,0.5,GBP,1531.9200000000001,0.13788554474506745,211.22962370586373,211.0497799514344,0.13776814713002924,True,28151801.599361945,90795912.352171808,813130.0000000298,90073974.780675903,62644110.752809867,89260844.780675873,True,True,0.21055380000000001,False,False,15,London|TLC1|TLC2|TLD3|TLD4|TLD6|TLE3|TLE4|TLF1|TLG1|TLG2|TLH1|TLH2|TLH3|TLJ1
uk,TLF2,LU,,20,100,0.80000000000000004,GBP,1531.9200000000001,0.17919897807473806,274.51849849225272,211.0497799514344,0.13776814713002924,True,9504636.850337239,79917441.999169946,514709.99999999936,81336650.177289411,70412805.148832709,80821940.177289411,True,True,0.038553799999999999,False,False,15,London|TLC1|TLC2|TLD3|TLD4|TLD6|TLE3|TLE4|TLF1|TLG1|TLG2|TLH1|TLH2|TLH3|TLJ1
uk,TLF2,LU,,20,300,0.80000000000000004,GBP,1531.9200000000001,0.17919897807473806,274.51849849225272,211.0497799514344,0.13776814713002924,True,22376600.168977171,112168685.57993425,29676665,96953882.560080394,89792085.410957083,67277217.560080394,True,True,0.12455379999999999,False,False,15,London|TLC1|TLC2|TLD3|TLD4|TLD6|TLE3|TLE4|TLF1|TLG1|TLG2|TLH1|TLH2|TLH3|TLJ1
uk,TLF2,LU,,20,500,0.80000000000000004,GBP,1531.9200000000001,0.17919897807473806,274.51849849225272,211.0497799514344,0.13776814713002924,True,28151801.599361945,118010128.51031902,813130.0000000298,117288190.93882315,89858326.910957083,116475060.93882312,True,True,0.21055380000000001,False,False,15,London|TLC1|TLC2|TLD3|TLD4|TLD6|TLE3|TLE4|TLF1|TLG1|TLG2|TLH1|TLH2|TLH3|TLJ1
uk,TLF2,LU,,20,100,0.90000000000000002,GBP,1531.9200000000001,0.19511675788751595,298.90326374304345,211.0497799514344,0.13776814713002924,True,9504636.850337239,89778918.675881833,514709.99999999936,91822099.235129431,80274281.825544596,91307389.235129431,True,True,0.038553799999999999,False,False,15,London|TLC1|TLC2|TLD3|TLD4|TLD6|TLE3|TLE4|TLF1|TLG1|TLG2|TLH1|TLH2|TLH3|TLJ1
uk,TLF2,LU,,20,300,0.90000000000000002,GBP,1531.9200000000001,0.19511675788751595,298.90326374304345,211.0497799514344,0.13776814713002924,True,22376600.168977171,122654134.63777429,29676665,107439331.61792043,100277534.46879712,77762666.617920429,True,True,0.12455379999999999,False,False,15,London|TLC1|TLC2|TLD3|TLD4|TLD6|TLE3|TLE4|TLF1|TLG1|TLG2|TLH1|TLH2|TLH3|TLJ1
uk,TLF2,LU,,20,500,0.90000000000000002,GBP,1531.9200000000001,0.19511675788751595,298.90326374304345,211.0497799514344,0.13776814713002924,True,28151801.599361945,128495577.56815907,813130.0000000298,127773639.99666318,100343775.96879713,126960509.99666315,True,True,0.21055380000000001,False,False,15,London|TLC1|TLC2|TLD3|TLD4|TLD6|TLE3|TLE4|TLF1|TLG1|TLG2|TLH1|TLH2|TLH3|TLJ1
uk,TLF2,LU,,20,100,1,GBP,1531.9200000000001,0.25279013454619531,387.25426291400754,211.0497799514344,0.13776814713002924,True,9504636.850337239,127077691.22183359,514709.99999999936,129813028.87864396,117573054.37149635,129298318.87864396,True,True,0.038553799999999999,False,False,15,London|TLC1|TLC2|TLD3|TLD4|TLD6|TLE3|TLE4|TLF1|TLG1|TLG2|TLH1|TLH2|TLH3|TLJ1
uk,TLF2,LU,,20,300,1,GBP,1531.9200000000001,0.25279013454619531,387.25426291400754,211.0497799514344,0.13776814713002924,True,22376600.168977171,160645064.28128889,29676665,145430261.26143494,138268464.11231172,115753596.26143494,True,True,0.12455379999999999,False,False,15,London|TLC1|TLC2|TLD3|TLD4|TLD6|TLE3|TLE4|TLF1|TLG1|TLG2|TLH1|TLH2|TLH3|TLJ1
uk,TLF2,LU,,20,500,1,GBP,1531.9200000000001,0.25279013454619531,387.25426291400754,211.0497799514344,0.13776814713002924,True,28151801.599361945,166486507.21167365,813130.0000000298,165764569.64017776,138334705.61231169,164951439.64017773,True,True,0.21055380000000001,False,False,15,London|TLC1|TLC2|TLD3|TLD4|TLD6|TLE3|TLE4|TLF1|TLG1|TLG2|TLH1|TLH2|TLH3|TLJ1
uk,TLF2,GNN,42,10,100,0.5,GBP,1531.9200000000001,0.080475159033523869,123.28150562663589,120.77966481941048,0.078842018394831639,True,6642851.8423281908,49138493.807874829,3099010,26031200.942610662,42495641.965546638,22932190.942610662,True,True,0.043000000000000003,False,False,15,London|TLC1|TLC2|TLD3|TLD4|TLD6|TLE3|TLE4|TLF1|TLG1|TLG2|TLH1|TLH2|TLH3|TLJ1
uk,TLF2,GNN,42,10,300,0.5,GBP,1531.9200000000001,0.080475159033523869,123.28150562663589,120.77966481941048,0.078842018394831639,True,9879574.0299678929,53011047.419453442,1274090,74312616.668829978,43131473.389485553,73038526.668829978,True,True,0.129,False,False,15,London|TLC1|TLC2|TLD3|TLD4|TLD6|TLE3|TLE4|TLF1|TLG1|TLG2|TLH1|TLH2|TLH3|TLJ1
uk,TLF2,GNN,42,10,500,0.5,GBP,1531.9200000000001,0.080475159033523869,123.28150562663589,120.77966481941048,0.078842018394831639,True,9879574.0299678911,53011047.419453442,1274090,91841629.571880117,43131473.389485553,90567539.571880117,True,True,0.21500000000000002,False,False,15,London|TLC1|TLC2|TLD3|TLD4|TLD6|TLE3|TLE4|TLF1|TLG1|TLG2|TLH1|TLH2|TLH3|TLJ1
uk,TLF2,GNN,42,10,100,0.80000000000000004,GBP,1531.9200000000001,0.10481476329307282,160.56783218392411,120.77966481941048,0.078842018394831639,True,6642851.8423281908,65070553.191501789,3099010,41741331.745146647,58427701.349173598,38642321.745146647,True,True,0.043000000000000003,False,False,15,London|TLC1|TLC2|TLD3|TLD4|TLD6|TLE3|TLE4|TLF1|TLG1|TLG2|TLH1|TLH2|TLH3|TLJ1
uk,TLF2,GNN,42,10,300,0.80000000000000004,GBP,1531.9200000000001,0.10481476329307282,160.56783218392411,120.77966481941048,0.078842018394831639,True,9879574.0299678929,69044167.839087367,1274090,90345737.088463902,59164593.809119478,89071647.088463902,True,True,0.129,False,False,15,London|TLC1|TLC2|TLD3|TLD4|TLD6|TLE3|TLE4|TLF1|TLG1|TLG2|TLH1|TLH2|TLH3|TLJ1
uk,TLF2,GNN,42,10,500,0.80000000000000004,GBP,1531.9200000000001,0.10481476329307282,160.56783218392411,120.77966481941048,0.078842018394831639,True,9879574.0299678911,69044167.839087367,1274090,123907870.41114798,59164593.809119478,122633780.41114798,True,True,0.21500000000000002,False,False,15,London|TLC1|TLC2|TLD3|TLD4|TLD6|TLE3|TLE4|TLF1|TLG1|TLG2|TLH1|TLH2|TLH3|TLJ1
uk,TLF2,GNN,42,10,100,0.90000000000000002,GBP,1531.9200000000001,0.11761736880872931,180.1803996254686,120.77966481941048,0.078842018394831639,True,6642851.8423281908,73488596.327840388,3099010,50174735.745010771,66845744.485512197,47075725.745010771,True,True,0.043000000000000003,False,False,15,London|TLC1|TLC2|TLD3|TLD4|TLD6|TLE3|TLE4|TLF1|TLG1|TLG2|TLH1|TLH2|TLH3|TLJ1
uk,TLF2,GNN,42,10,300,0.90000000000000002,GBP,1531.9200000000001,0.11761736880872931,180.1803996254686,120.77966481941048,0.078842018394831639,True,9879574.0299678929,77477571.838951513,1274090,98779141.088328019,67597997.808983624,97505051.088328019,True,True,0.129,False,False,15,London|TLC1|TLC2|TLD3|TLD4|TLD6|TLE3|TLE4|TLF1|TLG1|TLG2|TLH1|TLH2|TLH3|TLJ1
uk,TLF2,GNN,42,10,500,0.90000000000000002,GBP,1531.9200000000001,0.11761736880872931,180.1803996254686,120.77966481941048,0.078842018394831639,True,9879574.0299678911,77477571.838951513,1274090,140774678.41087621,67597997.808983624,139500588.41087621,True,True,0.21500000000000002,False,False,15,London|TLC1|TLC2|TLD3|TLD4|TLD6|TLE3|TLE4|TLF1|TLG1|TLG2|TLH1|TLH2|TLH3|TLJ1
uk,TLF2,GNN,42,10,100,1,GBP,1531.9200000000001,0.1290144261103755,197.63977964700643,120.77966481941048,0.078842018394831639,True,6642851.8423281908,80993740.770214617,3099010,57682269.154272057,74350888.927886426,54583259.154272057,True,True,0.043000000000000003,False,False,15,London|TLC1|TLC2|TLD3|TLD4|TLD6|TLE3|TLE4|TLF1|TLG1|TLG2|TLH1|TLH2|TLH3|TLJ1
uk,TLF2,GNN,42,10,300,1,GBP,1531.9200000000001,0.1290144261103755,197.63977964700643,120.77966481941048,0.078842018394831639,True,9879574.0299678929,84985105.248212785,1274090,106286674.49758932,75105531.218244895,105012584.49758932,True,True,0.129,False,False,15,London|TLC1|TLC2|TLD3|TLD4|TLD6|TLE3|TLE4|TLF1|TLG1|TLG2|TLH1|TLH2|TLH3|TLJ1
uk,TLF2,GNN,42,10,500,1,GBP,1531.9200000000001,0.1290144261103755,197.63977964700643,120.77966481941048,0.078842018394831639,True,9879574.0299678911,84985105.248212785,1274090,155789745.22939873,75105531.218244895,154515655.22939873,True,True,0.21500000000000002,False,False,15,London|TLC1|TLC2|TLD3|TLD4|TLD6|TLE3|TLE4|TLF1|TLG1|TLG2|TLH1|TLH2|TLH3|TLJ1
uk,TLF2,GNN,42,20,100,0.5,GBP,1531.9200000000001,0.11143395583800558,170.70790562735752,161.43779416175454,0.1053826532467456,True,5933639.2570863701,44377109.505599774,0,43864034.011692479,38443470.248513401,43864034.011692479,True,True,0.038553799999999999,True,False,15,London|TLC1|TLC2|TLD3|TLD4|TLD6|TLE3|TLE4|TLF1|TLG1|TLG2|TLH1|TLH2|TLH3|TLJ1
uk,TLF2,GNN,42,20,300,0.5,GBP,1531.9200000000001,0.11143395583800558,170.70790562735752,161.43779416175454,0.1053826532467456,True,14529592.997827347,69917070.095061556,24198680.000000015,55301679.940961316,55387477.097234204,31102999.940961301,True,True,0.12455379999999999,False,False,15,London|TLC1|TLC2|TLD3|TLD4|TLD6|TLE3|TLE4|TLF1|TLG1|TLG2|TLH1|TLH2|TLH3|TLJ1
uk,TLF2,GNN,42,20,500,0.5,GBP,1531.9200000000001,0.11143395583800558,170.70790562735752,161.43779416175454,0.1053826532467456,True,17956750.524779867,73404399.419763744,74605,90282996.988976792,55447648.894983873,90208391.988976792,True,True,0.21055380000000001,False,False,15,London|TLC1|TLC2|TLD3|TLD4|TLD6|TLE3|TLE4|TLF1|TLG1|TLG2|TLH1|TLH2|TLH3|TLJ1
uk,TLF2,GNN,42,20,100,0.80000000000000004,GBP,1531.9200000000001,0.13006400478392985,199.24765020859783,161.43779416175454,0.1053826532467456,True,5933639.2570863701,55081216.560579009,0,56136124.181625821,49147577.303492635,56136124.181625821,True,True,0.038553799999999999,True,False,15,London|TLC1|TLC2|TLD3|TLD4|TLD6|TLE3|TLE4|TLF1|TLG1|TLG2|TLH1|TLH2|TLH3|TLJ1
uk,TLF2,GNN,42,20,300,0.80000000000000004,GBP,1531.9200000000001,0.13006400478392985,199.24765020859783,161.43779416175454,0.1053826532467456,True,14529592.997827347,82183090.562744573,24198680.000000015,67573770.110894665,67653497.564917222,43375090.11089465,True,True,0.12455379999999999,False,False,15,London|TLC1|TLC2|TLD3|TLD4|TLD6|TLE3|TLE4|TLF1|TLG1|TLG2|TLH1|TLH2|TLH3|TLJ1
uk,TLF2,GNN,42,20,500,0.80000000000000004,GBP,1531.9200000000001,0.13006400478392985,199.24765020859783,161.43779416175454,0.1053826532467456,True,17956750.524779867,85676489.589697093,74605,102555087.15891013,67719739.064917222,102480482.15891013,True,True,0.21055380000000001,False,False,15,London|TLC1|TLC2|TLD3|TLD4|TLD6|TLE3|TLE4|TLF1|TLG1|TLG2|TLH1|TLH2|TLH3|TLJ1
uk,TLF2,GNN,42,20,100,0.90000000000000002,GBP,1531.9200000000001,0.13835071718294606,211.94223066689872,161.43779416175454,0.1053826532467456,True,5933639.2570863701,59936226.487213299,0,61594793.778695188,54002587.230126932,61594793.778695188,True,True,0.038553799999999999,True,False,15,London|TLC1|TLC2|TLD3|TLD4|TLD6|TLE3|TLE4|TLF1|TLG1|TLG2|TLH1|TLH2|TLH3|TLJ1
uk,TLF2,GNN,42,20,300,0.90000000000000002,GBP,1531.9200000000001,0.13835071718294606,211.94223066689872,161.43779416175454,0.1053826532467456,True,14529592.997827347,87641760.159813911,24198680.000000015,73032439.707964033,73112167.16198656,48833759.707964018,True,True,0.12455379999999999,False,False,15,London|TLC1|TLC2|TLD3|TLD4|TLD6|TLE3|TLE4|TLF1|TLG1|TLG2|TLH1|TLH2|TLH3|TLJ1
uk,TLF2,GNN,42,20,500,0.90000000000000002,GBP,1531.9200000000001,0.13835071718294606,211.94223066689872,161.43779416175454,0.1053826532467456,True,17956750.524779867,91135159.186766446,74605,108013756.75597951,73178408.661986575,107939151.75597951,True,True,0.21055380000000001,False,False,15,London|TLC1|TLC2|TLD3|TLD4|TLD6|TLE3|TLE4|TLF1|TLG1|TLG2|TLH1|TLH2|TLH3|TLJ1
uk,TLF2,GNN,42,20,100,1,GBP,1531.9200000000001,0.18426215839381918,282.2748856866595,161.43779416175454,0.1053826532467456,True,5933639.2570863701,87846512.91016084,0,91837835.437192321,81912873.653074473,91837835.437192321,True,True,0.038553799999999999,True,False,15,London|TLC1|TLC2|TLD3|TLD4|TLD6|TLE3|TLE4|TLF1|TLG1|TLG2|TLH1|TLH2|TLH3|TLJ1
uk,TLF2,GNN,42,20,300,1,GBP,1531.9200000000001,0.18426215839381918,282.2748856866595,161.43779416175454,0.1053826532467456,True,14529592.997827347,117884801.81831107,24198680.000000015,103275481.36646117,103355208.82048371,79076801.366461158,True,True,0.12455379999999999,False,False,15,London|TLC1|TLC2|TLD3|TLD4|TLD6|TLE3|TLE4|TLF1|TLG1|TLG2|TLH1|TLH2|TLH3|TLJ1
uk,TLF2,GNN,42,20,500,1,GBP,1531.9200000000001,0.18426215839381918,282.2748856866595,161.43779416175454,0.1053826532467456,True,17956750.524779867,121378200.8452636,74605,138256798.41447666,103421450.32048373,138182193.41447666,True,True,0.21055380000000001,False,False,15,London|TLC1|TLC2|TLD3|TLD4|TLD6|TLE3|TLE4|TLF1|TLG1|TLG2|TLH1|TLH2|TLH3|TLJ1
uk,TLF2,GNN,123,10,100,0.5,GBP,1531.9200000000001,0.077646806699874185,118.94869611967127,113.72013569635497,0.074233730022687197,True,6541449.6656453572,47493199.54597754,3099010,26828297.504682686,40951749.880332187,23729287.504682686,True,True,0.043000000000000003,False,False,15,London|TLC1|TLC2|TLD3|TLD4|TLD6|TLE3|TLE4|TLF1|TLG1|TLG2|TLH1|TLH2|TLH3|TLJ1
uk,TLF2,GNN,123,10,300,0.5,GBP,1531.9200000000001,0.077646806699874185,118.94869611967127,113.72013569635497,0.074233730022687197,True,9557856.7069438547,51147939.331458665,1215180,75332259.42877838,41590082.624514811,74117079.42877838,True,True,0.129,False,False,15,London|TLC1|TLC2|TLD3|TLD4|TLD6|TLE3|TLE4|TLF1|TLG1|TLG2|TLH1|TLH2|TLH3|TLJ1
uk,TLF2,GNN,123,10,500,0.5,GBP,1531.9200000000001,0.077646806699874185,118.94869611967127,113.72013569635497,0.074233730022687197,True,9557856.7069438547,51147939.331458665,1215180,87591044.887752593,41590082.624514811,86375864.887752593,True,True,0.21500000000000002,False,False,15,London|TLC1|TLC2|TLD3|TLD4|TLD6|TLE3|TLE4|TLF1|TLG1|TLG2|TLH1|TLH2|TLH3|TLJ1
uk,TLF2,GNN,123,10,100,0.80000000000000004,GBP,1531.9200000000001,0.10761152358212096,164.85224520592274,113.72013569635497,0.074233730022687197,True,6541449.6656453572,67132477.052504972,3099010,46305726.945135832,60591027.386859611,43206716.945135832,True,True,0.043000000000000003,False,False,15,London|TLC1|TLC2|TLD3|TLD4|TLD6|TLE3|TLE4|TLF1|TLG1|TLG2|TLH1|TLH2|TLH3|TLJ1
uk,TLF2,GNN,123,10,300,0.80000000000000004,GBP,1531.9200000000001,0.10761152358212096,164.85224520592274,113.72013569635497,0.074233730022687197,True,9557856.7069438547,70886465.438546777,1215180,95070785.535866514,61328608.731602922,93855605.535866514,True,True,0.129,False,False,15,London|TLC1|TLC2|TLD3|TLD4|TLD6|TLE3|TLE4|TLF1|TLG1|TLG2|TLH1|TLH2|TLH3|TLJ1
uk,TLF2,GNN,123,10,500,0.80000000000000004,GBP,1531.9200000000001,0.10761152358212096,164.85224520592274,113.72013569635497,0.074233730022687197,True,9557856.7069438547,70886465.438546777,1215180,127068097.1019289,61328608.731602922,125852917.1019289,True,True,0.21500000000000002,False,False,15,London|TLC1|TLC2|TLD3|TLD4|TLD6|TLE3|TLE4|TLF1|TLG1|TLG2|TLH1|TLH2|TLH3|TLJ1
uk,TLF2,GNN,123,10,100,0.90000000000000002,GBP,1531.9200000000001,0.11442878970122268,175.29575151909705,113.72013569635497,0.074233730022687197,True,6541449.6656453572,71616810.3892335,3099010,50796434.659800775,65075360.723588139,47697424.659800775,True,True,0.043000000000000003,False,False,15,London|TLC1|TLC2|TLD3|TLD4|TLD6|TLE3|TLE4|TLF1|TLG1|TLG2|TLH1|TLH2|TLH3|TLJ1
uk,TLF2,GNN,123,10,300,0.90000000000000002,GBP,1531.9200000000001,0.11442878970122268,175.29575151909705,113.72013569635497,0.074233730022687197,True,9557856.7069438547,75377173.153211728,1215180,99561493.250531465,65819316.446267873,98346313.250531465,True,True,0.129,False,False,15,London|TLC1|TLC2|TLD3|TLD4|TLD6|TLE3|TLE4|TLF1|TLG1|TLG2|TLH1|TLH2|TLH3|TLJ1
uk,TLF2,GNN,123,10,500,0.90000000000000002,GBP,1531.9200000000001,0.11442878970122268,175.29575151909705,113.72013569635497,0.074233730022687197,True,9557856.7069438547,75377173.153211743,1215180,136049512.53125876,65819316.446267888,134834332.53125876,True,True,0.21500000000000002,False,False,15,London|TLC1|TLC2|TLD3|TLD4|TLD6|TLE3|TLE4|TLF1|TLG1|TLG2|TLH1|TLH2|TLH3|TLJ1
uk,TLF2,GNN,123,10,100,1,GBP,1531.9200000000001,0.11859490231483208,181.67790275413756,113.72013569635497,0.074233730022687197,True,6541449.6656453572,74360016.538617954,3099010,53540759.690868214,67818566.872972593,50441749.690868214,True,True,0.043000000000000003,False,False,15,London|TLC1|TLC2|TLD3|TLD4|TLD6|TLE3|TLE4|TLF1|TLG1|TLG2|TLH1|TLH2|TLH3|TLJ1
uk,TLF2,GNN,123,10,300,1,GBP,1531.9200000000001,0.11859490231483208,181.67790275413756,113.72013569635497,0.074233730022687197,True,9557856.7069438547,78121498.184279174,1215180,102305818.28159885,68563641.477335319,101090638.28159885,True,True,0.129,False,False,15,London|TLC1|TLC2|TLD3|TLD4|TLD6|TLE3|TLE4|TLF1|TLG1|TLG2|TLH1|TLH2|TLH3|TLJ1
uk,TLF2,GNN,123,10,500,1,GBP,1531.9200000000001,0.11859490231483208,181.67790275413756,113.72013569635497,0.074233730022687197,True,9557856.7069438547,78121498.184279189,1215180,141538162.59339362,68563641.477335334,140322982.59339362,True,True,0.21500000000000002,False,False,15,London|TLC1|TLC2|TLD3|TLD4|TLD6|TLE3|TLE4|TLF1|TLG1|TLG2|TLH1|TLH2|TLH3|TLJ1
uk,TLF2,GNN,123,20,100,0.5,GBP,1531.9200000000001,0.10479265204263445,160.53395951715257,157.24631603152272,0.10264655858760426,True,5577048.5469345413,41049009.854496174,0,40824741.070217982,35471961.307561636,40824741.070217982,True,True,0.038553799999999999,True,False,15,London|TLC1|TLC2|TLD3|TLD4|TLD6|TLE3|TLE4|TLF1|TLG1|TLG2|TLH1|TLH2|TLH3|TLJ1
uk,TLF2,GNN,123,20,300,0.5,GBP,1531.9200000000001,0.10479265204263445,160.53395951715257,157.24631603152272,0.10264655858760426,True,13913990.240191722,65777537.409651488,23502940.000000019,51248837.695342571,51863547.169459768,27745897.695342552,True,True,0.12455379999999999,False,False,15,London|TLC1|TLC2|TLD3|TLD4|TLD6|TLE3|TLE4|TLF1|TLG1|TLG2|TLH1|TLH2|TLH3|TLJ1
uk,TLF2,GNN,123,20,500,0.5,GBP,1531.9200000000001,0.10479265204263445,160.53395951715257,157.24631603152272,0.10264655858760426,True,17112674.504790094,69029602.592375636,74605,88006777.20862332,51916928.087585539,87932172.20862332,True,True,0.21055380000000001,False,False,15,London|TLC1|TLC2|TLD3|TLD4|TLD6|TLE3|TLE4|TLF1|TLG1|TLG2|TLH1|TLH2|TLH3|TLJ1
uk,TLF2,GNN,123,20,100,0.80000000000000004,GBP,1531.9200000000001,0.12726181798483485,194.95492420732822,157.24631603152272,0.10264655858760426,True,5577048.5469345413,53873937.611278526,0,55625755.886993505,48296889.064343989,55625755.886993505,True,True,0.038553799999999999,True,False,15,London|TLC1|TLC2|TLD3|TLD4|TLD6|TLE3|TLE4|TLF1|TLG1|TLG2|TLH1|TLH2|TLH3|TLJ1
uk,TLF2,GNN,123,20,300,0.80000000000000004,GBP,1531.9200000000001,0.12726181798483485,194.95492420732822,157.24631603152272,0.10264655858760426,True,13913990.240191722,80565691.644552737,23502940.000000019,66049852.512118101,66651701.404361017,42546912.512118086,True,True,0.12455379999999999,False,False,15,London|TLC1|TLC2|TLD3|TLD4|TLD6|TLE3|TLE4|TLF1|TLG1|TLG2|TLH1|TLH2|TLH3|TLJ1
uk,TLF2,GNN,123,20,500,0.80000000000000004,GBP,1531.9200000000001,0.12726181798483485,194.95492420732822,157.24631603152272,0.10264655858760426,True,17112674.504790094,83830617.409151137,74605,102807792.02539885,66717942.904361039,102733187.02539885,True,True,0.21055380000000001,False,False,15,London|TLC1|TLC2|TLD3|TLD4|TLD6|TLE3|TLE4|TLF1|TLG1|TLG2|TLH1|TLH2|TLH3|TLJ1
uk,TLF2,GNN,123,20,100,0.90000000000000002,GBP,1531.9200000000001,0.1489971008547481,228.25163874140571,157.24631603152272,0.10264655858760426,True,5577048.5469345413,66700549.042117886,0,69943343.136646837,61123500.495183349,69943343.136646837,True,True,0.038553799999999999,True,False,15,London|TLC1|TLC2|TLD3|TLD4|TLD6|TLE3|TLE4|TLF1|TLG1|TLG2|TLH1|TLH2|TLH3|TLJ1
uk,TLF2,GNN,123,20,300,0.90000000000000002,GBP,1531.9200000000001,0.1489971008547481,228.25163874140571,157.24631603152272,0.10264655858760426,True,13913990.240191722,94883278.894206077,23502940.000000019,80367439.761771426,80969288.654014349,56864499.761771411,True,True,0.12455379999999999,False,False,15,London|TLC1|TLC2|TLD3|TLD4|TLD6|TLE3|TLE4|TLF1|TLG1|TLG2|TLH1|TLH2|TLH3|TLJ1
uk,TLF2,GNN,123,20,500,0.90000000000000002,GBP,1531.9200000000001,0.1489971008547481,228.25163874140571,157.24631603152272,0.10264655858760426,True,17112674.504790094,98148204.658804446,74605,117125379.27505219,81035530.154014349,117050774.27505219,True,True,0.21055380000000001,False,False,15,London|TLC1|TLC2|TLD3|TLD4|TLD6|TLE3|TLE4|TLF1|TLG1|TLG2|TLH1|TLH2|TLH3|TLJ1
uk,TLF2,GNN,123,20,100,1,GBP,1531.9200000000001,0.16208594624878639,248.30270277744086,157.24631603152272,0.10264655858760426,True,5577048.5469345413,74615045.181670934,0,78565300.672141939,69037996.634736389,78565300.672141939,True,True,0.038553799999999999,True,False,15,London|TLC1|TLC2|TLD3|TLD4|TLD6|TLE3|TLE4|TLF1|TLG1|TLG2|TLH1|TLH2|TLH3|TLJ1
uk,TLF2,GNN,123,20,300,1,GBP,1531.9200000000001,0.16208594624878639,248.30270277744086,157.24631603152272,0.10264655858760426,True,13913990.240191722,103505236.42970121,23502940.000000019,88989397.297266543,89591246.189509481,65486457.297266528,True,True,0.12455379999999999,False,False,15,London|TLC1|TLC2|TLD3|TLD4|TLD6|TLE3|TLE4|TLF1|TLG1|TLG2|TLH1|TLH2|TLH3|TLJ1
uk,TLF2,GNN,123,20,500,1,GBP,1531.9200000000001,0.16208594624878639,248.30270277744086,157.24631603152272,0.10264655858760426,True,17112674.504790094,106770162.19429959,74605,125747336.81054731,89657487.689509496,125672731.81054731,True,True,0.21055380000000001,False,False,15,London|TLC1|TLC2|TLD3|TLD4|TLD6|TLE3|TLE4|TLF1|TLG1|TLG2|TLH1|TLH2|TLH3|TLJ1
uk,TLF2,GNN,456,10,100,0.5,GBP,1531.9200000000001,0.081310349382180944,124.56095042555064,93.436990005824782,0.060993387386955443,True,6126217.0770432968,50492875.32703276,2721470.0000000009,33288693.714408241,44366658.249989465,30567223.714408241,True,True,0.043000000000000003,False,False,15,London|TLC1|TLC2|TLD3|TLD4|TLD6|TLE3|TLE4|TLF1|TLG1|TLG2|TLH1|TLH2|TLH3|TLJ1
uk,TLF2,GNN,456,10,300,0.5,GBP,1531.9200000000001,0.081310349382180944,124.56095042555064,93.436990005824782,0.060993387386955443,True,8489851.8023149874,53561208.682986788,922995,86173607.424446255,45071356.880671799,85250612.424446255,True,True,0.129,False,False,15,London|TLC1|TLC2|TLD3|TLD4|TLD6|TLE3|TLE4|TLF1|TLG1|TLG2|TLH1|TLH2|TLH3|TLJ1
uk,TLF2,GNN,456,10,500,0.5,GBP,1531.9200000000001,0.081310349382180944,124.56095042555064,93.436990005824782,0.060993387386955443,True,8489851.8023149893,53561208.682986788,922995,93016945.534021512,45071356.880671799,92093950.534021512,True,True,0.21500000000000002,False,False,15,London|TLC1|TLC2|TLD3|TLD4|TLD6|TLE3|TLE4|TLF1|TLG1|TLG2|TLH1|TLH2|TLH3|TLJ1
uk,TLF2,GNN,456,10,100,0.80000000000000004,GBP,1531.9200000000001,0.10976070553265407,168.14462001958344,93.436990005824782,0.060993387386955443,True,6126217.0770432968,69205143.948943242,2721470.0000000009,52029671.639842346,63078926.871899948,49308201.639842346,True,True,0.043000000000000003,False,False,15,London|TLC1|TLC2|TLD3|TLD4|TLD6|TLE3|TLE4|TLF1|TLG1|TLG2|TLH1|TLH2|TLH3|TLJ1
uk,TLF2,GNN,456,10,300,0.80000000000000004,GBP,1531.9200000000001,0.10976070553265407,168.14462001958344,93.436990005824782,0.060993387386955443,True,8489851.8023149874,72302186.608420864,922995,104914585.34988035,63812334.806105874,103991590.34988035,True,True,0.129,False,False,15,London|TLC1|TLC2|TLD3|TLD4|TLD6|TLE3|TLE4|TLF1|TLG1|TLG2|TLH1|TLH2|TLH3|TLJ1
uk,TLF2,GNN,456,10,500,0.80000000000000004,GBP,1531.9200000000001,0.10976070553265407,168.14462001958344,93.436990005824782,0.060993387386955443,True,8489851.8023149893,72302186.608420864,922995,130498901.38488972,63812334.806105874,129575906.38488972,True,True,0.21500000000000002,False,False,15,London|TLC1|TLC2|TLD3|TLD4|TLD6|TLE3|TLE4|TLF1|TLG1|TLG2|TLH1|TLH2|TLH3|TLJ1
uk,TLF2,GNN,456,10,100,0.90000000000000002,GBP,1531.9200000000001,0.11634754585348168,178.23513244386567,93.436990005824782,0.060993387386955443,True,6126217.0770432968,73544064.291384578,2721470.0000000009,56368591.982283726,67417847.214341283,53647121.982283726,True,True,0.043000000000000003,False,False,15,London|TLC1|TLC2|TLD3|TLD4|TLD6|TLE3|TLE4|TLF1|TLG1|TLG2|TLH1|TLH2|TLH3|TLJ1
uk,TLF2,GNN,456,10,300,0.90000000000000002,GBP,1531.9200000000001,0.11634754585348168,178.23513244386567,93.436990005824782,0.060993387386955443,True,8489851.8023149874,76641106.950862244,922995,109253505.69232173,68151255.148547262,108330510.69232173,True,True,0.129,False,False,15,London|TLC1|TLC2|TLD3|TLD4|TLD6|TLE3|TLE4|TLF1|TLG1|TLG2|TLH1|TLH2|TLH3|TLJ1
uk,TLF2,GNN,456,10,500,0.90000000000000002,GBP,1531.9200000000001,0.11634754585348168,178.23513244386567,93.436990005824782,0.060993387386955443,True,8489851.8023149893,76641106.950862274,922995,139176742.06977239,68151255.148547292,138253747.06977239,True,True,0.21500000000000002,False,False,15,London|TLC1|TLC2|TLD3|TLD4|TLD6|TLE3|TLE4|TLF1|TLG1|TLG2|TLH1|TLH2|TLH3|TLJ1
uk,TLF2,GNN,456,10,100,1,GBP,1531.9200000000001,0.13218543938455474,202.4975183019871,93.436990005824782,0.060993387386955443,True,6126217.0770432968,83976890.210376799,2721470.0000000009,66801417.901275948,77850673.133333504,64079947.901275948,True,True,0.043000000000000003,False,False,15,London|TLC1|TLC2|TLD3|TLD4|TLD6|TLE3|TLE4|TLF1|TLG1|TLG2|TLH1|TLH2|TLH3|TLJ1
uk,TLF2,GNN,456,10,300,1,GBP,1531.9200000000001,0.13218543938455474,202.4975183019871,93.436990005824782,0.060993387386955443,True,8489851.8023149874,87073932.869854465,922995,119686331.61131394,78584081.067539483,118763336.61131394,True,True,0.129,False,False,15,London|TLC1|TLC2|TLD3|TLD4|TLD6|TLE3|TLE4|TLF1|TLG1|TLG2|TLH1|TLH2|TLH3|TLJ1
uk,TLF2,GNN,456,10,500,1,GBP,1531.9200000000001,0.13218543938455474,202.4975183019871,93.436990005824782,0.060993387386955443,True,8489851.8023149893,87073932.869854465,922995,160042393.90775689,78584081.067539483,159119398.90775689,True,True,0.21500000000000002,False,False,15,London|TLC1|TLC2|TLD3|TLD4|TLD6|TLE3|TLE4|TLF1|TLG1|TLG2|TLH1|TLH2|TLH3|TLJ1
uk,TLF2,GNN,456,20,100,0.5,GBP,1531.9200000000001,0.11455621107299449,175.49095086694172,132.38241613149779,0.086416011365800946,True,4868672.0372383911,46902053.333528139,0,48227397.102940619,42033381.296289749,48227397.102940619,True,True,0.038553799999999999,True,False,15,London|TLC1|TLC2|TLD3|TLD4|TLD6|TLE3|TLE4|TLF1|TLG1|TLG2|TLH1|TLH2|TLH3|TLJ1
uk,TLF2,GNN,456,20,300,0.5,GBP,1531.9200000000001,0.11455621107299449,175.49095086694172,132.38241613149779,0.086416011365800946,True,12868159.629164213,73157835.727750063,22389240.000000019,64099389.876340546,60289676.098585851,41710149.876340523,True,True,0.12455379999999999,False,False,15,London|TLC1|TLC2|TLD3|TLD4|TLD6|TLE3|TLE4|TLF1|TLG1|TLG2|TLH1|TLH2|TLH3|TLJ1
uk,TLF2,GNN,456,20,500,0.5,GBP,1531.9200000000001,0.11455621107299449,175.49095086694172,132.38241613149779,0.086416011365800946,True,15105191.274199102,75461108.872784972,74605,104566719.65259279,60355917.598585874,104492114.65259279,True,True,0.21055380000000001,False,False,15,London|TLC1|TLC2|TLD3|TLD4|TLD6|TLE3|TLE4|TLF1|TLG1|TLG2|TLH1|TLH2|TLH3|TLJ1
uk,TLF2,GNN,456,20,100,0.80000000000000004,GBP,1531.9200000000001,0.15453254388651785,236.73149463063444,132.38241613149779,0.086416011365800946,True,4868672.0372383911,70727713.104633823,0,74560830.92132847,65859041.067395434,74560830.92132847,True,True,0.038553799999999999,True,False,15,London|TLC1|TLC2|TLD3|TLD4|TLD6|TLE3|TLE4|TLF1|TLG1|TLG2|TLH1|TLH2|TLH3|TLJ1
uk,TLF2,GNN,456,20,300,0.80000000000000004,GBP,1531.9200000000001,0.15453254388651785,236.73149463063444,132.38241613149779,0.086416011365800946,True,12868159.629164213,99491269.546137944,22389240.000000019,90432823.694728389,86623109.916973725,68043583.694728374,True,True,0.12455379999999999,False,False,15,London|TLC1|TLC2|TLD3|TLD4|TLD6|TLE3|TLE4|TLF1|TLG1|TLG2|TLH1|TLH2|TLH3|TLJ1
uk,TLF2,GNN,456,20,500,0.80000000000000004,GBP,1531.9200000000001,0.15453254388651785,236.73149463063444,132.38241613149779,0.086416011365800946,True,15105191.274199102,101794542.69117284,74605,130900153.47098061,86689351.41697374,130825548.47098061,True,True,0.21055380000000001,False,False,15,London|TLC1|TLC2|TLD3|TLD4|TLD6|TLE3|TLE4|TLF1|TLG1|TLG2|TLH1|TLH2|TLH3|TLJ1
uk,TLF2,GNN,456,20,100,0.90000000000000002,GBP,1531.9200000000001,0.15691380366206784,240.37939410599498,132.38241613149779,0.086416011365800946,True,4868672.0372383911,72201159.143591642,0,76129427.695733473,67332487.106353253,76129427.695733473,True,True,0.038553799999999999,True,False,15,London|TLC1|TLC2|TLD3|TLD4|TLD6|TLE3|TLE4|TLF1|TLG1|TLG2|TLH1|TLH2|TLH3|TLJ1
uk,TLF2,GNN,456,20,300,0.90000000000000002,GBP,1531.9200000000001,0.15691380366206784,240.37939410599498,132.38241613149779,0.086416011365800946,True,12868159.629164213,101059866.32054293,22389240.000000019,92001420.469133407,88191706.691378713,69612180.469133392,True,True,0.12455379999999999,False,False,15,London|TLC1|TLC2|TLD3|TLD4|TLD6|TLE3|TLE4|TLF1|TLG1|TLG2|TLH1|TLH2|TLH3|TLJ1
uk,TLF2,GNN,456,20,500,0.90000000000000002,GBP,1531.9200000000001,0.15691380366206784,240.37939410599498,132.38241613149779,0.086416011365800946,True,15105191.274199102,103363139.46557786,74605,132468750.24538574,88257948.191378757,132394145.24538574,True,True,0.21055380000000001,False,False,15,London|TLC1|TLC2|TLD3|TLD4|TLD6|TLE3|TLE4|TLF1|TLG1|TLG2|TLH1|TLH2|TLH3|TLJ1
uk,TLF2,GNN,456,20,100,1,GBP,1531.9200000000001,0.17087764559264457,261.7708828362841,132.38241613149779,0.086416011365800946,True,4868672.0372383911,80964365.867917299,0,85327767.84975782,76095693.83067891,85327767.84975782,True,True,0.038553799999999999,True,False,15,London|TLC1|TLC2|TLD3|TLD4|TLD6|TLE3|TLE4|TLF1|TLG1|TLG2|TLH1|TLH2|TLH3|TLJ1
uk,TLF2,GNN,456,20,300,1,GBP,1531.9200000000001,0.17087764559264457,261.7708828362841,132.38241613149779,0.086416011365800946,True,12868159.629164213,110258206.47456729,22389240.000000019,101199760.62315774,97390046.845403075,78810520.623157725,True,True,0.12455379999999999,False,False,15,London|TLC1|TLC2|TLD3|TLD4|TLD6|TLE3|TLE4|TLF1|TLG1|TLG2|TLH1|TLH2|TLH3|TLJ1
uk,TLF2,GNN,456,20,500,1,GBP,1531.9200000000001,0.17087764559264457,261.7708828362841,132.38241613149779,0.086416011365800946,True,15105191.274199102,112561479.6196022,74605,141667090.39940998,97456288.345403105,141592485.39940998,True,True,0.21055380000000001,False,False,15,London|TLC1|TLC2|TLD3|TLD4|TLD6|TLE3|TLE4|TLF1|TLG1|TLG2|TLH1|TLH2|TLH3|TLJ1
uk,TLG1,Uni,,10,100,0.5,GBP,1033.29,0.12200609890555539,126.06768193812132,127.02614707113622,0.12293368470723245,False,8642636.4595999457,51160537.826704971,8591889.6707725879,39842977.828363389,42517901.367105022,31251088.157590799,True,True,0.051484391190329423,False,False,15,London|TLC1|TLC2|TLD3|TLD4|TLD6|TLE3|TLE4|TLF1|TLF2|TLG2|TLH1|TLH2|TLH3|TLJ1
uk,TLG1,Uni,,10,300,0.5,GBP,1033.29,0.12200609890555539,126.06768193812132,127.02614707113622,0.12293368470723245,False,11408919.503370656,54209103.233392186,3719117.3661807179,96292554.344455928,42800183.730021529,92573436.97827521,True,True,0.15445317357098826,False,False,15,London|TLC1|TLC2|TLD3|TLD4|TLD6|TLE3|TLE4|TLF1|TLF2|TLG2|TLH1|TLH2|TLH3|TLJ1
uk,TLG1,Uni,,10,500,0.5,GBP,1033.29,0.12200609890555539,126.06768193812132,127.02614707113622,0.12293368470723245,False,11408919.503370656,54209103.233392209,1394573.3538629711,99001684.267295361,42800183.730021551,97607110.913432389,True,True,0.25742195595164707,False,False,15,London|TLC1|TLC2|TLD3|TLD4|TLD6|TLE3|TLE4|TLF1|TLF2|TLG2|TLH1|TLH2|TLH3|TLJ1
uk,TLG1,Uni,,10,100,0.80000000000000004,GBP,1033.29,0.17494274056401779,180.76658439739393,127.02614707113622,0.12293368470723245,True,8642636.4595999457,74671586.79710868,8591889.6707725879,63363505.885850623,66028950.337508738,54771616.215078034,True,True,0.051484391190329423,False,False,15,London|TLC1|TLC2|TLD3|TLD4|TLD6|TLE3|TLE4|TLF1|TLF2|TLG2|TLH1|TLH2|TLH3|TLJ1
uk,TLG1,Uni,,10,300,0.80000000000000004,GBP,1033.29,0.17494274056401779,180.76658439739393,127.02614707113622,0.12293368470723245,True,11408919.503370656,77729631.290879399,3719117.3661807179,122260775.93165195,66320711.787508741,118541658.56547123,True,True,0.15445317357098826,False,False,15,London|TLC1|TLC2|TLD3|TLD4|TLD6|TLE3|TLE4|TLF1|TLF2|TLG2|TLH1|TLH2|TLH3|TLJ1
uk,TLG1,Uni,,10,500,0.80000000000000004,GBP,1033.29,0.17494274056401779,180.76658439739393,127.02614707113622,0.12293368470723245,True,11408919.503370656,77729631.290879428,1394573.3538629711,146042740.38226983,66320711.787508771,144648167.02840686,True,True,0.25742195595164707,False,False,15,London|TLC1|TLC2|TLD3|TLD4|TLD6|TLE3|TLE4|TLF1|TLF2|TLG2|TLH1|TLH2|TLH3|TLJ1
uk,TLG1,Uni,,10,100,0.90000000000000002,GBP,1033.29,0.21236574984994022,219.43540566244474,127.02614707113622,0.12293368470723245,True,8642636.4595999457,91299179.941080511,8591889.6707725879,79991099.029822439,82656543.481480569,71399209.359049857,True,True,0.051484391190329423,False,False,15,London|TLC1|TLC2|TLD3|TLD4|TLD6|TLE3|TLE4|TLF1|TLF2|TLG2|TLH1|TLH2|TLH3|TLJ1
uk,TLG1,Uni,,10,300,0.90000000000000002,GBP,1033.29,0.21236574984994022,219.43540566244474,127.02614707113622,0.12293368470723245,True,11408919.503370656,94357224.434851229,3719117.3661807179,138888369.07562381,82948304.931480572,135169251.70944309,True,True,0.15445317357098826,False,False,15,London|TLC1|TLC2|TLD3|TLD4|TLD6|TLE3|TLE4|TLF1|TLF2|TLG2|TLH1|TLH2|TLH3|TLJ1
uk,TLG1,Uni,,10,500,0.90000000000000002,GBP,1033.29,0.21236574984994022,219.43540566244474,127.02614707113622,0.12293368470723245,True,11408919.503370656,94357224.434851259,1394573.3538629711,179297926.67021352,82948304.931480601,177903353.31635055,True,True,0.25742195595164707,False,False,15,London|TLC1|TLC2|TLD3|TLD4|TLD6|TLE3|TLE4|TLF1|TLF2|TLG2|TLH1|TLH2|TLH3|TLJ1
uk,TLG1,Uni,,10,100,1,GBP,1033.29,0.24933723448265505,257.63767101858264,127.02614707113622,0.12293368470723245,True,8642636.4595999457,107726154.04421984,8591889.6707725879,96418073.132961735,99083517.584619895,87826183.462189153,True,True,0.051484391190329423,False,False,15,London|TLC1|TLC2|TLD3|TLD4|TLD6|TLE3|TLE4|TLF1|TLF2|TLG2|TLH1|TLH2|TLH3|TLJ1
uk,TLG1,Uni,,10,300,1,GBP,1033.29,0.24933723448265505,257.63767101858264,127.02614707113622,0.12293368470723245,True,11408919.503370656,110784198.53799056,3719117.3661807179,155315343.17876309,99375279.034619898,151596225.81258237,True,True,0.15445317357098826,False,False,15,London|TLC1|TLC2|TLD3|TLD4|TLD6|TLE3|TLE4|TLF1|TLF2|TLG2|TLH1|TLH2|TLH3|TLJ1
uk,TLG1,Uni,,10,500,1,GBP,1033.29,0.24933723448265505,257.63767101858264,127.02614707113622,0.12293368470723245,True,11408919.503370656,110784198.53799057,1394573.3538629711,212151874.87649211,99375279.034619913,210757301.52262914,True,True,0.25742195595164707,False,False,15,London|TLC1|TLC2|TLD3|TLD4|TLD6|TLE3|TLE4|TLF1|TLF2|TLG2|TLH1|TLH2|TLH3|TLJ1
uk,TLG1,Uni,,20,100,0.5,GBP,1033.29,0.14754386595052682,152.45560124801986,135.22845709824247,0.13087173697436583,True,8802730.2345211338,48599750.511334695,207904.99999999913,59017810.955897033,39797020.276813559,58809905.955897033,True,True,0.049059191190329421,False,False,15,London|TLC1|TLC2|TLD3|TLD4|TLD6|TLE3|TLE4|TLF1|TLF2|TLG2|TLH1|TLH2|TLH3|TLJ1
uk,TLG1,Uni,,20,300,0.5,GBP,1033.29,0.14754386595052682,152.45560124801986,135.22845709824247,0.13087173697436583,True,17378353.2278441,64932919.738802232,2899752.3661807142,54584144.46583388,47554566.510958135,51684392.09965317,True,True,0.15202797357098824,False,False,15,London|TLC1|TLC2|TLD3|TLD4|TLD6|TLE3|TLE4|TLF1|TLF2|TLG2|TLH1|TLH2|TLH3|TLJ1
uk,TLG1,Uni,,20,500,0.5,GBP,1033.29,0.14754386595052682,152.45560124801986,135.22845709824247,0.13087173697436583,True,18001342.02569041,65555908.536648557,3700843.2922741473,122065821.05733314,47554566.51095815,118364977.76505899,True,True,0.25499675595164706,False,False,15,London|TLC1|TLC2|TLD3|TLD4|TLD6|TLE3|TLE4|TLF1|TLF2|TLG2|TLH1|TLH2|TLH3|TLJ1
uk,TLG1,Uni,,20,100,0.80000000000000004,GBP,1033.29,0.23857226541877538,246.51433613456641,135.22845709824247,0.13087173697436583,True,8802730.2345211338,86924756.431677088,207904.99999999913,99463066.957112044,78122026.197155952,99255161.957112044,True,True,0.049059191190329421,False,False,15,London|TLC1|TLC2|TLD3|TLD4|TLD6|TLE3|TLE4|TLF1|TLF2|TLG2|TLH1|TLH2|TLH3|TLJ1
uk,TLG1,Uni,,20,300,0.80000000000000004,GBP,1033.29,0.23857226541877538,246.51433613456641,135.22845709824247,0.13087173697436583,True,17378353.2278441,105378175.74001722,2899752.3661807142,95029400.467048883,87999822.512173116,92129648.100868165,True,True,0.15202797357098824,False,False,15,London|TLC1|TLC2|TLD3|TLD4|TLD6|TLE3|TLE4|TLF1|TLF2|TLG2|TLH1|TLH2|TLH3|TLJ1
uk,TLG1,Uni,,20,500,0.80000000000000004,GBP,1033.29,0.23857226541877538,246.51433613456641,135.22845709824247,0.13087173697436583,True,18001342.02569041,106001164.53786355,3700843.2922741473,175761581.56430775,87999822.512173146,172060738.2720336,True,True,0.25499675595164706,False,False,15,London|TLC1|TLC2|TLD3|TLD4|TLD6|TLE3|TLE4|TLF1|TLF2|TLG2|TLH1|TLH2|TLH3|TLJ1
uk,TLG1,Uni,,20,100,0.90000000000000002,GBP,1033.29,0.24986216011324433,258.18007142341423,135.22845709824247,0.13087173697436583,True,8802730.2345211338,91887214.597007811,207904.99999999913,104479333.13131659,83084484.362486675,104271428.13131659,True,True,0.049059191190329421,False,False,15,London|TLC1|TLC2|TLD3|TLD4|TLD6|TLE3|TLE4|TLF1|TLF2|TLG2|TLH1|TLH2|TLH3|TLJ1
uk,TLG1,Uni,,20,300,0.90000000000000002,GBP,1033.29,0.24986216011324433,258.18007142341423,135.22845709824247,0.13087173697436583,True,17378353.2278441,110394441.91422181,2899752.3661807142,100045666.64125344,93016088.686377704,97145914.275072724,True,True,0.15202797357098824,False,False,15,London|TLC1|TLC2|TLD3|TLD4|TLD6|TLE3|TLE4|TLF1|TLF2|TLG2|TLH1|TLH2|TLH3|TLJ1
uk,TLG1,Uni,,20,500,0.90000000000000002,GBP,1033.29,0.24986216011324433,258.18007142341423,135.22845709824247,0.13087173697436583,True,18001342.02569041,111017430.71206811,3700843.2922741473,180777847.73851225,93016088.686377704,177077004.4462381,True,True,0.25499675595164706,False,False,15,London|TLC1|TLC2|TLD3|TLD4|TLD6|TLE3|TLE4|TLF1|TLF2|TLG2|TLH1|TLH2|TLH3|TLJ1
uk,TLG1,Uni,,20,100,1,GBP,1033.29,0.26850458711315484,277.44310481815177,135.22845709824247,0.13087173697436583,True,8802730.2345211338,100143196.05805211,207904.99999999913,112762437.49105373,91340465.823530972,112554532.49105373,True,True,0.049059191190329421,False,False,15,London|TLC1|TLC2|TLD3|TLD4|TLD6|TLE3|TLE4|TLF1|TLF2|TLG2|TLH1|TLH2|TLH3|TLJ1
uk,TLG1,Uni,,20,300,1,GBP,1033.29,0.26850458711315484,277.44310481815177,135.22845709824247,0.13087173697436583,True,17378353.2278441,118677546.27395894,2899752.3661807142,108328771.00099058,101299193.04611483,105429018.63480987,True,True,0.15202797357098824,False,False,15,London|TLC1|TLC2|TLD3|TLD4|TLD6|TLE3|TLE4|TLF1|TLF2|TLG2|TLH1|TLH2|TLH3|TLJ1
uk,TLG1,Uni,,20,500,1,GBP,1033.29,0.26850458711315484,277.44310481815177,135.22845709824247,0.13087173697436583,True,18001342.02569041,119300535.07180527,3700843.2922741473,189060952.09824947,101299193.04611486,185360108.80597532,True,True,0.25499675595164706,False,False,15,London|TLC1|TLC2|TLD3|TLD4|TLD6|TLE3|TLE4|TLF1|TLF2|TLG2|TLH1|TLH2|TLH3|TLJ1
uk,TLG1,LU,,10,100,0.5,GBP,1033.29,0.10814084294449999,111.74085160612239,127.47250277871447,0.1233656599586897,False,8582003.8103837371,45067616.634414859,8591889.6707725879,33988228.898721531,36485612.824031122,25396339.227948941,True,True,0.051484391190329423,False,False,15,London|TLC1|TLC2|TLD3|TLD4|TLD6|TLE3|TLE4|TLF1|TLF2|TLG2|TLH1|TLH2|TLH3|TLJ1
uk,TLG1,LU,,10,300,0.5,GBP,1033.29,0.10814084294449999,111.74085160612239,127.47250277871447,0.1233656599586897,False,11304037.607212471,48048566.190632626,3776618.0246355534,84806534.435317531,36744528.583420157,81029916.410681978,True,True,0.15445317357098826,False,False,15,London|TLC1|TLC2|TLD3|TLD4|TLD6|TLE3|TLE4|TLF1|TLF2|TLG2|TLH1|TLH2|TLH3|TLJ1
uk,TLG1,LU,,10,500,0.5,GBP,1033.29,0.10814084294449999,111.74085160612239,127.47250277871447,0.1233656599586897,False,11304037.607212471,48048566.190632641,1394573.3538629711,86689360.840448394,36744528.583420172,85294787.486585423,True,True,0.25742195595164707,False,False,15,London|TLC1|TLC2|TLD3|TLD4|TLD6|TLE3|TLE4|TLF1|TLF2|TLG2|TLH1|TLH2|TLH3|TLJ1
uk,TLG1,LU,,10,100,0.80000000000000004,GBP,1033.29,0.13739328648395063,141.96710899100134,127.47250277871447,0.1233656599586897,True,8582003.8103837371,58032061.619301848,8591889.6707725879,46985519.574219465,49450057.808918111,38393629.903446876,True,True,0.051484391190329423,False,False,15,London|TLC1|TLC2|TLD3|TLD4|TLD6|TLE3|TLE4|TLF1|TLF2|TLG2|TLH1|TLH2|TLH3|TLJ1
uk,TLG1,LU,,10,300,0.80000000000000004,GBP,1033.29,0.13739328648395063,141.96710899100134,127.47250277871447,0.1233656599586897,True,11304037.607212471,61045856.866130583,3776618.0246355534,106198816.32668492,49741819.258918114,102422198.30204937,True,True,0.15445317357098826,False,False,15,London|TLC1|TLC2|TLD3|TLD4|TLD6|TLE3|TLE4|TLF1|TLF2|TLG2|TLH1|TLH2|TLH3|TLJ1
uk,TLG1,LU,,10,500,0.80000000000000004,GBP,1033.29,0.13739328648395063,141.96710899100134,127.47250277871447,0.1233656599586897,True,11304037.607212471,61045856.866130598,1394573.3538629711,112683942.19144435,49741819.258918129,111289368.83758138,True,True,0.25742195595164707,False,False,15,London|TLC1|TLC2|TLD3|TLD4|TLD6|TLE3|TLE4|TLF1|TLF2|TLG2|TLH1|TLH2|TLH3|TLJ1
uk,TLG1,LU,,10,100,0.90000000000000002,GBP,1033.29,0.14676574218776511,151.6515737451958,127.47250277871447,0.1233656599586897,True,8582003.8103837371,62196381.463605471,8591889.6707725879,51149839.418523088,53614377.653221734,42557949.747750498,True,True,0.051484391190329423,False,False,15,London|TLC1|TLC2|TLD3|TLD4|TLD6|TLE3|TLE4|TLF1|TLF2|TLG2|TLH1|TLH2|TLH3|TLJ1
uk,TLG1,LU,,10,300,0.90000000000000002,GBP,1033.29,0.14676574218776511,151.6515737451958,127.47250277871447,0.1233656599586897,True,11304037.607212471,65210176.710434206,3776618.0246355534,110363136.17098853,53906139.103221737,106586518.14635298,True,True,0.15445317357098826,False,False,15,London|TLC1|TLC2|TLD3|TLD4|TLD6|TLE3|TLE4|TLF1|TLF2|TLG2|TLH1|TLH2|TLH3|TLJ1
uk,TLG1,LU,,10,500,0.90000000000000002,GBP,1033.29,0.14676574218776511,151.6515737451958,127.47250277871447,0.1233656599586897,True,11304037.607212471,65210176.710434221,1394573.3538629711,121012581.88005157,53906139.103221752,119618008.5261886,True,True,0.25742195595164707,False,False,15,London|TLC1|TLC2|TLD3|TLD4|TLD6|TLE3|TLE4|TLF1|TLF2|TLG2|TLH1|TLH2|TLH3|TLJ1
uk,TLG1,LU,,10,100,1,GBP,1033.29,0.1844421380150226,190.58221678954268,127.47250277871447,0.1233656599586897,True,8582003.8103837371,78936557.972674638,8591889.6707725879,67890015.927592263,70354554.162290901,59298126.256819673,True,True,0.051484391190329423,False,False,15,London|TLC1|TLC2|TLD3|TLD4|TLD6|TLE3|TLE4|TLF1|TLF2|TLG2|TLH1|TLH2|TLH3|TLJ1
uk,TLG1,LU,,10,300,1,GBP,1033.29,0.1844421380150226,190.58221678954268,127.47250277871447,0.1233656599586897,True,11304037.607212471,81950353.219503388,3776618.0246355534,127103312.68005773,70646315.612290919,123326694.65542218,True,True,0.15445317357098826,False,False,15,London|TLC1|TLC2|TLD3|TLD4|TLD6|TLE3|TLE4|TLF1|TLF2|TLG2|TLH1|TLH2|TLH3|TLJ1
uk,TLG1,LU,,10,500,1,GBP,1033.29,0.1844421380150226,190.58221678954268,127.47250277871447,0.1233656599586897,True,11304037.607212471,81950353.219503388,1394573.3538629711,154492934.89818987,70646315.612290919,153098361.5443269,True,True,0.25742195595164707,False,False,15,London|TLC1|TLC2|TLD3|TLD4|TLD6|TLE3|TLE4|TLF1|TLF2|TLG2|TLH1|TLH2|TLH3|TLJ1
uk,TLG1,LU,,20,100,0.5,GBP,1033.29,0.13788554474506745,142.47575452963073,131.76517065175364,0.12752002889000535,True,8742103.7135567404,44905087.107831083,257569.99999999916,54384929.162308335,36162983.394274339,54127359.162308335,True,True,0.049059191190329421,False,False,15,London|TLC1|TLC2|TLD3|TLD4|TLD6|TLE3|TLE4|TLF1|TLF2|TLG2|TLH1|TLH2|TLH3|TLJ1
uk,TLG1,LU,,20,300,0.5,GBP,1033.29,0.13788554474506745,142.47575452963073,131.76517065175364,0.12752002889000535,True,17141717.153648317,60650589.338383071,2899752.3661807142,50129268.293627597,43508872.184734754,47229515.927446887,True,True,0.15202797357098824,False,False,15,London|TLC1|TLC2|TLD3|TLD4|TLD6|TLE3|TLE4|TLF1|TLF2|TLG2|TLH1|TLH2|TLH3|TLJ1
uk,TLG1,LU,,20,500,0.5,GBP,1033.29,0.13788554474506745,142.47575452963073,131.76517065175364,0.12752002889000535,True,17755702.263006479,61264574.447741248,3700843.2922741473,113588949.96109816,43508872.184734769,109888106.66882402,True,True,0.25499675595164706,False,False,15,London|TLC1|TLC2|TLD3|TLD4|TLD6|TLE3|TLE4|TLF1|TLF2|TLG2|TLH1|TLH2|TLH3|TLJ1
uk,TLG1,LU,,20,100,0.80000000000000004,GBP,1033.29,0.17919897807473806,185.16451205484609,131.76517065175364,0.12752002889000535,True,8742103.7135567404,61560901.842504822,257569.99999999916,72741094.898150951,52818798.128948078,72483524.898150951,True,True,0.049059191190329421,False,False,15,London|TLC1|TLC2|TLD3|TLD4|TLD6|TLE3|TLE4|TLF1|TLF2|TLG2|TLH1|TLH2|TLH3|TLJ1
uk,TLG1,LU,,20,300,0.80000000000000004,GBP,1033.29,0.17919897807473806,185.16451205484609,131.76517065175364,0.12752002889000535,True,17141717.153648317,79006755.074225664,2899752.3661807142,68485434.029470176,61865037.920577347,65585681.663289458,True,True,0.15202797357098824,False,False,15,London|TLC1|TLC2|TLD3|TLD4|TLD6|TLE3|TLE4|TLF1|TLF2|TLG2|TLH1|TLH2|TLH3|TLJ1
uk,TLG1,LU,,20,500,0.80000000000000004,GBP,1033.29,0.17919897807473806,185.16451205484609,131.76517065175364,0.12752002889000535,True,17755702.263006479,79620740.183583826,3700843.2922741473,148842827.45500281,61865037.920577347,145141984.16272867,True,True,0.25499675595164706,False,False,15,London|TLC1|TLC2|TLD3|TLD4|TLD6|TLE3|TLE4|TLF1|TLF2|TLG2|TLH1|TLH2|TLH3|TLJ1
uk,TLG1,LU,,20,100,0.90000000000000002,GBP,1033.29,0.19511675788751595,201.61219475759134,131.76517065175364,0.12752002889000535,True,8742103.7135567404,68249266.03789933,257569.99999999916,79813598.46033141,59507162.324342594,79556028.46033141,True,True,0.049059191190329421,False,False,15,London|TLC1|TLC2|TLD3|TLD4|TLD6|TLE3|TLE4|TLF1|TLF2|TLG2|TLH1|TLH2|TLH3|TLJ1
uk,TLG1,LU,,20,300,0.90000000000000002,GBP,1033.29,0.19511675788751595,201.61219475759134,131.76517065175364,0.12752002889000535,True,17141717.153648317,86079258.636406109,2899752.3661807142,75557937.59165068,68937541.482757792,72658185.225469962,True,True,0.15202797357098824,False,False,15,London|TLC1|TLC2|TLD3|TLD4|TLD6|TLE3|TLE4|TLF1|TLF2|TLG2|TLH1|TLH2|TLH3|TLJ1
uk,TLG1,LU,,20,500,0.90000000000000002,GBP,1033.29,0.19511675788751595,201.61219475759134,131.76517065175364,0.12752002889000535,True,17755702.263006479,86693243.745764285,3700843.2922741473,156707450.25794095,68937541.482757807,153006606.9656668,True,True,0.25499675595164706,False,False,15,London|TLC1|TLC2|TLD3|TLD4|TLD6|TLE3|TLE4|TLF1|TLF2|TLG2|TLH1|TLH2|TLH3|TLJ1
uk,TLG1,LU,,20,100,1,GBP,1033.29,0.25279013454619531,261.20551812523814,131.76517065175364,0.12752002889000535,True,8742103.7135567404,93310763.612777472,257569.99999999916,105438727.50841951,84568659.899220735,105181157.50841951,True,True,0.049059191190329421,False,False,15,London|TLC1|TLC2|TLD3|TLD4|TLD6|TLE3|TLE4|TLF1|TLF2|TLG2|TLH1|TLH2|TLH3|TLJ1
uk,TLG1,LU,,20,300,1,GBP,1033.29,0.25279013454619531,261.20551812523814,131.76517065175364,0.12752002889000535,True,17141717.153648317,111704387.68449421,2899752.3661807142,101183066.63973877,94562670.530845895,98283314.27355805,True,True,0.15202797357098824,False,False,15,London|TLC1|TLC2|TLD3|TLD4|TLD6|TLE3|TLE4|TLF1|TLF2|TLG2|TLH1|TLH2|TLH3|TLJ1
uk,TLG1,LU,,20,500,1,GBP,1033.29,0.25279013454619531,261.20551812523814,131.76517065175364,0.12752002889000535,True,17755702.263006479,112318372.79385242,3700843.2922741473,182332579.30602914,94562670.53084594,178631736.01375499,True,True,0.25499675595164706,False,False,15,London|TLC1|TLC2|TLD3|TLD4|TLD6|TLE3|TLE4|TLF1|TLF2|TLG2|TLH1|TLH2|TLH3|TLJ1
uk,TLG1,GNN,42,10,100,0.5,GBP,1033.29,0.078842018394831639,81.466669187195578,133.30931635558989,0.1290144261103755,False,8233828.8503635367,32669868.452946723,9269999.6707725879,18481177.816724364,24436039.602583185,9211178.1459517758,True,True,0.051484391190329423,False,False,15,London|TLC1|TLC2|TLD3|TLD4|TLD6|TLE3|TLE4|TLF1|TLF2|TLG2|TLH1|TLH2|TLH3|TLJ1
uk,TLG1,GNN,42,10,300,0.5,GBP,1033.29,0.078842018394831639,81.466669187195578,133.30931635558989,0.1290144261103755,False,10403587.165308479,35030667.750494108,5026568.3538629562,60762058.300738297,24627080.585185628,55735489.946875341,True,True,0.15445317357098826,False,False,15,London|TLC1|TLC2|TLD3|TLD4|TLD6|TLE3|TLE4|TLF1|TLF2|TLG2|TLH1|TLH2|TLH3|TLJ1
uk,TLG1,GNN,42,10,500,0.5,GBP,1033.29,0.078842018394831639,81.466669187195578,133.30931635558989,0.1290144261103755,False,10403587.165308479,35030667.750494123,3912625.5692420006,63425380.30838313,24627080.585185643,59512754.739141129,True,True,0.25742195595164707,False,False,15,London|TLC1|TLC2|TLD3|TLD4|TLD6|TLE3|TLE4|TLF1|TLF2|TLG2|TLH1|TLH2|TLH3|TLJ1
uk,TLG1,GNN,42,10,100,0.80000000000000004,GBP,1033.29,0.092373247745423645,95.448353162868798,133.30931635558989,0.1290144261103755,False,8233828.8503635367,38636849.5027344,9269999.6707725879,24493301.926263846,30403020.652370863,15223302.255491259,True,True,0.051484391190329423,False,False,15,London|TLC1|TLC2|TLD3|TLD4|TLD6|TLE3|TLE4|TLF1|TLF2|TLG2|TLH1|TLH2|TLH3|TLJ1
uk,TLG1,GNN,42,10,300,0.80000000000000004,GBP,1033.29,0.092373247745423645,95.448353162868798,133.30931635558989,0.1290144261103755,False,10403587.165308479,41042791.860033594,5026568.3538629562,72786306.519817278,30639204.694725115,67759738.165954322,True,True,0.15445317357098826,False,False,15,London|TLC1|TLC2|TLD3|TLD4|TLD6|TLE3|TLE4|TLF1|TLF2|TLG2|TLH1|TLH2|TLH3|TLJ1
uk,TLG1,GNN,42,10,500,0.80000000000000004,GBP,1033.29,0.092373247745423645,95.448353162868798,133.30931635558989,0.1290144261103755,False,10403587.165308479,41042791.860033602,3912625.5692420006,75449628.52746211,30639204.694725122,71537002.958220109,True,True,0.25742195595164707,False,False,15,London|TLC1|TLC2|TLD3|TLD4|TLD6|TLE3|TLE4|TLF1|TLF2|TLG2|TLH1|TLH2|TLH3|TLJ1
uk,TLG1,GNN,42,10,100,0.90000000000000002,GBP,1033.29,0.10827867082753224,111.88326777938079,133.30931635558989,0.1290144261103755,False,8233828.8503635367,45663151.128477328,9269999.6707725879,31560315.211364008,37429322.27811379,22290315.540591419,True,True,0.051484391190329423,False,False,15,London|TLC1|TLC2|TLD3|TLD4|TLD6|TLE3|TLE4|TLF1|TLF2|TLG2|TLH1|TLH2|TLH3|TLJ1
uk,TLG1,GNN,42,10,300,0.90000000000000002,GBP,1033.29,0.10827867082753224,111.88326777938079,133.30931635558989,0.1290144261103755,False,10403587.165308479,48109805.145133741,5026568.3538629562,86685186.638961434,37706217.979825258,81658618.285098478,True,True,0.15445317357098826,False,False,15,London|TLC1|TLC2|TLD3|TLD4|TLD6|TLE3|TLE4|TLF1|TLF2|TLG2|TLH1|TLH2|TLH3|TLJ1
uk,TLG1,GNN,42,10,500,0.90000000000000002,GBP,1033.29,0.10827867082753224,111.88326777938079,133.30931635558989,0.1290144261103755,False,10403587.165308479,48109805.145133756,3912625.5692420006,89583655.097662419,37706217.979825273,85671029.528420419,True,True,0.25742195595164707,False,False,15,London|TLC1|TLC2|TLD3|TLD4|TLD6|TLE3|TLE4|TLF1|TLF2|TLG2|TLH1|TLH2|TLH3|TLJ1
uk,TLG1,GNN,42,10,100,1,GBP,1033.29,0.12153389577322106,125.57975916351158,133.30931635558989,0.1290144261103755,False,8233828.8503635367,51543628.97536505,9269999.6707725879,37449806.506540231,43309800.125001512,28179806.835767642,True,True,0.051484391190329423,False,False,15,London|TLC1|TLC2|TLD3|TLD4|TLD6|TLE3|TLE4|TLF1|TLF2|TLG2|TLH1|TLH2|TLH3|TLJ1
uk,TLG1,GNN,42,10,300,1,GBP,1033.29,0.12153389577322106,125.57975916351158,133.30931635558989,0.1290144261103755,False,10403587.165308479,53999296.440309994,5026568.3538629562,97980319.959961936,43595709.275001511,92953751.60609898,True,True,0.15445317357098826,False,False,15,London|TLC1|TLC2|TLD3|TLD4|TLD6|TLE3|TLE4|TLF1|TLF2|TLG2|TLH1|TLH2|TLH3|TLJ1
uk,TLG1,GNN,42,10,500,1,GBP,1033.29,0.12153389577322106,125.57975916351158,133.30931635558989,0.1290144261103755,False,10403587.165308479,53999296.440310016,3912625.5692420006,101362637.68801492,43595709.275001541,97450012.118772924,True,True,0.25742195595164707,False,False,15,London|TLC1|TLC2|TLD3|TLD4|TLD6|TLE3|TLE4|TLF1|TLF2|TLG2|TLH1|TLH2|TLH3|TLJ1
uk,TLG1,GNN,42,20,100,0.5,GBP,1033.29,0.1053826532467456,108.89084177332975,135.2810376604541,0.1309226235233614,False,7918881.3469969109,35092778.449806787,1062960.0000000014,28800821.0740395,27173897.102809876,27737861.0740395,True,True,0.049059191190329421,False,False,15,London|TLC1|TLC2|TLD3|TLD4|TLD6|TLE3|TLE4|TLF1|TLF2|TLG2|TLH1|TLH2|TLH3|TLJ1
uk,TLG1,GNN,42,20,300,0.5,GBP,1033.29,0.1053826532467456,108.89084177332975,135.2810376604541,0.1309226235233614,False,15956227.952532001,46271469.722589448,8844502.3661807179,38802466.599449135,30315241.770057447,29957964.233268417,True,True,0.15202797357098824,False,False,15,London|TLC1|TLC2|TLD3|TLD4|TLD6|TLE3|TLE4|TLF1|TLF2|TLG2|TLH1|TLH2|TLH3|TLJ1
uk,TLG1,GNN,42,20,500,0.5,GBP,1033.29,0.1053826532467456,108.89084177332975,135.2810376604541,0.1309226235233614,False,16507820.192474365,46823061.962531812,8712708.2922741175,83935241.035752028,30315241.770057447,75222532.743477911,True,True,0.25499675595164706,False,False,15,London|TLC1|TLC2|TLD3|TLD4|TLD6|TLE3|TLE4|TLF1|TLF2|TLG2|TLH1|TLH2|TLH3|TLJ1
uk,TLG1,GNN,42,20,100,0.80000000000000004,GBP,1033.29,0.12425608284876133,128.3925678467966,135.2810376604541,0.1309226235233614,False,7918881.3469969109,42550229.62840119,1062960.0000000014,37186563.285630219,34631348.281404279,36123603.285630219,True,True,0.049059191190329421,False,False,15,London|TLC1|TLC2|TLD3|TLD4|TLD6|TLE3|TLE4|TLF1|TLF2|TLG2|TLH1|TLH2|TLH3|TLJ1
uk,TLG1,GNN,42,20,300,0.80000000000000004,GBP,1033.29,0.12425608284876133,128.3925678467966,135.2810376604541,0.1309226235233614,False,15956227.952532001,54657211.934180193,8844502.3661807179,47188208.811039858,38700983.981648192,38343706.44485914,True,True,0.15202797357098824,False,False,15,London|TLC1|TLC2|TLD3|TLD4|TLD6|TLE3|TLE4|TLF1|TLF2|TLG2|TLH1|TLH2|TLH3|TLJ1
uk,TLG1,GNN,42,20,500,0.80000000000000004,GBP,1033.29,0.12425608284876133,128.3925678467966,135.2810376604541,0.1309226235233614,False,16507820.192474365,55208804.174122564,8712708.2922741175,100706725.4589335,38700983.981648199,91994017.166659385,True,True,0.25499675595164706,False,False,15,London|TLC1|TLC2|TLD3|TLD4|TLD6|TLE3|TLE4|TLF1|TLF2|TLG2|TLH1|TLH2|TLH3|TLJ1
uk,TLG1,GNN,42,20,100,0.90000000000000002,GBP,1033.29,0.13792140781323028,142.51281147933273,135.2810376604541,0.1309226235233614,True,7918881.3469969109,48044561.45124656,1062960.0000000014,43258268.047620758,40125680.104249649,42195308.047620758,True,True,0.049059191190329421,False,False,15,London|TLC1|TLC2|TLD3|TLD4|TLD6|TLE3|TLE4|TLF1|TLF2|TLG2|TLH1|TLH2|TLH3|TLJ1
uk,TLG1,GNN,42,20,300,0.90000000000000002,GBP,1033.29,0.13792140781323028,142.51281147933273,135.2810376604541,0.1309226235233614,True,15956227.952532001,60728916.69617074,8844502.3661807179,53259913.573030405,44772688.743638739,44415411.206849687,True,True,0.15202797357098824,False,False,15,London|TLC1|TLC2|TLD3|TLD4|TLD6|TLE3|TLE4|TLF1|TLF2|TLG2|TLH1|TLH2|TLH3|TLJ1
uk,TLG1,GNN,42,20,500,0.90000000000000002,GBP,1033.29,0.13792140781323028,142.51281147933273,135.2810376604541,0.1309226235233614,True,16507820.192474365,61280508.936113097,8712708.2922741175,112850134.98291454,44772688.743638732,104137426.69064042,True,True,0.25499675595164706,False,False,15,London|TLC1|TLC2|TLD3|TLD4|TLD6|TLE3|TLE4|TLF1|TLF2|TLG2|TLH1|TLH2|TLH3|TLJ1
uk,TLG1,GNN,42,20,100,1,GBP,1033.29,0.18426215839381918,190.39624564674941,135.2810376604541,0.1309226235233614,True,7918881.3469969109,67313801.509104624,1062960.0000000014,63848144.739609942,59394920.162107714,62785184.739609942,True,True,0.049059191190329421,False,False,15,London|TLC1|TLC2|TLD3|TLD4|TLD6|TLE3|TLE4|TLF1|TLF2|TLG2|TLH1|TLH2|TLH3|TLJ1
uk,TLG1,GNN,42,20,300,1,GBP,1033.29,0.18426215839381918,190.39624564674941,135.2810376604541,0.1309226235233614,True,15956227.952532001,81318793.388159916,8844502.3661807179,73849790.265019581,65362565.435627915,65005287.898838863,True,True,0.15202797357098824,False,False,15,London|TLC1|TLC2|TLD3|TLD4|TLD6|TLE3|TLE4|TLF1|TLF2|TLG2|TLH1|TLH2|TLH3|TLJ1
uk,TLG1,GNN,42,20,500,1,GBP,1033.29,0.18426215839381918,190.39624564674941,135.2810376604541,0.1309226235233614,True,16507820.192474365,81870385.628102273,8712708.2922741175,140933109.73054522,65362565.435627908,132220401.43827111,True,True,0.25499675595164706,False,False,15,London|TLC1|TLC2|TLD3|TLD4|TLD6|TLE3|TLE4|TLF1|TLF2|TLG2|TLH1|TLH2|TLH3|TLJ1
uk,TLG1,GNN,123,10,100,0.5,GBP,1033.29,0.077560280916374749,80.142262668080861,122.54292661289283,0.11859490231483208,False,7583520.6933989739,32287560.707098201,8540934.6707725879,22419988.744929545,24704040.013699226,13879054.074156957,True,True,0.051484391190329423,False,False,15,London|TLC1|TLC2|TLD3|TLD4|TLD6|TLE3|TLE4|TLF1|TLF2|TLG2|TLH1|TLH2|TLH3|TLJ1
uk,TLG1,GNN,123,10,300,0.5,GBP,1033.29,0.077560280916374749,80.142262668080861,122.54292661289283,0.11859490231483208,False,9579819.431227427,34461172.947274789,4074214.0123177767,57996284.447060563,24881353.516047362,53922070.434742786,True,True,0.15445317357098826,False,False,15,London|TLC1|TLC2|TLD3|TLD4|TLD6|TLE3|TLE4|TLF1|TLF2|TLG2|TLH1|TLH2|TLH3|TLJ1
uk,TLG1,GNN,123,10,500,0.5,GBP,1033.29,0.077560280916374749,80.142262668080861,122.54292661289283,0.11859490231483208,False,9579819.4312274251,34461172.947274797,4044337.2153790295,60261914.582790755,24881353.516047373,56217577.367411725,True,True,0.25742195595164707,False,False,15,London|TLC1|TLC2|TLD3|TLD4|TLD6|TLE3|TLE4|TLF1|TLF2|TLG2|TLH1|TLH2|TLH3|TLJ1
uk,TLG1,GNN,123,10,100,0.80000000000000004,GBP,1033.29,0.10584626745221037,109.36988969569445,122.54292661289283,0.11859490231483208,False,7583520.6933989739,44761384.556762435,8540934.6707725879,34987868.366803393,37177863.86336346,26446933.696030803,True,True,0.051484391190329423,False,False,15,London|TLC1|TLC2|TLD3|TLD4|TLD6|TLE3|TLE4|TLF1|TLF2|TLG2|TLH1|TLH2|TLH3|TLJ1
uk,TLG1,GNN,123,10,300,0.80000000000000004,GBP,1033.29,0.10584626745221037,109.36988969569445,122.54292661289283,0.11859490231483208,False,9579819.431227427,47029052.569148637,4074214.0123177767,83132043.690808266,37449233.137921214,79057829.67849049,True,True,0.15445317357098826,False,False,15,London|TLC1|TLC2|TLD3|TLD4|TLD6|TLE3|TLE4|TLF1|TLF2|TLG2|TLH1|TLH2|TLH3|TLJ1
uk,TLG1,GNN,123,10,500,0.80000000000000004,GBP,1033.29,0.10584626745221037,109.36988969569445,122.54292661289283,0.11859490231483208,False,9579819.4312274251,47029052.569148652,4044337.2153790295,85397673.826538458,37449233.137921229,81353336.611159429,True,True,0.25742195595164707,False,False,15,London|TLC1|TLC2|TLD3|TLD4|TLD6|TLE3|TLE4|TLF1|TLF2|TLG2|TLH1|TLH2|TLH3|TLJ1
uk,TLG1,GNN,123,10,100,0.90000000000000002,GBP,1033.29,0.11029842393329285,113.97025846603216,122.54292661289283,0.11859490231483208,False,7583520.6933989739,46731630.49372267,8540934.6707725879,36966026.938048616,39148109.800323695,28425092.267276026,True,True,0.051484391190329423,False,False,15,London|TLC1|TLC2|TLD3|TLD4|TLD6|TLE3|TLE4|TLF1|TLF2|TLG2|TLH1|TLH2|TLH3|TLJ1
uk,TLG1,GNN,123,10,300,0.90000000000000002,GBP,1033.29,0.11029842393329285,113.97025846603216,122.54292661289283,0.11859490231483208,False,9579819.431227427,49007211.140393846,4074214.0123177767,86930371.775780618,39427391.709166422,82856157.763462842,True,True,0.15445317357098826,False,False,15,London|TLC1|TLC2|TLD3|TLD4|TLD6|TLE3|TLE4|TLF1|TLF2|TLG2|TLH1|TLH2|TLH3|TLJ1
uk,TLG1,GNN,123,10,500,0.90000000000000002,GBP,1033.29,0.11029842393329285,113.97025846603216,122.54292661289283,0.11859490231483208,False,9579819.4312274251,49007211.140393861,4044337.2153790295,89353990.96902889,39427391.709166437,85309653.753649861,True,True,0.25742195595164707,False,False,15,London|TLC1|TLC2|TLD3|TLD4|TLD6|TLE3|TLE4|TLF1|TLF2|TLG2|TLH1|TLH2|TLH3|TLJ1
uk,TLG1,GNN,123,10,100,1,GBP,1033.29,0.11539109997906129,119.23246969736424,122.54292661289283,0.11859490231483208,False,7583520.6933989739,48987301.319604494,8540934.6707725879,39228777.767521396,41403780.626205519,30687843.096748807,True,True,0.051484391190329423,False,False,15,London|TLC1|TLC2|TLD3|TLD4|TLD6|TLE3|TLE4|TLF1|TLF2|TLG2|TLH1|TLH2|TLH3|TLJ1
uk,TLG1,GNN,123,10,300,1,GBP,1033.29,0.11539109997906129,119.23246969736424,122.54292661289283,0.11859490231483208,False,9579819.431227427,51269961.969866633,4074214.0123177767,90820095.560586333,41690142.538639203,86745881.548268557,True,True,0.15445317357098826,False,False,15,London|TLC1|TLC2|TLD3|TLD4|TLD6|TLE3|TLE4|TLF1|TLF2|TLG2|TLH1|TLH2|TLH3|TLJ1
uk,TLG1,GNN,123,10,500,1,GBP,1033.29,0.11539109997906129,119.23246969736424,122.54292661289283,0.11859490231483208,False,9579819.4312274251,51269961.969866656,4044337.2153790295,93879492.62797448,41690142.538639233,89835155.412595451,True,True,0.25742195595164707,False,False,15,London|TLC1|TLC2|TLD3|TLD4|TLD6|TLE3|TLE4|TLF1|TLF2|TLG2|TLH1|TLH2|TLH3|TLJ1
uk,TLG1,GNN,123,20,100,0.5,GBP,1033.29,0.10381066667321479,107.2665237667661,129.16275555582288,0.12500145705060814,False,7009533.7252278728,34077061.057323508,561795.00000000116,35601753.304039769,27067527.332095634,35039958.304039769,True,True,0.049059191190329421,False,False,15,London|TLC1|TLC2|TLD3|TLD4|TLD6|TLE3|TLE4|TLF1|TLF2|TLG2|TLH1|TLH2|TLH3|TLJ1
uk,TLG1,GNN,123,20,300,0.5,GBP,1033.29,0.10381066667321479,107.2665237667661,129.16275555582288,0.12500145705060814,False,13584083.993203487,45544657.222465746,4595027.3661807179,37836509.210774809,31960573.229262259,33241481.844594091,True,True,0.15202797357098824,False,False,15,London|TLC1|TLC2|TLD3|TLD4|TLD6|TLE3|TLE4|TLF1|TLF2|TLG2|TLH1|TLH2|TLH3|TLJ1
uk,TLG1,GNN,123,20,500,0.5,GBP,1033.29,0.10381066667321479,107.2665237667661,129.16275555582288,0.12500145705060814,False,14164031.990447175,46124605.219709426,4543830.5076531172,85537530.6940808,31960573.229262251,80993700.186427683,True,True,0.25499675595164706,False,False,15,London|TLC1|TLC2|TLD3|TLD4|TLD6|TLE3|TLE4|TLF1|TLF2|TLG2|TLH1|TLH2|TLH3|TLJ1
uk,TLG1,GNN,123,20,100,0.80000000000000004,GBP,1033.29,0.12705696382089821,131.28669014649591,129.16275555582288,0.12500145705060814,True,7009533.7252278728,43139396.655790776,561795.00000000116,45930424.847323582,36129862.930562906,45368629.847323582,True,True,0.049059191190329421,False,False,15,London|TLC1|TLC2|TLD3|TLD4|TLD6|TLE3|TLE4|TLF1|TLF2|TLG2|TLH1|TLH2|TLH3|TLJ1
uk,TLG1,GNN,123,20,300,0.80000000000000004,GBP,1033.29,0.12705696382089821,131.28669014649591,129.16275555582288,0.12500145705060814,True,13584083.993203487,55873328.765749559,4595027.3661807179,48165180.754058614,42289244.772546068,43570153.387877896,True,True,0.15202797357098824,False,False,15,London|TLC1|TLC2|TLD3|TLD4|TLD6|TLE3|TLE4|TLF1|TLF2|TLG2|TLH1|TLH2|TLH3|TLJ1
uk,TLG1,GNN,123,20,500,0.80000000000000004,GBP,1033.29,0.12705696382089821,131.28669014649591,129.16275555582288,0.12500145705060814,True,14164031.990447175,56453276.762993261,4543830.5076531172,106194873.78064844,42289244.772546083,101651043.27299532,True,True,0.25499675595164706,False,False,15,London|TLC1|TLC2|TLD3|TLD4|TLD6|TLE3|TLE4|TLF1|TLF2|TLG2|TLH1|TLH2|TLH3|TLJ1
uk,TLG1,GNN,123,20,100,0.90000000000000002,GBP,1033.29,0.1489971008547481,153.95721434220266,129.16275555582288,0.12500145705060814,True,7009533.7252278728,51897693.031377181,561795.00000000116,55678750.251477495,44888159.306149311,55116955.251477495,True,True,0.049059191190329421,False,False,15,London|TLC1|TLC2|TLD3|TLD4|TLD6|TLE3|TLE4|TLF1|TLF2|TLG2|TLH1|TLH2|TLH3|TLJ1
uk,TLG1,GNN,123,20,300,0.90000000000000002,GBP,1033.29,0.1489971008547481,153.95721434220266,129.16275555582288,0.12500145705060814,True,13584083.993203487,65621654.169903472,4595027.3661807179,57913506.15821252,52037570.176699981,53318478.792031802,True,True,0.15202797357098824,False,False,15,London|TLC1|TLC2|TLD3|TLD4|TLD6|TLE3|TLE4|TLF1|TLF2|TLG2|TLH1|TLH2|TLH3|TLJ1
uk,TLG1,GNN,123,20,500,0.90000000000000002,GBP,1033.29,0.1489971008547481,153.95721434220266,129.16275555582288,0.12500145705060814,True,14164031.990447175,66201602.167147167,4543830.5076531172,123750788.30237107,52037570.176699996,119206957.79471795,True,True,0.25499675595164706,False,False,15,London|TLC1|TLC2|TLD3|TLD4|TLD6|TLE3|TLE4|TLF1|TLF2|TLG2|TLH1|TLH2|TLH3|TLJ1
uk,TLG1,GNN,123,20,100,1,GBP,1033.29,0.16208594624878639,167.48178739940849,129.16275555582288,0.12500145705060814,True,7009533.7252278728,57244338.40053571,561795.00000000116,61494316.666075967,50234804.67530784,60932521.666075967,True,True,0.049059191190329421,False,False,15,London|TLC1|TLC2|TLD3|TLD4|TLD6|TLE3|TLE4|TLF1|TLF2|TLG2|TLH1|TLH2|TLH3|TLJ1
uk,TLG1,GNN,123,20,300,1,GBP,1033.29,0.16208594624878639,167.48178739940849,129.16275555582288,0.12500145705060814,True,13584083.993203487,71437220.584501967,4595027.3661807179,63729072.57281103,57853136.591298476,59134045.206630312,True,True,0.15202797357098824,False,False,15,London|TLC1|TLC2|TLD3|TLD4|TLD6|TLE3|TLE4|TLF1|TLF2|TLG2|TLH1|TLH2|TLH3|TLJ1
uk,TLG1,GNN,123,20,500,1,GBP,1033.29,0.16208594624878639,167.48178739940849,129.16275555582288,0.12500145705060814,True,14164031.990447175,72017168.581745669,4543830.5076531172,133319496.41408134,57853136.591298491,128775665.90642822,True,True,0.25499675595164706,False,False,15,London|TLC1|TLC2|TLD3|TLD4|TLD6|TLE3|TLE4|TLF1|TLF2|TLG2|TLH1|TLH2|TLH3|TLJ1
uk,TLG1,GNN,456,10,100,0.5,GBP,1033.29,0.079758396347066149,82.413553361459975,136.58589266166655,0.13218543938455474,False,8184158.5389246158,32978030.92273232,9269999.6707725879,18154623.41945846,24793872.383807704,8884623.7486858722,True,True,0.051484391190329423,False,False,15,London|TLC1|TLC2|TLD3|TLD4|TLD6|TLE3|TLE4|TLF1|TLF2|TLG2|TLH1|TLH2|TLH3|TLJ1
uk,TLG1,GNN,456,10,300,0.5,GBP,1033.29,0.079758396347066149,82.413553361459975,136.58589266166655,0.13218543938455474,False,10458207.124539351,35437827.94542779,4497728.0246355534,62070636.083335444,24979620.820888437,57572908.058699891,True,True,0.15445317357098826,False,False,15,London|TLC1|TLC2|TLD3|TLD4|TLD6|TLE3|TLE4|TLF1|TLF2|TLG2|TLH1|TLH2|TLH3|TLJ1
uk,TLG1,GNN,456,10,500,0.5,GBP,1033.29,0.079758396347066149,82.413553361459975,136.58589266166655,0.13218543938455474,False,10458207.124539353,35437827.945427798,3520923.3538629413,63911689.360742331,24979620.820888445,60390766.006879389,True,True,0.25742195595164707,False,False,15,London|TLC1|TLC2|TLD3|TLD4|TLD6|TLE3|TLE4|TLF1|TLF2|TLG2|TLH1|TLH2|TLH3|TLJ1
uk,TLG1,GNN,456,10,100,0.80000000000000004,GBP,1033.29,0.10815845109242957,111.75904592929655,136.58589266166655,0.13218543938455474,False,8184158.5389246158,45509265.720627353,9269999.6707725879,30773185.223628186,37325107.181702733,21503185.552855596,True,True,0.051484391190329423,False,False,15,London|TLC1|TLC2|TLD3|TLD4|TLD6|TLE3|TLE4|TLF1|TLF2|TLG2|TLH1|TLH2|TLH3|TLJ1
uk,TLG1,GNN,456,10,300,0.80000000000000004,GBP,1033.29,0.10815845109242957,111.75904592929655,136.58589266166655,0.13218543938455474,False,10458207.124539351,48056389.749597535,4497728.0246355534,86587065.995559692,37598182.625058182,82089337.970924139,True,True,0.15445317357098826,False,False,15,London|TLC1|TLC2|TLD3|TLD4|TLD6|TLE3|TLE4|TLF1|TLF2|TLG2|TLH1|TLH2|TLH3|TLJ1
uk,TLG1,GNN,456,10,500,0.80000000000000004,GBP,1033.29,0.10815845109242957,111.75904592929655,136.58589266166655,0.13218543938455474,False,10458207.124539353,48056389.749597542,3520923.3538629413,89148812.969081804,37598182.625058189,85627889.615218863,True,True,0.25742195595164707,False,False,15,London|TLC1|TLC2|TLD3|TLD4|TLD6|TLE3|TLE4|TLF1|TLF2|TLG2|TLH1|TLH2|TLH3|TLJ1
uk,TLG1,GNN,456,10,100,0.90000000000000002,GBP,1033.29,0.11048282869646885,114.16080206377428,136.58589266166655,0.13218543938455474,False,8184158.5389246158,46538134.336420745,9269999.6707725879,31805940.361453611,38353975.797496125,22535940.690681025,True,True,0.051484391190329423,False,False,15,London|TLC1|TLC2|TLD3|TLD4|TLD6|TLE3|TLE4|TLF1|TLF2|TLG2|TLH1|TLH2|TLH3|TLJ1
uk,TLG1,GNN,456,10,300,0.90000000000000002,GBP,1033.29,0.11048282869646885,114.16080206377428,136.58589266166655,0.13218543938455474,False,10458207.124539351,49089144.887422942,4497728.0246355534,88382849.077983111,38630937.762883589,83885121.053347558,True,True,0.15445317357098826,False,False,15,London|TLC1|TLC2|TLD3|TLD4|TLD6|TLE3|TLE4|TLF1|TLF2|TLG2|TLH1|TLH2|TLH3|TLJ1
uk,TLG1,GNN,456,10,500,0.90000000000000002,GBP,1033.29,0.11048282869646885,114.16080206377428,136.58589266166655,0.13218543938455474,False,10458207.124539353,49089144.887422964,3520923.3538629413,91214323.244732678,38630937.762883611,87693399.890869737,True,True,0.25742195595164707,False,False,15,London|TLC1|TLC2|TLD3|TLD4|TLD6|TLE3|TLE4|TLF1|TLF2|TLG2|TLH1|TLH2|TLH3|TLJ1
uk,TLG1,GNN,456,10,100,1,GBP,1033.29,0.11977594184894706,123.76328295309851,136.58589266166655,0.13218543938455474,False,8184158.5389246158,50660596.716478653,9269999.6707725879,35935007.14386303,42476438.177554041,26665007.47309044,True,True,0.051484391190329423,False,False,15,London|TLC1|TLC2|TLD3|TLD4|TLD6|TLE3|TLE4|TLF1|TLF2|TLG2|TLH1|TLH2|TLH3|TLJ1
uk,TLG1,GNN,456,10,300,1,GBP,1033.29,0.11977594184894706,123.76328295309851,136.58589266166655,0.13218543938455474,False,10458207.124539351,53218211.669832364,4497728.0246355534,95880273.305962995,42760004.545293011,91382545.281327441,True,True,0.15445317357098826,False,False,15,London|TLC1|TLC2|TLD3|TLD4|TLD6|TLE3|TLE4|TLF1|TLF2|TLG2|TLH1|TLH2|TLH3|TLJ1
uk,TLG1,GNN,456,10,500,1,GBP,1033.29,0.11977594184894706,123.76328295309851,136.58589266166655,0.13218543938455474,False,10458207.124539353,53218211.669832371,3520923.3538629413,99472456.809551507,42760004.545293018,95951533.455688566,True,True,0.25742195595164707,False,False,15,London|TLC1|TLC2|TLD3|TLD4|TLD6|TLE3|TLE4|TLF1|TLF2|TLG2|TLH1|TLH2|TLH3|TLJ1
uk,TLG1,GNN,456,20,100,0.5,GBP,1033.29,0.11310630600785927,116.8716149348609,140.39163522689734,0.13586857051447063,False,7765759.1550950399,37864933.819277301,1062960.0000000014,29229613.240707915,30099174.664182261,28166653.240707915,True,True,0.049059191190329421,False,False,15,London|TLC1|TLC2|TLD3|TLD4|TLD6|TLE3|TLE4|TLF1|TLF2|TLG2|TLH1|TLH2|TLH3|TLJ1
uk,TLG1,GNN,456,20,300,0.5,GBP,1033.29,0.11310630600785927,116.8716149348609,140.39163522689734,0.13586857051447063,False,16159079.243904587,49587496.147066236,8844502.3661807179,38438158.001164213,33428416.903161649,29593655.634983495,True,True,0.15202797357098824,False,False,15,London|TLC1|TLC2|TLD3|TLD4|TLD6|TLE3|TLE4|TLF1|TLF2|TLG2|TLH1|TLH2|TLH3|TLJ1
uk,TLG1,GNN,456,20,500,0.5,GBP,1033.29,0.11310630600785927,116.8716149348609,140.39163522689734,0.13586857051447063,False,16826377.518828534,50254794.421990201,8712708.2922741175,90281819.292729735,33428416.903161667,81569111.000455618,True,True,0.25499675595164706,False,False,15,London|TLC1|TLC2|TLD3|TLD4|TLD6|TLE3|TLE4|TLF1|TLF2|TLG2|TLH1|TLH2|TLH3|TLJ1
uk,TLG1,GNN,456,20,100,0.80000000000000004,GBP,1033.29,0.15453254388651785,159.67693227250004,140.39163522689734,0.13586857051447063,True,7765759.1550950399,54492344.984294087,1062960.0000000014,47635899.695892744,46726585.829199046,46572939.695892744,True,True,0.049059191190329421,False,False,15,London|TLC1|TLC2|TLD3|TLD4|TLD6|TLE3|TLE4|TLF1|TLF2|TLG2|TLH1|TLH2|TLH3|TLJ1
uk,TLG1,GNN,456,20,300,0.80000000000000004,GBP,1033.29,0.15453254388651785,159.67693227250004,140.39163522689734,0.13586857051447063,True,16159079.243904587,67993782.602251083,8844502.3661807179,56844444.456349052,51834703.358346492,47999942.090168335,True,True,0.15202797357098824,False,False,15,London|TLC1|TLC2|TLD3|TLD4|TLD6|TLE3|TLE4|TLF1|TLF2|TLG2|TLH1|TLH2|TLH3|TLJ1
uk,TLG1,GNN,456,20,500,0.80000000000000004,GBP,1033.29,0.15453254388651785,159.67693227250004,140.39163522689734,0.13586857051447063,True,16826377.518828534,68661080.877175048,8712708.2922741175,121830214.31431706,51834703.358346514,113117506.02204295,True,True,0.25499675595164706,False,False,15,London|TLC1|TLC2|TLD3|TLD4|TLD6|TLE3|TLE4|TLF1|TLF2|TLG2|TLH1|TLH2|TLH3|TLJ1
uk,TLG1,GNN,456,20,100,0.90000000000000002,GBP,1033.29,0.15691380366206784,162.13746418597808,140.39163522689734,0.13586857051447063,True,7765759.1550950399,55474122.759004809,1062960.0000000014,48693928.418688312,47708363.603909768,47630968.418688312,True,True,0.049059191190329421,False,False,15,London|TLC1|TLC2|TLD3|TLD4|TLD6|TLE3|TLE4|TLF1|TLF2|TLG2|TLH1|TLH2|TLH3|TLJ1
uk,TLG1,GNN,456,20,300,0.90000000000000002,GBP,1033.29,0.15691380366206784,162.13746418597808,140.39163522689734,0.13586857051447063,True,16159079.243904587,69051811.325046629,8844502.3661807179,57902473.179144576,52892732.081142038,49057970.812963858,True,True,0.15202797357098824,False,False,15,London|TLC1|TLC2|TLD3|TLD4|TLD6|TLE3|TLE4|TLF1|TLF2|TLG2|TLH1|TLH2|TLH3|TLJ1
uk,TLG1,GNN,456,20,500,0.90000000000000002,GBP,1033.29,0.15691380366206784,162.13746418597808,140.39163522689734,0.13586857051447063,True,16826377.518828534,69719109.599970579,8712708.2922741175,123099848.78167176,52892732.081142046,114387140.48939764,True,True,0.25499675595164706,False,False,15,London|TLC1|TLC2|TLD3|TLD4|TLD6|TLE3|TLE4|TLF1|TLF2|TLG2|TLH1|TLH2|TLH3|TLJ1
uk,TLG1,GNN,456,20,100,1,GBP,1033.29,0.17087764559264457,176.5661624144237,140.39163522689734,0.13586857051447063,True,7765759.1550950399,61276902.52253329,1062960.0000000014,54898268.656919934,53511143.367438249,53835308.656919934,True,True,0.049059191190329421,False,False,15,London|TLC1|TLC2|TLD3|TLD4|TLD6|TLE3|TLE4|TLF1|TLF2|TLG2|TLH1|TLH2|TLH3|TLJ1
uk,TLG1,GNN,456,20,300,1,GBP,1033.29,0.17087764559264457,176.5661624144237,140.39163522689734,0.13586857051447063,True,16159079.243904587,75256151.563278258,8844502.3661807179,64106813.417376205,59097072.319373667,55262311.051195487,True,True,0.15202797357098824,False,False,15,London|TLC1|TLC2|TLD3|TLD4|TLD6|TLE3|TLE4|TLF1|TLF2|TLG2|TLH1|TLH2|TLH3|TLJ1
uk,TLG1,GNN,456,20,500,1,GBP,1033.29,0.17087764559264457,176.5661624144237,140.39163522689734,0.13586857051447063,True,16826377.518828534,75923449.838202238,8712708.2922741175,131171674.75029984,59097072.319373704,122458966.45802572,True,True,0.25499675595164706,False,False,15,London|TLC1|TLC2|TLD3|TLD4|TLD6|TLE3|TLE4|TLF1|TLF2|TLG2|TLH1|TLH2|TLH3|TLJ1
uk,TLG2,Uni,,10,100,0.5,GBP,1300.6183079398284,0.12293368470723245,159.88980099272902,107.33020999556958,0.082522450545525525,True,7450619.9395687999,63942863.989017062,16556990.569241961,67090524.005009472,56492244.049448259,50533533.435767509,True,True,0.04674346886151607,False,False,15,London|TLC1|TLC2|TLD3|TLD4|TLD6|TLE3|TLE4|TLF1|TLF2|TLG1|TLH1|TLH2|TLH3|TLJ1
uk,TLG2,Uni,,10,300,0.5,GBP,1300.6183079398284,0.12293368470723245,159.88980099272902,107.33020999556958,0.082522450545525525,True,10202001.411316354,68752614.426873475,2436380,75986267.994128421,58550613.015557125,73549887.994128421,True,True,0.14023040658454822,False,False,15,London|TLC1|TLC2|TLD3|TLD4|TLD6|TLE3|TLE4|TLF1|TLF2|TLG1|TLH1|TLH2|TLH3|TLJ1
uk,TLG2,Uni,,10,500,0.5,GBP,1300.6183079398284,0.12293368470723245,159.88980099272902,107.33020999556958,0.082522450545525525,True,10202001.411316352,68752614.426873505,2436380,120286680.75487241,58550613.015557155,117850300.75487241,True,True,0.23371734430758034,False,False,15,London|TLC1|TLC2|TLD3|TLD4|TLD6|TLE3|TLE4|TLF1|TLF2|TLG1|TLH1|TLH2|TLH3|TLJ1
uk,TLG2,Uni,,10,100,0.80000000000000004,GBP,1300.6183079398284,0.17494274056401779,227.5337312187292,107.33020999556958,0.082522450545525525,True,7450619.9395687999,92913254.094739586,16556990.569241961,96177414.002189532,85462634.155170783,79620423.432947576,True,True,0.04674346886151607,False,False,15,London|TLC1|TLC2|TLD3|TLD4|TLD6|TLE3|TLE4|TLF1|TLF2|TLG1|TLH1|TLH2|TLH3|TLJ1
uk,TLG2,Uni,,10,300,0.80000000000000004,GBP,1300.6183079398284,0.17494274056401779,227.5337312187292,107.33020999556958,0.082522450545525525,True,10202001.411316354,97839504.424053594,2436380,115143981.7233789,87637503.012737244,112707601.7233789,True,True,0.14023040658454822,False,False,15,London|TLC1|TLC2|TLD3|TLD4|TLD6|TLE3|TLE4|TLF1|TLF2|TLG1|TLH1|TLH2|TLH3|TLJ1
uk,TLG2,Uni,,10,500,0.80000000000000004,GBP,1300.6183079398284,0.17494274056401779,227.5337312187292,107.33020999556958,0.082522450545525525,True,10202001.411316352,97839504.424053624,2436380,178305507.40122968,87637503.012737274,175869127.40122968,True,True,0.23371734430758034,False,False,15,London|TLC1|TLC2|TLD3|TLD4|TLD6|TLE3|TLE4|TLF1|TLF2|TLG1|TLH1|TLH2|TLH3|TLJ1
uk,TLG2,Uni,,10,100,0.90000000000000002,GBP,1300.6183079398284,0.21236574984994022,276.20678223420208,107.33020999556958,0.082522450545525525,True,7450619.9395687999,113842666.03139289,16556990.569241961,117106825.93884289,106392046.09182408,100549835.36960094,True,True,0.04674346886151607,False,False,15,London|TLC1|TLC2|TLD3|TLD4|TLD6|TLE3|TLE4|TLF1|TLF2|TLG1|TLH1|TLH2|TLH3|TLJ1
uk,TLG2,Uni,,10,300,0.90000000000000002,GBP,1300.6183079398284,0.21236574984994022,276.20678223420208,107.33020999556958,0.082522450545525525,True,10202001.411316354,118768916.36070688,2436380,136671456.18328264,108566914.94939053,134235076.18328264,True,True,0.14023040658454822,False,False,15,London|TLC1|TLC2|TLD3|TLD4|TLD6|TLE3|TLE4|TLF1|TLF2|TLG1|TLH1|TLH2|TLH3|TLJ1
uk,TLG2,Uni,,10,500,0.90000000000000002,GBP,1300.6183079398284,0.21236574984994022,276.20678223420208,107.33020999556958,0.082522450545525525,True,10202001.411316352,118768916.36070691,2436380,211441049.59873444,108566914.94939056,209004669.59873444,True,True,0.23371734430758034,False,False,15,London|TLC1|TLC2|TLD3|TLD4|TLD6|TLE3|TLE4|TLF1|TLF2|TLG1|TLH1|TLH2|TLH3|TLJ1
uk,TLG2,Uni,,10,100,1,GBP,1300.6183079398284,0.24933723448265505,324.29257201922701,107.33020999556958,0.082522450545525525,True,7450619.9395687999,134519555.63895366,16556990.569241961,137783715.54640359,127068935.69938485,121226724.97716163,True,True,0.04674346886151607,False,False,15,London|TLC1|TLC2|TLD3|TLD4|TLD6|TLE3|TLE4|TLF1|TLF2|TLG1|TLH1|TLH2|TLH3|TLJ1
uk,TLG2,Uni,,10,300,1,GBP,1300.6183079398284,0.24933723448265505,324.29257201922701,107.33020999556958,0.082522450545525525,True,10202001.411316354,139445805.96826765,2436380,157348345.79084334,129243804.5569513,154911965.79084334,True,True,0.14023040658454822,False,False,15,London|TLC1|TLC2|TLD3|TLD4|TLD6|TLE3|TLE4|TLF1|TLF2|TLG1|TLH1|TLH2|TLH3|TLJ1
uk,TLG2,Uni,,10,500,1,GBP,1300.6183079398284,0.24933723448265505,324.29257201922701,107.33020999556958,0.082522450545525525,True,10202001.411316352,139445805.96826771,2436380,232708206.33259821,129243804.55695136,230271826.33259821,True,True,0.23371734430758034,False,False,15,London|TLC1|TLC2|TLD3|TLD4|TLD6|TLE3|TLE4|TLF1|TLF2|TLG1|TLH1|TLH2|TLH3|TLJ1
uk,TLG2,Uni,,20,100,0.5,GBP,1300.6183079398284,0.14754386595052682,191.89825327947506,191.11496580016438,0.14694162355971241,True,6293864.1068924731,50954732.365359083,4872538.0368577624,68054458.678937882,44660868.258466609,63181920.642080121,True,True,0.046610168861516067,False,False,15,London|TLC1|TLC2|TLD3|TLD4|TLD6|TLE3|TLE4|TLF1|TLF2|TLG1|TLH1|TLH2|TLH3|TLJ1
uk,TLG2,Uni,,20,300,0.5,GBP,1300.6183079398284,0.14754386595052682,191.89825327947506,191.11496580016438,0.14694162355971241,True,13633791.05984531,75669375.089242399,23773791.707725901,78810392.789035529,62035584.029397085,55036601.081309631,True,True,0.14009710658454821,False,False,15,London|TLC1|TLC2|TLD3|TLD4|TLD6|TLE3|TLE4|TLF1|TLF2|TLG1|TLH1|TLH2|TLH3|TLJ1
uk,TLG2,Uni,,20,500,0.5,GBP,1300.6183079398284,0.14754386595052682,191.89825327947506,191.11496580016438,0.14694162355971241,True,17254814.450099722,82018718.370973691,16145639.999999985,57270905.857934535,64763903.92087397,41125265.857934549,True,True,0.23358404430758034,False,False,15,London|TLC1|TLC2|TLD3|TLD4|TLD6|TLE3|TLE4|TLF1|TLF2|TLG1|TLH1|TLH2|TLH3|TLJ1
uk,TLG2,Uni,,20,100,0.80000000000000004,GBP,1300.6183079398284,0.23857226541877538,310.29145617033925,191.11496580016438,0.14694162355971241,True,6293864.1068924731,95611895.230883062,4872538.0368577624,118963535.9220095,89318031.123990595,114090997.88515173,True,True,0.046610168861516067,False,False,15,London|TLC1|TLC2|TLD3|TLD4|TLD6|TLE3|TLE4|TLF1|TLF2|TLG1|TLH1|TLH2|TLH3|TLJ1
uk,TLG2,Uni,,20,300,0.80000000000000004,GBP,1300.6183079398284,0.23857226541877538,310.29145617033925,191.11496580016438,0.14694162355971241,True,13633791.05984531,126090407.55568101,23773791.707725901,129719470.03210711,112456616.49583569,105945678.32438122,True,True,0.14009710658454821,False,False,15,London|TLC1|TLC2|TLD3|TLD4|TLD6|TLE3|TLE4|TLF1|TLF2|TLG1|TLH1|TLH2|TLH3|TLJ1
uk,TLG2,Uni,,20,500,0.80000000000000004,GBP,1300.6183079398284,0.23857226541877538,310.29145617033925,191.11496580016438,0.14694162355971241,True,17254814.450099722,132927795.61404532,16145639.999999985,119253770.55417924,115672981.1639456,103108130.55417925,True,True,0.23358404430758034,False,False,15,London|TLC1|TLC2|TLD3|TLD4|TLD6|TLE3|TLE4|TLF1|TLF2|TLG1|TLH1|TLH2|TLH3|TLJ1
uk,TLG2,Uni,,20,100,0.90000000000000002,GBP,1300.6183079398284,0.24986216011324433,324.97529990467831,191.11496580016438,0.14694162355971241,True,6293864.1068924731,101549250.43721075,4872538.0368577624,125277588.72777529,95255386.330318287,120405050.69091752,True,True,0.046610168861516067,False,False,15,London|TLC1|TLC2|TLD3|TLD4|TLD6|TLE3|TLE4|TLF1|TLF2|TLG1|TLH1|TLH2|TLH3|TLJ1
uk,TLG2,Uni,,20,300,0.90000000000000002,GBP,1300.6183079398284,0.24986216011324433,324.97529990467831,191.11496580016438,0.14694162355971241,True,13633791.05984531,132377708.03636703,23773791.707725901,136033522.83787292,118743916.97652172,112259731.13014702,True,True,0.14009710658454821,False,False,15,London|TLC1|TLC2|TLD3|TLD4|TLD6|TLE3|TLE4|TLF1|TLF2|TLG1|TLH1|TLH2|TLH3|TLJ1
uk,TLG2,Uni,,20,500,0.90000000000000002,GBP,1300.6183079398284,0.24986216011324433,324.97529990467831,191.11496580016438,0.14694162355971241,True,17254814.450099722,139241848.4198111,16145639.999999985,125567823.35994509,121987033.96971138,109422183.3599451,True,True,0.23358404430758034,False,False,15,London|TLC1|TLC2|TLD3|TLD4|TLD6|TLE3|TLE4|TLF1|TLF2|TLG1|TLH1|TLH2|TLH3|TLJ1
uk,TLG2,Uni,,20,100,1,GBP,1300.6183079398284,0.26850458711315484,349.22198176519368,191.11496580016438,0.14694162355971241,True,6293864.1068924731,111564190.65689698,4872538.0368577624,135703661.9277969,105270326.55000451,130831123.89093913,True,True,0.046610168861516067,False,False,15,London|TLC1|TLC2|TLD3|TLD4|TLD6|TLE3|TLE4|TLF1|TLF2|TLG1|TLH1|TLH2|TLH3|TLJ1
uk,TLG2,Uni,,20,300,1,GBP,1300.6183079398284,0.26850458711315484,349.22198176519368,191.11496580016438,0.14694162355971241,True,13633791.05984531,142777153.90918103,23773791.707725901,146459596.03789455,129143362.84933572,122685804.33016865,True,True,0.14009710658454821,False,False,15,London|TLC1|TLC2|TLD3|TLD4|TLD6|TLE3|TLE4|TLF1|TLF2|TLG1|TLH1|TLH2|TLH3|TLJ1
uk,TLG2,Uni,,20,500,1,GBP,1300.6183079398284,0.26850458711315484,349.22198176519368,191.11496580016438,0.14694162355971241,True,17254814.450099722,149667921.61983269,16145639.999999985,135993896.55996665,132413107.16973297,119848256.55996667,True,True,0.23358404430758034,False,False,15,London|TLC1|TLC2|TLD3|TLD4|TLD6|TLE3|TLE4|TLF1|TLF2|TLG1|TLH1|TLH2|TLH3|TLJ1
uk,TLG2,LU,,10,100,0.5,GBP,1300.6183079398284,0.10849186812696943,141.10650994852998,105.6171211799834,0.081205316375470904,True,7394178.3916267473,56057558.020159014,15742140.569241961,59433975.090912655,48663379.628532268,43691834.521670692,True,True,0.04674346886151607,False,False,15,London|TLC1|TLC2|TLD3|TLD4|TLD6|TLE3|TLE4|TLF1|TLF2|TLG1|TLH1|TLH2|TLH3|TLJ1
uk,TLG2,LU,,10,300,0.5,GBP,1300.6183079398284,0.10849186812696943,141.10650994852998,105.6171211799834,0.081205316375470904,True,10052479.928967476,60675799.277867906,2436380,68446898.439494029,50623319.34890043,66010518.439494029,True,True,0.14023040658454822,False,False,15,London|TLC1|TLC2|TLD3|TLD4|TLD6|TLE3|TLE4|TLF1|TLF2|TLG1|TLH1|TLH2|TLH3|TLJ1
uk,TLG2,LU,,10,500,0.5,GBP,1300.6183079398284,0.10849186812696943,141.10650994852998,105.6171211799834,0.081205316375470904,True,10052479.928967476,60675799.277867913,2436380,104174340.20213506,50623319.348900437,101737960.20213506,True,True,0.23371734430758034,False,False,15,London|TLC1|TLC2|TLD3|TLD4|TLD6|TLE3|TLE4|TLF1|TLF2|TLG1|TLH1|TLH2|TLH3|TLJ1
uk,TLG2,LU,,10,100,0.80000000000000004,GBP,1300.6183079398284,0.13739328648395063,178.69622378904796,105.6171211799834,0.081205316375470904,True,7394178.3916267473,72029561.660294801,15742140.569241961,75597552.042335436,64635383.268668056,59855411.473093472,True,True,0.04674346886151607,False,False,15,London|TLC1|TLC2|TLD3|TLD4|TLD6|TLE3|TLE4|TLF1|TLF2|TLG1|TLH1|TLH2|TLH3|TLJ1
uk,TLG2,LU,,10,300,0.80000000000000004,GBP,1300.6183079398284,0.13739328648395063,178.69622378904796,105.6171211799834,0.081205316375470904,True,10052479.928967476,76839376.229290619,2436380,84730037.25238657,66786896.300323144,82293657.25238657,True,True,0.14023040658454822,False,False,15,London|TLC1|TLC2|TLD3|TLD4|TLD6|TLE3|TLE4|TLF1|TLF2|TLG1|TLH1|TLH2|TLH3|TLJ1
uk,TLG2,LU,,10,500,0.80000000000000004,GBP,1300.6183079398284,0.13739328648395063,178.69622378904796,105.6171211799834,0.081205316375470904,True,10052479.928967476,76839376.229290649,2436380,136501494.10498053,66786896.300323173,134065114.10498053,True,True,0.23371734430758034,False,False,15,London|TLC1|TLC2|TLD3|TLD4|TLD6|TLE3|TLE4|TLF1|TLF2|TLG1|TLH1|TLH2|TLH3|TLJ1
uk,TLG2,LU,,10,100,0.90000000000000002,GBP,1300.6183079398284,0.14676574218776511,190.88621126778415,105.6171211799834,0.081205316375470904,True,7394178.3916267473,77250070.664307162,15742140.569241961,80839246.658191949,69855892.272680417,65097106.088949986,True,True,0.04674346886151607,False,False,15,London|TLC1|TLC2|TLD3|TLD4|TLD6|TLE3|TLE4|TLF1|TLF2|TLG1|TLH1|TLH2|TLH3|TLJ1
uk,TLG2,LU,,10,300,0.90000000000000002,GBP,1300.6183079398284,0.14676574218776511,190.88621126778415,105.6171211799834,0.081205316375470904,True,10052479.928967476,82081070.845147192,2436380,92650010.857859954,72028590.916179717,90213630.857859954,True,True,0.14023040658454822,False,False,15,London|TLC1|TLC2|TLD3|TLD4|TLD6|TLE3|TLE4|TLF1|TLF2|TLG1|TLH1|TLH2|TLH3|TLJ1
uk,TLG2,LU,,10,500,0.90000000000000002,GBP,1300.6183079398284,0.14676574218776511,190.88621126778415,105.6171211799834,0.081205316375470904,True,10052479.928967476,82081070.845147207,2436380,146984883.33669358,72028590.916179731,144548503.33669358,True,True,0.23371734430758034,False,False,15,London|TLC1|TLC2|TLD3|TLD4|TLD6|TLE3|TLE4|TLF1|TLF2|TLG1|TLH1|TLH2|TLH3|TLJ1
uk,TLG2,LU,,10,100,1,GBP,1300.6183079398284,0.1844421380150226,239.88882145790299,105.6171211799834,0.081205316375470904,True,7394178.3916267473,98318342.534292817,15742140.569241961,101910369.03994304,90924164.142666072,86168228.470701084,True,True,0.04674346886151607,False,False,15,London|TLC1|TLC2|TLD3|TLD4|TLD6|TLE3|TLE4|TLF1|TLF2|TLG1|TLH1|TLH2|TLH3|TLJ1
uk,TLG2,LU,,10,300,1,GBP,1300.6183079398284,0.1844421380150226,239.88882145790299,105.6171211799834,0.081205316375470904,True,10052479.928967476,103152193.22689828,2436380,121598706.69697782,93099713.297930807,119162326.69697782,True,True,0.14023040658454822,False,False,15,London|TLC1|TLC2|TLD3|TLD4|TLD6|TLE3|TLE4|TLF1|TLF2|TLG1|TLH1|TLH2|TLH3|TLJ1
uk,TLG2,LU,,10,500,1,GBP,1300.6183079398284,0.1844421380150226,239.88882145790299,105.6171211799834,0.081205316375470904,True,10052479.928967476,103152193.22689831,2436380,188182636.31843382,93099713.297930837,185746256.31843382,True,True,0.23371734430758034,False,False,15,London|TLC1|TLC2|TLD3|TLD4|TLD6|TLE3|TLE4|TLF1|TLF2|TLG1|TLH1|TLH2|TLH3|TLJ1
uk,TLG2,LU,,20,100,0.5,GBP,1300.6183079398284,0.13776814713002924,179.18377440826396,183.45174077961587,0.14104963743759868,False,6266813.3992893184,46423628.950183034,4872538.0368577624,61589236.532144427,40156815.550893717,56716698.495286666,True,True,0.046610168861516067,False,False,15,London|TLC1|TLC2|TLD3|TLD4|TLD6|TLE3|TLE4|TLF1|TLF2|TLG1|TLH1|TLH2|TLH3|TLJ1
uk,TLG2,LU,,20,300,0.5,GBP,1300.6183079398284,0.13776814713002924,179.18377440826396,183.45174077961587,0.14104963743759868,False,13346821.957971275,70298592.163610488,23773791.707725901,75234720.675799489,56951770.205639213,51460928.968073592,True,True,0.14009710658454821,False,False,15,London|TLC1|TLC2|TLD3|TLD4|TLD6|TLE3|TLE4|TLF1|TLF2|TLG1|TLH1|TLH2|TLH3|TLJ1
uk,TLG2,LU,,20,500,0.5,GBP,1300.6183079398284,0.13776814713002924,179.18377440826396,183.45174077961587,0.14104963743759868,False,16911407.938350286,76581555.836244106,14307604.999999985,49968758.422437705,59670147.897893816,35661153.42243772,True,True,0.23358404430758034,False,False,15,London|TLC1|TLC2|TLD3|TLD4|TLD6|TLE3|TLE4|TLF1|TLF2|TLG1|TLH1|TLH2|TLH3|TLJ1
uk,TLG2,LU,,20,100,0.80000000000000004,GBP,1300.6183079398284,0.17919897807473806,233.06947164811223,183.45174077961587,0.14104963743759868,True,6266813.3992893184,65624017.492469467,4872538.0368577624,84760086.345279217,59357204.09318015,79887548.308421448,True,True,0.046610168861516067,False,False,15,London|TLC1|TLC2|TLD3|TLD4|TLD6|TLE3|TLE4|TLF1|TLF2|TLG1|TLH1|TLH2|TLH3|TLJ1
uk,TLG2,LU,,20,300,0.80000000000000004,GBP,1300.6183079398284,0.17919897807473806,233.06947164811223,183.45174077961587,0.14104963743759868,True,13346821.957971275,93148176.081671119,23773791.707725901,98405570.488934249,79801354.123699844,74631778.781208351,True,True,0.14009710658454821,False,False,15,London|TLC1|TLC2|TLD3|TLD4|TLD6|TLE3|TLE4|TLF1|TLF2|TLG1|TLH1|TLH2|TLH3|TLJ1
uk,TLG2,LU,,20,500,0.80000000000000004,GBP,1300.6183079398284,0.17919897807473806,233.06947164811223,183.45174077961587,0.14104963743759868,True,16911407.938350286,99752405.649378881,14307604.999999985,85343677.320412681,82840997.711028591,71036072.320412695,True,True,0.23358404430758034,False,False,15,London|TLC1|TLC2|TLD3|TLD4|TLD6|TLE3|TLE4|TLF1|TLF2|TLG1|TLH1|TLH2|TLH3|TLJ1
uk,TLG2,LU,,20,100,0.90000000000000002,GBP,1300.6183079398284,0.19511675788751595,253.77242749436616,183.45174077961587,0.14104963743759868,True,6266813.3992893184,73356582.844629943,4872538.0368577624,93662357.359168366,67089769.445340626,88789819.322310597,True,True,0.046610168861516067,False,False,15,London|TLC1|TLC2|TLD3|TLD4|TLD6|TLE3|TLE4|TLF1|TLF2|TLG1|TLH1|TLH2|TLH3|TLJ1
uk,TLG2,LU,,20,300,0.90000000000000002,GBP,1300.6183079398284,0.19511675788751595,253.77242749436616,183.45174077961587,0.14104963743759868,True,13346821.957971275,101963463.68564205,23773791.707725901,107307841.50282344,88616641.727670774,83534049.795097545,True,True,0.14009710658454821,False,False,15,London|TLC1|TLC2|TLD3|TLD4|TLD6|TLE3|TLE4|TLF1|TLF2|TLG1|TLH1|TLH2|TLH3|TLJ1
uk,TLG2,LU,,20,500,0.90000000000000002,GBP,1300.6183079398284,0.19511675788751595,253.77242749436616,183.45174077961587,0.14104963743759868,True,16911407.938350286,108654676.66326806,14307604.999999985,95428373.486839756,91743268.724917769,81120768.486839771,True,True,0.23358404430758034,False,False,15,London|TLC1|TLC2|TLD3|TLD4|TLD6|TLE3|TLE4|TLF1|TLF2|TLG1|TLH1|TLH2|TLH3|TLJ1
uk,TLG2,LU,,20,100,1,GBP,1300.6183079398284,0.25279013454619531,328.7834770573541,183.45174077961587,0.14104963743759868,True,6266813.3992893184,102978821.2164498,4872538.0368577624,125917108.67125317,96712007.817160472,121044570.63439541,True,True,0.046610168861516067,False,False,15,London|TLC1|TLC2|TLD3|TLD4|TLD6|TLE3|TLE4|TLF1|TLF2|TLG1|TLH1|TLH2|TLH3|TLJ1
uk,TLG2,LU,,20,300,1,GBP,1300.6183079398284,0.25279013454619531,328.7834770573541,183.45174077961587,0.14104963743759868,True,13346821.957971275,134025345.02136186,23773791.707725901,139562592.81490824,120678523.06339058,115788801.10718234,True,True,0.14009710658454821,False,False,15,London|TLC1|TLC2|TLD3|TLD4|TLD6|TLE3|TLE4|TLF1|TLF2|TLG1|TLH1|TLH2|TLH3|TLJ1
uk,TLG2,LU,,20,500,1,GBP,1300.6183079398284,0.25279013454619531,328.7834770573541,183.45174077961587,0.14104963743759868,True,16911407.938350286,140909427.97535288,14307604.999999985,127683124.7989246,123998020.03700259,113375519.79892461,True,True,0.23358404430758034,False,False,15,London|TLC1|TLC2|TLD3|TLD4|TLD6|TLE3|TLE4|TLF1|TLF2|TLG1|TLH1|TLH2|TLH3|TLJ1
uk,TLG2,GNN,42,10,100,0.5,GBP,1300.6183079398284,0.080475159033523869,104.6674651733704,84.84615074858695,0.065235242523214013,True,5369919.1451117555,41319254.056072459,10164431.556924194,37323492.513466291,35949334.910960704,27159060.956542097,True,True,0.04674346886151607,False,False,15,London|TLC1|TLC2|TLD3|TLD4|TLD6|TLE3|TLE4|TLF1|TLF2|TLG1|TLH1|TLH2|TLH3|TLJ1
uk,TLG2,GNN,42,10,300,0.5,GBP,1300.6183079398284,0.080475159033523869,104.6674651733704,84.84615074858695,0.065235242523214013,True,7379138.7855928019,45007010.024549268,153725,59596492.730480596,37627871.238956466,59442767.730480596,True,True,0.14023040658454822,False,False,15,London|TLC1|TLC2|TLD3|TLD4|TLD6|TLE3|TLE4|TLF1|TLF2|TLG1|TLH1|TLH2|TLH3|TLJ1
uk,TLG2,GNN,42,10,500,0.5,GBP,1300.6183079398284,0.080475159033523869,104.6674651733704,84.84615074858695,0.065235242523214013,True,7379138.7855928,45007010.024549283,153725,72136574.756497011,37627871.238956481,71982849.756497011,True,True,0.23371734430758034,False,False,15,London|TLC1|TLC2|TLD3|TLD4|TLD6|TLE3|TLE4|TLF1|TLF2|TLG1|TLH1|TLH2|TLH3|TLJ1
uk,TLG2,GNN,42,10,100,0.80000000000000004,GBP,1300.6183079398284,0.10481476329307282,136.32400008134999,84.84615074858695,0.065235242523214013,True,5369919.1451117555,54714840.063786469,10164431.556924194,50935802.523897514,49344920.918674715,40771370.96697332,True,True,0.04674346886151607,False,False,15,London|TLC1|TLC2|TLD3|TLD4|TLD6|TLE3|TLE4|TLF1|TLF2|TLG1|TLH1|TLH2|TLH3|TLJ1
uk,TLG2,GNN,42,10,300,0.80000000000000004,GBP,1300.6183079398284,0.10481476329307282,136.32400008134999,84.84615074858695,0.065235242523214013,True,7379138.7855928019,58619320.034980513,153725,73208802.740911812,51240181.249387711,73055077.740911812,True,True,0.14023040658454822,False,False,15,London|TLC1|TLC2|TLD3|TLD4|TLD6|TLE3|TLE4|TLF1|TLF2|TLG1|TLH1|TLH2|TLH3|TLJ1
uk,TLG2,GNN,42,10,500,0.80000000000000004,GBP,1300.6183079398284,0.10481476329307282,136.32400008134999,84.84615074858695,0.065235242523214013,True,7379138.7855928,58619320.034980528,153725,99361194.777359456,51240181.249387726,99207469.777359456,True,True,0.23371734430758034,False,False,15,London|TLC1|TLC2|TLD3|TLD4|TLD6|TLE3|TLE4|TLF1|TLF2|TLG1|TLH1|TLH2|TLH3|TLJ1
uk,TLG2,GNN,42,10,100,0.90000000000000002,GBP,1300.6183079398284,0.11761736880872931,152.97530320434424,84.84615074858695,0.065235242523214013,True,5369919.1451117555,61797555.870204479,10164431.556924194,58095862.866785035,56427636.725092724,47931431.30986084,True,True,0.04674346886151607,False,False,15,London|TLC1|TLC2|TLD3|TLD4|TLD6|TLE3|TLE4|TLF1|TLF2|TLG1|TLH1|TLH2|TLH3|TLJ1
uk,TLG2,GNN,42,10,300,0.90000000000000002,GBP,1300.6183079398284,0.11761736880872931,152.97530320434424,84.84615074858695,0.065235242523214013,True,7379138.7855928019,65779380.377868041,153725,80368863.083799332,58400241.59227524,80215138.083799332,True,True,0.14023040658454822,False,False,15,London|TLC1|TLC2|TLD3|TLD4|TLD6|TLE3|TLE4|TLF1|TLF2|TLG1|TLH1|TLH2|TLH3|TLJ1
uk,TLG2,GNN,42,10,500,0.90000000000000002,GBP,1300.6183079398284,0.11761736880872931,152.97530320434424,84.84615074858695,0.065235242523214013,True,7379138.7855928,65779380.377868056,153725,113681315.46313453,58400241.592275254,113527590.46313453,True,True,0.23371734430758034,False,False,15,London|TLC1|TLC2|TLD3|TLD4|TLD6|TLE3|TLE4|TLF1|TLF2|TLG1|TLH1|TLH2|TLH3|TLJ1
uk,TLG2,GNN,42,10,100,1,GBP,1300.6183079398284,0.1290144261103755,167.7985245875046,84.84615074858695,0.065235242523214013,True,5369919.1451117555,68129161.952515006,10164431.556924194,64469848.061544001,62759242.807403252,54305416.504619807,True,True,0.04674346886151607,False,False,15,London|TLC1|TLC2|TLD3|TLD4|TLD6|TLE3|TLE4|TLF1|TLF2|TLG1|TLH1|TLH2|TLH3|TLJ1
uk,TLG2,GNN,42,10,300,1,GBP,1300.6183079398284,0.1290144261103755,167.7985245875046,84.84615074858695,0.065235242523214013,True,7379138.7855928019,72153365.572626978,153725,86936542.043385118,64774226.787034176,86782817.043385118,True,True,0.14023040658454822,False,False,15,London|TLC1|TLC2|TLD3|TLD4|TLD6|TLE3|TLE4|TLF1|TLF2|TLG1|TLH1|TLH2|TLH3|TLJ1
uk,TLG2,GNN,42,10,500,1,GBP,1300.6183079398284,0.1290144261103755,167.7985245875046,84.84615074858695,0.065235242523214013,True,7379138.7855928,72153365.572627008,153725,126429285.85265246,64774226.787034206,126275560.85265246,True,True,0.23371734430758034,False,False,15,London|TLC1|TLC2|TLD3|TLD4|TLD6|TLE3|TLE4|TLF1|TLF2|TLG1|TLH1|TLH2|TLH3|TLJ1
uk,TLG2,GNN,42,20,100,0.5,GBP,1300.6183079398284,0.1053826532467456,137.06260815199192,168.88444201294135,0.12984935009907195,False,3984339.8491168674,32798188.811763868,3206482.3836647356,42431757.787183717,28813848.962646998,39225275.403518982,True,True,0.046610168861516067,False,False,15,London|TLC1|TLC2|TLD3|TLD4|TLD6|TLE3|TLE4|TLF1|TLF2|TLG1|TLH1|TLH2|TLH3|TLJ1
uk,TLG2,GNN,42,20,300,0.5,GBP,1300.6183079398284,0.1053826532467456,137.06260815199192,168.88444201294135,0.12984935009907195,False,9036561.0354840234,53590581.953491792,14843444.670772579,52336151.754363321,44554020.918007769,37492707.083590746,True,True,0.14009710658454821,False,False,15,London|TLC1|TLC2|TLD3|TLD4|TLD6|TLE3|TLE4|TLF1|TLF2|TLG1|TLH1|TLH2|TLH3|TLJ1
uk,TLG2,GNN,42,20,500,0.5,GBP,1300.6183079398284,0.1053826532467456,137.06260815199192,168.88444201294135,0.12984935009907195,False,11731326.976879967,58526732.291695669,19574459.999999985,31980271.203634612,46795405.3148157,12405811.203634627,True,True,0.23358404430758034,False,False,15,London|TLC1|TLC2|TLD3|TLD4|TLD6|TLE3|TLE4|TLF1|TLF2|TLG1|TLH1|TLH2|TLH3|TLJ1
uk,TLG2,GNN,42,20,100,0.80000000000000004,GBP,1300.6183079398284,0.12447073753361922,161.88892003899832,168.88444201294135,0.12984935009907195,False,3984339.8491168674,40938167.055519409,3206482.3836647356,53107071.89859648,36953827.20640254,49900589.514931746,True,True,0.046610168861516067,False,False,15,London|TLC1|TLC2|TLD3|TLD4|TLD6|TLE3|TLE4|TLF1|TLF2|TLG1|TLH1|TLH2|TLH3|TLJ1
uk,TLG2,GNN,42,20,300,0.80000000000000004,GBP,1300.6183079398284,0.12447073753361922,161.88892003899832,168.88444201294135,0.12984935009907195,False,9036561.0354840234,63940057.756919585,14843444.670772579,63011465.865776084,54903496.721435562,48168021.19500351,True,True,0.14009710658454821,False,False,15,London|TLC1|TLC2|TLD3|TLD4|TLD6|TLE3|TLE4|TLF1|TLF2|TLG1|TLH1|TLH2|TLH3|TLJ1
uk,TLG2,GNN,42,20,500,0.80000000000000004,GBP,1300.6183079398284,0.12447073753361922,161.88892003899832,168.88444201294135,0.12984935009907195,False,11731326.976879967,69193863.294742212,19574459.999999985,41837274.478425771,57462536.317862242,22262814.478425786,True,True,0.23358404430758034,False,False,15,London|TLC1|TLC2|TLD3|TLD4|TLD6|TLE3|TLE4|TLF1|TLF2|TLG1|TLH1|TLH2|TLH3|TLJ1
uk,TLG2,GNN,42,20,100,0.90000000000000002,GBP,1300.6183079398284,0.13835071718294606,179.94147568474503,168.88444201294135,0.12984935009907195,True,3984339.8491168674,47166767.968122013,3206482.3836647356,60869670.826267526,43182428.119005144,57663188.442602791,True,True,0.046610168861516067,False,False,15,London|TLC1|TLC2|TLD3|TLD4|TLD6|TLE3|TLE4|TLF1|TLF2|TLG1|TLH1|TLH2|TLH3|TLJ1
uk,TLG2,GNN,42,20,300,0.90000000000000002,GBP,1300.6183079398284,0.13835071718294606,179.94147568474503,168.88444201294135,0.12984935009907195,True,9036561.0354840234,71539168.805519655,14843444.670772579,70774064.793447167,62502607.770035632,55930620.122674584,True,True,0.14009710658454821,False,False,15,London|TLC1|TLC2|TLD3|TLD4|TLD6|TLE3|TLE4|TLF1|TLF2|TLG1|TLH1|TLH2|TLH3|TLJ1
uk,TLG2,GNN,42,20,500,0.90000000000000002,GBP,1300.6183079398284,0.13835071718294606,179.94147568474503,168.88444201294135,0.12984935009907195,True,11731326.976879967,76956462.222413287,19574459.999999985,49663862.564072087,65225135.245533317,30089402.564072102,True,True,0.23358404430758034,False,False,15,London|TLC1|TLC2|TLD3|TLD4|TLD6|TLE3|TLE4|TLF1|TLF2|TLG1|TLH1|TLH2|TLH3|TLJ1
uk,TLG2,GNN,42,20,100,1,GBP,1300.6183079398284,0.18426215839381918,239.65473666750975,168.88444201294135,0.12984935009907195,True,3984339.8491168674,68949237.546802387,3206482.3836647356,86546373.048856378,64964897.697685517,83339890.665191635,True,True,0.046610168861516067,False,False,15,London|TLC1|TLC2|TLD3|TLD4|TLD6|TLE3|TLE4|TLF1|TLF2|TLG1|TLH1|TLH2|TLH3|TLJ1
uk,TLG2,GNN,42,20,300,1,GBP,1300.6183079398284,0.18426215839381918,239.65473666750975,168.88444201294135,0.12984935009907195,True,9036561.0354840234,96866221.110667288,14843444.670772579,96450767.016036004,87829660.075183272,81607322.345263422,True,True,0.14009710658454821,False,False,15,London|TLC1|TLC2|TLD3|TLD4|TLD6|TLE3|TLE4|TLF1|TLF2|TLG1|TLH1|TLH2|TLH3|TLJ1
uk,TLG2,GNN,42,20,500,1,GBP,1300.6183079398284,0.18426215839381918,239.65473666750975,168.88444201294135,0.12984935009907195,True,11731326.976879967,102633164.44500214,19574459.999999985,81874345.280133441,90901837.468122169,62299885.280133456,True,True,0.23358404430758034,False,False,15,London|TLC1|TLC2|TLD3|TLD4|TLD6|TLE3|TLE4|TLF1|TLF2|TLG1|TLH1|TLH2|TLH3|TLJ1
uk,TLG2,GNN,123,10,100,0.5,GBP,1300.6183079398284,0.077560280916374749,100.87632132879308,112.48089303826497,0.08648263087764313,False,6342596.3968206616,39440607.743247122,19372236.556924194,37210876.413136706,33098011.346426461,17838639.856212512,True,True,0.04674346886151607,False,False,15,London|TLC1|TLC2|TLD3|TLD4|TLD6|TLE3|TLE4|TLF1|TLF2|TLG1|TLH1|TLH2|TLH3|TLJ1
uk,TLG2,GNN,123,10,300,0.5,GBP,1300.6183079398284,0.077560280916374749,100.87632132879308,112.48089303826497,0.08648263087764313,False,8897584.7309071049,43376818.171381027,652095,49683781.621517748,34479233.440473922,49031686.621517748,True,True,0.14023040658454822,False,False,15,London|TLC1|TLC2|TLD3|TLD4|TLD6|TLE3|TLE4|TLF1|TLF2|TLG1|TLH1|TLH2|TLH3|TLJ1
uk,TLG2,GNN,123,10,500,0.5,GBP,1300.6183079398284,0.077560280916374749,100.87632132879308,112.48089303826497,0.08648263087764313,False,8897584.7309071012,43376818.171381034,652095,68124558.134047747,34479233.440473929,67472463.134047747,True,True,0.23371734430758034,False,False,15,London|TLC1|TLC2|TLD3|TLD4|TLD6|TLE3|TLE4|TLF1|TLF2|TLG1|TLH1|TLH2|TLH3|TLJ1
uk,TLG2,GNN,123,10,100,0.80000000000000004,GBP,1300.6183079398284,0.10761152358212096,139.96151771620509,112.48089303826497,0.08648263087764313,True,6342596.3968206616,55890045.476227842,19372236.556924194,54017510.859723866,49547449.079407178,34645274.302799672,True,True,0.04674346886151607,False,False,15,London|TLC1|TLC2|TLD3|TLD4|TLD6|TLE3|TLE4|TLF1|TLF2|TLG1|TLH1|TLH2|TLH3|TLJ1
uk,TLG2,GNN,123,10,300,0.80000000000000004,GBP,1300.6183079398284,0.10761152358212096,139.96151771620509,112.48089303826497,0.08648263087764313,True,8897584.7309071049,60183452.617968202,652095,66516584.924090147,51285867.887061097,65864489.924090147,True,True,0.14023040658454822,False,False,15,London|TLC1|TLC2|TLD3|TLD4|TLD6|TLE3|TLE4|TLF1|TLF2|TLG1|TLH1|TLH2|TLH3|TLJ1
uk,TLG2,GNN,123,10,500,0.80000000000000004,GBP,1300.6183079398284,0.10761152358212096,139.96151771620509,112.48089303826497,0.08648263087764313,True,8897584.7309071012,60183452.617968217,652095,101737827.02722205,51285867.887061119,101085732.02722205,True,True,0.23371734430758034,False,False,15,London|TLC1|TLC2|TLD3|TLD4|TLD6|TLE3|TLE4|TLF1|TLF2|TLG1|TLH1|TLH2|TLH3|TLJ1
uk,TLG2,GNN,123,10,100,0.90000000000000002,GBP,1300.6183079398284,0.11442878970122268,148.82817884080669,112.48089303826497,0.08648263087764313,True,6342596.3968206616,59650145.665880688,19372236.556924194,57830175.143302545,53307549.269060023,38457938.586378351,True,True,0.04674346886151607,False,False,15,London|TLC1|TLC2|TLD3|TLD4|TLD6|TLE3|TLE4|TLF1|TLF2|TLG1|TLH1|TLH2|TLH3|TLJ1
uk,TLG2,GNN,123,10,300,0.90000000000000002,GBP,1300.6183079398284,0.11442878970122268,148.82817884080669,112.48089303826497,0.08648263087764313,True,8897584.7309071049,63996116.901546873,652095,70519882.421847761,55098532.170639768,69867787.421847761,True,True,0.14023040658454822,False,False,15,London|TLC1|TLC2|TLD3|TLD4|TLD6|TLE3|TLE4|TLF1|TLF2|TLG1|TLH1|TLH2|TLH3|TLJ1
uk,TLG2,GNN,123,10,500,0.90000000000000002,GBP,1300.6183079398284,0.11442878970122268,148.82817884080669,112.48089303826497,0.08648263087764313,True,8897584.7309071012,63996116.901546903,652095,109363155.59437945,55098532.170639798,108711060.59437945,True,True,0.23371734430758034,False,False,15,London|TLC1|TLC2|TLD3|TLD4|TLD6|TLE3|TLE4|TLF1|TLF2|TLG1|TLH1|TLH2|TLH3|TLJ1
uk,TLG2,GNN,123,10,100,1,GBP,1300.6183079398284,0.11859490231483208,154.24670117900612,112.48089303826497,0.08648263087764313,True,6342596.3968206616,61949163.979517244,19372236.556924194,60160139.748728313,55606567.582696579,40787903.191804118,True,True,0.04674346886151607,False,False,15,London|TLC1|TLC2|TLD3|TLD4|TLD6|TLE3|TLE4|TLF1|TLF2|TLG1|TLH1|TLH2|TLH3|TLJ1
uk,TLG2,GNN,123,10,300,1,GBP,1300.6183079398284,0.11859490231483208,154.24670117900612,112.48089303826497,0.08648263087764313,True,8897584.7309071049,66326081.506972656,652095,72966345.257544816,57428496.776065551,72314250.257544816,True,True,0.14023040658454822,False,False,15,London|TLC1|TLC2|TLD3|TLD4|TLD6|TLE3|TLE4|TLF1|TLF2|TLG1|TLH1|TLH2|TLH3|TLJ1
uk,TLG2,GNN,123,10,500,1,GBP,1300.6183079398284,0.11859490231483208,154.24670117900612,112.48089303826497,0.08648263087764313,True,8897584.7309071012,66326081.506972656,652095,114023084.805231,57428496.776065558,113370989.805231,True,True,0.23371734430758034,False,False,15,London|TLC1|TLC2|TLD3|TLD4|TLD6|TLE3|TLE4|TLF1|TLF2|TLG1|TLH1|TLH2|TLH3|TLJ1
uk,TLG2,GNN,123,20,100,0.5,GBP,1300.6183079398284,0.10381066667321479,135.01805363462213,204.79491691792987,0.15745966027675237,False,4645713.0593759781,32977532.185452938,2473339.902314255,38168622.273543805,28331819.126076959,35695282.371229552,True,True,0.046610168861516067,False,False,15,London|TLC1|TLC2|TLD3|TLD4|TLD6|TLE3|TLE4|TLF1|TLF2|TLG1|TLH1|TLH2|TLH3|TLJ1
uk,TLG2,GNN,123,20,300,0.5,GBP,1300.6183079398284,0.10381066667321479,135.01805363462213,204.79491691792987,0.15745966027675237,False,11841176.347326275,52087704.393795423,18875578.353862934,49196505.992530324,40246528.046469152,30320927.63866739,True,True,0.14009710658454821,False,False,15,London|TLC1|TLC2|TLD3|TLD4|TLD6|TLE3|TLE4|TLF1|TLF2|TLG1|TLH1|TLH2|TLH3|TLJ1
uk,TLG2,GNN,123,20,500,0.5,GBP,1300.6183079398284,0.10381066667321479,135.01805363462213,204.79491691792987,0.15745966027675237,False,15806442.624900375,57430784.122472242,39967209.99999997,36972207.583761498,41624341.497571871,-2995002.4162384719,True,False,0.23358404430758034,False,False,15,London|TLC1|TLC2|TLD3|TLD4|TLD6|TLE3|TLE4|TLF1|TLF2|TLG1|TLH1|TLH2|TLH3|TLJ1
uk,TLG2,GNN,123,20,100,0.80000000000000004,GBP,1300.6183079398284,0.12479660288667148,162.31274648310136,204.79491691792987,0.15745966027675237,False,4645713.0593759781,41944005.859442048,2473339.902314255,49905340.198389903,37298292.800066069,47432000.29607565,True,True,0.046610168861516067,False,False,15,London|TLC1|TLC2|TLD3|TLD4|TLD6|TLE3|TLE4|TLF1|TLF2|TLG1|TLH1|TLH2|TLH3|TLJ1
uk,TLG2,GNN,123,20,300,0.80000000000000004,GBP,1300.6183079398284,0.12479660288667148,162.31274648310136,204.79491691792987,0.15745966027675237,False,11841176.347326275,63313310.185171984,18875578.353862934,60933223.917376399,51472133.837845713,42057645.563513465,True,True,0.14009710658454821,False,False,15,London|TLC1|TLC2|TLD3|TLD4|TLD6|TLE3|TLE4|TLF1|TLF2|TLG1|TLH1|TLH2|TLH3|TLJ1
uk,TLG2,GNN,123,20,500,0.80000000000000004,GBP,1300.6183079398284,0.12479660288667148,162.31274648310136,204.79491691792987,0.15745966027675237,False,15806442.624900375,69145809.429771975,39967209.99999997,47887486.010446407,53339366.804871604,7920276.0104464367,True,True,0.23358404430758034,False,False,15,London|TLC1|TLC2|TLD3|TLD4|TLD6|TLE3|TLE4|TLF1|TLF2|TLG1|TLH1|TLH2|TLH3|TLJ1
uk,TLG2,GNN,123,20,100,0.90000000000000002,GBP,1300.6183079398284,0.13178253985328828,171.39878399999679,204.79491691792987,0.15745966027675237,False,4645713.0593759781,45035586.603130691,2473339.902314255,53812336.330654919,40389873.543754712,51338996.428340666,True,True,0.046610168861516067,False,False,15,London|TLC1|TLC2|TLD3|TLD4|TLD6|TLE3|TLE4|TLF1|TLF2|TLG1|TLH1|TLH2|TLH3|TLJ1
uk,TLG2,GNN,123,20,300,0.90000000000000002,GBP,1300.6183079398284,0.13178253985328828,171.39878399999679,204.79491691792987,0.15745966027675237,False,11841176.347326275,67078948.825652495,18875578.353862934,64840220.04964143,55237772.478326216,45964641.695778497,True,True,0.14009710658454821,False,False,15,London|TLC1|TLC2|TLD3|TLD4|TLD6|TLE3|TLE4|TLF1|TLF2|TLG1|TLH1|TLH2|TLH3|TLJ1
uk,TLG2,GNN,123,20,500,0.90000000000000002,GBP,1300.6183079398284,0.13178253985328828,171.39878399999679,204.79491691792987,0.15745966027675237,False,15806442.624900375,73046945.067838609,39967209.99999997,51815479.604149878,57240502.442938238,11848269.604149908,True,True,0.23358404430758034,False,False,15,London|TLC1|TLC2|TLD3|TLD4|TLD6|TLE3|TLE4|TLF1|TLF2|TLG1|TLH1|TLH2|TLH3|TLJ1
uk,TLG2,GNN,123,20,100,1,GBP,1300.6183079398284,0.16208594624878639,210.81194915092252,204.79491691792987,0.15745966027675237,True,4645713.0593759781,58976714.027184971,2473339.902314255,70759997.345552981,54331000.967808992,68286657.44323872,True,True,0.046610168861516067,False,False,15,London|TLC1|TLC2|TLD3|TLD4|TLD6|TLE3|TLE4|TLF1|TLF2|TLG1|TLH1|TLH2|TLH3|TLJ1
uk,TLG2,GNN,123,20,300,1,GBP,1300.6183079398284,0.16208594624878639,210.81194915092252,204.79491691792987,0.15745966027675237,True,11841176.347326275,83574301.596248686,18875578.353862934,81787881.064539492,71733125.248922408,62912302.710676558,True,True,0.14009710658454821,False,False,15,London|TLC1|TLC2|TLD3|TLD4|TLD6|TLE3|TLE4|TLF1|TLF2|TLG1|TLH1|TLH2|TLH3|TLJ1
uk,TLG2,GNN,123,20,500,1,GBP,1300.6183079398284,0.16208594624878639,210.81194915092252,204.79491691792987,0.15745966027675237,True,15806442.624900375,89986566.716262162,39967209.99999997,72631272.001671523,74180124.091361791,32664062.001671553,True,True,0.23358404430758034,False,False,15,London|TLC1|TLC2|TLD3|TLD4|TLD6|TLE3|TLE4|TLF1|TLF2|TLG1|TLH1|TLH2|TLH3|TLJ1
uk,TLG2,GNN,456,10,100,0.5,GBP,1300.6183079398284,0.081310349382180944,105.75372903144844,101.72425617061108,0.078212228406765782,True,5660353.4413256878,41474995.074131422,17022931.556924194,39927422.453807831,35814641.632805735,22904490.896883637,True,True,0.04674346886151607,False,False,15,London|TLC1|TLC2|TLD3|TLD4|TLD6|TLE3|TLE4|TLF1|TLF2|TLG1|TLH1|TLH2|TLH3|TLJ1
uk,TLG2,GNN,456,10,300,0.5,GBP,1300.6183079398284,0.081310349382180944,105.75372903144844,101.72425617061108,0.078212228406765782,True,8035738.6087449426,45474103.48352284,153725,56905896.257625662,37438364.874777898,56752171.257625662,True,True,0.14023040658454822,False,False,15,London|TLC1|TLC2|TLD3|TLD4|TLD6|TLE3|TLE4|TLF1|TLF2|TLG1|TLH1|TLH2|TLH3|TLJ1
uk,TLG2,GNN,456,10,500,0.5,GBP,1300.6183079398284,0.081310349382180944,105.75372903144844,101.72425617061108,0.078212228406765782,True,8035738.6087449398,45474103.483522855,153725,73849318.025356799,37438364.874777913,73695593.025356799,True,True,0.23371734430758034,False,False,15,London|TLC1|TLC2|TLD3|TLD4|TLD6|TLE3|TLE4|TLF1|TLF2|TLG1|TLH1|TLH2|TLH3|TLJ1
uk,TLG2,GNN,456,10,100,0.80000000000000004,GBP,1300.6183079398284,0.10976070553265407,142.7567831081623,101.72425617061108,0.078212228406765782,True,5660353.4413256878,57118436.592949085,17022931.556924194,55838735.706794776,51458083.151623398,38815804.149870582,True,True,0.04674346886151607,False,False,15,London|TLC1|TLC2|TLD3|TLD4|TLD6|TLE3|TLE4|TLF1|TLF2|TLG1|TLH1|TLH2|TLH3|TLJ1
uk,TLG2,GNN,456,10,300,0.80000000000000004,GBP,1300.6183079398284,0.10976070553265407,142.7567831081623,101.72425617061108,0.078212228406765782,True,8035738.6087449426,61385416.736509793,153725,72817209.510612607,53349678.127764851,72663484.510612607,True,True,0.14023040658454822,False,False,15,London|TLC1|TLC2|TLD3|TLD4|TLD6|TLE3|TLE4|TLF1|TLF2|TLG1|TLH1|TLH2|TLH3|TLJ1
uk,TLG2,GNN,456,10,500,0.80000000000000004,GBP,1300.6183079398284,0.10976070553265407,142.7567831081623,101.72425617061108,0.078212228406765782,True,8035738.6087449398,61385416.736509815,153725,105671944.5313307,53349678.127764873,105518219.5313307,True,True,0.23371734430758034,False,False,15,London|TLC1|TLC2|TLD3|TLD4|TLD6|TLE3|TLE4|TLF1|TLF2|TLG1|TLH1|TLH2|TLH3|TLJ1
uk,TLG2,GNN,456,10,100,0.90000000000000002,GBP,1300.6183079398284,0.11634754585348168,151.32374822090694,101.72425617061108,0.078212228406765782,True,5660353.4413256878,60754696.606444456,17022931.556924194,59522530.705274977,55094343.165118769,42499599.148350783,True,True,0.04674346886151607,False,False,15,London|TLC1|TLC2|TLD3|TLD4|TLD6|TLE3|TLE4|TLF1|TLF2|TLG1|TLH1|TLH2|TLH3|TLJ1
uk,TLG2,GNN,456,10,300,0.90000000000000002,GBP,1300.6183079398284,0.11634754585348168,151.32374822090694,101.72425617061108,0.078212228406765782,True,8035738.6087449426,65069211.734990001,153725,76501004.509092808,57033473.126245059,76347279.509092808,True,True,0.14023040658454822,False,False,15,London|TLC1|TLC2|TLD3|TLD4|TLD6|TLE3|TLE4|TLF1|TLF2|TLG1|TLH1|TLH2|TLH3|TLJ1
uk,TLG2,GNN,456,10,500,0.90000000000000002,GBP,1300.6183079398284,0.11634754585348168,151.32374822090694,101.72425617061108,0.078212228406765782,True,8035738.6087449398,65069211.734990008,153725,113039534.52829114,57033473.126245067,112885809.52829114,True,True,0.23371734430758034,False,False,15,London|TLC1|TLC2|TLD3|TLD4|TLD6|TLE3|TLE4|TLF1|TLF2|TLG1|TLH1|TLH2|TLH3|TLJ1
uk,TLG2,GNN,456,10,100,1,GBP,1300.6183079398284,0.13218543938455474,171.92280250662233,101.72425617061108,0.078212228406765782,True,5660353.4413256878,69528894.415608376,17022931.556924194,68380124.048132583,63868540.974282689,51357192.491208389,True,True,0.04674346886151607,False,False,15,London|TLC1|TLC2|TLD3|TLD4|TLD6|TLE3|TLE4|TLF1|TLF2|TLG1|TLH1|TLH2|TLH3|TLJ1
uk,TLG2,GNN,456,10,300,1,GBP,1300.6183079398284,0.13218543938455474,171.92280250662233,101.72425617061108,0.078212228406765782,True,8035738.6087449426,73926805.0778476,153725,85715963.75028114,65891066.469102658,85562238.75028114,True,True,0.14023040658454822,False,False,15,London|TLC1|TLC2|TLD3|TLD4|TLD6|TLE3|TLE4|TLF1|TLF2|TLG1|TLH1|TLH2|TLH3|TLJ1
uk,TLG2,GNN,456,10,500,1,GBP,1300.6183079398284,0.13218543938455474,171.92280250662233,101.72425617061108,0.078212228406765782,True,8035738.6087449398,73926805.07784763,153725,130754721.21400642,65891066.469102688,130600996.21400642,True,True,0.23371734430758034,False,False,15,London|TLC1|TLC2|TLD3|TLD4|TLD6|TLE3|TLE4|TLF1|TLF2|TLG1|TLH1|TLH2|TLH3|TLJ1
uk,TLG2,GNN,456,20,100,0.5,GBP,1300.6183079398284,0.11310630600785927,147.10813233726637,200.49574053287805,0.15415417367948794,False,4081730.1413405235,36632482.390326694,0,32716320.938050609,32550752.24898617,32716320.938050609,True,True,0.046610168861516067,True,False,15,London|TLC1|TLC2|TLD3|TLD4|TLD6|TLE3|TLE4|TLF1|TLF2|TLG1|TLH1|TLH2|TLH3|TLJ1
uk,TLG2,GNN,456,20,300,0.5,GBP,1300.6183079398284,0.11310630600785927,147.10813233726637,200.49574053287805,0.15415417367948794,False,9861738.330039518,57281156.366090804,14843444.670772579,47395826.595061824,47419418.036051288,32552381.924289245,True,True,0.14009710658454821,False,False,15,London|TLC1|TLC2|TLD3|TLD4|TLD6|TLE3|TLE4|TLF1|TLF2|TLG1|TLH1|TLH2|TLH3|TLJ1
uk,TLG2,GNN,456,20,500,0.5,GBP,1300.6183079398284,0.11310630600785927,147.10813233726637,200.49574053287805,0.15415417367948794,False,13307331.184691047,62678878.267725237,35119389.999999963,40939313.631702699,49371547.083034188,5819923.631702736,True,True,0.23358404430758034,False,False,15,London|TLC1|TLC2|TLD3|TLD4|TLD6|TLE3|TLE4|TLF1|TLF2|TLG1|TLH1|TLH2|TLH3|TLJ1
uk,TLG2,GNN,456,20,100,0.80000000000000004,GBP,1300.6183079398284,0.13990406135450403,181.96178355280497,200.49574053287805,0.15415417367948794,False,4081730.1413405235,48483084.812696807,0,47703390.960732207,44401354.671356283,47703390.960732207,True,True,0.046610168861516067,True,False,15,London|TLC1|TLC2|TLD3|TLD4|TLD6|TLE3|TLE4|TLF1|TLF2|TLG1|TLH1|TLH2|TLH3|TLJ1
uk,TLG2,GNN,456,20,300,0.80000000000000004,GBP,1300.6183079398284,0.13990406135450403,181.96178355280497,200.49574053287805,0.15415417367948794,False,9861738.330039518,71780338.740134269,14843444.670772579,62382896.617743418,61918600.410094753,47539451.946970835,True,True,0.14009710658454821,False,False,15,London|TLC1|TLC2|TLD3|TLD4|TLD6|TLE3|TLE4|TLF1|TLF2|TLG1|TLH1|TLH2|TLH3|TLJ1
uk,TLG2,GNN,456,20,500,0.80000000000000004,GBP,1300.6183079398284,0.13990406135450403,181.96178355280497,200.49574053287805,0.15415417367948794,False,13307331.184691047,77645673.510991767,35119389.999999963,54007314.886018589,64338342.326300718,18887924.886018626,True,True,0.23358404430758034,False,False,15,London|TLC1|TLC2|TLD3|TLD4|TLD6|TLE3|TLE4|TLF1|TLF2|TLG1|TLH1|TLH2|TLH3|TLJ1
uk,TLG2,GNN,456,20,100,0.90000000000000002,GBP,1300.6183079398284,0.15691380366206784,204.08496581136112,200.49574053287805,0.15415417367948794,True,4081730.1413405235,56346529.138152033,0,57216359.331911348,52264798.996811509,57216359.331911348,True,True,0.046610168861516067,True,False,15,London|TLC1|TLC2|TLD3|TLD4|TLD6|TLE3|TLE4|TLF1|TLF2|TLG1|TLH1|TLH2|TLH3|TLJ1
uk,TLG2,GNN,456,20,300,0.90000000000000002,GBP,1300.6183079398284,0.15691380366206784,204.08496581136112,200.49574053287805,0.15415417367948794,True,9861738.330039518,81080148.837930113,14843444.670772579,71895864.988922566,71218410.507890597,57052420.318149984,True,True,0.14009710658454821,False,False,15,London|TLC1|TLC2|TLD3|TLD4|TLD6|TLE3|TLE4|TLF1|TLF2|TLG1|TLH1|TLH2|TLH3|TLJ1
uk,TLG2,GNN,456,20,500,0.90000000000000002,GBP,1300.6183079398284,0.15691380366206784,204.08496581136112,200.49574053287805,0.15415417367948794,True,13307331.184691047,87157856.281420201,35119389.999999963,64536109.300050355,73850525.096729159,29416719.300050393,True,True,0.23358404430758034,False,False,15,London|TLC1|TLC2|TLD3|TLD4|TLD6|TLE3|TLE4|TLF1|TLF2|TLG1|TLH1|TLH2|TLH3|TLJ1
uk,TLG2,GNN,456,20,100,1,GBP,1300.6183079398284,0.17087764559264457,222.24659427544705,200.49574053287805,0.15415417367948794,True,4081730.1413405235,62970154.52950798,0,65025859.571468294,58888424.388167456,65025859.571468294,True,True,0.046610168861516067,True,False,15,London|TLC1|TLC2|TLD3|TLD4|TLD6|TLE3|TLE4|TLF1|TLF2|TLG1|TLH1|TLH2|TLH3|TLJ1
uk,TLG2,GNN,456,20,300,1,GBP,1300.6183079398284,0.17087764559264457,222.24659427544705,200.49574053287805,0.15415417367948794,True,9861738.330039518,88746522.597057059,14843444.670772579,79705365.228479519,78884784.267017543,64861920.557706937,True,True,0.14009710658454821,False,False,15,London|TLC1|TLC2|TLD3|TLD4|TLD6|TLE3|TLE4|TLF1|TLF2|TLG1|TLH1|TLH2|TLH3|TLJ1
uk,TLG2,GNN,456,20,500,1,GBP,1300.6183079398284,0.17087764559264457,222.24659427544705,200.49574053287805,0.15415417367948794,True,13307331.184691047,94967356.520977125,35119389.999999963,74557321.485582814,81660025.336286083,39437931.485582851,True,True,0.23358404430758034,False,False,15,London|TLC1|TLC2|TLD3|TLD4|TLD6|TLE3|TLE4|TLF1|TLF2|TLG1|TLH1|TLH2|TLH3|TLJ1
uk,TLH1,Uni,,10,100,0.5,GBP,1857.1011000000001,0.12293368470723245,228.30028109685458,109.03646713878631,0.058713263989120627,True,7781884.9275603201,98111367.000173122,9168255.9916152954,94459736.534251541,90329482.072612807,85291480.542636245,True,True,0.044257971716153012,False,False,15,London|TLC1|TLC2|TLD3|TLD4|TLD6|TLE3|TLE4|TLF1|TLF2|TLG1|TLG2|TLH2|TLH3|TLJ1
uk,TLH1,Uni,,10,300,0.5,GBP,1857.1011000000001,0.12293368470723245,228.30028109685458,109.03646713878631,0.058713263989120627,True,7839638.7990346728,98169120.871647492,7613164.9148459136,178967521.57572839,90329482.072612822,171354356.66088247,True,True,0.13043731234845907,False,False,15,London|TLC1|TLC2|TLD3|TLD4|TLD6|TLE3|TLE4|TLF1|TLF2|TLG1|TLG2|TLH2|TLH3|TLJ1
uk,TLH1,Uni,,10,500,0.5,GBP,1857.1011000000001,0.12293368470723245,228.30028109685458,109.03646713878631,0.058713263989120627,True,7839638.7990346719,98169120.871647462,7631098.9780764878,191396459.9501248,90329482.072612792,183765360.97204831,True,True,0.21661665298076505,False,False,15,London|TLC1|TLC2|TLD3|TLD4|TLD6|TLE3|TLE4|TLF1|TLF2|TLG1|TLG2|TLH2|TLH3|TLJ1
uk,TLH1,Uni,,10,100,0.80000000000000004,GBP,1857.1011000000001,0.17494274056401779,324.88635593845208,109.03646713878631,0.058713263989120627,True,7781884.9275603201,139643379.18206006,9168255.9916152954,135991748.71613845,131861494.25449975,126823492.72452316,True,True,0.044257971716153012,False,False,15,London|TLC1|TLC2|TLD3|TLD4|TLD6|TLE3|TLE4|TLF1|TLF2|TLG1|TLG2|TLH2|TLH3|TLJ1
uk,TLH1,Uni,,10,300,0.80000000000000004,GBP,1857.1011000000001,0.17494274056401779,324.88635593845208,109.03646713878631,0.058713263989120627,True,7839638.7990346728,139701133.05353442,7613164.9148459136,220739950.71380672,131861494.25449975,213126785.7989608,True,True,0.13043731234845907,False,False,15,London|TLC1|TLC2|TLD3|TLD4|TLD6|TLE3|TLE4|TLF1|TLF2|TLG1|TLG2|TLH2|TLH3|TLJ1
uk,TLH1,Uni,,10,500,0.80000000000000004,GBP,1857.1011000000001,0.17494274056401779,324.88635593845208,109.03646713878631,0.058713263989120627,True,7839638.7990346719,139701133.05353442,7631098.9780764878,274460484.31389868,131861494.25449975,266829385.33582219,True,True,0.21661665298076505,False,False,15,London|TLC1|TLC2|TLD3|TLD4|TLD6|TLE3|TLE4|TLF1|TLF2|TLG1|TLG2|TLH2|TLH3|TLJ1
uk,TLH1,Uni,,10,100,0.90000000000000002,GBP,1857.1011000000001,0.21236574984994022,394.38466764864881,109.03646713878631,0.058713263989120627,True,7781884.9275603201,169527653.21744463,9168255.9916152954,165876022.75152308,161745768.2898843,156707766.75990778,True,True,0.044257971716153012,False,False,15,London|TLC1|TLC2|TLD3|TLD4|TLD6|TLE3|TLE4|TLF1|TLF2|TLG1|TLG2|TLH2|TLH3|TLJ1
uk,TLH1,Uni,,10,300,0.90000000000000002,GBP,1857.1011000000001,0.21236574984994022,394.38466764864881,109.03646713878631,0.058713263989120627,True,7839638.7990346728,169585407.08891901,7613164.9148459136,250625917.64661297,161745768.28988433,243012752.73176706,True,True,0.13043731234845907,False,False,15,London|TLC1|TLC2|TLD3|TLD4|TLD6|TLE3|TLE4|TLF1|TLF2|TLG1|TLG2|TLH2|TLH3|TLJ1
uk,TLH1,Uni,,10,500,0.90000000000000002,GBP,1857.1011000000001,0.21236574984994022,394.38466764864881,109.03646713878631,0.058713263989120627,True,7839638.7990346719,169585407.08891901,7631098.9780764878,334229032.38466775,161745768.28988433,326597933.4065913,True,True,0.21661665298076505,False,False,15,London|TLC1|TLC2|TLD3|TLD4|TLD6|TLE3|TLE4|TLF1|TLF2|TLG1|TLG2|TLH2|TLH3|TLJ1
uk,TLH1,Uni,,10,100,1,GBP,1857.1011000000001,0.24933723448265505,463.04445242869662,109.03646713878631,0.058713263989120627,True,7781884.9275603201,199051360.67286524,9168255.9916152954,195399730.20694363,191269475.74530491,186231474.21532834,True,True,0.044257971716153012,False,False,15,London|TLC1|TLC2|TLD3|TLD4|TLD6|TLE3|TLE4|TLF1|TLF2|TLG1|TLG2|TLH2|TLH3|TLJ1
uk,TLH1,Uni,,10,300,1,GBP,1857.1011000000001,0.24933723448265505,463.04445242869662,109.03646713878631,0.058713263989120627,True,7839638.7990346728,199109114.5443396,7613164.9148459136,280149625.10203362,191269475.74530491,272536460.18718767,True,True,0.13043731234845907,False,False,15,London|TLC1|TLC2|TLD3|TLD4|TLD6|TLE3|TLE4|TLF1|TLF2|TLG1|TLG2|TLH2|TLH3|TLJ1
uk,TLH1,Uni,,10,500,1,GBP,1857.1011000000001,0.24933723448265505,463.04445242869662,109.03646713878631,0.058713263989120627,True,7839638.7990346719,199109114.5443396,7631098.9780764878,365992702.04876572,191269475.74530491,358361603.0706892,True,True,0.21661665298076505,False,False,15,London|TLC1|TLC2|TLD3|TLD4|TLD6|TLE3|TLE4|TLF1|TLF2|TLG1|TLG2|TLH2|TLH3|TLJ1
uk,TLH1,Uni,,20,100,0.5,GBP,1857.1011000000001,0.14754386595052682,274.00387575497592,128.44717102149875,0.069165416477055958,True,14538796.811202722,117628340.17099161,9388023.4958076365,113093832.58778429,103089543.35978889,103705809.09197666,True,True,0.043739701316153005,False,False,15,London|TLC1|TLC2|TLD3|TLD4|TLD6|TLE3|TLE4|TLF1|TLF2|TLG1|TLG2|TLH2|TLH3|TLJ1
uk,TLH1,Uni,,20,300,0.5,GBP,1857.1011000000001,0.14754386595052682,274.00387575497592,128.44717102149875,0.069165416477055958,True,14732123.214850772,117821666.57463965,9012694.7974229604,191746848.46001381,103089543.35978888,182734153.66259086,True,True,0.12991904194845902,False,False,15,London|TLC1|TLC2|TLD3|TLD4|TLD6|TLE3|TLE4|TLF1|TLF2|TLG1|TLG2|TLH2|TLH3|TLJ1
uk,TLH1,Uni,,20,500,0.5,GBP,1857.1011000000001,0.14754386595052682,274.00387575497592,128.44717102149875,0.069165416477055958,True,14732123.214850768,117821666.57463963,9026822.4842295051,227968835.84021011,103089543.35978886,218942013.3559806,True,True,0.21609838258076502,False,False,15,London|TLC1|TLC2|TLD3|TLD4|TLD6|TLE3|TLE4|TLF1|TLF2|TLG1|TLG2|TLH2|TLH3|TLJ1
uk,TLH1,Uni,,20,100,0.80000000000000004,GBP,1857.1011000000001,0.23857226541877538,443.05281653869974,128.44717102149875,0.069165416477055958,True,14538796.811202722,190319384.70799288,9388023.4958076365,185784877.12478551,175780587.89679015,176396853.62897786,True,True,0.043739701316153005,False,False,15,London|TLC1|TLC2|TLD3|TLD4|TLD6|TLE3|TLE4|TLF1|TLF2|TLG1|TLG2|TLH2|TLH3|TLJ1
uk,TLH1,Uni,,20,300,0.80000000000000004,GBP,1857.1011000000001,0.23857226541877538,443.05281653869974,128.44717102149875,0.069165416477055958,True,14732123.214850772,190512711.11164093,9012694.7974229604,264466515.5042018,175780587.89679015,255453820.70677882,True,True,0.12991904194845902,False,False,15,London|TLC1|TLC2|TLD3|TLD4|TLD6|TLE3|TLE4|TLF1|TLF2|TLG1|TLG2|TLH2|TLH3|TLJ1
uk,TLH1,Uni,,20,500,0.80000000000000004,GBP,1857.1011000000001,0.23857226541877538,443.05281653869974,128.44717102149875,0.069165416477055958,True,14732123.214850768,190512711.11164093,9026822.4842295051,350430037.79780871,175780587.89679015,341403215.3135792,True,True,0.21609838258076502,False,False,15,London|TLC1|TLC2|TLD3|TLD4|TLD6|TLE3|TLE4|TLF1|TLF2|TLG1|TLG2|TLH2|TLH3|TLJ1
uk,TLH1,Uni,,20,100,0.90000000000000002,GBP,1857.1011000000001,0.24986216011324433,464.01929239468217,128.44717102149875,0.069165416477055958,True,14538796.811202722,199334969.32606533,9388023.4958076365,194800461.74285799,184796172.5148626,185412438.24705034,True,True,0.043739701316153005,False,False,15,London|TLC1|TLC2|TLD3|TLD4|TLD6|TLE3|TLE4|TLF1|TLF2|TLG1|TLG2|TLH2|TLH3|TLJ1
uk,TLH1,Uni,,20,300,0.90000000000000002,GBP,1857.1011000000001,0.24986216011324433,464.01929239468217,128.44717102149875,0.069165416477055958,True,14732123.214850772,199528295.72971338,9012694.7974229604,273482100.12227422,184796172.5148626,264469405.32485127,True,True,0.12991904194845902,False,False,15,London|TLC1|TLC2|TLD3|TLD4|TLD6|TLE3|TLE4|TLF1|TLF2|TLG1|TLG2|TLH2|TLH3|TLJ1
uk,TLH1,Uni,,20,500,0.90000000000000002,GBP,1857.1011000000001,0.24986216011324433,464.01929239468217,128.44717102149875,0.069165416477055958,True,14732123.214850768,199528295.72971338,9026822.4842295051,359571770.43842727,184796172.5148626,350544947.95419776,True,True,0.21609838258076502,False,False,15,London|TLC1|TLC2|TLD3|TLD4|TLD6|TLE3|TLE4|TLF1|TLF2|TLG1|TLG2|TLH2|TLH3|TLJ1
uk,TLH1,Uni,,20,100,1,GBP,1857.1011000000001,0.26850458711315484,498.64016408288569,128.44717102149875,0.069165416477055958,True,14538796.811202722,214221944.15199277,9388023.4958076365,209687436.56878555,199683147.34079003,200299413.0729779,True,True,0.043739701316153005,False,False,15,London|TLC1|TLC2|TLD3|TLD4|TLD6|TLE3|TLE4|TLF1|TLF2|TLG1|TLG2|TLH2|TLH3|TLJ1
uk,TLH1,Uni,,20,300,1,GBP,1857.1011000000001,0.26850458711315484,498.64016408288569,128.44717102149875,0.069165416477055958,True,14732123.214850772,214415270.55564082,9012694.7974229604,288369074.94820178,199683147.34079003,279356380.15077883,True,True,0.12991904194845902,False,False,15,London|TLC1|TLC2|TLD3|TLD4|TLD6|TLE3|TLE4|TLF1|TLF2|TLG1|TLG2|TLH2|TLH3|TLJ1
uk,TLH1,Uni,,20,500,1,GBP,1857.1011000000001,0.26850458711315484,498.64016408288569,128.44717102149875,0.069165416477055958,True,14732123.214850768,214415270.55564082,9026822.4842295051,374548415.58050776,199683147.34079003,365521593.09627825,True,True,0.21609838258076502,False,False,15,London|TLC1|TLC2|TLD3|TLD4|TLD6|TLE3|TLE4|TLF1|TLF2|TLG1|TLG2|TLH2|TLH3|TLJ1
uk,TLH1,LU,,10,100,0.5,GBP,1857.1011000000001,0.10849186812696943,201.48036763964987,112.74794761042489,0.060711798410126881,True,7866498.033822896,86585745.701361895,10775874.631615296,82435431.713121906,78719247.667539001,71659557.08150661,True,True,0.044257971716153012,False,False,15,London|TLC1|TLC2|TLD3|TLD4|TLD6|TLE3|TLE4|TLF1|TLF2|TLG1|TLG2|TLH2|TLH3|TLJ1
uk,TLH1,LU,,10,300,0.5,GBP,1857.1011000000001,0.10849186812696943,201.48036763964987,112.74794761042489,0.060711798410126881,True,7917310.4175104359,86636558.085049435,9148887.769845888,167604866.38454106,78719247.667539001,158455978.61469519,True,True,0.13043731234845907,False,False,15,London|TLC1|TLC2|TLD3|TLD4|TLD6|TLE3|TLE4|TLF1|TLF2|TLG1|TLG2|TLH2|TLH3|TLJ1
uk,TLH1,LU,,10,500,0.5,GBP,1857.1011000000001,0.10849186812696943,201.48036763964987,112.74794761042489,0.060711798410126881,True,7917310.4175104359,86636558.085049435,9166821.8330765069,168234020.77567923,78719247.667539001,159067198.94260272,True,True,0.21661665298076505,False,False,15,London|TLC1|TLC2|TLD3|TLD4|TLD6|TLE3|TLE4|TLF1|TLF2|TLG1|TLG2|TLH2|TLH3|TLJ1
uk,TLH1,LU,,10,100,0.80000000000000004,GBP,1857.1011000000001,0.13739328648395063,255.15322346195987,112.74794761042489,0.060711798410126881,True,7866498.033822896,109665073.70495524,10775874.631615296,105514759.71671525,101798575.67113234,94738885.08509995,True,True,0.044257971716153012,False,False,15,London|TLC1|TLC2|TLD3|TLD4|TLD6|TLE3|TLE4|TLF1|TLF2|TLG1|TLG2|TLH2|TLH3|TLJ1
uk,TLH1,LU,,10,300,0.80000000000000004,GBP,1857.1011000000001,0.13739328648395063,255.15322346195987,112.74794761042489,0.060711798410126881,True,7917310.4175104359,109715886.08864279,9148887.769845888,190975783.11406812,101798575.67113236,181826895.34422225,True,True,0.13043731234845907,False,False,15,London|TLC1|TLC2|TLD3|TLD4|TLD6|TLE3|TLE4|TLF1|TLF2|TLG1|TLG2|TLH2|TLH3|TLJ1
uk,TLH1,LU,,10,500,0.80000000000000004,GBP,1857.1011000000001,0.13739328648395063,255.15322346195987,112.74794761042489,0.060711798410126881,True,7917310.4175104359,109715886.08864276,9166821.8330765069,214392676.78286582,101798575.67113233,205225854.94978932,True,True,0.21661665298076505,False,False,15,London|TLC1|TLC2|TLD3|TLD4|TLD6|TLE3|TLE4|TLF1|TLF2|TLG1|TLG2|TLH2|TLH3|TLJ1
uk,TLH1,LU,,10,100,0.90000000000000002,GBP,1857.1011000000001,0.14676574218776511,272.55882125921499,112.74794761042489,0.060711798410126881,True,7866498.033822896,117149480.75777493,10775874.631615296,112999166.7695349,109282982.72395204,102223292.1379196,True,True,0.044257971716153012,False,False,15,London|TLC1|TLC2|TLD3|TLD4|TLD6|TLE3|TLE4|TLF1|TLF2|TLG1|TLG2|TLH2|TLH3|TLJ1
uk,TLH1,LU,,10,300,0.90000000000000002,GBP,1857.1011000000001,0.14676574218776511,272.55882125921499,112.74794761042489,0.060711798410126881,True,7917310.4175104359,117200293.14146248,9148887.769845888,198487091.26173374,109282982.72395204,189338203.49188787,True,True,0.13043731234845907,False,False,15,London|TLC1|TLC2|TLD3|TLD4|TLD6|TLE3|TLE4|TLF1|TLF2|TLG1|TLG2|TLH2|TLH3|TLJ1
uk,TLH1,LU,,10,500,0.90000000000000002,GBP,1857.1011000000001,0.14676574218776511,272.55882125921499,112.74794761042489,0.060711798410126881,True,7917310.4175104359,117200293.14146246,9166821.8330765069,229361490.88850531,109282982.72395203,220194669.0554288,True,True,0.21661665298076505,False,False,15,London|TLC1|TLC2|TLD3|TLD4|TLD6|TLE3|TLE4|TLF1|TLF2|TLG1|TLG2|TLH2|TLH3|TLJ1
uk,TLH1,LU,,10,100,1,GBP,1857.1011000000001,0.1844421380150226,342.52769739405028,112.74794761042489,0.060711798410126881,True,7866498.033822896,147236097.49575415,10775874.631615296,143085783.50751409,139369599.46193126,132309908.87589879,True,True,0.044257971716153012,False,False,15,London|TLC1|TLC2|TLD3|TLD4|TLD6|TLE3|TLE4|TLF1|TLF2|TLG1|TLG2|TLH2|TLH3|TLJ1
uk,TLH1,LU,,10,300,1,GBP,1857.1011000000001,0.1844421380150226,342.52769739405028,112.74794761042489,0.060711798410126881,True,7917310.4175104359,147286909.87944165,9148887.769845888,228775466.21105725,139369599.4619312,219626578.44121134,True,True,0.13043731234845907,False,False,15,London|TLC1|TLC2|TLD3|TLD4|TLD6|TLE3|TLE4|TLF1|TLF2|TLG1|TLG2|TLH2|TLH3|TLJ1
uk,TLH1,LU,,10,500,1,GBP,1857.1011000000001,0.1844421380150226,342.52769739405028,112.74794761042489,0.060711798410126881,True,7917310.4175104359,147286909.87944165,9166821.8330765069,289534724.36446363,139369599.4619312,280367902.53138709,True,True,0.21661665298076505,False,False,15,London|TLC1|TLC2|TLD3|TLD4|TLD6|TLE3|TLE4|TLF1|TLF2|TLG1|TLG2|TLH2|TLH3|TLJ1
uk,TLH1,LU,,20,100,0.5,GBP,1857.1011000000001,0.13788554474506745,256.06739682016399,125.19056003661007,0.06741181728695872,True,14134749.463829059,109933014.25812684,9708322.1108076423,106181466.67294715,95798264.794297785,96473144.562139511,True,True,0.043739701316153005,False,False,15,London|TLC1|TLC2|TLD3|TLD4|TLD6|TLE3|TLE4|TLF1|TLF2|TLG1|TLG2|TLH2|TLH3|TLJ1
uk,TLH1,LU,,20,300,0.5,GBP,1857.1011000000001,0.13788554474506745,256.06739682016399,125.19056003661007,0.06741181728695872,True,14310715.83837275,110108980.63267055,7855704.762422964,184494760.32357258,95798264.794297799,176639055.5611496,True,True,0.12991904194845902,False,False,15,London|TLC1|TLC2|TLD3|TLD4|TLD6|TLE3|TLE4|TLF1|TLF2|TLG1|TLG2|TLH2|TLH3|TLJ1
uk,TLH1,LU,,20,500,0.5,GBP,1857.1011000000001,0.13788554474506745,256.06739682016399,125.19056003661007,0.06741181728695872,True,14310715.83837275,110108980.63267054,7869832.4492294788,213298704.25331974,95798264.794297785,205428871.80409026,True,True,0.21609838258076502,False,False,15,London|TLC1|TLC2|TLD3|TLD4|TLD6|TLE3|TLE4|TLF1|TLF2|TLG1|TLG2|TLH2|TLH3|TLJ1
uk,TLH1,LU,,20,100,0.80000000000000004,GBP,1857.1011000000001,0.17919897807473806,332.79061930147196,125.19056003661007,0.06741181728695872,True,14134749.463829059,142923999.9250893,9708322.1108076423,139172452.33990955,128789250.46126024,129464130.22910191,True,True,0.043739701316153005,False,False,15,London|TLC1|TLC2|TLD3|TLD4|TLD6|TLE3|TLE4|TLF1|TLF2|TLG1|TLG2|TLH2|TLH3|TLJ1
uk,TLH1,LU,,20,300,0.80000000000000004,GBP,1857.1011000000001,0.17919897807473806,332.79061930147196,125.19056003661007,0.06741181728695872,True,14310715.83837275,143099966.29963297,7855704.762422964,217552998.72764984,128789250.46126021,209697293.96522689,True,True,0.12991904194845902,False,False,15,London|TLC1|TLC2|TLD3|TLD4|TLD6|TLE3|TLE4|TLF1|TLF2|TLG1|TLG2|TLH2|TLH3|TLJ1
uk,TLH1,LU,,20,500,0.80000000000000004,GBP,1857.1011000000001,0.17919897807473806,332.79061930147196,125.19056003661007,0.06741181728695872,True,14310715.83837275,143099966.29963297,7869832.4492294788,279280675.58724469,128789250.46126021,271410843.13801521,True,True,0.21609838258076502,False,False,15,London|TLC1|TLC2|TLD3|TLD4|TLD6|TLE3|TLE4|TLF1|TLF2|TLG1|TLG2|TLH2|TLH3|TLJ1
uk,TLH1,LU,,20,100,0.90000000000000002,GBP,1857.1011000000001,0.19511675788751595,362.35154570133955,125.19056003661007,0.06741181728695872,True,14134749.463829059,155635198.27703235,9708322.1108076423,151883650.69185263,141500448.81320328,142175328.58104497,True,True,0.043739701316153005,False,False,15,London|TLC1|TLC2|TLD3|TLD4|TLD6|TLE3|TLE4|TLF1|TLF2|TLG1|TLG2|TLH2|TLH3|TLJ1
uk,TLH1,LU,,20,300,0.90000000000000002,GBP,1857.1011000000001,0.19511675788751595,362.35154570133955,125.19056003661007,0.06741181728695872,True,14310715.83837275,155811164.65157601,7855704.762422964,230264197.07959279,141500448.81320328,222408492.31716985,True,True,0.12991904194845902,False,False,15,London|TLC1|TLC2|TLD3|TLD4|TLD6|TLE3|TLE4|TLF1|TLF2|TLG1|TLG2|TLH2|TLH3|TLJ1
uk,TLH1,LU,,20,500,0.90000000000000002,GBP,1857.1011000000001,0.19511675788751595,362.35154570133955,125.19056003661007,0.06741181728695872,True,14310715.83837275,155811164.65157604,7869832.4492294788,304703072.29113084,141500448.81320331,296833239.84190136,True,True,0.21609838258076502,False,False,15,London|TLC1|TLC2|TLD3|TLD4|TLD6|TLE3|TLE4|TLF1|TLF2|TLG1|TLG2|TLH2|TLH3|TLJ1
uk,TLH1,LU,,20,100,1,GBP,1857.1011000000001,0.25279013454619531,469.45683693488735,125.19056003661007,0.06741181728695872,True,14134749.463829059,201690473.50745785,9708322.1108076423,197938925.92227823,187555724.04362878,188230603.81147057,True,True,0.043739701316153005,False,False,15,London|TLC1|TLC2|TLD3|TLD4|TLD6|TLE3|TLE4|TLF1|TLF2|TLG1|TLG2|TLH2|TLH3|TLJ1
uk,TLH1,LU,,20,300,1,GBP,1857.1011000000001,0.25279013454619531,469.45683693488735,125.19056003661007,0.06741181728695872,True,14310715.83837275,201866439.88200152,7855704.762422964,276319472.31001842,187555724.04362878,268463767.54759544,True,True,0.12991904194845902,False,False,15,London|TLC1|TLC2|TLD3|TLD4|TLD6|TLE3|TLE4|TLF1|TLF2|TLG1|TLG2|TLH2|TLH3|TLJ1
uk,TLH1,LU,,20,500,1,GBP,1857.1011000000001,0.25279013454619531,469.45683693488735,125.19056003661007,0.06741181728695872,True,14310715.83837275,201866439.88200152,7869832.4492294788,362409142.62617135,187555724.04362878,354539310.17694187,True,True,0.21609838258076502,False,False,15,London|TLC1|TLC2|TLD3|TLD4|TLD6|TLE3|TLE4|TLF1|TLF2|TLG1|TLG2|TLH2|TLH3|TLJ1
uk,TLH1,GNN,42,10,100,0.5,GBP,1857.1011000000001,0.080475159033523869,149.45050636383212,63.80916095720621,0.034359551538258315,True,4502040.9391030883,64263717.736447819,5952336.4900000021,80690764.583848178,59761676.797344729,74738428.093848169,True,True,0.044257971716153012,False,False,15,London|TLC1|TLC2|TLD3|TLD4|TLD6|TLE3|TLE4|TLF1|TLF2|TLG1|TLG2|TLH2|TLH3|TLJ1
uk,TLH1,GNN,42,10,300,0.5,GBP,1857.1011000000001,0.080475159033523869,149.45050636383212,63.80916095720621,0.034359551538258315,True,4502040.9391030883,64263717.736447819,5952336.4900000095,124606506.06401458,59761676.797344729,118654169.57401457,True,True,0.13043731234845907,False,False,15,London|TLC1|TLC2|TLD3|TLD4|TLD6|TLE3|TLE4|TLF1|TLF2|TLG1|TLG2|TLH2|TLH3|TLJ1
uk,TLH1,GNN,42,10,500,0.5,GBP,1857.1011000000001,0.080475159033523869,149.45050636383212,63.80916095720621,0.034359551538258315,True,4502040.9391030865,64263717.736447819,5952336.4900000095,124588572.00078395,59761676.797344729,118636235.51078394,True,True,0.21661665298076505,False,False,15,London|TLC1|TLC2|TLD3|TLD4|TLD6|TLE3|TLE4|TLF1|TLF2|TLG1|TLG2|TLH2|TLH3|TLJ1
uk,TLH1,GNN,42,10,100,0.80000000000000004,GBP,1857.1011000000001,0.10481476329307282,194.65161220780516,63.80916095720621,0.034359551538258315,True,4502040.9391030883,83700193.249356225,5952336.4900000021,100127240.09675656,79198152.310253143,94174903.606756568,True,True,0.044257971716153012,False,False,15,London|TLC1|TLC2|TLD3|TLD4|TLD6|TLE3|TLE4|TLF1|TLF2|TLG1|TLG2|TLH2|TLH3|TLJ1
uk,TLH1,GNN,42,10,300,0.80000000000000004,GBP,1857.1011000000001,0.10481476329307282,194.65161220780516,63.80916095720621,0.034359551538258315,True,4502040.9391030883,83700193.249356225,5952336.4900000095,163479457.08983141,79198152.310253143,157527120.5998314,True,True,0.13043731234845907,False,False,15,London|TLC1|TLC2|TLD3|TLD4|TLD6|TLE3|TLE4|TLF1|TLF2|TLG1|TLG2|TLH2|TLH3|TLJ1
uk,TLH1,GNN,42,10,500,0.80000000000000004,GBP,1857.1011000000001,0.10481476329307282,194.65161220780516,63.80916095720621,0.034359551538258315,True,4502040.9391030865,83700193.249356225,5952336.4900000095,163461523.02660066,79198152.310253143,157509186.53660065,True,True,0.21661665298076505,False,False,15,London|TLC1|TLC2|TLD3|TLD4|TLD6|TLE3|TLE4|TLF1|TLF2|TLG1|TLG2|TLH2|TLH3|TLJ1
uk,TLH1,GNN,42,10,100,0.90000000000000002,GBP,1857.1011000000001,0.11761736880872931,218.42734499379691,63.80916095720621,0.034359551538258315,True,4502040.9391030883,93923758.347332701,5952336.4900000021,110350805.19473302,89421717.408229619,104398468.70473301,True,True,0.044257971716153012,False,False,15,London|TLC1|TLC2|TLD3|TLD4|TLD6|TLE3|TLE4|TLF1|TLF2|TLG1|TLG2|TLH2|TLH3|TLJ1
uk,TLH1,GNN,42,10,300,0.90000000000000002,GBP,1857.1011000000001,0.11761736880872931,218.42734499379691,63.80916095720621,0.034359551538258315,True,4502040.9391030883,93923758.347332701,5952336.4900000095,183926587.2857843,89421717.408229619,177974250.79578429,True,True,0.13043731234845907,False,False,15,London|TLC1|TLC2|TLD3|TLD4|TLD6|TLE3|TLE4|TLF1|TLF2|TLG1|TLG2|TLH2|TLH3|TLJ1
uk,TLH1,GNN,42,10,500,0.90000000000000002,GBP,1857.1011000000001,0.11761736880872931,218.42734499379691,63.80916095720621,0.034359551538258315,True,4502040.9391030865,93923758.347332701,5952336.4900000095,183908653.22255364,89421717.408229619,177956316.73255363,True,True,0.21661665298076505,False,False,15,London|TLC1|TLC2|TLD3|TLD4|TLD6|TLE3|TLE4|TLF1|TLF2|TLG1|TLG2|TLH2|TLH3|TLJ1
uk,TLH1,GNN,42,10,100,1,GBP,1857.1011000000001,0.1290144261103755,239.59283264544709,63.80916095720621,0.034359551538258315,True,4502040.9391030883,103024918.03754228,5952336.4900000021,119451964.88494261,98522877.098439202,113499628.39494261,True,True,0.044257971716153012,False,False,15,London|TLC1|TLC2|TLD3|TLD4|TLD6|TLE3|TLE4|TLF1|TLF2|TLG1|TLG2|TLH2|TLH3|TLJ1
uk,TLH1,GNN,42,10,300,1,GBP,1857.1011000000001,0.1290144261103755,239.59283264544709,63.80916095720621,0.034359551538258315,True,4502040.9391030883,103024918.03754228,5952336.4900000095,202128906.66620344,98522877.098439202,196176570.17620343,True,True,0.13043731234845907,False,False,15,London|TLC1|TLC2|TLD3|TLD4|TLD6|TLE3|TLE4|TLF1|TLF2|TLG1|TLG2|TLH2|TLH3|TLJ1
uk,TLH1,GNN,42,10,500,1,GBP,1857.1011000000001,0.1290144261103755,239.59283264544709,63.80916095720621,0.034359551538258315,True,4502040.9391030865,103024918.03754228,5952336.4900000095,202110972.60297281,98522877.098439202,196158636.1129728,True,True,0.21661665298076505,False,False,15,London|TLC1|TLC2|TLD3|TLD4|TLD6|TLE3|TLE4|TLF1|TLF2|TLG1|TLG2|TLH2|TLH3|TLJ1
uk,TLH1,GNN,42,20,100,0.5,GBP,1857.1011000000001,0.11143395583800558,206.94412196411159,84.65424701830716,0.04558408102731034,True,7107195.3378914772,88984152.496009037,12909938.495807637,95793003.368207097,81876957.158117563,82883064.872399464,True,True,0.043739701316153005,False,False,15,London|TLC1|TLC2|TLD3|TLD4|TLD6|TLE3|TLE4|TLF1|TLF2|TLG1|TLG2|TLH2|TLH3|TLJ1
uk,TLH1,GNN,42,20,300,0.5,GBP,1857.1011000000001,0.11143395583800558,206.94412196411159,84.65424701830716,0.04558408102731034,True,7109015.2864504149,88985972.444567993,12918905.52742295,173312555.11881334,81876957.158117577,160393649.59139037,True,True,0.12991904194845902,False,False,15,London|TLC1|TLC2|TLD3|TLD4|TLD6|TLE3|TLE4|TLF1|TLF2|TLG1|TLG2|TLH2|TLH3|TLJ1
uk,TLH1,GNN,42,20,500,0.5,GBP,1857.1011000000001,0.11143395583800558,206.94412196411159,84.65424701830716,0.04558408102731034,True,7109015.2864504149,88985972.444567993,12933033.214229524,173312555.11881334,81876957.158117577,160379521.90458381,True,True,0.21609838258076502,False,False,15,London|TLC1|TLC2|TLD3|TLD4|TLD6|TLE3|TLE4|TLF1|TLF2|TLG1|TLG2|TLH2|TLH3|TLJ1
uk,TLH1,GNN,42,20,100,0.80000000000000004,GBP,1857.1011000000001,0.13006400478392985,241.54200635464139,84.65424701830716,0.04558408102731034,True,7107195.3378914772,103861242.78393686,12909938.495807637,110670093.65613492,96754047.446045384,97760155.160327286,True,True,0.043739701316153005,False,False,15,London|TLC1|TLC2|TLD3|TLD4|TLD6|TLE3|TLE4|TLF1|TLF2|TLG1|TLG2|TLH2|TLH3|TLJ1
uk,TLH1,GNN,42,20,300,0.80000000000000004,GBP,1857.1011000000001,0.13006400478392985,241.54200635464139,84.65424701830716,0.04558408102731034,True,7109015.2864504149,103863062.73249578,12918905.52742295,196593873.88740486,96754047.446045369,183674968.35998189,True,True,0.12991904194845902,False,False,15,London|TLC1|TLC2|TLD3|TLD4|TLD6|TLE3|TLE4|TLF1|TLF2|TLG1|TLG2|TLH2|TLH3|TLJ1
uk,TLH1,GNN,42,20,500,0.80000000000000004,GBP,1857.1011000000001,0.13006400478392985,241.54200635464139,84.65424701830716,0.04558408102731034,True,7109015.2864504149,103863062.73249578,12933033.214229524,203066735.69466889,96754047.446045369,190133702.48043936,True,True,0.21609838258076502,False,False,15,London|TLC1|TLC2|TLD3|TLD4|TLD6|TLE3|TLE4|TLF1|TLF2|TLG1|TLG2|TLH2|TLH3|TLJ1
uk,TLH1,GNN,42,20,100,0.90000000000000002,GBP,1857.1011000000001,0.13835071718294606,256.93126906623803,84.65424701830716,0.04558408102731034,True,7107195.3378914772,110478625.74992341,12909938.495807637,117287476.62212145,103371430.41203193,104377538.12631382,True,True,0.043739701316153005,False,False,15,London|TLC1|TLC2|TLD3|TLD4|TLD6|TLE3|TLE4|TLF1|TLF2|TLG1|TLG2|TLH2|TLH3|TLJ1
uk,TLH1,GNN,42,20,300,0.90000000000000002,GBP,1857.1011000000001,0.13835071718294606,256.93126906623803,84.65424701830716,0.04558408102731034,True,7109015.2864504149,110480445.69848236,12918905.52742295,203386113.96988979,103371430.41203195,190467208.44246686,True,True,0.12991904194845902,False,False,15,London|TLC1|TLC2|TLD3|TLD4|TLD6|TLE3|TLE4|TLF1|TLF2|TLG1|TLG2|TLH2|TLH3|TLJ1
uk,TLH1,GNN,42,20,500,0.90000000000000002,GBP,1857.1011000000001,0.13835071718294606,256.93126906623803,84.65424701830716,0.04558408102731034,True,7109015.2864504149,110480445.69848233,12933033.214229524,216301501.62664208,103371430.41203192,203368468.41241255,True,True,0.21609838258076502,False,False,15,London|TLC1|TLC2|TLD3|TLD4|TLD6|TLE3|TLE4|TLF1|TLF2|TLG1|TLG2|TLH2|TLH3|TLJ1
uk,TLH1,GNN,42,20,100,1,GBP,1857.1011000000001,0.18426215839381918,342.19345704153585,84.65424701830716,0.04558408102731034,True,7107195.3378914772,147141366.57930145,12909938.495807637,153950217.45149952,140034171.24140996,141040278.95569187,True,True,0.043739701316153005,False,False,15,London|TLC1|TLC2|TLD3|TLD4|TLD6|TLE3|TLE4|TLF1|TLF2|TLG1|TLG2|TLH2|TLH3|TLJ1
uk,TLH1,GNN,42,20,300,1,GBP,1857.1011000000001,0.18426215839381918,342.19345704153585,84.65424701830716,0.04558408102731034,True,7109015.2864504149,147143186.5278604,12918905.52742295,240129558.0838055,140034171.24140999,227210652.55638254,True,True,0.12991904194845902,False,False,15,London|TLC1|TLC2|TLD3|TLD4|TLD6|TLE3|TLE4|TLF1|TLF2|TLG1|TLG2|TLH2|TLH3|TLJ1
uk,TLH1,GNN,42,20,500,1,GBP,1857.1011000000001,0.18426215839381918,342.19345704153585,84.65424701830716,0.04558408102731034,True,7109015.2864504149,147143186.5278604,12933033.214229524,289626983.28539813,140034171.24140999,276693950.0711686,True,True,0.21609838258076502,False,False,15,London|TLC1|TLC2|TLD3|TLD4|TLD6|TLE3|TLE4|TLF1|TLF2|TLG1|TLG2|TLH2|TLH3|TLJ1
uk,TLH1,GNN,123,10,100,0.5,GBP,1857.1011000000001,0.077646806699874185,144.19797013382373,79.299630502752336,0.042700761150134652,True,5189086.2694679722,62005127.157544211,10050019.460807651,78435942.519899189,56816040.888076238,68385923.059091538,True,True,0.044257971716153012,False,False,15,London|TLC1|TLC2|TLD3|TLD4|TLD6|TLE3|TLE4|TLF1|TLF2|TLG1|TLG2|TLH2|TLH3|TLJ1
uk,TLH1,GNN,123,10,300,0.5,GBP,1857.1011000000001,0.077646806699874185,144.19797013382373,79.299630502752336,0.042700761150134652,True,5189086.2694679722,62005127.157544225,10058986.492422938,120006069.25648561,56816040.888076253,109947082.76406267,True,True,0.13043731234845907,False,False,15,London|TLC1|TLC2|TLD3|TLD4|TLD6|TLE3|TLE4|TLF1|TLF2|TLG1|TLG2|TLH2|TLH3|TLJ1
uk,TLH1,GNN,123,10,500,0.5,GBP,1857.1011000000001,0.077646806699874185,144.19797013382373,79.299630502752336,0.042700761150134652,True,5189086.2694679704,62005127.157544218,10067953.524038225,120003801.47218759,56816040.888076246,109935847.94814937,True,True,0.21661665298076505,False,False,15,London|TLC1|TLC2|TLD3|TLD4|TLD6|TLE3|TLE4|TLF1|TLF2|TLG1|TLG2|TLH2|TLH3|TLJ1
uk,TLH1,GNN,123,10,100,0.80000000000000004,GBP,1857.1011000000001,0.10761152358212096,199.84547881703278,79.299630502752336,0.042700761150134652,True,5189086.2694679722,85933555.891324073,10050019.460807651,102364371.25367908,80744469.621856093,92314351.792871431,True,True,0.044257971716153012,False,False,15,London|TLC1|TLC2|TLD3|TLD4|TLD6|TLE3|TLE4|TLF1|TLF2|TLG1|TLG2|TLH2|TLH3|TLJ1
uk,TLH1,GNN,123,10,300,0.80000000000000004,GBP,1857.1011000000001,0.10761152358212096,199.84547881703278,79.299630502752336,0.042700761150134652,True,5189086.2694679722,85933555.891324103,10058986.492422938,167862926.7240454,80744469.621856123,157803940.23162246,True,True,0.13043731234845907,False,False,15,London|TLC1|TLC2|TLD3|TLD4|TLD6|TLE3|TLE4|TLF1|TLF2|TLG1|TLG2|TLH2|TLH3|TLJ1
uk,TLH1,GNN,123,10,500,0.80000000000000004,GBP,1857.1011000000001,0.10761152358212096,199.84547881703278,79.299630502752336,0.042700761150134652,True,5189086.2694679704,85933555.891324103,10067953.524038225,167860658.93974733,80744469.621856138,157792705.41570911,True,True,0.21661665298076505,False,False,15,London|TLC1|TLC2|TLD3|TLD4|TLD6|TLE3|TLE4|TLF1|TLF2|TLG1|TLG2|TLH2|TLH3|TLJ1
uk,TLH1,GNN,123,10,100,0.90000000000000002,GBP,1857.1011000000001,0.11442878970122268,212.50583122580932,79.299630502752336,0.042700761150134652,True,5189086.2694679722,91377507.427098021,10050019.460807651,107808322.78945298,86188421.157630056,97758303.328645334,True,True,0.044257971716153012,False,False,15,London|TLC1|TLC2|TLD3|TLD4|TLD6|TLE3|TLE4|TLF1|TLF2|TLG1|TLG2|TLH2|TLH3|TLJ1
uk,TLH1,GNN,123,10,300,0.90000000000000002,GBP,1857.1011000000001,0.11442878970122268,212.50583122580932,79.299630502752336,0.042700761150134652,True,5189086.2694679722,91377507.427098021,10058986.492422938,178750829.7955932,86188421.157630056,168691843.30317026,True,True,0.13043731234845907,False,False,15,London|TLC1|TLC2|TLD3|TLD4|TLD6|TLE3|TLE4|TLF1|TLF2|TLG1|TLG2|TLH2|TLH3|TLJ1
uk,TLH1,GNN,123,10,500,0.90000000000000002,GBP,1857.1011000000001,0.11442878970122268,212.50583122580932,79.299630502752336,0.042700761150134652,True,5189086.2694679704,91377507.427098021,10067953.524038225,178748562.01129517,86188421.157630056,168680608.48725694,True,True,0.21661665298076505,False,False,15,London|TLC1|TLC2|TLD3|TLD4|TLD6|TLE3|TLE4|TLF1|TLF2|TLG1|TLG2|TLH2|TLH3|TLJ1
uk,TLH1,GNN,123,10,100,1,GBP,1857.1011000000001,0.11859490231483208,220.2427235432672,79.299630502752336,0.042700761150134652,True,5189086.2694679722,94704371.123604894,10050019.460807651,111135186.48595986,89515284.854136914,101085167.02515221,True,True,0.044257971716153012,False,False,15,London|TLC1|TLC2|TLD3|TLD4|TLD6|TLE3|TLE4|TLF1|TLF2|TLG1|TLG2|TLH2|TLH3|TLJ1
uk,TLH1,GNN,123,10,300,1,GBP,1857.1011000000001,0.11859490231483208,220.2427235432672,79.299630502752336,0.042700761150134652,True,5189086.2694679722,94704371.123604923,10058986.492422938,185404557.18860698,89515284.854136944,175345570.69618404,True,True,0.13043731234845907,False,False,15,London|TLC1|TLC2|TLD3|TLD4|TLD6|TLE3|TLE4|TLF1|TLF2|TLG1|TLG2|TLH2|TLH3|TLJ1
uk,TLH1,GNN,123,10,500,1,GBP,1857.1011000000001,0.11859490231483208,220.2427235432672,79.299630502752336,0.042700761150134652,True,5189086.2694679704,94704371.123604894,10067953.524038225,185402289.40430889,89515284.854136929,175334335.88027066,True,True,0.21661665298076505,False,False,15,London|TLC1|TLC2|TLD3|TLD4|TLD6|TLE3|TLE4|TLF1|TLF2|TLG1|TLG2|TLH2|TLH3|TLJ1
uk,TLH1,GNN,123,20,100,0.5,GBP,1857.1011000000001,0.10479265204263445,194.61054938029369,95.399481318546691,0.051370106516304734,True,9635296.1316846646,83676461.889865696,12491348.545807626,87746729.334254429,74041165.758181036,75255380.788446799,True,True,0.043739701316153005,False,False,15,London|TLC1|TLC2|TLD3|TLD4|TLD6|TLE3|TLE4|TLF1|TLF2|TLG1|TLG2|TLH2|TLH3|TLJ1
uk,TLH1,GNN,123,20,300,0.5,GBP,1857.1011000000001,0.10479265204263445,194.61054938029369,95.399481318546691,0.051370106516304734,True,9641370.4753452484,83682536.233526289,12500315.577422932,161281383.70661446,74041165.758181036,148781068.12919152,True,True,0.12991904194845902,False,False,15,London|TLC1|TLC2|TLD3|TLD4|TLD6|TLE3|TLE4|TLF1|TLF2|TLG1|TLG2|TLH2|TLH3|TLJ1
uk,TLH1,GNN,123,20,500,0.5,GBP,1857.1011000000001,0.10479265204263445,194.61054938029369,95.399481318546691,0.051370106516304734,True,9641370.4753452484,83682536.233526289,12514443.264229506,161281383.70661449,74041165.758181036,148766940.44238499,True,True,0.21609838258076502,False,False,15,London|TLC1|TLC2|TLD3|TLD4|TLD6|TLE3|TLE4|TLF1|TLF2|TLG1|TLG2|TLH2|TLH3|TLJ1
uk,TLH1,GNN,123,20,100,0.80000000000000004,GBP,1857.1011000000001,0.12726181798483485,236.33806216763659,95.399481318546691,0.051370106516304734,True,9635296.1316846646,101619292.38842317,12491348.545807626,105689559.83281188,91983996.256738514,93198211.287004247,True,True,0.043739701316153005,False,False,15,London|TLC1|TLC2|TLD3|TLD4|TLD6|TLE3|TLE4|TLF1|TLF2|TLG1|TLG2|TLH2|TLH3|TLJ1
uk,TLH1,GNN,123,20,300,0.80000000000000004,GBP,1857.1011000000001,0.12726181798483485,236.33806216763659,95.399481318546691,0.051370106516304734,True,9641370.4753452484,101625366.73208377,12500315.577422932,191599889.51665884,91983996.256738514,179099573.93923593,True,True,0.12991904194845902,False,False,15,London|TLC1|TLC2|TLD3|TLD4|TLD6|TLE3|TLE4|TLF1|TLF2|TLG1|TLG2|TLH2|TLH3|TLJ1
uk,TLH1,GNN,123,20,500,0.80000000000000004,GBP,1857.1011000000001,0.12726181798483485,236.33806216763659,95.399481318546691,0.051370106516304734,True,9641370.4753452484,101625366.73208377,12514443.264229506,197167044.70372933,91983996.256738514,184652601.43949983,True,True,0.21609838258076502,False,False,15,London|TLC1|TLC2|TLD3|TLD4|TLD6|TLE3|TLE4|TLF1|TLF2|TLG1|TLG2|TLH2|TLH3|TLJ1
uk,TLH1,GNN,123,20,100,0.90000000000000002,GBP,1857.1011000000001,0.1489971008547481,276.70267989416362,95.399481318546691,0.051370106516304734,True,9635296.1316846646,118976078.01082976,12491348.545807626,123046345.45521852,109340781.8791451,110554996.90941089,True,True,0.043739701316153005,False,False,15,London|TLC1|TLC2|TLD3|TLD4|TLD6|TLE3|TLE4|TLF1|TLF2|TLG1|TLG2|TLH2|TLH3|TLJ1
uk,TLH1,GNN,123,20,300,0.90000000000000002,GBP,1857.1011000000001,0.1489971008547481,276.70267989416362,95.399481318546691,0.051370106516304734,True,9641370.4753452484,118982152.35449034,12500315.577422932,209171883.89783269,109340781.87914509,196671568.32040977,True,True,0.12991904194845902,False,False,15,London|TLC1|TLC2|TLD3|TLD4|TLD6|TLE3|TLE4|TLF1|TLF2|TLG1|TLG2|TLH2|TLH3|TLJ1
uk,TLH1,GNN,123,20,500,0.90000000000000002,GBP,1857.1011000000001,0.1489971008547481,276.70267989416362,95.399481318546691,0.051370106516304734,True,9641370.4753452484,118982152.35449034,12514443.264229506,231880615.94854259,109340781.87914509,219366172.68431309,True,True,0.21609838258076502,False,False,15,London|TLC1|TLC2|TLD3|TLD4|TLD6|TLE3|TLE4|TLF1|TLF2|TLG1|TLG2|TLH2|TLH3|TLJ1
uk,TLH1,GNN,123,20,100,1,GBP,1857.1011000000001,0.16208594624878639,301.0099890731621,95.399481318546691,0.051370106516304734,True,9635296.1316846646,129428220.95779917,12491348.545807626,133498488.40218785,119792924.82611451,121007139.85638022,True,True,0.043739701316153005,False,False,15,London|TLC1|TLC2|TLD3|TLD4|TLD6|TLE3|TLE4|TLF1|TLF2|TLG1|TLG2|TLH2|TLH3|TLJ1
uk,TLH1,GNN,123,20,300,1,GBP,1857.1011000000001,0.16208594624878639,301.0099890731621,95.399481318546691,0.051370106516304734,True,9641370.4753452484,129434295.30145974,12500315.577422932,219677829.03449386,119792924.82611449,207177513.45707095,True,True,0.12991904194845902,False,False,15,London|TLC1|TLC2|TLD3|TLD4|TLD6|TLE3|TLE4|TLF1|TLF2|TLG1|TLG2|TLH2|TLH3|TLJ1
uk,TLH1,GNN,123,20,500,1,GBP,1857.1011000000001,0.16208594624878639,301.0099890731621,95.399481318546691,0.051370106516304734,True,9641370.4753452484,129434295.30145974,12514443.264229506,252784901.84248129,119792924.82611449,240270458.57825178,True,True,0.21609838258076502,False,False,15,London|TLC1|TLC2|TLD3|TLD4|TLD6|TLE3|TLE4|TLF1|TLF2|TLG1|TLG2|TLH2|TLH3|TLJ1
uk,TLH1,GNN,456,10,100,0.5,GBP,1857.1011000000001,0.081310349382180944,151.00153927903256,79.68926456840515,0.042910568826007987,True,5059241.2993080243,64930661.889984012,10061443.05580765,82724976.852112696,59871420.590675987,72663533.796305045,True,True,0.044257971716153012,False,False,15,London|TLC1|TLC2|TLD3|TLD4|TLD6|TLE3|TLE4|TLF1|TLF2|TLG1|TLG2|TLH2|TLH3|TLJ1
uk,TLH1,GNN,456,10,300,0.5,GBP,1857.1011000000001,0.081310349382180944,151.00153927903256,79.68926456840515,0.042910568826007987,True,5059241.2993080243,64930661.889984012,10070410.087422967,126538509.3224014,59871420.590675987,116468099.23497844,True,True,0.13043731234845907,False,False,15,London|TLC1|TLC2|TLD3|TLD4|TLD6|TLE3|TLE4|TLF1|TLF2|TLG1|TLG2|TLH2|TLH3|TLJ1
uk,TLH1,GNN,456,10,500,0.5,GBP,1857.1011000000001,0.081310349382180944,151.00153927903256,79.68926456840515,0.042910568826007987,True,5059241.2993080234,64930661.889984012,10079377.119038254,126529542.29078612,59871420.590675987,116450165.17174786,True,True,0.21661665298076505,False,False,15,London|TLC1|TLC2|TLD3|TLD4|TLD6|TLE3|TLE4|TLF1|TLF2|TLG1|TLG2|TLH2|TLH3|TLJ1
uk,TLH1,GNN,456,10,100,0.80000000000000004,GBP,1857.1011000000001,0.10976070553265407,203.83672698146796,79.68926456840515,0.042910568826007987,True,5059241.2993080243,87649792.602031216,10061443.05580765,105444107.56415993,82590551.302723199,95382664.50835228,True,True,0.044257971716153012,False,False,15,London|TLC1|TLC2|TLD3|TLD4|TLD6|TLE3|TLE4|TLF1|TLF2|TLG1|TLG2|TLH2|TLH3|TLJ1
uk,TLH1,GNN,456,10,300,0.80000000000000004,GBP,1857.1011000000001,0.10976070553265407,203.83672698146796,79.68926456840515,0.042910568826007987,True,5059241.2993080243,87649792.602031216,10070410.087422967,171976770.74649584,82590551.302723199,161906360.65907288,True,True,0.13043731234845907,False,False,15,London|TLC1|TLC2|TLD3|TLD4|TLD6|TLE3|TLE4|TLF1|TLF2|TLG1|TLG2|TLH2|TLH3|TLJ1
uk,TLH1,GNN,456,10,500,0.80000000000000004,GBP,1857.1011000000001,0.10976070553265407,203.83672698146796,79.68926456840515,0.042910568826007987,True,5059241.2993080234,87649792.602031216,10079377.119038254,171967803.71488056,82590551.302723199,161888426.5958423,True,True,0.21661665298076505,False,False,15,London|TLC1|TLC2|TLD3|TLD4|TLD6|TLE3|TLE4|TLF1|TLF2|TLG1|TLG2|TLH2|TLH3|TLJ1
uk,TLH1,GNN,456,10,100,0.90000000000000002,GBP,1857.1011000000001,0.11634754585348168,216.0691553868013,79.68926456840515,0.042910568826007987,True,5059241.2993080243,92909736.816324562,10061443.05580765,110704051.77845326,87850495.51701653,100642608.72264561,True,True,0.044257971716153012,False,False,15,London|TLC1|TLC2|TLD3|TLD4|TLD6|TLE3|TLE4|TLF1|TLF2|TLG1|TLG2|TLH2|TLH3|TLJ1
uk,TLH1,GNN,456,10,300,0.90000000000000002,GBP,1857.1011000000001,0.11634754585348168,216.0691553868013,79.68926456840515,0.042910568826007987,True,5059241.2993080243,92909736.816324577,10070410.087422967,182496659.1750825,87850495.51701656,172426249.08765954,True,True,0.13043731234845907,False,False,15,London|TLC1|TLC2|TLD3|TLD4|TLD6|TLE3|TLE4|TLF1|TLF2|TLG1|TLG2|TLH2|TLH3|TLJ1
uk,TLH1,GNN,456,10,500,0.90000000000000002,GBP,1857.1011000000001,0.11634754585348168,216.0691553868013,79.68926456840515,0.042910568826007987,True,5059241.2993080234,92909736.816324562,10079377.119038254,182487692.14346725,87850495.517016545,172408315.02442899,True,True,0.21661665298076505,False,False,15,London|TLC1|TLC2|TLD3|TLD4|TLD6|TLE3|TLE4|TLF1|TLF2|TLG1|TLG2|TLH2|TLH3|TLJ1
uk,TLH1,GNN,456,10,100,1,GBP,1857.1011000000001,0.13218543938455474,245.48172488503994,79.68926456840515,0.042910568826007987,True,5059241.2993080243,105557141.70056722,10061443.05580765,123351456.66269588,100497900.40125918,113290013.60688823,True,True,0.044257971716153012,False,False,15,London|TLC1|TLC2|TLD3|TLD4|TLD6|TLE3|TLE4|TLF1|TLF2|TLG1|TLG2|TLH2|TLH3|TLJ1
uk,TLH1,GNN,456,10,300,1,GBP,1857.1011000000001,0.13218543938455474,245.48172488503994,79.68926456840515,0.042910568826007987,True,5059241.2993080243,105557141.70056722,10070410.087422967,207791468.94356775,100497900.40125918,197721058.85614479,True,True,0.13043731234845907,False,False,15,London|TLC1|TLC2|TLD3|TLD4|TLD6|TLE3|TLE4|TLF1|TLF2|TLG1|TLG2|TLH2|TLH3|TLJ1
uk,TLH1,GNN,456,10,500,1,GBP,1857.1011000000001,0.13218543938455474,245.48172488503994,79.68926456840515,0.042910568826007987,True,5059241.2993080234,105557141.7005672,10079377.119038254,207782501.91195238,100497900.40125918,197703124.79291412,True,True,0.21661665298076505,False,False,15,London|TLC1|TLC2|TLD3|TLD4|TLD6|TLE3|TLE4|TLF1|TLF2|TLG1|TLG2|TLH2|TLH3|TLJ1
uk,TLH1,GNN,456,20,100,0.5,GBP,1857.1011000000001,0.11455621107299449,212.74246559549024,104.93783777528179,0.056506260092830586,True,9523318.1423093118,91477302.790226072,11956677.945807632,98571129.932598189,81953984.647916764,86614451.986790553,True,True,0.043739701316153005,False,False,15,London|TLC1|TLC2|TLD3|TLD4|TLD6|TLE3|TLE4|TLF1|TLF2|TLG1|TLG2|TLH2|TLH3|TLJ1
uk,TLH1,GNN,456,20,300,0.5,GBP,1857.1011000000001,0.11455621107299449,212.74246559549024,104.93783777528179,0.056506260092830586,True,9525275.558144059,91479260.206060842,11965644.977422953,177931873.55475965,81953984.647916779,165966228.5773367,True,True,0.12991904194845902,False,False,15,London|TLC1|TLC2|TLD3|TLD4|TLD6|TLE3|TLE4|TLF1|TLF2|TLG1|TLG2|TLH2|TLH3|TLJ1
uk,TLH1,GNN,456,20,500,0.5,GBP,1857.1011000000001,0.11455621107299449,212.74246559549024,104.93783777528179,0.056506260092830586,True,9525275.558144059,91479260.206060827,11979772.664229482,177931873.55475962,81953984.647916764,165952100.89053014,True,True,0.21609838258076502,False,False,15,London|TLC1|TLC2|TLD3|TLD4|TLD6|TLE3|TLE4|TLF1|TLF2|TLG1|TLG2|TLH2|TLH3|TLJ1
uk,TLH1,GNN,456,20,100,0.80000000000000004,GBP,1857.1011000000001,0.15453254388651785,286.98255723745058,104.93783777528179,0.056506260092830586,True,9523318.1423093118,123400542.19626898,11956677.945807632,130494369.33864114,113877224.05395967,118537691.3928335,True,True,0.043739701316153005,False,False,15,London|TLC1|TLC2|TLD3|TLD4|TLD6|TLE3|TLE4|TLF1|TLF2|TLG1|TLG2|TLH2|TLH3|TLJ1
uk,TLH1,GNN,456,20,300,0.80000000000000004,GBP,1857.1011000000001,0.15453254388651785,286.98255723745058,104.93783777528179,0.056506260092830586,True,9525275.558144059,123402499.61210373,11965644.977422953,216673709.97094712,113877224.05395967,204708064.99352416,True,True,0.12991904194845902,False,False,15,London|TLC1|TLC2|TLD3|TLD4|TLD6|TLE3|TLE4|TLF1|TLF2|TLG1|TLG2|TLH2|TLH3|TLJ1
uk,TLH1,GNN,456,20,500,0.80000000000000004,GBP,1857.1011000000001,0.15453254388651785,286.98255723745058,104.93783777528179,0.056506260092830586,True,9525275.558144059,123402499.61210373,11979772.664229482,241778352.36684546,113877224.05395967,229798579.70261598,True,True,0.21609838258076502,False,False,15,London|TLC1|TLC2|TLD3|TLD4|TLD6|TLE3|TLE4|TLF1|TLF2|TLG1|TLG2|TLH2|TLH3|TLJ1
uk,TLH1,GNN,456,20,100,0.90000000000000002,GBP,1857.1011000000001,0.15691380366206784,291.40479738601022,104.93783777528179,0.056506260092830586,True,9523318.1423093118,125302105.46014969,11956677.945807632,132395932.60252175,115778787.31784038,120439254.65671411,True,True,0.043739701316153005,False,False,15,London|TLC1|TLC2|TLD3|TLD4|TLD6|TLE3|TLE4|TLF1|TLF2|TLG1|TLG2|TLH2|TLH3|TLJ1
uk,TLH1,GNN,456,20,300,0.90000000000000002,GBP,1857.1011000000001,0.15691380366206784,291.40479738601022,104.93783777528179,0.056506260092830586,True,9525275.558144059,125304062.8759844,11965644.977422953,218575273.23482782,115778787.31784034,206609628.25740486,True,True,0.12991904194845902,False,False,15,London|TLC1|TLC2|TLD3|TLD4|TLD6|TLE3|TLE4|TLF1|TLF2|TLG1|TLG2|TLH2|TLH3|TLJ1
uk,TLH1,GNN,456,20,500,0.90000000000000002,GBP,1857.1011000000001,0.15691380366206784,291.40479738601022,104.93783777528179,0.056506260092830586,True,9525275.558144059,125304062.87598442,11979772.664229482,245581478.89460677,115778787.31784035,233601706.23037729,True,True,0.21609838258076502,False,False,15,London|TLC1|TLC2|TLD3|TLD4|TLD6|TLE3|TLE4|TLF1|TLF2|TLG1|TLG2|TLH2|TLH3|TLJ1
uk,TLH1,GNN,456,20,100,1,GBP,1857.1011000000001,0.17087764559264457,317.33706359551041,104.93783777528179,0.056506260092830586,True,9523318.1423093118,136452979.93023476,11956677.945807632,143546807.07260686,126929661.78792545,131590129.12679923,True,True,0.043739701316153005,False,False,15,London|TLC1|TLC2|TLD3|TLD4|TLD6|TLE3|TLE4|TLF1|TLF2|TLG1|TLG2|TLH2|TLH3|TLJ1
uk,TLH1,GNN,456,20,300,1,GBP,1857.1011000000001,0.17087764559264457,317.33706359551041,104.93783777528179,0.056506260092830586,True,9525275.558144059,136454937.34606948,11965644.977422953,229726147.70491296,126929661.78792542,217760502.72749001,True,True,0.12991904194845902,False,False,15,London|TLC1|TLC2|TLD3|TLD4|TLD6|TLE3|TLE4|TLF1|TLF2|TLG1|TLG2|TLH2|TLH3|TLJ1
uk,TLH1,GNN,456,20,500,1,GBP,1857.1011000000001,0.17087764559264457,317.33706359551041,104.93783777528179,0.056506260092830586,True,9525275.558144059,136454937.34606951,11979772.664229482,267883227.83477688,126929661.78792545,255903455.1705474,True,True,0.21609838258076502,False,False,15,London|TLC1|TLC2|TLD3|TLD4|TLD6|TLE3|TLE4|TLF1|TLF2|TLG1|TLG2|TLH2|TLH3|TLJ1
uk,TLH2,Uni,,10,100,0.5,GBP,1164.6809615864781,0.12293368470723245,143.17852211618842,142.09818059273721,0.12200609890555539,True,12872342.654628128,60768696.345776387,2306453.8546481505,52250427.742174931,47896353.691148259,49943973.88752678,True,True,0.046542248043317525,False,False,15,London|TLC1|TLC2|TLD3|TLD4|TLD6|TLE3|TLE4|TLF1|TLF2|TLG1|TLG2|TLH1|TLH3|TLJ1
uk,TLH2,Uni,,10,300,0.5,GBP,1164.6809615864781,0.12293368470723245,143.17852211618842,142.09818059273721,0.12200609890555539,True,13670410.818812752,61566764.509961024,2036534.6497901678,117299432.77286148,47896353.691148274,115262898.12307131,True,True,0.15344627719192797,False,False,15,London|TLC1|TLC2|TLD3|TLD4|TLD6|TLE3|TLE4|TLF1|TLF2|TLG1|TLG2|TLH1|TLH3|TLJ1
uk,TLH2,Uni,,10,500,0.5,GBP,1164.6809615864781,0.12293368470723245,143.17852211618842,142.09818059273721,0.12200609890555539,True,13670410.81881275,61566764.509961016,2036534.649790138,117299432.77286151,47896353.691148266,115262898.12307137,True,True,0.26035030634053846,False,False,15,London|TLC1|TLC2|TLD3|TLD4|TLD6|TLE3|TLE4|TLF1|TLF2|TLG1|TLG2|TLH1|TLH3|TLJ1
uk,TLH2,Uni,,10,100,0.80000000000000004,GBP,1164.6809615864781,0.17494274056401779,203.752479302674,142.09818059273721,0.12200609890555539,True,12872342.654628128,86815497.935965225,2306453.8546481505,78297229.332363725,73943155.281337097,75990775.477715582,True,True,0.046542248043317525,False,False,15,London|TLC1|TLC2|TLD3|TLD4|TLD6|TLE3|TLE4|TLF1|TLF2|TLG1|TLG2|TLH1|TLH3|TLJ1
uk,TLH2,Uni,,10,300,0.80000000000000004,GBP,1164.6809615864781,0.17494274056401779,203.752479302674,142.09818059273721,0.12200609890555539,True,13670410.818812752,87613566.10014984,2036534.6497901678,150913544.5346157,73943155.281337082,148877009.88482553,True,True,0.15344627719192797,False,False,15,London|TLC1|TLC2|TLD3|TLD4|TLD6|TLE3|TLE4|TLF1|TLF2|TLG1|TLG2|TLH1|TLH3|TLJ1
uk,TLH2,Uni,,10,500,0.80000000000000004,GBP,1164.6809615864781,0.17494274056401779,203.752479302674,142.09818059273721,0.12200609890555539,True,13670410.81881275,87613566.10014984,2036534.649790138,169393035.95323905,73943155.281337082,167356501.30344892,True,True,0.26035030634053846,False,False,15,London|TLC1|TLC2|TLD3|TLD4|TLD6|TLE3|TLE4|TLF1|TLF2|TLG1|TLG2|TLH1|TLH3|TLJ1
uk,TLH2,Uni,,10,100,0.90000000000000002,GBP,1164.6809615864781,0.21236574984994022,247.33834574326184,142.09818059273721,0.12200609890555539,True,12872342.654628128,105557420.505418,2306453.8546481505,97039151.901816517,92685077.850789875,94732698.047168374,True,True,0.046542248043317525,False,False,15,London|TLC1|TLC2|TLD3|TLD4|TLD6|TLE3|TLE4|TLF1|TLF2|TLG1|TLG2|TLH1|TLH3|TLJ1
uk,TLH2,Uni,,10,300,0.90000000000000002,GBP,1164.6809615864781,0.21236574984994022,247.33834574326184,142.09818059273721,0.12200609890555539,True,13670410.818812752,106355488.66960262,2036534.6497901678,169655467.10406846,92685077.85078986,167618932.45427829,True,True,0.15344627719192797,False,False,15,London|TLC1|TLC2|TLD3|TLD4|TLD6|TLE3|TLE4|TLF1|TLF2|TLG1|TLG2|TLH1|TLH3|TLJ1
uk,TLH2,Uni,,10,500,0.90000000000000002,GBP,1164.6809615864781,0.21236574984994022,247.33834574326184,142.09818059273721,0.12200609890555539,True,13670410.81881275,106355488.6696026,2036534.649790138,206876881.09214458,92685077.850789845,204840346.44235444,True,True,0.26035030634053846,False,False,15,London|TLC1|TLC2|TLD3|TLD4|TLD6|TLE3|TLE4|TLF1|TLF2|TLG1|TLG2|TLH1|TLH3|TLJ1
uk,TLH2,Uni,,10,100,1,GBP,1164.6809615864781,0.24933723448265505,290.39833001657183,142.09818059273721,0.12200609890555539,True,12872342.654628128,124073213.74294131,2306453.8546481505,115554945.1393398,111200871.08831318,113248491.28469166,True,True,0.046542248043317525,False,False,15,London|TLC1|TLC2|TLD3|TLD4|TLD6|TLE3|TLE4|TLF1|TLF2|TLG1|TLG2|TLH1|TLH3|TLJ1
uk,TLH2,Uni,,10,300,1,GBP,1164.6809615864781,0.24933723448265505,290.39833001657183,142.09818059273721,0.12200609890555539,True,13670410.818812752,124871281.90712592,2036534.6497901678,188440271.29005077,111200871.08831316,186403736.64026061,True,True,0.15344627719192797,False,False,15,London|TLC1|TLC2|TLD3|TLD4|TLD6|TLE3|TLE4|TLF1|TLF2|TLG1|TLG2|TLH1|TLH3|TLJ1
uk,TLH2,Uni,,10,500,1,GBP,1164.6809615864781,0.24933723448265505,290.39833001657183,142.09818059273721,0.12200609890555539,True,13670410.81881275,124871281.90712592,2036534.649790138,243908467.56719121,111200871.08831316,241871932.91740108,True,True,0.26035030634053846,False,False,15,London|TLC1|TLC2|TLD3|TLD4|TLD6|TLE3|TLE4|TLF1|TLF2|TLG1|TLG2|TLH1|TLH3|TLJ1
uk,TLH2,Uni,,20,100,0.5,GBP,1164.6809615864781,0.14713702450424426,171.36769118457642,177.02564030089246,0.15199496354757597,False,21435638.028170887,66800712.613254637,9436198.6310555506,42878037.309994712,45365074.585083753,33441838.678939164,True,True,0.040724726216153001,False,False,15,London|TLC1|TLC2|TLD3|TLD4|TLD6|TLE3|TLE4|TLF1|TLF2|TLG1|TLG2|TLH1|TLH3|TLJ1
uk,TLH2,Uni,,20,300,0.5,GBP,1164.6809615864781,0.14713702450424426,171.36769118457642,177.02564030089246,0.15199496354757597,False,28323032.624284115,73688107.209367871,3511450.6822530776,108524002.97591987,45365074.585083753,105012552.29366679,True,True,0.14045242539192804,False,False,15,London|TLC1|TLC2|TLD3|TLD4|TLD6|TLE3|TLE4|TLF1|TLF2|TLG1|TLG2|TLH1|TLH3|TLJ1
uk,TLH2,Uni,,20,500,0.5,GBP,1164.6809615864781,0.14713702450424426,171.36769118457642,177.02564030089246,0.15199496354757597,False,28323032.624284111,73688107.209367871,3511450.6822530627,142561528.73107424,45365074.58508376,139050078.04882118,True,True,0.24735645454053851,False,False,15,London|TLC1|TLC2|TLD3|TLD4|TLD6|TLE3|TLE4|TLF1|TLF2|TLG1|TLG2|TLH1|TLH3|TLJ1
uk,TLH2,Uni,,20,100,0.80000000000000004,GBP,1164.6809615864781,0.23857226541877538,277.8605754958038,177.02564030089246,0.15199496354757597,True,21435638.028170887,112592652.8670824,9436198.6310555506,88669977.563822478,91157014.838911518,79233778.932766929,True,True,0.040724726216153001,False,False,15,London|TLC1|TLC2|TLD3|TLD4|TLD6|TLE3|TLE4|TLF1|TLF2|TLG1|TLG2|TLH1|TLH3|TLJ1
uk,TLH2,Uni,,20,300,0.80000000000000004,GBP,1164.6809615864781,0.23857226541877538,277.8605754958038,177.02564030089246,0.15199496354757597,True,28323032.624284115,119480047.46319562,3511450.6822530776,154383195.96686238,91157014.838911504,150871745.28460932,True,True,0.14045242539192804,False,False,15,London|TLC1|TLC2|TLD3|TLD4|TLD6|TLE3|TLE4|TLF1|TLF2|TLG1|TLG2|TLH1|TLH3|TLJ1
uk,TLH2,Uni,,20,500,0.80000000000000004,GBP,1164.6809615864781,0.23857226541877538,277.8605754958038,177.02564030089246,0.15199496354757597,True,28323032.624284111,119480047.46319562,3511450.6822530627,234145409.2387298,91157014.838911504,230633958.55647674,True,True,0.24735645454053851,False,False,15,London|TLC1|TLC2|TLD3|TLD4|TLD6|TLE3|TLE4|TLF1|TLF2|TLG1|TLG2|TLH1|TLH3|TLJ1
uk,TLH2,Uni,,20,100,0.90000000000000002,GBP,1164.6809615864781,0.24986216011324433,291.00970090476795,177.02564030089246,0.15199496354757597,True,21435638.028170887,118246776.79293701,9436198.6310555506,94324101.489677057,96811138.764766127,84887902.858621508,True,True,0.040724726216153001,False,False,15,London|TLC1|TLC2|TLD3|TLD4|TLD6|TLE3|TLE4|TLF1|TLF2|TLG1|TLG2|TLH1|TLH3|TLJ1
uk,TLH2,Uni,,20,300,0.90000000000000002,GBP,1164.6809615864781,0.24986216011324433,291.00970090476795,177.02564030089246,0.15199496354757597,True,28323032.624284115,125134171.38905023,3511450.6822530776,160239078.10406128,96811138.764766112,156727627.42180818,True,True,0.14045242539192804,False,False,15,London|TLC1|TLC2|TLD3|TLD4|TLD6|TLE3|TLE4|TLF1|TLF2|TLG1|TLG2|TLH1|TLH3|TLJ1
uk,TLH2,Uni,,20,500,0.90000000000000002,GBP,1164.6809615864781,0.24986216011324433,291.00970090476795,177.02564030089246,0.15199496354757597,True,28323032.624284111,125134171.38905023,3511450.6822530627,245343707.93543825,96811138.764766127,241832257.25318518,True,True,0.24735645454053851,False,False,15,London|TLC1|TLC2|TLD3|TLD4|TLD6|TLE3|TLE4|TLF1|TLF2|TLG1|TLG2|TLH1|TLH3|TLJ1
uk,TLH2,Uni,,20,100,1,GBP,1164.6809615864781,0.26850458711315484,312.72218070932945,177.02564030089246,0.15199496354757597,True,21435638.028170887,127583143.10889843,9436198.6310555506,103660467.80563851,106147505.08072755,94224269.174582958,True,True,0.040724726216153001,False,False,15,London|TLC1|TLC2|TLD3|TLD4|TLD6|TLE3|TLE4|TLF1|TLF2|TLG1|TLG2|TLH1|TLH3|TLJ1
uk,TLH2,Uni,,20,300,1,GBP,1164.6809615864781,0.26850458711315484,312.72218070932945,177.02564030089246,0.15199496354757597,True,28323032.624284115,134470537.70501167,3511450.6822530776,169575444.4200227,106147505.08072755,166063993.7377696,True,True,0.14045242539192804,False,False,15,London|TLC1|TLC2|TLD3|TLD4|TLD6|TLE3|TLE4|TLF1|TLF2|TLG1|TLG2|TLH1|TLH3|TLJ1
uk,TLH2,Uni,,20,500,1,GBP,1164.6809615864781,0.26850458711315484,312.72218070932945,177.02564030089246,0.15199496354757597,True,28323032.624284111,134470537.70501167,3511450.6822530627,255306433.47156367,106147505.08072755,251794982.7893106,True,True,0.24735645454053851,False,False,15,London|TLC1|TLC2|TLD3|TLD4|TLD6|TLE3|TLE4|TLF1|TLF2|TLG1|TLG2|TLH1|TLH3|TLJ1
uk,TLH2,LU,,10,100,0.5,GBP,1164.6809615864781,0.10849186812696943,126.35841329443213,98.727721999491962,0.084768039708496071,True,8903062.2074453514,54282877.140729092,2496737.5163395479,50757199.549807131,45379814.933283739,48260462.033467583,True,True,0.046542248043317525,False,False,15,London|TLC1|TLC2|TLD3|TLD4|TLD6|TLE3|TLE4|TLF1|TLF2|TLG1|TLG2|TLH1|TLH3|TLJ1
uk,TLH2,LU,,10,300,0.5,GBP,1164.6809615864781,0.10849186812696943,126.35841329443213,98.727721999491962,0.084768039708496071,True,8954302.7833220586,54334117.716605812,2400500.9363395423,103312790.34167325,45379814.933283754,100912289.40533371,True,True,0.15344627719192797,False,False,15,London|TLC1|TLC2|TLD3|TLD4|TLD6|TLE3|TLE4|TLF1|TLF2|TLG1|TLG2|TLH1|TLH3|TLJ1
uk,TLH2,LU,,10,500,0.5,GBP,1164.6809615864781,0.10849186812696943,126.35841329443213,98.727721999491962,0.084768039708496071,True,8954302.7833220586,54334117.71660582,2400500.9363395274,103312790.34167323,45379814.933283761,100912289.4053337,True,True,0.26035030634053846,False,False,15,London|TLC1|TLC2|TLD3|TLD4|TLD6|TLE3|TLE4|TLF1|TLF2|TLG1|TLG2|TLH1|TLH3|TLJ1
uk,TLH2,LU,,10,100,0.80000000000000004,GBP,1164.6809615864781,0.13739328648395063,160.0193450176541,98.727721999491962,0.084768039708496071,True,8903062.2074453514,68757077.781714559,2496737.5163395479,65231400.190792583,59854015.574269205,62734662.674453035,True,True,0.046542248043317525,False,False,15,London|TLC1|TLC2|TLD3|TLD4|TLD6|TLE3|TLE4|TLF1|TLF2|TLG1|TLG2|TLH1|TLH3|TLJ1
uk,TLH2,LU,,10,300,0.80000000000000004,GBP,1164.6809615864781,0.13739328648395063,160.0193450176541,98.727721999491962,0.084768039708496071,True,8954302.7833220586,68808318.357591271,2400500.9363395423,132261191.62364416,59854015.574269213,129860690.68730462,True,True,0.15344627719192797,False,False,15,London|TLC1|TLC2|TLD3|TLD4|TLD6|TLE3|TLE4|TLF1|TLF2|TLG1|TLG2|TLH1|TLH3|TLJ1
uk,TLH2,LU,,10,500,0.80000000000000004,GBP,1164.6809615864781,0.13739328648395063,160.0193450176541,98.727721999491962,0.084768039708496071,True,8954302.7833220586,68808318.357591271,2400500.9363395274,132261191.62364414,59854015.574269213,129860690.68730462,True,True,0.26035030634053846,False,False,15,London|TLC1|TLC2|TLD3|TLD4|TLD6|TLE3|TLE4|TLF1|TLF2|TLG1|TLG2|TLH1|TLH3|TLJ1
uk,TLH2,LU,,10,100,0.90000000000000002,GBP,1164.6809615864781,0.14676574218776511,170.93526573919942,98.727721999491962,0.084768039708496071,True,8903062.2074453514,73450923.691979066,2496737.5163395479,69925246.101057082,64547861.484533712,67428508.584717542,True,True,0.046542248043317525,False,False,15,London|TLC1|TLC2|TLD3|TLD4|TLD6|TLE3|TLE4|TLF1|TLF2|TLG1|TLG2|TLH1|TLH3|TLJ1
uk,TLH2,LU,,10,300,0.90000000000000002,GBP,1164.6809615864781,0.14676574218776511,170.93526573919942,98.727721999491962,0.084768039708496071,True,8954302.7833220586,73502164.267855778,2400500.9363395423,141648883.44417316,64547861.48453372,139248382.5078336,True,True,0.15344627719192797,False,False,15,London|TLC1|TLC2|TLD3|TLD4|TLD6|TLE3|TLE4|TLF1|TLF2|TLG1|TLG2|TLH1|TLH3|TLJ1
uk,TLH2,LU,,10,500,0.90000000000000002,GBP,1164.6809615864781,0.14676574218776511,170.93526573919942,98.727721999491962,0.084768039708496071,True,8954302.7833220586,73502164.267855778,2400500.9363395274,141648883.4441731,64547861.48453372,139248382.50783357,True,True,0.26035030634053846,False,False,15,London|TLC1|TLC2|TLD3|TLD4|TLD6|TLE3|TLE4|TLF1|TLF2|TLG1|TLG2|TLH1|TLH3|TLJ1
uk,TLH2,LU,,10,100,1,GBP,1164.6809615864781,0.1844421380150226,214.81624666040244,98.727721999491962,0.084768039708496071,True,8903062.2074453514,92319745.488096341,2496737.5163395479,88794067.897174343,83416683.280650988,86297330.380834788,True,True,0.046542248043317525,False,False,15,London|TLC1|TLC2|TLD3|TLD4|TLD6|TLE3|TLE4|TLF1|TLF2|TLG1|TLG2|TLH1|TLH3|TLJ1
uk,TLH2,LU,,10,300,1,GBP,1164.6809615864781,0.1844421380150226,214.81624666040244,98.727721999491962,0.084768039708496071,True,8954302.7833220586,92370986.063973054,2400500.9363395423,173423494.81983596,83416683.280651003,171022993.8834964,True,True,0.15344627719192797,False,False,15,London|TLC1|TLC2|TLD3|TLD4|TLD6|TLE3|TLE4|TLF1|TLF2|TLG1|TLG2|TLH1|TLH3|TLJ1
uk,TLH2,LU,,10,500,1,GBP,1164.6809615864781,0.1844421380150226,214.81624666040244,98.727721999491962,0.084768039708496071,True,8954302.7833220586,92370986.063973054,2400500.9363395274,179386527.03640771,83416683.280651003,176986026.10006818,True,True,0.26035030634053846,False,False,15,London|TLC1|TLC2|TLD3|TLD4|TLD6|TLE3|TLE4|TLF1|TLF2|TLG1|TLG2|TLH1|TLH3|TLJ1
uk,TLH2,LU,,20,100,0.5,GBP,1164.6809615864781,0.13788554474506745,160.59266884256053,119.68629978768831,0.10276316324829145,True,14474075.162445728,67276218.44188188,9248629.191055553,60576857.314931728,52802143.279436156,51328228.123876177,True,True,0.040724726216153001,False,False,15,London|TLC1|TLC2|TLD3|TLD4|TLD6|TLE3|TLE4|TLF1|TLF2|TLG1|TLG2|TLH1|TLH3|TLJ1
uk,TLH2,LU,,20,300,0.5,GBP,1164.6809615864781,0.13788554474506745,160.59266884256053,119.68629978768831,0.10276316324829145,True,16252704.322864868,69054847.602301031,2119813.9910555333,128480816.70054495,52802143.279436164,126361002.70948942,True,True,0.14045242539192804,False,False,15,London|TLC1|TLC2|TLD3|TLD4|TLD6|TLE3|TLE4|TLF1|TLF2|TLG1|TLG2|TLH1|TLH3|TLJ1
uk,TLH2,LU,,20,500,0.5,GBP,1164.6809615864781,0.13788554474506745,160.59266884256053,119.68629978768831,0.10276316324829145,True,16252704.32286487,69054847.602301046,2119813.9910554886,134138071.28115757,52802143.279436179,132018257.29010208,True,True,0.24735645454053851,False,False,15,London|TLC1|TLC2|TLD3|TLD4|TLD6|TLE3|TLE4|TLF1|TLF2|TLG1|TLG2|TLH1|TLH3|TLJ1
uk,TLH2,LU,,20,100,0.80000000000000004,GBP,1164.6809615864781,0.17919897807473806,208.70963809940014,119.68629978768831,0.10276316324829145,True,14474075.162445728,87966515.222322941,9248629.191055553,81267154.095372766,73492440.059877217,72018524.904317215,True,True,0.040724726216153001,False,False,15,London|TLC1|TLC2|TLD3|TLD4|TLD6|TLE3|TLE4|TLF1|TLF2|TLG1|TLG2|TLH1|TLH3|TLJ1
uk,TLH2,LU,,20,300,0.80000000000000004,GBP,1164.6809615864781,0.17919897807473806,208.70963809940014,119.68629978768831,0.10276316324829145,True,16252704.322864868,89745144.382742062,2119813.9910555333,149171113.48098597,73492440.059877187,147051299.48993045,True,True,0.14045242539192804,False,False,15,London|TLC1|TLC2|TLD3|TLD4|TLD6|TLE3|TLE4|TLF1|TLF2|TLG1|TLG2|TLH1|TLH3|TLJ1
uk,TLH2,LU,,20,500,0.80000000000000004,GBP,1164.6809615864781,0.17919897807473806,208.70963809940014,119.68629978768831,0.10276316324829145,True,16252704.32286487,89745144.382742062,2119813.9910554886,175518664.84203961,73492440.059877187,173398850.85098413,True,True,0.24735645454053851,False,False,15,London|TLC1|TLC2|TLD3|TLD4|TLD6|TLE3|TLE4|TLF1|TLF2|TLG1|TLG2|TLH1|TLH3|TLJ1
uk,TLH2,LU,,20,100,0.90000000000000002,GBP,1164.6809615864781,0.19511675788751595,227.24877319806811,119.68629978768831,0.10276316324829145,True,14474075.162445728,95938343.31475015,9248629.191055553,89238982.187800005,81464268.152304426,79990352.996744454,True,True,0.040724726216153001,False,False,15,London|TLC1|TLC2|TLD3|TLD4|TLD6|TLE3|TLE4|TLF1|TLF2|TLG1|TLG2|TLH1|TLH3|TLJ1
uk,TLH2,LU,,20,300,0.90000000000000002,GBP,1164.6809615864781,0.19511675788751595,227.24877319806811,119.68629978768831,0.10276316324829145,True,16252704.322864868,97716972.475169286,2119813.9910555333,157142941.57341319,81464268.152304411,155023127.58235765,True,True,0.14045242539192804,False,False,15,London|TLC1|TLC2|TLD3|TLD4|TLD6|TLE3|TLE4|TLF1|TLF2|TLG1|TLG2|TLH1|TLH3|TLJ1
uk,TLH2,LU,,20,500,0.90000000000000002,GBP,1164.6809615864781,0.19511675788751595,227.24877319806811,119.68629978768831,0.10276316324829145,True,16252704.32286487,97716972.475169286,2119813.9910554886,191462321.02689409,81464268.152304411,189342507.0358386,True,True,0.24735645454053851,False,False,15,London|TLC1|TLC2|TLD3|TLD4|TLD6|TLE3|TLE4|TLF1|TLF2|TLG1|TLG2|TLH1|TLH3|TLJ1
uk,TLH2,LU,,20,100,1,GBP,1164.6809615864781,0.25279013454619531,294.41985698283793,119.68629978768831,0.10276316324829145,True,14474075.162445728,124821909.34220114,9248629.191055553,118122548.21525101,110347834.17975542,108873919.02419546,True,True,0.040724726216153001,False,False,15,London|TLC1|TLC2|TLD3|TLD4|TLD6|TLE3|TLE4|TLF1|TLF2|TLG1|TLG2|TLH1|TLH3|TLJ1
uk,TLH2,LU,,20,300,1,GBP,1164.6809615864781,0.25279013454619531,294.41985698283793,119.68629978768831,0.10276316324829145,True,16252704.322864868,126600538.50262029,2119813.9910555333,186295518.54932326,110347834.17975542,184175704.55826771,True,True,0.14045242539192804,False,False,15,London|TLC1|TLC2|TLD3|TLD4|TLD6|TLE3|TLE4|TLF1|TLF2|TLG1|TLG2|TLH1|TLH3|TLJ1
uk,TLH2,LU,,20,500,1,GBP,1164.6809615864781,0.25279013454619531,294.41985698283793,119.68629978768831,0.10276316324829145,True,16252704.32286487,126600538.50262029,2119813.9910554886,249229453.08179608,110347834.17975542,247109639.09074059,True,True,0.24735645454053851,False,False,15,London|TLC1|TLC2|TLD3|TLD4|TLD6|TLE3|TLE4|TLF1|TLF2|TLG1|TLG2|TLH1|TLH3|TLJ1
uk,TLH2,GNN,42,10,100,0.5,GBP,1164.6809615864781,0.080475159033523869,93.727885606989332,87.405039572883112,0.075046336684188378,True,7843757.7512784759,40302990.811005414,8494088.200987719,49368260.760083556,32459233.059726939,40874172.559095837,True,True,0.046542248043317525,False,False,15,London|TLC1|TLC2|TLD3|TLD4|TLD6|TLE3|TLE4|TLF1|TLF2|TLG1|TLG2|TLH1|TLH3|TLJ1
uk,TLH2,GNN,42,10,300,0.5,GBP,1164.6809615864781,0.080475159033523869,93.727885606989332,87.405039572883112,0.075046336684188378,True,7843757.7512784759,40302990.811005421,8494088.2009876817,77102149.930288941,32459233.059726946,68608061.729301259,True,True,0.15344627719192797,False,False,15,London|TLC1|TLC2|TLD3|TLD4|TLD6|TLE3|TLE4|TLF1|TLF2|TLG1|TLG2|TLH1|TLH3|TLJ1
uk,TLH2,GNN,42,10,500,0.5,GBP,1164.6809615864781,0.080475159033523869,93.727885606989332,87.405039572883112,0.075046336684188378,True,7843757.7512784768,40302990.811005428,8494088.2009876668,77102149.930288881,32459233.059726954,68608061.729301214,True,True,0.26035030634053846,False,False,15,London|TLC1|TLC2|TLD3|TLD4|TLD6|TLE3|TLE4|TLF1|TLF2|TLG1|TLG2|TLH1|TLH3|TLJ1
uk,TLH2,GNN,42,10,100,0.80000000000000004,GBP,1164.6809615864781,0.10481476329307282,122.07575930063514,87.405039572883112,0.075046336684188378,True,7843757.7512784759,52492576.499273099,8494088.200987719,61557846.448351242,44648818.747994624,53063758.247363523,True,True,0.046542248043317525,False,False,15,London|TLC1|TLC2|TLD3|TLD4|TLD6|TLE3|TLE4|TLF1|TLF2|TLG1|TLG2|TLH1|TLH3|TLJ1
uk,TLH2,GNN,42,10,300,0.80000000000000004,GBP,1164.6809615864781,0.10481476329307282,122.07575930063514,87.405039572883112,0.075046336684188378,True,7843757.7512784759,52492576.499273114,8494088.2009876817,101481321.30682431,44648818.747994639,92987233.10583663,True,True,0.15344627719192797,False,False,15,London|TLC1|TLC2|TLD3|TLD4|TLD6|TLE3|TLE4|TLF1|TLF2|TLG1|TLG2|TLH1|TLH3|TLJ1
uk,TLH2,GNN,42,10,500,0.80000000000000004,GBP,1164.6809615864781,0.10481476329307282,122.07575930063514,87.405039572883112,0.075046336684188378,True,7843757.7512784768,52492576.499273114,8494088.2009876668,101481321.30682425,44648818.747994639,92987233.105836585,True,True,0.26035030634053846,False,False,15,London|TLC1|TLC2|TLD3|TLD4|TLD6|TLE3|TLE4|TLF1|TLF2|TLG1|TLG2|TLH1|TLH3|TLJ1
uk,TLH2,GNN,42,10,100,0.90000000000000002,GBP,1164.6809615864781,0.11761736880872931,136.98671020342229,87.405039572883112,0.075046336684188378,True,7843757.7512784759,58904285.387471572,8494088.200987719,67969555.336549729,51060527.636193097,59475467.13556201,True,True,0.046542248043317525,False,False,15,London|TLC1|TLC2|TLD3|TLD4|TLD6|TLE3|TLE4|TLF1|TLF2|TLG1|TLG2|TLH1|TLH3|TLJ1
uk,TLH2,GNN,42,10,300,0.90000000000000002,GBP,1164.6809615864781,0.11761736880872931,136.98671020342229,87.405039572883112,0.075046336684188378,True,7843757.7512784759,58904285.387471586,8494088.2009876817,114304739.08322124,51060527.636193112,105810650.88223356,True,True,0.15344627719192797,False,False,15,London|TLC1|TLC2|TLD3|TLD4|TLD6|TLE3|TLE4|TLF1|TLF2|TLG1|TLG2|TLH1|TLH3|TLJ1
uk,TLH2,GNN,42,10,500,0.90000000000000002,GBP,1164.6809615864781,0.11761736880872931,136.98671020342229,87.405039572883112,0.075046336684188378,True,7843757.7512784768,58904285.387471586,8494088.2009876668,114304739.08322129,51060527.636193112,105810650.88223362,True,True,0.26035030634053846,False,False,15,London|TLC1|TLC2|TLD3|TLD4|TLD6|TLE3|TLE4|TLF1|TLF2|TLG1|TLG2|TLH1|TLH3|TLJ1
uk,TLH2,GNN,42,10,100,1,GBP,1164.6809615864781,0.1290144261103755,150.26064586075978,87.405039572883112,0.075046336684188378,True,7843757.7512784759,64612077.720126726,8494088.200987719,73677347.669204861,56768319.968848251,65183259.468217142,True,True,0.046542248043317525,False,False,15,London|TLC1|TLC2|TLD3|TLD4|TLD6|TLE3|TLE4|TLF1|TLF2|TLG1|TLG2|TLH1|TLH3|TLJ1
uk,TLH2,GNN,42,10,300,1,GBP,1164.6809615864781,0.1290144261103755,150.26064586075978,87.405039572883112,0.075046336684188378,True,7843757.7512784759,64612077.720126741,8494088.2009876817,125720323.74853151,56768319.968848266,117226235.54754382,True,True,0.15344627719192797,False,False,15,London|TLC1|TLC2|TLD3|TLD4|TLD6|TLE3|TLE4|TLF1|TLF2|TLG1|TLG2|TLH1|TLH3|TLJ1
uk,TLH2,GNN,42,10,500,1,GBP,1164.6809615864781,0.1290144261103755,150.26064586075978,87.405039572883112,0.075046336684188378,True,7843757.7512784768,64612077.720126726,8494088.2009876668,125720323.74853142,56768319.968848251,117226235.54754375,True,True,0.26035030634053846,False,False,15,London|TLC1|TLC2|TLD3|TLD4|TLD6|TLE3|TLE4|TLF1|TLF2|TLG1|TLG2|TLH1|TLH3|TLJ1
uk,TLH2,GNN,42,20,100,0.5,GBP,1164.6809615864781,0.11143395583800558,129.78500683879349,96.834864184517784,0.083142823982125982,True,9133324.4930583593,55710517.750075869,2580906.9576049279,51967912.296361424,46577193.257017508,49387005.338756494,True,True,0.040724726216153001,False,False,15,London|TLC1|TLC2|TLD3|TLD4|TLD6|TLE3|TLE4|TLF1|TLF2|TLG1|TLG2|TLH1|TLH3|TLJ1
uk,TLH2,GNN,42,20,300,0.5,GBP,1164.6809615864781,0.11143395583800558,129.78500683879349,96.834864184517784,0.083142823982125982,True,9230359.6836637035,55807552.940681212,2981479.174999997,105848369.18000355,46577193.257017508,102866890.00500356,True,True,0.14045242539192804,False,False,15,London|TLC1|TLC2|TLD3|TLD4|TLD6|TLE3|TLE4|TLF1|TLF2|TLG1|TLG2|TLH1|TLH3|TLJ1
uk,TLH2,GNN,42,20,500,0.5,GBP,1164.6809615864781,0.11143395583800558,129.78500683879349,96.834864184517784,0.083142823982125982,True,9230359.6836637035,55807552.940681212,2981479.1749999523,105848369.18000355,46577193.257017508,102866890.0050036,True,True,0.24735645454053851,False,False,15,London|TLC1|TLC2|TLD3|TLD4|TLD6|TLE3|TLE4|TLF1|TLF2|TLG1|TLG2|TLH1|TLH3|TLJ1
uk,TLH2,GNN,42,20,100,0.80000000000000004,GBP,1164.6809615864781,0.13006400478392985,151.48307015953571,96.834864184517784,0.083142823982125982,True,9133324.4930583593,65040684.977995001,2580906.9576049279,61298079.524280585,55907360.48493664,58717172.566675656,True,True,0.040724726216153001,False,False,15,London|TLC1|TLC2|TLD3|TLD4|TLD6|TLE3|TLE4|TLF1|TLF2|TLG1|TLG2|TLH1|TLH3|TLJ1
uk,TLH2,GNN,42,20,300,0.80000000000000004,GBP,1164.6809615864781,0.13006400478392985,151.48307015953571,96.834864184517784,0.083142823982125982,True,9230359.6836637035,65137720.168600373,2981479.174999997,124508703.63584182,55907360.484936669,121527224.46084182,True,True,0.14045242539192804,False,False,15,London|TLC1|TLC2|TLD3|TLD4|TLD6|TLE3|TLE4|TLF1|TLF2|TLG1|TLG2|TLH1|TLH3|TLJ1
uk,TLH2,GNN,42,20,500,0.80000000000000004,GBP,1164.6809615864781,0.13006400478392985,151.48307015953571,96.834864184517784,0.083142823982125982,True,9230359.6836637035,65137720.168600373,2981479.1749999523,124508703.63584189,55907360.484936669,121527224.46084194,True,True,0.24735645454053851,False,False,15,London|TLC1|TLC2|TLD3|TLD4|TLD6|TLE3|TLE4|TLF1|TLF2|TLG1|TLG2|TLH1|TLH3|TLJ1
uk,TLH2,GNN,42,20,100,0.90000000000000002,GBP,1164.6809615864781,0.13835071718294606,161.1344463248125,96.834864184517784,0.083142823982125982,True,9133324.4930583593,69190776.729064047,2580906.9576049279,65448171.275349602,60057452.236005686,62867264.317744672,True,True,0.040724726216153001,False,False,15,London|TLC1|TLC2|TLD3|TLD4|TLD6|TLE3|TLE4|TLF1|TLF2|TLG1|TLG2|TLH1|TLH3|TLJ1
uk,TLH2,GNN,42,20,300,0.90000000000000002,GBP,1164.6809615864781,0.13835071718294606,161.1344463248125,96.834864184517784,0.083142823982125982,True,9230359.6836637035,69287811.919669405,2981479.174999997,132808887.13797991,60057452.236005701,129827407.96297991,True,True,0.14045242539192804,False,False,15,London|TLC1|TLC2|TLD3|TLD4|TLD6|TLE3|TLE4|TLF1|TLF2|TLG1|TLG2|TLH1|TLH3|TLJ1
uk,TLH2,GNN,42,20,500,0.90000000000000002,GBP,1164.6809615864781,0.13835071718294606,161.1344463248125,96.834864184517784,0.083142823982125982,True,9230359.6836637035,69287811.919669405,2981479.1749999523,132808887.13797987,60057452.236005701,129827407.96297991,True,True,0.24735645454053851,False,False,15,London|TLC1|TLC2|TLD3|TLD4|TLD6|TLE3|TLE4|TLF1|TLF2|TLG1|TLG2|TLH1|TLH3|TLJ1
uk,TLH2,GNN,42,20,100,1,GBP,1164.6809615864781,0.18426215839381918,214.60662782211327,96.834864184517784,0.083142823982125982,True,9133324.4930583593,92183814.772903353,2580906.9576049279,88441209.319188923,83050490.279844999,85860302.361583993,True,True,0.040724726216153001,False,False,15,London|TLC1|TLC2|TLD3|TLD4|TLD6|TLE3|TLE4|TLF1|TLF2|TLG1|TLG2|TLH1|TLH3|TLJ1
uk,TLH2,GNN,42,20,300,1,GBP,1164.6809615864781,0.18426215839381918,214.60662782211327,96.834864184517784,0.083142823982125982,True,9230359.6836637035,92280849.963508695,2981479.174999997,170573286.04101574,83050490.279844999,167591806.86601573,True,True,0.14045242539192804,False,False,15,London|TLC1|TLC2|TLD3|TLD4|TLD6|TLE3|TLE4|TLF1|TLF2|TLG1|TLG2|TLH1|TLH3|TLJ1
uk,TLH2,GNN,42,20,500,1,GBP,1164.6809615864781,0.18426215839381918,214.60662782211327,96.834864184517784,0.083142823982125982,True,9230359.6836637035,92280849.963508695,2981479.1749999523,178794963.22565857,83050490.279844999,175813484.05065861,True,True,0.24735645454053851,False,False,15,London|TLC1|TLC2|TLD3|TLD4|TLD6|TLE3|TLE4|TLF1|TLF2|TLG1|TLG2|TLH1|TLH3|TLJ1
uk,TLH2,GNN,123,10,100,0.5,GBP,1164.6809615864781,0.077560280916374749,90.332982558600719,90.433757491328862,0.077646806699874185,False,6432780.9408280235,38843182.50019832,2891535.0089444704,51087995.276806794,32410401.559370294,48196460.26786232,True,True,0.046542248043317525,False,False,15,London|TLC1|TLC2|TLD3|TLD4|TLD6|TLE3|TLE4|TLF1|TLF2|TLG1|TLG2|TLH1|TLH3|TLJ1
uk,TLH2,GNN,123,10,300,0.5,GBP,1164.6809615864781,0.077560280916374749,90.332982558600719,90.433757491328862,0.077646806699874185,False,6432780.9408280244,38843182.50019832,2891535.0089444667,74612741.984476686,32410401.559370294,71721206.975532219,True,True,0.15344627719192797,False,False,15,London|TLC1|TLC2|TLD3|TLD4|TLD6|TLE3|TLE4|TLF1|TLF2|TLG1|TLG2|TLH1|TLH3|TLJ1
uk,TLH2,GNN,123,10,500,0.5,GBP,1164.6809615864781,0.077560280916374749,90.332982558600719,90.433757491328862,0.077646806699874185,False,6432780.9408280235,38843182.500198334,2891535.0089444816,74612741.984476611,32410401.559370309,71721206.975532129,True,True,0.26035030634053846,False,False,15,London|TLC1|TLC2|TLD3|TLD4|TLD6|TLE3|TLE4|TLF1|TLF2|TLG1|TLG2|TLH1|TLH3|TLJ1
uk,TLH2,GNN,123,10,100,0.80000000000000004,GBP,1164.6809615864781,0.10761152358212096,125.3330927634106,90.433757491328862,0.077646806699874185,True,6432780.9408280235,53893229.888266563,2891535.0089444704,66138042.664875045,47460448.947438538,63246507.655930579,True,True,0.046542248043317525,False,False,15,London|TLC1|TLC2|TLD3|TLD4|TLD6|TLE3|TLE4|TLF1|TLF2|TLG1|TLG2|TLH1|TLH3|TLJ1
uk,TLH2,GNN,123,10,300,0.80000000000000004,GBP,1164.6809615864781,0.10761152358212096,125.3330927634106,90.433757491328862,0.077646806699874185,True,6432780.9408280244,53893229.888266563,2891535.0089444667,104712836.76061316,47460448.947438538,101821301.75166869,True,True,0.15344627719192797,False,False,15,London|TLC1|TLC2|TLD3|TLD4|TLD6|TLE3|TLE4|TLF1|TLF2|TLG1|TLG2|TLH1|TLH3|TLJ1
uk,TLH2,GNN,123,10,500,0.80000000000000004,GBP,1164.6809615864781,0.10761152358212096,125.3330927634106,90.433757491328862,0.077646806699874185,True,6432780.9408280235,53893229.888266563,2891535.0089444816,104712836.76061316,47460448.947438538,101821301.75166868,True,True,0.26035030634053846,False,False,15,London|TLC1|TLC2|TLD3|TLD4|TLD6|TLE3|TLE4|TLF1|TLF2|TLG1|TLG2|TLH1|TLH3|TLJ1
uk,TLH2,GNN,123,10,100,0.90000000000000002,GBP,1164.6809615864781,0.11442878970122268,133.27303282239691,90.433757491328862,0.077646806699874185,True,6432780.9408280235,57307404.11363066,2891535.0089444704,69552216.890239149,50874623.172802635,66660681.881294683,True,True,0.046542248043317525,False,False,15,London|TLC1|TLC2|TLD3|TLD4|TLD6|TLE3|TLE4|TLF1|TLF2|TLG1|TLG2|TLH1|TLH3|TLJ1
uk,TLH2,GNN,123,10,300,0.90000000000000002,GBP,1164.6809615864781,0.11442878970122268,133.27303282239691,90.433757491328862,0.077646806699874185,True,6432780.9408280244,57307404.113630675,2891535.0089444667,111541185.21134138,50874623.172802649,108649650.20239691,True,True,0.15344627719192797,False,False,15,London|TLC1|TLC2|TLD3|TLD4|TLD6|TLE3|TLE4|TLF1|TLF2|TLG1|TLG2|TLH1|TLH3|TLJ1
uk,TLH2,GNN,123,10,500,0.90000000000000002,GBP,1164.6809615864781,0.11442878970122268,133.27303282239691,90.433757491328862,0.077646806699874185,True,6432780.9408280235,57307404.113630675,2891535.0089444816,111541185.21134135,50874623.172802649,108649650.20239687,True,True,0.26035030634053846,False,False,15,London|TLC1|TLC2|TLD3|TLD4|TLD6|TLE3|TLE4|TLF1|TLF2|TLG1|TLG2|TLH1|TLH3|TLJ1
uk,TLH2,GNN,123,10,100,1,GBP,1164.6809615864781,0.11859490231483208,138.12522486729307,90.433757491328862,0.077646806699874185,True,6432780.9408280235,59393846.692936033,2891535.0089444704,71638659.4695445,52961065.752108008,68747124.460600033,True,True,0.046542248043317525,False,False,15,London|TLC1|TLC2|TLD3|TLD4|TLD6|TLE3|TLE4|TLF1|TLF2|TLG1|TLG2|TLH1|TLH3|TLJ1
uk,TLH2,GNN,123,10,300,1,GBP,1164.6809615864781,0.11859490231483208,138.12522486729307,90.433757491328862,0.077646806699874185,True,6432780.9408280244,59393846.692936048,2891535.0089444667,115714070.36995208,52961065.752108023,112822535.36100762,True,True,0.15344627719192797,False,False,15,London|TLC1|TLC2|TLD3|TLD4|TLD6|TLE3|TLE4|TLF1|TLF2|TLG1|TLG2|TLH1|TLH3|TLJ1
uk,TLH2,GNN,123,10,500,1,GBP,1164.6809615864781,0.11859490231483208,138.12522486729307,90.433757491328862,0.077646806699874185,True,6432780.9408280235,59393846.69293604,2891535.0089444816,115714070.36995213,52961065.752108015,112822535.36100765,True,True,0.26035030634053846,False,False,15,London|TLC1|TLC2|TLD3|TLD4|TLD6|TLE3|TLE4|TLF1|TLF2|TLG1|TLG2|TLH1|TLH3|TLJ1
uk,TLH2,GNN,123,20,100,0.5,GBP,1164.6809615864781,0.10479265204263445,122.05000674821271,88.194430859216823,0.075724111381611475,True,7529844.6590016196,52412024.951605551,1764801.2610555422,48765161.995314166,44882180.292603932,47000360.734258622,True,True,0.040724726216153001,False,False,15,London|TLC1|TLC2|TLD3|TLD4|TLD6|TLE3|TLE4|TLF1|TLF2|TLG1|TLG2|TLH1|TLH3|TLJ1
uk,TLH2,GNN,123,20,300,0.5,GBP,1164.6809615864781,0.10479265204263445,122.05000674821271,88.194430859216823,0.075724111381611475,True,7599322.6091275346,52481502.901731491,3395468.0284506083,99562129.239786938,44882180.292603955,96166661.21133633,True,True,0.14045242539192804,False,False,15,London|TLC1|TLC2|TLD3|TLD4|TLD6|TLE3|TLE4|TLF1|TLF2|TLG1|TLG2|TLH1|TLH3|TLJ1
uk,TLH2,GNN,123,20,500,0.5,GBP,1164.6809615864781,0.10479265204263445,122.05000674821271,88.194430859216823,0.075724111381611475,True,7599322.6091275364,52481502.901731491,3395468.0284506083,99562129.239786908,44882180.292603955,96166661.2113363,True,True,0.24735645454053851,False,False,15,London|TLC1|TLC2|TLD3|TLD4|TLD6|TLE3|TLE4|TLF1|TLF2|TLG1|TLG2|TLH1|TLH3|TLJ1
uk,TLH2,GNN,123,20,100,0.80000000000000004,GBP,1164.6809615864781,0.12726181798483485,148.21941654382081,88.194430859216823,0.075724111381611475,True,7529844.6590016196,63664871.163717031,1764801.2610555422,60018008.207425639,56135026.504715413,58253206.946370095,True,True,0.040724726216153001,False,False,15,London|TLC1|TLC2|TLD3|TLD4|TLD6|TLE3|TLE4|TLF1|TLF2|TLG1|TLG2|TLH1|TLH3|TLJ1
uk,TLH2,GNN,123,20,300,0.80000000000000004,GBP,1164.6809615864781,0.12726181798483485,148.21941654382081,88.194430859216823,0.075724111381611475,True,7599322.6091275346,63734349.113842964,3395468.0284506083,122067821.66400985,56135026.504715428,118672353.63555925,True,True,0.14045242539192804,False,False,15,London|TLC1|TLC2|TLD3|TLD4|TLD6|TLE3|TLE4|TLF1|TLF2|TLG1|TLG2|TLH1|TLH3|TLJ1
uk,TLH2,GNN,123,20,500,0.80000000000000004,GBP,1164.6809615864781,0.12726181798483485,148.21941654382081,88.194430859216823,0.075724111381611475,True,7599322.6091275364,63734349.113842964,3395468.0284506083,122067821.66400988,56135026.504715428,118672353.63555928,True,True,0.24735645454053851,False,False,15,London|TLC1|TLC2|TLD3|TLD4|TLD6|TLE3|TLE4|TLF1|TLF2|TLG1|TLG2|TLH1|TLH3|TLJ1
uk,TLH2,GNN,123,20,100,0.90000000000000002,GBP,1164.6809615864781,0.1489971008547481,173.53408669710547,88.194430859216823,0.075724111381611475,True,7529844.6590016196,74550179.329629421,1764801.2610555422,70903316.373338059,67020334.670627803,69138515.112282515,True,True,0.040724726216153001,False,False,15,London|TLC1|TLC2|TLD3|TLD4|TLD6|TLE3|TLE4|TLF1|TLF2|TLG1|TLG2|TLH1|TLH3|TLJ1
uk,TLH2,GNN,123,20,300,0.90000000000000002,GBP,1164.6809615864781,0.1489971008547481,173.53408669710547,88.194430859216823,0.075724111381611475,True,7599322.6091275346,74619657.279755369,3395468.0284506083,143838437.99583477,67020334.670627832,140442969.96738416,True,True,0.14045242539192804,False,False,15,London|TLC1|TLC2|TLD3|TLD4|TLD6|TLE3|TLE4|TLF1|TLF2|TLG1|TLG2|TLH1|TLH3|TLJ1
uk,TLH2,GNN,123,20,500,0.90000000000000002,GBP,1164.6809615864781,0.1489971008547481,173.53408669710547,88.194430859216823,0.075724111381611475,True,7599322.6091275364,74619657.279755369,3395468.0284506083,143838437.99583471,67020334.670627832,140442969.9673841,True,True,0.24735645454053851,False,False,15,London|TLC1|TLC2|TLD3|TLD4|TLD6|TLE3|TLE4|TLF1|TLF2|TLG1|TLG2|TLH1|TLH3|TLJ1
uk,TLH2,GNN,123,20,100,1,GBP,1164.6809615864781,0.16208594624878639,188.77841573669073,88.194430859216823,0.075724111381611475,True,7529844.6590016196,81105240.816651121,1764801.2610555422,77458377.860359713,73575396.157649502,75693576.599304169,True,True,0.040724726216153001,False,False,15,London|TLC1|TLC2|TLD3|TLD4|TLD6|TLE3|TLE4|TLF1|TLF2|TLG1|TLG2|TLH1|TLH3|TLJ1
uk,TLH2,GNN,123,20,300,1,GBP,1164.6809615864781,0.16208594624878639,188.77841573669073,88.194430859216823,0.075724111381611475,True,7599322.6091275346,81174718.766777039,3395468.0284506083,156948560.96987802,73575396.157649502,153553092.94142741,True,True,0.14045242539192804,False,False,15,London|TLC1|TLC2|TLD3|TLD4|TLD6|TLE3|TLE4|TLF1|TLF2|TLG1|TLG2|TLH1|TLH3|TLJ1
uk,TLH2,GNN,123,20,500,1,GBP,1164.6809615864781,0.16208594624878639,188.77841573669073,88.194430859216823,0.075724111381611475,True,7599322.6091275364,81174718.766777039,3395468.0284506083,156948560.96987802,73575396.157649502,153553092.94142741,True,True,0.24735645454053851,False,False,15,London|TLC1|TLC2|TLD3|TLD4|TLD6|TLE3|TLE4|TLF1|TLF2|TLG1|TLG2|TLH1|TLH3|TLJ1
uk,TLH2,GNN,456,10,100,0.5,GBP,1164.6809615864781,0.081310349382180944,94.700615905370995,85.037992133695681,0.073013979740735688,True,7444652.9830918964,40721264.839309521,5976209.2478889488,50997870.203861609,33276611.856217623,45021660.955972657,True,True,0.046542248043317525,False,False,15,London|TLC1|TLC2|TLD3|TLD4|TLD6|TLE3|TLE4|TLF1|TLF2|TLG1|TLG2|TLH1|TLH3|TLJ1
uk,TLH2,GNN,456,10,300,0.5,GBP,1164.6809615864781,0.081310349382180944,94.700615905370995,85.037992133695681,0.073013979740735688,True,7444652.9830918983,40721264.839309543,5976209.2478889525,78236456.30205597,33276611.856217645,72260247.054167017,True,True,0.15344627719192797,False,False,15,London|TLC1|TLC2|TLD3|TLD4|TLD6|TLE3|TLE4|TLF1|TLF2|TLG1|TLG2|TLH1|TLH3|TLJ1
uk,TLH2,GNN,456,10,500,0.5,GBP,1164.6809615864781,0.081310349382180944,94.700615905370995,85.037992133695681,0.073013979740735688,True,7444652.9830918983,40721264.839309558,5976209.2478889227,78236456.302055985,33276611.85621766,72260247.054167062,True,True,0.26035030634053846,False,False,15,London|TLC1|TLC2|TLD3|TLD4|TLD6|TLE3|TLE4|TLF1|TLF2|TLG1|TLG2|TLH1|TLH3|TLJ1
uk,TLH2,GNN,456,10,100,0.80000000000000004,GBP,1164.6809615864781,0.10976070553265407,127.83620406418181,85.037992133695681,0.073013979740735688,True,7444652.9830918964,54969567.747598179,5976209.2478889488,65246173.112150252,47524914.76450628,59269963.864261299,True,True,0.046542248043317525,False,False,15,London|TLC1|TLC2|TLD3|TLD4|TLD6|TLE3|TLE4|TLF1|TLF2|TLG1|TLG2|TLH1|TLH3|TLJ1
uk,TLH2,GNN,456,10,300,0.80000000000000004,GBP,1164.6809615864781,0.10976070553265407,127.83620406418181,85.037992133695681,0.073013979740735688,True,7444652.9830918983,54969567.747598194,5976209.2478889525,106733062.11863329,47524914.764506295,100756852.87074433,True,True,0.15344627719192797,False,False,15,London|TLC1|TLC2|TLD3|TLD4|TLD6|TLE3|TLE4|TLF1|TLF2|TLG1|TLG2|TLH1|TLH3|TLJ1
uk,TLH2,GNN,456,10,500,0.80000000000000004,GBP,1164.6809615864781,0.10976070553265407,127.83620406418181,85.037992133695681,0.073013979740735688,True,7444652.9830918983,54969567.747598194,5976209.2478889227,106733062.11863324,47524914.764506295,100756852.87074432,True,True,0.26035030634053846,False,False,15,London|TLC1|TLC2|TLD3|TLD4|TLD6|TLE3|TLE4|TLF1|TLF2|TLG1|TLG2|TLH1|TLH3|TLJ1
uk,TLH2,GNN,456,10,100,0.90000000000000002,GBP,1164.6809615864781,0.11634754585348168,135.5077715828599,85.037992133695681,0.073013979740735688,True,7444652.9830918964,58268341.780629762,5976209.2478889488,68544947.145181835,50823688.797537863,62568737.897292882,True,True,0.046542248043317525,False,False,15,London|TLC1|TLC2|TLD3|TLD4|TLD6|TLE3|TLE4|TLF1|TLF2|TLG1|TLG2|TLH1|TLH3|TLJ1
uk,TLH2,GNN,456,10,300,0.90000000000000002,GBP,1164.6809615864781,0.11634754585348168,135.5077715828599,85.037992133695681,0.073013979740735688,True,7444652.9830918983,58268341.780629762,5976209.2478889525,113330610.18469641,50823688.797537863,107354400.93680745,True,True,0.15344627719192797,False,False,15,London|TLC1|TLC2|TLD3|TLD4|TLD6|TLE3|TLE4|TLF1|TLF2|TLG1|TLG2|TLH1|TLH3|TLJ1
uk,TLH2,GNN,456,10,500,0.90000000000000002,GBP,1164.6809615864781,0.11634754585348168,135.5077715828599,85.037992133695681,0.073013979740735688,True,7444652.9830918983,58268341.780629762,5976209.2478889227,113330610.18469647,50823688.797537863,107354400.93680754,True,True,0.26035030634053846,False,False,15,London|TLC1|TLC2|TLD3|TLD4|TLD6|TLE3|TLE4|TLF1|TLF2|TLG1|TLG2|TLH1|TLH3|TLJ1
uk,TLH2,GNN,456,10,100,1,GBP,1164.6809615864781,0.13218543938455474,153.95386465013434,85.037992133695681,0.073013979740735688,True,7444652.9830918964,66200161.799557775,5976209.2478889488,76476767.164109841,58755508.816465877,70500557.916220888,True,True,0.046542248043317525,False,False,15,London|TLC1|TLC2|TLD3|TLD4|TLD6|TLE3|TLE4|TLF1|TLF2|TLG1|TLG2|TLH1|TLH3|TLJ1
uk,TLH2,GNN,456,10,300,1,GBP,1164.6809615864781,0.13218543938455474,153.95386465013434,85.037992133695681,0.073013979740735688,True,7444652.9830918983,66200161.79955779,5976209.2478889525,129194250.22255242,58755508.816465892,123218040.97466347,True,True,0.15344627719192797,False,False,15,London|TLC1|TLC2|TLD3|TLD4|TLD6|TLE3|TLE4|TLF1|TLF2|TLG1|TLG2|TLH1|TLH3|TLJ1
uk,TLH2,GNN,456,10,500,1,GBP,1164.6809615864781,0.13218543938455474,153.95386465013434,85.037992133695681,0.073013979740735688,True,7444652.9830918983,66200161.799557783,5976209.2478889227,129194250.22255237,58755508.816465884,123218040.97466345,True,True,0.26035030634053846,False,False,15,London|TLC1|TLC2|TLD3|TLD4|TLD6|TLE3|TLE4|TLF1|TLF2|TLG1|TLG2|TLH1|TLH3|TLJ1
uk,TLH2,GNN,456,20,100,0.5,GBP,1164.6809615864781,0.11455621107299449,133.42143806819877,87.282563911444299,0.074941178563227961,True,8737789.8305570669,57221313.574849293,3549763.2960555423,52373321.259855568,48483523.744292229,48823557.963800028,True,True,0.040724726216153001,False,False,15,London|TLC1|TLC2|TLD3|TLD4|TLD6|TLE3|TLE4|TLF1|TLF2|TLG1|TLG2|TLH1|TLH3|TLJ1
uk,TLH2,GNN,456,20,300,0.5,GBP,1164.6809615864781,0.11455621107299449,133.42143806819877,87.282563911444299,0.074941178563227961,True,8887694.625033265,57371218.369325489,2167833.1003518403,109165429.69042654,48483523.744292222,106997596.5900747,True,True,0.14045242539192804,False,False,15,London|TLC1|TLC2|TLD3|TLD4|TLD6|TLE3|TLE4|TLF1|TLF2|TLG1|TLG2|TLH1|TLH3|TLJ1
uk,TLH2,GNN,456,20,500,0.5,GBP,1164.6809615864781,0.11455621107299449,133.42143806819877,87.282563911444299,0.074941178563227961,True,8887694.6250332668,57371218.369325489,2167833.1003518105,109165429.69042656,48483523.744292222,106997596.59007475,True,True,0.24735645454053851,False,False,15,London|TLC1|TLC2|TLD3|TLD4|TLD6|TLE3|TLE4|TLF1|TLF2|TLG1|TLG2|TLH1|TLH3|TLJ1
uk,TLH2,GNN,456,20,100,0.80000000000000004,GBP,1164.6809615864781,0.15453254388651785,179.98111181015426,87.282563911444299,0.074941178563227961,True,8737789.8305570669,77241973.283890128,3549763.2960555423,72393980.968896449,68504183.453333065,68844217.672840908,True,True,0.040724726216153001,False,False,15,London|TLC1|TLC2|TLD3|TLD4|TLD6|TLE3|TLE4|TLF1|TLF2|TLG1|TLG2|TLH1|TLH3|TLJ1
uk,TLH2,GNN,456,20,300,0.80000000000000004,GBP,1164.6809615864781,0.15453254388651785,179.98111181015426,87.282563911444299,0.074941178563227961,True,8887694.625033265,77391878.078366339,2167833.1003518403,149206749.10850826,68504183.45333308,147038916.00815642,True,True,0.14045242539192804,False,False,15,London|TLC1|TLC2|TLD3|TLD4|TLD6|TLE3|TLE4|TLF1|TLF2|TLG1|TLG2|TLH1|TLH3|TLJ1
uk,TLH2,GNN,456,20,500,0.80000000000000004,GBP,1164.6809615864781,0.15453254388651785,179.98111181015426,87.282563911444299,0.074941178563227961,True,8887694.6250332668,77391878.078366339,2167833.1003518105,149206749.10850826,68504183.45333308,147038916.00815645,True,True,0.24735645454053851,False,False,15,London|TLC1|TLC2|TLD3|TLD4|TLD6|TLE3|TLE4|TLF1|TLF2|TLG1|TLG2|TLH1|TLH3|TLJ1
uk,TLH2,GNN,456,20,100,0.90000000000000002,GBP,1164.6809615864781,0.15691380366206784,182.75451973532901,87.282563911444299,0.074941178563227961,True,8737789.8305570669,78434538.691715285,3549763.2960555423,73586546.376721576,69696748.861158222,70036783.080666035,True,True,0.040724726216153001,False,False,15,London|TLC1|TLC2|TLD3|TLD4|TLD6|TLE3|TLE4|TLF1|TLF2|TLG1|TLG2|TLH1|TLH3|TLJ1
uk,TLH2,GNN,456,20,300,0.90000000000000002,GBP,1164.6809615864781,0.15691380366206784,182.75451973532901,87.282563911444299,0.074941178563227961,True,8887694.625033265,78584443.486191496,2167833.1003518403,151591879.92415857,69696748.861158237,149424046.82380673,True,True,0.14045242539192804,False,False,15,London|TLC1|TLC2|TLD3|TLD4|TLD6|TLE3|TLE4|TLF1|TLF2|TLG1|TLG2|TLH1|TLH3|TLJ1
uk,TLH2,GNN,456,20,500,0.90000000000000002,GBP,1164.6809615864781,0.15691380366206784,182.75451973532901,87.282563911444299,0.074941178563227961,True,8887694.6250332668,78584443.486191496,2167833.1003518105,151591879.92415857,69696748.861158222,149424046.82380676,True,True,0.24735645454053851,False,False,15,London|TLC1|TLC2|TLD3|TLD4|TLD6|TLE3|TLE4|TLF1|TLF2|TLG1|TLG2|TLH1|TLH3|TLJ1
uk,TLH2,GNN,456,20,100,1,GBP,1164.6809615864781,0.17087764559264457,199.01794058247469,87.282563911444299,0.074941178563227961,True,8737789.8305570669,85427809.655987918,3549763.2960555423,80579817.340994209,76690019.825430855,77030054.044938669,True,True,0.040724726216153001,False,False,15,London|TLC1|TLC2|TLD3|TLD4|TLD6|TLE3|TLE4|TLF1|TLF2|TLG1|TLG2|TLH1|TLH3|TLJ1
uk,TLH2,GNN,456,20,300,1,GBP,1164.6809615864781,0.17087764559264457,199.01794058247469,87.282563911444299,0.074941178563227961,True,8887694.625033265,85577714.450464159,2167833.1003518403,161957556.98629516,76690019.8254309,159789723.88594332,True,True,0.14045242539192804,False,False,15,London|TLC1|TLC2|TLD3|TLD4|TLD6|TLE3|TLE4|TLF1|TLF2|TLG1|TLG2|TLH1|TLH3|TLJ1
uk,TLH2,GNN,456,20,500,1,GBP,1164.6809615864781,0.17087764559264457,199.01794058247469,87.282563911444299,0.074941178563227961,True,8887694.6250332668,85577714.450464129,2167833.1003518105,165578421.85270387,76690019.82543087,163410588.75235206,True,True,0.24735645454053851,False,False,15,London|TLC1|TLC2|TLD3|TLD4|TLD6|TLE3|TLE4|TLF1|TLF2|TLG1|TLG2|TLH1|TLH3|TLJ1
uk,TLH3,Uni,,10,100,0.5,GBP,1126.5360599999999,0.12293368470723245,138.48922881136789,93.297921467817986,0.082818406601043906,True,11559821.334776418,59540374.638548933,2215441.2699999847,59053148.40273653,47980553.303772517,56837707.132736549,True,True,0.048510699627188715,False,False,15,London|TLC1|TLC2|TLD3|TLD4|TLD6|TLE3|TLE4|TLF1|TLF2|TLG1|TLG2|TLH1|TLH2|TLJ1
uk,TLH3,Uni,,10,300,0.5,GBP,1126.5360599999999,0.12293368470723245,138.48922881136789,93.297921467817986,0.082818406601043906,True,11569815.085115692,59550368.388888225,2215441.2699999511,114747464.52544527,47980553.303772531,112532023.25544532,True,True,0.15285390668156615,False,False,15,London|TLC1|TLC2|TLD3|TLD4|TLD6|TLE3|TLE4|TLF1|TLF2|TLG1|TLG2|TLH1|TLH2|TLJ1
uk,TLH3,Uni,,10,500,0.5,GBP,1126.5360599999999,0.12293368470723245,138.48922881136789,93.297921467817986,0.082818406601043906,True,11569815.08511569,59550368.388888218,2215441.2699999511,114747464.52544534,47980553.303772524,112532023.25544539,True,True,0.25719711373594356,False,False,15,London|TLC1|TLC2|TLD3|TLD4|TLD6|TLE3|TLE4|TLF1|TLF2|TLG1|TLG2|TLH1|TLH2|TLJ1
uk,TLH3,Uni,,10,100,0.80000000000000004,GBP,1126.5360599999999,0.17494274056401779,197.07930568059075,93.297921467817986,0.082818406601043906,True,11559821.334776418,84734107.692314774,2215441.2699999847,84246881.456502348,73174286.357538357,82031440.186502367,True,True,0.048510699627188715,False,False,15,London|TLC1|TLC2|TLD3|TLD4|TLD6|TLE3|TLE4|TLF1|TLF2|TLG1|TLG2|TLH1|TLH2|TLJ1
uk,TLH3,Uni,,10,300,0.80000000000000004,GBP,1126.5360599999999,0.17494274056401779,197.07930568059075,93.297921467817986,0.082818406601043906,True,11569815.085115692,84744101.442654058,2215441.2699999511,165134930.63297695,73174286.357538372,162919489.362977,True,True,0.15285390668156615,False,False,15,London|TLC1|TLC2|TLD3|TLD4|TLD6|TLE3|TLE4|TLF1|TLF2|TLG1|TLG2|TLH1|TLH2|TLJ1
uk,TLH3,Uni,,10,500,0.80000000000000004,GBP,1126.5360599999999,0.17494274056401779,197.07930568059075,93.297921467817986,0.082818406601043906,True,11569815.08511569,84744101.442654058,2215441.2699999511,165134930.63297695,73174286.357538372,162919489.362977,True,True,0.25719711373594356,False,False,15,London|TLC1|TLC2|TLD3|TLD4|TLD6|TLE3|TLE4|TLF1|TLF2|TLG1|TLG2|TLH1|TLH2|TLJ1
uk,TLH3,Uni,,10,100,0.90000000000000002,GBP,1126.5360599999999,0.21236574984994022,239.23767511489723,93.297921467817986,0.082818406601043906,True,11559821.334776418,102862206.54906654,2215441.2699999847,102374980.31325412,91302385.214290127,100159539.04325414,True,True,0.048510699627188715,False,False,15,London|TLC1|TLC2|TLD3|TLD4|TLD6|TLE3|TLE4|TLF1|TLF2|TLG1|TLG2|TLH1|TLH2|TLJ1
uk,TLH3,Uni,,10,300,0.90000000000000002,GBP,1126.5360599999999,0.21236574984994022,239.23767511489723,93.297921467817986,0.082818406601043906,True,11569815.085115692,102872200.29940583,2215441.2699999511,188374980.31325415,91302385.214290142,186159539.0432542,True,True,0.15285390668156615,False,False,15,London|TLC1|TLC2|TLD3|TLD4|TLD6|TLE3|TLE4|TLF1|TLF2|TLG1|TLG2|TLH1|TLH2|TLJ1
uk,TLH3,Uni,,10,500,0.90000000000000002,GBP,1126.5360599999999,0.21236574984994022,239.23767511489723,93.297921467817986,0.082818406601043906,True,11569815.08511569,102872200.29940581,2215441.2699999511,201391128.34648046,91302385.214290127,199175687.07648051,True,True,0.25719711373594356,False,False,15,London|TLC1|TLC2|TLD3|TLD4|TLD6|TLE3|TLE4|TLF1|TLF2|TLG1|TLG2|TLH1|TLH2|TLJ1
uk,TLH3,Uni,,10,100,1,GBP,1126.5360599999999,0.24933723448265505,280.88738574538633,93.297921467817986,0.082818406601043906,True,11559821.334776418,120771582.12017682,2215441.2699999847,120284355.88436446,109211760.78540041,118068914.61436448,True,True,0.048510699627188715,False,False,15,London|TLC1|TLC2|TLD3|TLD4|TLD6|TLE3|TLE4|TLF1|TLF2|TLG1|TLG2|TLH1|TLH2|TLJ1
uk,TLH3,Uni,,10,300,1,GBP,1126.5360599999999,0.24933723448265505,280.88738574538633,93.297921467817986,0.082818406601043906,True,11569815.085115692,120781575.87051609,2215441.2699999511,206284355.88436443,109211760.78540041,204068914.61436448,True,True,0.15285390668156615,False,False,15,London|TLC1|TLC2|TLD3|TLD4|TLD6|TLE3|TLE4|TLF1|TLF2|TLG1|TLG2|TLH1|TLH2|TLJ1
uk,TLH3,Uni,,10,500,1,GBP,1126.5360599999999,0.24933723448265505,280.88738574538633,93.297921467817986,0.082818406601043906,True,11569815.08511569,120781575.87051609,2215441.2699999511,237209879.48870116,109211760.78540041,234994438.21870121,True,True,0.25719711373594356,False,False,15,London|TLC1|TLC2|TLD3|TLD4|TLD6|TLE3|TLE4|TLF1|TLF2|TLG1|TLG2|TLH1|TLH2|TLJ1
uk,TLH3,Uni,,20,100,0.5,GBP,1126.5360599999999,0.14754386595052682,166.21348542507462,152.14721892736418,0.13505756657923954,True,17488872.729843508,70177496.505054638,2703326.3650000431,59274723.032819524,52688623.775211126,56571396.667819485,True,True,0.043096604027188706,False,False,15,London|TLC1|TLC2|TLD3|TLD4|TLD6|TLE3|TLE4|TLF1|TLF2|TLG1|TLG2|TLH1|TLH2|TLJ1
uk,TLH3,Uni,,20,300,0.5,GBP,1126.5360599999999,0.14754386595052682,166.21348542507462,152.14721892736418,0.13505756657923954,True,18783174.95757097,71471798.732782125,1984426.7799999714,123699975.78567186,52688623.775211155,121715549.00567189,True,True,0.14743981108156617,False,False,15,London|TLC1|TLC2|TLD3|TLD4|TLD6|TLE3|TLE4|TLF1|TLF2|TLG1|TLG2|TLH1|TLH2|TLJ1
uk,TLH3,Uni,,20,500,0.5,GBP,1126.5360599999999,0.14754386595052682,166.21348542507462,152.14721892736418,0.13505756657923954,True,18783174.95757097,71471798.732782111,1984426.7799999714,134379795.79858547,52688623.775211141,132395369.0185855,True,True,0.25178301813594356,False,False,15,London|TLC1|TLC2|TLD3|TLD4|TLD6|TLE3|TLE4|TLF1|TLF2|TLG1|TLG2|TLH1|TLH2|TLJ1
uk,TLH3,Uni,,20,100,0.80000000000000004,GBP,1126.5360599999999,0.23857226541877538,268.76025991014143,152.14721892736418,0.13505756657923954,True,17488872.729843508,114272609.5336334,2703326.3650000431,103369836.06139827,96783736.803789884,100666509.69639823,True,True,0.043096604027188706,False,False,15,London|TLC1|TLC2|TLD3|TLD4|TLD6|TLE3|TLE4|TLF1|TLF2|TLG1|TLG2|TLH1|TLH2|TLJ1
uk,TLH3,Uni,,20,300,0.80000000000000004,GBP,1126.5360599999999,0.23857226541877538,268.76025991014143,152.14721892736418,0.13505756657923954,True,18783174.95757097,115566911.76136084,1984426.7799999714,167795088.81425056,96783736.803789869,165810662.03425059,True,True,0.14743981108156617,False,False,15,London|TLC1|TLC2|TLD3|TLD4|TLD6|TLE3|TLE4|TLF1|TLF2|TLG1|TLG2|TLH1|TLH2|TLJ1
uk,TLH3,Uni,,20,500,0.80000000000000004,GBP,1126.5360599999999,0.23857226541877538,268.76025991014143,152.14721892736418,0.13505756657923954,True,18783174.95757097,115566911.76136084,1984426.7799999714,222570021.85574293,96783736.803789869,220585595.07574296,True,True,0.25178301813594356,False,False,15,London|TLC1|TLC2|TLD3|TLD4|TLD6|TLE3|TLE4|TLF1|TLF2|TLG1|TLG2|TLH1|TLH2|TLJ1
uk,TLH3,Uni,,20,100,0.90000000000000002,GBP,1126.5360599999999,0.24986216011324433,281.47873339706342,152.14721892736418,0.13505756657923954,True,17488872.729843508,119741553.13300984,2703326.3650000431,108838779.66077471,102252680.40316632,106135453.29577467,True,True,0.043096604027188706,False,False,15,London|TLC1|TLC2|TLD3|TLD4|TLD6|TLE3|TLE4|TLF1|TLF2|TLG1|TLG2|TLH1|TLH2|TLJ1
uk,TLH3,Uni,,20,300,0.90000000000000002,GBP,1126.5360599999999,0.24986216011324433,281.47873339706342,152.14721892736418,0.13505756657923954,True,18783174.95757097,121035855.36073731,1984426.7799999714,173264032.41362706,102252680.40316634,171279605.63362709,True,True,0.14743981108156617,False,False,15,London|TLC1|TLC2|TLD3|TLD4|TLD6|TLE3|TLE4|TLF1|TLF2|TLG1|TLG2|TLH1|TLH2|TLJ1
uk,TLH3,Uni,,20,500,0.90000000000000002,GBP,1126.5360599999999,0.24986216011324433,281.47873339706342,152.14721892736418,0.13505756657923954,True,18783174.95757097,121035855.36073731,1984426.7799999714,233507909.05449587,102252680.40316634,231523482.2744959,True,True,0.25178301813594356,False,False,15,London|TLC1|TLC2|TLD3|TLD4|TLD6|TLE3|TLE4|TLF1|TLF2|TLG1|TLG2|TLH1|TLH2|TLJ1
uk,TLH3,Uni,,20,100,1,GBP,1126.5360599999999,0.26850458711315484,302.4800996583802,152.14721892736418,0.13505756657923954,True,17488872.729843508,128772140.62537602,2703326.3650000431,117869367.1531409,111283267.8955325,115166040.78814086,True,True,0.043096604027188706,False,False,15,London|TLC1|TLC2|TLD3|TLD4|TLD6|TLE3|TLE4|TLF1|TLF2|TLG1|TLG2|TLH1|TLH2|TLJ1
uk,TLH3,Uni,,20,300,1,GBP,1126.5360599999999,0.26850458711315484,302.4800996583802,152.14721892736418,0.13505756657923954,True,18783174.95757097,130066442.85310349,1984426.7799999714,182294619.90599328,111283267.89553252,180310193.12599331,True,True,0.14743981108156617,False,False,15,London|TLC1|TLC2|TLD3|TLD4|TLD6|TLE3|TLE4|TLF1|TLF2|TLG1|TLG2|TLH1|TLH2|TLJ1
uk,TLH3,Uni,,20,500,1,GBP,1126.5360599999999,0.26850458711315484,302.4800996583802,152.14721892736418,0.13505756657923954,True,18783174.95757097,130066442.85310349,1984426.7799999714,251569084.03922835,111283267.89553252,249584657.25922838,True,True,0.25178301813594356,False,False,15,London|TLC1|TLC2|TLD3|TLD4|TLD6|TLE3|TLE4|TLF1|TLF2|TLG1|TLG2|TLH1|TLH2|TLJ1
uk,TLH3,LU,,10,100,0.5,GBP,1126.5360599999999,0.10849186812696943,122.22000166179571,93.459457071877694,0.082961798019921082,True,10416211.757594807,52545968.891629055,2593247.2249999903,52570696.027788773,42129757.134034246,49977448.802788779,True,True,0.048510699627188715,False,False,15,London|TLC1|TLC2|TLD3|TLD4|TLD6|TLE3|TLE4|TLF1|TLF2|TLG1|TLG2|TLH1|TLH2|TLJ1
uk,TLH3,LU,,10,300,0.5,GBP,1126.5360599999999,0.10849186812696943,122.22000166179571,93.459457071877694,0.082961798019921082,True,10424843.580537913,52554600.714572176,2593247.2249999642,100457934.00338423,42129757.134034261,97864686.778384268,True,True,0.15285390668156615,False,False,15,London|TLC1|TLC2|TLD3|TLD4|TLD6|TLE3|TLE4|TLF1|TLF2|TLG1|TLG2|TLH1|TLH2|TLJ1
uk,TLH3,LU,,10,500,0.5,GBP,1126.5360599999999,0.10849186812696943,122.22000166179571,93.459457071877694,0.082961798019921082,True,10424843.580537913,52554600.714572176,2593247.224999994,100457934.00338428,42129757.134034261,97864686.778384283,True,True,0.25719711373594356,False,False,15,London|TLC1|TLC2|TLD3|TLD4|TLD6|TLE3|TLE4|TLF1|TLF2|TLG1|TLG2|TLH1|TLH2|TLJ1
uk,TLH3,LU,,10,100,0.80000000000000004,GBP,1126.5360599999999,0.13739328648395063,154.77849162608098,93.459457071877694,0.082961798019921082,True,10416211.757594807,66546119.576271728,2593247.2249999903,66570846.712431431,56129907.818676919,63977599.487431437,True,True,0.048510699627188715,False,False,15,London|TLC1|TLC2|TLD3|TLD4|TLD6|TLE3|TLE4|TLF1|TLF2|TLG1|TLG2|TLH1|TLH2|TLJ1
uk,TLH3,LU,,10,300,0.80000000000000004,GBP,1126.5360599999999,0.13739328648395063,154.77849162608098,93.459457071877694,0.082961798019921082,True,10424843.580537913,66554751.399214849,2593247.2249999642,128458235.37266961,56129907.818676934,125864988.14766964,True,True,0.15285390668156615,False,False,15,London|TLC1|TLC2|TLD3|TLD4|TLD6|TLE3|TLE4|TLF1|TLF2|TLG1|TLG2|TLH1|TLH2|TLJ1
uk,TLH3,LU,,10,500,0.80000000000000004,GBP,1126.5360599999999,0.13739328648395063,154.77849162608098,93.459457071877694,0.082961798019921082,True,10424843.580537913,66554751.399214827,2593247.224999994,128458235.37266953,56129907.818676911,125864988.14766954,True,True,0.25719711373594356,False,False,15,London|TLC1|TLC2|TLD3|TLD4|TLD6|TLE3|TLE4|TLF1|TLF2|TLG1|TLG2|TLH1|TLH2|TLJ1
uk,TLH3,LU,,10,100,0.90000000000000002,GBP,1126.5360599999999,0.14676574218776511,165.33690094718068,93.459457071877694,0.082961798019921082,True,10416211.757594807,71086235.584344611,2593247.2249999903,71110962.720504314,60670023.826749802,68517715.49550432,True,True,0.048510699627188715,False,False,15,London|TLC1|TLC2|TLD3|TLD4|TLD6|TLE3|TLE4|TLF1|TLF2|TLG1|TLG2|TLH1|TLH2|TLJ1
uk,TLH3,LU,,10,300,0.90000000000000002,GBP,1126.5360599999999,0.14676574218776511,165.33690094718068,93.459457071877694,0.082961798019921082,True,10424843.580537913,71094867.407287717,2593247.2249999642,137538467.38881531,60670023.826749802,134945220.16381535,True,True,0.15285390668156615,False,False,15,London|TLC1|TLC2|TLD3|TLD4|TLD6|TLE3|TLE4|TLF1|TLF2|TLG1|TLG2|TLH1|TLH2|TLJ1
uk,TLH3,LU,,10,500,0.90000000000000002,GBP,1126.5360599999999,0.14676574218776511,165.33690094718068,93.459457071877694,0.082961798019921082,True,10424843.580537913,71094867.407287717,2593247.224999994,137538467.38881531,60670023.826749802,134945220.16381532,True,True,0.25719711373594356,False,False,15,London|TLC1|TLC2|TLD3|TLD4|TLD6|TLE3|TLE4|TLF1|TLF2|TLG1|TLG2|TLH1|TLH2|TLJ1
uk,TLH3,LU,,10,100,1,GBP,1126.5360599999999,0.1844421380150226,207.78071945741976,93.459457071877694,0.082961798019921082,True,10416211.757594807,89337077.54374741,2593247.2249999903,89361804.679907128,78920865.786152601,86768557.454907134,True,True,0.048510699627188715,False,False,15,London|TLC1|TLC2|TLD3|TLD4|TLD6|TLE3|TLE4|TLF1|TLF2|TLG1|TLG2|TLH1|TLH2|TLJ1
uk,TLH3,LU,,10,300,1,GBP,1126.5360599999999,0.1844421380150226,207.78071945741976,93.459457071877694,0.082961798019921082,True,10424843.580537913,89345709.366690516,2593247.2249999642,174022710.9453921,78920865.786152601,171429463.72039214,True,True,0.15285390668156615,False,False,15,London|TLC1|TLC2|TLD3|TLD4|TLD6|TLE3|TLE4|TLF1|TLF2|TLG1|TLG2|TLH1|TLH2|TLJ1
uk,TLH3,LU,,10,500,1,GBP,1126.5360599999999,0.1844421380150226,207.78071945741976,93.459457071877694,0.082961798019921082,True,10424843.580537913,89345709.366690487,2593247.224999994,174040151.30762085,78920865.786152571,171446904.08262086,True,True,0.25719711373594356,False,False,15,London|TLC1|TLC2|TLD3|TLD4|TLD6|TLE3|TLE4|TLF1|TLF2|TLG1|TLG2|TLH1|TLH2|TLJ1
uk,TLH3,LU,,20,100,0.5,GBP,1126.5360599999999,0.13788554474506745,155.33303830806199,141.61439832294101,0.12570782538726813,True,15757189.378316645,65759766.942792386,1473468.1000000462,59019114.472076908,50002577.564475745,57545646.372076862,True,True,0.043096604027188706,False,False,15,London|TLC1|TLC2|TLD3|TLD4|TLD6|TLE3|TLE4|TLF1|TLF2|TLG1|TLG2|TLH1|TLH2|TLJ1
uk,TLH3,LU,,20,300,0.5,GBP,1126.5360599999999,0.13788554474506745,155.33303830806199,141.61439832294101,0.12570782538726813,True,16790628.907990929,66793206.472466677,2668180.3149999976,122265101.16331415,50002577.564475745,119596920.84831415,True,True,0.14743981108156617,False,False,15,London|TLC1|TLC2|TLD3|TLD4|TLD6|TLE3|TLE4|TLF1|TLF2|TLG1|TLG2|TLH1|TLH2|TLJ1
uk,TLH3,LU,,20,500,0.5,GBP,1126.5360599999999,0.13788554474506745,155.33303830806199,141.61439832294101,0.12570782538726813,True,16790628.907990929,66793206.472466677,2668180.3149999976,126102946.59857588,50002577.564475745,123434766.28357588,True,True,0.25178301813594356,False,False,15,London|TLC1|TLC2|TLD3|TLD4|TLD6|TLE3|TLE4|TLF1|TLF2|TLG1|TLG2|TLH1|TLH2|TLJ1
uk,TLH3,LU,,20,100,0.80000000000000004,GBP,1126.5360599999999,0.17919897807473806,201.87411071634179,141.61439832294101,0.12570782538726813,True,15757189.378316645,85772428.07835269,1473468.1000000462,79031775.607637227,70015238.700036049,77558307.507637173,True,True,0.043096604027188706,False,False,15,London|TLC1|TLC2|TLD3|TLD4|TLD6|TLE3|TLE4|TLF1|TLF2|TLG1|TLG2|TLH1|TLH2|TLJ1
uk,TLH3,LU,,20,300,0.80000000000000004,GBP,1126.5360599999999,0.17919897807473806,201.87411071634179,141.61439832294101,0.12570782538726813,True,16790628.907990929,86805867.608026981,2668180.3149999976,142277762.2988745,70015238.700036049,139609581.9838745,True,True,0.14743981108156617,False,False,15,London|TLC1|TLC2|TLD3|TLD4|TLD6|TLE3|TLE4|TLF1|TLF2|TLG1|TLG2|TLH1|TLH2|TLJ1
uk,TLH3,LU,,20,500,0.80000000000000004,GBP,1126.5360599999999,0.17919897807473806,201.87411071634179,141.61439832294101,0.12570782538726813,True,16790628.907990929,86805867.608026981,2668180.3149999976,166128268.86969653,70015238.700036049,163460088.55469653,True,True,0.25178301813594356,False,False,15,London|TLC1|TLC2|TLD3|TLD4|TLD6|TLE3|TLE4|TLF1|TLF2|TLG1|TLG2|TLH1|TLH2|TLJ1
uk,TLH3,LU,,20,100,0.90000000000000002,GBP,1126.5360599999999,0.19511675788751595,219.80606367057612,141.61439832294101,0.12570782538726813,True,15757189.378316645,93483167.848673448,1473468.1000000462,86742515.377958,77725978.470356807,85269047.277957946,True,True,0.043096604027188706,False,False,15,London|TLC1|TLC2|TLD3|TLD4|TLD6|TLE3|TLE4|TLF1|TLF2|TLG1|TLG2|TLH1|TLH2|TLJ1
uk,TLH3,LU,,20,300,0.90000000000000002,GBP,1126.5360599999999,0.19511675788751595,219.80606367057612,141.61439832294101,0.12570782538726813,True,16790628.907990929,94516607.37834774,2668180.3149999976,149988502.06919527,77725978.470356807,147320321.75419527,True,True,0.14743981108156617,False,False,15,London|TLC1|TLC2|TLD3|TLD4|TLD6|TLE3|TLE4|TLF1|TLF2|TLG1|TLG2|TLH1|TLH2|TLJ1
uk,TLH3,LU,,20,500,0.90000000000000002,GBP,1126.5360599999999,0.19511675788751595,219.80606367057612,141.61439832294101,0.12570782538726813,True,16790628.907990929,94516607.37834774,2668180.3149999976,181549748.41033801,77725978.470356807,178881568.09533802,True,True,0.25178301813594356,False,False,15,London|TLC1|TLC2|TLD3|TLD4|TLD6|TLE3|TLE4|TLF1|TLF2|TLG1|TLG2|TLH1|TLH2|TLJ1
uk,TLH3,LU,,20,100,1,GBP,1126.5360599999999,0.25279013454619531,284.77720217854073,141.61439832294101,0.12570782538726813,True,15757189.378316645,121420757.40709826,1473468.1000000462,114680104.93638277,105663568.02878162,113206636.83638272,True,True,0.043096604027188706,False,False,15,London|TLC1|TLC2|TLD3|TLD4|TLD6|TLE3|TLE4|TLF1|TLF2|TLG1|TLG2|TLH1|TLH2|TLJ1
uk,TLH3,LU,,20,300,1,GBP,1126.5360599999999,0.25279013454619531,284.77720217854073,141.61439832294101,0.12570782538726813,True,16790628.907990929,122454196.93677256,2668180.3149999976,177926091.62762004,105663568.02878162,175257911.31262004,True,True,0.14743981108156617,False,False,15,London|TLC1|TLC2|TLD3|TLD4|TLD6|TLE3|TLE4|TLF1|TLF2|TLG1|TLG2|TLH1|TLH2|TLJ1
uk,TLH3,LU,,20,500,1,GBP,1126.5360599999999,0.25279013454619531,284.77720217854073,141.61439832294101,0.12570782538726813,True,16790628.907990929,122454196.93677256,2668180.3149999976,237424927.52718759,105663568.02878162,234756747.21218759,True,True,0.25178301813594356,False,False,15,London|TLC1|TLC2|TLD3|TLD4|TLD6|TLE3|TLE4|TLF1|TLF2|TLG1|TLG2|TLH1|TLH2|TLJ1
uk,TLH3,GNN,42,10,100,0.5,GBP,1126.5360599999999,0.080475159033523869,90.658168585499382,86.658268836196186,0.076924540556825308,True,7296518.8093191143,38982442.559419572,3737120.3249999844,45747635.818589687,31685923.750100456,42010515.493589699,True,True,0.048510699627188715,False,False,15,London|TLC1|TLC2|TLD3|TLD4|TLD6|TLE3|TLE4|TLF1|TLF2|TLG1|TLG2|TLH1|TLH2|TLJ1
uk,TLH3,GNN,42,10,300,0.5,GBP,1126.5360599999999,0.080475159033523869,90.658168585499382,86.658268836196186,0.076924540556825308,True,7297088.7416642783,38983012.491764754,3737120.3249999732,71281016.109252885,31685923.750100475,67543895.784252912,True,True,0.15285390668156615,False,False,15,London|TLC1|TLC2|TLD3|TLD4|TLD6|TLE3|TLE4|TLF1|TLF2|TLG1|TLG2|TLH1|TLH2|TLJ1
uk,TLH3,GNN,42,10,500,0.5,GBP,1126.5360599999999,0.080475159033523869,90.658168585499382,86.658268836196186,0.076924540556825308,True,7297088.7416642765,38983012.491764762,3737120.3249999583,71281016.1092529,31685923.750100486,67543895.784252942,True,True,0.25719711373594356,False,False,15,London|TLC1|TLC2|TLD3|TLD4|TLD6|TLE3|TLE4|TLF1|TLF2|TLG1|TLG2|TLH1|TLH2|TLJ1
uk,TLH3,GNN,42,10,100,0.80000000000000004,GBP,1126.5360599999999,0.10481476329307282,118.07761047001087,86.658268836196186,0.076924540556825308,True,7296518.8093191143,50772802.569759503,3737120.3249999844,57537995.828929663,43476283.760440387,53800875.503929675,True,True,0.048510699627188715,False,False,15,London|TLC1|TLC2|TLD3|TLD4|TLD6|TLE3|TLE4|TLF1|TLF2|TLG1|TLG2|TLH1|TLH2|TLJ1
uk,TLH3,GNN,42,10,300,0.80000000000000004,GBP,1126.5360599999999,0.10481476329307282,118.07761047001087,86.658268836196186,0.076924540556825308,True,7297088.7416642783,50773372.502104677,3737120.3249999732,94861736.129932791,43476283.760440402,91124615.804932818,True,True,0.15285390668156615,False,False,15,London|TLC1|TLC2|TLD3|TLD4|TLD6|TLE3|TLE4|TLF1|TLF2|TLG1|TLG2|TLH1|TLH2|TLJ1
uk,TLH3,GNN,42,10,500,0.80000000000000004,GBP,1126.5360599999999,0.10481476329307282,118.07761047001087,86.658268836196186,0.076924540556825308,True,7297088.7416642765,50773372.502104677,3737120.3249999583,94861736.129932761,43476283.760440402,91124615.804932803,True,True,0.25719711373594356,False,False,15,London|TLC1|TLC2|TLD3|TLD4|TLD6|TLE3|TLE4|TLF1|TLF2|TLG1|TLG2|TLH1|TLH2|TLJ1
uk,TLH3,GNN,42,10,100,0.90000000000000002,GBP,1126.5360599999999,0.11761736880872931,132.50020724535278,86.658268836196186,0.076924540556825308,True,7296518.8093191143,56974519.183156535,3737120.3249999844,63739712.442326687,49678000.373837419,60002592.117326707,True,True,0.048510699627188715,False,False,15,London|TLC1|TLC2|TLD3|TLD4|TLD6|TLE3|TLE4|TLF1|TLF2|TLG1|TLG2|TLH1|TLH2|TLJ1
uk,TLH3,GNN,42,10,300,0.90000000000000002,GBP,1126.5360599999999,0.11761736880872931,132.50020724535278,86.658268836196186,0.076924540556825308,True,7297088.7416642783,56975089.115501709,3737120.3249999732,107265169.35672686,49678000.373837434,103528049.03172688,True,True,0.15285390668156615,False,False,15,London|TLC1|TLC2|TLD3|TLD4|TLD6|TLE3|TLE4|TLF1|TLF2|TLG1|TLG2|TLH1|TLH2|TLJ1
uk,TLH3,GNN,42,10,500,0.90000000000000002,GBP,1126.5360599999999,0.11761736880872931,132.50020724535278,86.658268836196186,0.076924540556825308,True,7297088.7416642765,56975089.115501709,3737120.3249999583,107265169.35672674,49678000.373837434,103528049.03172678,True,True,0.25719711373594356,False,False,15,London|TLC1|TLC2|TLD3|TLD4|TLD6|TLE3|TLE4|TLF1|TLF2|TLG1|TLG2|TLH1|TLH2|TLJ1
uk,TLH3,GNN,42,10,100,1,GBP,1126.5360599999999,0.1290144261103755,145.33940327354352,86.658268836196186,0.076924540556825308,True,7296518.8093191143,62495373.475278564,3737120.3249999844,69260566.734448686,55198854.665959448,65523446.409448698,True,True,0.048510699627188715,False,False,15,London|TLC1|TLC2|TLD3|TLD4|TLD6|TLE3|TLE4|TLF1|TLF2|TLG1|TLG2|TLH1|TLH2|TLJ1
uk,TLH3,GNN,42,10,300,1,GBP,1126.5360599999999,0.1290144261103755,145.33940327354352,86.658268836196186,0.076924540556825308,True,7297088.7416642783,62495943.407623731,3737120.3249999732,118306877.94097085,55198854.665959455,114569757.61597088,True,True,0.15285390668156615,False,False,15,London|TLC1|TLC2|TLD3|TLD4|TLD6|TLE3|TLE4|TLF1|TLF2|TLG1|TLG2|TLH1|TLH2|TLJ1
uk,TLH3,GNN,42,10,500,1,GBP,1126.5360599999999,0.1290144261103755,145.33940327354352,86.658268836196186,0.076924540556825308,True,7297088.7416642765,62495943.407623731,3737120.3249999583,118306877.94097081,55198854.665959455,114569757.61597085,True,True,0.25719711373594356,False,False,15,London|TLC1|TLC2|TLD3|TLD4|TLD6|TLE3|TLE4|TLF1|TLF2|TLG1|TLG2|TLH1|TLH2|TLJ1
uk,TLH3,GNN,42,20,100,0.5,GBP,1126.5360599999999,0.11143395583800558,125.53436955996079,92.179671819081562,0.081825762256630796,True,9619705.1964318007,53904426.934369892,3793126.9649999812,48201792.979432285,44284721.737938091,44408666.014432304,True,True,0.043096604027188706,False,False,15,London|TLC1|TLC2|TLD3|TLD4|TLD6|TLE3|TLE4|TLF1|TLF2|TLG1|TLG2|TLH1|TLH2|TLJ1
uk,TLH3,GNN,42,20,300,0.5,GBP,1126.5360599999999,0.11143395583800558,125.53436955996079,92.179671819081562,0.081825762256630796,True,9695057.1728450619,53979778.910783172,5519337.8849999905,100454924.20359971,44284721.737938106,94935586.318599716,True,True,0.14743981108156617,False,False,15,London|TLC1|TLC2|TLD3|TLD4|TLD6|TLE3|TLE4|TLF1|TLF2|TLG1|TLG2|TLH1|TLH2|TLJ1
uk,TLH3,GNN,42,20,500,0.5,GBP,1126.5360599999999,0.11143395583800558,125.53436955996079,92.179671819081562,0.081825762256630796,True,9695057.17284506,53979778.910783157,5519337.8850000203,100454924.20359974,44284721.737938099,94935586.318599716,True,True,0.25178301813594356,False,False,15,London|TLC1|TLC2|TLD3|TLD4|TLD6|TLE3|TLE4|TLF1|TLF2|TLG1|TLG2|TLH1|TLH2|TLJ1
uk,TLH3,GNN,42,20,100,0.80000000000000004,GBP,1126.5360599999999,0.13006400478392985,146.52179149710946,92.179671819081562,0.081825762256630796,True,9619705.1964318007,62929018.367343798,3793126.9649999812,57226384.412406221,53309313.170911998,53433257.44740624,True,True,0.043096604027188706,False,False,15,London|TLC1|TLC2|TLD3|TLD4|TLD6|TLE3|TLE4|TLF1|TLF2|TLG1|TLG2|TLH1|TLH2|TLJ1
uk,TLH3,GNN,42,20,300,0.80000000000000004,GBP,1126.5360599999999,0.13006400478392985,146.52179149710946,92.179671819081562,0.081825762256630796,True,9695057.1728450619,63004370.343757063,5519337.8849999905,118504107.06954761,53309313.170911998,112984769.18454762,True,True,0.14743981108156617,False,False,15,London|TLC1|TLC2|TLD3|TLD4|TLD6|TLE3|TLE4|TLF1|TLF2|TLG1|TLG2|TLH1|TLH2|TLJ1
uk,TLH3,GNN,42,20,500,0.80000000000000004,GBP,1126.5360599999999,0.13006400478392985,146.52179149710946,92.179671819081562,0.081825762256630796,True,9695057.17284506,63004370.343757063,5519337.8850000203,118504107.06954758,53309313.170912005,112984769.18454756,True,True,0.25178301813594356,False,False,15,London|TLC1|TLC2|TLD3|TLD4|TLD6|TLE3|TLE4|TLF1|TLF2|TLG1|TLG2|TLH1|TLH2|TLJ1
uk,TLH3,GNN,42,20,100,0.90000000000000002,GBP,1126.5360599999999,0.13835071718294606,155.85707183345033,92.179671819081562,0.081825762256630796,True,9619705.1964318007,66943188.911970377,3793126.9649999812,61240554.957032785,57323483.715538576,57447427.992032804,True,True,0.043096604027188706,False,False,15,London|TLC1|TLC2|TLD3|TLD4|TLD6|TLE3|TLE4|TLF1|TLF2|TLG1|TLG2|TLH1|TLH2|TLJ1
uk,TLH3,GNN,42,20,300,0.90000000000000002,GBP,1126.5360599999999,0.13835071718294606,155.85707183345033,92.179671819081562,0.081825762256630796,True,9695057.1728450619,67018540.888383649,5519337.8849999905,126532448.15880069,57323483.715538591,121013110.2738007,True,True,0.14743981108156617,False,False,15,London|TLC1|TLC2|TLD3|TLD4|TLD6|TLE3|TLE4|TLF1|TLF2|TLG1|TLG2|TLH1|TLH2|TLJ1
uk,TLH3,GNN,42,20,500,0.90000000000000002,GBP,1126.5360599999999,0.13835071718294606,155.85707183345033,92.179671819081562,0.081825762256630796,True,9695057.17284506,67018540.888383634,5519337.8850000203,126532448.15880075,57323483.715538576,121013110.27380073,True,True,0.25178301813594356,False,False,15,London|TLC1|TLC2|TLD3|TLD4|TLD6|TLE3|TLE4|TLF1|TLF2|TLG1|TLG2|TLH1|TLH2|TLJ1
uk,TLH3,GNN,42,20,100,1,GBP,1126.5360599999999,0.18426215839381918,207.57796592406896,92.179671819081562,0.081825762256630796,True,9619705.1964318007,89183173.370936379,3793126.9649999812,83480539.415998787,79563468.174504578,79687412.450998813,True,True,0.043096604027188706,False,False,15,London|TLC1|TLC2|TLD3|TLD4|TLD6|TLE3|TLE4|TLF1|TLF2|TLG1|TLG2|TLH1|TLH2|TLJ1
uk,TLH3,GNN,42,20,300,1,GBP,1126.5360599999999,0.18426215839381918,207.57796592406896,92.179671819081562,0.081825762256630796,True,9695057.1728450619,89258525.347349659,5519337.8849999905,168196477.53403118,79563468.174504593,162677139.64903119,True,True,0.14743981108156617,False,False,15,London|TLC1|TLC2|TLD3|TLD4|TLD6|TLE3|TLE4|TLF1|TLF2|TLG1|TLG2|TLH1|TLH2|TLJ1
uk,TLH3,GNN,42,20,500,1,GBP,1126.5360599999999,0.18426215839381918,207.57796592406896,92.179671819081562,0.081825762256630796,True,9695057.17284506,89258525.347349659,5519337.8850000203,171012417.07673272,79563468.174504593,165493079.1917327,True,True,0.25178301813594356,False,False,15,London|TLC1|TLC2|TLD3|TLD4|TLD6|TLE3|TLE4|TLF1|TLF2|TLG1|TLG2|TLH1|TLH2|TLJ1
uk,TLH3,GNN,123,10,100,0.5,GBP,1126.5360599999999,0.077646806699874185,87.471927691257861,87.374453276025989,0.077560280916374749,True,6823121.933565178,37610223.618712977,2936431.0849999972,43305465.440921918,30787101.6851478,40369034.355921924,True,True,0.048510699627188715,False,False,15,London|TLC1|TLC2|TLD3|TLD4|TLD6|TLE3|TLE4|TLF1|TLF2|TLG1|TLG2|TLH1|TLH2|TLJ1
uk,TLH3,GNN,123,10,300,0.5,GBP,1126.5360599999999,0.077646806699874185,87.471927691257861,87.374453276025989,0.077560280916374749,True,6825827.222093082,37612928.907240883,2936431.0849999636,66194283.914592765,30787101.6851478,63257852.829592802,True,True,0.15285390668156615,False,False,15,London|TLC1|TLC2|TLD3|TLD4|TLD6|TLE3|TLE4|TLF1|TLF2|TLG1|TLG2|TLH1|TLH2|TLJ1
uk,TLH3,GNN,123,10,500,0.5,GBP,1126.5360599999999,0.077646806699874185,87.471927691257861,87.374453276025989,0.077560280916374749,True,6825827.2220930811,37612928.907240883,2936431.0850000381,66194283.914592668,30787101.6851478,63257852.82959263,True,True,0.25719711373594356,False,False,15,London|TLC1|TLC2|TLD3|TLD4|TLD6|TLE3|TLE4|TLF1|TLF2|TLG1|TLG2|TLH1|TLH2|TLJ1
uk,TLH3,GNN,123,10,100,0.80000000000000004,GBP,1126.5360599999999,0.10761152358212096,121.22826178679962,87.374453276025989,0.077560280916374749,True,6823121.933565178,52125447.279795937,2936431.0849999972,57820689.102004871,45302325.34623076,54884258.017004877,True,True,0.048510699627188715,False,False,15,London|TLC1|TLC2|TLD3|TLD4|TLD6|TLE3|TLE4|TLF1|TLF2|TLG1|TLG2|TLH1|TLH2|TLJ1
uk,TLH3,GNN,123,10,300,0.80000000000000004,GBP,1126.5360599999999,0.10761152358212096,121.22826178679962,87.374453276025989,0.077560280916374749,True,6825827.222093082,52128152.568323851,2936431.0849999636,95224731.236758664,45302325.346230768,92288300.151758701,True,True,0.15285390668156615,False,False,15,London|TLC1|TLC2|TLD3|TLD4|TLD6|TLE3|TLE4|TLF1|TLF2|TLG1|TLG2|TLH1|TLH2|TLJ1
uk,TLH3,GNN,123,10,500,0.80000000000000004,GBP,1126.5360599999999,0.10761152358212096,121.22826178679962,87.374453276025989,0.077560280916374749,True,6825827.2220930811,52128152.568323851,2936431.0850000381,95224731.236758679,45302325.346230768,92288300.151758641,True,True,0.25719711373594356,False,False,15,London|TLC1|TLC2|TLD3|TLD4|TLD6|TLE3|TLE4|TLF1|TLF2|TLG1|TLG2|TLH1|TLH2|TLJ1
uk,TLH3,GNN,123,10,100,0.90000000000000002,GBP,1126.5360599999999,0.11442878970122268,128.90815790058397,87.374453276025989,0.077560280916374749,True,6823121.933565178,55427802.608723216,2936431.0849999972,61123044.430932142,48604680.675158039,58186613.345932141,True,True,0.048510699627188715,False,False,15,London|TLC1|TLC2|TLD3|TLD4|TLD6|TLE3|TLE4|TLF1|TLF2|TLG1|TLG2|TLH1|TLH2|TLJ1
uk,TLH3,GNN,123,10,300,0.90000000000000002,GBP,1126.5360599999999,0.11442878970122268,128.90815790058397,87.374453276025989,0.077560280916374749,True,6825827.222093082,55430507.897251129,2936431.0849999636,101829441.89461322,48604680.675158046,98893010.809613258,True,True,0.15285390668156615,False,False,15,London|TLC1|TLC2|TLD3|TLD4|TLD6|TLE3|TLE4|TLF1|TLF2|TLG1|TLG2|TLH1|TLH2|TLJ1
uk,TLH3,GNN,123,10,500,0.90000000000000002,GBP,1126.5360599999999,0.11442878970122268,128.90815790058397,87.374453276025989,0.077560280916374749,True,6825827.2220930811,55430507.897251129,2936431.0850000381,101829441.89461315,48604680.675158046,98893010.809613109,True,True,0.25719711373594356,False,False,15,London|TLC1|TLC2|TLD3|TLD4|TLD6|TLE3|TLE4|TLF1|TLF2|TLG1|TLG2|TLH1|TLH2|TLJ1
uk,TLH3,GNN,123,10,100,1,GBP,1126.5360599999999,0.11859490231483208,133.60143398983581,87.374453276025989,0.077560280916374749,True,6823121.933565178,57445911.327101506,2936431.0849999972,63141153.149310447,50622789.393536329,60204722.064310446,True,True,0.048510699627188715,False,False,15,London|TLC1|TLC2|TLD3|TLD4|TLD6|TLE3|TLE4|TLF1|TLF2|TLG1|TLG2|TLH1|TLH2|TLJ1
uk,TLH3,GNN,123,10,300,1,GBP,1126.5360599999999,0.11859490231483208,133.60143398983581,87.374453276025989,0.077560280916374749,True,6825827.222093082,57448616.615629427,2936431.0849999636,105865659.3313698,50622789.393536344,102929228.24636984,True,True,0.15285390668156615,False,False,15,London|TLC1|TLC2|TLD3|TLD4|TLD6|TLE3|TLE4|TLF1|TLF2|TLG1|TLG2|TLH1|TLH2|TLJ1
uk,TLH3,GNN,123,10,500,1,GBP,1126.5360599999999,0.11859490231483208,133.60143398983581,87.374453276025989,0.077560280916374749,True,6825827.2220930811,57448616.615629427,2936431.0850000381,105865659.33136985,50622789.393536344,102929228.24636981,True,True,0.25719711373594356,False,False,15,London|TLC1|TLC2|TLD3|TLD4|TLD6|TLE3|TLE4|TLF1|TLF2|TLG1|TLG2|TLH1|TLH2|TLJ1
uk,TLH3,GNN,123,20,100,0.5,GBP,1126.5360599999999,0.10479265204263445,118.05270134906036,95.425891738057459,0.084707356583026264,True,9064242.3948142622,50674956.404850647,3072200.1449999772,44634331.903818168,41610714.010036387,41562131.758818194,True,True,0.043096604027188706,False,False,15,London|TLC1|TLC2|TLD3|TLD4|TLD6|TLE3|TLE4|TLF1|TLF2|TLG1|TLG2|TLH1|TLH2|TLJ1
uk,TLH3,GNN,123,20,300,0.5,GBP,1126.5360599999999,0.10479265204263445,118.05270134906036,95.425891738057459,0.084707356583026264,True,9151947.5700595751,50762661.580095977,4043602.6099999696,94303135.832641631,41610714.010036401,90259533.222641662,True,True,0.14743981108156617,False,False,15,London|TLC1|TLC2|TLD3|TLD4|TLD6|TLE3|TLE4|TLF1|TLF2|TLG1|TLG2|TLH1|TLH2|TLJ1
uk,TLH3,GNN,123,20,500,0.5,GBP,1126.5360599999999,0.10479265204263445,118.05270134906036,95.425891738057459,0.084707356583026264,True,9151947.5700595751,50762661.580095977,4043602.6100000143,94303135.832641631,41610714.010036401,90259533.222641617,True,True,0.25178301813594356,False,False,15,London|TLC1|TLC2|TLD3|TLD4|TLD6|TLE3|TLE4|TLF1|TLF2|TLG1|TLG2|TLH1|TLH2|TLJ1
uk,TLH3,GNN,123,20,100,0.80000000000000004,GBP,1126.5360599999999,0.12726181798483485,143.36502702107299,95.425891738057459,0.084707356583026264,True,9064242.3948142622,61559256.443816058,3072200.1449999772,55518631.942783594,52495014.049001798,52446431.797783613,True,True,0.043096604027188706,False,False,15,London|TLC1|TLC2|TLD3|TLD4|TLD6|TLE3|TLE4|TLF1|TLF2|TLG1|TLG2|TLH1|TLH2|TLJ1
uk,TLH3,GNN,123,20,300,0.80000000000000004,GBP,1126.5360599999999,0.12726181798483485,143.36502702107299,95.425891738057459,0.084707356583026264,True,9151947.5700595751,61646961.619061403,4043602.6099999696,116071735.91057248,52495014.049001828,112028133.30057251,True,True,0.14743981108156617,False,False,15,London|TLC1|TLC2|TLD3|TLD4|TLD6|TLE3|TLE4|TLF1|TLF2|TLG1|TLG2|TLH1|TLH2|TLJ1
uk,TLH3,GNN,123,20,500,0.80000000000000004,GBP,1126.5360599999999,0.12726181798483485,143.36502702107299,95.425891738057459,0.084707356583026264,True,9151947.5700595751,61646961.619061403,4043602.6100000143,116071735.91057245,52495014.049001828,112028133.30057244,True,True,0.25178301813594356,False,False,15,London|TLC1|TLC2|TLD3|TLD4|TLD6|TLE3|TLE4|TLF1|TLF2|TLG1|TLG2|TLH1|TLH2|TLJ1
uk,TLH3,GNN,123,20,100,0.90000000000000002,GBP,1126.5360599999999,0.1489971008547481,167.85060694833055,95.425891738057459,0.084707356583026264,True,9064242.3948142622,72088055.812536806,3072200.1449999772,66047431.311504349,63023813.417722546,62975231.166504368,True,True,0.043096604027188706,False,False,15,London|TLC1|TLC2|TLD3|TLD4|TLD6|TLE3|TLE4|TLF1|TLF2|TLG1|TLG2|TLH1|TLH2|TLJ1
uk,TLH3,GNN,123,20,300,0.90000000000000002,GBP,1126.5360599999999,0.1489971008547481,167.85060694833055,95.425891738057459,0.084707356583026264,True,9151947.5700595751,72175760.987782136,4043602.6099999696,137129334.64801395,63023813.41772256,133085732.03801398,True,True,0.14743981108156617,False,False,15,London|TLC1|TLC2|TLD3|TLD4|TLD6|TLE3|TLE4|TLF1|TLF2|TLG1|TLG2|TLH1|TLH2|TLJ1
uk,TLH3,GNN,123,20,500,0.90000000000000002,GBP,1126.5360599999999,0.1489971008547481,167.85060694833055,95.425891738057459,0.084707356583026264,True,9151947.5700595751,72175760.987782136,4043602.6100000143,137129334.64801401,63023813.41772256,133085732.03801399,True,True,0.25178301813594356,False,False,15,London|TLC1|TLC2|TLD3|TLD4|TLD6|TLE3|TLE4|TLF1|TLF2|TLG1|TLG2|TLH1|TLH2|TLJ1
uk,TLH3,GNN,123,20,100,1,GBP,1126.5360599999999,0.16208594624878639,182.59566326847957,95.425891738057459,0.084707356583026264,True,9064242.3948142622,78428430.030200914,3072200.1449999772,72387805.529168427,69364187.635386646,69315605.384168446,True,True,0.043096604027188706,False,False,15,London|TLC1|TLC2|TLD3|TLD4|TLD6|TLE3|TLE4|TLF1|TLF2|TLG1|TLG2|TLH1|TLH2|TLJ1
uk,TLH3,GNN,123,20,300,1,GBP,1126.5360599999999,0.16208594624878639,182.59566326847957,95.425891738057459,0.084707356583026264,True,9151947.5700595751,78516135.205446243,4043602.6099999696,149810083.08334211,69364187.635386676,145766480.47334212,True,True,0.14743981108156617,False,False,15,London|TLC1|TLC2|TLD3|TLD4|TLD6|TLE3|TLE4|TLF1|TLF2|TLG1|TLG2|TLH1|TLH2|TLJ1
uk,TLH3,GNN,123,20,500,1,GBP,1126.5360599999999,0.16208594624878639,182.59566326847957,95.425891738057459,0.084707356583026264,True,9151947.5700595751,78516135.205446243,4043602.6100000143,149810083.08334213,69364187.635386676,145766480.47334212,True,True,0.25178301813594356,False,False,15,London|TLC1|TLC2|TLD3|TLD4|TLD6|TLE3|TLE4|TLF1|TLF2|TLG1|TLG2|TLH1|TLH2|TLJ1
uk,TLH3,GNN,456,10,100,0.5,GBP,1126.5360599999999,0.081310349382180944,91.599040630225545,84.523083152949241,0.075029185619632316,True,6993359.7969348747,39385802.574482098,2103990.8599999882,45606663.500897631,32392442.777547225,43502672.640897647,True,True,0.048510699627188715,False,False,15,London|TLC1|TLC2|TLD3|TLD4|TLD6|TLE3|TLE4|TLF1|TLF2|TLG1|TLG2|TLH1|TLH2|TLJ1
uk,TLH3,GNN,456,10,300,0.5,GBP,1126.5360599999999,0.081310349382180944,91.599040630225545,84.523083152949241,0.075029185619632316,True,6995144.6934497571,39387587.470996976,2103990.8599999547,72505393.741526976,32392442.777547218,70401402.881527022,True,True,0.15285390668156615,False,False,15,London|TLC1|TLC2|TLD3|TLD4|TLD6|TLE3|TLE4|TLF1|TLF2|TLG1|TLG2|TLH1|TLH2|TLJ1
uk,TLH3,GNN,456,10,500,0.5,GBP,1126.5360599999999,0.081310349382180944,91.599040630225545,84.523083152949241,0.075029185619632316,True,6995144.6934497561,39387587.470996991,2103990.8599999845,72505393.741527081,32392442.777547233,70401402.881527096,True,True,0.25719711373594356,False,False,15,London|TLC1|TLC2|TLD3|TLD4|TLD6|TLE3|TLE4|TLF1|TLF2|TLG1|TLG2|TLH1|TLH2|TLJ1
uk,TLH3,GNN,456,10,100,0.80000000000000004,GBP,1126.5360599999999,0.10976070553265407,123.64939275357631,84.523083152949241,0.075029185619632316,True,6993359.7969348747,53167453.987522937,2103990.8599999882,59388314.913938463,46174094.190588064,57284324.053938478,True,True,0.048510699627188715,False,False,15,London|TLC1|TLC2|TLD3|TLD4|TLD6|TLE3|TLE4|TLF1|TLF2|TLG1|TLG2|TLH1|TLH2|TLJ1
uk,TLH3,GNN,456,10,300,0.80000000000000004,GBP,1126.5360599999999,0.10976070553265407,123.64939275357631,84.523083152949241,0.075029185619632316,True,6995144.6934497571,53169238.884037837,2103990.8599999547,100068696.56760862,46174094.190588079,97964705.70760867,True,True,0.15285390668156615,False,False,15,London|TLC1|TLC2|TLD3|TLD4|TLD6|TLE3|TLE4|TLF1|TLF2|TLG1|TLG2|TLH1|TLH2|TLJ1
uk,TLH3,GNN,456,10,500,0.80000000000000004,GBP,1126.5360599999999,0.10976070553265407,123.64939275357631,84.523083152949241,0.075029185619632316,True,6995144.6934497561,53169238.88403783,2103990.8599999845,100068696.56760862,46174094.190588072,97964705.70760864,True,True,0.25719711373594356,False,False,15,London|TLC1|TLC2|TLD3|TLD4|TLD6|TLE3|TLE4|TLF1|TLF2|TLG1|TLG2|TLH1|TLH2|TLJ1
uk,TLH3,GNN,456,10,100,0.90000000000000002,GBP,1126.5360599999999,0.11634754585348168,131.06970589645059,84.523083152949241,0.075029185619632316,True,6993359.7969348747,56358188.638958864,2103990.8599999882,62579049.565374389,49364828.842023991,60475058.705374405,True,True,0.048510699627188715,False,False,15,London|TLC1|TLC2|TLD3|TLD4|TLD6|TLE3|TLE4|TLF1|TLF2|TLG1|TLG2|TLH1|TLH2|TLJ1
uk,TLH3,GNN,456,10,300,0.90000000000000002,GBP,1126.5360599999999,0.11634754585348168,131.06970589645059,84.523083152949241,0.075029185619632316,True,6995144.6934497571,56359973.535473771,2103990.8599999547,106450165.87048055,49364828.842024013,104346175.0104806,True,True,0.15285390668156615,False,False,15,London|TLC1|TLC2|TLD3|TLD4|TLD6|TLE3|TLE4|TLF1|TLF2|TLG1|TLG2|TLH1|TLH2|TLJ1
uk,TLH3,GNN,456,10,500,0.90000000000000002,GBP,1126.5360599999999,0.11634754585348168,131.06970589645059,84.523083152949241,0.075029185619632316,True,6995144.6934497561,56359973.535473771,2103990.8599999845,106450165.87048049,49364828.842024013,104346175.01048051,True,True,0.25719711373594356,False,False,15,London|TLC1|TLC2|TLD3|TLD4|TLD6|TLE3|TLE4|TLF1|TLF2|TLG1|TLG2|TLH1|TLH2|TLJ1
uk,TLH3,GNN,456,10,100,1,GBP,1126.5360599999999,0.13218543938455474,148.91166407364511,84.523083152949241,0.075029185619632316,True,6993359.7969348747,64030230.655152529,2103990.8599999882,70251091.581568033,57036870.858217657,68147100.721568048,True,True,0.048510699627188715,False,False,15,London|TLC1|TLC2|TLD3|TLD4|TLD6|TLE3|TLE4|TLF1|TLF2|TLG1|TLG2|TLH1|TLH2|TLJ1
uk,TLH3,GNN,456,10,300,1,GBP,1126.5360599999999,0.13218543938455474,148.91166407364511,84.523083152949241,0.075029185619632316,True,6995144.6934497571,64032015.551667422,2103990.8599999547,121794249.90286787,57036870.858217664,119690259.04286791,True,True,0.15285390668156615,False,False,15,London|TLC1|TLC2|TLD3|TLD4|TLD6|TLE3|TLE4|TLF1|TLF2|TLG1|TLG2|TLH1|TLH2|TLJ1
uk,TLH3,GNN,456,10,500,1,GBP,1126.5360599999999,0.13218543938455474,148.91166407364511,84.523083152949241,0.075029185619632316,True,6995144.6934497561,64032015.551667422,2103990.8599999845,121794249.90286784,57036870.858217664,119690259.04286785,True,True,0.25719711373594356,False,False,15,London|TLC1|TLC2|TLD3|TLD4|TLD6|TLE3|TLE4|TLF1|TLF2|TLG1|TLG2|TLH1|TLH2|TLJ1
uk,TLH3,GNN,456,20,100,0.5,GBP,1126.5360599999999,0.11455621107299449,129.05170267069957,83.219743383610535,0.073872241056900156,True,8454230.5369564723,55459122.030398361,4022290.9499999844,52190723.558196999,47004891.493441887,48168432.608197019,True,True,0.043096604027188706,False,False,15,London|TLC1|TLC2|TLD3|TLD4|TLD6|TLE3|TLE4|TLF1|TLF2|TLG1|TLG2|TLH1|TLH2|TLJ1
uk,TLH3,GNN,456,20,300,0.5,GBP,1126.5360599999999,0.11455621107299449,129.05170267069957,83.219743383610535,0.073872241056900156,True,8487340.6549589168,55492232.148400821,4022290.9499999881,105726089.49395828,47004891.493441902,101703798.54395829,True,True,0.14743981108156617,False,False,15,London|TLC1|TLC2|TLD3|TLD4|TLD6|TLE3|TLE4|TLF1|TLF2|TLG1|TLG2|TLH1|TLH2|TLJ1
uk,TLH3,GNN,456,20,500,0.5,GBP,1126.5360599999999,0.11455621107299449,129.05170267069957,83.219743383610535,0.073872241056900156,True,8487340.6549589168,55492232.148400806,4022290.9499999881,105726089.49395826,47004891.493441887,101703798.54395828,True,True,0.25178301813594356,False,False,15,London|TLC1|TLC2|TLD3|TLD4|TLD6|TLE3|TLE4|TLF1|TLF2|TLG1|TLG2|TLH1|TLH2|TLJ1
uk,TLH3,GNN,456,20,100,0.80000000000000004,GBP,1126.5360599999999,0.15453254388651785,174.08648313169491,83.219743383610535,0.073872241056900156,True,8454230.5369564723,74824077.628626347,4022290.9499999844,71555679.156424969,66369847.091669872,67533388.206424981,True,True,0.043096604027188706,False,False,15,London|TLC1|TLC2|TLD3|TLD4|TLD6|TLE3|TLE4|TLF1|TLF2|TLG1|TLG2|TLH1|TLH2|TLJ1
uk,TLH3,GNN,456,20,300,0.80000000000000004,GBP,1126.5360599999999,0.15453254388651785,174.08648313169491,83.219743383610535,0.073872241056900156,True,8487340.6549589168,74857187.746628821,4022290.9499999881,144456000.69041422,66369847.091669902,140433709.74041423,True,True,0.14743981108156617,False,False,15,London|TLC1|TLC2|TLD3|TLD4|TLD6|TLE3|TLE4|TLF1|TLF2|TLG1|TLG2|TLH1|TLH2|TLJ1
uk,TLH3,GNN,456,20,500,0.80000000000000004,GBP,1126.5360599999999,0.15453254388651785,174.08648313169491,83.219743383610535,0.073872241056900156,True,8487340.6549589168,74857187.746628821,4022290.9499999881,144456000.69041425,66369847.091669902,140433709.74041426,True,True,0.25178301813594356,False,False,15,London|TLC1|TLC2|TLD3|TLD4|TLD6|TLE3|TLE4|TLF1|TLF2|TLG1|TLG2|TLH1|TLH2|TLJ1
uk,TLH3,GNN,456,20,100,0.90000000000000002,GBP,1126.5360599999999,0.15691380366206784,176.76905813707947,83.219743383610535,0.073872241056900156,True,8454230.5369564723,75977584.880941719,4022290.9499999844,72709186.408740371,67523354.343985245,68686895.458740383,True,True,0.043096604027188706,False,False,15,London|TLC1|TLC2|TLD3|TLD4|TLD6|TLE3|TLE4|TLF1|TLF2|TLG1|TLG2|TLH1|TLH2|TLJ1
uk,TLH3,GNN,456,20,300,0.90000000000000002,GBP,1126.5360599999999,0.15691380366206784,176.76905813707947,83.219743383610535,0.073872241056900156,True,8487340.6549589168,76010694.998944178,4022290.9499999881,146763015.19504493,67523354.34398526,142740724.24504495,True,True,0.14743981108156617,False,False,15,London|TLC1|TLC2|TLD3|TLD4|TLD6|TLE3|TLE4|TLF1|TLF2|TLG1|TLG2|TLH1|TLH2|TLJ1
uk,TLH3,GNN,456,20,500,0.90000000000000002,GBP,1126.5360599999999,0.15691380366206784,176.76905813707947,83.219743383610535,0.073872241056900156,True,8487340.6549589168,76010694.998944178,4022290.9499999881,146763015.19504493,67523354.34398526,142740724.24504495,True,True,0.25178301813594356,False,False,15,London|TLC1|TLC2|TLD3|TLD4|TLD6|TLE3|TLE4|TLF1|TLF2|TLG1|TLG2|TLH1|TLH2|TLJ1
uk,TLH3,GNN,456,20,100,1,GBP,1126.5360599999999,0.17087764559264457,192.49982960801415,83.219743383610535,0.073872241056900156,True,8454230.5369564723,82741816.613443628,4022290.9499999844,79473418.141242266,74287586.076487154,75451127.191242278,True,True,0.043096604027188706,False,False,15,London|TLC1|TLC2|TLD3|TLD4|TLD6|TLE3|TLE4|TLF1|TLF2|TLG1|TLG2|TLH1|TLH2|TLJ1
uk,TLH3,GNN,456,20,300,1,GBP,1126.5360599999999,0.17087764559264457,192.49982960801415,83.219743383610535,0.073872241056900156,True,8487340.6549589168,82774926.731446072,4022290.9499999881,160291478.66004881,74287586.076487154,156269187.71004882,True,True,0.14743981108156617,False,False,15,London|TLC1|TLC2|TLD3|TLD4|TLD6|TLE3|TLE4|TLF1|TLF2|TLG1|TLG2|TLH1|TLH2|TLJ1
uk,TLH3,GNN,456,20,500,1,GBP,1126.5360599999999,0.17087764559264457,192.49982960801415,83.219743383610535,0.073872241056900156,True,8487340.6549589168,82774926.731446072,4022290.9499999881,160291478.66004878,74287586.076487154,156269187.71004879,True,True,0.25178301813594356,False,False,15,London|TLC1|TLC2|TLD3|TLD4|TLD6|TLE3|TLE4|TLF1|TLF2|TLG1|TLG2|TLH1|TLH2|TLJ1
uk,TLJ1,Uni,,10,100,0.5,GBP,2122.0814900775804,0.12293368470723245,260.87529682425128,246.19564179259868,0.11601611104180458,True,10432731.887578683,98307012.311726138,378615.00000000087,87125720.566310659,87874280.424147457,86747105.566310659,True,True,0.054077807590460235,False,False,15,London|TLC1|TLC2|TLD3|TLD4|TLD6|TLE3|TLE4|TLF1|TLF2|TLG1|TLG2|TLH1|TLH2|TLH3
uk,TLJ1,Uni,,10,300,0.5,GBP,2122.0814900775804,0.12293368470723245,260.87529682425128,246.19564179259868,0.11601611104180458,True,20092831.387112491,111660199.37048611,11564779.623941675,135563151.73761788,91567367.983373612,123998372.11367621,True,True,0.16098183673907068,False,False,15,London|TLC1|TLC2|TLD3|TLD4|TLD6|TLE3|TLE4|TLF1|TLF2|TLG1|TLG2|TLH1|TLH2|TLH3
uk,TLJ1,Uni,,10,500,0.5,GBP,2122.0814900775804,0.12293368470723245,260.87529682425128,246.19564179259868,0.11601611104180458,True,20609009.65105442,112176377.63442804,27521136.183041751,199366297.51348835,91567367.983373612,171845161.3304466,True,True,0.26788586588768121,False,False,15,London|TLC1|TLC2|TLD3|TLD4|TLD6|TLE3|TLE4|TLF1|TLF2|TLG1|TLG2|TLH1|TLH2|TLH3
uk,TLJ1,Uni,,10,100,0.80000000000000004,GBP,2122.0814900775804,0.17494274056401779,371.24275157434641,246.19564179259868,0.11601611104180458,True,10432731.887578683,145628160.2806977,378615.00000000087,134583726.10885155,135195428.39311901,134205111.10885155,True,True,0.054077807590460235,False,False,15,London|TLC1|TLC2|TLD3|TLD4|TLD6|TLE3|TLE4|TLF1|TLF2|TLG1|TLG2|TLH1|TLH2|TLH3
uk,TLJ1,Uni,,10,300,0.80000000000000004,GBP,2122.0814900775804,0.17494274056401779,371.24275157434641,246.19564179259868,0.11601611104180458,True,20092831.387112491,159118204.91302708,11564779.623941675,183021157.28015873,139025373.52591458,171456377.65621704,True,True,0.16098183673907068,False,False,15,London|TLC1|TLC2|TLD3|TLD4|TLD6|TLE3|TLE4|TLF1|TLF2|TLG1|TLG2|TLH1|TLH2|TLH3
uk,TLJ1,Uni,,10,500,0.80000000000000004,GBP,2122.0814900775804,0.17494274056401779,371.24275157434641,246.19564179259868,0.11601611104180458,True,20609009.65105442,159634383.17696899,27521136.183041751,257381453.33803338,139025373.52591458,229860317.15499163,True,True,0.26788586588768121,False,False,15,London|TLC1|TLC2|TLD3|TLD4|TLD6|TLE3|TLE4|TLF1|TLF2|TLG1|TLG2|TLH1|TLH2|TLH3
uk,TLJ1,Uni,,10,100,0.90000000000000002,GBP,2122.0814900775804,0.21236574984994022,450.65742688300384,246.19564179259868,0.11601611104180458,True,10432731.887578683,179776470.66342035,378615.00000000087,168732036.49157423,169343738.77584165,168353421.49157423,True,True,0.054077807590460235,False,False,15,London|TLC1|TLC2|TLD3|TLD4|TLD6|TLE3|TLE4|TLF1|TLF2|TLG1|TLG2|TLH1|TLH2|TLH3
uk,TLJ1,Uni,,10,300,0.90000000000000002,GBP,2122.0814900775804,0.21236574984994022,450.65742688300384,246.19564179259868,0.11601611104180458,True,20092831.387112491,193266515.29574972,11564779.623941675,217169467.66288143,173173683.90863723,205604688.03893977,True,True,0.16098183673907068,False,False,15,London|TLC1|TLC2|TLD3|TLD4|TLD6|TLE3|TLE4|TLF1|TLF2|TLG1|TLG2|TLH1|TLH2|TLH3
uk,TLJ1,Uni,,10,500,0.90000000000000002,GBP,2122.0814900775804,0.21236574984994022,450.65742688300384,246.19564179259868,0.11601611104180458,True,20609009.65105442,193782693.55969158,27521136.183041751,291529763.72075611,173173683.90863717,264008627.53771436,True,True,0.26788586588768121,False,False,15,London|TLC1|TLC2|TLD3|TLD4|TLD6|TLE3|TLE4|TLF1|TLF2|TLG1|TLG2|TLH1|TLH2|TLH3
uk,TLJ1,Uni,,10,100,1,GBP,2122.0814900775804,0.24933723448265505,529.11393008277571,246.19564179259868,0.11601611104180458,True,10432731.887578683,213512767.03932226,378615.00000000087,202468332.86747614,203080035.15174356,202089717.86747614,True,True,0.054077807590460235,False,False,15,London|TLC1|TLC2|TLD3|TLD4|TLD6|TLE3|TLE4|TLF1|TLF2|TLG1|TLG2|TLH1|TLH2|TLH3
uk,TLJ1,Uni,,10,300,1,GBP,2122.0814900775804,0.24933723448265505,529.11393008277571,246.19564179259868,0.11601611104180458,True,20092831.387112491,227002811.67165166,11564779.623941675,250905764.03878337,206909980.28453916,239340984.41484171,True,True,0.16098183673907068,False,False,15,London|TLC1|TLC2|TLD3|TLD4|TLD6|TLE3|TLE4|TLF1|TLF2|TLG1|TLG2|TLH1|TLH2|TLH3
uk,TLJ1,Uni,,10,500,1,GBP,2122.0814900775804,0.24933723448265505,529.11393008277571,246.19564179259868,0.11601611104180458,True,20609009.65105442,227518989.93559358,27521136.183041751,325266060.09665799,206909980.28453916,297744923.91361624,True,True,0.26788586588768121,False,False,15,London|TLC1|TLC2|TLD3|TLD4|TLD6|TLE3|TLE4|TLF1|TLF2|TLG1|TLG2|TLH1|TLH2|TLH3
uk,TLJ1,Uni,,20,100,0.5,GBP,2122.0814900775804,0.14713702450424426,312.23675620554815,340.61004516228923,0.16050752374727936,False,11904927.03057923,79284031.953852043,0,108068554.50095817,67379104.923272818,108068554.50095817,True,True,0.043932380432551724,True,False,15,London|TLC1|TLC2|TLD3|TLD4|TLD6|TLE3|TLE4|TLF1|TLF2|TLG1|TLG2|TLH1|TLH2|TLH3
uk,TLJ1,Uni,,20,300,0.5,GBP,2122.0814900775804,0.14713702450424426,312.23675620554815,340.61004516228923,0.16050752374727936,False,22046126.987248827,113728499.33060339,4145658.2292705663,60092192.949955389,91682372.343354568,55946534.720684826,True,True,0.14831682919118933,False,False,15,London|TLC1|TLC2|TLD3|TLD4|TLD6|TLE3|TLE4|TLF1|TLF2|TLG1|TLG2|TLH1|TLH2|TLH3
uk,TLJ1,Uni,,20,500,0.5,GBP,2122.0814900775804,0.14713702450424426,312.23675620554815,340.61004516228923,0.16050752374727936,False,33423985.805802114,127966431.6207625,51772429.449166998,140761632.63618177,94542445.81496039,88989203.187014773,True,True,0.25522085833979979,False,False,15,London|TLC1|TLC2|TLD3|TLD4|TLD6|TLE3|TLE4|TLF1|TLF2|TLG1|TLG2|TLH1|TLH2|TLH3
uk,TLJ1,Uni,,20,100,0.80000000000000004,GBP,2122.0814900775804,0.23857226541877538,506.26978849105888,340.61004516228923,0.16050752374727936,True,11904927.03057923,154050371.93124565,0,191502758.38372773,142145444.90066642,191502758.38372773,True,True,0.043932380432551724,True,False,15,London|TLC1|TLC2|TLD3|TLD4|TLD6|TLE3|TLE4|TLF1|TLF2|TLG1|TLG2|TLH1|TLH2|TLH3
uk,TLJ1,Uni,,20,300,0.80000000000000004,GBP,2122.0814900775804,0.23857226541877538,506.26978849105888,340.61004516228923,0.16050752374727936,True,22046126.987248827,194505459.10070747,4145658.2292705663,143526396.83272502,172459332.11345863,139380738.60345444,True,True,0.14831682919118933,False,False,15,London|TLC1|TLC2|TLD3|TLD4|TLD6|TLE3|TLE4|TLF1|TLF2|TLG1|TLG2|TLH1|TLH2|TLH3
uk,TLJ1,Uni,,20,500,0.80000000000000004,GBP,2122.0814900775804,0.23857226541877538,506.26978849105888,340.61004516228923,0.16050752374727936,True,33423985.805802114,211280238.34304386,51772429.449166998,224195836.51895136,177856252.53724176,172423407.06978434,True,True,0.25522085833979979,False,False,15,London|TLC1|TLC2|TLD3|TLD4|TLD6|TLE3|TLE4|TLF1|TLF2|TLG1|TLG2|TLH1|TLH2|TLH3
uk,TLJ1,Uni,,20,100,0.90000000000000002,GBP,2122.0814900775804,0.24986216011324433,530.22786504711655,340.61004516228923,0.16050752374727936,True,11904927.03057923,163815398.09684443,0,201804731.30283257,151910471.0662652,201804731.30283257,True,True,0.043932380432551724,True,False,15,London|TLC1|TLC2|TLD3|TLD4|TLD6|TLE3|TLE4|TLF1|TLF2|TLG1|TLG2|TLH1|TLH2|TLH3
uk,TLJ1,Uni,,20,300,0.90000000000000002,GBP,2122.0814900775804,0.24986216011324433,530.22786504711655,340.61004516228923,0.16050752374727936,True,22046126.987248827,204700970.05870155,4145658.2292705663,153828369.7518298,182654843.07145271,149682711.52255923,True,True,0.14831682919118933,False,False,15,London|TLC1|TLC2|TLD3|TLD4|TLD6|TLE3|TLE4|TLF1|TLF2|TLG1|TLG2|TLH1|TLH2|TLH3
uk,TLJ1,Uni,,20,500,0.90000000000000002,GBP,2122.0814900775804,0.24986216011324433,530.22786504711655,340.61004516228923,0.16050752374727936,True,33423985.805802114,221582211.26214868,51772429.449166998,234497809.43805617,188158225.45634657,182725379.98888916,True,True,0.25522085833979979,False,False,15,London|TLC1|TLC2|TLD3|TLD4|TLD6|TLE3|TLE4|TLF1|TLF2|TLG1|TLG2|TLH1|TLH2|TLH3
uk,TLJ1,Uni,,20,100,1,GBP,2122.0814900775804,0.26850458711315484,569.78861431374912,340.61004516228923,0.16050752374727936,True,11904927.03057923,180064699.98516479,0,218815853.48748454,168159772.95458555,218815853.48748454,True,True,0.043932380432551724,True,False,15,London|TLC1|TLC2|TLD3|TLD4|TLD6|TLE3|TLE4|TLF1|TLF2|TLG1|TLG2|TLH1|TLH2|TLH3
uk,TLJ1,Uni,,20,300,1,GBP,2122.0814900775804,0.26850458711315484,569.78861431374912,340.61004516228923,0.16050752374727936,True,22046126.987248827,221666696.46675831,4145658.2292705663,170839491.93648177,199620569.47950947,166693833.7072112,True,True,0.14831682919118933,False,False,15,London|TLC1|TLC2|TLD3|TLD4|TLD6|TLE3|TLE4|TLF1|TLF2|TLG1|TLG2|TLH1|TLH2|TLH3
uk,TLJ1,Uni,,20,500,1,GBP,2122.0814900775804,0.26850458711315484,569.78861431374912,340.61004516228923,0.16050752374727936,True,33423985.805802114,238593333.44680065,51772429.449166998,251508931.62270823,205169347.64099854,199736502.17354125,True,True,0.25522085833979979,False,False,15,London|TLC1|TLC2|TLD3|TLD4|TLD6|TLE3|TLE4|TLF1|TLF2|TLG1|TLG2|TLH1|TLH2|TLH3
uk,TLJ1,LU,,10,100,0.5,GBP,2122.0814900775804,0.10849186812696943,230.22858517617962,229.48368113391015,0.10814084294449999,True,9443995.6808436178,86372554.532795951,251765.00000000076,83020111.195241988,76928558.851952329,82768346.195241988,True,True,0.054077807590460235,False,False,15,London|TLC1|TLC2|TLD3|TLD4|TLD6|TLE3|TLE4|TLF1|TLF2|TLG1|TLG2|TLH1|TLH2|TLH3
uk,TLJ1,LU,,10,300,0.5,GBP,2122.0814900775804,0.10849186812696943,230.22858517617962,229.48368113391015,0.10814084294449999,True,18136675.881881051,98613324.185341507,18446468.529897884,121686335.91414364,80476648.303460449,103239867.38424575,True,True,0.16098183673907068,False,False,15,London|TLC1|TLC2|TLD3|TLD4|TLD6|TLE3|TLE4|TLF1|TLF2|TLG1|TLG2|TLH1|TLH2|TLH3
uk,TLJ1,LU,,10,500,0.5,GBP,2122.0814900775804,0.10849186812696943,230.22858517617962,229.48368113391015,0.10814084294449999,True,18521643.322296776,98998291.625757232,31720425.560134917,168875840.09177744,80476648.303460449,137155414.53164253,True,True,0.26788586588768121,False,False,15,London|TLC1|TLC2|TLD3|TLD4|TLD6|TLE3|TLE4|TLF1|TLF2|TLG1|TLG2|TLH1|TLH2|TLH3
uk,TLJ1,LU,,10,100,0.80000000000000004,GBP,2122.0814900775804,0.13739328648395063,291.55975010851785,229.48368113391015,0.10814084294449999,True,9443995.6808436178,112604043.20179029,251765.00000000076,109392512.11614743,103160047.52094667,109140747.11614743,True,True,0.054077807590460235,False,False,15,London|TLC1|TLC2|TLD3|TLD4|TLD6|TLE3|TLE4|TLF1|TLF2|TLG1|TLG2|TLH1|TLH2|TLH3
uk,TLJ1,LU,,10,300,0.80000000000000004,GBP,2122.0814900775804,0.13739328648395063,291.55975010851785,229.48368113391015,0.10814084294449999,True,18136675.881881051,124985725.10624696,18446468.529897884,148058736.83504906,106849049.22436592,129612268.30515118,True,True,0.16098183673907068,False,False,15,London|TLC1|TLC2|TLD3|TLD4|TLD6|TLE3|TLE4|TLF1|TLF2|TLG1|TLG2|TLH1|TLH2|TLH3
uk,TLJ1,LU,,10,500,0.80000000000000004,GBP,2122.0814900775804,0.13739328648395063,291.55975010851785,229.48368113391015,0.10814084294449999,True,18521643.322296776,125370692.54666269,31720425.560134917,221620641.93358833,106849049.22436592,189900216.37345341,True,True,0.26788586588768121,False,False,15,London|TLC1|TLC2|TLD3|TLD4|TLD6|TLE3|TLE4|TLF1|TLF2|TLG1|TLG2|TLH1|TLH2|TLH3
uk,TLJ1,LU,,10,100,0.90000000000000002,GBP,2122.0814900775804,0.14676574218776511,311.44886487415459,229.48368113391015,0.10814084294449999,True,9443995.6808436178,121138703.2580414,251765.00000000076,117944831.46537121,111694707.57719778,117693066.46537121,True,True,0.054077807590460235,False,False,15,London|TLC1|TLC2|TLD3|TLD4|TLD6|TLE3|TLE4|TLF1|TLF2|TLG1|TLG2|TLH1|TLH2|TLH3
uk,TLJ1,LU,,10,300,0.90000000000000002,GBP,2122.0814900775804,0.14676574218776511,311.44886487415459,229.48368113391015,0.10814084294449999,True,18136675.881881051,133538044.45547074,18446468.529897884,156611056.18427286,115401368.57358968,138164587.65437496,True,True,0.16098183673907068,False,False,15,London|TLC1|TLC2|TLD3|TLD4|TLD6|TLE3|TLE4|TLF1|TLF2|TLG1|TLG2|TLH1|TLH2|TLH3
uk,TLJ1,LU,,10,500,0.90000000000000002,GBP,2122.0814900775804,0.14676574218776511,311.44886487415459,229.48368113391015,0.10814084294449999,True,18521643.322296776,133923011.89588647,31720425.560134917,237711268.94254312,115401368.57358968,205990843.3824082,True,True,0.26788586588768121,False,False,15,London|TLC1|TLC2|TLD3|TLD4|TLD6|TLE3|TLE4|TLF1|TLF2|TLG1|TLG2|TLH1|TLH2|TLH3
uk,TLJ1,LU,,10,100,1,GBP,2122.0814900775804,0.1844421380150226,391.40124707201392,229.48368113391015,0.10814084294449999,True,9443995.6808436178,155501934.65600935,251765.00000000076,152324355.81045073,146057938.97516572,152072590.81045073,True,True,0.054077807590460235,False,False,15,London|TLC1|TLC2|TLD3|TLD4|TLD6|TLE3|TLE4|TLF1|TLF2|TLG1|TLG2|TLH1|TLH2|TLH3
uk,TLJ1,LU,,10,300,1,GBP,2122.0814900775804,0.1844421380150226,391.40124707201392,229.48368113391015,0.10814084294449999,True,18136675.881881051,167917568.80055025,18446468.529897884,190990580.52935237,149780892.91866919,172544111.9994545,True,True,0.16098183673907068,False,False,15,London|TLC1|TLC2|TLD3|TLD4|TLD6|TLE3|TLE4|TLF1|TLF2|TLG1|TLG2|TLH1|TLH2|TLH3
uk,TLJ1,LU,,10,500,1,GBP,2122.0814900775804,0.1844421380150226,391.40124707201392,229.48368113391015,0.10814084294449999,True,18521643.322296776,168302536.24096596,31720425.560134917,275199972.93264353,149780892.91866919,243479547.37250862,True,True,0.26788586588768121,False,False,15,London|TLC1|TLC2|TLD3|TLD4|TLD6|TLE3|TLE4|TLF1|TLF2|TLG1|TLG2|TLH1|TLH2|TLH3
uk,TLJ1,LU,,20,100,0.5,GBP,2122.0814900775804,0.13788554474506745,292.60436225277164,290.8324641795748,0.13705056358082759,True,9779202.1392029449,72844317.477766633,0,106718645.86806834,63065115.338563688,106718645.86806834,True,True,0.043932380432551724,True,False,15,London|TLC1|TLC2|TLD3|TLD4|TLD6|TLE3|TLE4|TLF1|TLF2|TLG1|TLG2|TLH1|TLH2|TLH3
uk,TLJ1,LU,,20,300,0.5,GBP,2122.0814900775804,0.13788554474506745,292.60436225277164,290.8324641795748,0.13705056358082759,True,20250654.219054841,106622650.70565005,4145658.2292705663,61271394.023991153,86371996.486595213,57125735.79472059,True,True,0.14831682919118933,False,False,15,London|TLC1|TLC2|TLD3|TLD4|TLD6|TLE3|TLE4|TLF1|TLF2|TLG1|TLG2|TLH1|TLH2|TLH3
uk,TLJ1,LU,,20,500,0.5,GBP,2122.0814900775804,0.13788554474506745,292.60436225277164,290.8324641795748,0.13705056358082759,True,31141755.998005562,120665968.04337128,50421013.811005309,141812976.49250388,89524212.045365721,91391962.681498572,True,True,0.25522085833979979,False,False,15,London|TLC1|TLC2|TLD3|TLD4|TLD6|TLE3|TLE4|TLF1|TLF2|TLG1|TLG2|TLH1|TLH2|TLH3
uk,TLJ1,LU,,20,100,0.80000000000000004,GBP,2122.0814900775804,0.17919897807473806,380.27483441321982,290.8324641795748,0.13705056358082759,True,9779202.1392029449,104972702.31049445,0,144416948.89706108,95193500.1712915,144416948.89706108,True,True,0.043932380432551724,True,False,15,London|TLC1|TLC2|TLD3|TLD4|TLD6|TLE3|TLE4|TLF1|TLF2|TLG1|TLG2|TLH1|TLH2|TLH3
uk,TLJ1,LU,,20,300,0.80000000000000004,GBP,2122.0814900775804,0.17919897807473806,380.27483441321982,290.8324641795748,0.13705056358082759,True,20250654.219054841,142806311.13519272,4145658.2292705663,98969697.052983835,122555656.91613787,94824038.823713273,True,True,0.14831682919118933,False,False,15,London|TLC1|TLC2|TLD3|TLD4|TLD6|TLE3|TLE4|TLF1|TLF2|TLG1|TLG2|TLH1|TLH2|TLH3
uk,TLJ1,LU,,20,500,0.80000000000000004,GBP,2122.0814900775804,0.17919897807473806,380.27483441321982,290.8324641795748,0.13705056358082759,True,31141755.998005562,158339746.19447699,50421013.811005309,179690620.1538026,127197990.19647142,129269606.34279729,True,True,0.25522085833979979,False,False,15,London|TLC1|TLC2|TLD3|TLD4|TLD6|TLE3|TLE4|TLF1|TLF2|TLG1|TLG2|TLH1|TLH2|TLH3
uk,TLJ1,LU,,20,100,0.90000000000000002,GBP,2122.0814900775804,0.19511675788751595,414.05366031704631,290.8324641795748,0.13705056358082759,True,9779202.1392029449,118191356.85901162,0,158941844.03570646,108412154.71980867,158941844.03570646,True,True,0.043932380432551724,True,False,15,London|TLC1|TLC2|TLD3|TLD4|TLD6|TLE3|TLE4|TLF1|TLF2|TLG1|TLG2|TLH1|TLH2|TLH3
uk,TLJ1,LU,,20,300,0.90000000000000002,GBP,2122.0814900775804,0.19511675788751595,414.05366031704631,290.8324641795748,0.13705056358082759,True,20250654.219054841,156929947.87201789,4145658.2292705663,113494592.19162922,136679293.65296304,109348933.96235865,True,True,0.14831682919118933,False,False,15,London|TLC1|TLC2|TLD3|TLD4|TLD6|TLE3|TLE4|TLF1|TLF2|TLG1|TLG2|TLH1|TLH2|TLH3
uk,TLJ1,LU,,20,500,0.90000000000000002,GBP,2122.0814900775804,0.19511675788751595,414.05366031704631,290.8324641795748,0.13705056358082759,True,31141755.998005562,172864641.33312231,50421013.811005309,194215515.29244798,141722885.33511674,143794501.48144269,True,True,0.25522085833979979,False,False,15,London|TLC1|TLC2|TLD3|TLD4|TLD6|TLE3|TLE4|TLF1|TLF2|TLG1|TLG2|TLH1|TLH2|TLH3
uk,TLJ1,LU,,20,100,1,GBP,2122.0814900775804,0.25279013454619531,536.44126539470221,290.8324641795748,0.13705056358082759,True,9779202.1392029449,167686727.63132825,0,211568514.21909848,157907525.4921253,211568514.21909848,True,True,0.043932380432551724,True,False,15,London|TLC1|TLC2|TLD3|TLD4|TLD6|TLE3|TLE4|TLF1|TLF2|TLG1|TLG2|TLH1|TLH2|TLH3
uk,TLJ1,LU,,20,300,1,GBP,2122.0814900775804,0.25279013454619531,536.44126539470221,290.8324641795748,0.13705056358082759,True,20250654.219054841,209058624.18611169,4145658.2292705663,166121262.37502128,188807969.96705684,161975604.1457507,True,True,0.14831682919118933,False,False,15,London|TLC1|TLC2|TLD3|TLD4|TLD6|TLE3|TLE4|TLF1|TLF2|TLG1|TLG2|TLH1|TLH2|TLH3
uk,TLJ1,LU,,20,500,1,GBP,2122.0814900775804,0.25279013454619531,536.44126539470221,290.8324641795748,0.13705056358082759,True,31141755.998005562,225491311.51651433,50421013.811005309,246842185.47584003,194349555.51850876,196421171.66483474,True,True,0.25522085833979979,False,False,15,London|TLC1|TLC2|TLD3|TLD4|TLD6|TLE3|TLE4|TLF1|TLF2|TLG1|TLG2|TLH1|TLH2|TLH3
uk,TLJ1,GNN,42,10,100,0.5,GBP,2122.0814900775804,0.080475159033523869,170.7748453960906,163.36319018220257,0.076982524444068473,True,7094162.5633545741,63463325.206891969,251765.00000000076,55803250.745648906,56369162.643537395,55551485.745648906,True,True,0.054077807590460235,False,False,15,London|TLC1|TLC2|TLD3|TLD4|TLD6|TLE3|TLE4|TLF1|TLF2|TLG1|TLG2|TLH1|TLH2|TLH3
uk,TLJ1,GNN,42,10,300,0.5,GBP,2122.0814900775804,0.080475159033523869,170.7748453960906,163.36319018220257,0.076982524444068473,True,13327241.711484283,73363603.207442835,13251339.23899205,99757587.665233299,60036361.495958552,86506248.426241249,True,True,0.16098183673907068,False,False,15,London|TLC1|TLC2|TLD3|TLD4|TLD6|TLE3|TLE4|TLF1|TLF2|TLG1|TLG2|TLH1|TLH2|TLH3
uk,TLJ1,GNN,42,10,500,0.5,GBP,2122.0814900775804,0.080475159033523869,170.7748453960906,163.36319018220257,0.076982524444068473,True,13396822.02436042,73433183.520318985,20736512.415889502,132737600.04101877,60036361.495958567,112001087.62512927,True,True,0.26788586588768121,False,False,15,London|TLC1|TLC2|TLD3|TLD4|TLD6|TLE3|TLE4|TLF1|TLF2|TLG1|TLG2|TLH1|TLH2|TLH3
uk,TLJ1,GNN,42,10,100,0.80000000000000004,GBP,2122.0814900775804,0.10481476329307282,222.42546907109286,163.36319018220257,0.076982524444068473,True,7094162.5633545741,85516653.909921318,251765.00000000076,78013018.925899863,78422491.346566737,77761253.925899863,True,True,0.054077807590460235,False,False,15,London|TLC1|TLC2|TLD3|TLD4|TLD6|TLE3|TLE4|TLF1|TLF2|TLG1|TLG2|TLH1|TLH2|TLH3
uk,TLJ1,GNN,42,10,300,0.80000000000000004,GBP,2122.0814900775804,0.10481476329307282,222.42546907109286,163.36319018220257,0.076982524444068473,True,13327241.711484283,95573371.387693793,13251339.23899205,121967355.84548426,82246129.676209509,108716016.60649221,True,True,0.16098183673907068,False,False,15,London|TLC1|TLC2|TLD3|TLD4|TLD6|TLE3|TLE4|TLF1|TLF2|TLG1|TLG2|TLH1|TLH2|TLH3
uk,TLJ1,GNN,42,10,500,0.80000000000000004,GBP,2122.0814900775804,0.10481476329307282,222.42546907109286,163.36319018220257,0.076982524444068473,True,13396822.02436042,95642951.700569928,20736512.415889502,175629108.68108892,82246129.676209509,154892596.26519942,True,True,0.26788586588768121,False,False,15,London|TLC1|TLC2|TLD3|TLD4|TLD6|TLE3|TLE4|TLF1|TLF2|TLG1|TLG2|TLH1|TLH2|TLH3
uk,TLJ1,GNN,42,10,100,0.90000000000000002,GBP,2122.0814900775804,0.11761736880872931,249.59364126063261,163.36319018220257,0.076982524444068473,True,7094162.5633545741,97175665.592490494,251765.00000000076,89695332.967401966,90081503.029135913,89443567.967401966,True,True,0.054077807590460235,False,False,15,London|TLC1|TLC2|TLD3|TLD4|TLD6|TLE3|TLE4|TLF1|TLF2|TLG1|TLG2|TLH1|TLH2|TLH3
uk,TLJ1,GNN,42,10,300,0.90000000000000002,GBP,2122.0814900775804,0.11761736880872931,249.59364126063261,163.36319018220257,0.076982524444068473,True,13327241.711484283,107255685.42919591,13251339.23899205,133649669.88698637,93928443.717711627,120398330.64799432,True,True,0.16098183673907068,False,False,15,London|TLC1|TLC2|TLD3|TLD4|TLD6|TLE3|TLE4|TLF1|TLF2|TLG1|TLG2|TLH1|TLH2|TLH3
uk,TLJ1,GNN,42,10,500,0.90000000000000002,GBP,2122.0814900775804,0.11761736880872931,249.59364126063261,163.36319018220257,0.076982524444068473,True,13396822.02436042,107325265.74207206,20736512.415889502,198993736.76409307,93928443.717711642,178257224.34820357,True,True,0.26788586588768121,False,False,15,London|TLC1|TLC2|TLD3|TLD4|TLD6|TLE3|TLE4|TLF1|TLF2|TLG1|TLG2|TLH1|TLH2|TLH3
uk,TLJ1,GNN,42,10,100,1,GBP,2122.0814900775804,0.1290144261103755,273.77912560180954,163.36319018220257,0.076982524444068473,True,7094162.5633545741,107567827.87028235,251765.00000000076,100095091.23410806,100473665.30692777,99843326.234108061,True,True,0.054077807590460235,False,False,15,London|TLC1|TLC2|TLD3|TLD4|TLD6|TLE3|TLE4|TLF1|TLF2|TLG1|TLG2|TLH1|TLH2|TLH3
uk,TLJ1,GNN,42,10,300,1,GBP,2122.0814900775804,0.1290144261103755,273.77912560180954,163.36319018220257,0.076982524444068473,True,13327241.711484283,117655443.69590196,13251339.23899205,144049428.15369242,104328201.98441768,130798088.91470037,True,True,0.16098183673907068,False,False,15,London|TLC1|TLC2|TLD3|TLD4|TLD6|TLE3|TLE4|TLF1|TLF2|TLG1|TLG2|TLH1|TLH2|TLH3
uk,TLJ1,GNN,42,10,500,1,GBP,2122.0814900775804,0.1290144261103755,273.77912560180954,163.36319018220257,0.076982524444068473,True,13396822.02436042,117725024.00877811,20736512.415889502,219793253.29750523,104328201.98441769,199056740.88161573,True,True,0.26788586588768121,False,False,15,London|TLC1|TLC2|TLD3|TLD4|TLD6|TLE3|TLE4|TLF1|TLF2|TLG1|TLG2|TLH1|TLH2|TLH3
uk,TLJ1,GNN,42,20,100,0.5,GBP,2122.0814900775804,0.1053826532467456,223.63057783018289,252.00712800717304,0.1187546892923325,False,7386261.6156513961,49795584.115490131,0,71823117.824195594,42409322.499838732,71823117.824195594,True,True,0.043932380432551724,True,False,15,London|TLC1|TLC2|TLD3|TLD4|TLD6|TLE3|TLE4|TLF1|TLF2|TLG1|TLG2|TLH1|TLH2|TLH3
uk,TLJ1,GNN,42,20,300,0.5,GBP,2122.0814900775804,0.1053826532467456,223.63057783018289,252.00712800717304,0.1187546892923325,False,16610322.016745973,82308620.518366888,3831726.3004268557,62852114.492411867,65698298.501620919,59020388.191985011,True,True,0.14831682919118933,False,False,15,London|TLC1|TLC2|TLD3|TLD4|TLD6|TLE3|TLE4|TLF1|TLF2|TLG1|TLG2|TLH1|TLH2|TLH3
uk,TLJ1,GNN,42,20,500,0.5,GBP,2122.0814900775804,0.1053826532467456,223.63057783018289,252.00712800717304,0.1187546892923325,False,24237433.747581366,92552788.873875409,36639370.099471882,129088122.03752998,68315355.126294047,92448751.938058093,True,True,0.25522085833979979,False,False,15,London|TLC1|TLC2|TLD3|TLD4|TLD6|TLE3|TLE4|TLF1|TLF2|TLG1|TLG2|TLH1|TLH2|TLH3
uk,TLJ1,GNN,42,20,100,0.80000000000000004,GBP,2122.0814900775804,0.13006400478392985,276.00641707733939,252.00712800717304,0.1187546892923325,True,7386261.6156513961,67649876.137388483,0,94344728.700472832,60263614.521737084,94344728.700472832,True,True,0.043932380432551724,True,False,15,London|TLC1|TLC2|TLD3|TLD4|TLD6|TLE3|TLE4|TLF1|TLF2|TLG1|TLG2|TLH1|TLH2|TLH3
uk,TLJ1,GNN,42,20,300,0.80000000000000004,GBP,2122.0814900775804,0.13006400478392985,276.00641707733939,252.00712800717304,0.1187546892923325,True,16610322.016745973,103634944.3628173,3831726.3004268557,85373725.368689194,87024622.346071333,81541999.068262339,True,True,0.14831682919118933,False,False,15,London|TLC1|TLC2|TLD3|TLD4|TLD6|TLE3|TLE4|TLF1|TLF2|TLG1|TLG2|TLH1|TLH2|TLH3
uk,TLJ1,GNN,42,20,500,0.80000000000000004,GBP,2122.0814900775804,0.13006400478392985,276.00641707733939,252.00712800717304,0.1187546892923325,True,24237433.747581366,115038457.23246244,36639370.099471882,152195636.60318479,90801023.484881073,115556266.50371291,True,True,0.25522085833979979,False,False,15,London|TLC1|TLC2|TLD3|TLD4|TLD6|TLE3|TLE4|TLF1|TLF2|TLG1|TLG2|TLH1|TLH2|TLH3
uk,TLJ1,GNN,42,20,100,0.90000000000000002,GBP,2122.0814900775804,0.13835071718294606,293.59149607288811,252.00712800717304,0.1187546892923325,True,7386261.6156513961,74023483.77726765,0,101906312.66855882,66637222.161616251,101906312.66855882,True,True,0.043932380432551724,True,False,15,London|TLC1|TLC2|TLD3|TLD4|TLD6|TLE3|TLE4|TLF1|TLF2|TLG1|TLG2|TLH1|TLH2|TLH3
uk,TLJ1,GNN,42,20,300,0.90000000000000002,GBP,2122.0814900775804,0.13835071718294606,293.59149607288811,252.00712800717304,0.1187546892923325,True,16610322.016745973,110881987.96985973,3831726.3004268557,92935309.336775094,94271665.953113765,89103583.036348239,True,True,0.14831682919118933,False,False,15,London|TLC1|TLC2|TLD3|TLD4|TLD6|TLE3|TLE4|TLF1|TLF2|TLG1|TLG2|TLH1|TLH2|TLH3
uk,TLJ1,GNN,42,20,500,0.90000000000000002,GBP,2122.0814900775804,0.13835071718294606,293.59149607288811,252.00712800717304,0.1187546892923325,True,24237433.747581366,122600041.20054837,36639370.099471882,159895003.34889597,98362607.452967003,123255633.24942409,True,True,0.25522085833979979,False,False,15,London|TLC1|TLC2|TLD3|TLD4|TLD6|TLE3|TLE4|TLF1|TLF2|TLG1|TLG2|TLH1|TLH2|TLH3
uk,TLJ1,GNN,42,20,100,1,GBP,2122.0814900775804,0.18426215839381918,391.01931564926696,252.00712800717304,0.1187546892923325,True,7386261.6156513961,111654155.24586801,0,143800275.08640176,104267893.63021661,143800275.08640176,True,True,0.043932380432551724,True,False,15,London|TLC1|TLC2|TLD3|TLD4|TLD6|TLE3|TLE4|TLF1|TLF2|TLG1|TLG2|TLH1|TLH2|TLH3
uk,TLJ1,GNN,42,20,300,1,GBP,2122.0814900775804,0.18426215839381918,391.01931564926696,252.00712800717304,0.1187546892923325,True,16610322.016745973,151495830.11163673,3831726.3004268557,134829271.75461799,134885508.09489074,130997545.45419113,True,True,0.14831682919118933,False,False,15,London|TLC1|TLC2|TLD3|TLD4|TLD6|TLE3|TLE4|TLF1|TLF2|TLG1|TLG2|TLH1|TLH2|TLH3
uk,TLJ1,GNN,42,20,500,1,GBP,2122.0814900775804,0.18426215839381918,391.01931564926696,252.00712800717304,0.1187546892923325,True,24237433.747581366,164494003.61839128,36639370.099471882,201808106.04238138,140256569.87080991,165168735.94290948,True,True,0.25522085833979979,False,False,15,London|TLC1|TLC2|TLD3|TLD4|TLD6|TLE3|TLE4|TLF1|TLF2|TLG1|TLG2|TLH1|TLH2|TLH3
uk,TLJ1,GNN,123,10,100,0.5,GBP,2122.0814900775804,0.077646806699874185,164.77285126143485,140.62300524911925,0.06626654344173101,True,6204096.7315470958,61916115.443662629,251765.00000000076,54878364.589004681,55712018.712115534,54626599.589004681,True,True,0.054077807590460235,False,False,15,London|TLC1|TLC2|TLD3|TLD4|TLD6|TLE3|TLE4|TLF1|TLF2|TLG1|TLG2|TLH1|TLH2|TLH3
uk,TLJ1,GNN,123,10,300,0.5,GBP,2122.0814900775804,0.077646806699874185,164.77285126143485,140.62300524911925,0.06626654344173101,True,11499289.943751251,70831884.544188306,13743077.773621812,106985524.08536871,59332594.600437053,93242446.311746895,True,True,0.16098183673907068,False,False,15,London|TLC1|TLC2|TLD3|TLD4|TLD6|TLE3|TLE4|TLF1|TLF2|TLG1|TLG2|TLH1|TLH2|TLH3
uk,TLJ1,GNN,123,10,500,0.5,GBP,2122.0814900775804,0.077646806699874185,164.77285126143485,140.62300524911925,0.06626654344173101,True,11519731.441979954,70852326.04241702,16422358.005849987,130525261.13073416,59332594.600437067,114102903.12488417,True,True,0.26788586588768121,False,False,15,London|TLC1|TLC2|TLD3|TLD4|TLD6|TLE3|TLE4|TLF1|TLF2|TLG1|TLG2|TLH1|TLH2|TLH3
uk,TLJ1,GNN,123,10,100,0.80000000000000004,GBP,2122.0814900775804,0.10761152358212096,228.36042231266595,140.62300524911925,0.06626654344173101,True,6204096.7315470958,89168726.110787973,251765.00000000076,82221020.141034067,82964629.37924087,81969255.141034067,True,True,0.054077807590460235,False,False,15,London|TLC1|TLC2|TLD3|TLD4|TLD6|TLE3|TLE4|TLF1|TLF2|TLG1|TLG2|TLH1|TLH2|TLH3
uk,TLJ1,GNN,123,10,300,0.80000000000000004,GBP,2122.0814900775804,0.10761152358212096,228.36042231266595,140.62300524911925,0.06626654344173101,True,11499289.943751251,98174540.096217677,13743077.773621812,134328179.63739806,86675250.152466431,120585101.86377625,True,True,0.16098183673907068,False,False,15,London|TLC1|TLC2|TLD3|TLD4|TLD6|TLE3|TLE4|TLF1|TLF2|TLG1|TLG2|TLH1|TLH2|TLH3
uk,TLJ1,GNN,123,10,500,0.80000000000000004,GBP,2122.0814900775804,0.10761152358212096,228.36042231266595,140.62300524911925,0.06626654344173101,True,11519731.441979954,98194981.594446391,16422358.005849987,184791987.05720109,86675250.152466431,168369629.0513511,True,True,0.26788586588768121,False,False,15,London|TLC1|TLC2|TLD3|TLD4|TLD6|TLE3|TLE4|TLF1|TLF2|TLG1|TLG2|TLH1|TLH2|TLH3
uk,TLJ1,GNN,123,10,100,0.90000000000000002,GBP,2122.0814900775804,0.11442878970122268,242.82721655694471,140.62300524911925,0.06626654344173101,True,6204096.7315470958,95387950.747041106,251765.00000000076,88441741.666073918,89183854.015494004,88189976.666073918,True,True,0.054077807590460235,False,False,15,London|TLC1|TLC2|TLD3|TLD4|TLD6|TLE3|TLE4|TLF1|TLF2|TLG1|TLG2|TLH1|TLH2|TLH3
uk,TLJ1,GNN,123,10,300,0.90000000000000002,GBP,2122.0814900775804,0.11442878970122268,242.82721655694471,140.62300524911925,0.06626654344173101,True,11499289.943751251,104395261.62125754,13743077.773621812,140548901.16243798,92895971.677506298,126805823.38881616,True,True,0.16098183673907068,False,False,15,London|TLC1|TLC2|TLD3|TLD4|TLD6|TLE3|TLE4|TLF1|TLF2|TLG1|TLG2|TLH1|TLH2|TLH3
uk,TLJ1,GNN,123,10,500,0.90000000000000002,GBP,2122.0814900775804,0.11442878970122268,242.82721655694471,140.62300524911925,0.06626654344173101,True,11519731.441979954,104415703.11948627,16422358.005849987,197233430.10728073,92895971.677506313,180811072.10143074,True,True,0.26788586588768121,False,False,15,London|TLC1|TLC2|TLD3|TLD4|TLD6|TLE3|TLE4|TLF1|TLF2|TLG1|TLG2|TLH1|TLH2|TLH3
uk,TLJ1,GNN,123,10,100,1,GBP,2122.0814900775804,0.11859490231483208,251.66804701986393,140.62300524911925,0.06626654344173101,True,6204096.7315470958,99189507.846096367,251765.00000000076,92243298.765129179,92985411.114549264,91991533.765129179,True,True,0.054077807590460235,False,False,15,London|TLC1|TLC2|TLD3|TLD4|TLD6|TLE3|TLE4|TLF1|TLF2|TLG1|TLG2|TLH1|TLH2|TLH3
uk,TLJ1,GNN,123,10,300,1,GBP,2122.0814900775804,0.11859490231483208,251.66804701986393,140.62300524911925,0.06626654344173101,True,11499289.943751251,108196818.72031279,13743077.773621812,144350458.26149324,96697528.776561543,130607380.48787142,True,True,0.16098183673907068,False,False,15,London|TLC1|TLC2|TLD3|TLD4|TLD6|TLE3|TLE4|TLF1|TLF2|TLG1|TLG2|TLH1|TLH2|TLH3
uk,TLJ1,GNN,123,10,500,1,GBP,2122.0814900775804,0.11859490231483208,251.66804701986393,140.62300524911925,0.06626654344173101,True,11519731.441979954,108217260.21854153,16422358.005849987,204836544.30539131,96697528.776561573,188414186.29954132,True,True,0.26788586588768121,False,False,15,London|TLC1|TLC2|TLD3|TLD4|TLD6|TLE3|TLE4|TLF1|TLF2|TLG1|TLG2|TLH1|TLH2|TLH3
uk,TLJ1,GNN,123,20,100,0.5,GBP,2122.0814900775804,0.10479265204263445,222.37854719581512,188.51115605945085,0.088833137153728786,True,5895002.7607070748,48758344.21449355,0,71313063.459304735,42863341.453786477,71313063.459304735,True,True,0.043932380432551724,True,False,15,London|TLC1|TLC2|TLD3|TLD4|TLD6|TLE3|TLE4|TLF1|TLF2|TLG1|TLG2|TLH1|TLH2|TLH3
uk,TLJ1,GNN,123,20,300,0.5,GBP,2122.0814900775804,0.10479265204263445,222.37854719581512,188.51115605945085,0.088833137153728786,True,14394771.113475382,83480964.841053426,2569570.2386068851,77467723.98768793,69086193.727578044,74898153.749081045,True,True,0.14831682919118933,False,False,15,London|TLC1|TLC2|TLD3|TLD4|TLD6|TLE3|TLE4|TLF1|TLF2|TLG1|TLG2|TLH1|TLH2|TLH3
uk,TLJ1,GNN,123,20,500,0.5,GBP,2122.0814900775804,0.10479265204263445,222.37854719581512,188.51115605945085,0.088833137153728786,True,20484718.914387725,93215750.308862358,21795562.081060067,126488948.97660808,72731031.394474626,104693386.89554802,True,True,0.25522085833979979,False,False,15,London|TLC1|TLC2|TLD3|TLD4|TLD6|TLE3|TLE4|TLF1|TLF2|TLG1|TLG2|TLH1|TLH2|TLH3
uk,TLJ1,GNN,123,20,100,0.80000000000000004,GBP,2122.0814900775804,0.12726181798483485,270.05994833924018,188.51115605945085,0.088833137153728786,True,5895002.7607070748,65245683.093082465,0,91816065.950977519,59350680.332375392,91816065.950977519,True,True,0.043932380432551724,True,False,15,London|TLC1|TLC2|TLD3|TLD4|TLD6|TLE3|TLE4|TLF1|TLF2|TLG1|TLG2|TLH1|TLH2|TLH3
uk,TLJ1,GNN,123,20,300,0.80000000000000004,GBP,2122.0814900775804,0.12726181798483485,270.05994833924018,188.51115605945085,0.088833137153728786,True,14394771.113475382,103107333.7654594,2569570.2386068851,97970726.479360715,88712562.651984021,95401156.240753829,True,True,0.14831682919118933,False,False,15,London|TLC1|TLC2|TLD3|TLD4|TLD6|TLE3|TLE4|TLF1|TLF2|TLG1|TLG2|TLH1|TLH2|TLH3
uk,TLJ1,GNN,123,20,500,0.80000000000000004,GBP,2122.0814900775804,0.12726181798483485,270.05994833924018,188.51115605945085,0.088833137153728786,True,20484718.914387725,113718752.80053516,21795562.081060067,147285862.65256563,93234033.886147439,125490300.57150556,True,True,0.25522085833979979,False,False,15,London|TLC1|TLC2|TLD3|TLD4|TLD6|TLE3|TLE4|TLF1|TLF2|TLG1|TLG2|TLH1|TLH2|TLH3
uk,TLJ1,GNN,123,20,100,0.90000000000000002,GBP,2122.0814900775804,0.1489971008547481,316.18398979908335,188.51115605945085,0.088833137153728786,True,5895002.7607070748,82776210.004764706,0,111649403.77871005,76881207.244057626,111649403.77871005,True,True,0.043932380432551724,True,False,15,London|TLC1|TLC2|TLD3|TLD4|TLD6|TLE3|TLE4|TLF1|TLF2|TLG1|TLG2|TLH1|TLH2|TLH3
uk,TLJ1,GNN,123,20,300,0.90000000000000002,GBP,2122.0814900775804,0.1489971008547481,316.18398979908335,188.51115605945085,0.088833137153728786,True,14394771.113475382,122311713.53890274,2569570.2386068851,117804064.30709331,107916942.42542736,115234494.06848642,True,True,0.14831682919118933,False,False,15,London|TLC1|TLC2|TLD3|TLD4|TLD6|TLE3|TLE4|TLF1|TLF2|TLG1|TLG2|TLH1|TLH2|TLH3
uk,TLJ1,GNN,123,20,500,0.90000000000000002,GBP,2122.0814900775804,0.1489971008547481,316.18398979908335,188.51115605945085,0.088833137153728786,True,20484718.914387725,133552090.62826771,21795562.081060067,167276123.53356597,113067371.71387997,145480561.45250589,True,True,0.25522085833979979,False,False,15,London|TLC1|TLC2|TLD3|TLD4|TLD6|TLE3|TLE4|TLF1|TLF2|TLG1|TLG2|TLH1|TLH2|TLH3
uk,TLJ1,GNN,123,20,100,1,GBP,2122.0814900775804,0.16208594624878639,343.95958633625924,188.51115605945085,0.088833137153728786,True,5895002.7607070748,93671851.31229493,0,123592910.28969571,87776848.55158785,123592910.28969571,True,True,0.043932380432551724,True,False,15,London|TLC1|TLC2|TLD3|TLD4|TLD6|TLE3|TLE4|TLF1|TLF2|TLG1|TLG2|TLH1|TLH2|TLH3
uk,TLJ1,GNN,123,20,300,1,GBP,2122.0814900775804,0.16208594624878639,343.95958633625924,188.51115605945085,0.088833137153728786,True,14394771.113475382,134006383.8508264,2569570.2386068851,129747570.81807891,119611612.73735102,127178000.57947202,True,True,0.14831682919118933,False,False,15,London|TLC1|TLC2|TLD3|TLD4|TLD6|TLE3|TLE4|TLF1|TLF2|TLG1|TLG2|TLH1|TLH2|TLH3
uk,TLJ1,GNN,123,20,500,1,GBP,2122.0814900775804,0.16208594624878639,343.95958633625924,188.51115605945085,0.088833137153728786,True,20484718.914387725,145495597.13925332,21795562.081060067,179219630.04455158,125010878.22486559,157424067.9634915,True,True,0.25522085833979979,False,False,15,London|TLC1|TLC2|TLD3|TLD4|TLD6|TLE3|TLE4|TLF1|TLF2|TLG1|TLG2|TLH1|TLH2|TLH3
uk,TLJ1,GNN,456,10,100,0.5,GBP,2122.0814900775804,0.079758396347066149,169.25381656638038,172.54718737566719,0.081310349382180944,False,7687324.2294052411,62029372.703649193,251765.00000000076,54484828.918207146,54342048.474243954,54233063.918207146,True,True,0.054077807590460235,False,False,15,London|TLC1|TLC2|TLD3|TLD4|TLD6|TLE3|TLE4|TLF1|TLF2|TLG1|TLG2|TLH1|TLH2|TLH3
uk,TLJ1,GNN,456,10,300,0.5,GBP,2122.0814900775804,0.079758396347066149,169.25381656638038,172.54718737566719,0.081310349382180944,False,14766957.617773576,72674306.24695909,13880460.670782879,94078103.547018915,57907348.629185513,80197642.876236036,True,True,0.16098183673907068,False,False,15,London|TLC1|TLC2|TLD3|TLD4|TLD6|TLE3|TLE4|TLF1|TLF2|TLG1|TLG2|TLH1|TLH2|TLH3
uk,TLJ1,GNN,456,10,500,0.5,GBP,2122.0814900775804,0.079758396347066149,169.25381656638038,172.54718737566719,0.081310349382180944,False,14871792.494358059,72779141.123543575,23211462.519269526,130267685.02600566,57907348.629185513,107056222.50673613,True,True,0.26788586588768121,False,False,15,London|TLC1|TLC2|TLD3|TLD4|TLD6|TLE3|TLE4|TLF1|TLF2|TLG1|TLG2|TLH1|TLH2|TLH3
uk,TLJ1,GNN,456,10,100,0.80000000000000004,GBP,2122.0814900775804,0.10976070553265407,232.92116154870106,172.54718737566719,0.081310349382180944,True,7687324.2294052411,89145509.328304037,251765.00000000076,81861787.260605037,81458185.098898798,81610022.260605037,True,True,0.054077807590460235,False,False,15,London|TLC1|TLC2|TLD3|TLD4|TLD6|TLE3|TLE4|TLF1|TLF2|TLG1|TLG2|TLH1|TLH2|TLH3
uk,TLJ1,GNN,456,10,300,0.80000000000000004,GBP,2122.0814900775804,0.10976070553265407,232.92116154870106,172.54718737566719,0.081310349382180944,True,14766957.617773576,100051264.58935696,13880460.670782879,121455061.88941678,85284306.971583381,107574601.21863391,True,True,0.16098183673907068,False,False,15,London|TLC1|TLC2|TLD3|TLD4|TLD6|TLE3|TLE4|TLF1|TLF2|TLG1|TLG2|TLH1|TLH2|TLH3
uk,TLJ1,GNN,456,10,500,0.80000000000000004,GBP,2122.0814900775804,0.10976070553265407,232.92116154870106,172.54718737566719,0.081310349382180944,True,14871792.494358059,100156099.46594147,23211462.519269526,182450862.61319935,85284306.971583411,159239400.09392983,True,True,0.26788586588768121,False,False,15,London|TLC1|TLC2|TLD3|TLD4|TLD6|TLE3|TLE4|TLF1|TLF2|TLG1|TLG2|TLH1|TLH2|TLH3
uk,TLJ1,GNN,456,10,100,0.90000000000000002,GBP,2122.0814900775804,0.11634754585348168,246.89897347162602,172.54718737566719,0.081310349382180944,True,7687324.2294052411,95140514.900906146,251765.00000000076,87872246.387462765,87453190.671500906,87620481.387462765,True,True,0.054077807590460235,False,False,15,London|TLC1|TLC2|TLD3|TLD4|TLD6|TLE3|TLE4|TLF1|TLF2|TLG1|TLG2|TLH1|TLH2|TLH3
uk,TLJ1,GNN,456,10,300,0.90000000000000002,GBP,2122.0814900775804,0.11634754585348168,246.89897347162602,172.54718737566719,0.081310349382180944,True,14766957.617773576,106061723.7162147,13880460.670782879,127465521.01627453,91294766.098441124,113585060.34549165,True,True,0.16098183673907068,False,False,15,London|TLC1|TLC2|TLD3|TLD4|TLD6|TLE3|TLE4|TLF1|TLF2|TLG1|TLG2|TLH1|TLH2|TLH3
uk,TLJ1,GNN,456,10,500,0.90000000000000002,GBP,2122.0814900775804,0.11634754585348168,246.89897347162602,172.54718737566719,0.081310349382180944,True,14871792.494358059,106166558.5927992,23211462.519269526,194471780.86691484,91294766.098441139,171260318.34764531,True,True,0.26788586588768121,False,False,15,London|TLC1|TLC2|TLD3|TLD4|TLD6|TLE3|TLE4|TLF1|TLF2|TLG1|TLG2|TLH1|TLH2|TLH3
uk,TLJ1,GNN,456,10,100,1,GBP,2122.0814900775804,0.13218543938455474,280.50827417573561,172.54718737566719,0.081310349382180944,True,7687324.2294052411,109573192.56748207,251765.00000000076,102324245.69022992,101885868.33807683,102072480.69022992,True,True,0.054077807590460235,False,False,15,London|TLC1|TLC2|TLD3|TLD4|TLD6|TLE3|TLE4|TLF1|TLF2|TLG1|TLG2|TLH1|TLH2|TLH3
uk,TLJ1,GNN,456,10,300,1,GBP,2122.0814900775804,0.13218543938455474,280.50827417573561,172.54718737566719,0.081310349382180944,True,14766957.617773576,120513723.01898181,13880460.670782879,141917520.31904167,105746765.40120824,128037059.64825879,True,True,0.16098183673907068,False,False,15,London|TLC1|TLC2|TLD3|TLD4|TLD6|TLE3|TLE4|TLF1|TLF2|TLG1|TLG2|TLH1|TLH2|TLH3
uk,TLJ1,GNN,456,10,500,1,GBP,2122.0814900775804,0.13218543938455474,280.50827417573561,172.54718737566719,0.081310349382180944,True,14871792.494358059,120618557.89556631,23211462.519269526,223375779.47244906,105746765.40120825,200164316.95317954,True,True,0.26788586588768121,False,False,15,London|TLC1|TLC2|TLD3|TLD4|TLD6|TLE3|TLE4|TLF1|TLF2|TLG1|TLG2|TLH1|TLH2|TLH3
uk,TLJ1,GNN,456,20,100,0.5,GBP,2122.0814900775804,0.11310630600785927,240.02079839032879,270.58731236065512,0.12751033060034034,False,8734086.3215501904,54554689.722363077,0,80128574.336811662,45820603.400812887,80128574.336811662,True,True,0.043932380432551724,True,False,15,London|TLC1|TLC2|TLD3|TLD4|TLD6|TLE3|TLE4|TLF1|TLF2|TLG1|TLG2|TLH1|TLH2|TLH3
uk,TLJ1,GNN,456,20,300,0.5,GBP,2122.0814900775804,0.11310630600785927,240.02079839032879,270.58731236065512,0.12751033060034034,False,18727093.524214439,87410815.301331058,3831726.3004268557,61881028.476925835,68683721.777116627,58049302.176498979,True,True,0.14831682919118933,False,False,15,London|TLC1|TLC2|TLD3|TLD4|TLD6|TLE3|TLE4|TLF1|TLF2|TLG1|TLG2|TLH1|TLH2|TLH3
uk,TLJ1,GNN,456,20,500,0.5,GBP,2122.0814900775804,0.11310630600785927,240.02079839032879,270.58731236065512,0.12751033060034034,False,27773646.664742783,99018329.67309393,43078979.013657287,137516926.59099916,71244683.008351147,94437947.577341869,True,True,0.25522085833979979,False,False,15,London|TLC1|TLC2|TLD3|TLD4|TLD6|TLE3|TLE4|TLF1|TLF2|TLG1|TLG2|TLH1|TLH2|TLH3
uk,TLJ1,GNN,456,20,100,0.80000000000000004,GBP,2122.0814900775804,0.15453254388651785,327.93065099618087,270.58731236065512,0.12751033060034034,True,8734086.3215501904,85642806.098203734,0,117929810.95732808,76908719.776653543,117929810.95732808,True,True,0.043932380432551724,True,False,15,London|TLC1|TLC2|TLD3|TLD4|TLD6|TLE3|TLE4|TLF1|TLF2|TLG1|TLG2|TLH1|TLH2|TLH3
uk,TLJ1,GNN,456,20,300,0.80000000000000004,GBP,2122.0814900775804,0.15453254388651785,327.93065099618087,270.58731236065512,0.12751033060034034,True,18727093.524214439,123407681.95307936,3831726.3004268557,99682265.09744224,104680588.42886493,95850538.797015384,True,True,0.14831682919118933,False,False,15,London|TLC1|TLC2|TLD3|TLD4|TLD6|TLE3|TLE4|TLF1|TLF2|TLG1|TLG2|TLH1|TLH2|TLH3
uk,TLJ1,GNN,456,20,500,0.80000000000000004,GBP,2122.0814900775804,0.15453254388651785,327.93065099618087,270.58731236065512,0.12751033060034034,True,27773646.664742783,136771212.88773689,43078979.013657287,175766514.79228055,108997566.2229941,132687535.77862327,True,True,0.25522085833979979,False,False,15,London|TLC1|TLC2|TLD3|TLD4|TLD6|TLE3|TLE4|TLF1|TLF2|TLG1|TLG2|TLH1|TLH2|TLH3
uk,TLJ1,GNN,456,20,100,0.90000000000000002,GBP,2122.0814900775804,0.15691380366206784,332.98387828894181,270.58731236065512,0.12751033060034034,True,8734086.3215501904,87541255.938745499,0,120102698.69321525,78807169.617195308,120102698.69321525,True,True,0.043932380432551724,True,False,15,London|TLC1|TLC2|TLD3|TLD4|TLD6|TLE3|TLE4|TLF1|TLF2|TLG1|TLG2|TLH1|TLH2|TLH3
uk,TLJ1,GNN,456,20,300,0.90000000000000002,GBP,2122.0814900775804,0.15691380366206784,332.98387828894181,270.58731236065512,0.12751033060034034,True,18727093.524214439,125501898.67213953,3831726.3004268557,101855152.83332947,106774805.14792508,98023426.532902613,True,True,0.14831682919118933,False,False,15,London|TLC1|TLC2|TLD3|TLD4|TLD6|TLE3|TLE4|TLF1|TLF2|TLG1|TLG2|TLH1|TLH2|TLH3
uk,TLJ1,GNN,456,20,500,0.90000000000000002,GBP,2122.0814900775804,0.15691380366206784,332.98387828894181,270.58731236065512,0.12751033060034034,True,27773646.664742783,138944100.62362409,43078979.013657287,177939402.52816784,111170453.9588813,134860423.51451057,True,True,0.25522085833979979,False,False,15,London|TLC1|TLC2|TLD3|TLD4|TLD6|TLE3|TLE4|TLF1|TLF2|TLG1|TLG2|TLH1|TLH2|TLH3
uk,TLJ1,GNN,456,20,100,1,GBP,2122.0814900775804,0.17087764559264457,362.61628878018786,270.58731236065512,0.12751033060034034,True,8734086.3215501904,98909584.36792472,0,132844635.20445105,90175498.04637453,132844635.20445105,True,True,0.043932380432551724,True,False,15,London|TLC1|TLC2|TLD3|TLD4|TLD6|TLE3|TLE4|TLF1|TLF2|TLG1|TLG2|TLH1|TLH2|TLH3
uk,TLJ1,GNN,456,20,300,1,GBP,2122.0814900775804,0.17087764559264457,362.61628878018786,270.58731236065512,0.12751033060034034,True,18727093.524214439,137813778.67842221,3831726.3004268557,114597089.34456523,119086685.15420777,110765363.04413837,True,True,0.14831682919118933,False,False,15,London|TLC1|TLC2|TLD3|TLD4|TLD6|TLE3|TLE4|TLF1|TLF2|TLG1|TLG2|TLH1|TLH2|TLH3
uk,TLJ1,GNN,456,20,500,1,GBP,2122.0814900775804,0.17087764559264457,362.61628878018786,270.58731236065512,0.12751033060034034,True,27773646.664742783,151686037.13485992,43078979.013657287,190681339.03940359,123912390.47011714,147602360.02574629,True,True,0.25522085833979979,False,False,15,London|TLC1|TLC2|TLD3|TLD4|TLD6|TLE3|TLE4|TLF1|TLF2|TLG1|TLG2|TLH1|TLH2|TLH3
