country,region,distribution,gnn_seed,radius_km,dc_mw,rho_cell,rho_agg,rho_agg_vs_Aref,L_E,L_S,cost_unit
uk,London,Ref,,10,100,1,0.99782758661450588,1,1324312.1194994636,0,GBP
uk,London,Ref,,10,300,1,0.99782758661450588,1,4206642.8335640859,0,GBP
uk,London,Ref,,10,500,1,0.99782758661450588,1,6094599.114033279,0,GBP
uk,London,PERM-R/3,,10,100,0.80027417103468446,0.99717608264899138,0.99965926291481577,1711537.7531542245,0,GBP
uk,London,PERM-R/3,,10,300,0.80027417103468446,0.99717608264899138,0.99965926291481577,5453811.573441511,0,GBP
uk,London,PERM-R/3,,10,500,0.80027417103468446,0.99717608264899138,0.99965926291481577,8040328.6783941938,0,GBP
uk,London,PERM-R,,10,100,0.59306177938947591,0.98714830088597649,0.98987652746913191,12109381.223048575,0,GBP
uk,London,PERM-R,,10,300,0.59306177938947591,0.98714830088597649,0.98987652746913191,28000587.161245029,0,GBP
uk,London,PERM-R,,10,500,0.59306177938947591,0.98714830088597649,0.98987652746913191,34175807.812826708,0,GBP
uk,London,PERM-3R,,10,100,0.19605231483900648,0.84304432462373269,0.84439589059897247,48380514.463008627,0,GBP
uk,London,PERM-3R,,10,300,0.19605231483900648,0.84304432462373269,0.84439589059897247,66405836.299435534,11120132.82000001,GBP
uk,London,PERM-3R,,10,500,0.19605231483900648,0.84304432462373269,0.84439589059897247,71653431.342685834,1917463.3100000059,GBP
uk,London,SMOOTH-0.5,,10,100,0.94803828023865855,0.9627972096423818,0.96546037636509408,10044907.340550641,1499269.157601537,GBP
uk,London,SMOOTH-0.5,,10,300,0.94803828023865855,0.9627972096423818,0.96546037636509408,18880327.788773987,49135342.542045526,GBP
uk,London,SMOOTH-0.5,,10,500,0.94803828023865855,0.9627972096423818,0.96546037636509408,25909653.39842765,0,GBP
uk,London,SMOOTH-1,,10,100,0.91037331930493326,0.96616892759537221,0.96876389319097322,3145227.5799947185,8503309.8005905449,GBP
uk,London,SMOOTH-1,,10,300,0.91037331930493326,0.96616892759537221,0.96876389319097322,18514908.869958781,53546871.060823724,GBP
uk,London,SMOOTH-1,,10,500,0.91037331930493326,0.96616892759537221,0.96876389319097322,35382771.739237599,0,GBP
uk,London,SMOOTH-2,,10,100,0.51831857747767773,0.70872466785712129,0.70870360517590125,85196502.512103349,3076222.7949999962,GBP
uk,London,SMOOTH-2,,10,300,0.51831857747767773,0.70872466785712129,0.70870360517590125,114376757.03735465,73872379.75999999,GBP
uk,London,SMOOTH-2,,10,500,0.51831857747767773,0.70872466785712129,0.70870360517590125,139134633.26975363,119912269.49000005,GBP
uk,London,LU,,10,100,0.60331161996351246,0.99337627472585088,0.99604741201185287,5019941.0143101849,0,GBP
uk,London,LU,,10,300,0.60331161996351246,0.99337627472585088,0.99604741201185287,12507912.283389192,0,GBP
uk,London,LU,,10,500,0.60331161996351246,0.99337627472585088,0.99604741201185287,15647359.981654229,0,GBP
uk,London,GNN,42,10,100,0.39964007567255905,0.99261554139037533,0.99513853328463331,4886508.6711473064,0,GBP
uk,London,GNN,42,10,300,0.39964007567255905,0.99261554139037533,0.99513853328463331,11390581.248338314,0,GBP
uk,London,GNN,42,10,500,0.39964007567255905,0.99261554139037533,0.99513853328463331,14562145.737233369,0,GBP
uk,London,Ref,,20,100,1,0.99926265820562732,1,0,0,GBP
uk,London,Ref,,20,300,1,0.99926265820562732,1,180649.56747237098,0,GBP
uk,London,Ref,,20,500,1,0.99926265820562732,1,987757.12504613528,0,GBP
uk,London,PERM-R/3,,20,100,0.67733914250972072,0.99768909082738066,0.99860455865113951,0,0,GBP
uk,London,PERM-R/3,,20,300,0.67733914250972072,0.99768909082738066,0.99860455865113951,784289.19480670232,0,GBP
uk,London,PERM-R/3,,20,500,0.67733914250972072,0.99768909082738066,0.99860455865113951,3426921.4850861542,0,GBP
uk,London,PERM-R,,20,100,0.30363048081691651,0.98352220542125124,0.98450527962631984,1282450.728934794,0,GBP
uk,London,PERM-R,,20,300,0.30363048081691651,0.98352220542125124,0.98450527962631984,5153999.4635176277,0,GBP
uk,London,PERM-R,,20,500,0.30363048081691651,0.98352220542125124,0.98450527962631984,9166018.8235118184,0,GBP
uk,London,PERM-3R,,20,100,0.057240095988753764,0.87148530144051628,0.87266529216632305,13482541.035223942,0,GBP
uk,London,PERM-3R,,20,300,0.057240095988753764,0.87148530144051628,0.87266529216632305,20060526.332465544,0,GBP
uk,London,PERM-3R,,20,500,0.057240095988753764,0.87148530144051628,0.87266529216632305,26511189.481680054,0,GBP
uk,London,SMOOTH-0.5,,20,100,0.98612921569794731,0.99599961765285838,0.99664565416141349,0,0,GBP
uk,London,SMOOTH-0.5,,20,300,0.98612921569794731,0.99599961765285838,0.99664565416141349,442084.65934467252,0,GBP
uk,London,SMOOTH-0.5,,20,500,0.98612921569794731,0.99599961765285838,0.99664565416141349,2600642.2908769799,0,GBP
uk,London,SMOOTH-1,,20,100,0.90500906055695862,0.9699397974984747,0.9707114981778745,931034.18132246181,0,GBP
uk,London,SMOOTH-1,,20,300,0.90500906055695862,0.9699397974984747,0.9707114981778745,5096034.2993247835,0,GBP
uk,London,SMOOTH-1,,20,500,0.90500906055695862,0.9699397974984747,0.9707114981778745,10231597.878832875,0,GBP
uk,London,SMOOTH-2,,20,100,0.64691598244362003,0.80051261785467143,0.80110520327630086,16794080.002989892,0,GBP
uk,London,SMOOTH-2,,20,300,0.64691598244362003,0.80051261785467143,0.80110520327630086,25949042.966897596,0,GBP
uk,London,SMOOTH-2,,20,500,0.64691598244362003,0.80051261785467143,0.80110520327630086,35814985.068537265,0,GBP
uk,London,LU,,20,100,0.60331161996351246,0.99793055942378672,0.99876263619065908,0,0,GBP
uk,London,LU,,20,300,0.60331161996351246,0.99793055942378672,0.99876263619065908,890042.59052441362,0,GBP
uk,London,LU,,20,500,0.60331161996351246,0.99793055942378672,0.99876263619065908,3255369.7345679225,0,GBP
uk,London,GNN,42,20,100,0.39964007567255905,0.99779659062029979,0.99860038565009623,0,0,GBP
uk,London,GNN,42,20,300,0.39964007567255905,0.99779659062029979,0.99860038565009623,694398.43941385311,0,GBP
uk,London,GNN,42,20,500,0.39964007567255905,0.99779659062029979,0.99860038565009623,2904876.7250830117,0,GBP
uk,TLH2,Ref,,10,100,0.99999999999999989,0.96618400876046406,1,4461962.9352281932,5858049.8594383262,GBP
uk,TLH2,Ref,,10,300,0.99999999999999989,0.96618400876046406,1,4461962.9352281932,5858049.8594383001,GBP
uk,TLH2,Ref,,10,500,0.99999999999999989,0.96618400876046406,1,4461962.9352281932,5858049.8594383001,GBP
uk,TLH2,PERM-R/3,,10,100,0.84308548783308679,0.96455737034935585,0.99951662937915731,4585390.7483638208,5888717.674438335,GBP
uk,TLH2,PERM-R/3,,10,300,0.84308548783308679,0.96455737034935585,0.99951662937915731,4585390.7483638208,5888717.6744383126,GBP
uk,TLH2,PERM-R/3,,10,500,0.84308548783308679,0.96455737034935585,0.99951662937915731,4585390.7483638208,5888717.6744383276,GBP
uk,TLH2,PERM-R,,10,100,0.56957401185220291,0.94033452465589662,0.98592237498059365,5960476.8644019691,7198634.8444383293,GBP
uk,TLH2,PERM-R,,10,300,0.56957401185220291,0.94033452465589662,0.98592237498059365,5960476.8644019701,7198634.8444383144,GBP
uk,TLH2,PERM-R,,10,500,0.56957401185220291,0.94033452465589662,0.98592237498059365,5960476.8644019701,7198634.8444382846,GBP
uk,TLH2,PERM-3R,,10,100,0.27741741481433696,0.84601205631349974,0.90235679908919975,10529816.216054086,3057175.0720432401,GBP
uk,TLH2,PERM-3R,,10,300,0.27741741481433696,0.84601205631349974,0.90235679908919975,10544669.273141157,3057175.0720432252,GBP
uk,TLH2,PERM-3R,,10,500,0.27741741481433696,0.84601205631349974,0.90235679908919975,10544669.273141157,3057175.0720431805,GBP
uk,TLH2,SMOOTH-0.5,,10,100,0.94718664342505299,0.93493852041053693,0.94942905635726405,7474478.6888030525,6947754.2359877191,GBP
uk,TLH2,SMOOTH-0.5,,10,300,0.94718664342505299,0.93493852041053693,0.94942905635726405,7474478.6888030544,6947754.235987708,GBP
uk,TLH2,SMOOTH-0.5,,10,500,0.94718664342505299,0.93493852041053693,0.94942905635726405,7474478.6888030525,6947754.2359876931,GBP
uk,TLH2,SMOOTH-1,,10,100,0.64508364432372556,0.4383748468716841,0.46523956280989065,18844032.286508787,10593237.690987706,GBP
uk,TLH2,SMOOTH-1,,10,300,0.64508364432372556,0.4383748468716841,0.46523956280989065,20831005.63394545,7561890.7709876746,GBP
uk,TLH2,SMOOTH-1,,10,500,0.64508364432372556,0.4383748468716841,0.46523956280989065,20831005.63394545,7561890.7709876895,GBP
uk,TLH2,SMOOTH-2,,10,100,0.69393663246499493,0.78946645374261526,0.82261572315393072,32132885.245944243,12075596.900987722,GBP
uk,TLH2,SMOOTH-2,,10,300,0.69393663246499493,0.78946645374261526,0.82261572315393072,32502017.260410402,7522302.8209876865,GBP
uk,TLH2,SMOOTH-2,,10,500,0.69393663246499493,0.78946645374261526,0.82261572315393072,32502017.260410402,7522302.8209877014,GBP
uk,TLH2,LU,,10,100,0.31115161153653487,0.89030105279171146,0.93130940432735099,8903062.2074453514,2496737.5163395479,GBP
uk,TLH2,LU,,10,300,0.31115161153653487,0.89030105279171146,0.93130940432735099,8954302.7833220586,2400500.9363395423,GBP
uk,TLH2,LU,,10,500,0.31115161153653487,0.89030105279171146,0.93130940432735099,8954302.7833220586,2400500.9363395274,GBP
uk,TLH2,GNN,42,10,100,0.25061816037849105,0.91311420824624745,0.93005071651267923,7843757.7512784759,8494088.200987719,GBP
uk,TLH2,GNN,42,10,300,0.25061816037849105,0.91311420824624745,0.93005071651267923,7843757.7512784759,8494088.2009876817,GBP
uk,TLH2,GNN,42,10,500,0.25061816037849105,0.91311420824624745,0.93005071651267923,7843757.7512784768,8494088.2009876668,GBP
uk,TLH2,Ref,,20,100,0.99999999999999989,0.99417361364856327,1,5685032.5340306666,2653078.9080987815,GBP
uk,TLH2,Ref,,20,300,0.99999999999999989,0.99417361364856327,1,5723479.7496852363,4583449.8177469373,GBP
uk,TLH2,Ref,,20,500,0.99999999999999989,0.99417361364856327,1,5723479.7496852363,4583449.8177469075,GBP
uk,TLH2,PERM-R/3,,20,100,0.74079684566153003,0.99305737917986014,0.9994550423637607,6250888.6974637853,2367161.5134506263,GBP
uk,TLH2,PERM-R/3,,20,300,0.74079684566153003,0.99305737917986014,0.9994550423637607,6313713.4760193517,3473153.0965494066,GBP
uk,TLH2,PERM-R/3,,20,500,0.74079684566153003,0.99305737917986014,0.9994550423637607,6313713.4760193527,3473153.0965493917,GBP
uk,TLH2,PERM-R,,20,100,0.39178468802345989,0.98357390195991601,0.99125555731388926,11135061.107168602,6691422.5215493795,GBP
uk,TLH2,PERM-R,,20,300,0.39178468802345989,0.98357390195991601,0.99125555731388926,12707660.768032342,1567275.8030987382,GBP
uk,TLH2,PERM-R,,20,500,0.39178468802345989,0.98357390195991601,0.99125555731388926,12707660.768032342,1567275.8030986786,GBP
uk,TLH2,PERM-3R,,20,100,0.17251304843284035,0.86162776426179521,0.87085504671376168,20075600.26462302,9436198.6310555506,GBP
uk,TLH2,PERM-3R,,20,300,0.17251304843284035,0.86162776426179521,0.87085504671376168,27586107.087348104,1548363.1260555387,GBP
uk,TLH2,PERM-3R,,20,500,0.17251304843284035,0.86162776426179521,0.87085504671376168,27586107.087348104,1548363.1260555387,GBP
uk,TLH2,SMOOTH-0.5,,20,100,0.9790670228268501,0.96259736202523261,0.97278808669702166,16564265.937800393,8570169.8120432664,GBP
uk,TLH2,SMOOTH-0.5,,20,300,0.9790670228268501,0.96259736202523261,0.97278808669702166,17788168.148625221,8415755.5220432729,GBP
uk,TLH2,SMOOTH-0.5,,20,500,0.9790670228268501,0.96259736202523261,0.97278808669702166,17788168.148625221,8415755.5220432281,GBP
uk,TLH2,SMOOTH-1,,20,100,0.79594564416075231,0.80281593175378552,0.78896134424033593,28778034.098799452,9436198.6310555506,GBP
uk,TLH2,SMOOTH-1,,20,300,0.79594564416075231,0.80281593175378552,0.78896134424033593,34045346.111553878,4458746.6146481484,GBP
uk,TLH2,SMOOTH-1,,20,500,0.79594564416075231,0.80281593175378552,0.78896134424033593,34045346.111553878,4458746.6146481037,GBP
uk,TLH2,SMOOTH-2,,20,100,0.72129535472717066,0.60176798649647489,0.6258807379701844,40187823.335771836,11441184.283280762,GBP
uk,TLH2,SMOOTH-2,,20,300,0.72129535472717066,0.60176798649647489,0.6258807379701844,54553831.706499666,2884269.2810555249,GBP
uk,TLH2,SMOOTH-2,,20,500,0.72129535472717066,0.60176798649647489,0.6258807379701844,54556339.895577163,2884269.28105551,GBP
uk,TLH2,LU,,20,100,0.31115161153653487,0.95669537543478511,0.96573366593341659,14474075.162445728,9248629.191055553,GBP
uk,TLH2,LU,,20,300,0.31115161153653487,0.95669537543478511,0.96573366593341659,16252704.322864868,2119813.9910555333,GBP
uk,TLH2,LU,,20,500,0.31115161153653487,0.95669537543478511,0.96573366593341659,16252704.32286487,2119813.9910554886,GBP
uk,TLH2,GNN,42,20,100,0.25061816037849105,0.98630926246005979,0.98926271081567763,9133324.4930583593,2580906.9576049279,GBP
uk,TLH2,GNN,42,20,300,0.25061816037849105,0.98630926246005979,0.98926271081567763,9230359.6836637035,2981479.174999997,GBP
uk,TLH2,GNN,42,20,500,0.25061816037849105,0.98630926246005979,0.98926271081567763,9230359.6836637035,2981479.1749999523,GBP
uk,TLH3,Ref,,10,100,1,0.95140414866400724,1,4285023.6776448004,490889.07499998808,GBP
uk,TLH3,Ref,,10,300,1,0.95140414866400724,1,4285023.6776448013,490889.07499994338,GBP
uk,TLH3,Ref,,10,500,1,0.95140414866400724,1,4285023.6776448013,490889.07499995828,GBP
uk,TLH3,PERM-R/3,,10,100,0.85168083808637651,0.94912955460727311,0.9994516553629138,4454993.7628736505,572384.6099999845,GBP
uk,TLH3,PERM-R/3,,10,300,0.85168083808637651,0.94912955460727311,0.9994516553629138,4454993.7628736515,572384.6099999398,GBP
uk,TLH3,PERM-R/3,,10,500,0.85168083808637651,0.94912955460727311,0.9994516553629138,4454993.7628736533,572384.6099999845,GBP
uk,TLH3,PERM-R,,10,100,0.60007413301657575,0.92146930673134664,0.98318885979721493,6013295.4705331605,174833.69999998808,GBP
uk,TLH3,PERM-R,,10,300,0.60007413301657575,0.92146930673134664,0.98318885979721493,6013295.4705331596,174833.69999994338,GBP
uk,TLH3,PERM-R,,10,500,0.60007413301657575,0.92146930673134664,0.98318885979721493,6013295.4705331614,174833.69999992847,GBP
uk,TLH3,PERM-3R,,10,100,0.31802205474976397,0.76576484514528664,0.83510819127704783,11175582.662862195,2669576.9549999796,GBP
uk,TLH3,PERM-3R,,10,300,0.31802205474976397,0.76576484514528664,0.83510819127704783,11183205.349231411,2669576.9549999684,GBP
uk,TLH3,PERM-3R,,10,500,0.31802205474976397,0.76576484514528664,0.83510819127704783,11183205.349231409,2669576.9549999535,GBP
uk,TLH3,SMOOTH-0.5,,10,100,0.91167516088024669,0.78482152024581397,0.84263165915791471,11682308.039462691,4483836.3949999921,GBP
uk,TLH3,SMOOTH-0.5,,10,300,0.91167516088024669,0.78482152024581397,0.84263165915791471,11682308.039462691,4483836.3949999511,GBP
uk,TLH3,SMOOTH-0.5,,10,500,0.91167516088024669,0.78482152024581397,0.84263165915791471,11682308.039462693,4483836.3949999809,GBP
uk,TLH3,SMOOTH-1,,10,100,0.82657006162067792,0.65920017010055265,0.6831030747757687,14249308.809977507,4300128.139999982,GBP
uk,TLH3,SMOOTH-1,,10,300,0.82657006162067792,0.65920017010055265,0.6831030747757687,14353882.455318028,2548097.4399999529,GBP
uk,TLH3,SMOOTH-1,,10,500,0.82657006162067792,0.65920017010055265,0.6831030747757687,14353882.455318028,2548097.4399999678,GBP
uk,TLH3,SMOOTH-2,,10,100,0.73289051318620779,0.49574376702345008,0.51185243296310823,16396357.861423822,4957693.1699999832,GBP
uk,TLH3,SMOOTH-2,,10,300,0.73289051318620779,0.49574376702345008,0.51185243296310823,16734821.399426045,3492706.1749999523,GBP
uk,TLH3,SMOOTH-2,,10,500,0.73289051318620779,0.49574376702345008,0.51185243296310823,16734821.399426045,3492706.1749999523,GBP
uk,TLH3,LU,,10,100,0.1884032412612843,0.65426160296339775,0.72323523380880839,10416211.757594807,2593247.2249999903,GBP
uk,TLH3,LU,,10,300,0.1884032412612843,0.65426160296339775,0.72323523380880839,10424843.580537913,2593247.2249999642,GBP
uk,TLH3,LU,,10,500,0.1884032412612843,0.65426160296339775,0.72323523380880839,10424843.580537913,2593247.224999994,GBP
uk,TLH3,GNN,42,10,100,0.3017762105854474,0.8765284318094011,0.85791026997756747,7296518.8093191143,3737120.3249999844,GBP
uk,TLH3,GNN,42,10,300,0.3017762105854474,0.8765284318094011,0.85791026997756747,7297088.7416642783,3737120.3249999732,GBP
uk,TLH3,GNN,42,10,500,0.3017762105854474,0.8765284318094011,0.85791026997756747,7297088.7416642774,3737120.3249999583,GBP
uk,TLH3,Ref,,20,100,1,0.99141771337684703,1,5510524.3181263749,1661579.125000041,GBP
uk,TLH3,Ref,,20,300,1,0.99141771337684703,1,5555032.1360139614,1703512.7250000536,GBP
uk,TLH3,Ref,,20,500,1,0.99141771337684703,1,5555032.1360139614,1703512.7250000834,GBP
uk,TLH3,PERM-R/3,,20,100,0.73255284675579491,0.98987350851220224,0.99920115680028909,6243390.9851201838,1670717.0550000407,GBP
uk,TLH3,PERM-R/3,,20,300,0.73255284675579491,0.98987350851220224,0.99920115680028909,6289826.8547525695,1670717.0550000668,GBP
uk,TLH3,PERM-R/3,,20,500,0.73255284675579491,0.98987350851220224,0.99920115680028909,6289826.8547525685,1670717.0550000966,GBP
uk,TLH3,PERM-R,,20,100,0.38687117767745255,0.97522422082176929,0.98952947088236765,9521796.5717502404,1951093.8250000328,GBP
uk,TLH3,PERM-R,,20,300,0.38687117767745255,0.97522422082176929,0.98952947088236765,9686364.9281616677,2137353.7000000477,GBP
uk,TLH3,PERM-R,,20,500,0.38687117767745255,0.97522422082176929,0.98952947088236765,9686364.9281616639,2137353.7000000477,GBP
uk,TLH3,PERM-3R,,20,100,0.07101352538451336,0.68512677080210915,0.70974603043650752,26562173.339015145,14621899.954999957,GBP
uk,TLH3,PERM-3R,,20,300,0.07101352538451336,0.68512677080210915,0.70974603043650752,33926566.657249056,1346004.0600000471,GBP
uk,TLH3,PERM-3R,,20,500,0.07101352538451336,0.68512677080210915,0.70974603043650752,33926566.657249056,1346004.0600000322,GBP
uk,TLH3,SMOOTH-0.5,,20,100,0.97016746227667761,0.95428606286625484,0.95686148171537033,18623595.932477038,4073800.864999976,GBP
uk,TLH3,SMOOTH-0.5,,20,300,0.97016746227667761,0.95428606286625484,0.95686148171537033,19315191.949176036,4677585.5799999833,GBP
uk,TLH3,SMOOTH-0.5,,20,500,0.97016746227667761,0.95428606286625484,0.95686148171537033,19315191.949176036,4677585.5799999833,GBP
uk,TLH3,SMOOTH-1,,20,100,0.89522973676250428,0.91952373865924186,0.93098296074574005,19091674.004419573,4095702.6999999844,GBP
uk,TLH3,SMOOTH-1,,20,300,0.89522973676250428,0.91952373865924186,0.93098296074574005,20320083.469658218,4118799.0749999881,GBP
uk,TLH3,SMOOTH-1,,20,500,0.89522973676250428,0.91952373865924186,0.93098296074574005,20320083.469658215,4118799.0750000179,GBP
uk,TLH3,SMOOTH-2,,20,100,0.73889034754050853,0.3909589117350728,0.39289023372255838,46352930.304656588,14595014.419999953,GBP
uk,TLH3,SMOOTH-2,,20,300,0.73889034754050853,0.3909589117350728,0.39289023372255838,75527854.88203232,10994866.509999931,GBP
uk,TLH3,SMOOTH-2,,20,500,0.73889034754050853,0.3909589117350728,0.39289023372255838,80698461.857844815,2774539.7400000393,GBP
uk,TLH3,LU,,20,100,0.1884032412612843,0.91907023439507751,0.93457289064322258,15757189.378316645,1473468.1000000462,GBP
uk,TLH3,LU,,20,300,0.1884032412612843,0.91907023439507751,0.93457289064322258,16790628.907990929,2668180.3149999976,GBP
uk,TLH3,LU,,20,500,0.1884032412612843,0.91907023439507751,0.93457289064322258,16790628.907990929,2668180.3149999976,GBP
uk,TLH3,GNN,42,20,100,0.3017762105854474,0.97099386487315142,0.97465596816399214,9619705.1964318007,3793126.9649999812,GBP
uk,TLH3,GNN,42,20,300,0.3017762105854474,0.97099386487315142,0.97465596816399214,9695057.1728450619,5519337.8849999905,GBP
uk,TLH3,GNN,42,20,500,0.3017762105854474,0.97099386487315142,0.97465596816399214,9695057.17284506,5519337.8850000203,GBP
uk,TLJ1,Ref,,10,100,0.99999999999999989,0.9662211747341154,1,3326367.6507637026,251765.00000000076,GBP
uk,TLJ1,Ref,,10,300,0.99999999999999989,0.9662211747341154,1,5238272.1069076173,1175107.6671689376,GBP
uk,TLJ1,Ref,,10,500,0.99999999999999989,0.9662211747341154,1,5238272.1069076182,1005770,GBP
uk,TLJ1,PERM-R/3,,10,100,0.83496040834266705,0.96367815555293501,0.99910487477621868,3515148.4066302902,251765.00000000076,GBP
uk,TLJ1,PERM-R/3,,10,300,0.83496040834266705,0.96367815555293501,0.99910487477621868,5688021.1070052283,3141536.3982942179,GBP
uk,TLJ1,PERM-R/3,,10,500,0.83496040834266705,0.96367815555293501,0.99910487477621868,5688021.1070052292,1005770,GBP
uk,TLJ1,PERM-R,,10,100,0.54344511692803943,0.93353941496628035,0.98116067029016751,5119505.2349489536,251765.00000000076,GBP
uk,TLJ1,PERM-R,,10,300,0.54344511692803943,0.93353941496628035,0.98116067029016751,8858208.5269733388,3819352.7477190718,GBP
uk,TLJ1,PERM-R,,10,500,0.54344511692803943,0.93353941496628035,0.98116067029016751,8879523.1072600354,4438230.7764937282,GBP
uk,TLJ1,PERM-3R,,10,100,0.25308070524903725,0.7268738588727186,0.78115576378894092,10198549.271796368,505465.00000000105,GBP
uk,TLJ1,PERM-3R,,10,300,0.25308070524903725,0.7268738588727186,0.78115576378894092,18349471.620261408,1357947.3207221925,GBP
uk,TLJ1,PERM-3R,,10,500,0.25308070524903725,0.7268738588727186,0.78115576378894092,18505751.602451973,1864560.5795136094,GBP
uk,TLJ1,SMOOTH-0.5,,10,100,0.95380759851457719,0.92611823409763405,0.95425650456412614,6460679.6594227524,924930.0000000007,GBP
uk,TLJ1,SMOOTH-0.5,,10,300,0.95380759851457719,0.92611823409763405,0.95425650456412614,11970179.255011499,5313527.951990217,GBP
uk,TLJ1,SMOOTH-0.5,,10,500,0.95380759851457719,0.92611823409763405,0.95425650456412614,12190398.017412826,10120758.358746678,GBP
uk,TLJ1,SMOOTH-1,,10,100,0.67607573084540928,0.59860528340297059,0.61359328239832056,17893750.474043746,2810981.8100000015,GBP
uk,TLJ1,SMOOTH-1,,10,300,0.67607573084540928,0.59860528340297059,0.61359328239832056,29054463.330077205,435382.32072219253,GBP
uk,TLJ1,SMOOTH-1,,10,500,0.67607573084540928,0.59860528340297059,0.61359328239832056,30078708.108806711,9928217.8724327087,GBP
uk,TLJ1,SMOOTH-2,,10,100,0.48716085090476091,0.43610879756726445,0.45410681052670265,36908285.511008888,9901324.4800000004,GBP
uk,TLJ1,SMOOTH-2,,10,300,0.48716085090476091,0.43610879756726445,0.45410681052670265,52338095.576968655,5359097.3207222074,GBP
uk,TLJ1,SMOOTH-2,,10,500,0.48716085090476091,0.43610879756726445,0.45410681052670265,56169251.082331911,5279295.0030808449,GBP
uk,TLJ1,LU,,10,100,0.27633311936673993,0.75421488153235483,0.7992652173163044,9443995.6808436178,251765.00000000076,GBP
uk,TLJ1,LU,,10,300,0.27633311936673993,0.75421488153235483,0.7992652173163044,18136675.881881051,18446468.529897869,GBP
uk,TLJ1,LU,,10,500,0.27633311936673993,0.75421488153235483,0.7992652173163044,18521643.322296776,31720425.560134917,GBP
uk,TLJ1,GNN,42,10,100,0.2617813422334207,0.86640453403877471,0.87697687974422001,7094162.5633545741,251765.00000000076,GBP
uk,TLJ1,GNN,42,10,300,0.2617813422334207,0.86640453403877471,0.87697687974422001,13327241.711484283,13251339.23899205,GBP
uk,TLJ1,GNN,42,10,500,0.2617813422334207,0.86640453403877471,0.87697687974422001,13396822.02436042,20736512.415889502,GBP
uk,TLJ1,Ref,,20,100,0.99999999999999989,0.99348509847617028,1,1220276.4705814952,0,GBP
uk,TLJ1,Ref,,20,300,0.99999999999999989,0.99348509847617028,1,5224808.1150851101,844181.93616957217,GBP
uk,TLJ1,Ref,,20,500,0.99999999999999989,0.99348509847617028,1,6362799.722411057,1366122.265431419,GBP
uk,TLJ1,PERM-R/3,,20,100,0.69589222747876378,0.98922128239266727,0.9976698949174736,1737049.0561852695,0,GBP
uk,TLJ1,PERM-R/3,,20,300,0.69589222747876378,0.98922128239266727,0.9976698949174736,7045134.4879784659,592522.83797591925,GBP
uk,TLJ1,PERM-R/3,,20,500,0.69589222747876378,0.98922128239266727,0.9976698949174736,8680933.6025649942,3789363.0435672253,GBP
uk,TLJ1,PERM-R,,20,100,0.37081337328524588,0.96659369258836936,0.97857219614304891,5099767.0528422641,0,GBP
uk,TLJ1,PERM-R,,20,300,0.37081337328524588,0.96659369258836936,0.97857219614304891,12805194.261170151,3640550.3382634521,GBP
uk,TLJ1,PERM-R,,20,500,0.37081337328524588,0.96659369258836936,0.97857219614304891,15982689.64060268,15346704.122081324,GBP
uk,TLJ1,PERM-3R,,20,100,0.16703108609001899,0.77918100340842789,0.79602995650748909,12769010.339486385,0,GBP
uk,TLJ1,PERM-3R,,20,300,0.16703108609001899,0.77918100340842789,0.79602995650748909,22719240.677943531,4401660.5477888398,GBP
uk,TLJ1,PERM-3R,,20,500,0.16703108609001899,0.77918100340842789,0.79602995650748909,33815803.426093042,46833138.940401107,GBP
uk,TLJ1,SMOOTH-0.5,,20,100,0.94314147897802925,0.93943678486845894,0.94661996065499032,1593579.0578679091,0,GBP
uk,TLJ1,SMOOTH-0.5,,20,300,0.94314147897802925,0.93943678486845894,0.94661996065499032,22851041.427503414,14826449.490635253,GBP
uk,TLJ1,SMOOTH-0.5,,20,500,0.94314147897802925,0.93943678486845894,0.94661996065499032,38057338.115511082,69014422.797936931,GBP
uk,TLJ1,SMOOTH-1,,20,100,0.84405326474063536,0.84707368483371992,0.86105266576316641,10731665.308074528,0,GBP
uk,TLJ1,SMOOTH-1,,20,300,0.84405326474063536,0.84707368483371992,0.86105266576316641,37010893.753540814,18043013.379689563,GBP
uk,TLJ1,SMOOTH-1,,20,500,0.84405326474063536,0.84707368483371992,0.86105266576316641,54580450.294056766,104150503.21151344,GBP
uk,TLJ1,SMOOTH-2,,20,100,0.71446768061154009,0.63415064149350131,0.62669958517489621,27321404.534355041,0,GBP
uk,TLJ1,SMOOTH-2,,20,300,0.71446768061154009,0.63415064149350131,0.62669958517489621,54901792.136850886,32922323.111336391,GBP
uk,TLJ1,SMOOTH-2,,20,500,0.71446768061154009,0.63415064149350131,0.62669958517489621,68437123.589835525,53139725.718815416,GBP
uk,TLJ1,LU,,20,100,0.27633311936673993,0.82085303103494633,0.82931433482858374,9779202.1392029449,0,GBP
uk,TLJ1,LU,,20,300,0.27633311936673993,0.82085303103494633,0.82931433482858374,20250654.219054841,4145658.2292705663,GBP
uk,TLJ1,LU,,20,500,0.27633311936673993,0.82085303103494633,0.82931433482858374,31141755.998005562,50421013.811005309,GBP
uk,TLJ1,GNN,42,20,100,0.2617813422334207,0.92204686936583957,0.92525961631490417,7386261.6156513961,0,GBP
uk,TLJ1,GNN,42,20,300,0.2617813422334207,0.92204686936583957,0.92525961631490417,16610322.016745973,3831726.3004268557,GBP
uk,TLJ1,GNN,42,20,500,0.2617813422334207,0.92204686936583957,0.92525961631490417,24237433.747581366,36639370.099471882,GBP
uk,TLF1,Ref,,10,100,0.99999999999999989,0.96717566472175787,1,3520636.7973042182,5866920.0000000093,GBP
uk,TLF1,Ref,,10,300,0.99999999999999989,0.96717566472175787,1,5203003.4440202834,910095.0000000149,GBP
uk,TLF1,Ref,,10,500,0.99999999999999989,0.96717566472175787,1,5203003.4440202825,910095,GBP
uk,TLF1,PERM-R/3,,10,100,0.85413532952884874,0.96595928338922987,0.99966268141567038,3718697.7397437445,5820695.0000000093,GBP
uk,TLF1,PERM-R/3,,10,300,0.85413532952884874,0.96595928338922987,0.99966268141567038,5673763.4743047124,2252340.0000000075,GBP
uk,TLF1,PERM-R/3,,10,500,0.85413532952884874,0.96595928338922987,0.99966268141567038,5673763.4743047124,2252340,GBP
uk,TLF1,PERM-R,,10,100,0.65222136296999556,0.9506772864099321,0.98953135638283907,5241128.6659225738,5852085.0000000093,GBP
uk,TLF1,PERM-R,,10,300,0.65222136296999556,0.9506772864099321,0.98953135638283907,8942962.9190377314,2707495.0000000149,GBP
uk,TLF1,PERM-R,,10,500,0.65222136296999556,0.9506772864099321,0.98953135638283907,8992015.0371064879,2707495.0000000298,GBP
uk,TLF1,PERM-3R,,10,100,0.25221628137211927,0.76785388825896783,0.81140655335163836,14690237.192281181,7842985.0000000075,GBP
uk,TLF1,PERM-3R,,10,300,0.25221628137211927,0.76785388825896783,0.81140655335163836,24432978.781631224,30631050,GBP
uk,TLF1,PERM-3R,,10,500,0.25221628137211927,0.76785388825896783,0.81140655335163836,26639011.432496645,1204860,GBP
uk,TLF1,SMOOTH-0.5,,10,100,0.91864158901368242,0.92673804416109051,0.9560511260127813,6791139.7249327758,5069055.0000000056,GBP
uk,TLF1,SMOOTH-0.5,,10,300,0.91864158901368242,0.92673804416109051,0.9560511260127813,10590297.225833042,25323560,GBP
uk,TLF1,SMOOTH-0.5,,10,500,0.91864158901368242,0.92673804416109051,0.9560511260127813,10590297.225833042,25323560,GBP
uk,TLF1,SMOOTH-1,,10,100,0.62508874863819219,0.561812376959682,0.60903290175822533,14880106.810044399,8027670.0000000075,GBP
uk,TLF1,SMOOTH-1,,10,300,0.62508874863819219,0.561812376959682,0.60903290175822533,26858774.995131858,25065345,GBP
uk,TLF1,SMOOTH-1,,10,500,0.62508874863819219,0.561812376959682,0.60903290175822533,27197646.554725721,29904565,GBP
uk,TLF1,SMOOTH-2,,10,100,0.71522583096235781,0.74805818122497214,0.77363726090931517,39143993.501983181,14454020,GBP
uk,TLF1,SMOOTH-2,,10,300,0.71522583096235781,0.74805818122497214,0.77363726090931517,52836266.41413746,40762065,GBP
uk,TLF1,SMOOTH-2,,10,500,0.71522583096235781,0.74805818122497214,0.77363726090931517,57288827.66165752,12917200,GBP
uk,TLF1,LU,,10,100,0.3296797985387791,0.84585250311335292,0.86757174389293601,9333121.4408129621,5004555.0000000056,GBP
uk,TLF1,LU,,10,300,0.3296797985387791,0.84585250311335292,0.86757174389293601,17013251.838855494,2196225.0000000075,GBP
uk,TLF1,LU,,10,500,0.3296797985387791,0.84585250311335292,0.86757174389293601,17219792.218923554,4879425,GBP
uk,TLF1,GNN,42,10,100,0.2990944768683127,0.9294782153410226,0.92823555105888766,5700994.7392654475,3718210.0000000023,GBP
uk,TLF1,GNN,42,10,300,0.2990944768683127,0.9294782153410226,0.92823555105888766,9084437.0560619701,5895945.0000000149,GBP
uk,TLF1,GNN,42,10,500,0.2990944768683127,0.9294782153410226,0.92823555105888766,9084437.0560619701,5895945,GBP
uk,TLF1,Ref,,20,100,0.99999999999999989,0.99589676882062361,1,1192966.5610835485,202960.00000000728,GBP
uk,TLF1,Ref,,20,300,0.99999999999999989,0.99589676882062361,1,4263226.0772209223,1880174.9999999912,GBP
uk,TLF1,Ref,,20,500,0.99999999999999989,0.99589676882062361,1,6758575.2610412035,5208590.0000000205,GBP
uk,TLF1,PERM-R/3,,20,100,0.73391265771702785,0.9946568544982971,0.9992390498097623,1505148.1700090028,202960.00000000728,GBP
uk,TLF1,PERM-R/3,,20,300,0.73391265771702785,0.9946568544982971,0.9992390498097623,5466739.0634064088,1880174.9999999912,GBP
uk,TLF1,PERM-R/3,,20,500,0.73391265771702785,0.9946568544982971,0.9992390498097623,9066773.123429345,11988184.999999991,GBP
uk,TLF1,PERM-R,,20,100,0.4855004735975057,0.98420917734492108,0.98979700794925196,3787960.3151897774,50740.000000001513,GBP
uk,TLF1,PERM-R,,20,300,0.4855004735975057,0.98420917734492108,0.98979700794925196,10823567.609401623,1472319.999999993,GBP
uk,TLF1,PERM-R,,20,500,0.4855004735975057,0.98420917734492108,0.98979700794925196,18395242.487782989,32879304.999999985,GBP
uk,TLF1,PERM-3R,,20,100,0.23902689895538792,0.93503873359307466,0.94237768809442202,14614626.582733277,0,GBP
uk,TLF1,PERM-3R,,20,300,0.23902689895538792,0.93503873359307466,0.94237768809442202,25100731.261167832,5588924.999999986,GBP
uk,TLF1,PERM-3R,,20,500,0.23902689895538792,0.93503873359307466,0.94237768809442202,39602967.578925952,62399235.00000006,GBP
uk,TLF1,SMOOTH-0.5,,20,100,0.84619488218809225,0.87307630878074849,0.87110386677596663,14725251.861485371,0,GBP
uk,TLF1,SMOOTH-0.5,,20,300,0.84619488218809225,0.87307630878074849,0.87110386677596663,28036020.879665382,0,GBP
uk,TLF1,SMOOTH-0.5,,20,500,0.84619488218809225,0.87307630878074849,0.87110386677596663,42988908.567436859,25088349.999999978,GBP
uk,TLF1,SMOOTH-1,,20,100,0.84337134983860973,0.90024704314138115,0.89727652431913107,8044110.9109913139,202960.00000000728,GBP
uk,TLF1,SMOOTH-1,,20,300,0.84337134983860973,0.90024704314138115,0.89727652431913107,21270955.900033116,0,GBP
uk,TLF1,SMOOTH-1,,20,500,0.84337134983860973,0.90024704314138115,0.89727652431913107,33891627.787885256,7463725.0000000428,GBP
uk,TLF1,SMOOTH-2,,20,100,0.46000312052489073,0.41520419345346854,0.42570047542511885,67908781.730918586,13980375.000000004,GBP
uk,TLF1,SMOOTH-2,,20,300,0.46000312052489073,0.41520419345346854,0.42570047542511885,97143779.484314486,72974870,GBP
uk,TLF1,SMOOTH-2,,20,500,0.46000312052489073,0.41520419345346854,0.42570047542511885,123750980.85765018,124402870.00000004,GBP
uk,TLF1,LU,,20,100,0.3296797985387791,0.98085397145672604,0.98433569108392283,10778794.553249286,1173040.0000000075,GBP
uk,TLF1,LU,,20,300,0.3296797985387791,0.98085397145672604,0.98433569108392283,18435655.656841539,6998894.9999999879,GBP
uk,TLF1,LU,,20,500,0.3296797985387791,0.98085397145672604,0.98433569108392283,31280731.965917271,43941915.000000037,GBP
uk,TLF1,GNN,42,20,100,0.2990944768683127,0.98851129762990197,0.98905606176401539,5572315.3441833816,1119290.0000000075,GBP
uk,TLF1,GNN,42,20,300,0.2990944768683127,0.98851129762990197,0.98905606176401539,11114655.900357639,1087469.9999999935,GBP
uk,TLF1,GNN,42,20,500,0.2990944768683127,0.98851129762990197,0.98905606176401539,18697839.880941249,29001779.99999997,GBP
uk,TLF2,Ref,,10,100,1,0.92669872840553735,1,4563006.4361566594,2419609.9999999986,GBP
uk,TLF2,Ref,,10,300,1,0.92669872840553735,1,5834125.6124365749,3712190,GBP
uk,TLF2,Ref,,10,500,1,0.92669872840553735,1,5834125.6124365758,3712190,GBP
uk,TLF2,PERM-R/3,,10,100,0.8306437167195897,0.92221954814942597,0.99914668428667108,4746367.3761368617,3099010,GBP
uk,TLF2,PERM-R/3,,10,300,0.8306437167195897,0.92221954814942597,0.99914668428667108,6244297.4493264863,4160895,GBP
uk,TLF2,PERM-R/3,,10,500,0.8306437167195897,0.92221954814942597,0.99914668428667108,6244297.4493264873,4160895,GBP
uk,TLF2,PERM-R,,10,100,0.52308497834019385,0.86088817219020042,0.96473821768455437,6804374.4220065223,3663600,GBP
uk,TLF2,PERM-R,,10,300,0.52308497834019385,0.86088817219020042,0.96473821768455437,10163507.822317313,8934325,GBP
uk,TLF2,PERM-R,,10,500,0.52308497834019385,0.86088817219020042,0.96473821768455437,10163507.822317313,8934325,GBP
uk,TLF2,PERM-3R,,10,100,0.18705305040227801,0.55749226567412202,0.65679861219965296,12465474.996277129,4170570,GBP
uk,TLF2,PERM-3R,,10,300,0.18705305040227801,0.55749226567412202,0.65679861219965296,20040087.160217851,16585315,GBP
uk,TLF2,PERM-3R,,10,500,0.18705305040227801,0.55749226567412202,0.65679861219965296,20472717.020936441,15616095,GBP
uk,TLF2,SMOOTH-0.5,,10,100,0.9418172078127961,0.87940477107226533,0.93078277519569375,7496002.4442903362,3663600,GBP
uk,TLF2,SMOOTH-0.5,,10,300,0.9418172078127961,0.87940477107226533,0.93078277519569375,9620374.831148224,2895835,GBP
uk,TLF2,SMOOTH-0.5,,10,500,0.9418172078127961,0.87940477107226533,0.93078277519569375,9620374.8311482258,2895835,GBP
uk,TLF2,SMOOTH-1,,10,100,0.78324001741730875,0.72206943599330276,0.77688613572153398,14949465.132751172,2061420,GBP
uk,TLF2,SMOOTH-1,,10,300,0.78324001741730875,0.72206943599330276,0.77688613572153398,20465471.255746707,22416115,GBP
uk,TLF2,SMOOTH-1,,10,500,0.78324001741730875,0.72206943599330276,0.77688613572153398,21136801.355974335,15962890,GBP
uk,TLF2,SMOOTH-2,,10,100,0.57386147270977461,0.49315261943092958,0.49478089719522422,18427821.519399334,15824430.000000004,GBP
uk,TLF2,SMOOTH-2,,10,300,0.57386147270977461,0.49315261943092958,0.49478089719522422,25072614.308822915,17241279.99999997,GBP
uk,TLF2,SMOOTH-2,,10,500,0.57386147270977461,0.49315261943092958,0.49478089719522422,25496316.561345492,14810490,GBP
uk,TLF2,LU,,10,100,0.14589584973528505,0.60915236988417631,0.64206735301683826,9938081.1798237879,5330280,GBP
uk,TLF2,LU,,10,300,0.14589584973528505,0.60915236988417631,0.64206735301683826,15158809.512364998,1398575,GBP
uk,TLF2,LU,,10,500,0.14589584973528505,0.60915236988417631,0.64206735301683826,15173976.166036796,1398575,GBP
uk,TLF2,GNN,42,10,100,0.20660981300548867,0.8320422303402617,0.86851837912959473,6642851.8423281908,3099010,GBP
uk,TLF2,GNN,42,10,300,0.20660981300548867,0.8320422303402617,0.86851837912959473,9879574.0299678929,1274090,GBP
uk,TLF2,GNN,42,10,500,0.20660981300548867,0.8320422303402617,0.86851837912959473,9879574.0299678911,1274090,GBP
uk,TLF2,Ref,,20,100,1,0.99128426204701292,1,2161515.9634286379,172429.99999999959,GBP
uk,TLF2,Ref,,20,300,1,0.99128426204701292,1,7660883.7117989603,3434839.9999999972,GBP
uk,TLF2,Ref,,20,500,1,0.99128426204701292,1,8119461.2019069092,42140,GBP
uk,TLF2,PERM-R/3,,20,100,0.67612730590003145,0.98179945032164251,0.99457899564474883,3407628.2654692833,86214.999999999796,GBP
uk,TLF2,PERM-R/3,,20,300,0.67612730590003145,0.98179945032164251,0.99457899564474883,11093632.721781868,3434839.9999999972,GBP
uk,TLF2,PERM-R/3,,20,500,0.67612730590003145,0.98179945032164251,0.99457899564474883,11755604.879969742,74605.000000014901,GBP
uk,TLF2,PERM-R,,20,100,0.35438879912823101,0.90569791985804737,0.93254377263594312,9469570.8877128866,514709.99999999936,GBP
uk,TLF2,PERM-R,,20,300,0.35438879912823101,0.90569791985804737,0.93254377263594312,24272073.399573389,33877335,GBP
uk,TLF2,PERM-R,,20,500,0.35438879912823101,0.90569791985804737,0.93254377263594312,27517959.571161538,2676105.0000000149,GBP
uk,TLF2,PERM-3R,,20,100,0.12706280076331264,0.81947535382145476,0.84798630199657554,12279385.947471309,514709.99999999936,GBP
uk,TLF2,PERM-3R,,20,300,0.12706280076331264,0.81947535382145476,0.84798630199657554,29494275.220863886,34809145,GBP
uk,TLF2,PERM-3R,,20,500,0.12706280076331264,0.81947535382145476,0.84798630199657554,39024567.695717923,745620,GBP
uk,TLF2,SMOOTH-0.5,,20,100,0.91675808862127095,0.93523265044487747,0.94518373129593269,7963322.8520190502,2551619.9999999963,GBP
uk,TLF2,SMOOTH-0.5,,20,300,0.91675808862127095,0.93523265044487747,0.94518373129593269,20974707.049015801,18212435.000000022,GBP
uk,TLF2,SMOOTH-0.5,,20,500,0.91675808862127095,0.93523265044487747,0.94518373129593269,21507220.697662618,4816645,GBP
uk,TLF2,SMOOTH-1,,20,100,0.8878128225182107,0.8664873570159326,0.88465474716368675,27823189.873503573,8505615,GBP
uk,TLF2,SMOOTH-1,,20,300,0.8878128225182107,0.8664873570159326,0.88465474716368675,54250673.062145732,61324020.000000015,GBP
uk,TLF2,SMOOTH-1,,20,500,0.8878128225182107,0.8664873570159326,0.88465474716368675,67458149.454324931,10730005.000000015,GBP
uk,TLF2,SMOOTH-2,,20,100,0.75036700389977551,0.73195217822462622,0.75344208386052092,36293229.836493678,8616339.9999999981,GBP
uk,TLF2,SMOOTH-2,,20,300,0.75036700389977551,0.73195217822462622,0.75344208386052092,68585353.033113673,63974970.000000015,GBP
uk,TLF2,SMOOTH-2,,20,500,0.75036700389977551,0.73195217822462622,0.75344208386052092,89636965.930154994,36256310,GBP
uk,TLF2,LU,,20,100,0.14589584973528505,0.89801296998130109,0.90603755400938846,9504636.850337239,514709.99999999936,GBP
uk,TLF2,LU,,20,300,0.14589584973528505,0.89801296998130109,0.90603755400938846,22376600.168977171,29676665,GBP
uk,TLF2,LU,,20,500,0.14589584973528505,0.89801296998130109,0.90603755400938846,28151801.599361945,813130.0000000298,GBP
uk,TLF2,GNN,42,20,100,0.20660981300548867,0.96065195522890801,0.96558794989698737,5933639.2570863701,0,GBP
uk,TLF2,GNN,42,20,300,0.20660981300548867,0.96065195522890801,0.96558794989698737,14529592.997827347,24198680.000000015,GBP
uk,TLF2,GNN,42,20,500,0.20660981300548867,0.96065195522890801,0.96558794989698737,17956750.524779867,74605,GBP
uk,TLC1,Ref,,10,100,1,0.94221372769491352,1,3076163.1247611106,0,GBP
uk,TLC1,Ref,,10,300,1,0.94221372769491352,1,5231962.1402885551,4738411.8645019457,GBP
uk,TLC1,Ref,,10,500,1,0.94221372769491352,1,5231962.1402885532,4738411.8645019531,GBP
uk,TLC1,PERM-R/3,,10,100,0.91699455996822965,0.94215749541266214,0.99981219507741503,3112515.1704576616,0,GBP
uk,TLC1,PERM-R/3,,10,300,0.91699455996822965,0.94215749541266214,0.99981219507741503,5311921.22552545,4738411.8645019531,GBP
uk,TLC1,PERM-R/3,,10,500,0.91699455996822965,0.94215749541266214,0.99981219507741503,5311921.2255254481,4738411.8645019531,GBP
uk,TLC1,PERM-R,,10,100,0.81449269630141785,0.93767864399168643,0.99535441520140922,3704240.4473467018,0,GBP
uk,TLC1,PERM-R,,10,300,0.81449269630141785,0.93767864399168643,0.99535441520140922,6595032.3253718913,7577219.5527343825,GBP
uk,TLC1,PERM-R,,10,500,0.81449269630141785,0.93767864399168643,0.99535441520140922,6595032.3253718903,7577219.552734375,GBP
uk,TLC1,PERM-3R,,10,100,0.61471548616378646,0.89651164881021439,0.94337209706937597,5169099.3110838644,0,GBP
uk,TLC1,PERM-3R,,10,300,0.61471548616378646,0.89651164881021439,0.94337209706937597,10142202.68567081,10457990.56933593,GBP
uk,TLC1,PERM-3R,,10,500,0.61471548616378646,0.89651164881021439,0.94337209706937597,10247172.463047056,11234688.399414062,GBP
uk,TLC1,SMOOTH-0.5,,10,100,0.90390513941094497,0.91801735750866564,0.95457261114890601,5012138.2780016204,0,GBP
uk,TLC1,SMOOTH-0.5,,10,300,0.90390513941094497,0.91801735750866564,0.95457261114890601,8190332.6292439438,7240899.388427712,GBP
uk,TLC1,SMOOTH-0.5,,10,500,0.90390513941094497,0.91801735750866564,0.95457261114890601,8190332.6292439438,7240899.3884277344,GBP
uk,TLC1,SMOOTH-1,,10,100,0.80854396894084712,0.65310964627589452,0.70129581541485542,11608416.887824612,850851.49804687465,GBP
uk,TLC1,SMOOTH-1,,10,300,0.80854396894084712,0.65310964627589452,0.70129581541485542,20027522.519217204,11512320.544921853,GBP
uk,TLC1,SMOOTH-1,,10,500,0.80854396894084712,0.65310964627589452,0.70129581541485542,20849433.41628984,9613972.7958984375,GBP
uk,TLC1,SMOOTH-2,,10,100,0.85944794565400362,0.87838916564289837,0.91158509328918425,9650807.5427361075,0,GBP
uk,TLC1,SMOOTH-2,,10,300,0.85944794565400362,0.87838916564289837,0.91158509328918425,16499873.082341298,13976782.851806633,GBP
uk,TLC1,SMOOTH-2,,10,500,0.85944794565400362,0.87838916564289837,0.91158509328918425,16499873.082341297,13976782.851806641,GBP
uk,TLC1,LU,,10,100,0.53100102355847834,0.88621342776667367,0.91403260115748586,6929171.1992702242,0,GBP
uk,TLC1,LU,,10,300,0.53100102355847834,0.88621342776667367,0.91403260115748586,11835882.654595932,6063506.6252441332,GBP
uk,TLC1,LU,,10,500,0.53100102355847834,0.88621342776667367,0.91403260115748586,11835882.654595932,6063506.6252441406,GBP
uk,TLC1,GNN,42,10,100,0.42092875101487903,0.93098659507015691,0.93582360991243962,4979377.9868993126,0,GBP
uk,TLC1,GNN,42,10,300,0.42092875101487903,0.93098659507015691,0.93582360991243962,8616534.0680159479,5368399.70996093,GBP
uk,TLC1,GNN,42,10,500,0.42092875101487903,0.93098659507015691,0.93582360991243962,8616534.0680159498,5368399.7099609375,GBP
uk,TLC1,Ref,,20,100,1,0.99024820009115977,1,2153232.6703468477,0,GBP
uk,TLC1,Ref,,20,300,1,0.99024820009115977,1,4441861.941302903,0,GBP
uk,TLC1,Ref,,20,500,1,0.99024820009115977,1,6418137.9064772567,960493.35156250373,GBP
uk,TLC1,PERM-R/3,,20,100,0.86101429470747448,0.98978021348479406,0.99971080442770088,2327810.7652568296,0,GBP
uk,TLC1,PERM-R/3,,20,300,0.86101429470747448,0.98978021348479406,0.99971080442770088,4844598.8258480122,0,GBP
uk,TLC1,PERM-R/3,,20,500,0.86101429470747448,0.98978021348479406,0.99971080442770088,7018557.3554911725,960493.35156250373,GBP
uk,TLC1,PERM-R,,20,100,0.75286136363600398,0.98694392938425346,0.99703026625756663,3514197.9881758438,231618.28222656265,GBP
uk,TLC1,PERM-R,,20,300,0.75286136363600398,0.98694392938425346,0.99703026625756663,6646782.6791017745,0,GBP
uk,TLC1,PERM-R,,20,500,0.75286136363600398,0.98694392938425346,0.99703026625756663,9507758.0725822262,2814638.0559082152,GBP
uk,TLC1,PERM-3R,,20,100,0.57535571898235405,0.9664478010192209,0.97861036365259091,5271454.9352643173,0,GBP
uk,TLC1,PERM-3R,,20,300,0.57535571898235405,0.9664478010192209,0.97861036365259091,11022402.517996978,0,GBP
uk,TLC1,PERM-3R,,20,500,0.57535571898235405,0.9664478010192209,0.97861036365259091,16634004.026015271,2814638.0559082152,GBP
uk,TLC1,SMOOTH-0.5,,20,100,0.97440098717257995,0.96705534606470256,0.97760355290088807,4698988.4384633591,0,GBP
uk,TLC1,SMOOTH-0.5,,20,300,0.97440098717257995,0.96705534606470256,0.97760355290088807,12591064.738455474,0,GBP
uk,TLC1,SMOOTH-0.5,,20,500,0.97440098717257995,0.96705534606470256,0.97760355290088807,17798577.028960135,1127750.7958984408,GBP
uk,TLC1,SMOOTH-1,,20,100,0.63544476513360693,0.51484136690660598,0.53098935974733985,27644422.279079895,0,GBP
uk,TLC1,SMOOTH-1,,20,300,0.63544476513360693,0.51484136690660598,0.53098935974733985,43932523.2092283,0,GBP
uk,TLC1,SMOOTH-1,,20,500,0.63544476513360693,0.51484136690660598,0.53098935974733985,56982266.054895811,3938113.7846679776,GBP
uk,TLC1,SMOOTH-2,,20,100,0.81916567347309144,0.73389507069084148,0.73976771744192926,21295360.842166919,1152932.2089843755,GBP
uk,TLC1,SMOOTH-2,,20,300,0.81916567347309144,0.73389507069084148,0.73976771744192926,40884347.000432506,38191373.99609375,GBP
uk,TLC1,SMOOTH-2,,20,500,0.81916567347309144,0.73389507069084148,0.73976771744192926,55698227.902222052,14876961.113281259,GBP
uk,TLC1,LU,,20,100,0.53100102355847834,0.94819620101975466,0.95794649798662446,10823503.823991461,0,GBP
uk,TLC1,LU,,20,300,0.53100102355847834,0.94819620101975466,0.95794649798662446,16111439.142197104,0,GBP
uk,TLC1,LU,,20,500,0.53100102355847834,0.94819620101975466,0.95794649798662446,23326173.682924706,3938113.7846679776,GBP
uk,TLC1,GNN,42,20,100,0.42092875101487903,0.97285475418446987,0.97875259968814976,7218761.2110263463,0,GBP
uk,TLC1,GNN,42,20,300,0.42092875101487903,0.97285475418446987,0.97875259968814976,11784355.529483769,0,GBP
uk,TLC1,GNN,42,20,500,0.42092875101487903,0.97285475418446987,0.97875259968814976,16947138.912348267,2299380.3098144643,GBP
uk,TLC2,Ref,,10,100,1,0.65023797679870976,1,2990132.2912319559,284100.43310546869,GBP
uk,TLC2,Ref,,10,300,1,0.65023797679870976,1,3477830.2589647477,923703.87011718866,GBP
uk,TLC2,Ref,,10,500,1,0.65023797679870976,1,3693399.6997408504,766491.50292968377,GBP
uk,TLC2,PERM-R/3,,10,100,0.96615319574228997,0.65239511441366871,0.99958662838145018,3008611.7637253683,0,GBP
uk,TLC2,PERM-R/3,,10,300,0.96615319574228997,0.65239511441366871,0.99958662838145018,3525251.3499590154,923703.87011718866,GBP
uk,TLC2,PERM-R/3,,10,500,0.96615319574228997,0.65239511441366871,0.99958662838145018,3764197.5252701687,766491.50292968377,GBP
uk,TLC2,PERM-R,,10,100,0.8915789688373289,0.66261376165258346,0.99615072927409598,3223888.8133969936,0,GBP
uk,TLC2,PERM-R,,10,300,0.8915789688373289,0.66261376165258346,0.99615072927409598,3868516.8903903416,4073179.0102539072,GBP
uk,TLC2,PERM-R,,10,500,0.8915789688373289,0.66261376165258346,0.99615072927409598,4211446.8504367191,1313159.7517089806,GBP
uk,TLC2,PERM-3R,,10,100,0.7053459800517351,0.66528068971265719,0.91098941763831642,4316585.3191746091,1843448.2548828118,GBP
uk,TLC2,PERM-3R,,10,300,0.7053459800517351,0.66528068971265719,0.91098941763831642,5864520.0743130511,10588902.956542972,GBP
uk,TLC2,PERM-3R,,10,500,0.7053459800517351,0.66528068971265719,0.91098941763831642,6569666.8906217348,3536938.2194824144,GBP
uk,TLC2,SMOOTH-0.5,,10,100,0.97118469859840273,0.62943468717859641,0.97722535629553009,2825687.9811345665,1843448.2548828118,GBP
uk,TLC2,SMOOTH-0.5,,10,300,0.97118469859840273,0.62943468717859641,0.97722535629553009,4122782.9146058029,0,GBP
uk,TLC2,SMOOTH-0.5,,10,500,0.97118469859840273,0.62943468717859641,0.97722535629553009,4402436.8459594864,1130343.4565429576,GBP
uk,TLC2,SMOOTH-1,,10,100,0.87199750268307263,0.6524405871461656,0.86502930918235754,4045179.2264093407,6586795.9755859366,GBP
uk,TLC2,SMOOTH-1,,10,300,0.87199750268307263,0.6524405871461656,0.86502930918235754,6129668.8945754282,17277636.565612793,GBP
uk,TLC2,SMOOTH-1,,10,500,0.87199750268307263,0.6524405871461656,0.86502930918235754,6687881.6724327831,7297736.1711425707,GBP
uk,TLC2,SMOOTH-2,,10,100,0.79875744540305604,0.48474409435169569,0.76321769180864896,5904118.639323472,438722.44921875,GBP
uk,TLC2,SMOOTH-2,,10,300,0.79875744540305604,0.48474409435169569,0.76321769180864896,8612907.0228544697,52434691.082885757,GBP
uk,TLC2,SMOOTH-2,,10,500,0.79875744540305604,0.48474409435169569,0.76321769180864896,9193941.1503773108,10165231.507263176,GBP
uk,TLC2,LU,,10,100,0.56351069274668031,0.61824750749339497,0.84741458292671468,4758495.9984014649,0,GBP
uk,TLC2,LU,,10,300,0.56351069274668031,0.61824750749339497,0.84741458292671468,6554171.7822418045,4650950.1899414081,GBP
uk,TLC2,LU,,10,500,0.56351069274668031,0.61824750749339497,0.84741458292671468,6998495.5764896013,1693456.8537597694,GBP
uk,TLC2,GNN,42,10,100,0.29397971333582773,0.74515106332911873,0.77312683573541663,3864789.8759175325,0,GBP
uk,TLC2,GNN,42,10,300,0.29397971333582773,0.74515106332911873,0.77312683573541663,5286230.4520354997,3235754.8500976572,GBP
uk,TLC2,GNN,42,10,500,0.29397971333582773,0.74515106332911873,0.77312683573541663,5679383.5256570401,1693456.8537597656,GBP
uk,TLC2,Ref,,20,100,1,0.86374141237598012,1,3892566.8962498941,0,GBP
uk,TLC2,Ref,,20,300,1,0.86374141237598012,1,4637272.7140474319,3400207.6572265597,GBP
uk,TLC2,Ref,,20,500,1,0.86374141237598012,1,4921454.3316617999,995345.83050537598,GBP
uk,TLC2,PERM-R/3,,20,100,0.92510087614379499,0.86431797325888926,0.99964059395889737,4292314.1042245934,0,GBP
uk,TLC2,PERM-R/3,,20,300,0.92510087614379499,0.86431797325888926,0.99964059395889737,5160836.8548542606,2775571.6005859342,GBP
uk,TLC2,PERM-R/3,,20,500,0.92510087614379499,0.86431797325888926,0.99964059395889737,5514937.0434149019,995345.83050537598,GBP
uk,TLC2,PERM-R,,20,100,0.83095672116640007,0.8666749469437377,0.98639229325618472,5514409.2942717457,169987.96533203131,GBP
uk,TLC2,PERM-R,,20,300,0.83095672116640007,0.8666749469437377,0.98639229325618472,7959100.7070168955,11822967.914062489,GBP
uk,TLC2,PERM-R,,20,500,0.83095672116640007,0.8666749469437377,0.98639229325618472,9052032.2850974239,3399120.797058112,GBP
uk,TLC2,PERM-3R,,20,100,0.32934885292184607,0.66118352947767645,0.75581619987174675,14197225.844139686,1582890.6577148431,GBP
uk,TLC2,PERM-3R,,20,300,0.32934885292184607,0.66118352947767645,0.75581619987174675,17468103.719814677,16533117.409179676,GBP
uk,TLC2,PERM-3R,,20,500,0.32934885292184607,0.66118352947767645,0.75581619987174675,19528777.215343393,72847371.441162109,GBP
uk,TLC2,SMOOTH-0.5,,20,100,0.96104115013475966,0.86230327135422968,0.97387550003229251,4148057.7944812039,574110.93066406227,GBP
uk,TLC2,SMOOTH-0.5,,20,300,0.96104115013475966,0.86230327135422968,0.97387550003229251,5094788.6255914671,6361818.4638671819,GBP
uk,TLC2,SMOOTH-0.5,,20,500,0.96104115013475966,0.86230327135422968,0.97387550003229251,5914655.3561115703,1776311.2111206129,GBP
uk,TLC2,SMOOTH-1,,20,100,0.90397399107029686,0.8183943245363573,0.9413132711525467,16981489.063400958,1582890.6577148431,GBP
uk,TLC2,SMOOTH-1,,20,300,0.90397399107029686,0.8183943245363573,0.9413132711525467,19851759.705531128,14078946.096191397,GBP
uk,TLC2,SMOOTH-1,,20,500,0.90397399107029686,0.8183943245363573,0.9413132711525467,21403579.965551794,20740330.14105225,GBP
uk,TLC2,SMOOTH-2,,20,100,0.83136887856588149,0.86012482468579221,0.86212564915110779,4444499.0951245725,169987.96533203131,GBP
uk,TLC2,SMOOTH-2,,20,300,0.83136887856588149,0.86012482468579221,0.86212564915110779,8578048.2390210181,2135068.1870117192,GBP
uk,TLC2,SMOOTH-2,,20,500,0.83136887856588149,0.86012482468579221,0.86212564915110779,12853160.474966453,5435813.5216064509,GBP
uk,TLC2,LU,,20,100,0.56351069274668031,0.81070344702577757,0.93930941062069484,10354882.292762727,0,GBP
uk,TLC2,LU,,20,300,0.56351069274668031,0.81070344702577757,0.93930941062069484,12456297.660669385,3290710.2568359347,GBP
uk,TLC2,LU,,20,500,0.56351069274668031,0.81070344702577757,0.93930941062069484,13417294.849778811,3372906.1793212942,GBP
uk,TLC2,GNN,42,20,100,0.29397971333582773,0.8473146769052855,0.90116580929282275,7512700.1727142679,0,GBP
uk,TLC2,GNN,42,20,300,0.29397971333582773,0.8473146769052855,0.90116580929282275,9394025.1372037046,5171045.47802734,GBP
uk,TLC2,GNN,42,20,500,0.29397971333582773,0.8473146769052855,0.90116580929282275,10146090.378754588,995345.83050537598,GBP
uk,TLD6,Ref,,10,100,0.99999999999999989,0.95892332278389392,1,3087806.9850068749,347689.73770108109,GBP
uk,TLD6,Ref,,10,300,0.99999999999999989,0.95892332278389392,1,4075848.4114351156,759673.67193973064,GBP
uk,TLD6,Ref,,10,500,0.99999999999999989,0.95892332278389392,1,4075848.4114351138,759673.67193976045,GBP
uk,TLD6,PERM-R/3,,10,100,0.82528583653521614,0.95460390943589135,0.99815536103884028,3335458.1374033154,347689.73770108109,GBP
uk,TLD6,PERM-R/3,,10,300,0.82528583653521614,0.95460390943589135,0.99815536103884028,4420299.9447537921,1570003.5684427172,GBP
uk,TLD6,PERM-R/3,,10,500,0.82528583653521614,0.95460390943589135,0.99815536103884028,4420299.9447537903,1570003.5684427917,GBP
uk,TLD6,PERM-R,,10,100,0.60021790968620725,0.88736589816950506,0.9517881174470294,5255397.232883512,4824549.5151816159,GBP
uk,TLD6,PERM-R,,10,300,0.60021790968620725,0.88736589816950506,0.9517881174470294,7243869.3947268547,2557256.9188391268,GBP
uk,TLD6,PERM-R,,10,500,0.60021790968620725,0.88736589816950506,0.9517881174470294,7243869.3947268538,2557256.9188392162,GBP
uk,TLD6,PERM-3R,,10,100,0.3290759480673725,0.57909436412476678,0.66140377385094351,8871524.6259155609,7548002.5300824326,GBP
uk,TLD6,PERM-3R,,10,300,0.3290759480673725,0.57909436412476678,0.66140377385094351,12395478.338985465,1519251.5465382487,GBP
uk,TLD6,PERM-3R,,10,500,0.3290759480673725,0.57909436412476678,0.66140377385094351,12395478.338985465,1519251.5465382934,GBP
uk,TLD6,SMOOTH-0.5,,10,100,0.88435754348881679,0.8127939421467828,0.8409392117348029,8017930.0030358713,3285336.0784604126,GBP
uk,TLD6,SMOOTH-0.5,,10,300,0.88435754348881679,0.8127939421467828,0.8409392117348029,10887717.56511412,1563990.561258167,GBP
uk,TLD6,SMOOTH-0.5,,10,500,0.88435754348881679,0.8127939421467828,0.8409392117348029,10887717.56511412,1563990.5612581968,GBP
uk,TLD6,SMOOTH-1,,10,100,0.84376132830352024,0.71358356517708899,0.77697680174420047,12552030.498509021,13887801.547376821,GBP
uk,TLD6,SMOOTH-1,,10,300,0.84376132830352024,0.71358356517708899,0.77697680174420047,16365959.813503159,8127289.3800686151,GBP
uk,TLD6,SMOOTH-1,,10,500,0.84376132830352024,0.71358356517708899,0.77697680174420047,16365959.813503157,8127289.3800686598,GBP
uk,TLD6,SMOOTH-2,,10,100,0.56380340257535078,0.50528869052535852,0.58232334908083727,31842184.652425226,18657667.772185706,GBP
uk,TLD6,SMOOTH-2,,10,300,0.56380340257535078,0.50528869052535852,0.58232334908083727,41744696.011420622,4333787.7800810635,GBP
uk,TLD6,SMOOTH-2,,10,500,0.56380340257535078,0.50528869052535852,0.58232334908083727,41749432.567425065,4333787.7800810933,GBP
uk,TLD6,LU,,10,100,0.19850667264976668,0.66832262717325619,0.73968408042102007,7960299.7199778482,16490871.390739664,GBP
uk,TLD6,LU,,10,300,0.19850667264976668,0.66832262717325619,0.73968408042102007,11563960.325272869,16530636.475916922,GBP
uk,TLD6,LU,,10,500,0.19850667264976668,0.66832262717325619,0.73968408042102007,11563960.325272869,16530636.475916952,GBP
uk,TLD6,GNN,42,10,100,0.2607474570898819,0.85688232791757935,0.90609000152250052,5936105.8698269427,5257885.6835743831,GBP
uk,TLD6,GNN,42,10,300,0.2607474570898819,0.85688232791757935,0.90609000152250052,8470279.4914974552,10861632.590459496,GBP
uk,TLD6,GNN,42,10,500,0.2607474570898819,0.85688232791757935,0.90609000152250052,8470279.4914974533,10861632.590459526,GBP
uk,TLD6,Ref,,20,100,0.99999999999999989,0.9892301149122612,1,404511.35925472528,0,GBP
uk,TLD6,Ref,,20,300,0.99999999999999989,0.9892301149122612,1,3533135.4826038326,6817888.6014246317,GBP
uk,TLD6,Ref,,20,500,0.99999999999999989,0.9892301149122612,1,4916905.0263126045,2623428.1417480186,GBP
uk,TLD6,PERM-R/3,,20,100,0.66694429720511483,0.98316328702166189,0.99695164973791239,536051.96706971712,0,GBP
uk,TLD6,PERM-R/3,,20,300,0.66694429720511483,0.98316328702166189,0.99695164973791239,4504117.8947656313,10644501.089547779,GBP
uk,TLD6,PERM-R/3,,20,500,0.66694429720511483,0.98316328702166189,0.99695164973791239,6425298.4954072526,2432312.473468639,GBP
uk,TLD6,PERM-R,,20,100,0.40392849452603952,0.95437407081230952,0.97369764042441009,1165445.8451815874,0,GBP
uk,TLD6,PERM-R,,20,300,0.40392849452603952,0.95437407081230952,0.97369764042441009,7166525.3239816902,12483049.516703302,GBP
uk,TLD6,PERM-R,,20,500,0.40392849452603952,0.95437407081230952,0.97369764042441009,10524872.870778298,869016.06688849628,GBP
uk,TLD6,PERM-3R,,20,100,0.28100194874700918,0.91732352660771332,0.93874352618588153,2847299.8423498911,0,GBP
uk,TLD6,PERM-3R,,20,300,0.28100194874700918,0.91732352660771332,0.93874352618588153,13383916.929361679,8042700.5706866998,GBP
uk,TLD6,PERM-3R,,20,500,0.28100194874700918,0.91732352660771332,0.93874352618588153,16423643.507697739,4204344.3690164834,GBP
uk,TLD6,SMOOTH-0.5,,20,100,0.95560296972480641,0.88568435115228095,0.89212000903000221,2938169.7260976182,0,GBP
uk,TLD6,SMOOTH-0.5,,20,300,0.95560296972480641,0.88568435115228095,0.89212000903000221,9915767.4505686667,1601219.21257758,GBP
uk,TLD6,SMOOTH-0.5,,20,500,0.95560296972480641,0.88568435115228095,0.89212000903000221,16306123.691012839,522390.96172181517,GBP
uk,TLD6,SMOOTH-1,,20,100,0.99148607024747881,0.97853764033793156,0.98870917017729254,1051551.9034001136,4548735.926431654,GBP
uk,TLD6,SMOOTH-1,,20,300,0.99148607024747881,0.97853764033793156,0.98870917017729254,5508544.1179592432,6492282.3755370807,GBP
uk,TLD6,SMOOTH-1,,20,500,0.99148607024747881,0.97853764033793156,0.98870917017729254,6989294.8851632746,903120.54437901825,GBP
uk,TLD6,SMOOTH-2,,20,100,0.72043735595280067,0.61150677876992532,0.62376421644105406,6636789.6823886074,8250873.0743337823,GBP
uk,TLD6,SMOOTH-2,,20,300,0.72043735595280067,0.61150677876992532,0.62376421644105406,34398274.823061965,63405851.822489068,GBP
uk,TLD6,SMOOTH-2,,20,500,0.72043735595280067,0.61150677876992532,0.62376421644105406,52842322.406920172,54730248.68659348,GBP
uk,TLD6,LU,,20,100,0.19850667264976668,0.9398747550408616,0.95534282583570629,1063254.7839563689,2945154.9497590363,GBP
uk,TLD6,LU,,20,300,0.19850667264976668,0.9398747550408616,0.95534282583570629,8576675.3224655595,15378209.478081277,GBP
uk,TLD6,LU,,20,500,0.19850667264976668,0.9398747550408616,0.95534282583570629,11916851.984229235,3237127.6444798037,GBP
uk,TLD6,GNN,42,20,100,0.2607474570898819,0.97115387688332699,0.9785867161466788,396325.98209889117,3227540.455867555,GBP
uk,TLD6,GNN,42,20,300,0.2607474570898819,0.97115387688332699,0.9785867161466788,7811491.594397814,1658113.876339599,GBP
uk,TLD6,GNN,42,20,500,0.2607474570898819,0.97115387688332699,0.9785867161466788,9738808.6417746805,1698307.09401007,GBP
uk,TLG1,Ref,,10,100,1,0.91887516206476805,1,4211333.360703174,7471524.6707725907,GBP
uk,TLG1,Ref,,10,300,1,0.91887516206476805,1,4853459.7747215219,3936984.3415451944,GBP
uk,TLG1,Ref,,10,500,1,0.91887516206476805,1,4853459.7747215219,2148550.5692419708,GBP
uk,TLG1,PERM-R/3,,10,100,0.89408118991179086,0.91743406638806402,0.9993973973493494,4288857.7320948774,7428524.6707725907,GBP
uk,TLG1,PERM-R/3,,10,300,0.89408118991179086,0.91743406638806402,0.9993973973493494,4954789.7571953656,3936984.3415451944,GBP
uk,TLG1,PERM-R/3,,10,500,0.89408118991179086,0.91743406638806402,0.9993973973493494,4954789.7571953665,2148550.5692420006,GBP
uk,TLG1,PERM-R,,10,100,0.67011826022630805,0.89311255546705159,0.9843335115833779,5246749.4042497883,7585689.6707725907,GBP
uk,TLG1,PERM-R,,10,300,0.67011826022630805,0.89311255546705159,0.9843335115833779,6126829.1658797814,3648788.6830903739,GBP
uk,TLG1,PERM-R,,10,500,0.67011826022630805,0.89311255546705159,0.9843335115833779,6126829.1658797832,2302088.3538629711,GBP
uk,TLG1,PERM-3R,,10,100,0.36795806194974057,0.70727236264754911,0.79588610947152716,8088126.3430965124,9269999.6707725879,GBP
uk,TLG1,PERM-3R,,10,300,0.36795806194974057,0.70727236264754911,0.79588610947152716,10874126.729100278,4093958.0246355534,GBP
uk,TLG1,PERM-3R,,10,500,0.36795806194974057,0.70727236264754911,0.79588610947152716,10874126.729100276,2390883.3538629711,GBP
uk,TLG1,SMOOTH-0.5,,10,100,0.91573011486542821,0.85257285207138911,0.94567387441846851,6600406.2160736164,11044394.67077259,GBP
uk,TLG1,SMOOTH-0.5,,10,300,0.91573011486542821,0.85257285207138911,0.94567387441846851,7608330.0646186145,4252998.3538629711,GBP
uk,TLG1,SMOOTH-0.5,,10,500,0.91573011486542821,0.85257285207138911,0.94567387441846851,7608330.0646186154,2924242.7846210003,GBP
uk,TLG1,SMOOTH-1,,10,100,0.81976938015938861,0.7959408494881961,0.87687663171915786,10240127.994423226,12830184.67077259,GBP
uk,TLG1,SMOOTH-1,,10,300,0.81976938015938861,0.7959408494881961,0.87687663171915786,11738055.545208057,15260162.03695333,GBP
uk,TLG1,SMOOTH-1,,10,500,0.81976938015938861,0.7959408494881961,0.87687663171915786,11738055.545208057,13608723.353863001,GBP
uk,TLG1,SMOOTH-2,,10,100,0.52584689871832357,0.39166775301343343,0.41665040466260117,14378545.261452461,12771919.670772586,GBP
uk,TLG1,SMOOTH-2,,10,300,0.52584689871832357,0.39166775301343343,0.41665040466260117,19254892.79357801,12212035.061588868,GBP
uk,TLG1,SMOOTH-2,,10,500,0.52584689871832357,0.39166775301343343,0.41665040466260117,19254892.793578014,7243412.8462098241,GBP
uk,TLG1,LU,,10,100,0.40433838389916715,0.68009455954801312,0.75107470826867695,8582003.8103837371,8591889.6707725879,GBP
uk,TLG1,LU,,10,300,0.40433838389916715,0.68009455954801312,0.75107470826867695,11304037.607212471,3776618.0246355534,GBP
uk,TLG1,LU,,10,500,0.40433838389916715,0.68009455954801312,0.75107470826867695,11304037.607212471,1394573.3538629711,GBP
uk,TLG1,GNN,42,10,100,0.087214338910656899,0.79512161153469985,0.83583224595806138,8233828.8503635367,9269999.6707725879,GBP
uk,TLG1,GNN,42,10,300,0.087214338910656899,0.79512161153469985,0.83583224595806138,10403587.165308479,5026568.3538629562,GBP
uk,TLG1,GNN,42,10,500,0.087214338910656899,0.79512161153469985,0.83583224595806138,10403587.165308479,3912625.5692420006,GBP
uk,TLG1,Ref,,20,100,1,0.97452849051141199,1,2932053.559395141,457735.00000000035,GBP
uk,TLG1,Ref,,20,300,1,0.97452849051141199,1,6739899.9813823644,3475809.3415451758,GBP
uk,TLG1,Ref,,20,500,1,0.97452849051141199,1,6745636.2821877394,1359875,GBP
uk,TLG1,PERM-R/3,,20,100,0.77673407813858242,0.96862570145857563,0.99739882834970695,3235139.6961291526,457735.00000000035,GBP
uk,TLG1,PERM-R/3,,20,300,0.77673407813858242,0.96862570145857563,0.99739882834970695,7439378.0698190974,2074869.3415451795,GBP
uk,TLG1,PERM-R/3,,20,500,0.77673407813858242,0.96862570145857563,0.99739882834970695,7447108.1186460974,1157962.2153790295,GBP
uk,TLG1,PERM-R,,20,100,0.51697423881103055,0.94816545761355608,0.98246230461557604,4488772.5153986132,643065.00000000058,GBP
uk,TLG1,PERM-R,,20,300,0.51697423881103055,0.94816545761355608,0.98246230461557604,10367908.626084361,2903001.9753644653,GBP
uk,TLG1,PERM-R,,20,500,0.51697423881103055,0.94816545761355608,0.98246230461557604,10422111.849783365,5603454.3691692054,GBP
uk,TLG1,PERM-3R,,20,100,0.22652078238798137,0.84079273135522525,0.87962078490519624,8838042.3720985819,108574.99999999903,GBP
uk,TLG1,PERM-3R,,20,300,0.22652078238798137,0.84079273135522525,0.87962078490519624,17052828.345535561,3686652.3661807179,GBP
uk,TLG1,PERM-3R,,20,500,0.22652078238798137,0.84079273135522525,0.87962078490519624,18202927.444904342,6398198.2306852788,GBP
uk,TLG1,SMOOTH-0.5,,20,100,0.92472459277458319,0.90468162448358158,0.930415711603928,6692218.7040974647,742395.00000000058,GBP
uk,TLG1,SMOOTH-0.5,,20,300,0.92472459277458319,0.90468162448358158,0.930415711603928,13454921.23479584,4037532.3661807142,GBP
uk,TLG1,SMOOTH-0.5,,20,500,0.92472459277458319,0.90468162448358158,0.930415711603928,13990925.072037112,232845,GBP
uk,TLG1,SMOOTH-1,,20,100,0.38025862258490245,0.1011771096362956,0.084390507097626771,24213538.079607766,742395.00000000058,GBP
uk,TLG1,SMOOTH-1,,20,300,0.38025862258490245,0.1011771096362956,0.084390507097626771,42009892.719572693,8770757.3661807068,GBP
uk,TLG1,SMOOTH-1,,20,500,0.38025862258490245,0.1011771096362956,0.084390507097626771,50588470.198393598,27069019.307580322,GBP
uk,TLG1,SMOOTH-2,,20,100,0.69776606717294387,0.72231346563282728,0.76377891944472975,32829200.886106469,1062960.0000000014,GBP
uk,TLG1,SMOOTH-2,,20,300,0.69776606717294387,0.72231346563282728,0.76377891944472975,62500881.671396747,51727327.366180703,GBP
uk,TLG1,SMOOTH-2,,20,500,0.69776606717294387,0.72231346563282728,0.76377891944472975,65598187.497405291,14544105,GBP
uk,TLG1,LU,,20,100,0.40433838389916715,0.83302196043102672,0.87130874582718643,8742103.7135567404,257569.99999999916,GBP
uk,TLG1,LU,,20,300,0.40433838389916715,0.83302196043102672,0.87130874582718643,17141717.153648317,2899752.3661807142,GBP
uk,TLG1,LU,,20,500,0.40433838389916715,0.83302196043102672,0.87130874582718643,17755702.263006479,3700843.2922741473,GBP
uk,TLG1,GNN,42,20,100,0.087214338910656899,0.87232201091902095,0.90316819129204773,7918881.3469969109,1062960.0000000014,GBP
uk,TLG1,GNN,42,20,300,0.087214338910656899,0.87232201091902095,0.90316819129204773,15956227.952532001,8844502.3661807179,GBP
uk,TLG1,GNN,42,20,500,0.087214338910656899,0.87232201091902095,0.90316819129204773,16507820.192474365,8712708.2922741175,GBP
uk,TLG2,Ref,,10,100,1,0.92847126163790894,1,3556960.896108672,2422588.1138483942,GBP
uk,TLG2,Ref,,10,300,1,0.92847126163790894,1,5031887.7774735698,1319240,GBP
uk,TLG2,Ref,,10,500,1,0.92847126163790894,1,5031887.7774735689,1319239.9999999702,GBP
uk,TLG2,PERM-R/3,,10,100,0.87195332137443093,0.92593645375323452,0.99922891730722929,3636845.1814445802,2422588.1138483942,GBP
uk,TLG2,PERM-R/3,,10,300,0.87195332137443093,0.92593645375323452,0.99922891730722929,5163615.2474050745,1319240,GBP
uk,TLG2,PERM-R/3,,10,500,0.87195332137443093,0.92593645375323452,0.99922891730722929,5163615.2474050755,1319239.9999999702,GBP
uk,TLG2,PERM-R,,10,100,0.65441549300426993,0.90174178082630108,0.98348638937159716,4423211.2476937743,2488163.1138483933,GBP
uk,TLG2,PERM-R,,10,300,0.65441549300426993,0.90174178082630108,0.98348638937159716,6387403.8257907657,2308670,GBP
uk,TLG2,PERM-R,,10,500,0.65441549300426993,0.90174178082630108,0.98348638937159716,6387403.8257907657,2308669.9999999702,GBP
uk,TLG2,PERM-3R,,10,100,0.39942984223716788,0.71306987565409186,0.81028569607142387,8016177.1839776477,3795271.5569241946,GBP
uk,TLG2,PERM-3R,,10,300,0.39942984223716788,0.71306987565409186,0.81028569607142387,11716571.842328664,4635829.9999999851,GBP
uk,TLG2,PERM-3R,,10,500,0.39942984223716788,0.71306987565409186,0.81028569607142387,11730065.878017206,4635829.9999999404,GBP
uk,TLG2,SMOOTH-0.5,,10,100,0.97417206522526367,0.90686947735037537,0.97523843780960939,4663459.8467152975,14768771.796938749,GBP
uk,TLG2,SMOOTH-0.5,,10,300,0.97417206522526367,0.90686947735037537,0.97523843780960939,6016617.7629942549,3601895,GBP
uk,TLG2,SMOOTH-0.5,,10,500,0.97417206522526367,0.90686947735037537,0.97523843780960939,6016617.7629942521,3601895,GBP
uk,TLG2,SMOOTH-1,,10,100,0.8286502878217562,0.705818774278693,0.78123481680870421,8879103.146986464,13224403.11384839,GBP
uk,TLG2,SMOOTH-1,,10,300,0.8286502878217562,0.705818774278693,0.78123481680870421,12256650.374617498,10736454.999999985,GBP
uk,TLG2,SMOOTH-1,,10,500,0.8286502878217562,0.705818774278693,0.78123481680870421,12256650.374617497,10736454.99999994,GBP
uk,TLG2,SMOOTH-2,,10,100,0.54416362454785694,0.51254780068023098,0.55888561072140264,18023543.540798038,20634736.138483934,GBP
uk,TLG2,SMOOTH-2,,10,300,0.54416362454785694,0.51254780068023098,0.55888561072140264,24506670.266763754,15733054.999999993,GBP
uk,TLG2,SMOOTH-2,,10,500,0.54416362454785694,0.51254780068023098,0.55888561072140264,24736196.90604911,16522749.99999994,GBP
uk,TLG2,LU,,10,100,0.32482349709839559,0.75532024166658251,0.82778899044724763,7394178.3916267473,15742140.569241961,GBP
uk,TLG2,LU,,10,300,0.32482349709839559,0.75532024166658251,0.82778899044724763,10052479.928967476,2436380,GBP
uk,TLG2,LU,,10,500,0.32482349709839559,0.75532024166658251,0.82778899044724763,10052479.928967476,2436380,GBP
uk,TLG2,GNN,42,10,100,0.28830889850582786,0.86219420288870074,0.89348464337116096,5369919.1451117555,10164431.556924194,GBP
uk,TLG2,GNN,42,10,300,0.28830889850582786,0.86219420288870074,0.89348464337116096,7379138.7855928019,153725,GBP
uk,TLG2,GNN,42,10,500,0.28830889850582786,0.86219420288870074,0.89348464337116096,7379138.7855928,153725,GBP
uk,TLG2,Ref,,20,100,1,0.98503410566887484,1,2074171.8704306742,139382.06564134604,GBP
uk,TLG2,Ref,,20,300,1,0.98503410566887484,1,5048686.6606461145,3514724.3415451739,GBP
uk,TLG2,Ref,,20,500,1,0.98503410566887484,1,6595289.433600748,793994.99999999255,GBP
uk,TLG2,PERM-R/3,,20,100,0.74436767387454184,0.98236660752925808,0.99843650910912707,2567728.6044095648,1258200.3048976131,GBP
uk,TLG2,PERM-R/3,,20,300,0.74436767387454184,0.98236660752925808,0.99843650910912707,5831978.6833174927,4398159.341545172,GBP
uk,TLG2,PERM-R/3,,20,500,0.74436767387454184,0.98236660752925808,0.99843650910912707,7517506.651186225,793994.99999999255,GBP
uk,TLG2,PERM-R,,20,100,0.51144934841388157,0.96495315821768712,0.98049620162405038,3910581.9456314514,4489544.3006329406,GBP
uk,TLG2,PERM-R,,20,300,0.51144934841388157,0.96495315821768712,0.98049620162405038,8330376.5216222685,6526061.3353446983,GBP
uk,TLG2,PERM-R,,20,500,0.51144934841388157,0.96495315821768712,0.98049620162405038,10602173.927706555,870749.99999999255,GBP
uk,TLG2,PERM-3R,,20,100,0.31466179199316674,0.91427037481270901,0.93770210442552615,6253302.0803986629,3522936.4683291963,GBP
uk,TLG2,PERM-3R,,20,300,0.31466179199316674,0.91427037481270901,0.93770210442552615,13155006.205425018,19719513.024635538,GBP
uk,TLG2,PERM-3R,,20,500,0.31466179199316674,0.91427037481270901,0.93770210442552615,16609637.310936958,27808529.999999978,GBP
uk,TLG2,SMOOTH-0.5,,20,100,0.95911870103768981,0.96253101081549641,0.97805183851295963,3866563.1712760078,4971180.8217305094,GBP
uk,TLG2,SMOOTH-0.5,,20,300,0.95911870103768981,0.96253101081549641,0.97805183851295963,14166271.609487327,3659264.0123177655,GBP
uk,TLG2,SMOOTH-0.5,,20,500,0.95911870103768981,0.96253101081549641,0.97805183851295963,16361238.035774434,1559394.9999999925,GBP
uk,TLG2,SMOOTH-1,,20,100,0.83182930406437305,0.6625903920664985,0.65554096838524201,16537622.654581558,831835.00000000058,GBP
uk,TLG2,SMOOTH-1,,20,300,0.83182930406437305,0.6625903920664985,0.65554096838524201,27721778.009821333,34020213.41545181,GBP
uk,TLG2,SMOOTH-1,,20,500,0.83182930406437305,0.6625903920664985,0.65554096838524201,35730813.055952102,29137229.999999978,GBP
uk,TLG2,SMOOTH-2,,20,100,0.40649245164431935,-0.058080526791345663,-0.05988456297114074,28664327.039201155,0,GBP
uk,TLG2,SMOOTH-2,,20,300,0.40649245164431935,-0.058080526791345663,-0.05988456297114074,40279271.26995346,22584733.744679201,GBP
uk,TLG2,SMOOTH-2,,20,500,0.40649245164431935,-0.058080526791345663,-0.05988456297114074,57665392.914758116,62448469.999999955,GBP
uk,TLG2,LU,,20,100,0.32482349709839559,0.91092472637083965,0.92751329187832299,6266813.3992893184,4872538.0368577624,GBP
uk,TLG2,LU,,20,300,0.32482349709839559,0.91092472637083965,0.92751329187832299,13346821.957971277,23773791.707725901,GBP
uk,TLG2,LU,,20,500,0.32482349709839559,0.91092472637083965,0.92751329187832299,16911407.938350286,14307604.999999985,GBP
uk,TLG2,GNN,42,20,100,0.28830889850582786,0.94399214478440152,0.95794746698686672,3984339.8491168679,3206482.3836647356,GBP
uk,TLG2,GNN,42,20,300,0.28830889850582786,0.94399214478440152,0.95794746698686672,9036561.0354840234,14843444.670772579,GBP
uk,TLG2,GNN,42,20,500,0.28830889850582786,0.94399214478440152,0.95794746698686672,11731326.976879967,19574459.999999985,GBP
uk,TLE4,Ref,,10,100,1,0.99499461055217164,1,1722598.2565986034,521511.83154296858,GBP
uk,TLE4,Ref,,10,300,1,0.99499461055217164,1,4358812.4607996671,3102274.2259521638,GBP
uk,TLE4,Ref,,10,500,1,0.99499461055217164,1,6250465.4576692143,12025136.77075194,GBP
uk,TLE4,PERM-R/3,,10,100,0.83985120610818786,0.99356082388335754,0.99915639678909918,2006115.9646432246,146919.20019531244,GBP
uk,TLE4,PERM-R/3,,10,300,0.83985120610818786,0.99356082388335754,0.99915639678909918,4989893.1418138519,3930136.1928711124,GBP
uk,TLE4,PERM-R/3,,10,500,0.83985120610818786,0.99356082388335754,0.99915639678909918,7484157.6675711889,16497470.940643299,GBP
uk,TLE4,PERM-R,,10,100,0.60967212735774512,0.97899120955872443,0.98637539009384756,5072877.2193696164,0,GBP
uk,TLE4,PERM-R,,10,300,0.60967212735774512,0.97899120955872443,0.98637539009384756,9389577.3191150744,11303220.174316432,GBP
uk,TLE4,PERM-R,,10,500,0.60967212735774512,0.97899120955872443,0.98637539009384756,13809383.946444616,37570565.75698851,GBP
uk,TLE4,PERM-3R,,10,100,0.1174107262243788,0.84217855820700849,0.8487469026867257,14754218.526049282,0,GBP
uk,TLE4,PERM-3R,,10,300,0.1174107262243788,0.84217855820700849,0.8487469026867257,20867288.627294563,27476069.348144542,GBP
uk,TLE4,PERM-3R,,10,500,0.1174107262243788,0.84217855820700849,0.8487469026867257,31172263.139644418,69498482.803710938,GBP
uk,TLE4,SMOOTH-0.5,,10,100,0.88707910593852579,0.9201571508976728,0.92405564251391059,5723335.7765035965,521511.83154296858,GBP
uk,TLE4,SMOOTH-0.5,,10,300,0.88707910593852579,0.9201571508976728,0.92405564251391059,16581623.147934783,28931414.1480713,GBP
uk,TLE4,SMOOTH-0.5,,10,500,0.88707910593852579,0.9201571508976728,0.92405564251391059,24166320.563853532,48047857.060302734,GBP
uk,TLE4,SMOOTH-1,,10,100,0.81334475367876968,0.87452257100920616,0.88201841400460346,6640213.4896993386,0,GBP
uk,TLE4,SMOOTH-1,,10,300,0.81334475367876968,0.87452257100920616,0.88201841400460346,16979022.028602358,12883917.049926784,GBP
uk,TLE4,SMOOTH-1,,10,500,0.81334475367876968,0.87452257100920616,0.88201841400460346,29394164.394028641,40770818.180938706,GBP
uk,TLE4,SMOOTH-2,,10,100,0.60844239694091362,0.68957091140543825,0.69375946593986648,15728420.339713635,3742584.7851562486,GBP
uk,TLE4,SMOOTH-2,,10,300,0.60844239694091362,0.68957091140543825,0.69375946593986648,38042886.854576446,54722793.860595688,GBP
uk,TLE4,SMOOTH-2,,10,500,0.60844239694091362,0.68957091140543825,0.69375946593986648,58093039.407870054,101329055.91162112,GBP
uk,TLE4,LU,,10,100,0.48989101639838017,0.98122579081807459,0.98596632499158121,7564561.5052864775,0,GBP
uk,TLE4,LU,,10,300,0.48989101639838017,0.98122579081807459,0.98596632499158121,12108961.984069798,14228764.358276403,GBP
uk,TLE4,LU,,10,500,0.48989101639838017,0.98122579081807459,0.98596632499158121,18148528.21391093,40391316.565765381,GBP
uk,TLE4,GNN,42,10,100,0.46857284275315458,0.98033372115911166,0.98425775556443884,4002072.124803545,146919.20019531244,GBP
uk,TLE4,GNN,42,10,300,0.46857284275315458,0.98033372115911166,0.98425775556443884,9059476.6525459811,12041198.777221698,GBP
uk,TLE4,GNN,42,10,500,0.46857284275315458,0.98033372115911166,0.98425775556443884,13395117.092580395,21958087.890533436,GBP
uk,TLE4,Ref,,20,100,1,0.99861909521203052,1,24260.566516587412,0,GBP
uk,TLE4,Ref,,20,300,1,0.99861909521203052,1,746081.47730379272,256192.98693847546,GBP
uk,TLE4,Ref,,20,500,1,0.99861909521203052,1,1746624.7459431901,1553190.7277831999,GBP
uk,TLE4,PERM-R/3,,20,100,0.70427917529438289,0.99623420666919027,0.99838833209708289,51000.510492421345,0,GBP
uk,TLE4,PERM-R/3,,20,300,0.70427917529438289,0.99623420666919027,0.99838833209708289,1326781.6652615115,0,GBP
uk,TLE4,PERM-R/3,,20,500,0.70427917529438289,0.99623420666919027,0.99838833209708289,3328485.9988140524,0,GBP
uk,TLE4,PERM-R,,20,100,0.39368669246558541,0.98934617899111466,0.99209282152320533,1016496.7756035905,0,GBP
uk,TLE4,PERM-R,,20,300,0.39368669246558541,0.98934617899111466,0.99209282152320533,5427184.7465587975,0,GBP
uk,TLE4,PERM-R,,20,500,0.39368669246558541,0.98934617899111466,0.99209282152320533,7844700.2521346416,196876.43432616699,GBP
uk,TLE4,PERM-3R,,20,100,0.10595947653455144,0.96297315991519417,0.96674369868592469,1594604.9998023678,0,GBP
uk,TLE4,PERM-3R,,20,300,0.10595947653455144,0.96297315991519417,0.96674369868592469,5759062.3019921239,1196382.7694091767,GBP
uk,TLE4,PERM-3R,,20,500,0.10595947653455144,0.96297315991519417,0.96674369868592469,8503251.42121174,33024256.02636718,GBP
uk,TLE4,SMOOTH-0.5,,20,100,0.97782326924992236,0.9932045403916383,0.99467196566799143,167604.15328798405,0,GBP
uk,TLE4,SMOOTH-0.5,,20,300,0.97782326924992236,0.9932045403916383,0.99467196566799143,2681340.3439906035,256192.98693847546,GBP
uk,TLE4,SMOOTH-0.5,,20,500,0.97782326924992236,0.9932045403916383,0.99467196566799143,4442540.2071847441,1652171.5994872977,GBP
uk,TLE4,SMOOTH-1,,20,100,0.98800588329962458,0.99363788621740601,0.99496634524158611,17951.167900480334,0,GBP
uk,TLE4,SMOOTH-1,,20,300,0.98800588329962458,0.99363788621740601,0.99496634524158611,1104961.5641815686,7271158.9849853534,GBP
uk,TLE4,SMOOTH-1,,20,500,0.98800588329962458,0.99363788621740601,0.99496634524158611,4214500.2856072113,26245443.382812519,GBP
uk,TLE4,SMOOTH-2,,20,100,0.66994635594541474,0.84809615255638937,0.84908591927147992,1265099.099783696,0,GBP
uk,TLE4,SMOOTH-2,,20,300,0.66994635594541474,0.84809615255638937,0.84908591927147992,8328204.4293944519,28685939.000366203,GBP
uk,TLE4,SMOOTH-2,,20,500,0.66994635594541474,0.84809615255638937,0.84908591927147992,29517274.189128738,88500127.709960908,GBP
uk,TLE4,LU,,20,100,0.48989101639838017,0.99395425145523364,0.99599784899946231,272817.03664829989,0,GBP
uk,TLE4,LU,,20,300,0.48989101639838017,0.99395425145523364,0.99599784899946231,2998892.1100600837,0,GBP
uk,TLE4,LU,,20,500,0.48989101639838017,0.99395425145523364,0.99599784899946231,4390223.1881461479,2822071.5864257789,GBP
uk,TLE4,GNN,42,20,100,0.46857284275315458,0.99420774339579621,0.99563371040842752,47205.795916149786,0,GBP
uk,TLE4,GNN,42,20,300,0.46857284275315458,0.99420774339579621,0.99563371040842752,1649516.090165993,2331443.6230468703,GBP
uk,TLE4,GNN,42,20,500,0.46857284275315458,0.99420774339579621,0.99563371040842752,3879815.6631313581,1936757.1000976446,GBP
uk,TLH1,Ref,,10,100,1,0.90817038250504056,1,3056798.5889749252,591983.36500000209,GBP
uk,TLH1,Ref,,10,300,1,0.90817038250504056,1,3056798.5889749252,591983.36500000954,GBP
uk,TLH1,Ref,,10,500,1,0.90817038250504056,1,3056798.5889749243,591983.36500000954,GBP
uk,TLH1,PERM-R/3,,10,100,0.84402574003938879,0.90547803059994914,0.9993953933488483,3166921.6316051856,562126.52999999747,GBP
uk,TLH1,PERM-R/3,,10,300,0.84402574003938879,0.90547803059994914,0.9993953933488483,3166921.6316051856,562126.52999998629,GBP
uk,TLH1,PERM-R/3,,10,500,0.84402574003938879,0.90547803059994914,0.9993953933488483,3166921.6316051842,562126.53000000119,GBP
uk,TLH1,PERM-R,,10,100,0.59191073936062877,0.87951684987458378,0.98472592218148047,3972309.4077220047,1737011.875,GBP
uk,TLH1,PERM-R,,10,300,0.59191073936062877,0.87951684987458378,0.98472592218148047,3972309.4077220038,1737011.875,GBP
uk,TLH1,PERM-R,,10,500,0.59191073936062877,0.87951684987458378,0.98472592218148047,3972309.4077220033,1737011.875,GBP
uk,TLH1,PERM-3R,,10,100,0.19090424641926709,0.60259298029048813,0.71194688048672017,7731737.4075071318,7261620.054999996,GBP
uk,TLH1,PERM-3R,,10,300,0.19090424641926709,0.60259298029048813,0.71194688048672017,7878809.407205754,408316.17500002682,GBP
uk,TLH1,PERM-3R,,10,500,0.19090424641926709,0.60259298029048813,0.71194688048672017,7878809.407205753,408316.17500001192,GBP
uk,TLH1,SMOOTH-0.5,,10,100,0.85915729925723994,0.76721712339814419,0.82647085311771318,5846916.733560998,577174.38000000268,GBP
uk,TLH1,SMOOTH-0.5,,10,300,0.85915729925723994,0.76721712339814419,0.82647085311771318,5889427.2838616855,577174.37999999523,GBP
uk,TLH1,SMOOTH-0.5,,10,500,0.85915729925723994,0.76721712339814419,0.82647085311771318,5889427.2838616855,577174.38000002503,GBP
uk,TLH1,SMOOTH-1,,10,100,0.69522354613641457,0.59387485269294427,0.62782257695564425,8755569.0281770937,2720246.7708076537,GBP
uk,TLH1,SMOOTH-1,,10,300,0.69522354613641457,0.59387485269294427,0.62782257695564425,8770970.3076854069,2729213.8024229556,GBP
uk,TLH1,SMOOTH-1,,10,500,0.69522354613641457,0.59387485269294427,0.62782257695564425,8770970.307685405,2738180.8340382874,GBP
uk,TLH1,SMOOTH-2,,10,100,0.48991783887740142,0.326520870207268,0.35046166111541532,16790059.156827774,10644380.887577042,GBP
uk,TLH1,SMOOTH-2,,10,300,0.48991783887740142,0.326520870207268,0.35046166111541532,17493151.232938804,520862.44000001252,GBP
uk,TLH1,SMOOTH-2,,10,500,0.48991783887740142,0.326520870207268,0.35046166111541532,17493151.232938796,520862.44000002742,GBP
uk,TLH1,LU,,10,100,0.25810322969911159,0.54626394865120698,0.65685454721363667,7866498.033822896,10775874.631615296,GBP
uk,TLH1,LU,,10,300,0.25810322969911159,0.54626394865120698,0.65685454721363667,7917310.4175104359,9148887.769845888,GBP
uk,TLH1,LU,,10,500,0.25810322969911159,0.54626394865120698,0.65685454721363667,7917310.4175104359,9166821.8330765069,GBP
uk,TLH1,GNN,42,10,100,0.090744542644353651,0.7936838881079693,0.83216535854133966,4502040.9391030883,5952336.4900000021,GBP
uk,TLH1,GNN,42,10,300,0.090744542644353651,0.7936838881079693,0.83216535854133966,4502040.9391030883,5952336.4900000095,GBP
uk,TLH1,GNN,42,10,500,0.090744542644353651,0.7936838881079693,0.83216535854133966,4502040.9391030865,5952336.4900000095,GBP
uk,TLH1,Ref,,20,100,1,0.98071332138501932,1,3990626.3563307016,2371248.7599999979,GBP
uk,TLH1,Ref,,20,300,1,0.98071332138501932,1,3990626.3563307016,2371248.7600000203,GBP
uk,TLH1,Ref,,20,500,1,0.98071332138501932,1,3990626.3563307016,2376409.415191263,GBP
uk,TLH1,PERM-R/3,,20,100,0.71828379813490895,0.97777423935776397,0.99873129068282263,4434655.4762989702,2564180.3000000007,GBP
uk,TLH1,PERM-R/3,,20,300,0.71828379813490895,0.97777423935776397,0.99873129068282263,4434655.4762989711,2564180.299999997,GBP
uk,TLH1,PERM-R/3,,20,500,0.71828379813490895,0.97777423935776397,0.99873129068282263,4434655.4762989711,2569340.9551912546,GBP
uk,TLH1,PERM-R,,20,100,0.32214390359513345,0.93209288705595716,0.96095737673934412,8509258.3382608797,2909540.793384701,GBP
uk,TLH1,PERM-R,,20,300,0.32214390359513345,0.93209288705595716,0.96095737673934412,8564299.9948498718,2684144.2001540959,GBP
uk,TLH1,PERM-R,,20,500,0.32214390359513345,0.93209288705595716,0.96095737673934412,8564299.9948498718,2671370.7921147645,GBP
uk,TLH1,PERM-3R,,20,100,0.080270852590090327,0.63055307021985407,0.66663180765795182,17792911.124802817,4899908.1053081825,GBP
uk,TLH1,PERM-3R,,20,300,0.080270852590090327,0.63055307021985407,0.66663180765795182,18550618.439094849,7729634.78242293,GBP
uk,TLH1,PERM-3R,,20,500,0.080270852590090327,0.63055307021985407,0.66663180765795182,18550618.439094849,7743762.4692294896,GBP
uk,TLH1,SMOOTH-0.5,,20,100,0.88031711056035655,0.81516404886921823,0.82728875382218847,17582626.841302179,5985247.8853081837,GBP
uk,TLH1,SMOOTH-0.5,,20,300,0.88031711056035655,0.81516404886921823,0.82728875382218847,17791096.562144451,822892.42515408993,GBP
uk,TLH1,SMOOTH-0.5,,20,500,0.88031711056035655,0.81516404886921823,0.82728875382218847,17791096.562144447,810119.01711472869,GBP
uk,TLH1,SMOOTH-1,,20,100,0.57044402371134828,0.44704833295991891,0.4516511179127794,37259574.034304187,6488392.2961158417,GBP
uk,TLH1,SMOOTH-1,,20,300,0.57044402371134828,0.44704833295991891,0.4516511179127794,41208825.409495026,10354913.137422964,GBP
uk,TLH1,SMOOTH-1,,20,500,0.57044402371134828,0.44704833295991891,0.4516511179127794,41208825.409495026,10369040.824229538,GBP
uk,TLH1,SMOOTH-2,,20,100,0.48641479657342435,0.53460322064147991,0.54270184267546062,45253015.992732607,1979865.9604622871,GBP
uk,TLH1,SMOOTH-2,,20,300,0.48641479657342435,0.53460322064147991,0.54270184267546062,52239503.825103939,859928.55242298543,GBP
uk,TLH1,SMOOTH-2,,20,500,0.48641479657342435,0.53460322064147991,0.54270184267546062,52239503.825103931,874056.23922950029,GBP
uk,TLH1,LU,,20,100,0.25810322969911159,0.77908190995460425,0.80811224802806192,14134749.463829059,9708322.1108076423,GBP
uk,TLH1,LU,,20,300,0.25810322969911159,0.77908190995460425,0.80811224802806192,14310715.83837275,7855704.762422964,GBP
uk,TLH1,LU,,20,500,0.25810322969911159,0.77908190995460425,0.80811224802806192,14310715.83837275,7869832.4492294788,GBP
uk,TLH1,GNN,42,20,100,0.090744542644353651,0.93052176293769873,0.94466465016616252,7107195.3378914772,12909938.495807637,GBP
uk,TLH1,GNN,42,20,300,0.090744542644353651,0.93052176293769873,0.94466465016616252,7109015.2864504149,12918905.52742295,GBP
uk,TLH1,GNN,42,20,500,0.090744542644353651,0.93052176293769873,0.94466465016616252,7109015.2864504149,12933033.214229524,GBP
uk,TLE3,Ref,,10,100,0.99999999999999989,0.98841625614392969,1,1575403.3661408138,0,GBP
uk,TLE3,Ref,,10,300,0.99999999999999989,0.98841625614392969,1,4475367.3114316352,277439.98925780633,GBP
uk,TLE3,Ref,,10,500,0.99999999999999989,0.98841625614392969,1,5333878.1908156164,1925996.8959960963,GBP
uk,TLE3,PERM-R/3,,10,100,0.83653947156679032,0.9851191941289511,0.99875376668844162,1852164.5272237202,0,GBP
uk,TLE3,PERM-R/3,,10,300,0.83653947156679032,0.9851191941289511,0.99875376668844162,5129836.7525936449,277439.98925780633,GBP
uk,TLE3,PERM-R/3,,10,500,0.83653947156679032,0.9851191941289511,0.99875376668844162,6238495.3565154057,2796996.0986328064,GBP
uk,TLE3,PERM-R,,10,100,0.63109264505231533,0.9582916653651804,0.98018013954503491,3447680.3787473291,0,GBP
uk,TLE3,PERM-R,,10,300,0.63109264505231533,0.9582916653651804,0.98018013954503491,8469940.2013247684,277439.98925780633,GBP
uk,TLE3,PERM-R,,10,500,0.63109264505231533,0.9582916653651804,0.98018013954503491,11213608.213968404,8518186.3061523475,GBP
uk,TLE3,PERM-3R,,10,100,0.15110347411873848,0.82750446736398431,0.85786676396669093,8416835.1393887941,0,GBP
uk,TLE3,PERM-3R,,10,300,0.15110347411873848,0.82750446736398431,0.85786676396669093,17034208.431022733,277439.98925780633,GBP
uk,TLE3,PERM-3R,,10,500,0.15110347411873848,0.82750446736398431,0.85786676396669093,21204666.425028119,10159213.562255865,GBP
uk,TLE3,SMOOTH-0.5,,10,100,0.97506268593532774,0.95999298091353147,0.96673654668413667,2761581.6457603499,1618319.8862304674,GBP
uk,TLE3,SMOOTH-0.5,,10,300,0.97506268593532774,0.95999298091353147,0.96673654668413667,9597168.4202043135,3310864.9741210835,GBP
uk,TLE3,SMOOTH-0.5,,10,500,0.97506268593532774,0.95999298091353147,0.96673654668413667,12505845.699699715,8518186.3061523475,GBP
uk,TLE3,SMOOTH-1,,10,100,0.82042834530228648,0.77986986480418308,0.79843149610787412,4021442.9687823309,0,GBP
uk,TLE3,SMOOTH-1,,10,300,0.82042834530228648,0.77986986480418308,0.79843149610787412,27028697.926274791,1285811.7202148426,GBP
uk,TLE3,SMOOTH-1,,10,500,0.82042834530228648,0.77986986480418308,0.79843149610787412,39364670.93921949,40707851.122786596,GBP
uk,TLE3,SMOOTH-2,,10,100,0.76735995962298775,0.75757448116007442,0.77788792147198038,16969026.512707181,0,GBP
uk,TLE3,SMOOTH-2,,10,300,0.76735995962298775,0.75757448116007442,0.77788792147198038,46365574.313092731,649575.69445800898,GBP
uk,TLE3,SMOOTH-2,,10,500,0.76735995962298775,0.75757448116007442,0.77788792147198038,59079510.482831806,28353656.316650391,GBP
uk,TLE3,LU,,10,100,0.48373197977161164,0.94223266369669045,0.96219229554807373,5024117.3903367827,0,GBP
uk,TLE3,LU,,10,300,0.48373197977161164,0.94223266369669045,0.96219229554807373,11783843.614508767,277439.98925780633,GBP
uk,TLE3,LU,,10,500,0.48373197977161164,0.94223266369669045,0.96219229554807373,14488958.180983366,8518186.3061523475,GBP
uk,TLE3,GNN,42,10,100,0.45311501714852831,0.95660475085080443,0.96999428049857006,2537495.5929469424,327834.87646484328,GBP
uk,TLE3,GNN,42,10,300,0.45311501714852831,0.95660475085080443,0.96999428049857006,9659844.5174736176,0,GBP
uk,TLE3,GNN,42,10,500,0.45311501714852831,0.95660475085080443,0.96999428049857006,11818468.171150384,2589547.4119873075,GBP
uk,TLE3,Ref,,20,100,0.99999999999999989,0.99782123580906257,1,177305.7360974231,0,GBP
uk,TLE3,Ref,,20,300,0.99999999999999989,0.99782123580906257,1,1146842.7754071481,0,GBP
uk,TLE3,Ref,,20,500,0.99999999999999989,0.99782123580906257,1,2180166.4995418857,374527.91088867077,GBP
uk,TLE3,PERM-R/3,,20,100,0.68330707083180342,0.99406057985747964,0.99723657780914443,356753.7043273219,0,GBP
uk,TLE3,PERM-R/3,,20,300,0.68330707083180342,0.99406057985747964,0.99723657780914443,2230529.0585189895,0,GBP
uk,TLE3,PERM-R/3,,20,500,0.68330707083180342,0.99406057985747964,0.99723657780914443,3948676.2273683092,374527.91088867077,GBP
uk,TLE3,PERM-R,,20,100,0.1710234398678481,0.91516887713351425,0.92331643182910794,3341563.8363983613,0,GBP
uk,TLE3,PERM-R,,20,300,0.1710234398678481,0.91516887713351425,0.92331643182910794,8031689.270622436,0,GBP
uk,TLE3,PERM-R,,20,500,0.1710234398678481,0.91516887713351425,0.92331643182910794,10435631.358268587,374527.91088867077,GBP
uk,TLE3,PERM-3R,,20,100,0.075555373139809243,0.8153116774756789,0.81725961481490361,2725037.2681689356,0,GBP
uk,TLE3,PERM-3R,,20,300,0.075555373139809243,0.8153116774756789,0.81725961481490361,17395591.44418449,0,GBP
uk,TLE3,PERM-3R,,20,500,0.075555373139809243,0.8153116774756789,0.81725961481490361,21909589.232374635,374527.91088867077,GBP
uk,TLE3,SMOOTH-0.5,,20,100,0.99333947245486032,0.99294361246930307,0.99391494847873707,160444.1231048211,0,GBP
uk,TLE3,SMOOTH-0.5,,20,300,0.99333947245486032,0.99294361246930307,0.99391494847873707,3295460.369475943,0,GBP
uk,TLE3,SMOOTH-0.5,,20,500,0.99333947245486032,0.99294361246930307,0.99391494847873707,5567067.3714444768,374527.91088867077,GBP
uk,TLE3,SMOOTH-1,,20,100,0.96854075705669018,0.98363746143047781,0.98698149074537267,77860.053377411241,0,GBP
uk,TLE3,SMOOTH-1,,20,300,0.96854075705669018,0.98363746143047781,0.98698149074537267,2747811.3022416667,0,GBP
uk,TLE3,SMOOTH-1,,20,500,0.96854075705669018,0.98363746143047781,0.98698149074537267,7981492.6493466003,0,GBP
uk,TLE3,SMOOTH-2,,20,100,0.43430000882600839,-0.10073743416370359,-0.10951620937905235,47385971.129472122,0,GBP
uk,TLE3,SMOOTH-2,,20,300,0.43430000882600839,-0.10073743416370359,-0.10951620937905235,69992480.426715434,0,GBP
uk,TLE3,SMOOTH-2,,20,500,0.43430000882600839,-0.10073743416370359,-0.10951620937905235,80520379.65378803,374527.91088867077,GBP
uk,TLE3,LU,,20,100,0.48373197977161164,0.98659885561859662,0.99131539382884837,683938.02975727222,0,GBP
uk,TLE3,LU,,20,300,0.48373197977161164,0.98659885561859662,0.99131539382884837,2905746.4182546632,0,GBP
uk,TLE3,LU,,20,500,0.48373197977161164,0.98659885561859662,0.99131539382884837,4690698.3421975402,374527.91088867077,GBP
uk,TLE3,GNN,42,20,100,0.45311501714852831,0.99424777522970986,0.99628344157086035,284624.67981431616,0,GBP
uk,TLE3,GNN,42,20,300,0.45311501714852831,0.99424777522970986,0.99628344157086035,1830815.55397216,0,GBP
uk,TLE3,GNN,42,20,500,0.45311501714852831,0.99424777522970986,0.99628344157086035,4883038.1950261425,0,GBP
uk,TLD3,Ref,,10,100,1,0.9954914586813618,1,333170.37874192826,0,GBP
uk,TLD3,Ref,,10,300,1,0.9954914586813618,1,3066272.967421595,1733.455325238765,GBP
uk,TLD3,Ref,,10,500,1,0.9954914586813618,1,4501666.6802206403,208627.01935672908,GBP
uk,TLD3,PERM-R/3,,10,100,0.73473030237820558,0.99441199944984793,0.99954654988663727,401963.49549780629,0,GBP
uk,TLD3,PERM-R/3,,10,300,0.73473030237820558,0.99441199944984793,0.99954654988663727,3585277.2433225457,1733.455325238765,GBP
uk,TLD3,PERM-R/3,,10,500,0.73473030237820558,0.99441199944984793,0.99954654988663727,5257546.3390915925,921940.62423342594,GBP
uk,TLD3,PERM-R,,10,100,0.40672952259669315,0.9792159097857065,0.98722391930597975,973328.96622058086,0,GBP
uk,TLD3,PERM-R,,10,300,0.40672952259669315,0.9792159097857065,0.98722391930597975,8134009.3377271462,0,GBP
uk,TLD3,PERM-R,,10,500,0.40672952259669315,0.9792159097857065,0.98722391930597975,10551586.859767651,0,GBP
uk,TLD3,PERM-3R,,10,100,0.10418955707463581,0.82217749589778599,0.82806819301704815,7475099.1729849875,0,GBP
uk,TLD3,PERM-3R,,10,300,0.10418955707463581,0.82217749589778599,0.82806819301704815,22366463.972731475,14756325.98330307,GBP
uk,TLD3,PERM-3R,,10,500,0.10418955707463581,0.82217749589778599,0.82806819301704815,27406691.495702043,24260539.5247299,GBP
uk,TLD3,SMOOTH-0.5,,10,100,0.86737439482488854,0.84282205582528658,0.84461496865374208,11171477.73754436,0,GBP
uk,TLD3,SMOOTH-0.5,,10,300,0.86737439482488854,0.84282205582528658,0.84461496865374208,26177305.446988296,19251171.121234022,GBP
uk,TLD3,SMOOTH-0.5,,10,500,0.86737439482488854,0.84282205582528658,0.84461496865374208,34781326.697247893,16772068.891959842,GBP
uk,TLD3,SMOOTH-1,,10,100,0.91662987746105595,0.91423341070052788,0.91988068997017258,638597.04459552432,0,GBP
uk,TLD3,SMOOTH-1,,10,300,0.91662987746105595,0.91423341070052788,0.91988068997017258,20050230.692571059,0,GBP
uk,TLD3,SMOOTH-1,,10,500,0.91662987746105595,0.91423341070052788,0.91988068997017258,36858288.560595639,0,GBP
uk,TLD3,SMOOTH-2,,10,100,0.88510816816140681,0.97060107547667596,0.97953537788384448,379370.59856397228,0,GBP
uk,TLD3,SMOOTH-2,,10,300,0.88510816816140681,0.97060107547667596,0.97953537788384448,17056622.133824445,27466058.293642748,GBP
uk,TLD3,SMOOTH-2,,10,500,0.88510816816140681,0.97060107547667596,0.97953537788384448,37208103.487163693,1045110.0350163383,GBP
uk,TLD3,LU,,10,100,0.5111767930200356,0.98091069053924484,0.98641573110393266,899221.01217855117,0,GBP
uk,TLD3,LU,,10,300,0.5111767930200356,0.98091069053924484,0.98641573110393266,7467636.7368687885,0,GBP
uk,TLD3,LU,,10,500,0.5111767930200356,0.98091069053924484,0.98641573110393266,9378153.9684342165,1084792.9147544471,GBP
uk,TLD3,GNN,42,10,100,0.44582730018685629,0.98959277073728924,0.99295129723782416,450750.58288886613,0,GBP
uk,TLD3,GNN,42,10,300,0.44582730018685629,0.98959277073728924,0.99295129723782416,5069079.3287621401,1733.455325238765,GBP
uk,TLD3,GNN,42,10,500,0.44582730018685629,0.98959277073728924,0.99295129723782416,7376279.0968872625,2298218.2578484183,GBP
uk,TLD3,Ref,,20,100,1,0.99839940125644444,1,0,0,GBP
uk,TLD3,Ref,,20,300,1,0.99839940125644444,1,379198.22412755835,0,GBP
uk,TLD3,Ref,,20,500,1,0.99839940125644444,1,728351.01012968307,0,GBP
uk,TLD3,PERM-R/3,,20,100,0.60120784598270627,0.99687394064065926,0.9988699987174996,0,0,GBP
uk,TLD3,PERM-R/3,,20,300,0.60120784598270627,0.99687394064065926,0.9988699987174996,620754.9745076946,0,GBP
uk,TLD3,PERM-R/3,,20,500,0.60120784598270627,0.99687394064065926,0.9988699987174996,1243909.6098586814,0,GBP
uk,TLD3,PERM-R,,20,100,0.18248817056527827,0.97213518271984756,0.97286078721519686,0,0,GBP
uk,TLD3,PERM-R,,20,300,0.18248817056527827,0.97213518271984756,0.97286078721519686,970825.82436050801,0,GBP
uk,TLD3,PERM-R,,20,500,0.18248817056527827,0.97213518271984756,0.97286078721519686,1946667.5999967768,0,GBP
uk,TLD3,PERM-3R,,20,100,0.0098802712974605904,0.95893386408287218,0.96141680135420038,26807.545977696565,0,GBP
uk,TLD3,PERM-3R,,20,300,0.0098802712974605904,0.95893386408287218,0.96141680135420038,3995416.6646756763,0,GBP
uk,TLD3,PERM-3R,,20,500,0.0098802712974605904,0.95893386408287218,0.96141680135420038,7652680.2732453616,0,GBP
uk,TLD3,SMOOTH-0.5,,20,100,0.9790857052077313,0.9880414867451992,0.98995223998806003,0,0,GBP
uk,TLD3,SMOOTH-0.5,,20,300,0.9790857052077313,0.9880414867451992,0.98995223998806003,411197.05255227629,0,GBP
uk,TLD3,SMOOTH-0.5,,20,500,0.9790857052077313,0.9880414867451992,0.98995223998806003,955093.15579064412,0,GBP
uk,TLD3,SMOOTH-1,,20,100,0.98444635388114776,0.99256884325848893,0.9947007266751815,0,0,GBP
uk,TLD3,SMOOTH-1,,20,300,0.98444635388114776,0.99256884325848893,0.9947007266751815,720886.16994201439,0,GBP
uk,TLD3,SMOOTH-1,,20,500,0.98444635388114776,0.99256884325848893,0.9947007266751815,1608315.9413655212,0,GBP
uk,TLD3,SMOOTH-2,,20,100,0.7307661286830518,0.80174563054418013,0.80595718098929514,4690573.5550824096,0,GBP
uk,TLD3,SMOOTH-2,,20,300,0.7307661286830518,0.80174563054418013,0.80595718098929514,12554881.339933466,0,GBP
uk,TLD3,SMOOTH-2,,20,500,0.7307661286830518,0.80174563054418013,0.80595718098929514,18151758.616776288,0,GBP
uk,TLD3,LU,,20,100,0.5111767930200356,0.99046887790757099,0.99186275296568815,0,0,GBP
uk,TLD3,LU,,20,300,0.5111767930200356,0.99046887790757099,0.99186275296568815,612441.27206183318,0,GBP
uk,TLD3,LU,,20,500,0.5111767930200356,0.99046887790757099,0.99186275296568815,1422455.0799014994,0,GBP
uk,TLD3,GNN,42,20,100,0.44582730018685629,0.9949349135657104,0.99581328145332038,0,0,GBP
uk,TLD3,GNN,42,20,300,0.44582730018685629,0.9949349135657104,0.99581328145332038,434804.93085078947,0,GBP
uk,TLD3,GNN,42,20,500,0.44582730018685629,0.9949349135657104,0.99581328145332038,977387.05755688855,0,GBP
uk,TLD4,Ref,,10,100,1,0.97886630304973821,1,3029755.8027156228,2028347.4378768504,GBP
uk,TLD4,Ref,,10,300,1,0.97886630304973821,1,5431386.8459256273,342460.53347399086,GBP
uk,TLD4,Ref,,10,500,1,0.97886630304973821,1,5457008.428040361,342460.53347399831,GBP
uk,TLD4,PERM-R/3,,10,100,0.87258943435574066,0.97599823385699835,0.99899463524865872,3290666.5423486312,2028347.4378768504,GBP
uk,TLD4,PERM-R/3,,10,300,0.87258943435574066,0.97599823385699835,0.99899463524865872,5920311.676199141,363659.99246180803,GBP
uk,TLD4,PERM-R/3,,10,500,0.87258943435574066,0.97599823385699835,0.99899463524865872,5960985.5665017068,363659.99246180058,GBP
uk,TLD4,PERM-R,,10,100,0.66811680576439803,0.94151807517528585,0.97571756642939145,5397041.0777086336,880581.22165500128,GBP
uk,TLD4,PERM-R,,10,300,0.66811680576439803,0.94151807517528585,0.97571756642939145,9517954.8560319711,4487536.1222782135,GBP
uk,TLD4,PERM-R,,10,500,0.66811680576439803,0.94151807517528585,0.97571756642939145,9652042.8166505508,736004.55200071633,GBP
uk,TLD4,PERM-3R,,10,100,0.30527671676853274,0.57319536739903854,0.63614627703656923,12560775.743912231,7206370.0889768228,GBP
uk,TLD4,PERM-3R,,10,300,0.30527671676853274,0.57319536739903854,0.63614627703656923,20696876.684559494,10333950.715167474,GBP
uk,TLD4,PERM-3R,,10,500,0.30527671676853274,0.57319536739903854,0.63614627703656923,21438314.209508542,322679.86501550674,GBP
uk,TLD4,SMOOTH-0.5,,10,100,0.9829407112292059,0.95418922164396069,0.97385041846260467,3705821.198889717,4741065.9676575176,GBP
uk,TLD4,SMOOTH-0.5,,10,300,0.9829407112292059,0.95418922164396069,0.97385041846260467,8421771.0583245624,3725267.3465408385,GBP
uk,TLD4,SMOOTH-0.5,,10,500,0.9829407112292059,0.95418922164396069,0.97385041846260467,8498058.3885156177,3725267.3465408534,GBP
uk,TLD4,SMOOTH-1,,10,100,0.89170597967157184,0.75603050176292019,0.75270812317703084,8086551.6852653679,9424329.4638400562,GBP
uk,TLD4,SMOOTH-1,,10,300,0.89170597967157184,0.75603050176292019,0.75270812317703084,18593973.238797553,24891161.95095183,GBP
uk,TLD4,SMOOTH-1,,10,500,0.89170597967157184,0.75603050176292019,0.75270812317703084,20098817.472942226,286003.25763206184,GBP
uk,TLD4,SMOOTH-2,,10,100,0.73254181397404328,0.79384317493027445,0.80309507227376808,19353185.977404863,20436942.355323017,GBP
uk,TLD4,SMOOTH-2,,10,300,0.73254181397404328,0.79384317493027445,0.80309507227376808,31792251.598033063,14623896.407836407,GBP
uk,TLD4,SMOOTH-2,,10,500,0.73254181397404328,0.79384317493027445,0.80309507227376808,33106324.982664008,9179835.647123903,GBP
uk,TLD4,LU,,10,100,0.36776300876569584,0.88441921447653282,0.90478316069579012,7187592.4009530758,7413915.0062582698,GBP
uk,TLD4,LU,,10,300,0.36776300876569584,0.88441921447653282,0.90478316069579012,12690174.842518603,13093760.409846939,GBP
uk,TLD4,LU,,10,500,0.36776300876569584,0.88441921447653282,0.90478316069579012,13114571.450792167,286003.25763204694,GBP
uk,TLD4,GNN,42,10,100,0.3854238482734445,0.96386462430173081,0.97838699109674787,4469210.3164269468,1561309.4356631758,GBP
uk,TLD4,GNN,42,10,300,0.3854238482734445,0.96386462430173081,0.97838699109674787,7918387.6812333278,1557776.3850642778,GBP
uk,TLD4,GNN,42,10,500,0.3854238482734445,0.96386462430173081,0.97838699109674787,8019463.4550307868,1557776.385064289,GBP
uk,TLD4,Ref,,20,100,1,0.99145814447348679,1,1326569.7411923828,12252.825531353836,GBP
uk,TLD4,Ref,,20,300,1,0.99145814447348679,1,3529209.9347539181,1411799.4091946012,GBP
uk,TLD4,Ref,,20,500,1,0.99145814447348679,1,6711112.3436640259,3606941.8434470766,GBP
uk,TLD4,PERM-R/3,,20,100,0.78307109431923794,0.98663619247847645,0.9979232509808128,1740760.1091202109,12252.825531353836,GBP
uk,TLD4,PERM-R/3,,20,300,0.78307109431923794,0.98663619247847645,0.9979232509808128,4376705.6209005294,3001095.1537801372,GBP
uk,TLD4,PERM-R/3,,20,500,0.78307109431923794,0.98663619247847645,0.9979232509808128,8529209.2975235432,14275160.007669132,GBP
uk,TLD4,PERM-R,,20,100,0.51691308120854751,0.95447192804235514,0.97299610524902636,3603884.4770662319,0,GBP
uk,TLD4,PERM-R,,20,300,0.51691308120854751,0.95447192804235514,0.97299610524902636,7843717.6369002396,3001095.1537801372,GBP
uk,TLD4,PERM-R,,20,500,0.51691308120854751,0.95447192804235514,0.97299610524902636,15338788.154914249,37114822.190361112,GBP
uk,TLD4,PERM-3R,,20,100,0.020220363812183687,0.42194894080649253,0.47632927258231816,22134440.25999634,0,GBP
uk,TLD4,PERM-3R,,20,300,0.020220363812183687,0.42194894080649253,0.47632927258231816,29186316.679405764,13052001.563658755,GBP
uk,TLD4,PERM-3R,,20,500,0.020220363812183687,0.42194894080649253,0.47632927258231816,45507487.47503382,55528929.296605662,GBP
uk,TLD4,SMOOTH-0.5,,20,100,0.98586348741927421,0.96559330335862548,0.97760079290019819,1922887.7741323577,0,GBP
uk,TLD4,SMOOTH-0.5,,20,300,0.98586348741927421,0.96559330335862548,0.97760079290019819,7576355.0042246077,0,GBP
uk,TLD4,SMOOTH-0.5,,20,500,0.98586348741927421,0.96559330335862548,0.97760079290019819,15504262.273810593,8779274.7565809283,GBP
uk,TLD4,SMOOTH-1,,20,100,0.92427938058148928,0.9219033231333541,0.91812052953013235,2800328.7332026013,0,GBP
uk,TLD4,SMOOTH-1,,20,300,0.92427938058148928,0.9219033231333541,0.91812052953013235,14909129.453473281,0,GBP
uk,TLD4,SMOOTH-1,,20,500,0.92427938058148928,0.9219033231333541,0.91812052953013235,30358298.645593766,27009834.801001985,GBP
uk,TLD4,SMOOTH-2,,20,100,0.60920428780849223,0.34734441169566044,0.36210989002747246,11844548.766286515,0,GBP
uk,TLD4,SMOOTH-2,,20,300,0.60920428780849223,0.34734441169566044,0.36210989002747246,33548305.035380546,4772227.4692866197,GBP
uk,TLD4,SMOOTH-2,,20,500,0.60920428780849223,0.34734441169566044,0.36210989002747246,61569228.167524949,56557935.431529365,GBP
uk,TLD4,LU,,20,100,0.36776300876569584,0.94199400688008017,0.9550538717634679,4742465.9894413715,12252.825531353836,GBP
uk,TLD4,LU,,20,300,0.36776300876569584,0.94199400688008017,0.9550538717634679,9274883.8703446034,13052001.563658755,GBP
uk,TLD4,LU,,20,500,0.36776300876569584,0.94199400688008017,0.9550538717634679,18326078.863848437,43134492.414330505,GBP
uk,TLD4,GNN,42,20,100,0.3854238482734445,0.97519139893557261,0.98172839193209793,3084263.0158612756,568933.9496411907,GBP
uk,TLD4,GNN,42,20,300,0.3854238482734445,0.97519139893557261,0.98172839193209793,6293017.217437733,13052001.563658755,GBP
uk,TLD4,GNN,42,20,500,0.3854238482734445,0.97519139893557261,0.98172839193209793,12937511.270916695,22472266.112066362,GBP
