country,region,method,seed,radius_km,dc_mw,tariff,cost_unit,L_E,L_S,n_candidates,shortlist_k,true_zero_q_fraction,estimated_zero_q_fraction,cutoff_tie_size,selected_cutoff_tie_count,selected_ids,oracle_ids,field_sha256
uk,London,Ref,,10,100,T9,GBP,1324312.1194994636,0,2000,20,0.81399999999999995,0.80349999999999999,313,20,24072|24144|24216|24336|24384|24432|24480|24528|24600|24648|24672|24720|24792|24840|24912|24960|25032|25104|25152|25224,24072|24144|24216|24336|24384|24432|24480|24528|24600|24648|24672|24720|24792|24840|24912|24960|25032|25104|25152|25224,VD-Ref
uk,London,Uni,,10,100,T9,GBP,7569375.3552501965,0,2000,20,0.81399999999999995,0.72450000000000003,222,20,24072|24144|24216|24336|24384|24432|24480|24528|24600|24648|24672|24720|24792|24840|24912|24960|25032|25104|25152|25224,24072|24144|24216|24336|24384|24432|24480|24528|24600|24648|24672|24720|24792|24840|24912|24960|25032|25104|25152|25224,07fc58dcdc0e1978bb373ae34ecc9a71b92ff845818a1e3992103d7df8c4b472
uk,London,LU,,10,100,T9,GBP,5019941.0143101849,0,2000,20,0.81399999999999995,0.749,270,20,24072|24144|24216|24336|24384|24432|24480|24528|24600|24648|24672|24720|24792|24840|24912|24960|25032|25104|25152|25224,24072|24144|24216|24336|24384|24432|24480|24528|24600|24648|24672|24720|24792|24840|24912|24960|25032|25104|25152|25224,7f6cbcade1e8a17ea3a811bde077572cc39011114d5a26215cc5ee4fefddf1e6
uk,London,GNN,42,10,100,T9,GBP,4886508.6711473064,0,2000,20,0.81399999999999995,0.76049999999999995,286,20,24144|24216|24336|24384|24432|24480|24528|24600|24648|24672|24720|24792|24840|24912|24960|25032|25104|25152|25224|25296,24072|24144|24216|24336|24384|24432|24480|24528|24600|24648|24672|24720|24792|24840|24912|24960|25032|25104|25152|25224,c9f35c959b6b570b8eb80a295b4d2c348b229e5094c20cb545d49dbe10fd45f6
uk,London,GNN,123,10,100,T9,GBP,3970743.4230109844,0,2000,20,0.81399999999999995,0.78049999999999997,310,20,24144|24216|24336|24384|24432|24480|24528|24600|24648|24672|24720|24792|24840|24912|24960|25032|25104|25152|25224|25296,24072|24144|24216|24336|24384|24432|24480|24528|24600|24648|24672|24720|24792|24840|24912|24960|25032|25104|25152|25224,7334433bcb9f4b4fda071a21c2811583651a453f77fc810c19b10e8a07fbb3ce
uk,London,GNN,456,10,100,T9,GBP,4989321.5660509495,0,2000,20,0.81399999999999995,0.75700000000000001,271,20,24144|24216|24336|24384|24432|24480|24528|24600|24648|24672|24720|24792|24840|24912|24960|25032|25104|25152|25224|25296,24072|24144|24216|24336|24384|24432|24480|24528|24600|24648|24672|24720|24792|24840|24912|24960|25032|25104|25152|25224,6e35775d805f0bd1e74dfa082b45b2ea0209b6295a6fef8ea599db6ea9abf392
uk,London,Ref,,10,300,T9,GBP,4206642.8335640859,0,2000,20,0.50749999999999995,0.499,135,20,30168|30360|30720|39216|39240|39264|39288|39312|39336|39360|39384|39408|39432|39456|39480|39504|39528|39552|39576|39600,30168|30360|30720|39216|39240|39264|39288|39312|39336|39360|39384|39408|39432|39456|39480|39504|39528|39552|39576|39600,VD-Ref
uk,London,Uni,,10,300,T9,GBP,16463151.344659809,0,2000,20,0.50749999999999995,0.43049999999999999,83,20,30168|30360|30720|39216|39240|39264|39288|39312|39336|39360|39384|39408|39432|39456|39480|39504|39528|39552|39576|39600,30168|30360|30720|39216|39240|39264|39288|39312|39336|39360|39384|39408|39432|39456|39480|39504|39528|39552|39576|39600,07fc58dcdc0e1978bb373ae34ecc9a71b92ff845818a1e3992103d7df8c4b472
uk,London,LU,,10,300,T9,GBP,12507912.283389192,0,2000,20,0.50749999999999995,0.45050000000000001,121,20,30168|30360|30720|39216|39240|39264|39288|39312|39336|39360|39384|39408|39432|39456|39480|39504|39528|39552|39576|39600,30168|30360|30720|39216|39240|39264|39288|39312|39336|39360|39384|39408|39432|39456|39480|39504|39528|39552|39576|39600,7f6cbcade1e8a17ea3a811bde077572cc39011114d5a26215cc5ee4fefddf1e6
uk,London,GNN,42,10,300,T9,GBP,11390581.248338314,0,2000,20,0.50749999999999995,0.45100000000000001,110,20,30168|30360|30720|39216|39240|39264|39288|39312|39336|39360|39384|39408|39432|39456|39480|39504|39528|39552|39576|39600,30168|30360|30720|39216|39240|39264|39288|39312|39336|39360|39384|39408|39432|39456|39480|39504|39528|39552|39576|39600,c9f35c959b6b570b8eb80a295b4d2c348b229e5094c20cb545d49dbe10fd45f6
uk,London,GNN,123,10,300,T9,GBP,9551025.9889881257,0,2000,20,0.50749999999999995,0.46200000000000002,122,20,30168|30360|30720|39216|39240|39264|39288|39312|39336|39360|39384|39408|39432|39456|39480|39504|39528|39552|39576|39600,30168|30360|30720|39216|39240|39264|39288|39312|39336|39360|39384|39408|39432|39456|39480|39504|39528|39552|39576|39600,7334433bcb9f4b4fda071a21c2811583651a453f77fc810c19b10e8a07fbb3ce
uk,London,GNN,456,10,300,T9,GBP,12499303.314256111,0,2000,20,0.50749999999999995,0.439,105,20,30168|30360|30720|39216|39240|39264|39288|39312|39336|39360|39384|39408|39432|39456|39480|39504|39528|39552|39576|39600,30168|30360|30720|39216|39240|39264|39288|39312|39336|39360|39384|39408|39432|39456|39480|39504|39528|39552|39576|39600,6e35775d805f0bd1e74dfa082b45b2ea0209b6295a6fef8ea599db6ea9abf392
uk,London,Ref,,10,500,T9,GBP,6094599.114033279,0,2000,20,0.3705,0.36799999999999999,94,20,39216|39240|39264|39288|39312|39336|39360|39384|39408|39432|39456|39480|39504|39528|39552|39576|39600|39624|39648|39672,39216|39240|39264|39288|39312|39336|39360|39384|39408|39432|39456|39480|39504|39528|39552|39576|39600|39624|39648|39672,VD-Ref
uk,London,Uni,,10,500,T9,GBP,20772518.711893614,0,2000,20,0.3705,0.34350000000000003,64,20,39216|39240|39264|39288|39312|39336|39360|39384|39408|39432|39456|39480|39504|39528|39552|39576|39600|39624|39648|39672,39216|39240|39264|39288|39312|39336|39360|39384|39408|39432|39456|39480|39504|39528|39552|39576|39600|39624|39648|39672,07fc58dcdc0e1978bb373ae34ecc9a71b92ff845818a1e3992103d7df8c4b472
uk,London,LU,,10,500,T9,GBP,15647359.981654229,0,2000,20,0.3705,0.35249999999999998,83,20,39216|39240|39264|39288|39312|39336|39360|39384|39408|39432|39456|39480|39504|39528|39552|39576|39600|39624|39648|39672,39216|39240|39264|39288|39312|39336|39360|39384|39408|39432|39456|39480|39504|39528|39552|39576|39600|39624|39648|39672,7f6cbcade1e8a17ea3a811bde077572cc39011114d5a26215cc5ee4fefddf1e6
uk,London,GNN,42,10,500,T9,GBP,14562145.737233369,0,2000,20,0.3705,0.35649999999999998,79,20,39216|39240|39264|39288|39312|39336|39360|39384|39408|39432|39456|39480|39504|39528|39552|39576|39600|39624|39648|39672,39216|39240|39264|39288|39312|39336|39360|39384|39408|39432|39456|39480|39504|39528|39552|39576|39600|39624|39648|39672,c9f35c959b6b570b8eb80a295b4d2c348b229e5094c20cb545d49dbe10fd45f6
uk,London,GNN,123,10,500,T9,GBP,12326488.983655136,0,2000,20,0.3705,0.35749999999999998,83,20,39216|39240|39264|39288|39312|39336|39360|39384|39408|39432|39456|39480|39504|39528|39552|39576|39600|39624|39648|39672,39216|39240|39264|39288|39312|39336|39360|39384|39408|39432|39456|39480|39504|39528|39552|39576|39600|39624|39648|39672,7334433bcb9f4b4fda071a21c2811583651a453f77fc810c19b10e8a07fbb3ce
uk,London,GNN,456,10,500,T9,GBP,16105498.420705838,0,2000,20,0.3705,0.35149999999999998,78,20,39216|39240|39264|39288|39312|39336|39360|39384|39408|39432|39456|39480|39504|39528|39552|39576|39600|39624|39648|39672,39216|39240|39264|39288|39312|39336|39360|39384|39408|39432|39456|39480|39504|39528|39552|39576|39600|39624|39648|39672,6e35775d805f0bd1e74dfa082b45b2ea0209b6295a6fef8ea599db6ea9abf392
uk,London,Ref,,20,100,T9,GBP,0,0,2000,20,1,1,523,20,24072|24144|24168|24216|24240|24288|24336|24360|24384|24408|24432|24456|24480|24528|24576|24600|24648|24672|24696|24720,24072|24144|24168|24216|24240|24288|24336|24360|24384|24408|24432|24456|24480|24528|24576|24600|24648|24672|24696|24720,VD-Ref
uk,London,Uni,,20,100,T9,GBP,323315.56810031523,0,2000,20,1,0.99399999999999999,512,20,24072|24144|24168|24216|24240|24288|24336|24360|24384|24408|24432|24456|24480|24528|24576|24600|24648|24672|24696|24720,24072|24144|24168|24216|24240|24288|24336|24360|24384|24408|24432|24456|24480|24528|24576|24600|24648|24672|24696|24720,07fc58dcdc0e1978bb373ae34ecc9a71b92ff845818a1e3992103d7df8c4b472
uk,London,LU,,20,100,T9,GBP,0,0,2000,20,1,1,523,20,24072|24144|24168|24216|24240|24288|24336|24360|24384|24408|24432|24456|24480|24528|24576|24600|24648|24672|24696|24720,24072|24144|24168|24216|24240|24288|24336|24360|24384|24408|24432|24456|24480|24528|24576|24600|24648|24672|24696|24720,7f6cbcade1e8a17ea3a811bde077572cc39011114d5a26215cc5ee4fefddf1e6
uk,London,GNN,42,20,100,T9,GBP,0,0,2000,20,1,1,523,20,24072|24144|24168|24216|24240|24288|24336|24360|24384|24408|24432|24456|24480|24528|24576|24600|24648|24672|24696|24720,24072|24144|24168|24216|24240|24288|24336|24360|24384|24408|24432|24456|24480|24528|24576|24600|24648|24672|24696|24720,c9f35c959b6b570b8eb80a295b4d2c348b229e5094c20cb545d49dbe10fd45f6
uk,London,GNN,123,20,100,T9,GBP,0,0,2000,20,1,1,523,20,24072|24144|24168|24216|24240|24288|24336|24360|24384|24408|24432|24456|24480|24528|24576|24600|24648|24672|24696|24720,24072|24144|24168|24216|24240|24288|24336|24360|24384|24408|24432|24456|24480|24528|24576|24600|24648|24672|24696|24720,7334433bcb9f4b4fda071a21c2811583651a453f77fc810c19b10e8a07fbb3ce
uk,London,GNN,456,20,100,T9,GBP,6760.7603881809646,0,2000,20,1,0.999,521,20,24072|24144|24168|24216|24240|24288|24336|24360|24384|24408|24432|24456|24480|24528|24576|24600|24648|24672|24696|24720,24072|24144|24168|24216|24240|24288|24336|24360|24384|24408|24432|24456|24480|24528|24576|24600|24648|24672|24696|24720,6e35775d805f0bd1e74dfa082b45b2ea0209b6295a6fef8ea599db6ea9abf392
uk,London,Ref,,20,300,T9,GBP,180649.56747237098,0,2000,20,0.98350000000000004,0.98299999999999998,505,20,24072|24144|24168|24216|24240|24288|24336|24360|24384|24408|24432|24456|24480|24528|24576|24600|24648|24672|24696|24720,24072|24144|24168|24216|24240|24288|24336|24360|24384|24408|24432|24456|24480|24528|24576|24600|24648|24672|24696|24720,VD-Ref
uk,London,Uni,,20,300,T9,GBP,2245994.1025416632,0,2000,20,0.98350000000000004,0.94750000000000001,487,20,24072|24144|24168|24216|24240|24288|24336|24360|24384|24408|24432|24456|24480|24528|24576|24600|24648|24672|24696|24720,24072|24144|24168|24216|24240|24288|24336|24360|24384|24408|24432|24456|24480|24528|24576|24600|24648|24672|24696|24720,07fc58dcdc0e1978bb373ae34ecc9a71b92ff845818a1e3992103d7df8c4b472
uk,London,LU,,20,300,T9,GBP,890042.59052441362,0,2000,20,0.98350000000000004,0.96299999999999997,497,20,24072|24144|24168|24216|24240|24288|24336|24360|24384|24408|24432|24456|24480|24528|24576|24600|24648|24672|24696|24720,24072|24144|24168|24216|24240|24288|24336|24360|24384|24408|24432|24456|24480|24528|24576|24600|24648|24672|24696|24720,7f6cbcade1e8a17ea3a811bde077572cc39011114d5a26215cc5ee4fefddf1e6
uk,London,GNN,42,20,300,T9,GBP,694398.43941385311,0,2000,20,0.98350000000000004,0.96650000000000003,494,20,24072|24144|24168|24216|24240|24288|24336|24360|24384|24408|24432|24456|24480|24528|24576|24600|24648|24672|24696|24720,24072|24144|24168|24216|24240|24288|24336|24360|24384|24408|24432|24456|24480|24528|24576|24600|24648|24672|24696|24720,c9f35c959b6b570b8eb80a295b4d2c348b229e5094c20cb545d49dbe10fd45f6
uk,London,GNN,123,20,300,T9,GBP,492411.23156357097,0,2000,20,0.98350000000000004,0.97350000000000003,497,20,24072|24144|24168|24216|24240|24288|24336|24360|24384|24408|24432|24456|24480|24528|24576|24600|24648|24672|24696|24720,24072|24144|24168|24216|24240|24288|24336|24360|24384|24408|24432|24456|24480|24528|24576|24600|24648|24672|24696|24720,7334433bcb9f4b4fda071a21c2811583651a453f77fc810c19b10e8a07fbb3ce
uk,London,GNN,456,20,300,T9,GBP,957713.64349478122,0,2000,20,0.98350000000000004,0.96199999999999997,492,20,24072|24144|24168|24216|24240|24288|24336|24360|24384|24408|24432|24456|24480|24528|24576|24600|24648|24672|24696|24720,24072|24144|24168|24216|24240|24288|24336|24360|24384|24408|24432|24456|24480|24528|24576|24600|24648|24672|24696|24720,6e35775d805f0bd1e74dfa082b45b2ea0209b6295a6fef8ea599db6ea9abf392
uk,London,Ref,,20,500,T9,GBP,987757.12504613528,0,2000,20,0.9385,0.93200000000000005,483,20,24072|24144|24168|24216|24240|24288|24336|24360|24384|24408|24432|24456|24480|24528|24576|24600|24648|24672|24696|24720,24072|24144|24168|24216|24240|24288|24336|24360|24384|24408|24432|24456|24480|24528|24576|24600|24648|24672|24696|24720,VD-Ref
uk,London,Uni,,20,500,T9,GBP,5894724.2403063998,0,2000,20,0.9385,0.90200000000000002,465,20,24072|24144|24216|24288|24336|24384|24408|24432|24480|24528|24576|24600|24648|24672|24720|24768|24792|24840|24888|24912,24072|24144|24168|24216|24240|24288|24336|24360|24384|24408|24432|24456|24480|24528|24576|24600|24648|24672|24696|24720,07fc58dcdc0e1978bb373ae34ecc9a71b92ff845818a1e3992103d7df8c4b472
uk,London,LU,,20,500,T9,GBP,3255369.7345679225,0,2000,20,0.9385,0.92100000000000004,478,20,24072|24144|24168|24216|24240|24288|24336|24360|24384|24408|24432|24456|24480|24528|24576|24600|24648|24672|24696|24720,24072|24144|24168|24216|24240|24288|24336|24360|24384|24408|24432|24456|24480|24528|24576|24600|24648|24672|24696|24720,7f6cbcade1e8a17ea3a811bde077572cc39011114d5a26215cc5ee4fefddf1e6
uk,London,GNN,42,20,500,T9,GBP,2904876.7250830117,0,2000,20,0.9385,0.92000000000000004,474,20,24072|24144|24168|24216|24240|24288|24336|24360|24384|24408|24432|24456|24480|24528|24576|24600|24648|24672|24696|24720,24072|24144|24168|24216|24240|24288|24336|24360|24384|24408|24432|24456|24480|24528|24576|24600|24648|24672|24696|24720,c9f35c959b6b570b8eb80a295b4d2c348b229e5094c20cb545d49dbe10fd45f6
uk,London,GNN,123,20,500,T9,GBP,2349738.6851650095,0,2000,20,0.9385,0.92349999999999999,477,20,24072|24144|24168|24216|24240|24288|24336|24360|24384|24408|24432|24456|24480|24528|24576|24600|24648|24672|24696|24720,24072|24144|24168|24216|24240|24288|24336|24360|24384|24408|24432|24456|24480|24528|24576|24600|24648|24672|24696|24720,7334433bcb9f4b4fda071a21c2811583651a453f77fc810c19b10e8a07fbb3ce
uk,London,GNN,456,20,500,T9,GBP,3519967.0721940519,0,2000,20,0.9385,0.91549999999999998,468,20,24072|24144|24168|24216|24240|24288|24336|24360|24384|24408|24432|24456|24480|24528|24576|24600|24648|24672|24696|24720,24072|24144|24168|24216|24240|24288|24336|24360|24384|24408|24432|24456|24480|24528|24576|24600|24648|24672|24696|24720,6e35775d805f0bd1e74dfa082b45b2ea0209b6295a6fef8ea599db6ea9abf392
uk,TLH2,Ref,,10,100,T9,GBP,4461962.9352281932,5858049.8594383262,2000,20,0,0,1,1,4824|1464|6240|15096|13824|13608|5736|16272|15288|14472|3744|30888|5280|14040|14880|3576|4968|13392|3264|1296,1464|2544|1632|2088|1272|1536|1896|1992|2304|1200|1368|2184|2664|1440|1704|1800|576|648|960|720,VD-Ref
uk,TLH2,Uni,,10,100,T9,GBP,12872342.654628128,2306453.8546481505,2000,20,0,0.069000000000000006,138,20,72|120|144|192|216|240|264|288|336|384|408|432|456|504|528|552|576|600|624|648,1464|2544|1632|2088|1272|1536|1896|1992|2304|1200|1368|2184|2664|1440|1704|1800|576|648|960|720,f8f0bd65dee8fb894c393e541a2b1fd5f1262c5d838ecd12544f7fc63a1b85d3
uk,TLH2,LU,,10,100,T9,GBP,8903062.2074453514,2496737.5163395479,2000,20,0,0.012999999999999999,26,20,576|648|888|984|1296|1320|1464|1728|1824|2208|2328|2568|2832|3000|3144|3288|3576|3744|3912|4512,1464|2544|1632|2088|1272|1536|1896|1992|2304|1200|1368|2184|2664|1440|1704|1800|576|648|960|720,f33ef028752265ab03c10e283f6ee5f434d58b9d4aaf6f8168b7d87ad96d9f47
uk,TLH2,GNN,42,10,100,T9,GBP,7843757.7512784759,8494088.200987719,2000,20,0,0,1,1,16272|28584|30096|28704|28656|28872|28752|13824|29880|30552|29376|29568|13608|30408|30480|30768|29424|30624|29832|29472,1464|2544|1632|2088|1272|1536|1896|1992|2304|1200|1368|2184|2664|1440|1704|1800|576|648|960|720,8ad5bf16a14ceefeba94831fc255b14f87c627d0b05798d96dfb354918c0df81
uk,TLH2,GNN,123,10,100,T9,GBP,6432780.9408280235,2891535.0089444704,2000,20,0,0,1,1,1464|1296|30096|1200|1272|1632|1032|336|3264|1320|1368|504|888|576|192|16272|30552|30768|648|30408,1464|2544|1632|2088|1272|1536|1896|1992|2304|1200|1368|2184|2664|1440|1704|1800|576|648|960|720,1d5d05db0f42eab4e1dc8032bff362b9ea013125b9c65a13626245ac3e75ccc7
uk,TLH2,GNN,456,10,100,T9,GBP,7444652.9830918964,5976209.2478889488,2000,20,0,0,1,1,1464|16272|30096|1320|1296|28584|30552|888|30768|30408|4824|30480|30624|29880|6240|30216|28704|29568|30888|1632,1464|2544|1632|2088|1272|1536|1896|1992|2304|1200|1368|2184|2664|1440|1704|1800|576|648|960|720,ea4658e0f941daef00f0d1aa25ede3a25f43743303806038bc10ba44e9616d83
uk,TLH2,Ref,,10,300,T9,GBP,4461962.9352281932,5858049.8594383001,2000,20,0,0,1,1,4824|1464|6240|15096|13824|13608|5736|16272|15288|14472|3744|30888|5280|14040|14880|3576|4968|13392|3264|1296,1464|2544|1632|2088|1272|1536|1896|1992|2304|1200|1368|2184|2664|1440|1704|1800|576|648|960|720,VD-Ref
uk,TLH2,Uni,,10,300,T9,GBP,13670410.818812752,2036534.6497901678,2000,20,0,0,1,1,4824|1464|3576|3744|1296|3288|4512|2208|3264|1728|1824|2832|576|888|2328|648|4968|5280|6240|1632,1464|2544|1632|2088|1272|1536|1896|1992|2304|1200|1368|2184|2664|1440|1704|1800|576|648|960|720,f8f0bd65dee8fb894c393e541a2b1fd5f1262c5d838ecd12544f7fc63a1b85d3
uk,TLH2,LU,,10,300,T9,GBP,8954302.7833220586,2400500.9363395423,2000,20,0,0,1,1,4824|1464|3744|6240|1296|3288|4512|3576|1320|4992|984|888|1728|1824|2328|2208|576|4968|2832|648,1464|2544|1632|2088|1272|1536|1896|1992|2304|1200|1368|2184|2664|1440|1704|1800|576|648|960|720,f33ef028752265ab03c10e283f6ee5f434d58b9d4aaf6f8168b7d87ad96d9f47
uk,TLH2,GNN,42,10,300,T9,GBP,7843757.7512784759,8494088.2009876817,2000,20,0,0,1,1,16272|28584|30096|28704|28656|28872|28752|13824|29880|30552|29376|29568|13608|30408|30480|30768|29424|30624|29832|29472,1464|2544|1632|2088|1272|1536|1896|1992|2304|1200|1368|2184|2664|1440|1704|1800|576|648|960|720,8ad5bf16a14ceefeba94831fc255b14f87c627d0b05798d96dfb354918c0df81
uk,TLH2,GNN,123,10,300,T9,GBP,6432780.9408280244,2891535.0089444667,2000,20,0,0,1,1,1464|1296|30096|1200|1272|1632|1032|336|3264|1320|1368|504|888|576|192|16272|30552|30768|648|30408,1464|2544|1632|2088|1272|1536|1896|1992|2304|1200|1368|2184|2664|1440|1704|1800|576|648|960|720,1d5d05db0f42eab4e1dc8032bff362b9ea013125b9c65a13626245ac3e75ccc7
uk,TLH2,GNN,456,10,300,T9,GBP,7444652.9830918983,5976209.2478889525,2000,20,0,0,1,1,1464|16272|30096|1320|1296|28584|30552|888|30768|30408|4824|30480|30624|29880|6240|30216|28704|29568|30888|1632,1464|2544|1632|2088|1272|1536|1896|1992|2304|1200|1368|2184|2664|1440|1704|1800|576|648|960|720,ea4658e0f941daef00f0d1aa25ede3a25f43743303806038bc10ba44e9616d83
uk,TLH2,Ref,,10,500,T9,GBP,4461962.9352281932,5858049.8594383001,2000,20,0,0,1,1,4824|1464|6240|15096|13824|13608|5736|16272|15288|14472|3744|30888|5280|14040|14880|3576|4968|13392|3264|1296,1464|2544|1632|2088|1272|1536|1896|1992|2304|1200|1368|2184|2664|1440|1704|1800|576|648|960|720,VD-Ref
uk,TLH2,Uni,,10,500,T9,GBP,13670410.81881275,2036534.649790138,2000,20,0,0,1,1,4824|1464|3576|3744|1296|3288|4512|2208|3264|1728|1824|2832|576|888|2328|648|4968|5280|6240|1632,1464|2544|1632|2088|1272|1536|1896|1992|2304|1200|1368|2184|2664|1440|1704|1800|576|648|960|720,f8f0bd65dee8fb894c393e541a2b1fd5f1262c5d838ecd12544f7fc63a1b85d3
uk,TLH2,LU,,10,500,T9,GBP,8954302.7833220586,2400500.9363395274,2000,20,0,0,1,1,4824|1464|3744|6240|1296|3288|4512|3576|1320|4992|984|888|1728|1824|2328|2208|576|4968|2832|648,1464|2544|1632|2088|1272|1536|1896|1992|2304|1200|1368|2184|2664|1440|1704|1800|576|648|960|720,f33ef028752265ab03c10e283f6ee5f434d58b9d4aaf6f8168b7d87ad96d9f47
uk,TLH2,GNN,42,10,500,T9,GBP,7843757.7512784768,8494088.2009876668,2000,20,0,0,1,1,16272|28584|30096|28704|28656|28872|28752|13824|29880|30552|29376|29568|13608|30408|30480|30768|29424|30624|29832|29472,1464|2544|1632|2088|1272|1536|1896|1992|2304|1200|1368|2184|2664|1440|1704|1800|576|648|960|720,8ad5bf16a14ceefeba94831fc255b14f87c627d0b05798d96dfb354918c0df81
uk,TLH2,GNN,123,10,500,T9,GBP,6432780.9408280235,2891535.0089444816,2000,20,0,0,1,1,1464|1296|30096|1200|1272|1632|1032|336|3264|1320|1368|504|888|576|192|16272|30552|30768|648|30408,1464|2544|1632|2088|1272|1536|1896|1992|2304|1200|1368|2184|2664|1440|1704|1800|576|648|960|720,1d5d05db0f42eab4e1dc8032bff362b9ea013125b9c65a13626245ac3e75ccc7
uk,TLH2,GNN,456,10,500,T9,GBP,7444652.9830918983,5976209.2478889227,2000,20,0,0,1,1,1464|16272|30096|1320|1296|28584|30552|888|30768|30408|4824|30480|30624|29880|6240|30216|28704|29568|30888|1632,1464|2544|1632|2088|1272|1536|1896|1992|2304|1200|1368|2184|2664|1440|1704|1800|576|648|960|720,ea4658e0f941daef00f0d1aa25ede3a25f43743303806038bc10ba44e9616d83
uk,TLH2,Ref,,20,100,T9,GBP,5685032.5340306666,2653078.9080987815,2000,20,0,0.0135,27,20,4776|5568|5880|6360|6696|6864|7032|7056|7392|7440|8784|10872|11568|14280|14328|15144|17400|30648|30888|34992,10128|10584|9912|10344|9696|14496|14280|8544|12000|12240|7056|8736|15120|12960|11040|7224|7776|7968|28512|28536,VD-Ref
uk,TLH2,Uni,,20,100,T9,GBP,21435638.028170887,9436198.6310555506,2000,20,0,0.2475,494,20,0|24|48|72|96|120|144|168|192|216|240|264|288|312|336|360|384|408|432|456,10128|10584|9912|10344|9696|14496|14280|8544|12000|12240|7056|8736|15120|12960|11040|7224|7776|7968|28512|28536,f8f0bd65dee8fb894c393e541a2b1fd5f1262c5d838ecd12544f7fc63a1b85d3
uk,TLH2,LU,,20,100,T9,GBP,14474075.162445728,9248629.191055553,2000,20,0,0.17599999999999999,351,20,48|72|96|120|144|168|192|216|240|264|288|312|336|360|384|408|432|456|480|504,10128|10584|9912|10344|9696|14496|14280|8544|12000|12240|7056|8736|15120|12960|11040|7224|7776|7968|28512|28536,f33ef028752265ab03c10e283f6ee5f434d58b9d4aaf6f8168b7d87ad96d9f47
uk,TLH2,GNN,42,20,100,T9,GBP,9133324.4930583593,2580906.9576049279,2000,20,0,0.022499999999999999,45,20,4776|5088|5232|5400|5544|5712|5880|6024|6336|6696|6864|7008|7032|7752|8328|9120|9888|9912|9936|10128,10128|10584|9912|10344|9696|14496|14280|8544|12000|12240|7056|8736|15120|12960|11040|7224|7776|7968|28512|28536,8ad5bf16a14ceefeba94831fc255b14f87c627d0b05798d96dfb354918c0df81
uk,TLH2,GNN,123,20,100,T9,GBP,7529844.6590016196,1764801.2610555422,2000,20,0,0.017999999999999999,36,20,48|4776|5880|6024|6504|6696|6864|7008|7032|7392|7752|8328|9120|9312|9912|9936|10128|10344|10368|10584,10128|10584|9912|10344|9696|14496|14280|8544|12000|12240|7056|8736|15120|12960|11040|7224|7776|7968|28512|28536,1d5d05db0f42eab4e1dc8032bff362b9ea013125b9c65a13626245ac3e75ccc7
uk,TLH2,GNN,456,20,100,T9,GBP,8737789.8305570669,3549763.2960555423,2000,20,0,0.0315,63,20,48|3696|4320|4776|5088|5232|5256|5400|5544|5568|5712|5880|6024|6336|6360|6504|6672|6696|6840|6864,10128|10584|9912|10344|9696|14496|14280|8544|12000|12240|7056|8736|15120|12960|11040|7224|7776|7968|28512|28536,ea4658e0f941daef00f0d1aa25ede3a25f43743303806038bc10ba44e9616d83
uk,TLH2,Ref,,20,300,T9,GBP,5723479.7496852363,4583449.8177469373,2000,20,0,0,1,1,30648|5880|41592|6696|14328|30888|17400|37632|6864|8784|11568|7032|34992|37368|35112|36720|10872|7440|6360|7392,10128|10584|9912|10344|9696|14496|14280|8544|12000|12240|7056|8736|15120|12960|11040|7224|7776|7968|28512|28536,VD-Ref
uk,TLH2,Uni,,20,300,T9,GBP,28323032.624284115,3511450.6822530776,2000,20,0,0,1,1,5880|5160|6696|4776|984|6864|7056|7032|5568|5472|6360|5088|7392|6024|3480|7752|2616|4320|8544|4224,10128|10584|9912|10344|9696|14496|14280|8544|12000|12240|7056|8736|15120|12960|11040|7224|7776|7968|28512|28536,f8f0bd65dee8fb894c393e541a2b1fd5f1262c5d838ecd12544f7fc63a1b85d3
uk,TLH2,LU,,20,300,T9,GBP,16252704.322864868,2119813.9910555333,2000,20,0,0,1,1,4776|5880|6696|5088|6024|6864|7032|4320|7392|5568|7752|6360|10128|5544|8328|9936|6192|8736|9528|7200,10128|10584|9912|10344|9696|14496|14280|8544|12000|12240|7056|8736|15120|12960|11040|7224|7776|7968|28512|28536,f33ef028752265ab03c10e283f6ee5f434d58b9d4aaf6f8168b7d87ad96d9f47
uk,TLH2,GNN,42,20,300,T9,GBP,9230359.6836637035,2981479.174999997,2000,20,0,0,1,1,11040|10128|10344|12936|30648|9912|4776|10584|24192|6696|30888|6024|13392|6864|13608|10320|7032|9936|17400|5088,10128|10584|9912|10344|9696|14496|14280|8544|12000|12240|7056|8736|15120|12960|11040|7224|7776|7968|28512|28536,8ad5bf16a14ceefeba94831fc255b14f87c627d0b05798d96dfb354918c0df81
uk,TLH2,GNN,123,20,300,T9,GBP,7599322.6091275346,3395468.0284506083,2000,20,0,0,1,1,6696|30648|36720|6864|11040|10128|41592|30888|7032|37632|6024|10344|12936|9912|10584|9936|36192|5880|4776|10368,10128|10584|9912|10344|9696|14496|14280|8544|12000|12240|7056|8736|15120|12960|11040|7224|7776|7968|28512|28536,1d5d05db0f42eab4e1dc8032bff362b9ea013125b9c65a13626245ac3e75ccc7
uk,TLH2,GNN,456,20,300,T9,GBP,8887694.625033265,2167833.1003518403,2000,20,0,0,1,1,11040|10344|10128|12936|6696|4776|9912|6024|6864|7032|10584|13392|13608|30648|5880|9936|5088|36720|10368|5232,10128|10584|9912|10344|9696|14496|14280|8544|12000|12240|7056|8736|15120|12960|11040|7224|7776|7968|28512|28536,ea4658e0f941daef00f0d1aa25ede3a25f43743303806038bc10ba44e9616d83
uk,TLH2,Ref,,20,500,T9,GBP,5723479.7496852363,4583449.8177469075,2000,20,0,0,1,1,30648|5880|41592|6696|14328|30888|17400|37632|6864|8784|11568|7032|34992|37368|35112|36720|10872|7440|6360|7392,10128|10584|9912|10344|9696|14496|14280|8544|12000|12240|7056|8736|15120|12960|11040|7224|7776|7968|28512|28536,VD-Ref
uk,TLH2,Uni,,20,500,T9,GBP,28323032.624284111,3511450.6822530627,2000,20,0,0,1,1,5880|5160|6696|4776|984|6864|7056|7032|5568|5472|6360|5088|7392|6024|3480|7752|2616|4320|8544|4224,10128|10584|9912|10344|9696|14496|14280|8544|12000|12240|7056|8736|15120|12960|11040|7224|7776|7968|28512|28536,f8f0bd65dee8fb894c393e541a2b1fd5f1262c5d838ecd12544f7fc63a1b85d3
uk,TLH2,LU,,20,500,T9,GBP,16252704.32286487,2119813.9910554886,2000,20,0,0,1,1,4776|5880|6696|5088|6024|6864|7032|4320|7392|5568|7752|6360|10128|5544|8328|9936|6192|8736|9528|7200,10128|10584|9912|10344|9696|14496|14280|8544|12000|12240|7056|8736|15120|12960|11040|7224|7776|7968|28512|28536,f33ef028752265ab03c10e283f6ee5f434d58b9d4aaf6f8168b7d87ad96d9f47
uk,TLH2,GNN,42,20,500,T9,GBP,9230359.6836637035,2981479.1749999523,2000,20,0,0,1,1,11040|10128|10344|12936|30648|9912|4776|10584|24192|6696|30888|6024|13392|6864|13608|10320|7032|9936|17400|5088,10128|10584|9912|10344|9696|14496|14280|8544|12000|12240|7056|8736|15120|12960|11040|7224|7776|7968|28512|28536,8ad5bf16a14ceefeba94831fc255b14f87c627d0b05798d96dfb354918c0df81
uk,TLH2,GNN,123,20,500,T9,GBP,7599322.6091275364,3395468.0284506083,2000,20,0,0,1,1,6696|30648|36720|6864|11040|10128|41592|30888|7032|37632|6024|10344|12936|9912|10584|9936|36192|5880|4776|10368,10128|10584|9912|10344|9696|14496|14280|8544|12000|12240|7056|8736|15120|12960|11040|7224|7776|7968|28512|28536,1d5d05db0f42eab4e1dc8032bff362b9ea013125b9c65a13626245ac3e75ccc7
uk,TLH2,GNN,456,20,500,T9,GBP,8887694.6250332668,2167833.1003518105,2000,20,0,0,1,1,11040|10344|10128|12936|6696|4776|9912|6024|6864|7032|10584|13392|13608|30648|5880|9936|5088|36720|10368|5232,10128|10584|9912|10344|9696|14496|14280|8544|12000|12240|7056|8736|15120|12960|11040|7224|7776|7968|28512|28536,ea4658e0f941daef00f0d1aa25ede3a25f43743303806038bc10ba44e9616d83
uk,TLH3,Ref,,10,100,T9,GBP,4285023.6776448004,490889.07499998808,2000,20,0,0,1,1,12696|11688|12384|12216|12048|12552|14592|13032|14808|33408|15288|12888|11856|33072|13200|32448|32424|24288|17256|13512,14592|14808|33072|33408|15288|16560|16896|17016|17136|15696|16224|16344|17256|11688|32424|32448|12048|12216|12384|12552,VD-Ref
uk,TLH3,Uni,,10,100,T9,GBP,11559821.334776418,2215441.2699999847,2000,20,0,0.0060000000000000001,1,1,14592|14808|15288|16896|17016|17136|17256|20616|20856|21024|21288|21384|16560|21120|20448|20688|20520|11688|12696|20376,14592|14808|33072|33408|15288|16560|16896|17016|17136|15696|16224|16344|17256|11688|32424|32448|12048|12216|12384|12552,161d7d21a4e2ae6c82a4f4160d02492b9324a011c7b21453216d28c3521dd500
uk,TLH3,LU,,10,100,T9,GBP,10416211.757594807,2593247.2249999903,2000,20,0,0.0030000000000000001,1,1,17256|20616|20856|21024|21288|21384|17136|17016|21120|20448|16896|20688|20520|16560|15288|14808|14592|20376|20232|20304,14592|14808|33072|33408|15288|16560|16896|17016|17136|15696|16224|16344|17256|11688|32424|32448|12048|12216|12384|12552,9ca645bc665bca35549234e00ca8b161f8936ef43079f193541421c1113f9309
uk,TLH3,GNN,42,10,100,T9,GBP,7296518.8093191143,3737120.3249999844,2000,20,0,0.001,1,1,24288|25128|18600|24168|20232|3696|4848|20304|18624|24480|23808|5400|20616|7032|7008|15648|15912|35928|16896|24360,14592|14808|33072|33408|15288|16560|16896|17016|17136|15696|16224|16344|17256|11688|32424|32448|12048|12216|12384|12552,b188ce32dfe6d2e4363ba085c4122243ccb33e98646cfa93a80b642ee28bdc21
uk,TLH3,GNN,123,10,100,T9,GBP,6823121.933565178,2936431.0849999972,2000,20,0,0.0015,1,1,18600|24288|25128|24168|15648|15912|23808|24480|20232|18624|12696|20304|24048|24360|23112|17424|17616|17520|17328|35928,14592|14808|33072|33408|15288|16560|16896|17016|17136|15696|16224|16344|17256|11688|32424|32448|12048|12216|12384|12552,3af4383bc08d1e468eb4047b5fee01063ae2c6a4fcbe761f3393d18b0e7634be
uk,TLH3,GNN,456,10,100,T9,GBP,6993359.7969348747,2103990.8599999882,2000,20,0,0.001,1,1,18600|25128|24288|24168|18624|16896|35928|24480|17016|20232|15648|17256|15912|17136|35040|23808|34872|24360|12696|20304,14592|14808|33072|33408|15288|16560|16896|17016|17136|15696|16224|16344|17256|11688|32424|32448|12048|12216|12384|12552,8f755d93bde9b67db73acab409fa293d6bee7071b3397ff3d017f5dd4aa2d2dd
uk,TLH3,Ref,,10,300,T9,GBP,4285023.6776448013,490889.07499994338,2000,20,0,0,1,1,12696|11688|12384|12216|12048|12552|14592|13032|14808|33408|15288|12888|11856|33072|13200|32448|32424|24288|17256|13512,14592|14808|33072|33408|15288|16560|16896|17016|17136|15696|16224|16344|17256|11688|32424|32448|12048|12216|12384|12552,VD-Ref
uk,TLH3,Uni,,10,300,T9,GBP,11569815.085115692,2215441.2699999511,2000,20,0,0,1,1,20616|17256|21288|21024|21384|17136|20856|17016|16896|15288|14808|14592|16560|21120|20448|20688|20520|11688|12696|20376,14592|14808|33072|33408|15288|16560|16896|17016|17136|15696|16224|16344|17256|11688|32424|32448|12048|12216|12384|12552,161d7d21a4e2ae6c82a4f4160d02492b9324a011c7b21453216d28c3521dd500
uk,TLH3,LU,,10,300,T9,GBP,10424843.580537913,2593247.2249999642,2000,20,0,0,1,1,20616|21288|21024|17256|21384|20856|17136|17016|21120|20448|16896|20688|20520|16560|15288|14808|14592|20376|20232|20304,14592|14808|33072|33408|15288|16560|16896|17016|17136|15696|16224|16344|17256|11688|32424|32448|12048|12216|12384|12552,9ca645bc665bca35549234e00ca8b161f8936ef43079f193541421c1113f9309
uk,TLH3,GNN,42,10,300,T9,GBP,7297088.7416642783,3737120.3249999732,2000,20,0,0,1,1,25128|24288|18600|24168|20232|3696|4848|20304|18624|24480|23808|5400|20616|7032|7008|15648|15912|35928|16896|24360,14592|14808|33072|33408|15288|16560|16896|17016|17136|15696|16224|16344|17256|11688|32424|32448|12048|12216|12384|12552,b188ce32dfe6d2e4363ba085c4122243ccb33e98646cfa93a80b642ee28bdc21
uk,TLH3,GNN,123,10,300,T9,GBP,6825827.222093082,2936431.0849999636,2000,20,0,0,1,1,24288|25128|18600|24168|15648|15912|23808|24480|20232|18624|12696|20304|24048|24360|23112|17424|17616|17520|17328|35928,14592|14808|33072|33408|15288|16560|16896|17016|17136|15696|16224|16344|17256|11688|32424|32448|12048|12216|12384|12552,3af4383bc08d1e468eb4047b5fee01063ae2c6a4fcbe761f3393d18b0e7634be
uk,TLH3,GNN,456,10,300,T9,GBP,6995144.6934497571,2103990.8599999547,2000,20,0,0,1,1,25128|18600|24288|24168|18624|16896|35928|24480|17016|20232|15648|17256|15912|17136|35040|23808|34872|24360|12696|20304,14592|14808|33072|33408|15288|16560|16896|17016|17136|15696|16224|16344|17256|11688|32424|32448|12048|12216|12384|12552,8f755d93bde9b67db73acab409fa293d6bee7071b3397ff3d017f5dd4aa2d2dd
uk,TLH3,Ref,,10,500,T9,GBP,4285023.6776448013,490889.07499995828,2000,20,0,0,1,1,12696|11688|12384|12216|12048|12552|14592|13032|14808|33408|15288|12888|11856|33072|13200|32448|32424|24288|17256|13512,14592|14808|33072|33408|15288|16560|16896|17016|17136|15696|16224|16344|17256|11688|32424|32448|12048|12216|12384|12552,VD-Ref
uk,TLH3,Uni,,10,500,T9,GBP,11569815.08511569,2215441.2699999511,2000,20,0,0,1,1,20616|17256|21288|21024|21384|17136|20856|17016|16896|15288|14808|14592|16560|21120|20448|20688|20520|11688|12696|20376,14592|14808|33072|33408|15288|16560|16896|17016|17136|15696|16224|16344|17256|11688|32424|32448|12048|12216|12384|12552,161d7d21a4e2ae6c82a4f4160d02492b9324a011c7b21453216d28c3521dd500
uk,TLH3,LU,,10,500,T9,GBP,10424843.580537913,2593247.224999994,2000,20,0,0,1,1,20616|21288|21024|17256|21384|20856|17136|17016|21120|20448|16896|20688|20520|16560|15288|14808|14592|20376|20232|20304,14592|14808|33072|33408|15288|16560|16896|17016|17136|15696|16224|16344|17256|11688|32424|32448|12048|12216|12384|12552,9ca645bc665bca35549234e00ca8b161f8936ef43079f193541421c1113f9309
uk,TLH3,GNN,42,10,500,T9,GBP,7297088.7416642774,3737120.3249999583,2000,20,0,0,1,1,25128|24288|18600|24168|20232|3696|4848|20304|18624|24480|23808|5400|20616|7032|7008|15648|15912|35928|16896|24360,14592|14808|33072|33408|15288|16560|16896|17016|17136|15696|16224|16344|17256|11688|32424|32448|12048|12216|12384|12552,b188ce32dfe6d2e4363ba085c4122243ccb33e98646cfa93a80b642ee28bdc21
uk,TLH3,GNN,123,10,500,T9,GBP,6825827.2220930811,2936431.0850000381,2000,20,0,0,1,1,24288|25128|18600|24168|15648|15912|23808|24480|20232|18624|12696|20304|24048|24360|23112|17424|17616|17520|17328|35928,14592|14808|33072|33408|15288|16560|16896|17016|17136|15696|16224|16344|17256|11688|32424|32448|12048|12216|12384|12552,3af4383bc08d1e468eb4047b5fee01063ae2c6a4fcbe761f3393d18b0e7634be
uk,TLH3,GNN,456,10,500,T9,GBP,6995144.6934497561,2103990.8599999845,2000,20,0,0,1,1,25128|18600|24288|24168|18624|16896|35928|24480|17016|20232|15648|17256|15912|17136|35040|23808|34872|24360|12696|20304,14592|14808|33072|33408|15288|16560|16896|17016|17136|15696|16224|16344|17256|11688|32424|32448|12048|12216|12384|12552,8f755d93bde9b67db73acab409fa293d6bee7071b3397ff3d017f5dd4aa2d2dd
uk,TLH3,Ref,,20,100,T9,GBP,5510524.3181263749,1661579.125000041,2000,20,0,0.010999999999999999,22,20,4272|4296|4536|4656|4680|4800|4920|5088|5208|5352|5376|5496|5520|5664|5928|6048|7440|7560|7680|8400,7680|9816|9624|10008|9432|8568|10560|11112|9072|8160|9096|10032|10224|6216|8304|8448|8760|8928|9288|20496,VD-Ref
uk,TLH3,Uni,,20,100,T9,GBP,17488872.729843508,2703326.3650000431,2000,20,0,0.092499999999999999,177,20,1680|2808|4152|4272|4392|4536|4656|4680|4800|4920|4944|5064|5088|5208|5352|5376|5472|5496|5520|5616,7680|9816|9624|10008|9432|8568|10560|11112|9072|8160|9096|10032|10224|6216|8304|8448|8760|8928|9288|20496,161d7d21a4e2ae6c82a4f4160d02492b9324a011c7b21453216d28c3521dd500
uk,TLH3,LU,,20,100,T9,GBP,15757189.378316645,1473468.1000000462,2000,20,0,0.080500000000000002,154,20,4272|4536|4656|4680|4800|4920|4944|5088|5208|5352|5376|5472|5496|5520|5640|5664|5784|5904|5928|6024,7680|9816|9624|10008|9432|8568|10560|11112|9072|8160|9096|10032|10224|6216|8304|8448|8760|8928|9288|20496,9ca645bc665bca35549234e00ca8b161f8936ef43079f193541421c1113f9309
uk,TLH3,GNN,42,20,100,T9,GBP,9619705.1964318007,3793126.9649999812,2000,20,0,0.014500000000000001,29,20,4680|7680|8400|8880|9240|9432|9816|9984|20112|20400|20640|20808|21696|21960|22224|22320|22992|23160|23232|23304,7680|9816|9624|10008|9432|8568|10560|11112|9072|8160|9096|10032|10224|6216|8304|8448|8760|8928|9288|20496,b188ce32dfe6d2e4363ba085c4122243ccb33e98646cfa93a80b642ee28bdc21
uk,TLH3,GNN,123,20,100,T9,GBP,9064242.3948142622,3072200.1449999772,2000,20,0,0.016,32,20,7680|7896|8400|8880|9048|9240|9432|9792|9816|9984|10008|10176|12528|20112|20400|21696|22224|22320|22992|23160,7680|9816|9624|10008|9432|8568|10560|11112|9072|8160|9096|10032|10224|6216|8304|8448|8760|8928|9288|20496,3af4383bc08d1e468eb4047b5fee01063ae2c6a4fcbe761f3393d18b0e7634be
uk,TLH3,GNN,456,20,100,T9,GBP,8454230.5369564723,4022290.9499999844,2000,20,0,0.0094999999999999998,1,1,7680|8400|8880|9240|9432|9816|9984|10008|20400|21696|22320|22992|23232|23304|23376|23496|24312|27024|44112|23160,7680|9816|9624|10008|9432|8568|10560|11112|9072|8160|9096|10032|10224|6216|8304|8448|8760|8928|9288|20496,8f755d93bde9b67db73acab409fa293d6bee7071b3397ff3d017f5dd4aa2d2dd
uk,TLH3,Ref,,20,300,T9,GBP,5555032.1360139614,1703512.7250000536,2000,20,0,0,1,1,7680|5520|4680|5376|4800|4536|5664|5352|5496|7440|5928|9984|5208|6048|4656|4296|7560|8400|4272|4920,7680|9816|9624|10008|9432|8568|10560|11112|9072|8160|9096|10032|10224|6216|8304|8448|8760|8928|9288|20496,VD-Ref
uk,TLH3,Uni,,20,300,T9,GBP,18783174.95757097,1984426.7799999714,2000,20,0,0,1,1,9240|7680|8400|9984|8880|10176|9432|20568|10368|9816|8544|20664|9048|20496|20328|7896|12672|9624|21264|10920,7680|9816|9624|10008|9432|8568|10560|11112|9072|8160|9096|10032|10224|6216|8304|8448|8760|8928|9288|20496,161d7d21a4e2ae6c82a4f4160d02492b9324a011c7b21453216d28c3521dd500
uk,TLH3,LU,,20,300,T9,GBP,16790628.907990929,2668180.3149999976,2000,20,0,0,1,1,9240|9984|8400|8880|10176|20568|7680|9432|20328|10368|12672|20400|20664|20496|12168|21264|22320|20112|11640|20256,7680|9816|9624|10008|9432|8568|10560|11112|9072|8160|9096|10032|10224|6216|8304|8448|8760|8928|9288|20496,9ca645bc665bca35549234e00ca8b161f8936ef43079f193541421c1113f9309
uk,TLH3,GNN,42,20,300,T9,GBP,9695057.1728450619,5519337.8849999905,2000,20,0,0,1,1,22320|9984|22992|7680|21696|8400|23232|20400|23304|23496|23376|44112|9240|23160|24312|20112|24984|23544|20640|22224,7680|9816|9624|10008|9432|8568|10560|11112|9072|8160|9096|10032|10224|6216|8304|8448|8760|8928|9288|20496,b188ce32dfe6d2e4363ba085c4122243ccb33e98646cfa93a80b642ee28bdc21
uk,TLH3,GNN,123,20,300,T9,GBP,9151947.5700595751,4043602.6099999696,2000,20,0,0,1,1,9984|8400|22320|22992|20400|7680|44112|9240|7896|23496|23304|23232|20112|23376|9432|8880|24312|21696|23160|9816,7680|9816|9624|10008|9432|8568|10560|11112|9072|8160|9096|10032|10224|6216|8304|8448|8760|8928|9288|20496,3af4383bc08d1e468eb4047b5fee01063ae2c6a4fcbe761f3393d18b0e7634be
uk,TLH3,GNN,456,20,300,T9,GBP,8487340.6549589168,4022290.9499999881,2000,20,0,0,1,1,9984|22320|8400|22992|7680|9240|23496|23232|23304|9432|23376|21696|20400|9816|44112|24312|10008|8880|27024|23160,7680|9816|9624|10008|9432|8568|10560|11112|9072|8160|9096|10032|10224|6216|8304|8448|8760|8928|9288|20496,8f755d93bde9b67db73acab409fa293d6bee7071b3397ff3d017f5dd4aa2d2dd
uk,TLH3,Ref,,20,500,T9,GBP,5555032.1360139614,1703512.7250000834,2000,20,0,0,1,1,7680|5520|4680|5376|4800|4536|5664|5352|5496|7440|5928|9984|5208|6048|4656|4296|7560|8400|4272|4920,7680|9816|9624|10008|9432|8568|10560|11112|9072|8160|9096|10032|10224|6216|8304|8448|8760|8928|9288|20496,VD-Ref
uk,TLH3,Uni,,20,500,T9,GBP,18783174.95757097,1984426.7799999714,2000,20,0,0,1,1,9240|7680|8400|9984|8880|10176|9432|20568|10368|9816|8544|20664|9048|20496|20328|7896|12672|9624|21264|10920,7680|9816|9624|10008|9432|8568|10560|11112|9072|8160|9096|10032|10224|6216|8304|8448|8760|8928|9288|20496,161d7d21a4e2ae6c82a4f4160d02492b9324a011c7b21453216d28c3521dd500
uk,TLH3,LU,,20,500,T9,GBP,16790628.907990929,2668180.3149999976,2000,20,0,0,1,1,9240|9984|8400|8880|10176|20568|7680|9432|20328|10368|12672|20400|20664|20496|12168|21264|22320|20112|11640|20256,7680|9816|9624|10008|9432|8568|10560|11112|9072|8160|9096|10032|10224|6216|8304|8448|8760|8928|9288|20496,9ca645bc665bca35549234e00ca8b161f8936ef43079f193541421c1113f9309
uk,TLH3,GNN,42,20,500,T9,GBP,9695057.17284506,5519337.8850000203,2000,20,0,0,1,1,22320|9984|22992|7680|21696|8400|23232|20400|23304|23496|23376|44112|9240|23160|24312|20112|24984|23544|20640|22224,7680|9816|9624|10008|9432|8568|10560|11112|9072|8160|9096|10032|10224|6216|8304|8448|8760|8928|9288|20496,b188ce32dfe6d2e4363ba085c4122243ccb33e98646cfa93a80b642ee28bdc21
uk,TLH3,GNN,123,20,500,T9,GBP,9151947.5700595789,4043602.6100000143,2000,20,0,0,1,1,9984|8400|22320|22992|20400|7680|44112|9240|7896|23496|23304|23232|20112|23376|9432|8880|24312|21696|23160|9816,7680|9816|9624|10008|9432|8568|10560|11112|9072|8160|9096|10032|10224|6216|8304|8448|8760|8928|9288|20496,3af4383bc08d1e468eb4047b5fee01063ae2c6a4fcbe761f3393d18b0e7634be
uk,TLH3,GNN,456,20,500,T9,GBP,8487340.6549589168,4022290.9499999881,2000,20,0,0,1,1,9984|22320|8400|22992|7680|9240|23496|23232|23304|9432|23376|21696|20400|9816|44112|24312|10008|8880|27024|23160,7680|9816|9624|10008|9432|8568|10560|11112|9072|8160|9096|10032|10224|6216|8304|8448|8760|8928|9288|20496,8f755d93bde9b67db73acab409fa293d6bee7071b3397ff3d017f5dd4aa2d2dd
uk,TLJ1,Ref,,10,100,T9,GBP,3326367.6507637026,251765.00000000076,2000,20,0.23050000000000001,0.24099999999999999,48,20,45312|45504|45576|45672|45744|45816|45888|45960|46008|46080|46128|46176|46224|46272|46392|46440|46560|46680|47256|47280,45312|45504|45576|45672|45744|45816|45888|45960|46080|46128|46176|46224|46392|46440|46560|46680|47256|47280|47304|47328,VD-Ref
uk,TLJ1,Uni,,10,100,T9,GBP,10432731.887578683,378615.00000000087,2000,20,0.23050000000000001,0.29799999999999999,49,20,45312|45504|45576|45648|45672|45744|45816|45888|45960|46008|46080|46128|46176|46224|46272|46392|46440|46560|46680|47256,45312|45504|45576|45672|45744|45816|45888|45960|46080|46128|46176|46224|46392|46440|46560|46680|47256|47280|47304|47328,bec48dc23746679d4073d3a7997027976de12fa472658715679a678a6ff0d36c
uk,TLJ1,LU,,10,100,T9,GBP,9443995.6808436178,251765.00000000076,2000,20,0.23050000000000001,0.28949999999999998,48,20,45312|45504|45576|45672|45744|45816|45888|45960|46008|46080|46128|46176|46224|46272|46392|46440|46560|46680|47256|47280,45312|45504|45576|45672|45744|45816|45888|45960|46080|46128|46176|46224|46392|46440|46560|46680|47256|47280|47304|47328,6979991ebd6daac13eb43a69497fd038e923a4876dbb9a3fd311eaad6ae7e91e
uk,TLJ1,GNN,42,10,100,T9,GBP,7094162.5633545741,251765.00000000076,2000,20,0.23050000000000001,0.28149999999999997,48,20,45312|45504|45576|45672|45744|45816|45888|45960|46008|46080|46128|46176|46224|46272|46392|46440|46560|46680|47256|47280,45312|45504|45576|45672|45744|45816|45888|45960|46080|46128|46176|46224|46392|46440|46560|46680|47256|47280|47304|47328,d556b11aa61b9129e829160f9ea2555127d8fd0d8e80011bd140e657a58b1534
uk,TLJ1,GNN,123,10,100,T9,GBP,6204096.7315470958,251765.00000000076,2000,20,0.23050000000000001,0.27850000000000003,48,20,45312|45504|45576|45672|45744|45816|45888|45960|46008|46080|46128|46176|46224|46272|46392|46440|46560|46680|47256|47280,45312|45504|45576|45672|45744|45816|45888|45960|46080|46128|46176|46224|46392|46440|46560|46680|47256|47280|47304|47328,3f055f0010e67c4a9caf495aba2084d2aeced1a7a53de9e50d603d9590483aa5
uk,TLJ1,GNN,456,10,100,T9,GBP,7687324.2294052411,251765.00000000076,2000,20,0.23050000000000001,0.28549999999999998,48,20,45312|45504|45576|45672|45744|45816|45888|45960|46008|46080|46128|46176|46224|46272|46392|46440|46560|46680|47256|47280,45312|45504|45576|45672|45744|45816|45888|45960|46080|46128|46176|46224|46392|46440|46560|46680|47256|47280|47304|47328,01189232a73c1167c1743a50b05d69cefea511d0db2f0aa19c2c33f65aa6e048
uk,TLJ1,Ref,,10,300,T9,GBP,5238272.1069076173,1175107.6671689376,2000,20,0,0,1,1,47736|47616|6624|34680|47544|46392|47784|5616|47448|6408|47832|47280|34512|47976|6216|47880|34776|47304|47760|47928,47616|47736|6624|47448|47544|47784|47832|47880|47928|47976|47424|47520|47592|47664|47712|47760|47280|47304|47328|6408,VD-Ref
uk,TLJ1,Uni,,10,300,T9,GBP,20092831.387112495,11564779.623941675,2000,20,0,0.025000000000000001,50,13,47736|47616|36912|36744|36984|47544|47448|3648|4584|4776|5568|5616|5976|6216|6624|6792|7032|7224|7824|9912,47616|47736|6624|47448|47544|47784|47832|47880|47928|47976|47424|47520|47592|47664|47712|47760|47280|47304|47328|6408,bec48dc23746679d4073d3a7997027976de12fa472658715679a678a6ff0d36c
uk,TLJ1,LU,,10,300,T9,GBP,18136675.881881051,18446468.529897869,2000,20,0,0.022499999999999999,45,17,36912|36984|36744|4776|5568|5616|5976|6216|6624|6792|7824|9912|10056|10728|10848|10872|20016|20808|20976|21456,47616|47736|6624|47448|47544|47784|47832|47880|47928|47976|47424|47520|47592|47664|47712|47760|47280|47304|47328|6408,6979991ebd6daac13eb43a69497fd038e923a4876dbb9a3fd311eaad6ae7e91e
uk,TLJ1,GNN,42,10,300,T9,GBP,13327241.711484283,13251339.23899205,2000,20,0,0.0054999999999999997,1,1,6624|6792|10728|34104|34224|34512|34680|34776|34872|35232|35736|35472|5976|35304|34008|6216|4776|36912|36744|6408,47616|47736|6624|47448|47544|47784|47832|47880|47928|47976|47424|47520|47592|47664|47712|47760|47280|47304|47328|6408,d556b11aa61b9129e829160f9ea2555127d8fd0d8e80011bd140e657a58b1534
uk,TLJ1,GNN,123,10,300,T9,GBP,11499289.943751251,13743077.773621812,2000,20,0,0.0025000000000000001,1,1,34512|34680|34776|34872|35232|6792|35736|35472|36912|36744|6624|36984|10728|5976|34104|35304|47616|47736|4776|24792,47616|47736|6624|47448|47544|47784|47832|47880|47928|47976|47424|47520|47592|47664|47712|47760|47280|47304|47328|6408,3f055f0010e67c4a9caf495aba2084d2aeced1a7a53de9e50d603d9590483aa5
uk,TLJ1,GNN,456,10,300,T9,GBP,14766957.617773576,13880460.670782864,2000,20,0,0.0074999999999999997,1,1,6624|6792|10728|33888|34008|34104|34224|34512|34680|34776|34872|35232|35304|35472|35736|5616|33960|34440|7824|36912,47616|47736|6624|47448|47544|47784|47832|47880|47928|47976|47424|47520|47592|47664|47712|47760|47280|47304|47328|6408,01189232a73c1167c1743a50b05d69cefea511d0db2f0aa19c2c33f65aa6e048
uk,TLJ1,Ref,,10,500,T9,GBP,5238272.1069076182,1005770,2000,20,0,0,1,1,47736|47616|47544|46392|47784|47448|47832|47280|47976|47880|47304|47760|47928|47472|47328|45744|47424|47688|47520|47592,47616|47736|47448|47544|47784|47832|47880|47928|47976|47424|47520|47592|47664|47712|47760|47280|47304|47328|46392|47400,VD-Ref
uk,TLJ1,Uni,,10,500,T9,GBP,20609009.65105442,27521136.183041751,2000,20,0,0,1,1,34680|34776|34512|34872|35232|34224|34104|10728|34008|34440|34368|34296|10056|47736|47616|34608|36912|36744|36984|6624,47616|47736|47448|47544|47784|47832|47880|47928|47976|47424|47520|47592|47664|47712|47760|47280|47304|47328|46392|47400,bec48dc23746679d4073d3a7997027976de12fa472658715679a678a6ff0d36c
uk,TLJ1,LU,,10,500,T9,GBP,18521643.322296776,31720425.560134917,2000,20,0,0,1,1,34680|34776|34512|34872|35232|10728|34104|34224|34008|34440|36912|36984|36744|34368|34296|35304|10056|6624|34608|33888,47616|47736|47448|47544|47784|47832|47880|47928|47976|47424|47520|47592|47664|47712|47760|47280|47304|47328|46392|47400,6979991ebd6daac13eb43a69497fd038e923a4876dbb9a3fd311eaad6ae7e91e
uk,TLJ1,GNN,42,10,500,T9,GBP,13396822.02436042,20736512.415889502,2000,20,0,0,1,1,34680|34512|34776|34872|36912|36744|35232|36984|6792|47616|47736|6624|10728|34104|35736|47544|47448|46392|45744|34224,47616|47736|47448|47544|47784|47832|47880|47928|47976|47424|47520|47592|47664|47712|47760|47280|47304|47328|46392|47400,d556b11aa61b9129e829160f9ea2555127d8fd0d8e80011bd140e657a58b1534
uk,TLJ1,GNN,123,10,500,T9,GBP,11519731.441979954,16422358.005849987,2000,20,0,0,1,1,34680|36912|36744|36984|34512|34776|47616|47736|34872|47544|47448|35232|46392|45744|6792|35736|37224|47280|47784|47328,47616|47736|47448|47544|47784|47832|47880|47928|47976|47424|47520|47592|47664|47712|47760|47280|47304|47328|46392|47400,3f055f0010e67c4a9caf495aba2084d2aeced1a7a53de9e50d603d9590483aa5
uk,TLJ1,GNN,456,10,500,T9,GBP,14871792.494358059,23211462.519269526,2000,20,0,0,1,1,34680|34512|34776|34872|10728|36912|35232|36984|36744|34104|47736|47616|34224|35736|35472|6624|47544|46392|34008|37224,47616|47736|47448|47544|47784|47832|47880|47928|47976|47424|47520|47592|47664|47712|47760|47280|47304|47328|46392|47400,01189232a73c1167c1743a50b05d69cefea511d0db2f0aa19c2c33f65aa6e048
uk,TLJ1,Ref,,20,100,T9,GBP,1220276.4705814952,0,2000,20,0.80800000000000005,0.77800000000000002,163,20,31944|43032|43392|43416|43512|43560|43608|43656|43680|43728|43752|43776|43824|43848|43872|43896|43920|43944|43968|43992,31944|43032|43392|43416|43512|43560|43608|43656|43680|43728|43752|43776|43824|43848|43872|43896|43920|43944|43968|43992,VD-Ref
uk,TLJ1,Uni,,20,100,T9,GBP,11904927.03057923,0,2000,20,0.80800000000000005,0.66749999999999998,135,20,43032|43512|43560|43608|43680|43728|43776|43848|43872|43920|43944|43992|44016|44064|44088|44160|44184|44232|44256|44304,31944|43032|43392|43416|43512|43560|43608|43656|43680|43728|43752|43776|43824|43848|43872|43896|43920|43944|43968|43992,bec48dc23746679d4073d3a7997027976de12fa472658715679a678a6ff0d36c
uk,TLJ1,LU,,20,100,T9,GBP,9779202.1392029449,0,2000,20,0.80800000000000005,0.67700000000000005,135,20,43032|43512|43560|43608|43680|43728|43776|43848|43872|43944|43992|44016|44064|44088|44160|44184|44232|44256|44304|44328,31944|43032|43392|43416|43512|43560|43608|43656|43680|43728|43752|43776|43824|43848|43872|43896|43920|43944|43968|43992,6979991ebd6daac13eb43a69497fd038e923a4876dbb9a3fd311eaad6ae7e91e
uk,TLJ1,GNN,42,20,100,T9,GBP,7386261.6156513961,0,2000,20,0.80800000000000005,0.70850000000000002,139,20,43032|43512|43560|43608|43680|43728|43776|43848|43872|43920|43944|43968|43992|44016|44064|44088|44160|44184|44232|44256,31944|43032|43392|43416|43512|43560|43608|43656|43680|43728|43752|43776|43824|43848|43872|43896|43920|43944|43968|43992,d556b11aa61b9129e829160f9ea2555127d8fd0d8e80011bd140e657a58b1534
uk,TLJ1,GNN,123,20,100,T9,GBP,5895002.7607070748,0,2000,20,0.80800000000000005,0.71750000000000003,139,20,43032|43392|43512|43560|43608|43680|43728|43776|43848|43872|43920|43944|43968|43992|44016|44064|44088|44160|44184|44232,31944|43032|43392|43416|43512|43560|43608|43656|43680|43728|43752|43776|43824|43848|43872|43896|43920|43944|43968|43992,3f055f0010e67c4a9caf495aba2084d2aeced1a7a53de9e50d603d9590483aa5
uk,TLJ1,GNN,456,20,100,T9,GBP,8734086.3215501904,0,2000,20,0.80800000000000005,0.68799999999999994,134,20,43032|43512|43560|43608|43680|43728|43776|43848|43872|43920|43944|43992|44016|44064|44088|44160|44184|44232|44256|44304,31944|43032|43392|43416|43512|43560|43608|43656|43680|43728|43752|43776|43824|43848|43872|43896|43920|43944|43968|43992,01189232a73c1167c1743a50b05d69cefea511d0db2f0aa19c2c33f65aa6e048
uk,TLJ1,Ref,,20,300,T9,GBP,5224808.1150851101,844181.93616957217,2000,20,0.14099999999999999,0.17150000000000001,1,1,44856|36744|36912|36984|37080|37152|37392|44400|44784|45192|44712|36504|45024|46056|45624|36840|45456|46104|37536|44160,36744|36504|36912|36984|37152|37392|36840|37080|37224|37320|37464|37536|44712|44784|44856|45024|45192|45456|37248|44400,VD-Ref
uk,TLJ1,Uni,,20,300,T9,GBP,22046126.987248827,4145658.2292705663,2000,20,0.14099999999999999,0.32300000000000001,32,20,36504|36744|36840|36912|36984|37080|37152|37200|37224|37248|37296|37320|37392|37464|37488|37536|37560|37608|37632|37680,36744|36504|36912|36984|37152|37392|36840|37080|37224|37320|37464|37536|44712|44784|44856|45024|45192|45456|37248|44400,bec48dc23746679d4073d3a7997027976de12fa472658715679a678a6ff0d36c
uk,TLJ1,LU,,20,300,T9,GBP,20250654.219054841,4145658.2292705663,2000,20,0.14099999999999999,0.31950000000000001,31,20,36504|36744|36840|36912|36984|37080|37152|37200|37224|37248|37296|37320|37392|37464|37488|37536|37560|37608|37632|37680,36744|36504|36912|36984|37152|37392|36840|37080|37224|37320|37464|37536|44712|44784|44856|45024|45192|45456|37248|44400,6979991ebd6daac13eb43a69497fd038e923a4876dbb9a3fd311eaad6ae7e91e
uk,TLJ1,GNN,42,20,300,T9,GBP,16610322.016745973,3831726.3004268557,2000,20,0.14099999999999999,0.29949999999999999,1,1,36504|36744|36840|36912|36984|37080|37152|37224|37248|37296|37320|37392|37464|37488|37536|37560|37632|37704|37200|37032,36744|36504|36912|36984|37152|37392|36840|37080|37224|37320|37464|37536|44712|44784|44856|45024|45192|45456|37248|44400,d556b11aa61b9129e829160f9ea2555127d8fd0d8e80011bd140e657a58b1534
uk,TLJ1,GNN,123,20,300,T9,GBP,14394771.113475382,2569570.2386068851,2000,20,0.14099999999999999,0.29699999999999999,1,1,36504|36744|36840|36912|36984|37080|37152|37224|37248|37296|37320|37392|37464|37488|37536|37560|37632|37704|39744|39408,36744|36504|36912|36984|37152|37392|36840|37080|37224|37320|37464|37536|44712|44784|44856|45024|45192|45456|37248|44400,3f055f0010e67c4a9caf495aba2084d2aeced1a7a53de9e50d603d9590483aa5
uk,TLJ1,GNN,456,20,300,T9,GBP,18727093.524214439,3831726.3004268557,2000,20,0.14099999999999999,0.32600000000000001,23,20,36504|36744|36840|36912|36984|37032|37080|37152|37200|37224|37248|37296|37320|37392|37464|37488|37536|37560|37632|37704,36744|36504|36912|36984|37152|37392|36840|37080|37224|37320|37464|37536|44712|44784|44856|45024|45192|45456|37248|44400,01189232a73c1167c1743a50b05d69cefea511d0db2f0aa19c2c33f65aa6e048
uk,TLJ1,Ref,,20,500,T9,GBP,6362799.722411057,1366122.265431419,2000,20,0.014999999999999999,0.0235,47,20,5592|6000|6192|6384|6408|6600|6792|6816|6984|7008|7200|7392|7416|7608|7800|7992|8160|8328|8352|8496,6600|6984|7200|7608|7800|7992|8328|8352|8496|8520|8664|8832|8976|9000|9144|9312|9456|9600|9744|9888,VD-Ref
uk,TLJ1,Uni,,20,500,T9,GBP,33423985.805802114,51772429.449166998,2000,20,0.014999999999999999,0.106,203,2,36504|36744|36840|36912|36984|37080|37152|37248|37392|37320|37464|37488|37632|37536|37560|37224|37296|37704|720|1200,6600|6984|7200|7608|7800|7992|8328|8352|8496|8520|8664|8832|8976|9000|9144|9312|9456|9600|9744|9888,bec48dc23746679d4073d3a7997027976de12fa472658715679a678a6ff0d36c
uk,TLJ1,LU,,20,500,T9,GBP,31141755.998005562,50421013.811005309,2000,20,0.014999999999999999,0.085999999999999993,167,2,36744|36912|36984|37080|37152|37392|36504|36840|37248|37320|37464|37488|37536|37632|37224|37296|37560|37704|1560|2688,6600|6984|7200|7608|7800|7992|8328|8352|8496|8520|8664|8832|8976|9000|9144|9312|9456|9600|9744|9888,6979991ebd6daac13eb43a69497fd038e923a4876dbb9a3fd311eaad6ae7e91e
uk,TLJ1,GNN,42,20,500,T9,GBP,24237433.747581366,36639370.099471882,2000,20,0.014999999999999999,0.070000000000000007,140,10,36984|37152|36912|37392|36744|37080|36504|37320|37464|36840|3480|3672|3864|4032|4056|4248|4416|4608|4800|4992,6600|6984|7200|7608|7800|7992|8328|8352|8496|8520|8664|8832|8976|9000|9144|9312|9456|9600|9744|9888,d556b11aa61b9129e829160f9ea2555127d8fd0d8e80011bd140e657a58b1534
uk,TLJ1,GNN,123,20,500,T9,GBP,20484718.914387725,21795562.081060067,2000,20,0.014999999999999999,0.057500000000000002,115,17,36984|37152|36912|3672|3864|4416|4608|4800|4992|5184|5376|5400|5592|5784|5808|5976|6000|6192|6216|6384,6600|6984|7200|7608|7800|7992|8328|8352|8496|8520|8664|8832|8976|9000|9144|9312|9456|9600|9744|9888,3f055f0010e67c4a9caf495aba2084d2aeced1a7a53de9e50d603d9590483aa5
uk,TLJ1,GNN,456,20,500,T9,GBP,27773646.664742783,43078979.013657287,2000,20,0.014999999999999999,0.079000000000000001,158,7,36984|37152|36912|36744|37392|37080|36504|36840|37464|37320|37248|37536|37224|2688|3288|3480|3672|3864|4032|4056,6600|6984|7200|7608|7800|7992|8328|8352|8496|8520|8664|8832|8976|9000|9144|9312|9456|9600|9744|9888,01189232a73c1167c1743a50b05d69cefea511d0db2f0aa19c2c33f65aa6e048
uk,TLF1,Ref,,10,100,T9,GBP,3520636.7973042182,5866920.0000000093,2000,20,0.1835,0.21049999999999999,421,20,1344|1392|1464|1512|1560|1656|1704|1728|1752|1776|1800|1848|1968|2016|2088|2160|2328|2400|2496|2568,3192|3216|3288|3312|3384|3408|3480|3504|3672|3744|3840|3936|4008|4104|4200|4272|4368|4560|4584|4680,VD-Ref
uk,TLF1,Uni,,10,100,T9,GBP,9289515.19925653,4892325.0000000065,2000,20,0.1835,0.25,500,20,1344|1392|1464|1512|1560|1704|1776|1872|2088|2160|2352|2520|2592|2688|2784|2808|2880|3000|3096|3192,3192|3216|3288|3312|3384|3408|3480|3504|3672|3744|3840|3936|4008|4104|4200|4272|4368|4560|4584|4680,e4019a22cf1a22e0186e2760602bc398a001254168cf7421963a140c9c5cd18a
uk,TLF1,LU,,10,100,T9,GBP,9333121.4408129621,5004555.0000000056,2000,20,0.1835,0.2475,495,20,1344|1392|1464|1512|1704|1776|1872|2160|2352|2520|2592|2688|2784|2808|2880|2904|3000|3096|3192|3216,3192|3216|3288|3312|3384|3408|3480|3504|3672|3744|3840|3936|4008|4104|4200|4272|4368|4560|4584|4680,063a969a2d0f6938bc2095ae061385f26653568ce263680ca8bfd41e2b532433
uk,TLF1,GNN,42,10,100,T9,GBP,5700994.7392654475,3718210.0000000023,2000,20,0.1835,0.23849999999999999,477,20,1224|1344|1392|1464|1512|1560|1728|1776|2352|2688|2784|2808|2880|3096|3192|3216|3288|3312|3384|3408,3192|3216|3288|3312|3384|3408|3480|3504|3672|3744|3840|3936|4008|4104|4200|4272|4368|4560|4584|4680,67f8b3d9e4f8da07354a461eebab5a660b3c2c131ad839f6d8cee61cf7730a03
uk,TLF1,GNN,123,10,100,T9,GBP,6768739.5278716143,7649915.0000000028,2000,20,0.1835,0.23699999999999999,474,20,1128|1224|1296|1344|1392|1464|1512|1560|1680|1728|1776|1872|1944|2088|2160|2352|2520|2592|2688|2784,3192|3216|3288|3312|3384|3408|3480|3504|3672|3744|3840|3936|4008|4104|4200|4272|4368|4560|4584|4680,75a009fff51052d84586bfd116f6f6663938fd0e76ab96269586ba145d1176f7
uk,TLF1,GNN,456,10,100,T9,GBP,6749137.8444985263,6731220.0000000028,2000,20,0.1835,0.23899999999999999,478,20,1224|1296|1344|1392|1464|1512|1560|1680|1728|1776|1872|1944|2088|2160|2352|2520|2592|2688|2784|2808,3192|3216|3288|3312|3384|3408|3480|3504|3672|3744|3840|3936|4008|4104|4200|4272|4368|4560|4584|4680,6dcadf30038c8af10735f807bca58edd2ceac7de69477b4618cae1e23dc01211
uk,TLF1,Ref,,10,300,T9,GBP,5203003.4440202834,910095.0000000149,2000,20,0,0,1,1,25944|28896|28776|28872|29184|29136|25392|25320|25248|25848|24384|28560|28584|28848|28944|28704|28608|24216|28968|29088,25944|28776|28872|28896|29136|28848|29184|28944|28968|29088|25248|25320|25392|25776|29616|28704|25848|28656|26016|28584,VD-Ref
uk,TLF1,Uni,,10,300,T9,GBP,17164379.988891501,2459170.0000000149,2000,20,0,0.016,32,20,24384|24456|24696|25248|25320|25392|25464|25848|25944|26016|28560|28584|28608|28656|28704|28776|28848|28872|28896|29136,25944|28776|28872|28896|29136|28848|29184|28944|28968|29088|25248|25320|25392|25776|29616|28704|25848|28656|26016|28584,e4019a22cf1a22e0186e2760602bc398a001254168cf7421963a140c9c5cd18a
uk,TLF1,LU,,10,300,T9,GBP,17013251.838855494,2196225.0000000075,2000,20,0,0.0155,31,20,24384|24456|24696|25248|25320|25392|25464|25848|25944|26016|28560|28584|28608|28704|28776|28848|28872|28896|29136|29184,25944|28776|28872|28896|29136|28848|29184|28944|28968|29088|25248|25320|25392|25776|29616|28704|25848|28656|26016|28584,063a969a2d0f6938bc2095ae061385f26653568ce263680ca8bfd41e2b532433
uk,TLF1,GNN,42,10,300,T9,GBP,9084437.0560619701,5895945.0000000149,2000,20,0,0,1,1,25944|25392|28896|25320|25848|25248|28776|29184|28872|29136|28704|26016|28608|25464|31896|24384|32232|27120|29088|32712,25944|28776|28872|28896|29136|28848|29184|28944|28968|29088|25248|25320|25392|25776|29616|28704|25848|28656|26016|28584,67f8b3d9e4f8da07354a461eebab5a660b3c2c131ad839f6d8cee61cf7730a03
uk,TLF1,GNN,123,10,300,T9,GBP,10766733.272404412,2220735.0000000075,2000,20,0,0.0040000000000000001,1,1,25248|25320|25392|25848|25944|28776|28872|28896|28704|28608|29136|24384|29184|28584|28848|28560|25464|26016|24456|24120,25944|28776|28872|28896|29136|28848|29184|28944|28968|29088|25248|25320|25392|25776|29616|28704|25848|28656|26016|28584,75a009fff51052d84586bfd116f6f6663938fd0e76ab96269586ba145d1176f7
uk,TLF1,GNN,456,10,300,T9,GBP,10974729.070739852,1491885.0000000075,2000,20,0,0.0040000000000000001,1,1,25248|25320|25392|25848|25944|28776|28872|28896|29136|28704|29184|28608|25464|26016|24384|28584|28848|28560|24456|29088,25944|28776|28872|28896|29136|28848|29184|28944|28968|29088|25248|25320|25392|25776|29616|28704|25848|28656|26016|28584,6dcadf30038c8af10735f807bca58edd2ceac7de69477b4618cae1e23dc01211
uk,TLF1,Ref,,10,500,T9,GBP,5203003.4440202825,910095,2000,20,0,0,1,1,25944|28896|28776|28872|29184|29136|25392|25320|25248|25848|24384|28560|28584|28848|28944|28704|28608|24216|28968|29088,25944|28776|28872|28896|29136|28848|29184|28944|28968|29088|25248|25320|25392|25776|29616|28704|25848|28656|26016|28584,VD-Ref
uk,TLF1,Uni,,10,500,T9,GBP,17395608.375957511,3859465,2000,20,0,0,1,1,28896|25944|28776|28872|25848|25392|25320|25248|29184|29136|28704|26016|24384|31896|28608|28584|31800|28848|25464|31680,25944|28776|28872|28896|29136|28848|29184|28944|28968|29088|25248|25320|25392|25776|29616|28704|25848|28656|26016|28584,e4019a22cf1a22e0186e2760602bc398a001254168cf7421963a140c9c5cd18a
uk,TLF1,LU,,10,500,T9,GBP,17219792.218923554,4879425,2000,20,0,0,1,1,25944|28896|25848|28776|28872|25392|25320|25248|29184|29136|26016|28704|31896|31800|24384|28608|28584|28848|31680|32712,25944|28776|28872|28896|29136|28848|29184|28944|28968|29088|25248|25320|25392|25776|29616|28704|25848|28656|26016|28584,063a969a2d0f6938bc2095ae061385f26653568ce263680ca8bfd41e2b532433
uk,TLF1,GNN,42,10,500,T9,GBP,9084437.0560619701,5895945,2000,20,0,0,1,1,25944|25392|28896|25320|25848|25248|28776|29184|28872|29136|28704|26016|28608|25464|31896|24384|32232|27120|29088|32712,25944|28776|28872|28896|29136|28848|29184|28944|28968|29088|25248|25320|25392|25776|29616|28704|25848|28656|26016|28584,67f8b3d9e4f8da07354a461eebab5a660b3c2c131ad839f6d8cee61cf7730a03
uk,TLF1,GNN,123,10,500,T9,GBP,10785234.369012473,2220735.0000000298,2000,20,0,0,1,1,28896|28776|25944|25392|25320|25248|28872|25848|28704|28608|29136|24384|29184|28584|28848|28560|25464|26016|24456|24120,25944|28776|28872|28896|29136|28848|29184|28944|28968|29088|25248|25320|25392|25776|29616|28704|25848|28656|26016|28584,75a009fff51052d84586bfd116f6f6663938fd0e76ab96269586ba145d1176f7
uk,TLF1,GNN,456,10,500,T9,GBP,10996474.834418152,1491885,2000,20,0,0,1,1,25392|28896|25944|25320|25248|25848|28776|28872|29136|28704|29184|28608|25464|26016|24384|28584|28848|28560|24456|29088,25944|28776|28872|28896|29136|28848|29184|28944|28968|29088|25248|25320|25392|25776|29616|28704|25848|28656|26016|28584,6dcadf30038c8af10735f807bca58edd2ceac7de69477b4618cae1e23dc01211
uk,TLF1,Ref,,20,100,T9,GBP,1192966.5610835485,202960.00000000728,2000,20,0.749,0.74299999999999999,1486,20,240|312|336|432|456|480|504|576|600|624|648|672|696|720|744|768|792|816|840|864,576|600|648|672|696|720|744|768|792|816|840|864|888|912|936|960|984|1008|1032|1056,VD-Ref
uk,TLF1,Uni,,20,100,T9,GBP,10737741.649788715,202960.00000000728,2000,20,0.749,0.58599999999999997,1172,20,240|312|336|432|456|480|504|576|624|648|672|696|744|768|792|816|840|864|888|912,576|600|648|672|696|720|744|768|792|816|840|864|888|912|936|960|984|1008|1032|1056,e4019a22cf1a22e0186e2760602bc398a001254168cf7421963a140c9c5cd18a
uk,TLF1,LU,,20,100,T9,GBP,10778794.553249286,1173040.0000000075,2000,20,0.749,0.58899999999999997,1178,20,0|240|312|336|432|456|480|504|576|624|648|672|696|744|768|792|816|840|864|888,576|600|648|672|696|720|744|768|792|816|840|864|888|912|936|960|984|1008|1032|1056,063a969a2d0f6938bc2095ae061385f26653568ce263680ca8bfd41e2b532433
uk,TLF1,GNN,42,20,100,T9,GBP,5572315.3441833816,1119290.0000000075,2000,20,0.749,0.66200000000000003,1324,20,240|312|336|360|432|456|480|504|552|576|624|648|672|696|744|792|816|840|864|888,576|600|648|672|696|720|744|768|792|816|840|864|888|912|936|960|984|1008|1032|1056,67f8b3d9e4f8da07354a461eebab5a660b3c2c131ad839f6d8cee61cf7730a03
uk,TLF1,GNN,123,20,100,T9,GBP,7260979.6922868155,2547535.0000000079,2000,20,0.749,0.65249999999999997,1305,20,0|240|312|336|360|432|456|480|504|528|552|576|600|624|648|672|696|720|744|768,576|600|648|672|696|720|744|768|792|816|840|864|888|912|936|960|984|1008|1032|1056,75a009fff51052d84586bfd116f6f6663938fd0e76ab96269586ba145d1176f7
uk,TLF1,GNN,456,20,100,T9,GBP,7300965.4836527333,2547535.0000000079,2000,20,0.749,0.64649999999999996,1293,20,0|240|312|336|360|432|456|480|504|528|552|576|600|624|648|672|696|720|744|768,576|600|648|672|696|720|744|768|792|816|840|864|888|912|936|960|984|1008|1032|1056,6dcadf30038c8af10735f807bca58edd2ceac7de69477b4618cae1e23dc01211
uk,TLF1,Ref,,20,300,T9,GBP,4263226.0772209223,1880174.9999999912,2000,20,0.25,0.26100000000000001,522,20,1872|2112|2184|2352|2424|2520|2592|2688|2784|2808|2880|2904|3000|3096|3192|3216|3288|3312|3384|3408,2352|2520|2592|2688|2784|2808|2880|2904|3000|3096|3192|3216|3288|3312|3384|3408|3480|3504|3576|3672,VD-Ref
uk,TLF1,Uni,,20,300,T9,GBP,18449070.443042178,6998894.9999999879,2000,20,0.25,0.33500000000000002,670,20,1632|1872|1920|2040|2112|2184|2256|2352|2424|2520|2592|2688|2784|2808|2880|2904|3000|3096|3192|3216,2352|2520|2592|2688|2784|2808|2880|2904|3000|3096|3192|3216|3288|3312|3384|3408|3480|3504|3576|3672,e4019a22cf1a22e0186e2760602bc398a001254168cf7421963a140c9c5cd18a
uk,TLF1,LU,,20,300,T9,GBP,18435655.656841539,6998894.9999999879,2000,20,0.25,0.33550000000000002,671,20,1632|1872|1920|2040|2112|2184|2256|2352|2424|2520|2592|2688|2784|2808|2880|2904|3000|3096|3192|3216,2352|2520|2592|2688|2784|2808|2880|2904|3000|3096|3192|3216|3288|3312|3384|3408|3480|3504|3576|3672,063a969a2d0f6938bc2095ae061385f26653568ce263680ca8bfd41e2b532433
uk,TLF1,GNN,42,20,300,T9,GBP,11114655.900357639,1087469.9999999935,2000,20,0.25,0.30199999999999999,604,20,2112|2184|2352|2424|2520|2592|2688|2784|2808|2880|2904|3000|3096|3192|3216|3288|3312|3384|3408|3480,2352|2520|2592|2688|2784|2808|2880|2904|3000|3096|3192|3216|3288|3312|3384|3408|3480|3504|3576|3672,67f8b3d9e4f8da07354a461eebab5a660b3c2c131ad839f6d8cee61cf7730a03
uk,TLF1,GNN,123,20,300,T9,GBP,13919614.869683456,7540909.9999999879,2000,20,0.25,0.3075,615,20,1872|1920|1968|2040|2112|2184|2256|2352|2424|2520|2592|2688|2784|2808|2880|2904|3000|3096|3192|3216,2352|2520|2592|2688|2784|2808|2880|2904|3000|3096|3192|3216|3288|3312|3384|3408|3480|3504|3576|3672,75a009fff51052d84586bfd116f6f6663938fd0e76ab96269586ba145d1176f7
uk,TLF1,GNN,456,20,300,T9,GBP,13783919.587663805,3024189.9999999893,2000,20,0.25,0.31,620,20,1872|1920|2112|2184|2352|2424|2520|2592|2688|2784|2808|2880|2904|3000|3096|3192|3216|3288|3312|3384,2352|2520|2592|2688|2784|2808|2880|2904|3000|3096|3192|3216|3288|3312|3384|3408|3480|3504|3576|3672,6dcadf30038c8af10735f807bca58edd2ceac7de69477b4618cae1e23dc01211
uk,TLF1,Ref,,20,500,T9,GBP,6758575.2610412035,5208590.0000000205,2000,20,0,0.014500000000000001,29,20,8208|8304|9840|25848|26016|26592|26640|27024|27216|27312|27384|27408|27528|27552|29136|29664|29784|30600|30624|30696,31464|27528|27408|27312|27552|27024|32472|27216|26640|30912|31128|31896|26928|32352|31800|32136|26592|26760|27072|31680,VD-Ref
uk,TLF1,Uni,,20,500,T9,GBP,31345849.074428312,46282835.00000003,2000,20,0,0.17649999999999999,353,20,3000|3096|3480|3576|3672|3840|3936|4008|4104|4200|4272|4368|4464|4560|4584|4680|4776|4872|4968|4992,31464|27528|27408|27312|27552|27024|32472|27216|26640|30912|31128|31896|26928|32352|31800|32136|26592|26760|27072|31680,e4019a22cf1a22e0186e2760602bc398a001254168cf7421963a140c9c5cd18a
uk,TLF1,LU,,20,500,T9,GBP,31280731.965917271,43941915.000000037,2000,20,0,0.17349999999999999,347,20,3000|3480|3576|3840|3936|4008|4104|4200|4368|4560|4584|4680|4776|4872|4968|4992|5064|5088|5184|5280,31464|27528|27408|27312|27552|27024|32472|27216|26640|30912|31128|31896|26928|32352|31800|32136|26592|26760|27072|31680,063a969a2d0f6938bc2095ae061385f26653568ce263680ca8bfd41e2b532433
uk,TLF1,GNN,42,20,500,T9,GBP,18697839.880941249,29001779.99999997,2000,20,0,0.077499999999999999,155,20,5088|5304|5520|5736|5856|6096|6216|6312|6432|6648|6744|6864|7056|7152|7344|7632|7728|7824|7920|8016,31464|27528|27408|27312|27552|27024|32472|27216|26640|30912|31128|31896|26928|32352|31800|32136|26592|26760|27072|31680,67f8b3d9e4f8da07354a461eebab5a660b3c2c131ad839f6d8cee61cf7730a03
uk,TLF1,GNN,123,20,500,T9,GBP,21699021.232845422,36083019.999999985,2000,20,0,0.081000000000000003,162,20,3480|3936|4104|4368|4776|4992|5088|5304|5520|5640|5736|5856|5976|6096|6216|6312|6432|6528|6648|6744,31464|27528|27408|27312|27552|27024|32472|27216|26640|30912|31128|31896|26928|32352|31800|32136|26592|26760|27072|31680,75a009fff51052d84586bfd116f6f6663938fd0e76ab96269586ba145d1176f7
uk,TLF1,GNN,456,20,500,T9,GBP,22534523.166920304,31565439.999999978,2000,20,0,0.092999999999999999,186,20,5088|5304|5520|5640|5736|5856|5976|6096|6216|6312|6432|6528|6648|6744|6840|6864|6960|7056|7152|7248,31464|27528|27408|27312|27552|27024|32472|27216|26640|30912|31128|31896|26928|32352|31800|32136|26592|26760|27072|31680,6dcadf30038c8af10735f807bca58edd2ceac7de69477b4618cae1e23dc01211
uk,TLF2,Ref,,10,100,T9,GBP,4563006.4361566594,2419609.9999999986,2000,20,0.097500000000000003,0.153,306,20,4416|4656|4776|4896|5040|5160|5280|5400|5520|5544|5664|5688|5784|5808|5904|5928|6024|6048|6144|6168,5160|5280|5544|5664|5808|5928|6048|6168|6264|6288|6384|6408|6504|6528|6624|6648|6744|6768|6864|6984,VD-Ref
uk,TLF2,Uni,,10,100,T9,GBP,9761952.590413155,5330280,2000,20,0.097500000000000003,0.22850000000000001,457,20,4200|4320|4416|4536|4656|4776|4896|4920|5016|5040|5136|5160|5280|5304|5400|5424|5520|5544|5664|5688,5160|5280|5544|5664|5808|5928|6048|6168|6264|6288|6384|6408|6504|6528|6624|6648|6744|6768|6864|6984,8427f23034ba0f3d53a8cebcc5fadc4e50484f3941d821c517b2f5fe9ad8b5c2
uk,TLF2,LU,,10,100,T9,GBP,9938081.1798237879,5330280,2000,20,0.097500000000000003,0.23000000000000001,460,20,4200|4320|4416|4536|4656|4776|4896|4920|5016|5040|5136|5160|5280|5304|5400|5424|5520|5544|5664|5688,5160|5280|5544|5664|5808|5928|6048|6168|6264|6288|6384|6408|6504|6528|6624|6648|6744|6768|6864|6984,adc97c5011299488f7690ee32b93a00b7434d5a43cf6e9df38a529157694f046
uk,TLF2,GNN,42,10,100,T9,GBP,6642851.8423281908,3099010,2000,20,0.097500000000000003,0.17100000000000001,342,20,4416|4536|4656|4776|4896|5016|5040|5160|5280|5400|5424|5520|5544|5664|5688|5784|5808|5904|5928|6024,5160|5280|5544|5664|5808|5928|6048|6168|6264|6288|6384|6408|6504|6528|6624|6648|6744|6768|6864|6984,82714ed4f46084b46e3d2660237d40f31c7cbf4bb5bbfe367daf280078bda4fd
uk,TLF2,GNN,123,10,100,T9,GBP,6541449.6656453572,3099010,2000,20,0.097500000000000003,0.16950000000000001,339,20,4416|4536|4656|4776|4896|5016|5040|5160|5280|5400|5424|5520|5544|5664|5688|5784|5808|5904|5928|6024,5160|5280|5544|5664|5808|5928|6048|6168|6264|6288|6384|6408|6504|6528|6624|6648|6744|6768|6864|6984,b5d01451925f9ba18bc5804e44559b28c057d30f6fc9727d9b03a67c5ad4d485
uk,TLF2,GNN,456,10,100,T9,GBP,6126217.0770432968,2721470.0000000009,2000,20,0.097500000000000003,0.16250000000000001,325,20,4416|4656|4776|4896|5016|5040|5160|5280|5400|5424|5520|5544|5664|5688|5784|5808|5904|5928|6024|6048,5160|5280|5544|5664|5808|5928|6048|6168|6264|6288|6384|6408|6504|6528|6624|6648|6744|6768|6864|6984,4236e2daeaa9706d263ea2f80826f4e614477d069ebd2665cb0aaf8a9b7bb528
uk,TLF2,Ref,,10,300,T9,GBP,5834125.6124365749,3712190,2000,20,0,0,1,1,38256|8376|14208|9096|6384|32856|8184|9816|6504|7968|5544|9456|37752|33048|14688|33240|14328|14184|30624|8280,8376|9096|14208|8184|9456|9816|14184|7968|14328|14616|14904|38256|14736|14424|14520|14688|8280|7848|14976|10080,VD-Ref
uk,TLF2,Uni,,10,300,T9,GBP,15008536.491556305,1352565,2000,20,0,0.0030000000000000001,1,1,8184|8376|9096|9456|9816|14208|38256|8280|7968|6384|14328|6504|5544|14616|14904|7848|9264|9000|8064|8640,8376|9096|14208|8184|9456|9816|14184|7968|14328|14616|14904|38256|14736|14424|14520|14688|8280|7848|14976|10080,8427f23034ba0f3d53a8cebcc5fadc4e50484f3941d821c517b2f5fe9ad8b5c2
uk,TLF2,LU,,10,300,T9,GBP,15158809.512364998,1398575,2000,20,0,0.0025000000000000001,1,1,8184|8376|9096|14208|38256|9816|9456|6384|7968|8280|6504|14328|5544|14616|14904|7848|9264|9000|8064|9624,8376|9096|14208|8184|9456|9816|14184|7968|14328|14616|14904|38256|14736|14424|14520|14688|8280|7848|14976|10080,adc97c5011299488f7690ee32b93a00b7434d5a43cf6e9df38a529157694f046
uk,TLF2,GNN,42,10,300,T9,GBP,9879574.0299678929,1274090,2000,20,0,0,1,1,9096|14208|8376|9816|9456|8184|7968|6384|8280|14328|6504|14904|14616|5544|9264|9624|7848|9000|14184|8064,8376|9096|14208|8184|9456|9816|14184|7968|14328|14616|14904|38256|14736|14424|14520|14688|8280|7848|14976|10080,82714ed4f46084b46e3d2660237d40f31c7cbf4bb5bbfe367daf280078bda4fd
uk,TLF2,GNN,123,10,300,T9,GBP,9557856.7069438547,1215180,2000,20,0,0,1,1,9096|14208|8376|9816|9456|8184|7968|6384|14328|14904|14616|6504|8280|5544|9264|14184|9624|7848|9000|10080,8376|9096|14208|8184|9456|9816|14184|7968|14328|14616|14904|38256|14736|14424|14520|14688|8280|7848|14976|10080,b5d01451925f9ba18bc5804e44559b28c057d30f6fc9727d9b03a67c5ad4d485
uk,TLF2,GNN,456,10,300,T9,GBP,8489851.8023149874,922995,2000,20,0,0,1,1,14208|9096|8376|9816|8184|9456|6384|7968|14328|14904|14616|6504|8280|15216|5544|38256|9624|9264|14184|7848,8376|9096|14208|8184|9456|9816|14184|7968|14328|14616|14904|38256|14736|14424|14520|14688|8280|7848|14976|10080,4236e2daeaa9706d263ea2f80826f4e614477d069ebd2665cb0aaf8a9b7bb528
uk,TLF2,Ref,,10,500,T9,GBP,5834125.6124365758,3712190,2000,20,0,0,1,1,38256|8376|14208|9096|6384|32856|8184|9816|6504|7968|5544|9456|37752|33048|14688|33240|14328|14184|30624|8280,8376|9096|14208|8184|9456|9816|14184|7968|14328|14616|14904|38256|14736|14424|14520|14688|8280|7848|14976|10080,VD-Ref
uk,TLF2,Uni,,10,500,T9,GBP,15030142.972770236,1352565,2000,20,0,0,1,1,8376|14208|9096|8184|9456|9816|38256|8280|7968|6384|14328|6504|5544|14616|14904|7848|9264|9000|8064|8640,8376|9096|14208|8184|9456|9816|14184|7968|14328|14616|14904|38256|14736|14424|14520|14688|8280|7848|14976|10080,8427f23034ba0f3d53a8cebcc5fadc4e50484f3941d821c517b2f5fe9ad8b5c2
uk,TLF2,LU,,10,500,T9,GBP,15173976.166036796,1398575,2000,20,0,0,1,1,8376|14208|9096|38256|8184|9816|9456|6384|7968|8280|6504|14328|5544|14616|14904|7848|9264|9000|8064|9624,8376|9096|14208|8184|9456|9816|14184|7968|14328|14616|14904|38256|14736|14424|14520|14688|8280|7848|14976|10080,adc97c5011299488f7690ee32b93a00b7434d5a43cf6e9df38a529157694f046
uk,TLF2,GNN,42,10,500,T9,GBP,9879574.0299678911,1274090,2000,20,0,0,1,1,9096|14208|8376|9816|9456|8184|7968|6384|8280|14328|6504|14904|14616|5544|9264|9624|7848|9000|14184|8064,8376|9096|14208|8184|9456|9816|14184|7968|14328|14616|14904|38256|14736|14424|14520|14688|8280|7848|14976|10080,82714ed4f46084b46e3d2660237d40f31c7cbf4bb5bbfe367daf280078bda4fd
uk,TLF2,GNN,123,10,500,T9,GBP,9557856.7069438547,1215180,2000,20,0,0,1,1,9096|14208|8376|9816|9456|8184|7968|6384|14328|14904|14616|6504|8280|5544|9264|14184|9624|7848|9000|10080,8376|9096|14208|8184|9456|9816|14184|7968|14328|14616|14904|38256|14736|14424|14520|14688|8280|7848|14976|10080,b5d01451925f9ba18bc5804e44559b28c057d30f6fc9727d9b03a67c5ad4d485
uk,TLF2,GNN,456,10,500,T9,GBP,8489851.8023149893,922995,2000,20,0,0,1,1,14208|9096|8376|9816|8184|9456|6384|7968|14328|14904|14616|6504|8280|15216|5544|38256|9624|9264|14184|7848,8376|9096|14208|8184|9456|9816|14184|7968|14328|14616|14904|38256|14736|14424|14520|14688|8280|7848|14976|10080,4236e2daeaa9706d263ea2f80826f4e614477d069ebd2665cb0aaf8a9b7bb528
uk,TLF2,Ref,,20,100,T9,GBP,2161515.9634286379,172429.99999999959,2000,20,0.71850000000000003,0.67900000000000005,1358,20,1272|1368|1440|1536|1632|1728|1824|1848|1896|1920|1944|2040|2136|2160|2232|2280|2304|2328|2376|2400,1272|1368|1440|1536|1632|1728|1824|1848|1920|1944|2040|2112|2136|2160|2208|2232|2304|2328|2376|2400,VD-Ref
uk,TLF2,Uni,,20,100,T9,GBP,9297328.7155767828,514709.99999999936,2000,20,0.71850000000000003,0.62749999999999995,1255,20,936|1200|1272|1368|1440|1536|1632|1728|1824|1848|1920|1944|2040|2136|2160|2232|2304|2328|2400|2472,1272|1368|1440|1536|1632|1728|1824|1848|1920|1944|2040|2112|2136|2160|2208|2232|2304|2328|2376|2400,8427f23034ba0f3d53a8cebcc5fadc4e50484f3941d821c517b2f5fe9ad8b5c2
uk,TLF2,LU,,20,100,T9,GBP,9504636.850337239,514709.99999999936,2000,20,0.71850000000000003,0.62450000000000006,1249,20,936|1200|1272|1368|1440|1536|1632|1728|1824|1848|1920|1944|2040|2136|2160|2232|2304|2328|2400|2472,1272|1368|1440|1536|1632|1728|1824|1848|1920|1944|2040|2112|2136|2160|2208|2232|2304|2328|2376|2400,adc97c5011299488f7690ee32b93a00b7434d5a43cf6e9df38a529157694f046
uk,TLF2,GNN,42,20,100,T9,GBP,5933639.2570863701,0,2000,20,0.71850000000000003,0.64449999999999996,1289,20,1368|1440|1536|1632|1728|1824|1848|1944|2040|2136|2160|2232|2304|2328|2400|2472|2496|2568|2640|2664,1272|1368|1440|1536|1632|1728|1824|1848|1920|1944|2040|2112|2136|2160|2208|2232|2304|2328|2376|2400,82714ed4f46084b46e3d2660237d40f31c7cbf4bb5bbfe367daf280078bda4fd
uk,TLF2,GNN,123,20,100,T9,GBP,5577048.5469345413,0,2000,20,0.71850000000000003,0.64700000000000002,1294,20,1368|1440|1536|1632|1728|1824|1848|1944|2040|2136|2160|2232|2304|2328|2400|2472|2496|2568|2640|2664,1272|1368|1440|1536|1632|1728|1824|1848|1920|1944|2040|2112|2136|2160|2208|2232|2304|2328|2376|2400,b5d01451925f9ba18bc5804e44559b28c057d30f6fc9727d9b03a67c5ad4d485
uk,TLF2,GNN,456,20,100,T9,GBP,4868672.0372383911,0,2000,20,0.71850000000000003,0.64800000000000002,1296,20,1368|1440|1536|1632|1728|1824|1848|1920|1944|2040|2136|2160|2232|2304|2328|2400|2472|2496|2568|2640,1272|1368|1440|1536|1632|1728|1824|1848|1920|1944|2040|2112|2136|2160|2208|2232|2304|2328|2376|2400,4236e2daeaa9706d263ea2f80826f4e614477d069ebd2665cb0aaf8a9b7bb528
uk,TLF2,Ref,,20,300,T9,GBP,7660883.7117989603,3434839.9999999972,2000,20,0.0135,0.042999999999999997,86,20,8904|9168|9264|9432|9528|9624|9696|9792|9888|10056|10080|10152|10224|10248|10320|10416|10488|10512|10608|10704,9168|9264|9528|9624|10704|11136|11232|11328|11424|11520|11688|11856|11928|12096|12168|12408|12480|12552|15360|15480,VD-Ref
uk,TLF2,Uni,,20,300,T9,GBP,21918623.944135405,30044745,2000,20,0.0135,0.182,364,20,3888|4104|4440|4560|4680|4800|4920|5040|5160|5184|5304|5424|5448|5568|5688|5832|5952|6072|6192|6312,9168|9264|9528|9624|10704|11136|11232|11328|11424|11520|11688|11856|11928|12096|12168|12408|12480|12552|15360|15480,8427f23034ba0f3d53a8cebcc5fadc4e50484f3941d821c517b2f5fe9ad8b5c2
uk,TLF2,LU,,20,300,T9,GBP,22376600.168977171,29676665,2000,20,0.0135,0.1905,381,20,3888|4104|4440|4560|4680|4800|4920|5040|5184|5304|5424|5448|5568|5688|5832|5952|6072|6192|6312|6408,9168|9264|9528|9624|10704|11136|11232|11328|11424|11520|11688|11856|11928|12096|12168|12408|12480|12552|15360|15480,adc97c5011299488f7690ee32b93a00b7434d5a43cf6e9df38a529157694f046
uk,TLF2,GNN,42,20,300,T9,GBP,14529592.997827347,24198680.000000015,2000,20,0.0135,0.114,228,20,4104|4800|5184|5304|5448|5568|5688|5832|5952|6072|6192|6312|6432|6528|6552|6624|6648|6744|6768|6864,9168|9264|9528|9624|10704|11136|11232|11328|11424|11520|11688|11856|11928|12096|12168|12408|12480|12552|15360|15480,82714ed4f46084b46e3d2660237d40f31c7cbf4bb5bbfe367daf280078bda4fd
uk,TLF2,GNN,123,20,300,T9,GBP,13913990.240191722,23502940.000000019,2000,20,0.0135,0.111,222,20,4800|5184|5304|5448|5568|5688|5832|5952|6072|6192|6312|6432|6528|6552|6624|6648|6744|6768|6864|6888,9168|9264|9528|9624|10704|11136|11232|11328|11424|11520|11688|11856|11928|12096|12168|12408|12480|12552|15360|15480,b5d01451925f9ba18bc5804e44559b28c057d30f6fc9727d9b03a67c5ad4d485
uk,TLF2,GNN,456,20,300,T9,GBP,12868159.629164213,22389240.000000019,2000,20,0.0135,0.10299999999999999,206,20,5184|5448|5568|5832|5952|6072|6192|6312|6432|6528|6552|6624|6648|6768|6888|7008|7128|7248|7368|7488,9168|9264|9528|9624|10704|11136|11232|11328|11424|11520|11688|11856|11928|12096|12168|12408|12480|12552|15360|15480,4236e2daeaa9706d263ea2f80826f4e614477d069ebd2665cb0aaf8a9b7bb528
uk,TLF2,Ref,,20,500,T9,GBP,8119461.2019069092,42140,2000,20,0,0,1,1,11688|15888|11520|12096|15960|11928|12408|11856|16152|16416|11136|11232|11328|11424|12552|15816|16224|16680|12168|9168,11520|11688|11928|11856|12096|15888|16152|16416|15960|12408|11136|11232|11328|11424|15816|12552|10704|16224|16680|12168,VD-Ref
uk,TLF2,Uni,,20,500,T9,GBP,27714240.063037455,813130.0000000149,2000,20,0,0.0085000000000000006,1,1,11136|11232|11328|11424|11520|11688|11856|11928|12096|12408|15816|15888|15960|16152|16224|16416|16680|16296|16488|16896,11520|11688|11928|11856|12096|15888|16152|16416|15960|12408|11136|11232|11328|11424|15816|12552|10704|16224|16680|12168,8427f23034ba0f3d53a8cebcc5fadc4e50484f3941d821c517b2f5fe9ad8b5c2
uk,TLF2,LU,,20,500,T9,GBP,28151801.599361945,813130.0000000298,2000,20,0,0.0060000000000000001,1,1,11136|11232|11520|11688|11856|12096|15816|15888|15960|16152|16224|16416|11328|12408|11424|11928|16680|16296|16488|16896,11520|11688|11928|11856|12096|15888|16152|16416|15960|12408|11136|11232|11328|11424|15816|12552|10704|16224|16680|12168,adc97c5011299488f7690ee32b93a00b7434d5a43cf6e9df38a529157694f046
uk,TLF2,GNN,42,20,500,T9,GBP,17956750.524779867,74605,2000,20,0,0,1,1,15888|11928|11688|11520|15960|12096|16152|11856|11136|12408|11232|16416|15816|11328|11424|12552|16224|12168|16680|12480,11520|11688|11928|11856|12096|15888|16152|16416|15960|12408|11136|11232|11328|11424|15816|12552|10704|16224|16680|12168,82714ed4f46084b46e3d2660237d40f31c7cbf4bb5bbfe367daf280078bda4fd
uk,TLF2,GNN,123,20,500,T9,GBP,17112674.504790094,74605,2000,20,0,0,1,1,15888|11688|11928|11520|15960|12096|16152|11856|12408|16416|11136|15816|11232|11328|12552|11424|16224|16680|12168|12480,11520|11688|11928|11856|12096|15888|16152|16416|15960|12408|11136|11232|11328|11424|15816|12552|10704|16224|16680|12168,b5d01451925f9ba18bc5804e44559b28c057d30f6fc9727d9b03a67c5ad4d485
uk,TLF2,GNN,456,20,500,T9,GBP,15105191.274199102,74605,2000,20,0,0,1,1,11928|15888|11688|11520|12096|15960|16152|11136|11856|11232|11328|11424|15816|12408|16416|12552|12168|16224|16680|12480,11520|11688|11928|11856|12096|15888|16152|16416|15960|12408|11136|11232|11328|11424|15816|12552|10704|16224|16680|12168,4236e2daeaa9706d263ea2f80826f4e614477d069ebd2665cb0aaf8a9b7bb528
uk,TLC1,Ref,,10,100,T9,GBP,3076163.1247611106,0,2000,20,0.25950000000000001,0.27600000000000002,552,20,5880|6360|6528|6696|6888|7080|7272|7464|7488|7656|7680|7872|8064|8280|8472|8688|8904|9120|9144|9360,5880|6192|6360|6528|6696|6888|7056|7080|7248|7272|7464|7488|7656|7680|7872|8064|8088|8256|8280|8472,VD-Ref
uk,TLC1,Uni,,10,100,T9,GBP,7482629.8684470598,0,2000,20,0.25950000000000001,0.33750000000000002,675,20,5880|6360|6528|6696|6888|7080|7272|7464|7656|7680|7872|8064|8280|8472|8688|8904|9120|9144|9360|9384,5880|6192|6360|6528|6696|6888|7056|7080|7248|7272|7464|7488|7656|7680|7872|8064|8088|8256|8280|8472,14419b2e5e22c29f26a188a5539107fe74ca969d48ff3adfe84e2d466186ff5d
uk,TLC1,LU,,10,100,T9,GBP,6929171.1992702242,0,2000,20,0.25950000000000001,0.34000000000000002,680,20,5880|6360|6528|6696|6888|7080|7272|7464|7488|7656|7680|7872|8064|8280|8472|8688|8904|9120|9144|9360,5880|6192|6360|6528|6696|6888|7056|7080|7248|7272|7464|7488|7656|7680|7872|8064|8088|8256|8280|8472,82bdccee36be9c7070813b4c3b2e737d89d4657c00d3164f20d4014439e5d47a
uk,TLC1,GNN,42,10,100,T9,GBP,4979377.9868993126,0,2000,20,0.25950000000000001,0.33350000000000002,667,20,5880|6360|6528|6696|6888|7080|7272|7464|7488|7656|7680|7872|8064|8088|8280|8472|8688|8904|9120|9144,5880|6192|6360|6528|6696|6888|7056|7080|7248|7272|7464|7488|7656|7680|7872|8064|8088|8256|8280|8472,1190b6c5a0bb2729ab84ed1b54e437ddac2274bee563cdc9b121681448628a42
uk,TLC1,GNN,123,10,100,T9,GBP,4302763.3292426923,0,2000,20,0.25950000000000001,0.32700000000000001,654,20,5880|6360|6528|6696|6888|7080|7272|7464|7488|7656|7680|7872|8064|8088|8280|8472|8688|8904|9120|9144,5880|6192|6360|6528|6696|6888|7056|7080|7248|7272|7464|7488|7656|7680|7872|8064|8088|8256|8280|8472,53652ad05b8ad81a3c64f6db7e51558ac048e4ab5a3276d3b903b28784323b21
uk,TLC1,GNN,456,10,100,T9,GBP,4696324.1151547031,0,2000,20,0.25950000000000001,0.32950000000000002,659,20,5880|6360|6528|6696|6888|7080|7272|7464|7488|7656|7680|7872|8064|8088|8280|8472|8688|8904|9120|9144,5880|6192|6360|6528|6696|6888|7056|7080|7248|7272|7464|7488|7656|7680|7872|8064|8088|8256|8280|8472,dcf7bf1a6376c8ac2fe66bc3ef9e98af6ee729a6d7c74d915997e6c4ed94c549
uk,TLC1,Ref,,10,300,T9,GBP,5231962.1402885551,4738411.8645019457,2000,20,0,0,1,1,13488|13992|13248|14496|43272|14760|14256|15024|43224|15288|39504|43152|17400|42480|22632|12744|42912|18216|12504|14232,38976|39048|39504|38688|39360|13248|13488|13992|14496|38352|14256|14760|15024|15288|39432|39696|39816|12504|12744|9144,VD-Ref
uk,TLC1,Uni,,10,300,T9,GBP,12803871.764007753,7885903.9235839769,2000,20,0,0,1,1,25944|26208|43272|42912|43224|42480|25128|26472|24576|25392|23472|24024|22632|43392|42144|43176|43104|14496|13992|13488,38976|39048|39504|38688|39360|13248|13488|13992|14496|38352|14256|14760|15024|15288|39432|39696|39816|12504|12744|9144,14419b2e5e22c29f26a188a5539107fe74ca969d48ff3adfe84e2d466186ff5d
uk,TLC1,LU,,10,300,T9,GBP,11835882.654595932,6063506.6252441332,2000,20,0,0,1,1,25944|26208|43272|25128|43224|26472|24576|23472|25392|24024|22632|42912|43392|42480|13992|14496|13488|13248|14760|14256,38976|39048|39504|38688|39360|13248|13488|13992|14496|38352|14256|14760|15024|15288|39432|39696|39816|12504|12744|9144,82bdccee36be9c7070813b4c3b2e737d89d4657c00d3164f20d4014439e5d47a
uk,TLC1,GNN,42,10,300,T9,GBP,8616534.0680159479,5368399.70996093,2000,20,0,0,1,1,25944|26208|25128|24576|25392|26472|22632|24024|23472|13992|15288|13488|13248|14496|14256|15024|14760|17400|18216|21744,38976|39048|39504|38688|39360|13248|13488|13992|14496|38352|14256|14760|15024|15288|39432|39696|39816|12504|12744|9144,1190b6c5a0bb2729ab84ed1b54e437ddac2274bee563cdc9b121681448628a42
uk,TLC1,GNN,123,10,300,T9,GBP,7374088.1298842495,4425859.9396972656,2000,20,0,0,1,1,25944|26208|25392|24576|25128|26472|22632|24024|23472|15288|15024|14256|13992|14496|13248|13488|14760|37944|38136|17400,38976|39048|39504|38688|39360|13248|13488|13992|14496|38352|14256|14760|15024|15288|39432|39696|39816|12504|12744|9144,53652ad05b8ad81a3c64f6db7e51558ac048e4ab5a3276d3b903b28784323b21
uk,TLC1,GNN,456,10,300,T9,GBP,7814487.5572472624,4633166.6665039062,2000,20,0,0,1,1,26208|25944|25392|24576|26472|22632|24024|25128|23472|15288|15024|14256|13488|13248|13992|14496|14760|37944|25656|38136,38976|39048|39504|38688|39360|13248|13488|13992|14496|38352|14256|14760|15024|15288|39432|39696|39816|12504|12744|9144,dcf7bf1a6376c8ac2fe66bc3ef9e98af6ee729a6d7c74d915997e6c4ed94c549
uk,TLC1,Ref,,10,500,T9,GBP,5231962.1402885532,4738411.8645019531,2000,20,0,0,1,1,13488|13992|13248|14496|43272|14760|14256|15024|43224|15288|39504|43152|17400|42480|22632|12744|42912|18216|12504|14232,38976|39048|39504|38688|39360|13248|13488|13992|14496|38352|14256|14760|15024|15288|39432|39696|39816|12504|12744|9144,VD-Ref
uk,TLC1,Uni,,10,500,T9,GBP,12803871.764007753,7885903.9235839844,2000,20,0,0,1,1,25944|26208|43272|42912|43224|42480|25128|26472|24576|25392|23472|24024|22632|43392|42144|43176|43104|14496|13992|13488,38976|39048|39504|38688|39360|13248|13488|13992|14496|38352|14256|14760|15024|15288|39432|39696|39816|12504|12744|9144,14419b2e5e22c29f26a188a5539107fe74ca969d48ff3adfe84e2d466186ff5d
uk,TLC1,LU,,10,500,T9,GBP,11835882.654595932,6063506.6252441406,2000,20,0,0,1,1,25944|26208|43272|25128|43224|26472|24576|23472|25392|24024|22632|42912|43392|42480|13992|14496|13488|13248|14760|14256,38976|39048|39504|38688|39360|13248|13488|13992|14496|38352|14256|14760|15024|15288|39432|39696|39816|12504|12744|9144,82bdccee36be9c7070813b4c3b2e737d89d4657c00d3164f20d4014439e5d47a
uk,TLC1,GNN,42,10,500,T9,GBP,8616534.0680159498,5368399.7099609375,2000,20,0,0,1,1,25944|26208|25128|24576|25392|26472|22632|24024|23472|13992|15288|13488|13248|14496|14256|15024|14760|17400|18216|21744,38976|39048|39504|38688|39360|13248|13488|13992|14496|38352|14256|14760|15024|15288|39432|39696|39816|12504|12744|9144,1190b6c5a0bb2729ab84ed1b54e437ddac2274bee563cdc9b121681448628a42
uk,TLC1,GNN,123,10,500,T9,GBP,7374088.1298842505,4425859.9396972656,2000,20,0,0,1,1,25944|26208|25392|24576|25128|26472|22632|24024|23472|15288|15024|14256|13992|14496|13248|13488|14760|37944|38136|17400,38976|39048|39504|38688|39360|13248|13488|13992|14496|38352|14256|14760|15024|15288|39432|39696|39816|12504|12744|9144,53652ad05b8ad81a3c64f6db7e51558ac048e4ab5a3276d3b903b28784323b21
uk,TLC1,GNN,456,10,500,T9,GBP,7814487.5572472606,4633166.6665039062,2000,20,0,0,1,1,26208|25944|25392|24576|26472|22632|24024|25128|23472|15288|15024|14256|13488|13248|13992|14496|14760|37944|25656|38136,38976|39048|39504|38688|39360|13248|13488|13992|14496|38352|14256|14760|15024|15288|39432|39696|39816|12504|12744|9144,dcf7bf1a6376c8ac2fe66bc3ef9e98af6ee729a6d7c74d915997e6c4ed94c549
uk,TLC1,Ref,,20,100,T9,GBP,2153232.6703468477,0,2000,20,0.622,0.62050000000000005,1241,20,936|1200|1296|1680|1776|1872|2088|2184|2280|2400|2496|2592|2712|2808|2832|2952|3072|3192|3216|3336,936|1200|1296|1680|1776|1872|2088|2184|2280|2400|2496|2592|2712|2808|2832|2952|3072|3192|3216|3336,VD-Ref
uk,TLC1,Uni,,20,100,T9,GBP,11755132.438309209,0,2000,20,0.622,0.60650000000000004,1213,20,936|1200|1296|1680|1776|1872|2088|2184|2280|2400|2496|2592|2712|2832|2952|3072|3192|3216|3336|3456,936|1200|1296|1680|1776|1872|2088|2184|2280|2400|2496|2592|2712|2808|2832|2952|3072|3192|3216|3336,14419b2e5e22c29f26a188a5539107fe74ca969d48ff3adfe84e2d466186ff5d
uk,TLC1,LU,,20,100,T9,GBP,10823503.823991461,0,2000,20,0.622,0.60799999999999998,1216,20,936|1200|1296|1680|1776|1872|2088|2184|2280|2400|2496|2592|2712|2832|2952|3072|3192|3216|3336|3456,936|1200|1296|1680|1776|1872|2088|2184|2280|2400|2496|2592|2712|2808|2832|2952|3072|3192|3216|3336,82bdccee36be9c7070813b4c3b2e737d89d4657c00d3164f20d4014439e5d47a
uk,TLC1,GNN,42,20,100,T9,GBP,7218761.2110263463,0,2000,20,0.622,0.60750000000000004,1215,20,936|1200|1296|1680|1776|1872|2088|2184|2280|2400|2496|2592|2712|2832|2952|3072|3192|3216|3336|3456,936|1200|1296|1680|1776|1872|2088|2184|2280|2400|2496|2592|2712|2808|2832|2952|3072|3192|3216|3336,1190b6c5a0bb2729ab84ed1b54e437ddac2274bee563cdc9b121681448628a42
uk,TLC1,GNN,123,20,100,T9,GBP,5945327.2779520238,0,2000,20,0.622,0.60850000000000004,1217,20,936|1200|1296|1680|1776|1872|2088|2184|2280|2400|2496|2592|2712|2808|2832|2952|3072|3192|3216|3336,936|1200|1296|1680|1776|1872|2088|2184|2280|2400|2496|2592|2712|2808|2832|2952|3072|3192|3216|3336,53652ad05b8ad81a3c64f6db7e51558ac048e4ab5a3276d3b903b28784323b21
uk,TLC1,GNN,456,20,100,T9,GBP,6733090.1954674982,0,2000,20,0.622,0.60799999999999998,1216,20,936|1200|1296|1680|1776|1872|2088|2184|2280|2400|2496|2592|2712|2808|2832|2952|3072|3192|3216|3336,936|1200|1296|1680|1776|1872|2088|2184|2280|2400|2496|2592|2712|2808|2832|2952|3072|3192|3216|3336,dcf7bf1a6376c8ac2fe66bc3ef9e98af6ee729a6d7c74d915997e6c4ed94c549
uk,TLC1,Ref,,20,300,T9,GBP,4441861.941302903,0,2000,20,0.27550000000000002,0.27350000000000002,547,20,5880|6888|7080|7272|7464|7488|7680|7872|8064|8088|8280|8472|8496|8688|8712|8904|8928|8952|9144|9168,5880|6888|7080|7272|7464|7488|7680|7872|8064|8088|8280|8472|8496|8688|8712|8904|8928|8952|9144|9168,VD-Ref
uk,TLC1,Uni,,20,300,T9,GBP,17555783.96062493,0,2000,20,0.27550000000000002,0.34699999999999998,694,20,5880|6888|7080|7272|7464|7488|7680|7872|8064|8088|8280|8472|8496|8688|8712|8928|8952|9144|9168|9384,5880|6888|7080|7272|7464|7488|7680|7872|8064|8088|8280|8472|8496|8688|8712|8904|8928|8952|9144|9168,14419b2e5e22c29f26a188a5539107fe74ca969d48ff3adfe84e2d466186ff5d
uk,TLC1,LU,,20,300,T9,GBP,16111439.142197104,0,2000,20,0.27550000000000002,0.34849999999999998,697,20,5880|6888|7080|7272|7464|7488|7680|7872|8064|8088|8280|8472|8496|8688|8712|8904|8928|8952|9144|9168,5880|6888|7080|7272|7464|7488|7680|7872|8064|8088|8280|8472|8496|8688|8712|8904|8928|8952|9144|9168,82bdccee36be9c7070813b4c3b2e737d89d4657c00d3164f20d4014439e5d47a
uk,TLC1,GNN,42,20,300,T9,GBP,11784355.529483769,0,2000,20,0.27550000000000002,0.32650000000000001,653,20,6888|7080|7272|7464|7488|7680|7872|8064|8088|8280|8472|8496|8688|8712|8928|8952|9144|9168|9384|9408,5880|6888|7080|7272|7464|7488|7680|7872|8064|8088|8280|8472|8496|8688|8712|8904|8928|8952|9144|9168,1190b6c5a0bb2729ab84ed1b54e437ddac2274bee563cdc9b121681448628a42
uk,TLC1,GNN,123,20,300,T9,GBP,9544834.3359184451,0,2000,20,0.27550000000000002,0.3145,629,20,5880|6888|7080|7272|7464|7488|7680|7872|8064|8088|8280|8472|8496|8688|8712|8904|8928|8952|9144|9168,5880|6888|7080|7272|7464|7488|7680|7872|8064|8088|8280|8472|8496|8688|8712|8904|8928|8952|9144|9168,53652ad05b8ad81a3c64f6db7e51558ac048e4ab5a3276d3b903b28784323b21
uk,TLC1,GNN,456,20,300,T9,GBP,10702482.561007561,0,2000,20,0.27550000000000002,0.33000000000000002,660,20,5880|6888|7080|7272|7464|7488|7680|7872|8064|8088|8280|8472|8496|8688|8712|8904|8928|8952|9144|9168,5880|6888|7080|7272|7464|7488|7680|7872|8064|8088|8280|8472|8496|8688|8712|8904|8928|8952|9144|9168,dcf7bf1a6376c8ac2fe66bc3ef9e98af6ee729a6d7c74d915997e6c4ed94c549
uk,TLC1,Ref,,20,500,T9,GBP,6418137.9064772567,960493.35156250373,2000,20,0.026499999999999999,0.042999999999999997,86,20,8088|8712|8952|9168|9408|9648|9888|10368|10392|10608|10632|10848|10872|11088|11112|11328|11352|11568|11592|11808,8712|9408|9648|9888|10368|10392|10608|10632|10872|11112|11352|11592|11808|11832|12048|12072|12288|12312|12528|12552,VD-Ref
uk,TLC1,Uni,,20,500,T9,GBP,24794760.410333138,3938113.7846679776,2000,20,0.026499999999999999,0.079500000000000001,159,20,7488|8088|8280|8496|8712|8928|8952|9168|9408|9648|9888|10128|10368|10392|10608|10632|10848|10872|11088|11112,8712|9408|9648|9888|10368|10392|10608|10632|10872|11112|11352|11592|11808|11832|12048|12072|12288|12312|12528|12552,14419b2e5e22c29f26a188a5539107fe74ca969d48ff3adfe84e2d466186ff5d
uk,TLC1,LU,,20,500,T9,GBP,23326173.682924706,3938113.7846679776,2000,20,0.026499999999999999,0.080500000000000002,161,20,7488|8088|8280|8496|8712|8928|8952|9168|9408|9648|9888|10128|10368|10392|10608|10632|10848|10872|11088|11112,8712|9408|9648|9888|10368|10392|10608|10632|10872|11112|11352|11592|11808|11832|12048|12072|12288|12312|12528|12552,82bdccee36be9c7070813b4c3b2e737d89d4657c00d3164f20d4014439e5d47a
uk,TLC1,GNN,42,20,500,T9,GBP,16947138.912348267,2299380.3098144643,2000,20,0.026499999999999999,0.061499999999999999,123,20,8088|8496|8712|8928|8952|9168|9408|9648|9888|10128|10368|10392|10608|10632|10848|10872|11088|11112|11328|11352,8712|9408|9648|9888|10368|10392|10608|10632|10872|11112|11352|11592|11808|11832|12048|12072|12288|12312|12528|12552,1190b6c5a0bb2729ab84ed1b54e437ddac2274bee563cdc9b121681448628a42
uk,TLC1,GNN,123,20,500,T9,GBP,13728363.900035815,1665948.4960937577,2000,20,0.026499999999999999,0.056000000000000001,112,20,8088|8712|8928|9168|9408|9648|9888|10128|10368|10392|10608|10632|10848|10872|11088|11112|11328|11352|11568|11592,8712|9408|9648|9888|10368|10392|10608|10632|10872|11112|11352|11592|11808|11832|12048|12072|12288|12312|12528|12552,53652ad05b8ad81a3c64f6db7e51558ac048e4ab5a3276d3b903b28784323b21
uk,TLC1,GNN,456,20,500,T9,GBP,15469546.314110799,3938113.7846679776,2000,20,0.026499999999999999,0.059499999999999997,119,20,7488|8088|8280|8496|8712|8928|8952|9168|9408|9648|9888|10128|10368|10392|10608|10632|10848|10872|11088|11112,8712|9408|9648|9888|10368|10392|10608|10632|10872|11112|11352|11592|11808|11832|12048|12072|12288|12312|12528|12552,dcf7bf1a6376c8ac2fe66bc3ef9e98af6ee729a6d7c74d915997e6c4ed94c549
uk,TLC2,Ref,,10,100,T9,GBP,2990132.2912319559,284100.43310546869,2000,20,0.094,0.092499999999999999,185,20,9528|10584|11376|11544|11568|11736|11904|11928|12096|12120|12288|12312|12480|12504|12696|12720|12888|12912|13104|13320,7392|9984|10584|11208|11376|11544|11568|11736|11904|11928|12096|12120|12288|12312|12480|12504|12696|12720|12888|12912,VD-Ref
uk,TLC2,Uni,,10,100,T9,GBP,5371463.0853418848,0,2000,20,0.094,0.099500000000000005,199,20,10584|11376|11544|11568|11736|11904|11928|12096|12120|12288|12312|12480|12504|12696|12720|12888|12912|13104|13296|13320,7392|9984|10584|11208|11376|11544|11568|11736|11904|11928|12096|12120|12288|12312|12480|12504|12696|12720|12888|12912,6f79f073f0eccf31d4e3d23d0949160ffe14c07e9b93f7b56a3adab44fd6b66e
uk,TLC2,LU,,10,100,T9,GBP,4758495.9984014649,0,2000,20,0.094,0.099000000000000005,198,20,10584|11376|11544|11568|11736|11904|11928|12096|12120|12288|12312|12480|12504|12696|12720|12888|12912|13104|13296|13320,7392|9984|10584|11208|11376|11544|11568|11736|11904|11928|12096|12120|12288|12312|12480|12504|12696|12720|12888|12912,1075a4e78f42e3984138ae8b54ec5aa59650063c712870715dcfb65b5fb095b8
uk,TLC2,GNN,42,10,100,T9,GBP,3864789.8759175325,0,2000,20,0.094,0.097000000000000003,194,20,10584|11208|11376|11544|11568|11736|11904|11928|12096|12120|12288|12312|12480|12504|12696|12720|12888|12912|13104|13296,7392|9984|10584|11208|11376|11544|11568|11736|11904|11928|12096|12120|12288|12312|12480|12504|12696|12720|12888|12912,06e4e3a2bf154108dba320b06e722eaefbabf81e2bf4800d8c871e6afbb1a9ae
uk,TLC2,GNN,123,10,100,T9,GBP,3633676.7606937946,438722.44921875,2000,20,0.094,0.097500000000000003,195,20,10584|11208|11376|11544|11568|11736|11904|11928|12096|12120|12288|12312|12480|12504|12672|12696|12720|12888|12912|13104,7392|9984|10584|11208|11376|11544|11568|11736|11904|11928|12096|12120|12288|12312|12480|12504|12696|12720|12888|12912,e4ff875cd56139a6be30cb16e9123468c20bbdd5c491c5d11534fc0e178f020c
uk,TLC2,GNN,456,10,100,T9,GBP,4281973.2823866336,722822.88232421875,2000,20,0.094,0.10000000000000001,200,20,9984|10128|10584|11208|11376|11544|11568|11736|11904|11928|12096|12120|12288|12312|12480|12504|12672|12696|12720|12888,7392|9984|10584|11208|11376|11544|11568|11736|11904|11928|12096|12120|12288|12312|12480|12504|12696|12720|12888|12912,25e9faf9ad5467ffb9317d5ab08529cb42f2d476cf45d3227b8dae2e62cf9c65
uk,TLC2,Ref,,10,300,T9,GBP,3477830.2589647477,923703.87011718866,2000,20,0.0235,0.024500000000000001,49,20,45792|45864|45912|45936|45984|46056|46104|46128|46176|46200|46248|46272|46296|46320|46344|46392|46800|46848|46896|46968,45864|45912|45936|45984|46056|46104|46128|46176|46200|46248|46272|46296|46320|46344|46584|46800|46848|46896|46968|46992,VD-Ref
uk,TLC2,Uni,,10,300,T9,GBP,6975133.4179711761,6080524.0537109375,2000,20,0.0235,0.029000000000000001,58,20,11568|45792|45864|45912|45936|45984|46056|46104|46128|46176|46200|46248|46272|46296|46320|46344|46392|46440|46464|46488,45864|45912|45936|45984|46056|46104|46128|46176|46200|46248|46272|46296|46320|46344|46584|46800|46848|46896|46968|46992,6f79f073f0eccf31d4e3d23d0949160ffe14c07e9b93f7b56a3adab44fd6b66e
uk,TLC2,LU,,10,300,T9,GBP,6554171.7822418045,4650950.1899414081,2000,20,0.0235,0.028500000000000001,57,20,11568|45792|45864|45912|45936|45984|46056|46104|46128|46176|46200|46248|46272|46296|46320|46344|46392|46440|46464|46536,45864|45912|45936|45984|46056|46104|46128|46176|46200|46248|46272|46296|46320|46344|46584|46800|46848|46896|46968|46992,1075a4e78f42e3984138ae8b54ec5aa59650063c712870715dcfb65b5fb095b8
uk,TLC2,GNN,42,10,300,T9,GBP,5286230.4520354997,3235754.8500976572,2000,20,0.0235,0.028500000000000001,57,20,45792|45864|45912|45936|45984|46056|46104|46128|46176|46200|46248|46272|46296|46320|46344|46392|46440|46464|46536|46584,45864|45912|45936|45984|46056|46104|46128|46176|46200|46248|46272|46296|46320|46344|46584|46800|46848|46896|46968|46992,06e4e3a2bf154108dba320b06e722eaefbabf81e2bf4800d8c871e6afbb1a9ae
uk,TLC2,GNN,123,10,300,T9,GBP,5096730.4526166264,3701380.5180664086,2000,20,0.0235,0.0275,55,20,45792|45864|45912|45936|45984|46056|46128|46176|46200|46248|46272|46296|46320|46344|46392|46440|46464|46536|46584|46632,45864|45912|45936|45984|46056|46104|46128|46176|46200|46248|46272|46296|46320|46344|46584|46800|46848|46896|46968|46992,e4ff875cd56139a6be30cb16e9123468c20bbdd5c491c5d11534fc0e178f020c
uk,TLC2,GNN,456,10,300,T9,GBP,5910016.2864796221,3235754.8500976572,2000,20,0.0235,0.028500000000000001,57,20,45792|45864|45912|45936|45984|46056|46104|46128|46176|46200|46248|46272|46296|46320|46344|46392|46440|46464|46536|46584,45864|45912|45936|45984|46056|46104|46128|46176|46200|46248|46272|46296|46320|46344|46584|46800|46848|46896|46968|46992,25e9faf9ad5467ffb9317d5ab08529cb42f2d476cf45d3227b8dae2e62cf9c65
uk,TLC2,Ref,,10,500,T9,GBP,3693399.6997408504,766491.50292968377,2000,20,0.001,0.0035000000000000001,1,1,46128|47136|47304|47400|47568|47664|47832|47208|46200|46968|46248|47736|47472|47376|47904|46272|46320|46056|47040|45984,47304|47664|47832|47568|47136|47400|46200|47208|47904|46968|46128|47736|47472|46272|46248|47040|47376|47976|47064|46056,VD-Ref
uk,TLC2,Uni,,10,500,T9,GBP,7590619.0725005623,1693456.8537597731,2000,20,0.001,0.0089999999999999993,1,1,46056|46128|46200|46248|46272|46968|47040|47136|47208|47304|47376|47400|47472|47568|47664|47736|47832|47904|46800|45936,47304|47664|47832|47568|47136|47400|46200|47208|47904|46968|46128|47736|47472|46272|46248|47040|47376|47976|47064|46056,6f79f073f0eccf31d4e3d23d0949160ffe14c07e9b93f7b56a3adab44fd6b66e
uk,TLC2,LU,,10,500,T9,GBP,6998495.5764896013,1693456.8537597694,2000,20,0.001,0.0080000000000000002,1,1,46056|46128|46200|46248|46272|46968|47136|47208|47304|47400|47472|47568|47664|47736|47832|47904|47040|45936|47376|46800,47304|47664|47832|47568|47136|47400|46200|47208|47904|46968|46128|47736|47472|46272|46248|47040|47376|47976|47064|46056,1075a4e78f42e3984138ae8b54ec5aa59650063c712870715dcfb65b5fb095b8
uk,TLC2,GNN,42,10,500,T9,GBP,5679383.5256570401,1693456.8537597656,2000,20,0.001,0.0054999999999999997,1,1,46128|46200|46272|46968|47136|47208|47304|47400|47568|47664|47832|46248|46056|45936|47904|47376|47040|47736|47472|46800,47304|47664|47832|47568|47136|47400|46200|47208|47904|46968|46128|47736|47472|46272|46248|47040|47376|47976|47064|46056,06e4e3a2bf154108dba320b06e722eaefbabf81e2bf4800d8c871e6afbb1a9ae
uk,TLC2,GNN,123,10,500,T9,GBP,5461159.3259077901,1693456.8537597656,2000,20,0.001,0.0054999999999999997,1,1,46128|46200|46272|46968|47136|47208|47304|47400|47568|47664|47832|46248|46056|45936|47904|47040|47376|47736|47472|46800,47304|47664|47832|47568|47136|47400|46200|47208|47904|46968|46128|47736|47472|46272|46248|47040|47376|47976|47064|46056,e4ff875cd56139a6be30cb16e9123468c20bbdd5c491c5d11534fc0e178f020c
uk,TLC2,GNN,456,10,500,T9,GBP,6306885.9373107627,1693456.8537597656,2000,20,0.001,0.0054999999999999997,1,1,46128|46200|46272|46968|47136|47208|47304|47400|47568|47664|47832|46248|46056|45936|47904|47376|47040|47736|47472|46800,47304|47664|47832|47568|47136|47400|46200|47208|47904|46968|46128|47736|47472|46272|46248|47040|47376|47976|47064|46056,25e9faf9ad5467ffb9317d5ab08529cb42f2d476cf45d3227b8dae2e62cf9c65
uk,TLC2,Ref,,20,100,T9,GBP,3892566.8962498941,0,2000,20,0.21049999999999999,0.20849999999999999,417,20,1728|2136|2280|2976|3120|3264|3408|3816|3960|4104|4368|4512|4776|4920|5040|5064|5472|5616|5760|5904,1728|2136|2280|2976|3120|3264|3408|3816|3960|4104|4368|4512|4632|4776|4920|5040|5064|5184|5328|5472,VD-Ref
uk,TLC2,Uni,,20,100,T9,GBP,11346051.978177879,0,2000,20,0.21049999999999999,0.20499999999999999,410,20,2280|3120|3264|3408|4104|4512|4776|4920|5064|5472|5616|5760|5904|6048|6192|6336|6480|6624|6936|7080,1728|2136|2280|2976|3120|3264|3408|3816|3960|4104|4368|4512|4632|4776|4920|5040|5064|5184|5328|5472,6f79f073f0eccf31d4e3d23d0949160ffe14c07e9b93f7b56a3adab44fd6b66e
uk,TLC2,LU,,20,100,T9,GBP,10354882.292762727,0,2000,20,0.21049999999999999,0.20849999999999999,417,20,2136|2280|3120|3264|3408|3960|4104|4368|4512|4776|4920|5064|5472|5616|5760|5904|6048|6192|6336|6480,1728|2136|2280|2976|3120|3264|3408|3816|3960|4104|4368|4512|4632|4776|4920|5040|5064|5184|5328|5472,1075a4e78f42e3984138ae8b54ec5aa59650063c712870715dcfb65b5fb095b8
uk,TLC2,GNN,42,20,100,T9,GBP,7512700.1727142679,0,2000,20,0.21049999999999999,0.20899999999999999,418,20,2136|2280|3120|3264|3408|3960|4104|4368|4512|4776|4920|5064|5472|5616|5760|5904|6048|6192|6336|6480,1728|2136|2280|2976|3120|3264|3408|3816|3960|4104|4368|4512|4632|4776|4920|5040|5064|5184|5328|5472,06e4e3a2bf154108dba320b06e722eaefbabf81e2bf4800d8c871e6afbb1a9ae
uk,TLC2,GNN,123,20,100,T9,GBP,7407733.864761699,0,2000,20,0.21049999999999999,0.20849999999999999,417,20,2136|2280|3120|3264|3408|3960|4104|4368|4512|4776|4920|5064|5472|5616|5760|5904|6048|6192|6336|6480,1728|2136|2280|2976|3120|3264|3408|3816|3960|4104|4368|4512|4632|4776|4920|5040|5064|5184|5328|5472,e4ff875cd56139a6be30cb16e9123468c20bbdd5c491c5d11534fc0e178f020c
uk,TLC2,GNN,456,20,100,T9,GBP,8659092.7052165084,0,2000,20,0.21049999999999999,0.20949999999999999,419,20,2136|2280|3120|3264|3408|3960|4104|4368|4512|4776|4920|5064|5472|5616|5760|5904|6048|6192|6336|6480,1728|2136|2280|2976|3120|3264|3408|3816|3960|4104|4368|4512|4632|4776|4920|5040|5064|5184|5328|5472,25e9faf9ad5467ffb9317d5ab08529cb42f2d476cf45d3227b8dae2e62cf9c65
uk,TLC2,Ref,,20,300,T9,GBP,4637272.7140474319,3400207.6572265597,2000,20,0.1125,0.1145,229,20,3264|3408|4104|4512|4776|5064|5904|6048|6192|6336|6936|7080|7392|7536|7992|8448|8592|8760|8904|9072,5064|6048|6192|6336|6936|7080|7392|7536|7992|8136|8448|8760|8904|9072|9216|9360|9528|9672|9816|9984,VD-Ref
uk,TLC2,Uni,,20,300,T9,GBP,13268714.229240902,1350763.5561523405,2000,20,0.1125,0.1245,249,20,3408|4776|5064|5904|6048|6192|6336|6936|7080|7392|7536|7680|7992|8136|8448|8592|8760|8904|9072|9216,5064|6048|6192|6336|6936|7080|7392|7536|7992|8136|8448|8760|8904|9072|9216|9360|9528|9672|9816|9984,6f79f073f0eccf31d4e3d23d0949160ffe14c07e9b93f7b56a3adab44fd6b66e
uk,TLC2,LU,,20,300,T9,GBP,12456297.660669385,3290710.2568359347,2000,20,0.1125,0.13600000000000001,272,20,3408|4512|4776|5064|5904|6048|6192|6336|6480|6936|7080|7224|7392|7536|7680|7992|8136|8448|8592|8760,5064|6048|6192|6336|6936|7080|7392|7536|7992|8136|8448|8760|8904|9072|9216|9360|9528|9672|9816|9984,1075a4e78f42e3984138ae8b54ec5aa59650063c712870715dcfb65b5fb095b8
uk,TLC2,GNN,42,20,300,T9,GBP,9394025.1372037046,5171045.47802734,2000,20,0.1125,0.13200000000000001,264,20,3264|3408|4104|4512|4776|4920|5064|5904|6048|6192|6336|6480|6936|7080|7224|7392|7536|7680|7992|8136,5064|6048|6192|6336|6936|7080|7392|7536|7992|8136|8448|8760|8904|9072|9216|9360|9528|9672|9816|9984,06e4e3a2bf154108dba320b06e722eaefbabf81e2bf4800d8c871e6afbb1a9ae
uk,TLC2,GNN,123,20,300,T9,GBP,9163059.6815542802,5171045.47802734,2000,20,0.1125,0.1305,261,20,3264|3408|4104|4512|4776|4920|5064|5904|6048|6192|6336|6480|6936|7080|7224|7392|7536|7680|7992|8136,5064|6048|6192|6336|6936|7080|7392|7536|7992|8136|8448|8760|8904|9072|9216|9360|9528|9672|9816|9984,e4ff875cd56139a6be30cb16e9123468c20bbdd5c491c5d11534fc0e178f020c
uk,TLC2,GNN,456,20,300,T9,GBP,10760391.484494912,5171045.47802734,2000,20,0.1125,0.14050000000000001,281,20,3264|3408|4104|4512|4776|4920|5064|5904|6048|6192|6336|6480|6936|7080|7224|7392|7536|7680|7992|8136,5064|6048|6192|6336|6936|7080|7392|7536|7992|8136|8448|8760|8904|9072|9216|9360|9528|9672|9816|9984,25e9faf9ad5467ffb9317d5ab08529cb42f2d476cf45d3227b8dae2e62cf9c65
uk,TLC2,Ref,,20,500,T9,GBP,4921454.3316617999,995345.83050537598,2000,20,0.076499999999999999,0.080000000000000002,160,20,8448|9072|9528|9984|10128|10272|10584|10728|11040|11208|11376|11544|11568|11712|11736|11904|11928|12096|12120|12288,7392|9072|9528|9984|10128|10272|10584|10728|11040|11208|11376|11544|11568|11736|11904|11928|12096|12120|12288|12312,VD-Ref
uk,TLC2,Uni,,20,500,T9,GBP,14083080.228019647,3372906.1793212942,2000,20,0.076499999999999999,0.088999999999999996,178,20,7392|8448|8760|9072|9528|9984|10128|10272|10584|10728|10872|11040|11208|11376|11544|11568|11712|11736|11904|11928,7392|9072|9528|9984|10128|10272|10584|10728|11040|11208|11376|11544|11568|11736|11904|11928|12096|12120|12288|12312,6f79f073f0eccf31d4e3d23d0949160ffe14c07e9b93f7b56a3adab44fd6b66e
uk,TLC2,LU,,20,500,T9,GBP,13417294.849778811,3372906.1793212942,2000,20,0.076499999999999999,0.087999999999999995,176,20,7392|8448|8760|9072|9528|9984|10128|10272|10584|10728|10872|11040|11208|11376|11544|11568|11712|11736|11904|11928,7392|9072|9528|9984|10128|10272|10584|10728|11040|11208|11376|11544|11568|11736|11904|11928|12096|12120|12288|12312,1075a4e78f42e3984138ae8b54ec5aa59650063c712870715dcfb65b5fb095b8
uk,TLC2,GNN,42,20,500,T9,GBP,10146090.378754588,995345.83050537598,2000,20,0.076499999999999999,0.085000000000000006,170,20,7392|8448|9072|9528|9984|10128|10272|10584|10728|11040|11208|11376|11544|11568|11712|11736|11904|11928|12096|12120,7392|9072|9528|9984|10128|10272|10584|10728|11040|11208|11376|11544|11568|11736|11904|11928|12096|12120|12288|12312,06e4e3a2bf154108dba320b06e722eaefbabf81e2bf4800d8c871e6afbb1a9ae
uk,TLC2,GNN,123,20,500,T9,GBP,9863826.1367038283,995345.83050537598,2000,20,0.076499999999999999,0.084000000000000005,168,20,8448|9072|9528|9984|10128|10272|10584|10728|11040|11208|11376|11544|11568|11712|11736|11904|11928|12096|12120|12288,7392|9072|9528|9984|10128|10272|10584|10728|11040|11208|11376|11544|11568|11736|11904|11928|12096|12120|12288|12312,e4ff875cd56139a6be30cb16e9123468c20bbdd5c491c5d11534fc0e178f020c
uk,TLC2,GNN,456,20,500,T9,GBP,11757529.825091345,1776311.2111206129,2000,20,0.076499999999999999,0.086499999999999994,173,20,7392|8448|8760|9072|9528|9984|10128|10272|10584|10728|11040|11208|11376|11544|11568|11712|11736|11904|11928|12096,7392|9072|9528|9984|10128|10272|10584|10728|11040|11208|11376|11544|11568|11736|11904|11928|12096|12120|12288|12312,25e9faf9ad5467ffb9317d5ab08529cb42f2d476cf45d3227b8dae2e62cf9c65
uk,TLD6,Ref,,10,100,T9,GBP,3087806.9850068749,347689.73770108109,2000,20,0.17749999999999999,0.224,448,20,7680|7992|8136|8304|8448|8472|8592|8736|8760|8880|8904|9024|9048|9168|9192|9312|9336|9456|9480|9576,7992|8136|8304|8448|8592|8736|8880|8904|9024|9048|9168|9192|9312|9336|9456|9480|9600|9624|9744|9768,VD-Ref
uk,TLD6,Uni,,10,100,T9,GBP,8196019.6265492113,16490871.390739664,2000,20,0.17749999999999999,0.317,633,20,2664|2760|2856|2952|3120|3144|3192|3312|3504|3600|3696|3768|3912|3984|4104|4224|4248|4344|4368|4464,7992|8136|8304|8448|8592|8736|8880|8904|9024|9048|9168|9192|9312|9336|9456|9480|9600|9624|9744|9768,d984b1dfb7521d23a15e8b94dbb0c102f03062c1c1d5c5e6ffbdc71f6415d5c6
uk,TLD6,LU,,10,100,T9,GBP,7960299.7199778482,16490871.390739664,2000,20,0.17749999999999999,0.31900000000000001,638,20,2664|2760|2856|2952|3120|3144|3192|3312|3504|3600|3696|3768|3912|3984|4104|4224|4248|4344|4368|4464,7992|8136|8304|8448|8592|8736|8880|8904|9024|9048|9168|9192|9312|9336|9456|9480|9600|9624|9744|9768,f47dba54650bdcb6ad940298971f7a9ee25b592fdac3411ab2521e9baae9d343
uk,TLD6,GNN,42,10,100,T9,GBP,5936105.8698269427,5257885.6835743831,2000,20,0.17749999999999999,0.2225,445,20,3456|3648|7392|7536|7680|7824|7848|7992|8016|8136|8160|8280|8304|8328|8424|8448|8472|8592|8616|8640,7992|8136|8304|8448|8592|8736|8880|8904|9024|9048|9168|9192|9312|9336|9456|9480|9600|9624|9744|9768,cb651b2f2e65cb7b7f8648aa0d14a1946995d8efef46bd21d98a006f0ea37c09
uk,TLD6,GNN,123,10,100,T9,GBP,7832095.448792425,14088732.300578946,2000,20,0.17749999999999999,0.25750000000000001,515,20,2760|3192|3456|3648|3696|3768|3864|3912|3984|4104|4224|4344|4464|4512|4632|4728|4752|4848|4968|5016,7992|8136|8304|8448|8592|8736|8880|8904|9024|9048|9168|9192|9312|9336|9456|9480|9600|9624|9744|9768,9324cb3afa4e4958a1122b07ea653de51046deea13c6992785e3b97ecc077d60
uk,TLD6,GNN,456,10,100,T9,GBP,6846697.0180427562,11742705.772617644,2000,20,0.17749999999999999,0.23699999999999999,474,20,3192|3456|3648|3768|3984|4104|4224|4344|5256|5520|5784|5928|6528|6672|6816|6960|7392|7416|7536|7560,7992|8136|8304|8448|8592|8736|8880|8904|9024|9048|9168|9192|9312|9336|9456|9480|9600|9624|9744|9768,8fa21725470233e5c2fa6201c7c23e9fc66722e0262baff5d7f0f4d1ee99f9ca
uk,TLD6,Ref,,10,300,T9,GBP,4075848.4114351156,759673.67193973064,2000,20,0,0,1,1,45816|46008|46056|45960|45984|46032|45936|46080|47232|46608|47712|46272|47856|45672|46200|46344|47880|46176|40704|47064,46008|46056|46032|45816|45960|45984|46080|45936|46200|46272|46344|46608|46104|46128|46824|47064|47232|47712|47856|46488,VD-Ref
uk,TLD6,Uni,,10,300,T9,GBP,11823257.066154193,10631578.026886269,2000,20,0,0,1,1,45816|45960|10320|46008|8304|34056|45984|9744|46056|9624|9888|10032|10176|10872|32040|31728|46032|45936|32496|9024,46008|46056|46032|45816|45960|45984|46080|45936|46200|46272|46344|46608|46104|46128|46824|47064|47232|47712|47856|46488,d984b1dfb7521d23a15e8b94dbb0c102f03062c1c1d5c5e6ffbdc71f6415d5c6
uk,TLD6,LU,,10,300,T9,GBP,11563960.325272869,16530636.475916922,2000,20,0,0,1,1,10320|34056|8304|9744|9624|9888|10032|10176|10872|32040|37968|31728|45816|32496|9024|46008|34224|33744|9600|9456,46008|46056|46032|45816|45960|45984|46080|45936|46200|46272|46344|46608|46104|46128|46824|47064|47232|47712|47856|46488,f47dba54650bdcb6ad940298971f7a9ee25b592fdac3411ab2521e9baae9d343
uk,TLD6,GNN,42,10,300,T9,GBP,8470279.4914974552,10861632.590459496,2000,20,0,0,1,1,45816|46008|45960|45984|34104|34272|46056|46032|35112|35280|45936|35448|34440|34608|36648|34776|33936|36144|34944|33768,46008|46056|46032|45816|45960|45984|46080|45936|46200|46272|46344|46608|46104|46128|46824|47064|47232|47712|47856|46488,cb651b2f2e65cb7b7f8648aa0d14a1946995d8efef46bd21d98a006f0ea37c09
uk,TLD6,GNN,123,10,300,T9,GBP,11098562.830316631,14513385.748881072,2000,20,0,0,1,1,34104|34272|45816|36648|35112|35280|46008|45960|35448|34440|34608|33936|45984|34776|37392|36144|33768|34944|36120|37968,46008|46056|46032|45816|45960|45984|46080|45936|46200|46272|46344|46608|46104|46128|46824|47064|47232|47712|47856|46488,9324cb3afa4e4958a1122b07ea653de51046deea13c6992785e3b97ecc077d60
uk,TLD6,GNN,456,10,300,T9,GBP,9640150.8500140458,10861632.590459496,2000,20,0,0,1,1,45816|46008|45960|34104|45984|34272|46056|46032|35112|35280|35448|45936|34440|33936|34608|33768|36648|34776|36144|34944,46008|46056|46032|45816|45960|45984|46080|45936|46200|46272|46344|46608|46104|46128|46824|47064|47232|47712|47856|46488,8fa21725470233e5c2fa6201c7c23e9fc66722e0262baff5d7f0f4d1ee99f9ca
uk,TLD6,Ref,,10,500,T9,GBP,4075848.4114351138,759673.67193976045,2000,20,0,0,1,1,45816|46008|46056|45960|45984|46032|45936|46080|47232|46608|47712|46272|47856|45672|46200|46344|47880|46176|40704|47064,46008|46056|46032|45816|45960|45984|46080|45936|46200|46272|46344|46608|46104|46128|46824|47064|47232|47712|47856|46488,VD-Ref
uk,TLD6,Uni,,10,500,T9,GBP,11823257.066154189,10631578.026886284,2000,20,0,0,1,1,45816|45960|10320|46008|8304|34056|45984|9744|46056|9624|9888|10032|10176|10872|32040|31728|46032|45936|32496|9024,46008|46056|46032|45816|45960|45984|46080|45936|46200|46272|46344|46608|46104|46128|46824|47064|47232|47712|47856|46488,d984b1dfb7521d23a15e8b94dbb0c102f03062c1c1d5c5e6ffbdc71f6415d5c6
uk,TLD6,LU,,10,500,T9,GBP,11563960.325272869,16530636.475916952,2000,20,0,0,1,1,10320|34056|8304|9744|9624|9888|10032|10176|10872|32040|37968|31728|45816|32496|9024|46008|34224|33744|9600|9456,46008|46056|46032|45816|45960|45984|46080|45936|46200|46272|46344|46608|46104|46128|46824|47064|47232|47712|47856|46488,f47dba54650bdcb6ad940298971f7a9ee25b592fdac3411ab2521e9baae9d343
uk,TLD6,GNN,42,10,500,T9,GBP,8470279.4914974533,10861632.590459526,2000,20,0,0,1,1,45816|46008|45960|45984|34104|34272|46056|46032|35112|35280|45936|35448|34440|34608|36648|34776|33936|36144|34944|33768,46008|46056|46032|45816|45960|45984|46080|45936|46200|46272|46344|46608|46104|46128|46824|47064|47232|47712|47856|46488,cb651b2f2e65cb7b7f8648aa0d14a1946995d8efef46bd21d98a006f0ea37c09
uk,TLD6,GNN,123,10,500,T9,GBP,11098562.830316627,14513385.748881102,2000,20,0,0,1,1,34104|34272|45816|36648|35112|35280|46008|45960|35448|34440|34608|33936|45984|34776|37392|36144|33768|34944|36120|37968,46008|46056|46032|45816|45960|45984|46080|45936|46200|46272|46344|46608|46104|46128|46824|47064|47232|47712|47856|46488,9324cb3afa4e4958a1122b07ea653de51046deea13c6992785e3b97ecc077d60
uk,TLD6,GNN,456,10,500,T9,GBP,9640150.8500140421,10861632.590459526,2000,20,0,0,1,1,45816|46008|45960|34104|45984|34272|46056|46032|35112|35280|35448|45936|34440|33936|34608|33768|36648|34776|36144|34944,46008|46056|46032|45816|45960|45984|46080|45936|46200|46272|46344|46608|46104|46128|46824|47064|47232|47712|47856|46488,8fa21725470233e5c2fa6201c7c23e9fc66722e0262baff5d7f0f4d1ee99f9ca
uk,TLD6,Ref,,20,100,T9,GBP,404511.35925472528,0,2000,20,0.89949999999999997,0.89249999999999996,1765,20,1992|2064|2088|2160|2184|2256|2280|2304|2352|2376|2400|2448|2472|2496|2544|2568|2592|2640|2664|2688,1704|1728|1800|1824|1896|1920|1992|2016|2064|2088|2112|2160|2184|2208|2256|2280|2304|2352|2376|2400,VD-Ref
uk,TLD6,Uni,,20,100,T9,GBP,1061045.2820483209,3403603.433956827,2000,20,0.89949999999999997,0.89100000000000001,1762,20,192|240|288|336|384|528|600|648|696|792|1128|1224|1296|1320|1416|1512|1536|1608|1632|1680,1704|1728|1800|1824|1896|1920|1992|2016|2064|2088|2112|2160|2184|2208|2256|2280|2304|2352|2376|2400,d984b1dfb7521d23a15e8b94dbb0c102f03062c1c1d5c5e6ffbdc71f6415d5c6
uk,TLD6,LU,,20,100,T9,GBP,1063254.7839563689,2945154.9497590363,2000,20,0.89949999999999997,0.89549999999999996,1771,20,192|240|288|336|384|528|600|792|1128|1224|1296|1320|1416|1512|1536|1608|1632|1680|1704|1728,1704|1728|1800|1824|1896|1920|1992|2016|2064|2088|2112|2160|2184|2208|2256|2280|2304|2352|2376|2400,f47dba54650bdcb6ad940298971f7a9ee25b592fdac3411ab2521e9baae9d343
uk,TLD6,GNN,42,20,100,T9,GBP,396325.98209889117,3227540.455867555,2000,20,0.89949999999999997,0.90949999999999998,1801,20,192|240|288|336|384|528|600|648|792|1128|1224|1296|1320|1416|1512|1536|1608|1632|1680|1704,1704|1728|1800|1824|1896|1920|1992|2016|2064|2088|2112|2160|2184|2208|2256|2280|2304|2352|2376|2400,cb651b2f2e65cb7b7f8648aa0d14a1946995d8efef46bd21d98a006f0ea37c09
uk,TLD6,GNN,123,20,100,T9,GBP,785835.74105234887,4225707.7444375213,2000,20,0.89949999999999997,0.86899999999999999,1720,20,192|240|288|336|384|432|528|600|648|696|768|792|864|1032|1104|1128|1224|1296|1320|1416,1704|1728|1800|1824|1896|1920|1992|2016|2064|2088|2112|2160|2184|2208|2256|2280|2304|2352|2376|2400,9324cb3afa4e4958a1122b07ea653de51046deea13c6992785e3b97ecc077d60
uk,TLD6,GNN,456,20,100,T9,GBP,525775.52663612575,3707636.3262668075,2000,20,0.89949999999999997,0.88800000000000001,1758,20,192|240|288|336|384|528|600|648|696|792|864|1104|1128|1224|1296|1320|1416|1512|1536|1608,1704|1728|1800|1824|1896|1920|1992|2016|2064|2088|2112|2160|2184|2208|2256|2280|2304|2352|2376|2400,8fa21725470233e5c2fa6201c7c23e9fc66722e0262baff5d7f0f4d1ee99f9ca
uk,TLD6,Ref,,20,300,T9,GBP,3533135.4826038326,6817888.6014246317,2000,20,0.182,0.20250000000000001,405,20,9696|9840|9984|10128|10224|10272|10368|10776|11544|11640|12024|12120|12216|12336|12432|12552|12648|12768|12984|13104,14064|14712|14976|15240|15744|17256|17376|18216|18336|18480|18624|18744|18768|18888|19032|19176|19296|19320|19440|19584,VD-Ref
uk,TLD6,Uni,,20,300,T9,GBP,8572058.7297045514,15378209.478081277,2000,20,0.182,0.219,435,20,9840|9936|9984|10080|10128|10224|10272|10368|10512|10632|10656|10776|10800|10920|10944|11040|11064|11184|11208|11304,14064|14712|14976|15240|15744|17256|17376|18216|18336|18480|18624|18744|18768|18888|19032|19176|19296|19320|19440|19584,d984b1dfb7521d23a15e8b94dbb0c102f03062c1c1d5c5e6ffbdc71f6415d5c6
uk,TLD6,LU,,20,300,T9,GBP,8576675.3224655595,15378209.478081277,2000,20,0.182,0.2225,442,20,9840|9936|9984|10080|10128|10224|10272|10368|10512|10632|10656|10776|10800|10920|10944|11040|11064|11184|11208|11304,14064|14712|14976|15240|15744|17256|17376|18216|18336|18480|18624|18744|18768|18888|19032|19176|19296|19320|19440|19584,f47dba54650bdcb6ad940298971f7a9ee25b592fdac3411ab2521e9baae9d343
uk,TLD6,GNN,42,20,300,T9,GBP,7811491.594397814,1658113.876339599,2000,20,0.182,0.13200000000000001,264,20,9696|9840|9984|10128|10272|12984|13320|13560|13944|14064|14976|15240|15744|17256|17376|18216|18336|18480|18888|19032,14064|14712|14976|15240|15744|17256|17376|18216|18336|18480|18624|18744|18768|18888|19032|19176|19296|19320|19440|19584,cb651b2f2e65cb7b7f8648aa0d14a1946995d8efef46bd21d98a006f0ea37c09
uk,TLD6,GNN,123,20,300,T9,GBP,9311718.3406473342,5412374.5105105285,2000,20,0.182,0.14000000000000001,280,20,9696|9840|9984|10128|10224|10272|11544|12336|12552|12768|12984|13104|13320|13464|13560|13680|13848|13944|13968|14064,14064|14712|14976|15240|15744|17256|17376|18216|18336|18480|18624|18744|18768|18888|19032|19176|19296|19320|19440|19584,9324cb3afa4e4958a1122b07ea653de51046deea13c6992785e3b97ecc077d60
uk,TLD6,GNN,456,20,300,T9,GBP,8624263.2350256722,1731225.2615918643,2000,20,0.182,0.13300000000000001,266,20,9696|9840|9984|10128|10272|12984|13320|13560|13680|13944|14064|14712|14976|15240|15744|17256|17376|18216|18480|18888,14064|14712|14976|15240|15744|17256|17376|18216|18336|18480|18624|18744|18768|18888|19032|19176|19296|19320|19440|19584,8fa21725470233e5c2fa6201c7c23e9fc66722e0262baff5d7f0f4d1ee99f9ca
uk,TLD6,Ref,,20,500,T9,GBP,4916905.0263126045,2623428.1417480186,2000,20,0,0,1,1,36912|37872|36552|38496|38088|37680|37488|38712|38280|39744|38688|23160|23592|38904|37464|39528|37104|22536|23448|40848,37872|36912|39744|38688|36552|37464|39528|38496|38064|39960|40632|40848|38088|38472|39312|37680|38712|40416|37488|40872,VD-Ref
uk,TLD6,Uni,,20,500,T9,GBP,11817005.569611868,1339042.0227335617,2000,20,0,0.00050000000000000001,1,1,36912|37872|36552|38688|37464|39744|38064|39528|40848|37680|38280|41712|39960|38472|41064|37488|38904|23592|23160|38496,37872|36912|39744|38688|36552|37464|39528|38496|38064|39960|40632|40848|38088|38472|39312|37680|38712|40416|37488|40872,d984b1dfb7521d23a15e8b94dbb0c102f03062c1c1d5c5e6ffbdc71f6415d5c6
uk,TLD6,LU,,20,500,T9,GBP,11916851.984229235,3237127.6444798037,2000,20,0,0.00050000000000000001,1,1,36912|36552|37872|37464|38688|39744|38064|23592|23160|37680|22536|41712|40848|39528|23448|38280|22848|35856|37488|39960,37872|36912|39744|38688|36552|37464|39528|38496|38064|39960|40632|40848|38088|38472|39312|37680|38712|40416|37488|40872,f47dba54650bdcb6ad940298971f7a9ee25b592fdac3411ab2521e9baae9d343
uk,TLD6,GNN,42,20,500,T9,GBP,9738808.6417746805,1698307.09401007,2000,20,0,0,1,1,36912|36552|37872|37464|38064|41712|37680|38688|39744|37488|37104|40848|41064|39528|39960|38280|38088|37656|38472|35856,37872|36912|39744|38688|36552|37464|39528|38496|38064|39960|40632|40848|38088|38472|39312|37680|38712|40416|37488|40872,cb651b2f2e65cb7b7f8648aa0d14a1946995d8efef46bd21d98a006f0ea37c09
uk,TLD6,GNN,123,20,500,T9,GBP,11680640.600942114,2791437.0429597944,2000,20,0,0.00050000000000000001,1,1,36912|36552|37872|37464|41712|38688|38064|41064|40848|39744|37680|40608|39528|39960|37488|42744|37104|37656|35856|45000,37872|36912|39744|38688|36552|37464|39528|38496|38064|39960|40632|40848|38088|38472|39312|37680|38712|40416|37488|40872,9324cb3afa4e4958a1122b07ea653de51046deea13c6992785e3b97ecc077d60
uk,TLD6,GNN,456,20,500,T9,GBP,10707145.236110248,2374703.0774879754,2000,20,0,0,1,1,36912|36552|37872|37464|41712|38688|38064|37680|39744|41064|40848|37104|37488|40608|35856|39528|39960|38280|37656|42744,37872|36912|39744|38688|36552|37464|39528|38496|38064|39960|40632|40848|38088|38472|39312|37680|38712|40416|37488|40872,8fa21725470233e5c2fa6201c7c23e9fc66722e0262baff5d7f0f4d1ee99f9ca
uk,TLG1,Ref,,10,100,T9,GBP,4211333.360703174,7471524.6707725907,2000,20,0.035999999999999997,0.077499999999999999,53,20,23160|23304|23424|23448|23712|23832|23952|23976|24336|24360|24600|24624|24744|25008|25272|25416|25536|25560|25656|25680,26256|26400|26544|26808|27072|27456|27720|33264|33624|33696|33768|33960|34080|34152|34200|34320|26688|24408|24792|25056,VD-Ref
uk,TLG1,Uni,,10,100,T9,GBP,8642636.4595999457,8591889.6707725879,2000,20,0.035999999999999997,0.19450000000000001,157,20,23160|23304|23424|23448|23568|23688|23712|23832|23952|23976|24096|24216|24336|24360|24456|24480|24600|24624|24720|24744,26256|26400|26544|26808|27072|27456|27720|33264|33624|33696|33768|33960|34080|34152|34200|34320|26688|24408|24792|25056,2c51d41d9109c507aaffa57903ccfb7e90ecd6b5a937675ffd5d8e13064f020d
uk,TLG1,LU,,10,100,T9,GBP,8582003.8103837371,8591889.6707725879,2000,20,0.035999999999999997,0.19400000000000001,155,20,23160|23304|23424|23448|23568|23712|23832|23952|23976|24072|24096|24216|24336|24360|24456|24480|24600|24624|24720|24744,26256|26400|26544|26808|27072|27456|27720|33264|33624|33696|33768|33960|34080|34152|34200|34320|26688|24408|24792|25056,3e28555b891cdaed34bdfcf5d5368cb53874536ff002326684b3318e184350c9
uk,TLG1,GNN,42,10,100,T9,GBP,8233828.8503635367,9269999.6707725879,2000,20,0.035999999999999997,0.16600000000000001,122,20,23160|23304|23424|23448|23568|23688|23712|23832|23952|23976|24072|24096|24216|24336|24360|24456|24480|24600|24624|24720,26256|26400|26544|26808|27072|27456|27720|33264|33624|33696|33768|33960|34080|34152|34200|34320|26688|24408|24792|25056,d70c69e634e859075e9b897af62204ce8050c1f1c46e43f606c9dfc8497df623
uk,TLG1,GNN,123,10,100,T9,GBP,7583520.6933989739,8540934.6707725879,2000,20,0.035999999999999997,0.16650000000000001,120,20,23160|23304|23448|23568|23712|23832|23952|23976|24072|24096|24216|24336|24360|24456|24480|24600|24624|24720|24744|24840,26256|26400|26544|26808|27072|27456|27720|33264|33624|33696|33768|33960|34080|34152|34200|34320|26688|24408|24792|25056,5e3bc5e1b0614f87e0e3b4b88fd5c153856969e30f198f8656588d3c7e773e14
uk,TLG1,GNN,456,10,100,T9,GBP,8184158.5389246158,9269999.6707725879,2000,20,0.035999999999999997,0.16850000000000001,122,20,23160|23304|23424|23448|23568|23688|23712|23832|23952|23976|24072|24096|24216|24336|24360|24456|24480|24600|24624|24720,26256|26400|26544|26808|27072|27456|27720|33264|33624|33696|33768|33960|34080|34152|34200|34320|26688|24408|24792|25056,2681e5a405470650930d244a24c88d05e34bc9b769f371edcfc158b27bc4f608
uk,TLG1,Ref,,10,300,T9,GBP,4853459.7747215219,3936984.3415451944,2000,20,0,0,1,1,47184|47064|47784|47664|45360|47544|47424|26808|27072|47304|44352|44784|45552|45696|45240|30048|26544|26688|42432|46008,47064|47184|47304|47424|47544|47664|47784|46008|46416|46680|46944|26808|27072|28296|29400|29664|30048|46560|46824|47904,VD-Ref
uk,TLG1,Uni,,10,300,T9,GBP,11408919.503370656,3719117.3661807179,2000,20,0,0,1,1,47064|47184|27072|26808|47784|47664|47544|47424|47304|45360|27720|27456|34320|26544|26400|26256|34152|34200|44784|44352,47064|47184|47304|47424|47544|47664|47784|46008|46416|46680|46944|26808|27072|28296|29400|29664|30048|46560|46824|47904,2c51d41d9109c507aaffa57903ccfb7e90ecd6b5a937675ffd5d8e13064f020d
uk,TLG1,LU,,10,300,T9,GBP,11304037.607212471,3776618.0246355534,2000,20,0,0,1,1,47064|47184|27072|26808|47784|47664|47544|45360|47424|47304|27720|27456|34320|26544|26400|26256|44784|44352|45552|45696,47064|47184|47304|47424|47544|47664|47784|46008|46416|46680|46944|26808|27072|28296|29400|29664|30048|46560|46824|47904,3e28555b891cdaed34bdfcf5d5368cb53874536ff002326684b3318e184350c9
uk,TLG1,GNN,42,10,300,T9,GBP,10403587.165308479,5026568.3538629562,2000,20,0,0,1,1,47064|47184|45360|34320|47784|47664|47544|47424|47304|45240|44784|44352|34200|33960|34080|34152|25944|45696|26256|45552,47064|47184|47304|47424|47544|47664|47784|46008|46416|46680|46944|26808|27072|28296|29400|29664|30048|46560|46824|47904,d70c69e634e859075e9b897af62204ce8050c1f1c46e43f606c9dfc8497df623
uk,TLG1,GNN,123,10,300,T9,GBP,9579819.431227427,4074214.0123177767,2000,20,0,0,1,1,47064|47184|45360|47784|47664|47544|47424|47304|45240|44784|44352|46008|34320|45696|45552|25944|34152|34200|33960|46416,47064|47184|47304|47424|47544|47664|47784|46008|46416|46680|46944|26808|27072|28296|29400|29664|30048|46560|46824|47904,5e3bc5e1b0614f87e0e3b4b88fd5c153856969e30f198f8656588d3c7e773e14
uk,TLG1,GNN,456,10,300,T9,GBP,10458207.124539351,4497728.0246355534,2000,20,0,0,1,1,47064|47184|45360|47784|47664|47544|47424|34320|47304|34200|44352|44784|45240|25944|34152|46008|34080|33960|26256|26400,47064|47184|47304|47424|47544|47664|47784|46008|46416|46680|46944|26808|27072|28296|29400|29664|30048|46560|46824|47904,2681e5a405470650930d244a24c88d05e34bc9b769f371edcfc158b27bc4f608
uk,TLG1,Ref,,10,500,T9,GBP,4853459.7747215219,2148550.5692419708,2000,20,0,0,1,1,26808|27072|47184|47064|47784|47664|45360|47544|47424|26544|26688|47304|27720|26400|26256|44352|23976|34080|34200|34320,47064|47184|26808|27072|47304|47424|47544|47664|47784|46008|46416|46680|46944|33960|34080|34200|34320|27456|27720|33264,VD-Ref
uk,TLG1,Uni,,10,500,T9,GBP,11408919.503370656,1394573.3538629711,2000,20,0,0,1,1,27072|26808|47064|47184|27720|27456|34320|26544|26400|26256|47784|47664|47544|47424|47304|45360|34152|34200|33960|34080,47064|47184|26808|27072|47304|47424|47544|47664|47784|46008|46416|46680|46944|33960|34080|34200|34320|27456|27720|33264,2c51d41d9109c507aaffa57903ccfb7e90ecd6b5a937675ffd5d8e13064f020d
uk,TLG1,LU,,10,500,T9,GBP,11304037.607212471,1394573.3538629711,2000,20,0,0,1,1,27072|26808|47064|47184|27720|27456|34320|26544|26400|26256|47784|47664|47544|45360|47424|47304|34152|34200|33960|34080,47064|47184|26808|27072|47304|47424|47544|47664|47784|46008|46416|46680|46944|33960|34080|34200|34320|27456|27720|33264,3e28555b891cdaed34bdfcf5d5368cb53874536ff002326684b3318e184350c9
uk,TLG1,GNN,42,10,500,T9,GBP,10403587.165308479,3912625.5692420006,2000,20,0,0,1,1,34320|47064|47184|34200|45360|33960|34080|34152|25944|26256|26400|25536|33768|47784|47664|24336|47544|47424|47304|45240,47064|47184|26808|27072|47304|47424|47544|47664|47784|46008|46416|46680|46944|33960|34080|34200|34320|27456|27720|33264,d70c69e634e859075e9b897af62204ce8050c1f1c46e43f606c9dfc8497df623
uk,TLG1,GNN,123,10,500,T9,GBP,9579819.4312274251,4044337.2153790295,2000,20,0,0,1,1,47064|47184|45360|34320|47784|47664|47544|47424|47304|25944|34152|34200|33960|34080|45240|44784|44352|46008|26256|25536,47064|47184|26808|27072|47304|47424|47544|47664|47784|46008|46416|46680|46944|33960|34080|34200|34320|27456|27720|33264,5e3bc5e1b0614f87e0e3b4b88fd5c153856969e30f198f8656588d3c7e773e14
uk,TLG1,GNN,456,10,500,T9,GBP,10458207.124539353,3520923.3538629413,2000,20,0,0,1,1,34320|47064|47184|34200|45360|25944|34152|34080|33960|26256|26400|25536|47784|47664|47544|47424|24336|33768|47304|33696,47064|47184|26808|27072|47304|47424|47544|47664|47784|46008|46416|46680|46944|33960|34080|34200|34320|27456|27720|33264,2681e5a405470650930d244a24c88d05e34bc9b769f371edcfc158b27bc4f608
uk,TLG1,Ref,,20,100,T9,GBP,2932053.559395141,457735.00000000035,2000,20,0.45250000000000001,0.501,386,20,21000|21216|21432|21552|21672|21792|21912|21936|22056|22176|22296|22416|22536|22656|22680|22776|22800|22896|22920|23040,21336|21456|21576|21696|21816|21936|22056|22176|22296|22416|22536|22560|22656|22680|22776|22800|22896|22920|23040|23064,VD-Ref
uk,TLG1,Uni,,20,100,T9,GBP,8802730.2345211338,207904.99999999913,2000,20,0.45250000000000001,0.54349999999999998,393,20,21432|21552|21936|22056|22176|22296|22416|22536|22680|22800|22920|23040|23184|23208|23304|23328|23352|23448|23472|23568,21336|21456|21576|21696|21816|21936|22056|22176|22296|22416|22536|22560|22656|22680|22776|22800|22896|22920|23040|23064,2c51d41d9109c507aaffa57903ccfb7e90ecd6b5a937675ffd5d8e13064f020d
uk,TLG1,LU,,20,100,T9,GBP,8742103.7135567404,257569.99999999916,2000,20,0.45250000000000001,0.54349999999999998,395,20,21432|21552|21672|21936|22056|22176|22296|22416|22536|22680|22800|22920|23040|23184|23208|23304|23328|23352|23448|23472,21336|21456|21576|21696|21816|21936|22056|22176|22296|22416|22536|22560|22656|22680|22776|22800|22896|22920|23040|23064,3e28555b891cdaed34bdfcf5d5368cb53874536ff002326684b3318e184350c9
uk,TLG1,GNN,42,20,100,T9,GBP,7918881.3469969109,1062960.0000000014,2000,20,0.45250000000000001,0.503,258,20,20904|21000|21216|21336|21432|21456|21552|21576|21672|21696|21792|21816|21912|21936|21960|22056|22080|22152|22176|22200,21336|21456|21576|21696|21816|21936|22056|22176|22296|22416|22536|22560|22656|22680|22776|22800|22896|22920|23040|23064,d70c69e634e859075e9b897af62204ce8050c1f1c46e43f606c9dfc8497df623
uk,TLG1,GNN,123,20,100,T9,GBP,7009533.7252278728,561795.00000000116,2000,20,0.45250000000000001,0.54300000000000004,354,20,21000|21216|21432|21552|21672|21792|21912|21936|22056|22080|22152|22176|22200|22296|22392|22416|22536|22656|22680|22776,21336|21456|21576|21696|21816|21936|22056|22176|22296|22416|22536|22560|22656|22680|22776|22800|22896|22920|23040|23064,5e3bc5e1b0614f87e0e3b4b88fd5c153856969e30f198f8656588d3c7e773e14
uk,TLG1,GNN,456,20,100,T9,GBP,7765759.1550950389,1062960.0000000014,2000,20,0.45250000000000001,0.504,257,20,20904|21000|21216|21336|21432|21456|21552|21576|21672|21696|21792|21816|21912|21936|21960|22056|22080|22152|22176|22200,21336|21456|21576|21696|21816|21936|22056|22176|22296|22416|22536|22560|22656|22680|22776|22800|22896|22920|23040|23064,2681e5a405470650930d244a24c88d05e34bc9b769f371edcfc158b27bc4f608
uk,TLG1,Ref,,20,300,T9,GBP,6739899.9813823644,3475809.3415451758,2000,20,0,0.002,1,1,26640|26904|27168|27552|29064|28824|28176|28944|29184|27816|28200|46920|45240|28464|42216|29568|25632|44928|46800|42504,26640|26904|27168|27552|29064|28824|44928|45240|46248|46920|45384|45960|46104|46656|27288|27672|27936|28944|25224|28176,VD-Ref
uk,TLG1,Uni,,20,300,T9,GBP,17378353.2278441,2899752.3661807142,2000,20,0,0.0465,46,20,25224|25632|26352|26496|26640|26760|26904|27024|27168|27288|27408|27528|27552|27672|27792|27816|27936|28056|28176|28200,26640|26904|27168|27552|29064|28824|44928|45240|46248|46920|45384|45960|46104|46656|27288|27672|27936|28944|25224|28176,2c51d41d9109c507aaffa57903ccfb7e90ecd6b5a937675ffd5d8e13064f020d
uk,TLG1,LU,,20,300,T9,GBP,17141717.153648317,2899752.3661807142,2000,20,0,0.045499999999999999,42,20,25224|25632|26352|26496|26640|26760|26904|27024|27168|27288|27408|27528|27552|27672|27792|27816|27936|28056|28176|28200,26640|26904|27168|27552|29064|28824|44928|45240|46248|46920|45384|45960|46104|46656|27288|27672|27936|28944|25224|28176,3e28555b891cdaed34bdfcf5d5368cb53874536ff002326684b3318e184350c9
uk,TLG1,GNN,42,20,300,T9,GBP,15956227.952532001,8844502.3661807179,2000,20,0,0.0395,1,1,24696|25224|25632|25776|25920|26064|26208|26352|26616|26880|27144|27528|27792|27912|28056|28176|24576|24960|26760|27408,26640|26904|27168|27552|29064|28824|44928|45240|46248|46920|45384|45960|46104|46656|27288|27672|27936|28944|25224|28176,d70c69e634e859075e9b897af62204ce8050c1f1c46e43f606c9dfc8497df623
uk,TLG1,GNN,123,20,300,T9,GBP,13584083.993203487,4595027.3661807179,2000,20,0,0.042500000000000003,24,20,25224|25632|25776|25920|26064|26208|26352|26616|26640|26760|26880|26904|27144|27168|27408|27528|27552|27672|27792|27912,26640|26904|27168|27552|29064|28824|44928|45240|46248|46920|45384|45960|46104|46656|27288|27672|27936|28944|25224|28176,5e3bc5e1b0614f87e0e3b4b88fd5c153856969e30f198f8656588d3c7e773e14
uk,TLG1,GNN,456,20,300,T9,GBP,16159079.243904585,8844502.3661807179,2000,20,0,0.043499999999999997,1,1,24576|24696|25224|25632|25776|25920|26064|26208|26352|26616|26880|27144|27528|27792|27912|28056|28176|24960|26760|27408,26640|26904|27168|27552|29064|28824|44928|45240|46248|46920|45384|45960|46104|46656|27288|27672|27936|28944|25224|28176,2681e5a405470650930d244a24c88d05e34bc9b769f371edcfc158b27bc4f608
uk,TLG1,Ref,,20,500,T9,GBP,6745636.2821877394,1359875,2000,20,0,0,1,1,27168|27552|26640|26904|29064|28824|28176|28944|29184|27816|28200|28464|29568|25632|27936|25224|27288|30120|27672|29856,26640|26904|27168|27552|29064|28824|27288|27672|27936|28944|25224|28176|26352|26496|26760|27024|29568|28200|25632|29712,VD-Ref
uk,TLG1,Uni,,20,500,T9,GBP,18001342.02569041,3700843.2922741473,2000,20,0,0,1,1,27552|27168|26904|26640|30120|29064|28176|46920|30000|30504|28200|27936|28824|27672|47880|47640|29184|46248|45240|47520,26640|26904|27168|27552|29064|28824|27288|27672|27936|28944|25224|28176|26352|26496|26760|27024|29568|28200|25632|29712,2c51d41d9109c507aaffa57903ccfb7e90ecd6b5a937675ffd5d8e13064f020d
uk,TLG1,LU,,20,500,T9,GBP,17755702.263006479,3700843.2922741473,2000,20,0,0,1,1,27552|27168|26904|26640|28176|29064|46920|30120|28200|27936|30000|30504|28824|27672|47880|47640|29184|46248|45240|47520,26640|26904|27168|27552|29064|28824|27288|27672|27936|28944|25224|28176|26352|26496|26760|27024|29568|28200|25632|29712,3e28555b891cdaed34bdfcf5d5368cb53874536ff002326684b3318e184350c9
uk,TLG1,GNN,42,20,500,T9,GBP,16507820.192474365,8712708.2922741175,2000,20,0,0,1,1,28176|25632|25224|26352|27912|46920|24816|27528|46800|25080|27792|25920|26064|46536|25776|26208|26880|25344|26616|27144,26640|26904|27168|27552|29064|28824|27288|27672|27936|28944|25224|28176|26352|26496|26760|27024|29568|28200|25632|29712,d70c69e634e859075e9b897af62204ce8050c1f1c46e43f606c9dfc8497df623
uk,TLG1,GNN,123,20,500,T9,GBP,14164031.990447175,4543830.5076531172,2000,20,0,0,1,1,28176|25632|26352|46920|25224|27552|27912|46800|27168|46536|26904|45240|26640|27528|28056|27792|47880|45984|25920|46656,26640|26904|27168|27552|29064|28824|27288|27672|27936|28944|25224|28176|26352|26496|26760|27024|29568|28200|25632|29712,5e3bc5e1b0614f87e0e3b4b88fd5c153856969e30f198f8656588d3c7e773e14
uk,TLG1,GNN,456,20,500,T9,GBP,16826377.518828534,8712708.2922741175,2000,20,0,0,1,1,28176|25632|25224|26352|27912|46920|27792|27528|46800|24816|25080|46536|26208|26064|25920|27144|26880|25776|25344|26616,26640|26904|27168|27552|29064|28824|27288|27672|27936|28944|25224|28176|26352|26496|26760|27024|29568|28200|25632|29712,2681e5a405470650930d244a24c88d05e34bc9b769f371edcfc158b27bc4f608
uk,TLG2,Ref,,10,100,T9,GBP,3556960.896108672,2422588.1138483942,2000,20,0.14699999999999999,0.153,305,18,30960|40752|12456|13224|13368|13416|13536|13560|13656|13704|13944|14088|14232|14376|14520|14544|14640|14784|14904|15024,13224|13536|13944|14088|14232|14376|14520|14544|14640|14784|14904|15024|15168|15288|15408|15528|15648|15888|16104|16200,VD-Ref
uk,TLG2,Uni,,10,100,T9,GBP,7450619.9395687999,16556990.569241961,2000,20,0.14699999999999999,0.17050000000000001,340,10,30960|30840|31920|30456|32040|32160|32280|31800|32400|31680|11256|12168|12192|12312|12456|12600|12768|12792|12912|12936,13224|13536|13944|14088|14232|14376|14520|14544|14640|14784|14904|15024|15168|15288|15408|15528|15648|15888|16104|16200,7ac62339e064fb4d15a450abec8d399faf4c0836044d1a6532dd1cce3753dabe
uk,TLG2,LU,,10,100,T9,GBP,7394178.3916267473,15742140.569241961,2000,20,0.14699999999999999,0.17249999999999999,344,10,30960|31920|30840|30456|32040|32160|32280|31800|32400|31680|11256|12168|12192|12312|12456|12600|12792|12912|12936|13080,13224|13536|13944|14088|14232|14376|14520|14544|14640|14784|14904|15024|15168|15288|15408|15528|15648|15888|16104|16200,9f2f2e2f8365d74a3a4f375be76e700038748b7b0e300311572b6d85689b92d3
uk,TLG2,GNN,42,10,100,T9,GBP,5369919.1451117555,10164431.556924194,2000,20,0.14699999999999999,0.16300000000000001,325,19,30960|8520|9408|9840|9984|10608|11256|12192|12792|13416|13536|13560|13704|13944|14088|14232|14376|14520|14544|14640,13224|13536|13944|14088|14232|14376|14520|14544|14640|14784|14904|15024|15168|15288|15408|15528|15648|15888|16104|16200,9e6ae935e0f39201b213b9f1d12e54b9aa7bf2663f83bf914d465a2f3250e4d2
uk,TLG2,GNN,123,10,100,T9,GBP,6342596.3968206616,19372236.556924194,2000,20,0.14699999999999999,0.16300000000000001,325,19,30960|8520|8664|8808|9408|9552|9696|9840|9984|10296|10608|11256|11736|12192|12336|12792|13416|13536|13560|13704,13224|13536|13944|14088|14232|14376|14520|14544|14640|14784|14904|15024|15168|15288|15408|15528|15648|15888|16104|16200,63fe1ee9614cbf6853eb58408474e4b3ee66ff37092336a29799cf4442bafcbd
uk,TLG2,GNN,456,10,100,T9,GBP,5660353.4413256878,17022931.556924194,2000,20,0.14699999999999999,0.16950000000000001,338,19,30960|8520|8664|8808|9408|9552|9696|9840|9984|10608|11256|11736|12192|12792|13224|13416|13536|13560|13704|13944,13224|13536|13944|14088|14232|14376|14520|14544|14640|14784|14904|15024|15168|15288|15408|15528|15648|15888|16104|16200,6a23bbf33c74d96d8fe5a1c6a804410532e12e6a3f5fa933053123d12f6695c8
uk,TLG2,Ref,,10,300,T9,GBP,5031887.7774735698,1319240,2000,20,0,0,1,1,30888|27648|31272|30768|43152|32472|27936|27744|27840|28248|28464|28152|40152|42840|29208|30672|29568|28584|29304|30288,27648|27744|27840|27936|28152|28248|28464|28584|29304|29568|29712|30768|30888|31272|32472|43152|42840|42528|29208|29328,VD-Ref
uk,TLG2,Uni,,10,300,T9,GBP,10202001.411316354,2436380,2000,20,0,0,1,1,27648|31272|27744|27840|30768|30888|28152|27936|28584|32472|28248|28464|30792|29592|30912|30672|29328|29208|30408|29736,27648|27744|27840|27936|28152|28248|28464|28584|29304|29568|29712|30768|30888|31272|32472|43152|42840|42528|29208|29328,7ac62339e064fb4d15a450abec8d399faf4c0836044d1a6532dd1cce3753dabe
uk,TLG2,LU,,10,300,T9,GBP,10052479.928967476,2436380,2000,20,0,0,1,1,27648|31272|27744|27840|30768|30888|27936|28152|32472|28584|28248|28464|29592|30792|30912|30672|29328|29208|30408|29736,27648|27744|27840|27936|28152|28248|28464|28584|29304|29568|29712|30768|30888|31272|32472|43152|42840|42528|29208|29328,9f2f2e2f8365d74a3a4f375be76e700038748b7b0e300311572b6d85689b92d3
uk,TLG2,GNN,42,10,300,T9,GBP,7379138.7855928019,153725,2000,20,0,0,1,1,30768|31272|30888|27648|27744|27936|27840|28248|28152|28584|28464|32472|29304|29568|29712|30672|29592|30912|29208|30288,27648|27744|27840|27936|28152|28248|28464|28584|29304|29568|29712|30768|30888|31272|32472|43152|42840|42528|29208|29328,9e6ae935e0f39201b213b9f1d12e54b9aa7bf2663f83bf914d465a2f3250e4d2
uk,TLG2,GNN,123,10,300,T9,GBP,8897584.7309071049,652095,2000,20,0,0,1,1,30768|30888|31272|27648|27744|27936|27840|28248|28152|28464|30672|28584|29208|29568|29304|29712|30288|29880|29592|30792,27648|27744|27840|27936|28152|28248|28464|28584|29304|29568|29712|30768|30888|31272|32472|43152|42840|42528|29208|29328,63fe1ee9614cbf6853eb58408474e4b3ee66ff37092336a29799cf4442bafcbd
uk,TLG2,GNN,456,10,300,T9,GBP,8035738.6087449417,153725,2000,20,0,0,1,1,30888|31272|30768|27648|27744|27840|27936|28248|30672|28152|28584|28464|29592|29568|29208|29304|30288|29880|29712|32472,27648|27744|27840|27936|28152|28248|28464|28584|29304|29568|29712|30768|30888|31272|32472|43152|42840|42528|29208|29328,6a23bbf33c74d96d8fe5a1c6a804410532e12e6a3f5fa933053123d12f6695c8
uk,TLG2,Ref,,10,500,T9,GBP,5031887.7774735689,1319239.9999999702,2000,20,0,0,1,1,30888|27648|31272|30768|43152|32472|27936|27744|27840|28248|28464|28152|40152|42840|29208|30672|29568|28584|29304|30288,27648|27744|27840|27936|28152|28248|28464|28584|29304|29568|29712|30768|30888|31272|32472|43152|42840|42528|29208|29328,VD-Ref
uk,TLG2,Uni,,10,500,T9,GBP,10202001.411316352,2436380,2000,20,0,0,1,1,27648|31272|27744|27840|30768|30888|28152|27936|28584|32472|28248|28464|30792|29592|30912|30672|29328|29208|30408|29736,27648|27744|27840|27936|28152|28248|28464|28584|29304|29568|29712|30768|30888|31272|32472|43152|42840|42528|29208|29328,7ac62339e064fb4d15a450abec8d399faf4c0836044d1a6532dd1cce3753dabe
uk,TLG2,LU,,10,500,T9,GBP,10052479.928967476,2436380,2000,20,0,0,1,1,27648|31272|27744|27840|30768|30888|27936|28152|32472|28584|28248|28464|29592|30792|30912|30672|29328|29208|30408|29736,27648|27744|27840|27936|28152|28248|28464|28584|29304|29568|29712|30768|30888|31272|32472|43152|42840|42528|29208|29328,9f2f2e2f8365d74a3a4f375be76e700038748b7b0e300311572b6d85689b92d3
uk,TLG2,GNN,42,10,500,T9,GBP,7379138.7855928,153725,2000,20,0,0,1,1,30768|31272|30888|27648|27744|27936|27840|28248|28152|28584|28464|32472|29304|29568|29712|30672|29592|30912|29208|30288,27648|27744|27840|27936|28152|28248|28464|28584|29304|29568|29712|30768|30888|31272|32472|43152|42840|42528|29208|29328,9e6ae935e0f39201b213b9f1d12e54b9aa7bf2663f83bf914d465a2f3250e4d2
uk,TLG2,GNN,123,10,500,T9,GBP,8897584.7309071012,652095,2000,20,0,0,1,1,30768|30888|31272|27648|27744|27936|27840|28248|28152|28464|30672|28584|29208|29568|29304|29712|30288|29880|29592|30792,27648|27744|27840|27936|28152|28248|28464|28584|29304|29568|29712|30768|30888|31272|32472|43152|42840|42528|29208|29328,63fe1ee9614cbf6853eb58408474e4b3ee66ff37092336a29799cf4442bafcbd
uk,TLG2,GNN,456,10,500,T9,GBP,8035738.6087449398,153725,2000,20,0,0,1,1,30888|31272|30768|27648|27744|27840|27936|28248|30672|28152|28584|28464|29592|29568|29208|29304|30288|29880|29712|32472,27648|27744|27840|27936|28152|28248|28464|28584|29304|29568|29712|30768|30888|31272|32472|43152|42840|42528|29208|29328,6a23bbf33c74d96d8fe5a1c6a804410532e12e6a3f5fa933053123d12f6695c8
uk,TLG2,Ref,,20,100,T9,GBP,2074171.8704306742,139382.06564134604,2000,20,0.5605,0.55649999999999999,125,20,18072|18168|18240|18264|18336|18408|18432|18528|18552|18648|18744|18768|18864|18984|19104|19224|19248|19344|19368|19488,18072|18168|18240|18264|18336|18432|18528|18552|18648|18744|18768|18864|18960|18984|19104|19224|19248|19344|19368|19488,VD-Ref
uk,TLG2,Uni,,20,100,T9,GBP,6293864.1068924731,4872538.0368577624,2000,20,0.5605,0.57850000000000001,184,20,17592|17664|17736|17808|17952|18024|18072|18120|18168|18192|18216|18240|18264|18288|18336|18384|18408|18432|18480|18504,18072|18168|18240|18264|18336|18432|18528|18552|18648|18744|18768|18864|18960|18984|19104|19224|19248|19344|19368|19488,7ac62339e064fb4d15a450abec8d399faf4c0836044d1a6532dd1cce3753dabe
uk,TLG2,LU,,20,100,T9,GBP,6266813.3992893184,4872538.0368577624,2000,20,0.5605,0.58150000000000002,190,20,17592|17664|17736|17808|17952|18024|18072|18120|18168|18192|18216|18240|18264|18288|18336|18384|18408|18432|18480|18504,18072|18168|18240|18264|18336|18432|18528|18552|18648|18744|18768|18864|18960|18984|19104|19224|19248|19344|19368|19488,9f2f2e2f8365d74a3a4f375be76e700038748b7b0e300311572b6d85689b92d3
uk,TLG2,GNN,42,20,100,T9,GBP,3984339.8491168679,3206482.3836647356,2000,20,0.5605,0.57499999999999996,148,20,17736|18024|18072|18168|18192|18216|18240|18264|18288|18336|18384|18408|18432|18480|18528|18552|18648|18696|18744|18768,18072|18168|18240|18264|18336|18432|18528|18552|18648|18744|18768|18864|18960|18984|19104|19224|19248|19344|19368|19488,9e6ae935e0f39201b213b9f1d12e54b9aa7bf2663f83bf914d465a2f3250e4d2
uk,TLG2,GNN,123,20,100,T9,GBP,4645713.0593759781,2473339.902314255,2000,20,0.5605,0.5655,144,20,18024|18072|18168|18192|18240|18264|18288|18336|18384|18408|18432|18528|18552|18648|18744|18768|18816|18840|18864|18936,18072|18168|18240|18264|18336|18432|18528|18552|18648|18744|18768|18864|18960|18984|19104|19224|19248|19344|19368|19488,63fe1ee9614cbf6853eb58408474e4b3ee66ff37092336a29799cf4442bafcbd
uk,TLG2,GNN,456,20,100,T9,GBP,4081730.1413405235,0,2000,20,0.5605,0.5605,119,20,18072|18168|18240|18264|18336|18432|18528|18552|18648|18744|18768|18864|18984|19104|19224|19248|19344|19368|19488|19512,18072|18168|18240|18264|18336|18432|18528|18552|18648|18744|18768|18864|18960|18984|19104|19224|19248|19344|19368|19488,6a23bbf33c74d96d8fe5a1c6a804410532e12e6a3f5fa933053123d12f6695c8
uk,TLG2,Ref,,20,300,T9,GBP,5048686.6606461145,3514724.3415451739,2000,20,0.14749999999999999,0.14949999999999999,299,18,27600|27984|11736|12792|13104|13416|13560|13704|14400|14544|14664|14928|15312|15432|15792|16008|16488|16584|16680|16776,13104|14400|14544|14664|14928|15312|15432|15552|15672|15792|16008|16488|16584|16680|16776|16872|17040|17112|17184|17256,VD-Ref
uk,TLG2,Uni,,20,300,T9,GBP,13633791.05984531,23773791.707725901,2000,20,0.14749999999999999,0.17649999999999999,347,10,26928|27264|27600|27984|32640|34152|27504|34464|26808|33576|10272|10584|10752|10920|11088|11256|11424|11568|11736|11880,13104|14400|14544|14664|14928|15312|15432|15552|15672|15792|16008|16488|16584|16680|16776|16872|17040|17112|17184|17256,7ac62339e064fb4d15a450abec8d399faf4c0836044d1a6532dd1cce3753dabe
uk,TLG2,LU,,20,300,T9,GBP,13346821.957971277,23773791.707725901,2000,20,0.14749999999999999,0.17549999999999999,346,10,26928|27600|27984|32640|34152|27264|27504|34464|33576|26808|10272|10584|10752|10920|11088|11256|11424|11568|11736|11880,13104|14400|14544|14664|14928|15312|15432|15552|15672|15792|16008|16488|16584|16680|16776|16872|17040|17112|17184|17256,9f2f2e2f8365d74a3a4f375be76e700038748b7b0e300311572b6d85689b92d3
uk,TLG2,GNN,42,20,300,T9,GBP,9036561.0354840234,14843444.670772579,2000,20,0.14749999999999999,0.1605,321,19,27600|10272|10584|10752|10920|11088|11256|11424|11568|11736|11880|12192|12336|12480|12624|12768|12792|12936|13080|13104,13104|14400|14544|14664|14928|15312|15432|15552|15672|15792|16008|16488|16584|16680|16776|16872|17040|17112|17184|17256,9e6ae935e0f39201b213b9f1d12e54b9aa7bf2663f83bf914d465a2f3250e4d2
uk,TLG2,GNN,123,20,300,T9,GBP,11841176.347326275,18875578.353862938,2000,20,0.14749999999999999,0.16450000000000001,328,15,27600|26928|27984|27264|34152|10272|10584|10752|10920|11088|11256|11424|11568|11736|11880|12192|12336|12480|12624|12768,13104|14400|14544|14664|14928|15312|15432|15552|15672|15792|16008|16488|16584|16680|16776|16872|17040|17112|17184|17256,63fe1ee9614cbf6853eb58408474e4b3ee66ff37092336a29799cf4442bafcbd
uk,TLG2,GNN,456,20,300,T9,GBP,9861738.330039518,14843444.670772579,2000,20,0.14749999999999999,0.16850000000000001,337,19,27600|10272|10584|10752|10920|11088|11256|11424|11568|11736|11880|12192|12336|12480|12624|12768|12792|12936|13080|13104,13104|14400|14544|14664|14928|15312|15432|15552|15672|15792|16008|16488|16584|16680|16776|16872|17040|17112|17184|17256,6a23bbf33c74d96d8fe5a1c6a804410532e12e6a3f5fa933053123d12f6695c8
uk,TLG2,Ref,,20,500,T9,GBP,6595289.433600748,793994.99999999255,2000,20,0.00050000000000000001,0.0085000000000000006,1,1,14544|28008|28320|28776|28896|29016|29400|29544|30096|30480|30984|31464|31584|31704|31944|32064|32184|29280|15432|28440,32184|31464|31584|31704|32064|29016|28776|28896|29544|30480|30984|14544|28008|28320|29400|30096|31944|31824|30360|30864,VD-Ref
uk,TLG2,Uni,,20,500,T9,GBP,17254814.450099722,16145639.999999985,2000,20,0.00050000000000000001,0.014500000000000001,29,20,14544|14928|15432|27624|27720|27816|27912|28008|28224|28320|28440|28776|28896|29016|29280|29400|29544|29688|30096|30360,32184|31464|31584|31704|32064|29016|28776|28896|29544|30480|30984|14544|28008|28320|29400|30096|31944|31824|30360|30864,7ac62339e064fb4d15a450abec8d399faf4c0836044d1a6532dd1cce3753dabe
uk,TLG2,LU,,20,500,T9,GBP,16911407.938350286,14307604.999999985,2000,20,0.00050000000000000001,0.014,28,20,14544|14928|27624|27720|27816|27912|28008|28224|28320|28440|28776|28896|29016|29280|29400|29544|29688|30096|30360|30480,32184|31464|31584|31704|32064|29016|28776|28896|29544|30480|30984|14544|28008|28320|29400|30096|31944|31824|30360|30864,9f2f2e2f8365d74a3a4f375be76e700038748b7b0e300311572b6d85689b92d3
uk,TLG2,GNN,42,20,500,T9,GBP,11731326.976879967,19574459.999999985,2000,20,0.00050000000000000001,0.014500000000000001,29,20,14544|14928|15312|15432|27624|27720|27816|27912|28008|28320|28440|28776|28800|28896|28920|29016|29040|29280|29400|29544,32184|31464|31584|31704|32064|29016|28776|28896|29544|30480|30984|14544|28008|28320|29400|30096|31944|31824|30360|30864,9e6ae935e0f39201b213b9f1d12e54b9aa7bf2663f83bf914d465a2f3250e4d2
uk,TLG2,GNN,123,20,500,T9,GBP,15806442.624900375,39967209.99999997,2000,20,0.00050000000000000001,0.0235,47,20,14544|14928|15312|15432|27240|27312|27456|27552|27624|27720|27816|27840|27912|27936|28008|28032|28128|28152|28224|28248,32184|31464|31584|31704|32064|29016|28776|28896|29544|30480|30984|14544|28008|28320|29400|30096|31944|31824|30360|30864,63fe1ee9614cbf6853eb58408474e4b3ee66ff37092336a29799cf4442bafcbd
uk,TLG2,GNN,456,20,500,T9,GBP,13307331.184691047,35119389.999999963,2000,20,0.00050000000000000001,0.021000000000000001,42,20,14544|14928|15312|15432|27240|27552|27624|27720|27816|27840|27912|27936|28008|28032|28128|28152|28224|28248|28320|28440,32184|31464|31584|31704|32064|29016|28776|28896|29544|30480|30984|14544|28008|28320|29400|30096|31944|31824|30360|30864,6a23bbf33c74d96d8fe5a1c6a804410532e12e6a3f5fa933053123d12f6695c8
uk,TLE4,Ref,,10,100,T9,GBP,1722598.2565986034,521511.83154296858,2000,20,0.71299999999999997,0.6915,1383,20,912|1008|1080|1104|1200|1320|1416|1440|1536|1560|1632|1656|1752|1776|1848|1872|1896|1968|1992|2016,840|1008|1104|1200|1224|1320|1344|1416|1440|1536|1560|1632|1656|1680|1752|1776|1848|1872|1896|1968,VD-Ref
uk,TLE4,Uni,,10,100,T9,GBP,10699541.366112819,0,2000,20,0.71299999999999997,0.57499999999999996,1150,20,1320|1536|1656|1752|1776|1872|1992|2112|2232|2352|2376|2472|2592|2712|2736|2832|2952|2976|3000|3096,840|1008|1104|1200|1224|1320|1344|1416|1440|1536|1560|1632|1656|1680|1752|1776|1848|1872|1896|1968,619ec399fdc69bab08c64969f8bc87368f8b993e2a6d68b9e366acca37cb2f0b
uk,TLE4,LU,,10,100,T9,GBP,7564561.5052864775,0,2000,20,0.71299999999999997,0.58250000000000002,1165,20,1320|1416|1440|1536|1560|1632|1656|1752|1776|1872|1968|1992|2088|2112|2208|2232|2256|2328|2352|2376,840|1008|1104|1200|1224|1320|1344|1416|1440|1536|1560|1632|1656|1680|1752|1776|1848|1872|1896|1968,cbffa6e43ffd0540609863f31436223336a9adce5a099383c69cb2d9c356ba7d
uk,TLE4,GNN,42,10,100,T9,GBP,4002072.124803545,146919.20019531244,2000,20,0.71299999999999997,0.62849999999999995,1257,20,840|912|1008|1104|1200|1224|1320|1344|1416|1440|1536|1560|1632|1656|1680|1752|1776|1848|1872|1896,840|1008|1104|1200|1224|1320|1344|1416|1440|1536|1560|1632|1656|1680|1752|1776|1848|1872|1896|1968,421d6c593ec2f24f04385133fa17ae3c162add2951fe7b740c33e85052f9e437
uk,TLE4,GNN,123,10,100,T9,GBP,5573127.3356450461,0,2000,20,0.71299999999999997,0.61899999999999999,1238,20,1008|1104|1200|1320|1344|1416|1440|1536|1560|1632|1656|1680|1752|1776|1848|1872|1896|1968|1992|2016,840|1008|1104|1200|1224|1320|1344|1416|1440|1536|1560|1632|1656|1680|1752|1776|1848|1872|1896|1968,0635c2f6bd8196e48e4cfd7f28fbc0f461d6ab00f1e406e7d47430346b092b7c
uk,TLE4,GNN,456,10,100,T9,GBP,6392735.7498565177,0,2000,20,0.71299999999999997,0.61650000000000005,1233,20,1008|1104|1200|1320|1344|1416|1440|1536|1560|1632|1656|1680|1752|1776|1848|1872|1896|1968|1992|2016,840|1008|1104|1200|1224|1320|1344|1416|1440|1536|1560|1632|1656|1680|1752|1776|1848|1872|1896|1968,0ee8dfc4a58f72353337ec3bf5eb92b913288289b07be9a18e61734a52274254
uk,TLE4,Ref,,10,300,T9,GBP,4358812.4607996671,3102274.2259521638,2000,20,0.27600000000000002,0.28949999999999998,579,20,6936|7200|8592|9192|9360|9384|9504|9672|9840|10008|10032|10200|10224|10368|10392|10560|10584|10728|10752|10920,9840|10224|10392|10560|10752|10920|10944|11112|11280|11304|11472|11640|11664|11832|11856|12024|12216|12408|12600|12768,VD-Ref
uk,TLE4,Uni,,10,300,T9,GBP,16238009.985843023,16211308.464111362,2000,20,0.27600000000000002,0.33650000000000002,673,20,6624|6936|7200|7320|7464|7488|7728|7752|7872|7896|8016|8040|8160|8184|8304|8328|8352|8448|8472|8568,9840|10224|10392|10560|10752|10920|10944|11112|11280|11304|11472|11640|11664|11832|11856|12024|12216|12408|12600|12768,619ec399fdc69bab08c64969f8bc87368f8b993e2a6d68b9e366acca37cb2f0b
uk,TLE4,LU,,10,300,T9,GBP,12108961.984069798,14228764.358276403,2000,20,0.27600000000000002,0.31850000000000001,637,20,6792|6936|7200|7320|7464|7488|7728|7752|7872|7896|8016|8040|8160|8184|8304|8328|8352|8448|8592|8616,9840|10224|10392|10560|10752|10920|10944|11112|11280|11304|11472|11640|11664|11832|11856|12024|12216|12408|12600|12768,cbffa6e43ffd0540609863f31436223336a9adce5a099383c69cb2d9c356ba7d
uk,TLE4,GNN,42,10,300,T9,GBP,9059476.6525459811,12041198.777221698,2000,20,0.27600000000000002,0.30199999999999999,604,20,6624|6936|7200|7320|7464|7728|7872|8016|8160|8304|8448|8592|8736|8880|8904|9048|9168|9192|9360|9384,9840|10224|10392|10560|10752|10920|10944|11112|11280|11304|11472|11640|11664|11832|11856|12024|12216|12408|12600|12768,421d6c593ec2f24f04385133fa17ae3c162add2951fe7b740c33e85052f9e437
uk,TLE4,GNN,123,10,300,T9,GBP,10279107.869376831,17293614.900024444,2000,20,0.27600000000000002,0.316,632,20,6240|6384|6624|6792|6912|6936|7056|7200|7320|7344|7464|7488|7608|7728|7752|7872|7896|8016|8040|8160,9840|10224|10392|10560|10752|10920|10944|11112|11280|11304|11472|11640|11664|11832|11856|12024|12216|12408|12600|12768,0635c2f6bd8196e48e4cfd7f28fbc0f461d6ab00f1e406e7d47430346b092b7c
uk,TLE4,GNN,456,10,300,T9,GBP,11546472.083125627,21964005.031982444,2000,20,0.27600000000000002,0.32200000000000001,644,20,5712|6120|6240|6384|6504|6528|6624|6792|6912|6936|7056|7200|7320|7344|7464|7488|7584|7608|7728|7752,9840|10224|10392|10560|10752|10920|10944|11112|11280|11304|11472|11640|11664|11832|11856|12024|12216|12408|12600|12768,0ee8dfc4a58f72353337ec3bf5eb92b913288289b07be9a18e61734a52274254
uk,TLE4,Ref,,10,500,T9,GBP,6250465.4576692143,12025136.77075194,2000,20,0.065000000000000002,0.082500000000000004,165,20,12984|13176|13368|13560|13752|14112|15648|16080|16104|16248|16368|16512|27336|27384|27528|27672|27840|28032|28128|28176,15648|16104|16248|16512|27840|28032|28128|28248|28344|28464|28488|28560|28680|28704|28776|28800|28896|28920|29016|29040,VD-Ref
uk,TLE4,Uni,,10,500,T9,GBP,24848260.47840954,54552706.607360825,2000,20,0.065000000000000002,0.20300000000000001,406,20,10920|11112|11280|11304|11472|11664|11832|11856|12024|12216|12408|12600|12792|12984|13176|13368|13392|13560|13584|13608,15648|16104|16248|16512|27840|28032|28128|28248|28344|28464|28488|28560|28680|28704|28776|28800|28896|28920|29016|29040,619ec399fdc69bab08c64969f8bc87368f8b993e2a6d68b9e366acca37cb2f0b
uk,TLE4,LU,,10,500,T9,GBP,18148528.21391093,40391316.565765381,2000,20,0.065000000000000002,0.16850000000000001,337,20,12024|12216|12408|12600|12792|12984|13176|13368|13560|13584|13608|13728|13752|13800|13920|13944|14112|14136|14160|14280,15648|16104|16248|16512|27840|28032|28128|28248|28344|28464|28488|28560|28680|28704|28776|28800|28896|28920|29016|29040,cbffa6e43ffd0540609863f31436223336a9adce5a099383c69cb2d9c356ba7d
uk,TLE4,GNN,42,10,500,T9,GBP,13395117.092580395,21958087.890533436,2000,20,0.065000000000000002,0.11,220,20,12600|12792|12984|13176|13368|13560|13752|13920|14112|14280|14472|14856|15648|16080|16104|16248|16368|16512|17088|27384,15648|16104|16248|16512|27840|28032|28128|28248|28344|28464|28488|28560|28680|28704|28776|28800|28896|28920|29016|29040,421d6c593ec2f24f04385133fa17ae3c162add2951fe7b740c33e85052f9e437
uk,TLE4,GNN,123,10,500,T9,GBP,15147207.821214631,37983753.741180398,2000,20,0.065000000000000002,0.1225,245,20,12024|12216|12408|12600|12792|12984|13176|13368|13560|13752|13920|13944|14112|14280|14304|14472|14640|14664|14808|14832,15648|16104|16248|16512|27840|28032|28128|28248|28344|28464|28488|28560|28680|28704|28776|28800|28896|28920|29016|29040,0635c2f6bd8196e48e4cfd7f28fbc0f461d6ab00f1e406e7d47430346b092b7c
uk,TLE4,GNN,456,10,500,T9,GBP,17453579.809379056,43675269.805908196,2000,20,0.065000000000000002,0.13950000000000001,279,20,11112|11280|11832|12024|12216|12408|12600|12792|12984|13176|13368|13560|13728|13752|13920|13944|14112|14136|14160|14280,15648|16104|16248|16512|27840|28032|28128|28248|28344|28464|28488|28560|28680|28704|28776|28800|28896|28920|29016|29040,0ee8dfc4a58f72353337ec3bf5eb92b913288289b07be9a18e61734a52274254
uk,TLE4,Ref,,20,100,T9,GBP,24260.566516587412,0,2000,20,0.998,0.996,1992,20,0|24|48|72|96|120|144|168|192|216|240|264|288|312|336|360|384|408|432|456,0|24|48|72|96|120|144|168|192|216|240|264|288|312|336|360|384|408|432|456,VD-Ref
uk,TLE4,Uni,,20,100,T9,GBP,206983.37697498588,0,2000,20,0.998,0.98499999999999999,1970,20,0|24|48|72|96|120|144|168|192|216|240|264|288|312|336|360|384|408|432|456,0|24|48|72|96|120|144|168|192|216|240|264|288|312|336|360|384|408|432|456,619ec399fdc69bab08c64969f8bc87368f8b993e2a6d68b9e366acca37cb2f0b
uk,TLE4,LU,,20,100,T9,GBP,272817.03664829989,0,2000,20,0.998,0.98050000000000004,1961,20,0|24|48|72|96|120|144|168|192|216|240|264|288|312|336|360|384|408|432|456,0|24|48|72|96|120|144|168|192|216|240|264|288|312|336|360|384|408|432|456,cbffa6e43ffd0540609863f31436223336a9adce5a099383c69cb2d9c356ba7d
uk,TLE4,GNN,42,20,100,T9,GBP,47205.795916149786,0,2000,20,0.998,0.995,1990,20,0|24|48|72|96|120|144|168|192|216|240|264|288|312|336|360|384|408|432|456,0|24|48|72|96|120|144|168|192|216|240|264|288|312|336|360|384|408|432|456,421d6c593ec2f24f04385133fa17ae3c162add2951fe7b740c33e85052f9e437
uk,TLE4,GNN,123,20,100,T9,GBP,379797.49738151679,0,2000,20,0.998,0.98150000000000004,1963,20,0|24|48|72|96|120|144|168|192|216|240|264|288|312|336|360|384|408|432|456,0|24|48|72|96|120|144|168|192|216|240|264|288|312|336|360|384|408|432|456,0635c2f6bd8196e48e4cfd7f28fbc0f461d6ab00f1e406e7d47430346b092b7c
uk,TLE4,GNN,456,20,100,T9,GBP,457588.78733199346,0,2000,20,0.998,0.98099999999999998,1962,20,0|24|48|72|96|120|144|168|192|216|240|264|288|312|336|360|384|408|432|456,0|24|48|72|96|120|144|168|192|216|240|264|288|312|336|360|384|408|432|456,0ee8dfc4a58f72353337ec3bf5eb92b913288289b07be9a18e61734a52274254
uk,TLE4,Ref,,20,300,T9,GBP,746081.47730379272,256192.98693847546,2000,20,0.875,0.87250000000000005,1745,20,456|504|552|576|624|696|720|768|792|840|864|936|960|1008|1032|1056|1104|1128|1152|1224,456|504|576|624|696|720|768|792|840|864|936|960|1008|1032|1056|1104|1128|1152|1224|1248,VD-Ref
uk,TLE4,Uni,,20,300,T9,GBP,3094347.8064864608,0,2000,20,0.875,0.85850000000000004,1717,20,696|768|792|864|936|960|1032|1056|1104|1128|1152|1224|1248|1272|1320|1344|1368|1440|1464|1488,456|504|576|624|696|720|768|792|840|864|936|960|1008|1032|1056|1104|1128|1152|1224|1248,619ec399fdc69bab08c64969f8bc87368f8b993e2a6d68b9e366acca37cb2f0b
uk,TLE4,LU,,20,300,T9,GBP,2998892.1100600837,0,2000,20,0.875,0.85750000000000004,1715,20,456|504|576|624|696|720|768|792|840|864|936|960|1008|1032|1056|1104|1128|1152|1224|1248,456|504|576|624|696|720|768|792|840|864|936|960|1008|1032|1056|1104|1128|1152|1224|1248,cbffa6e43ffd0540609863f31436223336a9adce5a099383c69cb2d9c356ba7d
uk,TLE4,GNN,42,20,300,T9,GBP,1649516.090165993,2331443.6230468703,2000,20,0.875,0.873,1746,20,456|480|504|552|576|624|672|696|768|792|840|864|912|936|960|1008|1032|1056|1104|1128,456|504|576|624|696|720|768|792|840|864|936|960|1008|1032|1056|1104|1128|1152|1224|1248,421d6c593ec2f24f04385133fa17ae3c162add2951fe7b740c33e85052f9e437
uk,TLE4,GNN,123,20,300,T9,GBP,2722568.1815007813,1749352.8540039018,2000,20,0.875,0.86150000000000004,1723,20,336|456|504|552|576|624|672|696|720|768|792|840|864|912|936|960|1008|1032|1056|1104,456|504|576|624|696|720|768|792|840|864|936|960|1008|1032|1056|1104|1128|1152|1224|1248,0635c2f6bd8196e48e4cfd7f28fbc0f461d6ab00f1e406e7d47430346b092b7c
uk,TLE4,GNN,456,20,300,T9,GBP,3014899.920538127,3687973.7878417922,2000,20,0.875,0.86099999999999999,1722,20,336|456|480|504|552|576|600|624|672|696|720|768|792|840|864|912|936|960|1008|1032,456|504|576|624|696|720|768|792|840|864|936|960|1008|1032|1056|1104|1128|1152|1224|1248,0ee8dfc4a58f72353337ec3bf5eb92b913288289b07be9a18e61734a52274254
uk,TLE4,Ref,,20,500,T9,GBP,1746624.7459431901,1553190.7277831999,2000,20,0.70550000000000002,0.70650000000000002,1413,20,3000|3120|3264|3384|3672|3816|3912|3960|4056|4080|4224|4320|4344|4368|4440|4464|4488|4560|4584|4608,3672|3792|3816|3912|3936|3960|4056|4080|4176|4200|4224|4320|4344|4368|4440|4464|4488|4584|4608|4632,VD-Ref
uk,TLE4,Uni,,20,500,T9,GBP,4530376.9267831724,2598540.3853759714,2000,20,0.70550000000000002,0.72899999999999998,1458,20,3000|3120|3144|3264|3384|3408|3528|3552|3648|3672|3792|3816|3912|3936|3960|4056|4080|4176|4200|4224,3672|3792|3816|3912|3936|3960|4056|4080|4176|4200|4224|4320|4344|4368|4440|4464|4488|4584|4608|4632,619ec399fdc69bab08c64969f8bc87368f8b993e2a6d68b9e366acca37cb2f0b
uk,TLE4,LU,,20,500,T9,GBP,4390223.1881461479,2822071.5864257789,2000,20,0.70550000000000002,0.70899999999999996,1418,20,3000|3120|3144|3264|3384|3408|3528|3552|3648|3672|3696|3792|3816|3912|3936|3960|4056|4080|4176|4200,3672|3792|3816|3912|3936|3960|4056|4080|4176|4200|4224|4320|4344|4368|4440|4464|4488|4584|4608|4632,cbffa6e43ffd0540609863f31436223336a9adce5a099383c69cb2d9c356ba7d
uk,TLE4,GNN,42,20,500,T9,GBP,3879815.6631313581,1936757.1000976446,2000,20,0.70550000000000002,0.71450000000000002,1429,20,3000|3120|3264|3384|3408|3528|3552|3648|3672|3792|3816|3912|3936|4056|4080|4176|4200|4224|4320|4344,3672|3792|3816|3912|3936|3960|4056|4080|4176|4200|4224|4320|4344|4368|4440|4464|4488|4584|4608|4632,421d6c593ec2f24f04385133fa17ae3c162add2951fe7b740c33e85052f9e437
uk,TLE4,GNN,123,20,500,T9,GBP,4951704.868241407,8725250.081909176,2000,20,0.70550000000000002,0.70850000000000002,1417,20,1824|1944|3000|3024|3120|3144|3264|3384|3408|3432|3528|3552|3648|3672|3696|3768|3792|3816|3912|3936,3672|3792|3816|3912|3936|3960|4056|4080|4176|4200|4224|4320|4344|4368|4440|4464|4488|4584|4608|4632,0635c2f6bd8196e48e4cfd7f28fbc0f461d6ab00f1e406e7d47430346b092b7c
uk,TLE4,GNN,456,20,500,T9,GBP,5595618.4028439131,19378092.636962898,2000,20,0.70550000000000002,0.71450000000000002,1429,20,1488|1704|1824|1944|2496|2520|2664|2760|2784|2880|2904|3000|3024|3120|3144|3264|3384|3408|3432|3528,3672|3792|3816|3912|3936|3960|4056|4080|4176|4200|4224|4320|4344|4368|4440|4464|4488|4584|4608|4632,0ee8dfc4a58f72353337ec3bf5eb92b913288289b07be9a18e61734a52274254
uk,TLH1,Ref,,10,100,T9,GBP,3056798.5889749252,591983.36500000209,2000,20,0,0,1,1,25925|45925|25650|45900|46675|45950|25575|45975|46175|45800|25500|25275|25725|46550|46475|24675|26000|46000|45825|24975,46000|46050|25925|46100|46350|46475|46225|46600|45900|45925|45950|45975|46175|26000|26125|46125|46550|46675|46300|46425,VD-Ref
uk,TLH1,Uni,,10,100,T9,GBP,7781884.9275603201,9168255.9916152954,2000,20,0,0.016500000000000001,33,20,900|1975|2200|16525|16700|16875|17175|17875|18100|18425|18750|18850|18950|19050|25500|25575|25650|25725|25925|32500,46000|46050|25925|46100|46350|46475|46225|46600|45900|45925|45950|45975|46175|26000|26125|46125|46550|46675|46300|46425,453a4338291e98b93f553eadd64710ed8e012130d34fdf4e270d6d75166c36b5
uk,TLH1,LU,,10,100,T9,GBP,7866498.033822896,10775874.631615296,2000,20,0,0.014500000000000001,29,20,900|1975|2200|16525|16700|16875|17175|17675|17775|17875|18100|18325|18425|18650|18750|18850|18950|19050|25575|25650,46000|46050|25925|46100|46350|46475|46225|46600|45900|45925|45950|45975|46175|26000|26125|46125|46550|46675|46300|46425,0653956041ec78c7e92d4941573b025f8089ab5b0c10c5bee424da1e397c8504
uk,TLH1,GNN,42,10,100,T9,GBP,4502040.9391030883,5952336.4900000021,2000,20,0,0,1,1,46675|16600|16775|25650|24675|16350|16050|24275|16425|16200|24375|16275|46550|46175|25925|24775|24475|47300|45925|45950,46000|46050|25925|46100|46350|46475|46225|46600|45900|45925|45950|45975|46175|26000|26125|46125|46550|46675|46300|46425,e707de86c688651493044e4e567133dc6ed42eea5a0639bc9199764a34cd369f
uk,TLH1,GNN,123,10,100,T9,GBP,5189086.2694679722,10050019.460807651,2000,20,0,0,1,1,25650|16600|16775|46675|900|1975|16050|1750|1350|1450|16275|2200|1550|16350|1850|31950|3400|25575|16425|24675,46000|46050|25925|46100|46350|46475|46225|46600|45900|45925|45950|45975|46175|26000|26125|46125|46550|46675|46300|46425,bb1653ee98e71bf341efb6f6a982605cd26ef733ed8c98f1318aa6eca63927cc
uk,TLH1,GNN,456,10,100,T9,GBP,5059241.2993080243,10061443.05580765,2000,20,0,0,1,1,16775|25650|16600|46675|16275|16350|17175|16050|33850|1750|17650|1350|25925|1975|1450|16200|25575|1550|17550|16425,46000|46050|25925|46100|46350|46475|46225|46600|45900|45925|45950|45975|46175|26000|26125|46125|46550|46675|46300|46425,d6828a0f3e4f1ac5a6aed12087e2f2b0423ed6cb4122cc603d4c9cbf027bde65
uk,TLH1,Ref,,10,300,T9,GBP,3056798.5889749252,591983.36500000954,2000,20,0,0,1,1,25925|45925|25650|45900|46675|45950|25575|45975|46175|45800|25500|25275|25725|46550|46475|24675|26000|46000|45825|24975,46000|46050|25925|46100|46350|46475|46225|46600|45900|45925|45950|45975|46175|26000|26125|46125|46550|46675|46300|46425,VD-Ref
uk,TLH1,Uni,,10,300,T9,GBP,7839638.7990346728,7613164.9148459136,2000,20,0,0,1,1,18425|18850|47650|18750|18950|19050|18100|25650|900|45900|45925|25575|33850|47600|17875|45950|25925|45800|45975|33250,46000|46050|25925|46100|46350|46475|46225|46600|45900|45925|45950|45975|46175|26000|26125|46125|46550|46675|46300|46425,453a4338291e98b93f553eadd64710ed8e012130d34fdf4e270d6d75166c36b5
uk,TLH1,LU,,10,300,T9,GBP,7917310.4175104359,9148887.769845888,2000,20,0,0,1,1,18425|18850|18750|18950|19050|18100|900|17875|47650|25650|45900|45925|1975|16525|25575|16700|16875|17775|45950|17175,46000|46050|25925|46100|46350|46475|46225|46600|45900|45925|45950|45975|46175|26000|26125|46125|46550|46675|46300|46425,0653956041ec78c7e92d4941573b025f8089ab5b0c10c5bee424da1e397c8504
uk,TLH1,GNN,42,10,300,T9,GBP,4502040.9391030883,5952336.4900000095,2000,20,0,0,1,1,46675|16600|16775|25650|24675|16350|16050|24275|16425|16200|24375|46550|16275|46175|25925|24775|24475|47300|45925|45950,46000|46050|25925|46100|46350|46475|46225|46600|45900|45925|45950|45975|46175|26000|26125|46125|46550|46675|46300|46425,e707de86c688651493044e4e567133dc6ed42eea5a0639bc9199764a34cd369f
uk,TLH1,GNN,123,10,300,T9,GBP,5189086.2694679722,10058986.492422938,2000,20,0,0,1,1,25650|16600|16775|46675|900|1975|16050|1750|1350|1450|16275|2200|1550|16350|1850|31950|3400|25575|16425|24675,46000|46050|25925|46100|46350|46475|46225|46600|45900|45925|45950|45975|46175|26000|26125|46125|46550|46675|46300|46425,bb1653ee98e71bf341efb6f6a982605cd26ef733ed8c98f1318aa6eca63927cc
uk,TLH1,GNN,456,10,300,T9,GBP,5059241.2993080243,10070410.087422967,2000,20,0,0,1,1,16775|25650|16600|46675|16275|16350|17175|16050|33850|1750|17650|1350|25925|1975|1450|16200|25575|1550|17550|16425,46000|46050|25925|46100|46350|46475|46225|46600|45900|45925|45950|45975|46175|26000|26125|46125|46550|46675|46300|46425,d6828a0f3e4f1ac5a6aed12087e2f2b0423ed6cb4122cc603d4c9cbf027bde65
uk,TLH1,Ref,,10,500,T9,GBP,3056798.5889749243,591983.36500000954,2000,20,0,0,1,1,25925|45925|25650|45900|46675|45950|25575|45975|46175|45800|25500|25275|25725|46550|46475|24675|26000|46000|45825|24975,46000|46050|25925|46100|46350|46475|46225|46600|45900|45925|45950|45975|46175|26000|26125|46550|46675|46125|46300|46425,VD-Ref
uk,TLH1,Uni,,10,500,T9,GBP,7839638.7990346719,7631098.9780764878,2000,20,0,0,1,1,18425|18850|47650|18750|18950|19050|18100|25650|900|45900|45925|25575|33850|47600|17875|45950|25925|45800|45975|33250,46000|46050|25925|46100|46350|46475|46225|46600|45900|45925|45950|45975|46175|26000|26125|46550|46675|46125|46300|46425,453a4338291e98b93f553eadd64710ed8e012130d34fdf4e270d6d75166c36b5
uk,TLH1,LU,,10,500,T9,GBP,7917310.4175104359,9166821.8330765069,2000,20,0,0,1,1,18425|18850|18750|18950|19050|18100|900|17875|47650|25650|45900|45925|1975|16525|25575|16700|16875|17775|45950|17175,46000|46050|25925|46100|46350|46475|46225|46600|45900|45925|45950|45975|46175|26000|26125|46550|46675|46125|46300|46425,0653956041ec78c7e92d4941573b025f8089ab5b0c10c5bee424da1e397c8504
uk,TLH1,GNN,42,10,500,T9,GBP,4502040.9391030865,5952336.4900000095,2000,20,0,0,1,1,46675|16600|16775|25650|24675|16350|16050|24275|16425|46550|16200|24375|16275|46175|25925|24775|24475|47300|45925|45950,46000|46050|25925|46100|46350|46475|46225|46600|45900|45925|45950|45975|46175|26000|26125|46550|46675|46125|46300|46425,e707de86c688651493044e4e567133dc6ed42eea5a0639bc9199764a34cd369f
uk,TLH1,GNN,123,10,500,T9,GBP,5189086.2694679704,10067953.524038225,2000,20,0,0,1,1,25650|16600|16775|46675|900|1975|16050|1750|1350|1450|16275|2200|1550|16350|1850|31950|3400|25575|16425|24675,46000|46050|25925|46100|46350|46475|46225|46600|45900|45925|45950|45975|46175|26000|26125|46550|46675|46125|46300|46425,bb1653ee98e71bf341efb6f6a982605cd26ef733ed8c98f1318aa6eca63927cc
uk,TLH1,GNN,456,10,500,T9,GBP,5059241.2993080234,10079377.119038254,2000,20,0,0,1,1,16775|25650|46675|16600|16275|16350|17175|16050|33850|1750|17650|1350|25925|1975|1450|16200|25575|1550|17550|16425,46000|46050|25925|46100|46350|46475|46225|46600|45900|45925|45950|45975|46175|26000|26125|46550|46675|46125|46300|46425,d6828a0f3e4f1ac5a6aed12087e2f2b0423ed6cb4122cc603d4c9cbf027bde65
uk,TLH1,Ref,,20,100,T9,GBP,3990626.3563307016,2371248.7599999979,2000,20,0,0,1,1,24075|22100|25000|24900|24800|18075|46325|20550|46450|23450|46950|22575|20425|23525|22225|20675|46900|26475|23550|46075,24400|24075|23550|26000|24200|24300|23975|23450|24575|24675|24775|24875|24975|25075|25175|25350|25425|47075|22800|23125,VD-Ref
uk,TLH1,Uni,,20,100,T9,GBP,14538796.811202722,9388023.4958076365,2000,20,0,0.033500000000000002,67,20,100|575|800|825|975|1350|1450|15925|17175|17275|17375|17475|17550|17650|17750|17850|17875|17950|18075|18100,24400|24075|23550|26000|24200|24300|23975|23450|24575|24675|24775|24875|24975|25075|25175|25350|25425|47075|22800|23125,453a4338291e98b93f553eadd64710ed8e012130d34fdf4e270d6d75166c36b5
uk,TLH1,LU,,20,100,T9,GBP,14134749.463829059,9708322.1108076423,2000,20,0,0.028000000000000001,56,20,100|175|500|575|800|825|2225|15925|16450|17175|17250|17275|17375|17475|17550|17650|17750|17850|17875|17950,24400|24075|23550|26000|24200|24300|23975|23450|24575|24675|24775|24875|24975|25075|25175|25350|25425|47075|22800|23125,0653956041ec78c7e92d4941573b025f8089ab5b0c10c5bee424da1e397c8504
uk,TLH1,GNN,42,20,100,T9,GBP,7107195.3378914772,12909938.495807637,2000,20,0,0.00050000000000000001,1,1,30875|47450|47275|32400|47375|31850|29425|31150|16175|47825|46075|29575|31425|47350|47700|47300|14975|47525|32125|30450,24400|24075|23550|26000|24200|24300|23975|23450|24575|24675|24775|24875|24975|25075|25175|25350|25425|47075|22800|23125,e707de86c688651493044e4e567133dc6ed42eea5a0639bc9199764a34cd369f
uk,TLH1,GNN,123,20,100,T9,GBP,9635296.1316846646,12491348.545807626,2000,20,0,0.0015,1,1,30875|47275|47450|31150|47375|29425|31425|31850|29575|30450|16175|47525|31700|30600|16250|32400|33150|800|47475|1150,24400|24075|23550|26000|24200|24300|23975|23450|24575|24675|24775|24875|24975|25075|25175|25350|25425|47075|22800|23125,bb1653ee98e71bf341efb6f6a982605cd26ef733ed8c98f1318aa6eca63927cc
uk,TLH1,GNN,456,20,100,T9,GBP,9523318.1423093118,11956677.945807632,2000,20,0,0.00050000000000000001,1,1,30875|47275|47450|16175|47375|31150|20700|29425|16250|31850|16325|31425|16100|47525|29575|20575|18075|30450|20450|1150,24400|24075|23550|26000|24200|24300|23975|23450|24575|24675|24775|24875|24975|25075|25175|25350|25425|47075|22800|23125,d6828a0f3e4f1ac5a6aed12087e2f2b0423ed6cb4122cc603d4c9cbf027bde65
uk,TLH1,Ref,,20,300,T9,GBP,3990626.3563307016,2371248.7600000203,2000,20,0,0,1,1,24075|22100|25000|24900|24800|18075|46325|20550|46450|23450|46950|22575|20425|23525|22225|20675|46900|26475|23550|46075,24400|24075|47075|23550|26000|24200|24300|23975|23450|24575|24675|24775|24875|24975|25075|25175|25350|25425|22800|23125,VD-Ref
uk,TLH1,Uni,,20,300,T9,GBP,14732123.214850772,9012694.7974229604,2000,20,0,0,1,1,18075|30875|47275|31150|31425|31700|17750|18825|18400|17550|17650|20425|20550|19450|47525|18725|47450|18750|47475|19225,24400|24075|47075|23550|26000|24200|24300|23975|23450|24575|24675|24775|24875|24975|25075|25175|25350|25425|22800|23125,453a4338291e98b93f553eadd64710ed8e012130d34fdf4e270d6d75166c36b5
uk,TLH1,LU,,20,300,T9,GBP,14310715.83837275,7855704.762422964,2000,20,0,0,1,1,18075|30875|17750|18825|47275|18400|17650|17550|20425|20550|19450|18725|31150|19225|31425|18750|18850|18950|19050|20675,24400|24075|47075|23550|26000|24200|24300|23975|23450|24575|24675|24775|24875|24975|25075|25175|25350|25425|22800|23125,0653956041ec78c7e92d4941573b025f8089ab5b0c10c5bee424da1e397c8504
uk,TLH1,GNN,42,20,300,T9,GBP,7109015.2864504149,12918905.52742295,2000,20,0,0,1,1,30875|47450|47275|32400|47375|31850|29425|31150|16175|47825|46075|29575|31425|47350|47700|47300|14975|47525|32125|30450,24400|24075|47075|23550|26000|24200|24300|23975|23450|24575|24675|24775|24875|24975|25075|25175|25350|25425|22800|23125,e707de86c688651493044e4e567133dc6ed42eea5a0639bc9199764a34cd369f
uk,TLH1,GNN,123,20,300,T9,GBP,9641370.4753452484,12500315.577422932,2000,20,0,0,1,1,30875|47275|47450|31150|47375|29425|31425|31850|29575|30450|16175|47525|31700|30600|16250|32400|33150|800|47475|1150,24400|24075|47075|23550|26000|24200|24300|23975|23450|24575|24675|24775|24875|24975|25075|25175|25350|25425|22800|23125,bb1653ee98e71bf341efb6f6a982605cd26ef733ed8c98f1318aa6eca63927cc
uk,TLH1,GNN,456,20,300,T9,GBP,9525275.558144059,11965644.977422953,2000,20,0,0,1,1,30875|47275|47450|16175|47375|31150|20700|29425|16250|31850|16325|31425|16100|47525|29575|20575|18075|30450|20450|1150,24400|24075|47075|23550|26000|24200|24300|23975|23450|24575|24675|24775|24875|24975|25075|25175|25350|25425|22800|23125,d6828a0f3e4f1ac5a6aed12087e2f2b0423ed6cb4122cc603d4c9cbf027bde65
uk,TLH1,Ref,,20,500,T9,GBP,3990626.3563307016,2376409.415191263,2000,20,0,0,1,1,24075|22100|25000|24900|24800|18075|46325|20550|46450|23450|46950|22575|20425|23525|22225|20675|46900|26475|23550|46075,47075|24400|24075|23550|26000|24200|24300|23975|23450|46550|46675|46800|46925|47100|24575|24675|24775|24875|24975|25075,VD-Ref
uk,TLH1,Uni,,20,500,T9,GBP,14732123.214850768,9026822.4842295051,2000,20,0,0,1,1,18075|30875|47275|31150|31425|31700|17750|18825|18400|17550|17650|20425|20550|19450|47525|18725|47450|18750|47475|19225,47075|24400|24075|23550|26000|24200|24300|23975|23450|46550|46675|46800|46925|47100|24575|24675|24775|24875|24975|25075,453a4338291e98b93f553eadd64710ed8e012130d34fdf4e270d6d75166c36b5
uk,TLH1,LU,,20,500,T9,GBP,14310715.83837275,7869832.4492294788,2000,20,0,0,1,1,18075|30875|17750|18825|47275|18400|17650|17550|20425|20550|19450|18725|31150|19225|31425|18750|18850|18950|19050|20675,47075|24400|24075|23550|26000|24200|24300|23975|23450|46550|46675|46800|46925|47100|24575|24675|24775|24875|24975|25075,0653956041ec78c7e92d4941573b025f8089ab5b0c10c5bee424da1e397c8504
uk,TLH1,GNN,42,20,500,T9,GBP,7109015.2864504149,12933033.214229524,2000,20,0,0,1,1,30875|47450|47275|32400|47375|31850|29425|31150|16175|47825|46075|29575|31425|47350|47700|47300|14975|47525|32125|30450,47075|24400|24075|23550|26000|24200|24300|23975|23450|46550|46675|46800|46925|47100|24575|24675|24775|24875|24975|25075,e707de86c688651493044e4e567133dc6ed42eea5a0639bc9199764a34cd369f
uk,TLH1,GNN,123,20,500,T9,GBP,9641370.4753452484,12514443.264229506,2000,20,0,0,1,1,30875|47275|47450|31150|47375|29425|31425|31850|29575|30450|16175|47525|31700|30600|16250|32400|33150|800|47475|1150,47075|24400|24075|23550|26000|24200|24300|23975|23450|46550|46675|46800|46925|47100|24575|24675|24775|24875|24975|25075,bb1653ee98e71bf341efb6f6a982605cd26ef733ed8c98f1318aa6eca63927cc
uk,TLH1,GNN,456,20,500,T9,GBP,9525275.558144059,11979772.664229482,2000,20,0,0,1,1,30875|47275|47450|16175|47375|31150|20700|29425|16250|31850|16325|31425|16100|47525|29575|20575|18075|30450|20450|1150,47075|24400|24075|23550|26000|24200|24300|23975|23450|46550|46675|46800|46925|47100|24575|24675|24775|24875|24975|25075,d6828a0f3e4f1ac5a6aed12087e2f2b0423ed6cb4122cc603d4c9cbf027bde65
uk,TLE3,Ref,,10,100,T9,GBP,1575403.3661408138,0,2000,20,0.65349999999999997,0.65649999999999997,1313,20,312|360|648|696|816|888|960|1032|1296|1368|1440|1488|1512|1560|1584|1632|1656|1704|1728|1776,312|360|648|696|768|816|840|888|960|1032|1104|1176|1248|1296|1320|1368|1440|1488|1512|1560,VD-Ref
uk,TLE3,Uni,,10,100,T9,GBP,8573358.7988890372,0,2000,20,0.65349999999999997,0.63649999999999995,1273,20,360|696|816|888|960|1296|1368|1440|1488|1512|1560|1584|1632|1704|1776|1800|1848|1872|1920|1944,312|360|648|696|768|816|840|888|960|1032|1104|1176|1248|1296|1320|1368|1440|1488|1512|1560,e36c12e0cb97ad4cc62cb0b45954109d583ff50e68d8ec0c735f882ef801c0aa
uk,TLE3,LU,,10,100,T9,GBP,5024117.3903367827,0,2000,20,0.65349999999999997,0.64549999999999996,1291,20,696|816|888|1296|1368|1488|1560|1632|1704|1776|1848|1920|1944|2016|2088|2160|2184|2232|2256|2328,312|360|648|696|768|816|840|888|960|1032|1104|1176|1248|1296|1320|1368|1440|1488|1512|1560,2e1f1be81307761f013d203e228fefdf608fed43a23299e40ce346c8d262a2cb
uk,TLE3,GNN,42,10,100,T9,GBP,2537495.5929469424,327834.87646484328,2000,20,0.65349999999999997,0.65700000000000003,1314,20,240|312|360|696|816|888|1296|1368|1488|1512|1560|1584|1632|1656|1704|1728|1776|1800|1848|1872,312|360|648|696|768|816|840|888|960|1032|1104|1176|1248|1296|1320|1368|1440|1488|1512|1560,23ecdf7bb319fb2e10b27980f8633c6b2e8caa081f9716f0b18908f5c13a4d7e
uk,TLE3,GNN,123,10,100,T9,GBP,2707881.6513887243,327834.87646484328,2000,20,0.65349999999999997,0.65549999999999997,1311,20,240|312|360|648|696|816|840|888|1296|1368|1440|1488|1512|1560|1584|1632|1656|1704|1728|1776,312|360|648|696|768|816|840|888|960|1032|1104|1176|1248|1296|1320|1368|1440|1488|1512|1560,c446b2db3784486bf056d5952c3deca561f161ca8020656265059b7d25c64066
uk,TLE3,GNN,456,10,100,T9,GBP,2526017.8294619238,327834.87646484328,2000,20,0.65349999999999997,0.65449999999999997,1309,20,240|312|360|648|696|816|888|1296|1368|1488|1512|1560|1584|1632|1656|1704|1728|1776|1800|1848,312|360|648|696|768|816|840|888|960|1032|1104|1176|1248|1296|1320|1368|1440|1488|1512|1560,c6c1f29d64180a697769335bbde7e8a93dab7a870058395e3906b85a9d0ecbd1
uk,TLE3,Ref,,10,300,T9,GBP,4475367.3114316352,277439.98925780633,2000,20,0.17799999999999999,0.18099999999999999,362,20,1296|1488|1560|1776|1920|2088|2160|2232|2328|2400|2496|2568|2664|2760|2856|2952|3024|3048|3120|3144,1488|1848|1920|2160|2232|2328|2400|2496|2568|2664|2760|2856|2952|3024|3048|3120|3144|3216|3240|3312,VD-Ref
uk,TLE3,Uni,,10,300,T9,GBP,16826347.123250764,838542.71655272599,2000,20,0.17799999999999999,0.20949999999999999,419,20,816|1296|1488|1560|1776|1848|1920|2088|2160|2232|2328|2400|2496|2568|2664|2760|2856|2952|3024|3048,1488|1848|1920|2160|2232|2328|2400|2496|2568|2664|2760|2856|2952|3024|3048|3120|3144|3216|3240|3312,e36c12e0cb97ad4cc62cb0b45954109d583ff50e68d8ec0c735f882ef801c0aa
uk,TLE3,LU,,10,300,T9,GBP,11783843.614508767,277439.98925780633,2000,20,0.17799999999999999,0.19700000000000001,394,20,1296|1488|1560|1776|1848|1920|2088|2160|2232|2328|2400|2496|2568|2664|2760|2856|2952|3024|3048|3120,1488|1848|1920|2160|2232|2328|2400|2496|2568|2664|2760|2856|2952|3024|3048|3120|3144|3216|3240|3312,2e1f1be81307761f013d203e228fefdf608fed43a23299e40ce346c8d262a2cb
uk,TLE3,GNN,42,10,300,T9,GBP,9659844.5174736176,0,2000,20,0.17799999999999999,0.17299999999999999,346,20,1920|2160|2232|2400|2568|2664|2760|2856|2952|3024|3048|3120|3144|3216|3240|3312|3336|3432|3528|3600,1488|1848|1920|2160|2232|2328|2400|2496|2568|2664|2760|2856|2952|3024|3048|3120|3144|3216|3240|3312,23ecdf7bb319fb2e10b27980f8633c6b2e8caa081f9716f0b18908f5c13a4d7e
uk,TLE3,GNN,123,10,300,T9,GBP,9938586.2265397795,0,2000,20,0.17799999999999999,0.16900000000000001,338,20,1920|2160|2232|2400|2568|2664|2760|2856|2952|3024|3048|3120|3144|3216|3240|3312|3336|3432|3528|3600,1488|1848|1920|2160|2232|2328|2400|2496|2568|2664|2760|2856|2952|3024|3048|3120|3144|3216|3240|3312,c446b2db3784486bf056d5952c3deca561f161ca8020656265059b7d25c64066
uk,TLE3,GNN,456,10,300,T9,GBP,9357246.5453600232,0,2000,20,0.17799999999999999,0.17150000000000001,343,20,1920|2160|2232|2400|2568|2664|2760|2856|2952|3024|3048|3120|3144|3216|3240|3312|3336|3432|3528|3600,1488|1848|1920|2160|2232|2328|2400|2496|2568|2664|2760|2856|2952|3024|3048|3120|3144|3216|3240|3312,c6c1f29d64180a697769335bbde7e8a93dab7a870058395e3906b85a9d0ecbd1
uk,TLE3,Ref,,10,500,T9,GBP,5333878.1908156164,1925996.8959960963,2000,20,0.048500000000000001,0.063,126,20,3024|3120|3216|3312|3600|3792|3888|3984|4080|4176|4896|5112|5328|5544|5664|5784|5904|6048|6192|6336,3024|3120|3216|3312|3600|4896|5112|5328|5544|5904|6192|6336|39744|39840|39936|40032|40128|40152|40248|40344,VD-Ref
uk,TLE3,Uni,,10,500,T9,GBP,20591857.126809761,16085161.791259769,2000,20,0.048500000000000001,0.11849999999999999,237,20,1920|2160|2232|2400|2568|2664|2760|2856|3024|3120|3216|3312|3336|3432|3600|3696|3792|3888|3984|4080,3024|3120|3216|3312|3600|4896|5112|5328|5544|5904|6192|6336|39744|39840|39936|40032|40128|40152|40248|40344,e36c12e0cb97ad4cc62cb0b45954109d583ff50e68d8ec0c735f882ef801c0aa
uk,TLE3,LU,,10,500,T9,GBP,14488958.180983366,8518186.3061523475,2000,20,0.048500000000000001,0.10150000000000001,203,20,1920|2232|2400|2568|2664|2760|3024|3120|3216|3312|3600|3696|3792|3888|3984|4080|4176|4272|4584|4680,3024|3120|3216|3312|3600|4896|5112|5328|5544|5904|6192|6336|39744|39840|39936|40032|40128|40152|40248|40344,2e1f1be81307761f013d203e228fefdf608fed43a23299e40ce346c8d262a2cb
uk,TLE3,GNN,42,10,500,T9,GBP,11818468.171150384,2589547.4119873075,2000,20,0.048500000000000001,0.044999999999999998,90,20,3024|3120|3216|3312|3600|4896|5112|5664|39528|39624|39720|39744|39840|39936|39960|40032|40128|40152|40248|40344,3024|3120|3216|3312|3600|4896|5112|5328|5544|5904|6192|6336|39744|39840|39936|40032|40128|40152|40248|40344,23ecdf7bb319fb2e10b27980f8633c6b2e8caa081f9716f0b18908f5c13a4d7e
uk,TLE3,GNN,123,10,500,T9,GBP,12260834.296965418,4296632.3840332041,2000,20,0.048500000000000001,0.048500000000000001,97,20,3024|3120|3216|3312|3600|4896|5112|5664|39432|39528|39624|39720|39744|39816|39840|39936|39960|40032|40128|40152,3024|3120|3216|3312|3600|4896|5112|5328|5544|5904|6192|6336|39744|39840|39936|40032|40128|40152|40248|40344,c446b2db3784486bf056d5952c3deca561f161ca8020656265059b7d25c64066
uk,TLE3,GNN,456,10,500,T9,GBP,11455205.023971561,3050767.9105224609,2000,20,0.048500000000000001,0.048500000000000001,97,20,3024|3120|3216|3312|3600|4080|4176|4896|5112|5328|5664|7152|39528|39624|39720|39744|39840|39936|39960|40032,3024|3120|3216|3312|3600|4896|5112|5328|5544|5904|6192|6336|39744|39840|39936|40032|40128|40152|40248|40344,c6c1f29d64180a697769335bbde7e8a93dab7a870058395e3906b85a9d0ecbd1
uk,TLE3,Ref,,20,100,T9,GBP,177305.7360974231,0,2000,20,0.98499999999999999,0.97950000000000004,1959,20,0|24|48|72|96|120|144|168|192|216|240|264|288|312|336|360|384|408|432|456,0|24|48|72|96|120|144|168|192|216|240|264|288|312|336|360|384|408|432|456,VD-Ref
uk,TLE3,Uni,,20,100,T9,GBP,2029556.9083528335,0,2000,20,0.98499999999999999,0.95999999999999996,1920,20,0|24|48|72|96|120|144|168|192|216|240|264|288|312|336|360|384|408|432|456,0|24|48|72|96|120|144|168|192|216|240|264|288|312|336|360|384|408|432|456,e36c12e0cb97ad4cc62cb0b45954109d583ff50e68d8ec0c735f882ef801c0aa
uk,TLE3,LU,,20,100,T9,GBP,683938.02975727222,0,2000,20,0.98499999999999999,0.97099999999999997,1942,20,0|24|48|72|96|120|144|168|192|216|240|264|288|312|336|360|384|408|432|456,0|24|48|72|96|120|144|168|192|216|240|264|288|312|336|360|384|408|432|456,2e1f1be81307761f013d203e228fefdf608fed43a23299e40ce346c8d262a2cb
uk,TLE3,GNN,42,20,100,T9,GBP,284624.67981431616,0,2000,20,0.98499999999999999,0.97699999999999998,1954,20,0|24|48|72|96|120|144|168|192|216|240|264|288|312|336|360|384|408|432|456,0|24|48|72|96|120|144|168|192|216|240|264|288|312|336|360|384|408|432|456,23ecdf7bb319fb2e10b27980f8633c6b2e8caa081f9716f0b18908f5c13a4d7e
uk,TLE3,GNN,123,20,100,T9,GBP,355811.61997470784,0,2000,20,0.98499999999999999,0.97550000000000003,1951,20,0|24|48|72|96|120|144|168|192|216|240|264|288|312|336|360|384|408|432|456,0|24|48|72|96|120|144|168|192|216|240|264|288|312|336|360|384|408|432|456,c446b2db3784486bf056d5952c3deca561f161ca8020656265059b7d25c64066
uk,TLE3,GNN,456,20,100,T9,GBP,308135.25138003897,0,2000,20,0.98499999999999999,0.97650000000000003,1953,20,0|24|48|72|96|120|144|168|192|216|240|264|288|312|336|360|384|408|432|456,0|24|48|72|96|120|144|168|192|216|240|264|288|312|336|360|384|408|432|456,c6c1f29d64180a697769335bbde7e8a93dab7a870058395e3906b85a9d0ecbd1
uk,TLE3,Ref,,20,300,T9,GBP,1146842.7754071481,0,2000,20,0.76500000000000001,0.751,1502,20,0|24|48|72|96|120|144|168|192|216|240|264|288|312|336|360|384|408|432|456,0|24|48|72|96|120|144|168|192|216|240|264|288|312|336|360|384|408|432|456,VD-Ref
uk,TLE3,Uni,,20,300,T9,GBP,5768649.651915323,0,2000,20,0.76500000000000001,0.70499999999999996,1410,20,0|24|48|72|96|120|144|168|192|216|240|264|288|312|336|360|384|408|432|456,0|24|48|72|96|120|144|168|192|216|240|264|288|312|336|360|384|408|432|456,e36c12e0cb97ad4cc62cb0b45954109d583ff50e68d8ec0c735f882ef801c0aa
uk,TLE3,LU,,20,300,T9,GBP,2905746.4182546632,0,2000,20,0.76500000000000001,0.71599999999999997,1432,20,0|24|48|72|96|120|144|168|192|216|240|264|288|312|336|360|384|408|432|456,0|24|48|72|96|120|144|168|192|216|240|264|288|312|336|360|384|408|432|456,2e1f1be81307761f013d203e228fefdf608fed43a23299e40ce346c8d262a2cb
uk,TLE3,GNN,42,20,300,T9,GBP,1830815.55397216,0,2000,20,0.76500000000000001,0.752,1504,20,0|24|48|72|96|120|144|168|192|216|240|264|288|312|336|360|384|408|432|456,0|24|48|72|96|120|144|168|192|216|240|264|288|312|336|360|384|408|432|456,23ecdf7bb319fb2e10b27980f8633c6b2e8caa081f9716f0b18908f5c13a4d7e
uk,TLE3,GNN,123,20,300,T9,GBP,2101590.9378122613,0,2000,20,0.76500000000000001,0.74550000000000005,1491,20,0|24|48|72|96|120|144|168|192|216|240|264|288|312|336|360|384|408|432|456,0|24|48|72|96|120|144|168|192|216|240|264|288|312|336|360|384|408|432|456,c446b2db3784486bf056d5952c3deca561f161ca8020656265059b7d25c64066
uk,TLE3,GNN,456,20,300,T9,GBP,1802146.6811820453,0,2000,20,0.76500000000000001,0.748,1496,20,0|24|48|72|96|120|144|168|192|216|240|264|288|312|336|360|384|408|432|456,0|24|48|72|96|120|144|168|192|216|240|264|288|312|336|360|384|408|432|456,c6c1f29d64180a697769335bbde7e8a93dab7a870058395e3906b85a9d0ecbd1
uk,TLE3,Ref,,20,500,T9,GBP,2180166.4995418857,374527.91088867077,2000,20,0.57499999999999996,0.57950000000000002,1159,20,0|24|48|72|96|120|144|168|192|216|240|264|288|312|336|360|384|408|432|456,0|24|48|72|96|144|168|192|216|240|264|288|312|336|360|384|408|456|504|552,VD-Ref
uk,TLE3,Uni,,20,500,T9,GBP,7835250.5639544912,374527.91088867077,2000,20,0.57499999999999996,0.59450000000000003,1189,20,0|24|48|72|96|120|144|168|192|216|240|264|288|312|336|360|384|408|432|456,0|24|48|72|96|144|168|192|216|240|264|288|312|336|360|384|408|456|504|552,e36c12e0cb97ad4cc62cb0b45954109d583ff50e68d8ec0c735f882ef801c0aa
uk,TLE3,LU,,20,500,T9,GBP,4690698.3421975402,374527.91088867077,2000,20,0.57499999999999996,0.59150000000000003,1183,20,0|24|48|72|96|120|144|168|192|216|240|264|288|312|336|360|384|408|432|456,0|24|48|72|96|144|168|192|216|240|264|288|312|336|360|384|408|456|504|552,2e1f1be81307761f013d203e228fefdf608fed43a23299e40ce346c8d262a2cb
uk,TLE3,GNN,42,20,500,T9,GBP,4883038.1950261425,0,2000,20,0.57499999999999996,0.53800000000000003,1076,20,0|24|72|96|144|168|216|240|288|312|336|360|408|456|504|552|600|648|672|696,0|24|48|72|96|144|168|192|216|240|264|288|312|336|360|384|408|456|504|552,23ecdf7bb319fb2e10b27980f8633c6b2e8caa081f9716f0b18908f5c13a4d7e
uk,TLE3,GNN,123,20,500,T9,GBP,5194937.5263238205,0,2000,20,0.57499999999999996,0.53200000000000003,1064,20,0|24|48|72|96|144|168|216|240|288|312|336|360|408|456|504|552|600|648|672,0|24|48|72|96|144|168|192|216|240|264|288|312|336|360|384|408|456|504|552,c446b2db3784486bf056d5952c3deca561f161ca8020656265059b7d25c64066
uk,TLE3,GNN,456,20,500,T9,GBP,4721108.0408959258,0,2000,20,0.57499999999999996,0.54000000000000004,1080,20,0|24|48|72|96|144|168|216|240|264|288|312|336|360|408|456|504|552|600|648,0|24|48|72|96|144|168|192|216|240|264|288|312|336|360|384|408|456|504|552,c6c1f29d64180a697769335bbde7e8a93dab7a870058395e3906b85a9d0ecbd1
uk,TLD3,Ref,,10,100,T9,GBP,333170.37874192826,0,2000,20,0.94399999999999995,0.93000000000000005,1860,20,0|24|48|72|96|120|144|168|192|216|240|264|288|312|336|360|384|408|432|456,0|24|48|72|96|120|144|168|192|216|240|264|288|312|336|360|384|408|432|456,VD-Ref
uk,TLD3,Uni,,10,100,T9,GBP,1875896.6129495264,0,2000,20,0.94399999999999995,0.87350000000000005,1747,20,24|48|72|96|120|144|168|192|216|240|264|288|312|336|360|384|408|432|456|480,0|24|48|72|96|120|144|168|192|216|240|264|288|312|336|360|384|408|432|456,63ac25a8ecc5a58f9a42e0e218c6691e51e2fb1e7e6a1d12d97649987dbbd7b0
uk,TLD3,LU,,10,100,T9,GBP,899221.01217855117,0,2000,20,0.94399999999999995,0.89849999999999997,1797,20,24|72|120|144|192|216|240|312|336|360|384|408|432|456|480|504|528|552|576|624,0|24|48|72|96|120|144|168|192|216|240|264|288|312|336|360|384|408|432|456,bb374450926b388cd28254a2930264a006666d1d7b1966a9e1c7891182e5f2f7
uk,TLD3,GNN,42,10,100,T9,GBP,450750.58288886613,0,2000,20,0.94399999999999995,0.92600000000000005,1852,20,72|96|120|144|168|192|216|240|264|288|312|336|360|384|408|432|456|480|504|528,0|24|48|72|96|120|144|168|192|216|240|264|288|312|336|360|384|408|432|456,e5ce5a0dd3f47c9be77758d3ff9f3b820e592b54be71340c62b62174884411b6
uk,TLD3,GNN,123,10,100,T9,GBP,656662.29498709657,0,2000,20,0.94399999999999995,0.91949999999999998,1839,20,24|72|120|144|168|192|216|240|264|288|312|336|360|384|408|432|456|480|504|528,0|24|48|72|96|120|144|168|192|216|240|264|288|312|336|360|384|408|432|456,91e31cd573b744d4fa9fa83fac9990b52e5e57eef858aaba08be001efec4ab16
uk,TLD3,GNN,456,10,100,T9,GBP,519545.54806633748,0,2000,20,0.94399999999999995,0.92400000000000004,1848,20,72|120|144|192|216|240|264|288|312|336|360|384|408|432|456|480|504|528|552|576,0|24|48|72|96|120|144|168|192|216|240|264|288|312|336|360|384|408|432|456,194daaf252ea25e26035fbb916dedc4511cb22d1e755f6b804042fb606187f5b
uk,TLD3,Ref,,10,300,T9,GBP,3066272.967421595,1733.455325238765,2000,20,0.47449999999999998,0.46600000000000003,932,20,936|1104|1200|1296|1560|1656|1680|1752|1776|1848|1944|2064|2160|2256|2280|2352|2376|2448|2472|2544,1104|1200|1296|1392|1560|1656|1680|1752|1776|1848|1872|1944|1968|2064|2160|2256|2280|2352|2376|2448,VD-Ref
uk,TLD3,Uni,,10,300,T9,GBP,9083390.1626631245,0,2000,20,0.47449999999999998,0.44700000000000001,894,20,1656|1752|1848|1944|2160|2256|2352|2448|2544|2568|2664|2760|2856|2952|3048|3072|3144|3240|3312|3336,1104|1200|1296|1392|1560|1656|1680|1752|1776|1848|1872|1944|1968|2064|2160|2256|2280|2352|2376|2448,63ac25a8ecc5a58f9a42e0e218c6691e51e2fb1e7e6a1d12d97649987dbbd7b0
uk,TLD3,LU,,10,300,T9,GBP,7467636.7368687885,0,2000,20,0.47449999999999998,0.435,870,20,1848|1944|2160|2256|2352|2448|2544|2568|2664|2760|2856|2952|3048|3144|3240|3312|3336|3408|3432|3504,1104|1200|1296|1392|1560|1656|1680|1752|1776|1848|1872|1944|1968|2064|2160|2256|2280|2352|2376|2448,bb374450926b388cd28254a2930264a006666d1d7b1966a9e1c7891182e5f2f7
uk,TLD3,GNN,42,10,300,T9,GBP,5069079.3287621401,1733.455325238765,2000,20,0.47449999999999998,0.4395,879,20,936|1104|1200|1560|1656|1752|1848|1944|2160|2256|2352|2448|2472|2544|2568|2592|2664|2688|2760|2784,1104|1200|1296|1392|1560|1656|1680|1752|1776|1848|1872|1944|1968|2064|2160|2256|2280|2352|2376|2448,e5ce5a0dd3f47c9be77758d3ff9f3b820e592b54be71340c62b62174884411b6
uk,TLD3,GNN,123,10,300,T9,GBP,5742461.1880545272,1733.455325238765,2000,20,0.47449999999999998,0.44450000000000001,889,20,936|1104|1200|1560|1656|1752|1848|1944|2160|2256|2352|2448|2472|2544|2568|2592|2664|2760|2856|2880,1104|1200|1296|1392|1560|1656|1680|1752|1776|1848|1872|1944|1968|2064|2160|2256|2280|2352|2376|2448,91e31cd573b744d4fa9fa83fac9990b52e5e57eef858aaba08be001efec4ab16
uk,TLD3,GNN,456,10,300,T9,GBP,5920762.2801892599,0,2000,20,0.47449999999999998,0.4415,883,20,1104|1200|1560|1656|1752|1848|1944|2160|2256|2352|2448|2472|2544|2568|2592|2664|2760|2856|2952|3048,1104|1200|1296|1392|1560|1656|1680|1752|1776|1848|1872|1944|1968|2064|2160|2256|2280|2352|2376|2448,194daaf252ea25e26035fbb916dedc4511cb22d1e755f6b804042fb606187f5b
uk,TLD3,Ref,,10,500,T9,GBP,4501666.6802206403,208627.01935672908,2000,20,0.25700000000000001,0.26250000000000001,525,20,2448|2544|2856|2952|3048|3144|3312|3408|3504|3600|3696|3768|3864|3960|4032|4104|4176|4248|4272|4344,2448|2544|2856|2952|3048|3312|3408|3504|3600|3696|3768|3864|3960|4032|4104|4176|4248|4272|4344|4416,VD-Ref
uk,TLD3,Uni,,10,500,T9,GBP,11319460.11661843,1882756.4209687107,2000,20,0.25700000000000001,0.28050000000000003,561,20,2352|2448|2544|2760|2856|2952|3048|3144|3312|3408|3504|3600|3696|3768|3792|3864|3960|4032|4104|4176,2448|2544|2856|2952|3048|3312|3408|3504|3600|3696|3768|3864|3960|4032|4104|4176|4248|4272|4344|4416,63ac25a8ecc5a58f9a42e0e218c6691e51e2fb1e7e6a1d12d97649987dbbd7b0
uk,TLD3,LU,,10,500,T9,GBP,9378153.9684342165,1084792.9147544471,2000,20,0.25700000000000001,0.27150000000000002,543,20,2448|2544|2856|2952|3048|3144|3312|3408|3504|3600|3696|3768|3792|3864|3960|4032|4104|4176|4200|4248,2448|2544|2856|2952|3048|3312|3408|3504|3600|3696|3768|3864|3960|4032|4104|4176|4248|4272|4344|4416,bb374450926b388cd28254a2930264a006666d1d7b1966a9e1c7891182e5f2f7
uk,TLD3,GNN,42,10,500,T9,GBP,7376279.0968872625,2298218.2578484183,2000,20,0.25700000000000001,0.26200000000000001,524,20,2448|2544|2760|2856|2952|3048|3144|3312|3408|3504|3600|3696|3768|3792|3864|3888|3960|4032|4104|4176,2448|2544|2856|2952|3048|3312|3408|3504|3600|3696|3768|3864|3960|4032|4104|4176|4248|4272|4344|4416,e5ce5a0dd3f47c9be77758d3ff9f3b820e592b54be71340c62b62174884411b6
uk,TLD3,GNN,123,10,500,T9,GBP,8007206.298084694,1405003.4929901636,2000,20,0.25700000000000001,0.26350000000000001,527,20,2448|2544|2760|2856|2952|3048|3144|3312|3408|3504|3600|3696|3768|3792|3864|3960|4032|4104|4176|4200,2448|2544|2856|2952|3048|3312|3408|3504|3600|3696|3768|3864|3960|4032|4104|4176|4248|4272|4344|4416,91e31cd573b744d4fa9fa83fac9990b52e5e57eef858aaba08be001efec4ab16
uk,TLD3,GNN,456,10,500,T9,GBP,8084909.9352067569,1405003.4929901636,2000,20,0.25700000000000001,0.26200000000000001,524,20,2448|2544|2760|2856|2952|3048|3144|3312|3408|3504|3600|3696|3768|3792|3864|3960|4032|4104|4176|4200,2448|2544|2856|2952|3048|3312|3408|3504|3600|3696|3768|3864|3960|4032|4104|4176|4248|4272|4344|4416,194daaf252ea25e26035fbb916dedc4511cb22d1e755f6b804042fb606187f5b
uk,TLD3,Ref,,20,100,T9,GBP,0,0,2000,20,1,1,2000,20,0|24|48|72|96|120|144|168|192|216|240|264|288|312|336|360|384|408|432|456,0|24|48|72|96|120|144|168|192|216|240|264|288|312|336|360|384|408|432|456,VD-Ref
uk,TLD3,Uni,,20,100,T9,GBP,0,0,2000,20,1,1,2000,20,0|24|48|72|96|120|144|168|192|216|240|264|288|312|336|360|384|408|432|456,0|24|48|72|96|120|144|168|192|216|240|264|288|312|336|360|384|408|432|456,63ac25a8ecc5a58f9a42e0e218c6691e51e2fb1e7e6a1d12d97649987dbbd7b0
uk,TLD3,LU,,20,100,T9,GBP,0,0,2000,20,1,1,2000,20,0|24|48|72|96|120|144|168|192|216|240|264|288|312|336|360|384|408|432|456,0|24|48|72|96|120|144|168|192|216|240|264|288|312|336|360|384|408|432|456,bb374450926b388cd28254a2930264a006666d1d7b1966a9e1c7891182e5f2f7
uk,TLD3,GNN,42,20,100,T9,GBP,0,0,2000,20,1,1,2000,20,0|24|48|72|96|120|144|168|192|216|240|264|288|312|336|360|384|408|432|456,0|24|48|72|96|120|144|168|192|216|240|264|288|312|336|360|384|408|432|456,e5ce5a0dd3f47c9be77758d3ff9f3b820e592b54be71340c62b62174884411b6
uk,TLD3,GNN,123,20,100,T9,GBP,0,0,2000,20,1,1,2000,20,0|24|48|72|96|120|144|168|192|216|240|264|288|312|336|360|384|408|432|456,0|24|48|72|96|120|144|168|192|216|240|264|288|312|336|360|384|408|432|456,91e31cd573b744d4fa9fa83fac9990b52e5e57eef858aaba08be001efec4ab16
uk,TLD3,GNN,456,20,100,T9,GBP,0,0,2000,20,1,1,2000,20,0|24|48|72|96|120|144|168|192|216|240|264|288|312|336|360|384|408|432|456,0|24|48|72|96|120|144|168|192|216|240|264|288|312|336|360|384|408|432|456,194daaf252ea25e26035fbb916dedc4511cb22d1e755f6b804042fb606187f5b
uk,TLD3,Ref,,20,300,T9,GBP,379198.22412755835,0,2000,20,0.94899999999999995,0.94399999999999995,1888,20,0|24|48|72|96|120|144|168|192|216|240|264|288|312|336|360|384|408|432|456,0|24|48|72|96|120|144|168|192|216|240|264|288|312|336|360|384|408|432|456,VD-Ref
uk,TLD3,Uni,,20,300,T9,GBP,1224132.9768836205,0,2000,20,0.94899999999999995,0.92949999999999999,1859,20,0|24|48|72|96|120|144|168|192|216|240|264|288|312|336|360|384|408|432|456,0|24|48|72|96|120|144|168|192|216|240|264|288|312|336|360|384|408|432|456,63ac25a8ecc5a58f9a42e0e218c6691e51e2fb1e7e6a1d12d97649987dbbd7b0
uk,TLD3,LU,,20,300,T9,GBP,612441.27206183318,0,2000,20,0.94899999999999995,0.9355,1871,20,0|24|48|72|96|120|144|168|192|216|240|264|288|312|336|360|384|408|432|456,0|24|48|72|96|120|144|168|192|216|240|264|288|312|336|360|384|408|432|456,bb374450926b388cd28254a2930264a006666d1d7b1966a9e1c7891182e5f2f7
uk,TLD3,GNN,42,20,300,T9,GBP,434804.93085078947,0,2000,20,0.94899999999999995,0.94099999999999995,1882,20,0|24|48|72|96|120|144|168|192|216|240|264|288|312|336|360|384|408|432|456,0|24|48|72|96|120|144|168|192|216|240|264|288|312|336|360|384|408|432|456,e5ce5a0dd3f47c9be77758d3ff9f3b820e592b54be71340c62b62174884411b6
uk,TLD3,GNN,123,20,300,T9,GBP,430394.17304880085,0,2000,20,0.94899999999999995,0.9415,1883,20,0|24|48|72|96|120|144|168|192|216|240|264|288|312|336|360|384|408|432|456,0|24|48|72|96|120|144|168|192|216|240|264|288|312|336|360|384|408|432|456,91e31cd573b744d4fa9fa83fac9990b52e5e57eef858aaba08be001efec4ab16
uk,TLD3,GNN,456,20,300,T9,GBP,423856.97203457798,0,2000,20,0.94899999999999995,0.9415,1883,20,0|24|48|72|96|120|144|168|192|216|240|264|288|312|336|360|384|408|432|456,0|24|48|72|96|120|144|168|192|216|240|264|288|312|336|360|384|408|432|456,194daaf252ea25e26035fbb916dedc4511cb22d1e755f6b804042fb606187f5b
uk,TLD3,Ref,,20,500,T9,GBP,728351.01012968307,0,2000,20,0.88800000000000001,0.88800000000000001,1776,20,0|24|48|72|96|120|144|168|192|216|240|264|288|312|336|360|384|408|432|456,0|24|48|72|96|120|144|168|192|216|240|264|288|312|336|360|384|408|432|456,VD-Ref
uk,TLD3,Uni,,20,500,T9,GBP,2481758.4867346594,0,2000,20,0.88800000000000001,0.88,1760,20,0|24|48|72|96|120|144|168|192|216|240|264|288|312|336|360|384|408|432|456,0|24|48|72|96|120|144|168|192|216|240|264|288|312|336|360|384|408|432|456,63ac25a8ecc5a58f9a42e0e218c6691e51e2fb1e7e6a1d12d97649987dbbd7b0
uk,TLD3,LU,,20,500,T9,GBP,1422455.0799014994,0,2000,20,0.88800000000000001,0.88149999999999995,1763,20,0|24|48|72|96|120|144|168|192|216|240|264|288|312|336|360|384|408|432|456,0|24|48|72|96|120|144|168|192|216|240|264|288|312|336|360|384|408|432|456,bb374450926b388cd28254a2930264a006666d1d7b1966a9e1c7891182e5f2f7
uk,TLD3,GNN,42,20,500,T9,GBP,977387.05755688855,0,2000,20,0.88800000000000001,0.87949999999999995,1759,20,0|24|48|72|96|120|144|168|192|216|240|264|288|312|336|360|384|408|432|456,0|24|48|72|96|120|144|168|192|216|240|264|288|312|336|360|384|408|432|456,e5ce5a0dd3f47c9be77758d3ff9f3b820e592b54be71340c62b62174884411b6
uk,TLD3,GNN,123,20,500,T9,GBP,1108350.2692344908,0,2000,20,0.88800000000000001,0.87749999999999995,1755,20,0|24|48|72|96|120|144|168|192|216|240|264|288|312|336|360|384|408|432|456,0|24|48|72|96|120|144|168|192|216|240|264|288|312|336|360|384|408|432|456,91e31cd573b744d4fa9fa83fac9990b52e5e57eef858aaba08be001efec4ab16
uk,TLD3,GNN,456,20,500,T9,GBP,983706.11465757468,0,2000,20,0.88800000000000001,0.88,1760,20,0|24|48|72|96|120|144|168|192|216|240|264|288|312|336|360|384|408|432|456,0|24|48|72|96|120|144|168|192|216|240|264|288|312|336|360|384|408|432|456,194daaf252ea25e26035fbb916dedc4511cb22d1e755f6b804042fb606187f5b
uk,TLD4,Ref,,10,100,T9,GBP,3029755.8027156228,2028347.4378768504,2000,20,0.33750000000000002,0.37,740,20,3648|3768|3888|4032|4152|4272|4392|4992|5112|5832|6168|6192|6288|6408|6504|6624|6696|6720|6792|6840,4152|6288|6408|6504|6624|6696|6720|6792|6840|6912|7008|7032|7056|7128|7152|7224|7248|7272|7320|7344,VD-Ref
uk,TLD4,Uni,,10,100,T9,GBP,7952050.1790907094,7659328.5200668247,2000,20,0.33750000000000002,0.39800000000000002,796,20,2664|2928|3024|3120|3216|3312|3408|3528|3648|3768|3888|4032|4152|4272|4392|4656|4872|4992|5112|5232,4152|6288|6408|6504|6624|6696|6720|6792|6840|6912|7008|7032|7056|7128|7152|7224|7248|7272|7320|7344,61ea415b5944c7ac91d4bcb6ac1dcc9734f5b637b1e746d8e9d76dfb475f7e74
uk,TLD4,LU,,10,100,T9,GBP,7187592.4009530758,7413915.0062582698,2000,20,0.33750000000000002,0.38800000000000001,776,20,2664|2928|3024|3120|3216|3312|3408|3528|3648|3768|3888|4032|4152|4272|4392|4872|4992|5112|5232|5352,4152|6288|6408|6504|6624|6696|6720|6792|6840|6912|7008|7032|7056|7128|7152|7224|7248|7272|7320|7344,db28d6ce70f49fa1d6ebf6e121b683627b06130b40e5797b2bded5cae112e090
uk,TLD4,GNN,42,10,100,T9,GBP,4469210.3164269468,1561309.4356631758,2000,20,0.33750000000000002,0.374,748,20,1896|3648|4032|4152|4272|4392|4992|5832|6168|6288|6504|6624|6696|6720|6792|6840|6912|7008|7032|7056,4152|6288|6408|6504|6624|6696|6720|6792|6840|6912|7008|7032|7056|7128|7152|7224|7248|7272|7320|7344,43294c730f20b3b08f8742940681a0c2d86699a1205e7a62debc1e0d9f745f1a
uk,TLD4,GNN,123,10,100,T9,GBP,4314792.7733073803,838132.04283673258,2000,20,0.33750000000000002,0.377,754,20,1896|4032|4152|4272|4392|6504|6624|6696|6720|6792|6840|6912|7008|7032|7056|7128|7152|7224|7248|7272,4152|6288|6408|6504|6624|6696|6720|6792|6840|6912|7008|7032|7056|7128|7152|7224|7248|7272|7320|7344,a004d0b23fc4a255bf90f83808321305c7de9968054251d102a6cee45796e45d
uk,TLD4,GNN,456,10,100,T9,GBP,5306558.6131390454,1876973.0262283632,2000,20,0.33750000000000002,0.39150000000000001,783,20,1896|3648|4032|4152|4272|4392|4992|5832|6168|6384|6504|6576|6624|6696|6720|6792|6840|6912|7008|7032,4152|6288|6408|6504|6624|6696|6720|6792|6840|6912|7008|7032|7056|7128|7152|7224|7248|7272|7320|7344,4ef0fd1f1daeecf394a8184d7c1d8699b5fee0b8711b975b34fea4b66e194a1a
uk,TLD4,Ref,,10,300,T9,GBP,5431386.8459256273,342460.53347399086,2000,20,0,0.0025000000000000001,1,1,8688|8808|20400|20856|20976|21096|8664|8328|10920|11448|21912|22200|8784|8616|21768|11064|20736|11208|21624|11280,8808|20400|20856|20976|8688|8784|21096|21768|21912|8832|20736|21624|22200|20616|10920|11448|8616|8664|8328|22056,VD-Ref
uk,TLD4,Uni,,10,300,T9,GBP,14468516.8074506,12407314.498394683,2000,20,0,0.029999999999999999,60,20,7848|7920|8256|8328|8376|8400|8448|8496|8568|8616|8664|8688|8760|8784|8808|8832|19176|19344|19416|19464,8808|20400|20856|20976|8688|8784|21096|21768|21912|8832|20736|21624|22200|20616|10920|11448|8616|8664|8328|22056,61ea415b5944c7ac91d4bcb6ac1dcc9734f5b637b1e746d8e9d76dfb475f7e74
uk,TLD4,LU,,10,300,T9,GBP,12690174.842518603,13093760.409846939,2000,20,0,0.0235,47,20,8256|8328|8376|8448|8496|8616|8664|8688|8760|8784|8808|8832|19176|19344|19416|19464|19536|19584|19632|19680,8808|20400|20856|20976|8688|8784|21096|21768|21912|8832|20736|21624|22200|20616|10920|11448|8616|8664|8328|22056,db28d6ce70f49fa1d6ebf6e121b683627b06130b40e5797b2bded5cae112e090
uk,TLD4,GNN,42,10,300,T9,GBP,7918387.6812333278,1557776.3850642778,2000,20,0,0.0089999999999999993,1,1,8328|8448|8688|8760|8808|19872|20400|20616|20736|20856|20976|21096|21480|21624|21768|21912|22056|22200|8784|23064,8808|20400|20856|20976|8688|8784|21096|21768|21912|8832|20736|21624|22200|20616|10920|11448|8616|8664|8328|22056,43294c730f20b3b08f8742940681a0c2d86699a1205e7a62debc1e0d9f745f1a
uk,TLD4,GNN,123,10,300,T9,GBP,7279568.7300404413,1557776.3850642778,2000,20,0,0.0044999999999999997,1,1,8688|8808|20400|20856|20976|21096|21768|21912|22200|21624|22056|20616|20736|8448|19872|8328|8760|21480|8784|23064,8808|20400|20856|20976|8688|8784|21096|21768|21912|8832|20736|21624|22200|20616|10920|11448|8616|8664|8328|22056,a004d0b23fc4a255bf90f83808321305c7de9968054251d102a6cee45796e45d
uk,TLD4,GNN,456,10,300,T9,GBP,9002805.9514070172,2278972.5511553958,2000,20,0,0.0035000000000000001,1,1,8688|8808|20400|20856|20976|21096|21912|19872|22200|21768|8448|20616|20736|8328|21624|11280|22056|10920|20688|11208,8808|20400|20856|20976|8688|8784|21096|21768|21912|8832|20736|21624|22200|20616|10920|11448|8616|8664|8328|22056,4ef0fd1f1daeecf394a8184d7c1d8699b5fee0b8711b975b34fea4b66e194a1a
uk,TLD4,Ref,,10,500,T9,GBP,5457008.428040361,342460.53347399831,2000,20,0,0,1,1,8808|20400|20856|20976|8688|21096|8664|8328|10920|11448|21912|22200|8784|8616|21768|11064|20736|11208|21624|11280,8808|20400|20856|20976|8688|8784|21096|21768|21912|8832|20736|21624|22200|20616|10920|11448|8616|8664|8328|22056,VD-Ref
uk,TLD4,Uni,,10,500,T9,GBP,15105604.752131335,452529.87611122429,2000,20,0,0,1,1,8808|20400|20976|20856|8688|21096|21912|8448|21768|20736|8760|8784|8328|22200|20616|21624|22056|8832|8616|21480,8808|20400|20856|20976|8688|8784|21096|21768|21912|8832|20736|21624|22200|20616|10920|11448|8616|8664|8328|22056,61ea415b5944c7ac91d4bcb6ac1dcc9734f5b637b1e746d8e9d76dfb475f7e74
uk,TLD4,LU,,10,500,T9,GBP,13114571.450792167,286003.25763204694,2000,20,0,0,1,1,20400|8808|8688|20976|20856|21096|8448|8760|21912|20736|21768|20616|8328|22200|8784|21624|22056|8664|8832|8616,8808|20400|20856|20976|8688|8784|21096|21768|21912|8832|20736|21624|22200|20616|10920|11448|8616|8664|8328|22056,db28d6ce70f49fa1d6ebf6e121b683627b06130b40e5797b2bded5cae112e090
uk,TLD4,GNN,42,10,500,T9,GBP,8019463.4550307868,1557776.385064289,2000,20,0,0,1,1,20400|8808|20976|20856|8688|21096|21912|22200|21768|21624|20616|20736|22056|8448|8760|19872|8328|21480|8784|23064,8808|20400|20856|20976|8688|8784|21096|21768|21912|8832|20736|21624|22200|20616|10920|11448|8616|8664|8328|22056,43294c730f20b3b08f8742940681a0c2d86699a1205e7a62debc1e0d9f745f1a
uk,TLD4,GNN,123,10,500,T9,GBP,7324481.7569178529,1557776.385064289,2000,20,0,0,1,1,20400|8808|20976|20856|8688|21096|21912|22200|21768|21624|22056|20616|20736|8448|19872|8328|8760|21480|8784|23064,8808|20400|20856|20976|8688|8784|21096|21768|21912|8832|20736|21624|22200|20616|10920|11448|8616|8664|8328|22056,a004d0b23fc4a255bf90f83808321305c7de9968054251d102a6cee45796e45d
uk,TLD4,GNN,456,10,500,T9,GBP,9031225.8733463176,2278972.5511554033,2000,20,0,0,1,1,8808|20400|20976|20856|8688|21096|21912|19872|22200|21768|8448|20616|20736|8328|21624|11280|22056|10920|20688|11208,8808|20400|20856|20976|8688|8784|21096|21768|21912|8832|20736|21624|22200|20616|10920|11448|8616|8664|8328|22056,4ef0fd1f1daeecf394a8184d7c1d8699b5fee0b8711b975b34fea4b66e194a1a
uk,TLD4,Ref,,20,100,T9,GBP,1326569.7411923828,12252.825531353836,2000,20,0.85399999999999998,0.81950000000000001,1639,20,288|456|528|576|600|648|720|792|864|888|960|1032|1104|1128|1200|1224|1272|1296|1368|1392,288|456|528|600|648|720|792|864|888|960|1032|1104|1128|1200|1224|1272|1296|1368|1392|1464,VD-Ref
uk,TLD4,Uni,,20,100,T9,GBP,4656063.2448785864,12252.825531353836,2000,20,0.85399999999999998,0.78400000000000003,1568,20,288|456|528|576|600|648|720|792|864|888|960|1032|1104|1128|1200|1224|1272|1296|1368|1392,288|456|528|600|648|720|792|864|888|960|1032|1104|1128|1200|1224|1272|1296|1368|1392|1464,61ea415b5944c7ac91d4bcb6ac1dcc9734f5b637b1e746d8e9d76dfb475f7e74
uk,TLD4,LU,,20,100,T9,GBP,4742465.9894413715,12252.825531353836,2000,20,0.85399999999999998,0.77100000000000002,1542,20,288|456|528|576|600|648|720|792|864|888|960|1032|1104|1128|1200|1224|1272|1296|1368|1392,288|456|528|600|648|720|792|864|888|960|1032|1104|1128|1200|1224|1272|1296|1368|1392|1464,db28d6ce70f49fa1d6ebf6e121b683627b06130b40e5797b2bded5cae112e090
uk,TLD4,GNN,42,20,100,T9,GBP,3084263.0158612756,568933.9496411907,2000,20,0.85399999999999998,0.79500000000000004,1590,20,216|288|456|528|600|648|720|792|864|888|960|1032|1104|1128|1152|1200|1224|1272|1296|1368,288|456|528|600|648|720|792|864|888|960|1032|1104|1128|1200|1224|1272|1296|1368|1392|1464,43294c730f20b3b08f8742940681a0c2d86699a1205e7a62debc1e0d9f745f1a
uk,TLD4,GNN,123,20,100,T9,GBP,3315738.61447623,568933.9496411907,2000,20,0.85399999999999998,0.79949999999999999,1599,20,216|288|456|528|600|648|720|792|864|888|960|1032|1104|1128|1152|1200|1224|1272|1296|1368,288|456|528|600|648|720|792|864|888|960|1032|1104|1128|1200|1224|1272|1296|1368|1392|1464,a004d0b23fc4a255bf90f83808321305c7de9968054251d102a6cee45796e45d
uk,TLD4,GNN,456,20,100,T9,GBP,4726553.1388478279,646493.39645716606,2000,20,0.85399999999999998,0.78749999999999998,1575,20,216|288|456|528|576|600|648|720|792|864|888|936|960|1032|1104|1128|1152|1200|1224|1272,288|456|528|600|648|720|792|864|888|960|1032|1104|1128|1200|1224|1272|1296|1368|1392|1464,4ef0fd1f1daeecf394a8184d7c1d8699b5fee0b8711b975b34fea4b66e194a1a
uk,TLD4,Ref,,20,300,T9,GBP,3529209.9347539181,1411799.4091946012,2000,20,0.49399999999999999,0.4965,993,20,3336|3432|3504|3552|3672|3696|3744|3792|3816|3888|3912|3936|4008|4032|4056|4152|4176|4200|4272|4296,3432|3552|3672|3696|3792|3816|3912|3936|4032|4056|4152|4176|4200|4272|4296|4320|4392|4416|4440|4536,VD-Ref
uk,TLD4,Uni,,20,300,T9,GBP,7992595.0277399346,14664913.44754659,2000,20,0.49399999999999999,0.5,1000,20,2904|2928|3000|3024|3096|3120|3192|3216|3288|3312|3336|3384|3408|3432|3504|3528|3552|3624|3648|3672,3432|3552|3672|3696|3792|3816|3912|3936|4032|4056|4152|4176|4200|4272|4296|4320|4392|4416|4440|4536,61ea415b5944c7ac91d4bcb6ac1dcc9734f5b637b1e746d8e9d76dfb475f7e74
uk,TLD4,LU,,20,300,T9,GBP,9274883.8703446034,13052001.563658755,2000,20,0.49399999999999999,0.49099999999999999,982,20,2928|3000|3024|3096|3120|3192|3216|3288|3312|3336|3384|3408|3432|3504|3528|3552|3624|3648|3672|3696,3432|3552|3672|3696|3792|3816|3912|3936|4032|4056|4152|4176|4200|4272|4296|4320|4392|4416|4440|4536,db28d6ce70f49fa1d6ebf6e121b683627b06130b40e5797b2bded5cae112e090
uk,TLD4,GNN,42,20,300,T9,GBP,6293017.217437733,13052001.563658755,2000,20,0.49399999999999999,0.499,998,20,2928|3000|3024|3096|3120|3192|3216|3288|3312|3336|3384|3408|3432|3504|3528|3552|3624|3648|3672|3696,3432|3552|3672|3696|3792|3816|3912|3936|4032|4056|4152|4176|4200|4272|4296|4320|4392|4416|4440|4536,43294c730f20b3b08f8742940681a0c2d86699a1205e7a62debc1e0d9f745f1a
uk,TLD4,GNN,123,20,300,T9,GBP,6175105.4185971143,11888972.980859544,2000,20,0.49399999999999999,0.51449999999999996,1029,20,3000|3096|3120|3192|3216|3288|3312|3336|3384|3408|3432|3504|3528|3552|3624|3648|3672|3696|3744|3768,3432|3552|3672|3696|3792|3816|3912|3936|4032|4056|4152|4176|4200|4272|4296|4320|4392|4416|4440|4536,a004d0b23fc4a255bf90f83808321305c7de9968054251d102a6cee45796e45d
uk,TLD4,GNN,456,20,300,T9,GBP,8989771.3750978224,11888972.980859544,2000,20,0.49399999999999999,0.52249999999999996,1045,20,3000|3096|3120|3192|3216|3288|3312|3336|3384|3408|3432|3504|3528|3552|3624|3648|3672|3696|3744|3768,3432|3552|3672|3696|3792|3816|3912|3936|4032|4056|4152|4176|4200|4272|4296|4320|4392|4416|4440|4536,4ef0fd1f1daeecf394a8184d7c1d8699b5fee0b8711b975b34fea4b66e194a1a
uk,TLD4,Ref,,20,500,T9,GBP,6711112.3436640259,3606941.8434470766,2000,20,0.020500000000000001,0.035999999999999997,72,20,6720|10488|10968|11040|11112|11352|11424|11592|11664|11832|12000|12168|12336|12504|12600|12768|12936|13440|17736|17880,10968|11040|11112|11424|11664|12000|12168|12336|12504|12768|12936|13440|18288|18360|18384|18408|18480|18504|18576|18600,VD-Ref
uk,TLD4,Uni,,20,500,T9,GBP,17295557.19770731,44319510.49776262,2000,20,0.020500000000000001,0.14699999999999999,294,20,3936|4056|4200|4320|4440|4560|4656|4680|4800|4920|5040|5160|5280|5352|5400|5472|5496|5592|5616|5712,10968|11040|11112|11424|11664|12000|12168|12336|12504|12768|12936|13440|18288|18360|18384|18408|18480|18504|18576|18600,61ea415b5944c7ac91d4bcb6ac1dcc9734f5b637b1e746d8e9d76dfb475f7e74
uk,TLD4,LU,,20,500,T9,GBP,18326078.863848437,43134492.414330505,2000,20,0.020500000000000001,0.14000000000000001,280,20,3936|4056|4176|4200|4320|4440|4560|4680|4800|4920|5040|5160|5280|5352|5400|5496|5592|5616|5712|5736,10968|11040|11112|11424|11664|12000|12168|12336|12504|12768|12936|13440|18288|18360|18384|18408|18480|18504|18576|18600,db28d6ce70f49fa1d6ebf6e121b683627b06130b40e5797b2bded5cae112e090
uk,TLD4,GNN,42,20,500,T9,GBP,12937511.270916695,22472266.112066362,2000,20,0.020500000000000001,0.059999999999999998,120,20,5040|5160|5280|5616|5736|5952|6072|6288|6504|6720|6840|6936|7080|7152|7224|7248|7344|7440|8328|8424,10968|11040|11112|11424|11664|12000|12168|12336|12504|12768|12936|13440|18288|18360|18384|18408|18480|18504|18576|18600,43294c730f20b3b08f8742940681a0c2d86699a1205e7a62debc1e0d9f745f1a
uk,TLD4,GNN,123,20,500,T9,GBP,11907872.501568066,13126676.511917908,2000,20,0.020500000000000001,0.045999999999999999,92,20,5160|5280|5616|5952|6072|6288|6504|6720|7152|7248|7344|7440|8736|10968|11040|11112|11424|11664|12000|12168,10968|11040|11112|11424|11664|12000|12168|12336|12504|12768|12936|13440|18288|18360|18384|18408|18480|18504|18576|18600,a004d0b23fc4a255bf90f83808321305c7de9968054251d102a6cee45796e45d
uk,TLD4,GNN,456,20,500,T9,GBP,16598780.027652852,26781201.223071098,2000,20,0.020500000000000001,0.056000000000000001,112,20,5160|5616|5952|6072|6096|6528|6648|6720|6864|7080|7152|7248|7344|7440|7944|8280|8424|8472|8736|10968,10968|11040|11112|11424|11664|12000|12168|12336|12504|12768|12936|13440|18288|18360|18384|18408|18480|18504|18576|18600,4ef0fd1f1daeecf394a8184d7c1d8699b5fee0b8711b975b34fea4b66e194a1a
