country,region,method,seed,radius_km,centres,mae_decision,mae_representation,rmse_decision,rmse_representation,mean_G,mean_Aref,zero_station_share,n_stations_mean,n_stations_median,n_centres
uk,London,Uni,,1,grid,10.864974424588667,4.8215933516804643,18.368119976903312,11.414837222128984,10.336695253873209,9.9007457660823164,0.63700000000000001,0.42799999999999999,0,2000
uk,London,LU,,1,grid,9.8548236750904277,3.8523195907998962,15.19397557117462,7.5158908705243412,10.336695253873209,9.9007457660823164,0.63700000000000001,0.42799999999999999,0,2000
uk,London,GNN,42,1,grid,10.153818968020188,4.3746495099108538,15.896595069702888,7.9886873260577786,10.336695253873209,9.9007457660823164,0.63700000000000001,0.42799999999999999,0,2000
uk,London,GNN,123,1,grid,9.8740012518567788,4.3058114119996569,15.537525916684483,8.0033939319665137,10.336695253873209,9.9007457660823164,0.63700000000000001,0.42799999999999999,0,2000
uk,London,GNN,456,1,grid,10.244596381391299,4.4835560654529703,16.182526941093911,8.3670719142535326,10.336695253873209,9.9007457660823164,0.63700000000000001,0.42799999999999999,0,2000
uk,London,Uni,,2,grid,23.491019795616605,17.134950018957117,48.586931931840596,40.706464427444885,41.634944709755572,41.339371110261318,0.16900000000000001,1.6955,1,2000
uk,London,LU,,2,grid,18.346847762949917,11.790677010867391,30.693500777708643,21.314516293966541,41.634944709755572,41.339371110261318,0.16900000000000001,1.6955,1,2000
uk,London,GNN,42,2,grid,18.280042884429641,12.204179533407405,30.973393534535234,21.633307428862128,41.634944709755572,41.339371110261318,0.16900000000000001,1.6955,1,2000
uk,London,GNN,123,2,grid,17.144682340526209,10.897749057439706,28.061863503023979,18.674195728343971,41.634944709755572,41.339371110261318,0.16900000000000001,1.6955,1,2000
uk,London,GNN,456,2,grid,19.025537193809967,12.919405909107271,32.837445013373966,23.689646884649704,41.634944709755572,41.339371110261318,0.16900000000000001,1.6955,1,2000
uk,London,Uni,,3,grid,38.03431401173949,31.299138959537078,82.908998739613381,72.951310380616249,92.46457690659021,90.895741818828753,0.0395,3.7469999999999999,3,2000
uk,London,LU,,3,grid,27.521679943866069,20.829237128155611,49.186688806417003,37.988514769933914,92.46457690659021,90.895741818828753,0.0395,3.7469999999999999,3,2000
uk,London,GNN,42,3,grid,27.880913415014081,20.912567252330049,47.410694746973043,35.979549131599548,92.46457690659021,90.895741818828753,0.0395,3.7469999999999999,3,2000
uk,London,GNN,123,3,grid,24.958710400633983,17.967758138186365,40.43265181095888,28.570035939994362,92.46457690659021,90.895741818828753,0.0395,3.7469999999999999,3,2000
uk,London,GNN,456,3,grid,29.079094372229395,22.662062051770327,51.736804454317635,40.815005545414422,92.46457690659021,90.895741818828753,0.0395,3.7469999999999999,3,2000
uk,London,Uni,,5,grid,64.666130967092158,55.179790338668141,131.03921410597823,116.45747514915045,253.84886035761278,252.99059140240493,0.0054999999999999997,10.1175,8,2000
uk,London,LU,,5,grid,46.860102865935097,36.81319360286686,81.947361491564692,66.443067952948553,253.84886035761278,252.99059140240493,0.0054999999999999997,10.1175,8,2000
uk,London,GNN,42,5,grid,45.989214181113375,37.39803515945772,77.554998640143111,62.08220779049482,253.84886035761278,252.99059140240493,0.0054999999999999997,10.1175,8,2000
uk,London,GNN,123,5,grid,39.717044426136113,30.500961459919061,63.225181016557123,47.585739630506232,253.84886035761278,252.99059140240493,0.0054999999999999997,10.1175,8,2000
uk,London,GNN,456,5,grid,49.799823190383947,41.324334866538138,86.762281097865866,71.579931810537389,253.84886035761278,252.99059140240493,0.0054999999999999997,10.1175,8,2000
uk,London,Uni,,7.5,grid,93.755345956557662,82.181211938154647,162.74985913485028,146.31684479557435,561.63514505790101,560.35236426406959,0,22.029499999999999,18.5,2000
uk,London,LU,,7.5,grid,68.667628564016539,55.927268315046412,107.9961906347902,89.580240081443378,561.63514505790101,560.35236426406959,0,22.029499999999999,18.5,2000
uk,London,GNN,42,7.5,grid,64.190949793280865,52.610662004439817,98.656937556073942,80.855729888295585,561.63514505790101,560.35236426406959,0,22.029499999999999,18.5,2000
uk,London,GNN,123,7.5,grid,52.98110298581247,40.411161634856882,78.751824411902803,59.901549174574406,561.63514505790101,560.35236426406959,0,22.029499999999999,18.5,2000
uk,London,GNN,456,7.5,grid,70.977803663091294,59.045910421775723,110.27308199761873,92.543362941418323,561.63514505790101,560.35236426406959,0,22.029499999999999,18.5,2000
uk,London,Uni,,10,grid,133.24416035292685,118.09869004918659,199.42330127104157,180.38798436321025,975.38294195363437,971.50571565069333,0,37.639000000000003,31.5,2000
uk,London,LU,,10,grid,91.994587380871891,75.61064127856018,128.43073550958863,106.63262089286654,975.38294195363437,971.50571565069333,0,37.639000000000003,31.5,2000
uk,London,GNN,42,10,grid,84.831099146022666,69.109975163126947,118.01896347998215,96.51166440855566,975.38294195363437,971.50571565069333,0,37.639000000000003,31.5,2000
uk,London,GNN,123,10,grid,67.079393378308055,50.825577612247557,92.562859636681736,69.927473776214228,975.38294195363437,971.50571565069333,0,37.639000000000003,31.5,2000
uk,London,GNN,456,10,grid,92.680357847617515,77.217295321082673,128.96301698900598,107.71399787023823,975.38294195363437,971.50571565069333,0,37.639000000000003,31.5,2000
uk,London,Uni,,15,grid,188.93369989777582,168.97164707478817,236.68316261238763,215.31795983934236,2041.3756885488365,2034.9590642935107,0,76.613,72,2000
uk,London,LU,,15,grid,121.08212411832966,99.131262088768707,147.90295600297264,121.58953072778289,2041.3756885488365,2034.9590642935107,0,76.613,72,2000
uk,London,GNN,42,15,grid,112.64401130329421,92.428545247717494,137.83882063240114,112.51562644687421,2041.3756885488365,2034.9590642935107,0,76.613,72,2000
uk,London,GNN,123,15,grid,88.882485908927123,68.161699814212511,109.56068495774849,83.230989845787974,2041.3756885488365,2034.9590642935107,0,76.613,72,2000
uk,London,GNN,456,15,grid,124.08329595072084,104.0945878829954,151.24562932460447,126.05244738950439,2041.3756885488365,2034.9590642935107,0,76.613,72,2000
uk,London,Uni,,20,grid,199.88259117307646,178.24594139566733,236.44389290304829,212.41471809815434,3198.1453878724101,3186.0381406712972,0,119.4355,126,2000
uk,London,LU,,20,grid,121.64167238660701,98.557873960268481,142.39113165420176,115.65666314390883,3198.1453878724101,3186.0381406712972,0,119.4355,126,2000
uk,London,GNN,42,20,grid,119.32352884725807,97.146047991794262,139.70013145061114,113.62797557177547,3198.1453878724101,3186.0381406712972,0,119.4355,126,2000
uk,London,GNN,123,20,grid,91.674676232905568,69.758547407800947,110.58533527908561,84.408390145388708,3198.1453878724101,3186.0381406712972,0,119.4355,126,2000
uk,London,GNN,456,20,grid,129.33781729866746,107.19326006735092,151.48098843350914,125.78057384984969,3198.1453878724101,3186.0381406712972,0,119.4355,126,2000
uk,TLH2,Uni,,1,grid,2.2889613627026102,0.68263305638944316,4.1531163359181322,0.97112076886532184,1.2701858415864782,1.341813453729666,0.89649999999999996,0.1055,0,2000
uk,TLH2,LU,,1,grid,2.2388368364815503,0.64067588231697736,4.1118462783655234,0.90501347858815961,1.2701858415864782,1.341813453729666,0.89649999999999996,0.1055,0,2000
uk,TLH2,GNN,42,1,grid,2.1057864838582359,1.0432682413049461,4.2139038907898971,1.6415978352248117,1.2701858415864782,1.341813453729666,0.89649999999999996,0.1055,0,2000
uk,TLH2,GNN,123,1,grid,2.1473749140910385,0.99387747588761022,4.24278355808194,1.6682242311070885,1.2701858415864782,1.341813453729666,0.89649999999999996,0.1055,0,2000
uk,TLH2,GNN,456,1,grid,2.118949517803371,0.96491489775986794,4.1812106320587379,1.5406449101209283,1.2701858415864782,1.341813453729666,0.89649999999999996,0.1055,0,2000
uk,TLH2,Uni,,2,grid,6.1051058466164179,2.3205394441656471,7.8877238192250374,3.27888553525985,5.1925922739661949,5.0802036866411369,0.62250000000000005,0.41899999999999998,0,2000
uk,TLH2,LU,,2,grid,5.6804820153978381,2.0196180774307511,7.4757203763863238,2.7712379232991107,5.1925922739661949,5.0802036866411369,0.62250000000000005,0.41899999999999998,0,2000
uk,TLH2,GNN,42,2,grid,5.5030457500926655,3.1569180826119707,7.9283072381227049,4.5158137202048225,5.1925922739661949,5.0802036866411369,0.62250000000000005,0.41899999999999998,0,2000
uk,TLH2,GNN,123,2,grid,5.516719495355586,2.9494490158483977,7.8288521777268798,4.3193538324716085,5.1925922739661949,5.0802036866411369,0.62250000000000005,0.41899999999999998,0,2000
uk,TLH2,GNN,456,2,grid,5.4535295482591648,2.9223024281166134,7.7349393801305784,4.1893569561115918,5.1925922739661949,5.0802036866411369,0.62250000000000005,0.41899999999999998,0,2000
uk,TLH2,Uni,,3,grid,8.8050438157216853,4.535605418552259,10.988618297346516,6.4165498484984713,11.224437333725628,11.018762684699272,0.34749999999999998,0.90249999999999997,1,2000
uk,TLH2,LU,,3,grid,7.6213350807401179,3.6467965642850948,9.7296722384136558,4.920446566224502,11.224437333725628,11.018762684699272,0.34749999999999998,0.90249999999999997,1,2000
uk,TLH2,GNN,42,3,grid,7.7807930756395667,5.4038984331894824,10.487827122300578,7.3951508435014413,11.224437333725628,11.018762684699272,0.34749999999999998,0.90249999999999997,1,2000
uk,TLH2,GNN,123,3,grid,7.5818504134860696,4.9656579652257964,10.126054334074789,6.7559701108173744,11.224437333725628,11.018762684699272,0.34749999999999998,0.90249999999999997,1,2000
uk,TLH2,GNN,456,3,grid,7.4472628145506095,4.9184749962040826,9.9728824024772003,6.6892867825763185,11.224437333725628,11.018762684699272,0.34749999999999998,0.90249999999999997,1,2000
uk,TLH2,Uni,,5,grid,14.474068029028121,10.222341161723509,18.987244612029087,14.411714283090486,29.89420028086478,29.238389873301692,0.071999999999999995,2.4199999999999999,2,2000
uk,TLH2,LU,,5,grid,11.608247353921389,7.264694093437436,14.776977666950327,9.7890889981975526,29.89420028086478,29.238389873301692,0.071999999999999995,2.4199999999999999,2,2000
uk,TLH2,GNN,42,5,grid,10.930723367365966,9.1381578162434707,14.427603610338606,11.573394601562184,29.89420028086478,29.238389873301692,0.071999999999999995,2.4199999999999999,2,2000
uk,TLH2,GNN,123,5,grid,10.491287475686557,7.9412825334433021,13.603369511964596,10.159720563255028,29.89420028086478,29.238389873301692,0.071999999999999995,2.4199999999999999,2,2000
uk,TLH2,GNN,456,5,grid,10.539912171139601,8.4933684423074745,13.87437704030823,10.760464841325428,29.89420028086478,29.238389873301692,0.071999999999999995,2.4199999999999999,2,2000
uk,TLH2,Uni,,7.5,grid,23.003063451222491,18.601760405576165,30.464933384042961,26.191781564724877,63.924488660936333,63.034549933862657,0.016500000000000001,5.1965000000000003,5,2000
uk,TLH2,LU,,7.5,grid,16.808443288116706,11.936493760886098,21.141536676433116,16.030050187414577,63.924488660936333,63.034549933862657,0.016500000000000001,5.1965000000000003,5,2000
uk,TLH2,GNN,42,7.5,grid,15.541567954844803,12.830332182922204,19.790262163293161,16.150996152284222,63.924488660936333,63.034549933862657,0.016500000000000001,5.1965000000000003,5,2000
uk,TLH2,GNN,123,7.5,grid,13.628997552628022,10.325894963729445,17.418988268940225,12.87340349578422,63.924488660936333,63.034549933862657,0.016500000000000001,5.1965000000000003,5,2000
uk,TLH2,GNN,456,7.5,grid,14.935355008829506,11.936481693053311,18.829123521503462,14.854704899830567,63.924488660936333,63.034549933862657,0.016500000000000001,5.1965000000000003,5,2000
uk,TLH2,Uni,,10,grid,31.791653067006393,27.780889901164976,42.469750039174826,38.160482147224492,108.9173334807673,107.20176898039166,0,8.8640000000000008,8,2000
uk,TLH2,LU,,10,grid,20.823959961214094,16.224322191112027,26.357904644430416,21.179287916926246,108.9173334807673,107.20176898039166,0,8.8640000000000008,8,2000
uk,TLH2,GNN,42,10,grid,18.241297095996458,16.761036456499362,23.360405921594193,20.899112333663552,108.9173334807673,107.20176898039166,0,8.8640000000000008,8,2000
uk,TLH2,GNN,123,10,grid,14.959955676344242,12.64583009172372,19.037919980772436,15.718237772191078,108.9173334807673,107.20176898039166,0,8.8640000000000008,8,2000
uk,TLH2,GNN,456,10,grid,17.313146472306741,15.208535808889467,21.823544343939609,18.756923791733708,108.9173334807673,107.20176898039166,0,8.8640000000000008,8,2000
uk,TLH2,Uni,,15,grid,49.412808786135734,44.904107045901164,64.513923994744047,59.268698457441516,224.46965561605347,222.40930721315621,0,18.353999999999999,17,2000
uk,TLH2,LU,,15,grid,28.568543512693822,24.126846227660163,35.677371224903489,29.72319501283334,224.46965561605347,222.40930721315621,0,18.353999999999999,17,2000
uk,TLH2,GNN,42,15,grid,20.160277928205382,20.375260708458708,25.795712084499961,25.162315681306001,224.46965561605347,222.40930721315621,0,18.353999999999999,17,2000
uk,TLH2,GNN,123,15,grid,16.840415058688706,14.861564237570315,21.649189892349547,18.711454536460241,224.46965561605347,222.40930721315621,0,18.353999999999999,17,2000
uk,TLH2,GNN,456,15,grid,18.873563792326472,18.206534135803008,24.012565575635183,22.24365491378877,224.46965561605347,222.40930721315621,0,18.353999999999999,17,2000
uk,TLH2,Uni,,20,grid,65.867517730893297,61.607113936918424,81.091228097624509,75.932012614696447,364.6687874830692,361.75597342726132,0,29.823499999999999,29,2000
uk,TLH2,LU,,20,grid,37.796986797360162,33.364730713908081,45.273690544726549,39.118346231492609,364.6687874830692,361.75597342726132,0,29.823499999999999,29,2000
uk,TLH2,GNN,42,20,grid,21.465952752706286,20.133970551788806,26.677655979066635,25.084905117200631,364.6687874830692,361.75597342726132,0,29.823499999999999,29,2000
uk,TLH2,GNN,123,20,grid,17.67284327704078,15.272868817984616,22.531562979614904,18.92066049977192,364.6687874830692,361.75597342726132,0,29.823499999999999,29,2000
uk,TLH2,GNN,456,20,grid,20.669057267519214,18.773041810312396,25.58969220854393,22.452476027479083,364.6687874830692,361.75597342726132,0,29.823499999999999,29,2000
uk,TLH3,Uni,,1,grid,1.7149544785595077,0.52871676495487374,3.4917587472920775,0.73766319180881756,0.92620411499999999,0.98879900232244244,0.91700000000000004,0.083000000000000004,0,2000
uk,TLH3,LU,,1,grid,1.6791253888853384,0.53659385579710983,3.4636012306518298,0.73653863084406179,0.92620411499999999,0.98879900232244244,0.91700000000000004,0.083000000000000004,0,2000
uk,TLH3,GNN,42,1,grid,1.656147473598532,0.97150367686525818,3.7992271460954465,1.9574710678541367,0.92620411499999999,0.98879900232244244,0.91700000000000004,0.083000000000000004,0,2000
uk,TLH3,GNN,123,1,grid,1.6335422345852886,0.91473492535531886,3.6898128294262649,1.7403651447496626,0.92620411499999999,0.98879900232244244,0.91700000000000004,0.083000000000000004,0,2000
uk,TLH3,GNN,456,1,grid,1.6363494905010429,0.81928016135829107,3.5921698229838168,1.4774845245391897,0.92620411499999999,0.98879900232244244,0.91700000000000004,0.083000000000000004,0,2000
uk,TLH3,Uni,,2,grid,4.9041793358743888,1.8878504224394488,7.318108411621326,2.5694642507271959,3.8252233950000005,3.8007375448730145,0.70150000000000001,0.32300000000000001,0,2000
uk,TLH3,LU,,2,grid,4.7838527034062457,1.8000082942652258,7.173737415512961,2.4313005674579773,3.8252233950000005,3.8007375448730145,0.70150000000000001,0.32300000000000001,0,2000
uk,TLH3,GNN,42,2,grid,4.3137377652260271,2.75484222649979,7.2541866693523342,4.5676206811319524,3.8252233950000005,3.8007375448730145,0.70150000000000001,0.32300000000000001,0,2000
uk,TLH3,GNN,123,2,grid,4.1840021733384924,2.6697211133191994,7.0965487764625319,4.3365411584870301,3.8252233950000005,3.8007375448730145,0.70150000000000001,0.32300000000000001,0,2000
uk,TLH3,GNN,456,2,grid,4.269382856689055,2.36588527708179,6.8899991363341453,3.7126702468428694,3.8252233950000005,3.8007375448730145,0.70150000000000001,0.32300000000000001,0,2000
uk,TLH3,Uni,,3,grid,7.0758887570523683,3.7277997076270202,9.8152096022740842,4.9564746295679507,8.124027954999999,8.0086760103907917,0.45450000000000002,0.71050000000000002,1,2000
uk,TLH3,LU,,3,grid,6.8295189927038606,3.444540973295013,9.4740551492760048,4.6040191527266208,8.124027954999999,8.0086760103907917,0.45450000000000002,0.71050000000000002,1,2000
uk,TLH3,GNN,42,3,grid,6.1654226416047129,4.6714425517735254,9.1246101269554671,7.1867688827659979,8.124027954999999,8.0086760103907917,0.45450000000000002,0.71050000000000002,1,2000
uk,TLH3,GNN,123,3,grid,5.8968780373974674,4.4706357105570911,8.8385487393146711,6.7948737137043347,8.124027954999999,8.0086760103907917,0.45450000000000002,0.71050000000000002,1,2000
uk,TLH3,GNN,456,3,grid,5.8645669970879348,3.9330038510998282,8.3473882389872482,5.8028284906682144,8.124027954999999,8.0086760103907917,0.45450000000000002,0.71050000000000002,1,2000
uk,TLH3,Uni,,5,grid,12.068764529176633,8.600905691038232,16.238202435216269,10.907132425380652,21.353522115000001,21.560849972327716,0.109,1.8839999999999999,1,2000
uk,TLH3,LU,,5,grid,11.3067966965937,7.7840193432074862,15.415070093839198,10.031164871306373,21.353522115000001,21.560849972327716,0.109,1.8839999999999999,1,2000
uk,TLH3,GNN,42,5,grid,9.2725529877639463,8.848509420761582,13.10135785537625,12.068003794262733,21.353522115000001,21.560849972327716,0.109,1.8839999999999999,1,2000
uk,TLH3,GNN,123,5,grid,8.691748489423933,8.2967862447834086,12.327738402761087,11.311847804696605,21.353522115000001,21.560849972327716,0.109,1.8839999999999999,1,2000
uk,TLH3,GNN,456,5,grid,8.3920052025348397,7.2721539289479136,11.950026363752666,10.016817075872266,21.353522115000001,21.560849972327716,0.109,1.8839999999999999,1,2000
uk,TLH3,Uni,,7.5,grid,19.576710450600991,15.111449756093302,24.470226947773725,18.439560262981285,45.897914390000004,45.963212056936754,0.0040000000000000001,4.0125000000000002,3,2000
uk,TLH3,LU,,7.5,grid,18.147549866959729,13.459635960298693,22.948543471981544,16.82600552934958,45.897914390000004,45.963212056936754,0.0040000000000000001,4.0125000000000002,3,2000
uk,TLH3,GNN,42,7.5,grid,14.0094250573813,13.295116789628763,18.289810061085046,17.206939779788275,45.897914390000004,45.963212056936754,0.0040000000000000001,4.0125000000000002,3,2000
uk,TLH3,GNN,123,7.5,grid,12.777070164267181,12.263799478605042,16.943610357453196,16.037015854128338,45.897914390000004,45.963212056936754,0.0040000000000000001,4.0125000000000002,3,2000
uk,TLH3,GNN,456,7.5,grid,12.943306205805932,11.373782835777028,17.089756611353568,15.007110106354112,45.897914390000004,45.963212056936754,0.0040000000000000001,4.0125000000000002,3,2000
uk,TLH3,Uni,,10,grid,26.906546709571373,21.575249108348803,32.103276064675789,25.694615981577652,77.413480454999998,77.903476923709704,0,6.7465000000000002,6,2000
uk,TLH3,LU,,10,grid,24.243822280320732,18.889672762507171,29.564627683618614,23.181093409884578,77.413480454999998,77.903476923709704,0,6.7465000000000002,6,2000
uk,TLH3,GNN,42,10,grid,16.969973817823902,17.04485575799627,22.058645198425268,21.440448040037193,77.413480454999998,77.903476923709704,0,6.7465000000000002,6,2000
uk,TLH3,GNN,123,10,grid,15.874016795565309,16.433442501959028,20.402903605304566,20.365390445743763,77.413480454999998,77.903476923709704,0,6.7465000000000002,6,2000
uk,TLH3,GNN,456,10,grid,16.267778356859896,15.391276470823593,20.931985475082556,19.473636114516861,77.413480454999998,77.903476923709704,0,6.7465000000000002,6,2000
uk,TLH3,Uni,,15,grid,36.767655930895245,31.403619574420961,44.388673292204984,37.871225524073161,159.33926105,160.81388262347056,0,13.785500000000001,13,2000
uk,TLH3,LU,,15,grid,32.667805600517475,27.329535671976888,39.850010698524201,33.550316455821296,159.33926105,160.81388262347056,0,13.785500000000001,13,2000
uk,TLH3,GNN,42,15,grid,20.796792231381346,20.802982156040976,26.0174819501906,25.315004620008175,159.33926105,160.81388262347056,0,13.785500000000001,13,2000
uk,TLH3,GNN,123,15,grid,20.084332059854802,20.939130265218701,25.12812603036312,25.533336857460817,159.33926105,160.81388262347056,0,13.785500000000001,13,2000
uk,TLH3,GNN,456,15,grid,19.48568411854875,18.769669143440233,24.111982389729306,22.665553576862106,159.33926105,160.81388262347056,0,13.785500000000001,13,2000
uk,TLH3,Uni,,20,grid,43.681802226909227,38.755632086712851,52.542308517605782,46.037243234566681,262.32788448500003,262.92069281455946,0,22.501000000000001,22,2000
uk,TLH3,LU,,20,grid,39.047974204630073,33.564930571700536,47.90331247585133,41.378820484499052,262.32788448500003,262.92069281455946,0,22.501000000000001,22,2000
uk,TLH3,GNN,42,20,grid,22.54664458801177,20.727423395140956,28.262240755876942,25.599624670929451,262.32788448500003,262.92069281455946,0,22.501000000000001,22,2000
uk,TLH3,GNN,123,20,grid,21.283599000138551,21.233377934839861,26.742684742908043,25.827549104495031,262.32788448500003,262.92069281455946,0,22.501000000000001,22,2000
uk,TLH3,GNN,456,20,grid,19.738001523160275,18.189638760295871,24.556518729079563,22.146882389213989,262.32788448500003,262.92069281455946,0,22.501000000000001,22,2000
uk,TLJ1,Uni,,1,grid,1.7742249486198343,0.75420363904146615,4.1105833680665018,1.4369932401665981,0.9940369726934889,1.0179977312447284,0.92549999999999999,0.075499999999999998,0,2000
uk,TLJ1,LU,,1,grid,1.7360296357766742,0.69914797635723835,4.0101389918936192,1.3419897733588277,0.9940369726934889,1.0179977312447284,0.92549999999999999,0.075499999999999998,0,2000
uk,TLJ1,GNN,42,1,grid,1.5781533728924237,0.7957319169239635,3.8162567833204561,1.6738268789505413,0.9940369726934889,1.0179977312447284,0.92549999999999999,0.075499999999999998,0,2000
uk,TLJ1,GNN,123,1,grid,1.551986562006022,0.78167658238300841,3.7311032539693421,1.6853772059750425,0.9940369726934889,1.0179977312447284,0.92549999999999999,0.075499999999999998,0,2000
uk,TLJ1,GNN,456,1,grid,1.5831365719601409,0.78946211756512208,3.8314338114939686,1.6069991564374824,0.9940369726934889,1.0179977312447284,0.92549999999999999,0.075499999999999998,0,2000
uk,TLJ1,Uni,,2,grid,5.9417085872251825,2.9785635941916873,9.9752955936082408,5.3285007548003547,4.3899706974073434,4.3879583402817497,0.72899999999999998,0.32300000000000001,0,2000
uk,TLJ1,LU,,2,grid,5.6579467563122723,2.6777571359797001,9.4429488056397659,4.7753351987226749,4.3899706974073434,4.3879583402817497,0.72899999999999998,0.32300000000000001,0,2000
uk,TLJ1,GNN,42,2,grid,4.8656268431546534,2.6717096606097765,8.1465391456595473,4.6767745597057848,4.3899706974073434,4.3879583402817497,0.72899999999999998,0.32300000000000001,0,2000
uk,TLJ1,GNN,123,2,grid,4.6658492555980953,2.5932858727651986,7.7689879055085544,4.6809260117380207,4.3899706974073434,4.3879583402817497,0.72899999999999998,0.32300000000000001,0,2000
uk,TLJ1,GNN,456,2,grid,4.9994204828454452,2.7427962182418644,8.4317540087344476,4.8368518305007289,4.3899706974073434,4.3879583402817497,0.72899999999999998,0.32300000000000001,0,2000
uk,TLJ1,Uni,,3,grid,10.328805199110729,6.1519614026835701,16.397475903553364,10.379304797445082,10.001273754607942,9.6412643754053367,0.5,0.71399999999999997,0.5,2000
uk,TLJ1,LU,,3,grid,9.5388978259433017,5.4464822860330324,15.051880727411525,9.1634155312951009,10.001273754607942,9.6412643754053367,0.5,0.71399999999999997,0.5,2000
uk,TLJ1,GNN,42,3,grid,7.8772830821861595,4.6833426734966057,12.199917740248777,7.8057234236579758,10.001273754607942,9.6412643754053367,0.5,0.71399999999999997,0.5,2000
uk,TLJ1,GNN,123,3,grid,7.438955239771718,4.469930346584559,11.469323976256346,7.4439671922738695,10.001273754607942,9.6412643754053367,0.5,0.71399999999999997,0.5,2000
uk,TLJ1,GNN,456,3,grid,8.1234392684924703,4.8672496114216237,12.649329632095061,8.1692782360727563,10.001273754607942,9.6412643754053367,0.5,0.71399999999999997,0.5,2000
uk,TLJ1,Uni,,5,grid,20.494054936425478,15.202155119467891,31.062633789182208,23.23770660984043,27.479671098715009,26.71119942811201,0.14949999999999999,1.9530000000000001,1,2000
uk,TLJ1,LU,,5,grid,18.387663202049247,13.248245536983905,27.899318640797897,20.405479961639113,27.479671098715009,26.71119942811201,0.14949999999999999,1.9530000000000001,1,2000
uk,TLJ1,GNN,42,5,grid,13.782584684171493,10.176686026836764,21.270799337096818,15.678525991895333,27.479671098715009,26.71119942811201,0.14949999999999999,1.9530000000000001,1,2000
uk,TLJ1,GNN,123,5,grid,12.64638622476469,9.0657594018007774,19.502018401887668,14.150232539090448,27.479671098715009,26.71119942811201,0.14949999999999999,1.9530000000000001,1,2000
uk,TLJ1,GNN,456,5,grid,14.699815029743451,10.981881429295401,22.653520857821345,16.983725759674339,27.479671098715009,26.71119942811201,0.14949999999999999,1.9530000000000001,1,2000
uk,TLJ1,Uni,,7.5,grid,33.74190980677318,28.201619768435176,46.832003832801419,39.392636647713502,59.207037765033327,58.658404511069442,0.014999999999999999,4.1900000000000004,3,2000
uk,TLJ1,LU,,7.5,grid,29.819259223695816,24.628148699410424,41.761522042835523,34.730851243351232,59.207037765033327,58.658404511069442,0.014999999999999999,4.1900000000000004,3,2000
uk,TLJ1,GNN,42,7.5,grid,21.79290778562752,18.385737568810224,31.034767404922473,25.455689255291286,59.207037765033327,58.658404511069442,0.014999999999999999,4.1900000000000004,3,2000
uk,TLJ1,GNN,123,7.5,grid,19.390444427806813,15.748270439282509,27.823794183976243,22.264068236265008,59.207037765033327,58.658404511069442,0.014999999999999999,4.1900000000000004,3,2000
uk,TLJ1,GNN,456,7.5,grid,23.644051192571446,20.348326246918258,34.200382767554416,28.60956578855653,59.207037765033327,58.658404511069442,0.014999999999999999,4.1900000000000004,3,2000
uk,TLJ1,Uni,,10,grid,47.927929421056788,41.985997059403587,62.366192472780241,55.176411369559027,101.09140372285709,100.72130166153217,0.0044999999999999997,7.2004999999999999,6,2000
uk,TLJ1,LU,,10,grid,43.073589121620394,37.302012881149487,56.319077113677821,49.342958938658604,101.09140372285709,100.72130166153217,0.0044999999999999997,7.2004999999999999,6,2000
uk,TLJ1,GNN,42,10,grid,31.155400056652141,27.369124001420452,40.856781378646943,35.38056860377845,101.09140372285709,100.72130166153217,0.0044999999999999997,7.2004999999999999,6,2000
uk,TLJ1,GNN,123,10,grid,26.790073120883612,22.674226496724238,35.556078713666395,29.927070102052447,101.09140372285709,100.72130166153217,0.0044999999999999997,7.2004999999999999,6,2000
uk,TLJ1,GNN,456,10,grid,34.585563940367571,30.542429979766133,45.909526759681881,40.423656233521342,101.09140372285709,100.72130166153217,0.0044999999999999997,7.2004999999999999,6,2000
uk,TLJ1,Uni,,15,grid,75.343775839819941,68.329192865195012,94.25425390375618,87.164796483845166,211.42618868364258,210.81165692080987,0,15.206,14,2000
uk,TLJ1,LU,,15,grid,67.643223104464298,61.406866314400872,84.957145684070326,78.021948588404342,211.42618868364258,210.81165692080987,0,15.206,14,2000
uk,TLJ1,GNN,42,15,grid,51.273029046464202,45.816224179956293,62.715547364690778,56.700181153859731,211.42618868364258,210.81165692080987,0,15.206,14,2000
uk,TLJ1,GNN,123,15,grid,42.891566564633699,37.071659018181165,51.87970961259667,45.214035201566674,211.42618868364258,210.81165692080987,0,15.206,14,2000
uk,TLJ1,GNN,456,15,grid,57.956630453257624,52.486077829456754,71.284972756989632,65.311822153098404,211.42618868364258,210.81165692080987,0,15.206,14,2000
uk,TLJ1,Uni,,20,grid,92.407673022215576,86.459650092018123,118.54956781014893,112.63343023046495,350.80905290079949,350.18297812375289,0,25.4055,26,2000
uk,TLJ1,LU,,20,grid,84.222631364772795,78.87464861989659,104.66455363412722,98.779254428301144,350.80905290079949,350.18297812375289,0,25.4055,26,2000
uk,TLJ1,GNN,42,20,grid,64.5983226604978,59.932609190316469,79.96680281305494,74.862412724500501,350.80905290079949,350.18297812375289,0,25.4055,26,2000
uk,TLJ1,GNN,123,20,grid,52.993690198523282,48.161469815615717,63.879192083925531,57.902979164702344,350.80905290079949,350.18297812375289,0,25.4055,26,2000
uk,TLJ1,GNN,456,20,grid,74.205015327913543,69.691216046517752,91.011820359658742,85.908108298529228,350.80905290079949,350.18297812375289,0,25.4055,26,2000
uk,TLF1,Uni,,1,grid,2.0406321017989244,0.92252685636528431,4.3296724768743191,1.7049470709580685,1.1813170465431897,1.387315535263304,0.91949999999999998,0.082000000000000003,0,2000
uk,TLF1,LU,,1,grid,2.0343000587591162,0.92044953304193122,4.3076978881359187,1.700452228797408,1.1813170465431897,1.387315535263304,0.91949999999999998,0.082000000000000003,0,2000
uk,TLF1,GNN,42,1,grid,1.7943488280860567,1.0451313286737567,4.1541112033599896,2.0921811938437207,1.1813170465431897,1.387315535263304,0.91949999999999998,0.082000000000000003,0,2000
uk,TLF1,GNN,123,1,grid,1.867787335081321,1.0128758930881494,4.2275034964778628,2.0307933480441376,1.1813170465431897,1.387315535263304,0.91949999999999998,0.082000000000000003,0,2000
uk,TLF1,GNN,456,1,grid,1.8861451003588767,1.0202783075728439,4.2803195039468021,2.087333147939983,1.1813170465431897,1.387315535263304,0.91949999999999998,0.082000000000000003,0,2000
uk,TLF1,Uni,,2,grid,5.6143316085307271,3.025271772091318,8.9125026175261333,5.0521561229339333,4.751566349464416,5.1273296565904554,0.73450000000000004,0.32800000000000001,0,2000
uk,TLF1,LU,,2,grid,5.5588167528905235,3.0166783355586797,8.8086781811794932,4.9964813351142254,4.751566349464416,5.1273296565904554,0.73450000000000004,0.32800000000000001,0,2000
uk,TLF1,GNN,42,2,grid,4.4524162850744613,2.84206641062947,7.4626977868171407,5.4364045637027205,4.751566349464416,5.1273296565904554,0.73450000000000004,0.32800000000000001,0,2000
uk,TLF1,GNN,123,2,grid,4.7887704424252213,2.9043775992332375,7.8887147224610477,5.5467329381935846,4.751566349464416,5.1273296565904554,0.73450000000000004,0.32800000000000001,0,2000
uk,TLF1,GNN,456,2,grid,4.8702967126510064,2.937836411270101,8.0003592695408088,5.6192288439324543,4.751566349464416,5.1273296565904554,0.73450000000000004,0.32800000000000001,0,2000
uk,TLF1,Uni,,3,grid,9.0946853025742129,5.7604069116884746,14.075214802709525,9.081022398954131,10.863842188834521,10.820145875445419,0.49399999999999999,0.75749999999999995,1,2000
uk,TLF1,LU,,3,grid,8.9882933133617477,5.7252960697480191,13.913919515568166,8.9552222862548767,10.863842188834521,10.820145875445419,0.49399999999999999,0.75749999999999995,1,2000
uk,TLF1,GNN,42,3,grid,6.7202441156417345,4.635646874795385,10.065497174213105,7.7721789590347479,10.863842188834521,10.820145875445419,0.49399999999999999,0.75749999999999995,1,2000
uk,TLF1,GNN,123,3,grid,7.1875913793186008,4.9491103791841304,10.929040747708067,8.2995320298580744,10.863842188834521,10.820145875445419,0.49399999999999999,0.75749999999999995,1,2000
uk,TLF1,GNN,456,3,grid,7.3524264187649706,4.9989313420113293,11.122922771971908,8.3513682664494642,10.863842188834521,10.820145875445419,0.49399999999999999,0.75749999999999995,1,2000
uk,TLF1,Uni,,5,grid,16.942370727115989,12.979129241859361,24.759271465343605,19.028053361410262,29.607414899706594,29.251343912940062,0.188,2.0785,1,2000
uk,TLF1,LU,,5,grid,16.880023337684619,12.943071637704454,24.413324322778898,18.811535430205272,29.607414899706594,29.251343912940062,0.188,2.0785,1,2000
uk,TLF1,GNN,42,5,grid,10.921039410569072,8.3852658421162118,15.22178305118485,12.607566677492505,29.607414899706594,29.251343912940062,0.188,2.0785,1,2000
uk,TLF1,GNN,123,5,grid,12.159459530820236,9.5400411656518873,17.240786281401693,14.105846807848357,29.607414899706594,29.251343912940062,0.188,2.0785,1,2000
uk,TLF1,GNN,456,5,grid,12.302298628483566,9.6000974712584917,17.31824280234731,14.166180310267491,29.607414899706594,29.251343912940062,0.188,2.0785,1,2000
uk,TLF1,Uni,,7.5,grid,27.488231720499254,23.649618757471167,37.887523358265746,32.952735317885661,65.251103450673909,64.693904367121263,0.057000000000000002,4.5800000000000001,3,2000
uk,TLF1,LU,,7.5,grid,27.342387076062938,23.564298116414935,37.648394915659722,32.867161792473567,65.251103450673909,64.693904367121263,0.057000000000000002,4.5800000000000001,3,2000
uk,TLF1,GNN,42,7.5,grid,14.958702922160345,13.116534742373565,20.213944041696617,17.97657943931906,65.251103450673909,64.693904367121263,0.057000000000000002,4.5800000000000001,3,2000
uk,TLF1,GNN,123,7.5,grid,17.424616704395735,15.098141841490898,23.096720173017996,20.03725802087866,65.251103450673909,64.693904367121263,0.057000000000000002,4.5800000000000001,3,2000
uk,TLF1,GNN,456,7.5,grid,17.487499037545952,15.296800566444023,23.418769755257738,20.604736868496804,65.251103450673909,64.693904367121263,0.057000000000000002,4.5800000000000001,3,2000
uk,TLF1,Uni,,10,grid,40.454903199901189,35.869073062830118,54.189992576167214,48.318438599135966,112.57497144226184,112.24918615445192,0.017500000000000002,7.9015000000000004,6,2000
uk,TLF1,LU,,10,grid,40.046028416101294,35.615498400840529,53.781728275725925,48.098148161349734,112.57497144226184,112.24918615445192,0.017500000000000002,7.9015000000000004,6,2000
uk,TLF1,GNN,42,10,grid,21.126597804795281,17.831694126727996,27.775440090724189,24.342940429196901,112.57497144226184,112.24918615445192,0.017500000000000002,7.9015000000000004,6,2000
uk,TLF1,GNN,123,10,grid,25.081940393052268,21.481582897195096,31.939393999221991,27.351529785914487,112.57497144226184,112.24918615445192,0.017500000000000002,7.9015000000000004,6,2000
uk,TLF1,GNN,456,10,grid,25.573197289344538,21.672087065257383,32.831225878550313,28.350975340068121,112.57497144226184,112.24918615445192,0.017500000000000002,7.9015000000000004,6,2000
uk,TLF1,Uni,,15,grid,68.643175210413958,62.519101164243729,89.170143229839354,81.185898714161922,242.7560582058484,240.4045627927394,0,16.940999999999999,14,2000
uk,TLF1,LU,,15,grid,67.87500731457466,61.819464804390044,87.50997506272688,79.743269750243115,242.7560582058484,240.4045627927394,0,16.940999999999999,14,2000
uk,TLF1,GNN,42,15,grid,33.977978743207132,28.824192980399619,43.605811579601358,37.272414882369276,242.7560582058484,240.4045627927394,0,16.940999999999999,14,2000
uk,TLF1,GNN,123,15,grid,41.034618510653118,35.488215637947242,51.665874062619082,44.157574144559206,242.7560582058484,240.4045627927394,0,16.940999999999999,14,2000
uk,TLF1,GNN,456,15,grid,42.441123134094028,36.546706515620713,53.527334821195744,46.084846063143686,242.7560582058484,240.4045627927394,0,16.940999999999999,14,2000
uk,TLF1,Uni,,20,grid,93.110955587521133,86.258968559173525,115.55919843237098,106.14940570550012,405.43282334255565,402.461629424911,0,28.212499999999999,25,2000
uk,TLF1,LU,,20,grid,91.846067689576131,85.055098186138181,113.30134237607736,104.032102215976,405.43282334255565,402.461629424911,0,28.212499999999999,25,2000
uk,TLF1,GNN,42,20,grid,48.187492530199172,41.822226859198317,58.382771071990156,50.026702819462443,405.43282334255565,402.461629424911,0,28.212499999999999,25,2000
uk,TLF1,GNN,123,20,grid,56.478296297146862,49.856404249636462,68.265332314920485,60.038461639753002,405.43282334255565,402.461629424911,0,28.212499999999999,25,2000
uk,TLF1,GNN,456,20,grid,59.25221251065291,53.05164194623918,71.177536224710408,62.639199122802495,405.43282334255565,402.461629424911,0,28.212499999999999,25,2000
uk,TLF2,Uni,,1,grid,1.5360560735624913,0.68206519490745066,3.7370479806159107,1.3680632824543428,0.78128500000000001,0.97460535260069125,0.94750000000000001,0.055500000000000001,0,2000
uk,TLF2,LU,,1,grid,1.5273822858151771,0.69270468033784682,3.7263491204445565,1.3561944973699978,0.78128500000000001,0.97460535260069125,0.94750000000000001,0.055500000000000001,0,2000
uk,TLF2,GNN,42,1,grid,1.427810252725193,0.73097519584897419,3.5356670545311117,1.3571456647295159,0.78128500000000001,0.97460535260069125,0.94750000000000001,0.055500000000000001,0,2000
uk,TLF2,GNN,123,1,grid,1.421740186900863,0.70934813885954839,3.5084541832305507,1.2897372212988529,0.78128500000000001,0.97460535260069125,0.94750000000000001,0.055500000000000001,0,2000
uk,TLF2,GNN,456,1,grid,1.374386820248048,0.7665515427745162,3.465827363157624,1.4911981208622298,0.78128500000000001,0.97460535260069125,0.94750000000000001,0.055500000000000001,0,2000
uk,TLF2,Uni,,2,grid,4.8291796742632522,2.1815857267814196,7.9899462900420222,3.9732185629648438,3.2600500000000001,3.4085061150590543,0.81000000000000005,0.22750000000000001,0,2000
uk,TLF2,LU,,2,grid,4.799463052281328,2.2188562440622328,7.9304474023398512,3.9383697916068705,3.2600500000000001,3.4085061150590543,0.81000000000000005,0.22750000000000001,0,2000
uk,TLF2,GNN,42,2,grid,4.2053456983204196,1.9885859613236858,6.9416933694450069,3.4692609762481021,3.2600500000000001,3.4085061150590543,0.81000000000000005,0.22750000000000001,0,2000
uk,TLF2,GNN,123,2,grid,4.1667200225379561,1.9290856670244492,6.8294201599592803,3.253164041608049,3.2600500000000001,3.4085061150590543,0.81000000000000005,0.22750000000000001,0,2000
uk,TLF2,GNN,456,2,grid,3.8300104000747188,2.0733656577191497,6.4283366960061734,3.4846010494427642,3.2600500000000001,3.4085061150590543,0.81000000000000005,0.22750000000000001,0,2000
uk,TLF2,Uni,,3,grid,8.2955686182439834,4.4330145392964866,12.52908306542756,7.5905672041237482,7.2927799999999996,7.5919730292068035,0.621,0.52600000000000002,0,2000
uk,TLF2,LU,,3,grid,8.2936717281394809,4.5166262781117981,12.40874505632471,7.5361172030563708,7.2927799999999996,7.5919730292068035,0.621,0.52600000000000002,0,2000
uk,TLF2,GNN,42,3,grid,6.8075739153675432,3.5887930019333329,10.13228696808013,6.1422930371194093,7.2927799999999996,7.5919730292068035,0.621,0.52600000000000002,0,2000
uk,TLF2,GNN,123,3,grid,6.7218961225300555,3.4767272683539581,9.8927965366221784,5.7571420570215714,7.2927799999999996,7.5919730292068035,0.621,0.52600000000000002,0,2000
uk,TLF2,GNN,456,3,grid,6.0941650484500602,3.7146399410523685,8.9032360614541428,5.9099299112583283,7.2927799999999996,7.5919730292068035,0.621,0.52600000000000002,0,2000
uk,TLF2,Uni,,5,grid,15.056616703959229,9.9528894057123516,22.7672901482002,15.554293151676907,20.492744999999999,20.705495109616553,0.30549999999999999,1.4544999999999999,1,2000
uk,TLF2,LU,,5,grid,15.101304273185363,10.148523090250325,22.548179376779327,15.462906152442168,20.492744999999999,20.705495109616553,0.30549999999999999,1.4544999999999999,1,2000
uk,TLF2,GNN,42,5,grid,11.960025121299623,6.9165684941920169,17.894687628084988,11.15842707835165,20.492744999999999,20.705495109616553,0.30549999999999999,1.4544999999999999,1,2000
uk,TLF2,GNN,123,5,grid,11.844449690949899,6.7377420622553403,17.431301855272824,10.550683516105531,20.492744999999999,20.705495109616553,0.30549999999999999,1.4544999999999999,1,2000
uk,TLF2,GNN,456,5,grid,10.265689162069986,6.80990236035416,15.092009470069433,9.8529803455976808,20.492744999999999,20.705495109616553,0.30549999999999999,1.4544999999999999,1,2000
uk,TLF2,Uni,,7.5,grid,25.045587733492109,18.675097904672104,34.387129203586845,26.505221434780211,47.648820000000001,47.471801861667437,0.084500000000000006,3.2915000000000001,3,2000
uk,TLF2,LU,,7.5,grid,25.288375369584067,19.045424239211989,34.111998691896893,26.572551480011469,47.648820000000001,47.471801861667437,0.084500000000000006,3.2915000000000001,3,2000
uk,TLF2,GNN,42,7.5,grid,18.070041237221396,11.810539747055932,25.364028509543378,17.378967304380755,47.648820000000001,47.471801861667437,0.084500000000000006,3.2915000000000001,3,2000
uk,TLF2,GNN,123,7.5,grid,17.699456215590125,11.412101332495368,24.421920798727768,16.462506623746201,47.648820000000001,47.471801861667437,0.084500000000000006,3.2915000000000001,3,2000
uk,TLF2,GNN,456,7.5,grid,15.409456702497106,10.842628379368641,20.886640048605109,14.46382074447008,47.648820000000001,47.471801861667437,0.084500000000000006,3.2915000000000001,3,2000
uk,TLF2,Uni,,10,grid,34.953820866907527,28.525085564591137,45.358885338870081,37.590527852706444,86.064864999999998,85.326257451222119,0.0080000000000000002,5.8650000000000002,4,2000
uk,TLF2,LU,,10,grid,35.288316665201855,28.9528113149278,45.345255629429715,37.866708423185109,86.064864999999998,85.326257451222119,0.0080000000000000002,5.8650000000000002,4,2000
uk,TLF2,GNN,42,10,grid,22.97575355806487,17.467613184630498,31.178146195759581,24.147507946246105,86.064864999999998,85.326257451222119,0.0080000000000000002,5.8650000000000002,4,2000
uk,TLF2,GNN,123,10,grid,22.227573737078735,16.827494612398585,29.766218741410494,22.948512947613075,86.064864999999998,85.326257451222119,0.0080000000000000002,5.8650000000000002,4,2000
uk,TLF2,GNN,456,10,grid,19.743841400732531,16.130770443209457,25.566029801709675,20.396095138336534,86.064864999999998,85.326257451222119,0.0080000000000000002,5.8650000000000002,4,2000
uk,TLF2,Uni,,15,grid,53.615313116229053,46.042537254130309,64.911930411211827,56.166224654896439,188.88832500000001,187.31494877192654,0,12.605,11,2000
uk,TLF2,LU,,15,grid,54.557579818523891,46.949475210114002,65.568599209059741,57.00600527046501,188.88832500000001,187.31494877192654,0,12.605,11,2000
uk,TLF2,GNN,42,15,grid,33.319923400278292,27.550989586909861,42.460898462210984,35.526684769287513,188.88832500000001,187.31494877192654,0,12.605,11,2000
uk,TLF2,GNN,123,15,grid,31.949952309805415,26.606846047606677,40.479986679309157,33.721899079596703,188.88832500000001,187.31494877192654,0,12.605,11,2000
uk,TLF2,GNN,456,15,grid,28.576019313058612,25.211511459253561,35.424316663622285,30.388315605036858,188.88832500000001,187.31494877192654,0,12.605,11,2000
uk,TLF2,Uni,,20,grid,64.634603914257511,57.627939635256332,77.125672751335955,67.565935091659711,318.90472499999998,315.91105572172449,0,21.074999999999999,21,2000
uk,TLF2,LU,,20,grid,65.545645210957176,58.851057065403801,78.107871233099289,68.912025787584383,318.90472499999998,315.91105572172449,0,21.074999999999999,21,2000
uk,TLF2,GNN,42,20,grid,41.759884941348531,33.557474118555454,52.208027836508599,43.220601576158593,318.90472499999998,315.91105572172449,0,21.074999999999999,21,2000
uk,TLF2,GNN,123,20,grid,39.796917453000219,32.112214426822419,49.762526699543244,41.014267840475732,318.90472499999998,315.91105572172449,0,21.074999999999999,21,2000
uk,TLF2,GNN,456,20,grid,35.12835180046303,29.665999637561534,42.933939519765268,35.647868083875423,318.90472499999998,315.91105572172449,0,21.074999999999999,21,2000
uk,TLC1,Uni,,1,grid,1.4187301838314796,0.50485085069850522,3.8502175490075938,0.83224670845371662,0.76320268261718749,0.76737311653906704,0.95650000000000002,0.044499999999999998,0,2000
uk,TLC1,LU,,1,grid,1.391407476245005,0.48361022208540794,3.7997105127974744,0.81000608051707634,0.76320268261718749,0.76737311653906704,0.95650000000000002,0.044499999999999998,0,2000
uk,TLC1,GNN,42,1,grid,1.245300227720922,0.62838687871830667,3.6543010008414343,1.2062571455489519,0.76320268261718749,0.76737311653906704,0.95650000000000002,0.044499999999999998,0,2000
uk,TLC1,GNN,123,1,grid,1.2341876630433009,0.6268561814715774,3.6165872542466309,1.2015048808909694,0.76320268261718749,0.76737311653906704,0.95650000000000002,0.044499999999999998,0,2000
uk,TLC1,GNN,456,1,grid,1.2191388743064626,0.63321153905061878,3.6085610400449406,1.2042984245707349,0.76320268261718749,0.76737311653906704,0.95650000000000002,0.044499999999999998,0,2000
uk,TLC1,Uni,,2,grid,4.7547473497829307,1.920614571350975,7.7014384475594913,3.0241375465799116,3.1737884121093751,3.2345547277864184,0.84099999999999997,0.1905,0,2000
uk,TLC1,LU,,2,grid,4.5253190224662205,1.7949854032428603,7.4605928199637566,2.8623148965662866,3.1737884121093751,3.2345547277864184,0.84099999999999997,0.1905,0,2000
uk,TLC1,GNN,42,2,grid,3.8133341234835925,2.038983598078989,6.6411184758621964,3.5989252846291153,3.1737884121093751,3.2345547277864184,0.84099999999999997,0.1905,0,2000
uk,TLC1,GNN,123,2,grid,3.6951674021803829,1.9937293736908774,6.5821427203285294,3.4949004670198227,3.1737884121093751,3.2345547277864184,0.84099999999999997,0.1905,0,2000
uk,TLC1,GNN,456,2,grid,3.7346764036971796,2.0652784988525172,6.5728503527970652,3.6061039779322579,3.1737884121093751,3.2345547277864184,0.84099999999999997,0.1905,0,2000
uk,TLC1,Uni,,3,grid,8.2051964784342566,3.8240425926800916,11.818151082575483,5.7554875389092723,7.0379874855957043,7.0030229984982304,0.70899999999999996,0.42549999999999999,0,2000
uk,TLC1,LU,,3,grid,7.8178624732149773,3.4855493190061861,11.220534863684593,5.3042364739509038,7.0379874855957043,7.0030229984982304,0.70899999999999996,0.42549999999999999,0,2000
uk,TLC1,GNN,42,3,grid,6.3681161010483178,3.6830400126968605,9.4307837276864532,6.0265687334748206,7.0379874855957043,7.0030229984982304,0.70899999999999996,0.42549999999999999,0,2000
uk,TLC1,GNN,123,3,grid,6.0563470574631317,3.5632397754030829,9.2498137660666373,5.8059868964555061,7.0379874855957043,7.0030229984982304,0.70899999999999996,0.42549999999999999,0,2000
uk,TLC1,GNN,456,3,grid,6.2193676595210361,3.7236173542664659,9.4216217426580506,5.9803905967210094,7.0379874855957043,7.0030229984982304,0.70899999999999996,0.42549999999999999,0,2000
uk,TLC1,Uni,,5,grid,14.234022854412302,8.7079112291328968,19.842972895480692,12.038438686385051,19.053473767578126,18.535140967427505,0.46650000000000003,1.1685000000000001,1,2000
uk,TLC1,LU,,5,grid,13.090026798341434,7.9394456739641299,18.132406773428603,10.843615277507933,19.053473767578126,18.535140967427505,0.46650000000000003,1.1685000000000001,1,2000
uk,TLC1,GNN,42,5,grid,9.997803251106351,7.3834574455607598,14.141844232552732,11.003377467535953,19.053473767578126,18.535140967427505,0.46650000000000003,1.1685000000000001,1,2000
uk,TLC1,GNN,123,5,grid,9.3375065696040203,7.0740914585426031,13.427843229818494,10.57323596032049,19.053473767578126,18.535140967427505,0.46650000000000003,1.1685000000000001,1,2000
uk,TLC1,GNN,456,5,grid,9.8707183465343551,7.3389140621103213,14.148917410117535,10.632238024103748,19.053473767578126,18.535140967427505,0.46650000000000003,1.1685000000000001,1,2000
uk,TLC1,Uni,,7.5,grid,22.779374137194129,15.841226109055784,28.959618799762822,20.286868153751254,40.962919038818363,39.799378565925565,0.3115,2.4740000000000002,1,2000
uk,TLC1,LU,,7.5,grid,20.973768412337922,14.423985969405013,26.321966238405373,18.369270170318568,40.962919038818363,39.799378565925565,0.3115,2.4740000000000002,1,2000
uk,TLC1,GNN,42,7.5,grid,15.03297181004171,12.320054483827779,19.541607184764878,16.991984105717936,40.962919038818363,39.799378565925565,0.3115,2.4740000000000002,1,2000
uk,TLC1,GNN,123,7.5,grid,13.192427367389923,11.539567976845172,17.876571983837071,16.314364782370802,40.962919038818363,39.799378565925565,0.3115,2.4740000000000002,1,2000
uk,TLC1,GNN,456,7.5,grid,14.291499236815708,11.679711853905857,18.786385308023839,16.091235376432152,40.962919038818363,39.799378565925565,0.3115,2.4740000000000002,1,2000
uk,TLC1,Uni,,10,grid,29.776445962808729,23.247775734099001,36.048573384780461,28.324062849891895,67.985114771728519,67.56530775951623,0.1825,4.1040000000000001,3,2000
uk,TLC1,LU,,10,grid,27.525308499060312,21.494154278324654,33.234886568973138,26.278313839038898,67.985114771728519,67.56530775951623,0.1825,4.1040000000000001,3,2000
uk,TLC1,GNN,42,10,grid,20.038451320967326,17.347617664826799,25.618257102922247,23.192932046069579,67.985114771728519,67.56530775951623,0.1825,4.1040000000000001,3,2000
uk,TLC1,GNN,123,10,grid,17.149042162521514,15.717127873030586,22.41412606896856,21.116990849656066,67.985114771728519,67.56530775951623,0.1825,4.1040000000000001,3,2000
uk,TLC1,GNN,456,10,grid,18.17322687731922,16.240600554073783,23.31327904348332,21.355981516656886,67.985114771728519,67.56530775951623,0.1825,4.1040000000000001,3,2000
uk,TLC1,Uni,,15,grid,46.680443362074833,38.704810731942516,54.697380931832392,46.26824000987088,137.38844359008792,137.70410976791362,0.053499999999999999,8.3350000000000009,8,2000
uk,TLC1,LU,,15,grid,44.143792512378383,36.37940368695633,52.061187939955637,43.803752769489584,137.38844359008792,137.70410976791362,0.053499999999999999,8.3350000000000009,8,2000
uk,TLC1,GNN,42,15,grid,31.8069008787743,26.65887531865306,40.186255337086109,34.439218475565838,137.38844359008792,137.70410976791362,0.053499999999999999,8.3350000000000009,8,2000
uk,TLC1,GNN,123,15,grid,26.95379416156733,21.375310192345641,34.636555608371289,28.997986645488709,137.38844359008792,137.70410976791362,0.053499999999999999,8.3350000000000009,8,2000
uk,TLC1,GNN,456,15,grid,29.889225164943038,23.585660984272234,37.242336509595503,30.88262861101764,137.38844359008792,137.70410976791362,0.053499999999999999,8.3350000000000009,8,2000
uk,TLC1,Uni,,20,grid,65.190110213142802,55.098701239940546,76.715436414805907,63.804571441554451,221.93847509448241,221.65208890566066,0.0035000000000000001,13.548,14,2000
uk,TLC1,LU,,20,grid,61.306021320295308,51.724194036871353,72.44219002966193,60.001210574246372,221.93847509448241,221.65208890566066,0.0035000000000000001,13.548,14,2000
uk,TLC1,GNN,42,20,grid,42.884633377531664,34.697341344243462,52.154600937904547,42.728444474001577,221.93847509448241,221.65208890566066,0.0035000000000000001,13.548,14,2000
uk,TLC1,GNN,123,20,grid,34.783043576171856,27.082736030415312,43.053752456607448,34.166381825571108,221.93847509448241,221.65208890566066,0.0035000000000000001,13.548,14,2000
uk,TLC1,GNN,456,20,grid,39.215786970255373,30.850994377743955,47.473600867397835,38.026595445071969,221.93847509448241,221.65208890566066,0.0035000000000000001,13.548,14,2000
uk,TLC2,Uni,,1,grid,0.66603775383785557,0.26490372712187304,2.7972312577178027,1.0361512944575391,0.41792704832039296,0.37078337723911658,0.97450000000000003,0.027,0,2000
uk,TLC2,LU,,1,grid,0.63397837146106772,0.26352488369490323,2.7385424313085633,1.000346902628984,0.41792704832039296,0.37078337723911658,0.97450000000000003,0.027,0,2000
uk,TLC2,GNN,42,1,grid,0.61533077826011207,0.2771199220704243,2.7109573414435273,1.0299013798537469,0.41792704832039296,0.37078337723911658,0.97450000000000003,0.027,0,2000
uk,TLC2,GNN,123,1,grid,0.62099390974652457,0.28182357218917548,2.7488546969256085,1.0433867186605033,0.41792704832039296,0.37078337723911658,0.97450000000000003,0.027,0,2000
uk,TLC2,GNN,456,1,grid,0.62330847438738968,0.28204670948282451,2.7307478844514752,1.0409209661365784,0.41792704832039296,0.37078337723911658,0.97450000000000003,0.027,0,2000
uk,TLC2,Uni,,2,grid,1.9195851368305683,0.98919099768154006,6.0885315850800188,3.4800324814161434,1.5240462949824627,1.5320278210234435,0.92600000000000005,0.10150000000000001,0,2000
uk,TLC2,LU,,2,grid,1.7990284570929935,0.9552991521004307,5.6566792214763764,3.1891029441399024,1.5240462949824627,1.5320278210234435,0.92600000000000005,0.10150000000000001,0,2000
uk,TLC2,GNN,42,2,grid,1.5515616044514378,0.87916456615965777,5.0819252747819368,2.930448349687139,1.5240462949824627,1.5320278210234435,0.92600000000000005,0.10150000000000001,0,2000
uk,TLC2,GNN,123,2,grid,1.5451719835060871,0.89244219528103752,4.9790094680603421,2.8598853577563506,1.5240462949824627,1.5320278210234435,0.92600000000000005,0.10150000000000001,0,2000
uk,TLC2,GNN,456,2,grid,1.5957455326771117,0.91045857868510927,5.1289176621465851,2.9713717004540308,1.5240462949824627,1.5320278210234435,0.92600000000000005,0.10150000000000001,0,2000
uk,TLC2,Uni,,3,grid,3.6411040686454466,2.011668855819186,10.430573932725546,6.5273519545340219,3.5001827771769713,3.3604868143011952,0.875,0.23250000000000001,0,2000
uk,TLC2,LU,,3,grid,3.4665694697499165,1.9088238663471735,9.5997423566610056,5.7759154730638942,3.5001827771769713,3.3604868143011952,0.875,0.23250000000000001,0,2000
uk,TLC2,GNN,42,3,grid,2.9503268295811651,1.7056662328740555,8.3853193442155565,4.8339610392393952,3.5001827771769713,3.3604868143011952,0.875,0.23250000000000001,0,2000
uk,TLC2,GNN,123,3,grid,2.9495716170320874,1.7081238849640208,8.1840260922778754,4.7408942310518185,3.5001827771769713,3.3604868143011952,0.875,0.23250000000000001,0,2000
uk,TLC2,GNN,456,3,grid,3.0881107842633155,1.78266870422422,8.4588032744986545,4.9571493327382559,3.5001827771769713,3.3604868143011952,0.875,0.23250000000000001,0,2000
uk,TLC2,Uni,,5,grid,7.6529439590131254,4.6938713222285582,16.94897814338832,12.846061976239422,9.2654674820399379,9.2609378967500255,0.78600000000000003,0.60350000000000004,0,2000
uk,TLC2,LU,,5,grid,7.2315572279201357,4.3773923322090482,15.306836644244113,11.223286183313236,9.2654674820399379,9.2609378967500255,0.78600000000000003,0.60350000000000004,0,2000
uk,TLC2,GNN,42,5,grid,6.0587057593740052,3.7555517942412657,13.067250132065768,9.2483297601123606,9.2654674820399379,9.2609378967500255,0.78600000000000003,0.60350000000000004,0,2000
uk,TLC2,GNN,123,5,grid,5.9246134025875472,3.6301006122468831,12.729462315018971,8.9772936779092269,9.2654674820399379,9.2609378967500255,0.78600000000000003,0.60350000000000004,0,2000
uk,TLC2,GNN,456,5,grid,6.4473305854882943,4.0094514879587164,13.509298395395026,9.7627068218283455,9.2654674820399379,9.2609378967500255,0.78600000000000003,0.60350000000000004,0,2000
uk,TLC2,Uni,,7.5,grid,13.445745193198753,8.5715604083049648,24.082645145336851,19.017663779752873,19.851922127610528,20.106178360648045,0.6825,1.3115000000000001,0,2000
uk,TLC2,LU,,7.5,grid,12.395455411851845,7.8478741919911341,21.834876138856572,16.96932283678645,19.851922127610528,20.106178360648045,0.6825,1.3115000000000001,0,2000
uk,TLC2,GNN,42,7.5,grid,10.134856673609548,6.3846567161412491,17.886800296397809,13.521916504875479,19.851922127610528,20.106178360648045,0.6825,1.3115000000000001,0,2000
uk,TLC2,GNN,123,7.5,grid,9.6865259068453451,5.9862391576899245,17.227795748828285,12.977527295774967,19.851922127610528,20.106178360648045,0.6825,1.3115000000000001,0,2000
uk,TLC2,GNN,456,7.5,grid,10.969394463607925,6.9788207627743981,19.025487768470825,14.708730573780002,19.851922127610528,20.106178360648045,0.6825,1.3115000000000001,0,2000
uk,TLC2,Uni,,10,grid,18.716549779588131,12.603488992413848,30.585693426833373,24.339370032869429,33.280520299100239,34.082990091568483,0.57650000000000001,2.2210000000000001,0,2000
uk,TLC2,LU,,10,grid,16.909036787389049,11.347238834194924,27.680994081237714,21.545694674370473,33.280520299100239,34.082990091568483,0.57650000000000001,2.2210000000000001,0,2000
uk,TLC2,GNN,42,10,grid,13.541294802362728,8.6599629825642594,21.598084644596021,16.128691964473703,33.280520299100239,34.082990091568483,0.57650000000000001,2.2210000000000001,0,2000
uk,TLC2,GNN,123,10,grid,12.988711176295251,8.2650148735435156,21.156389602777107,15.796912767585843,33.280520299100239,34.082990091568483,0.57650000000000001,2.2210000000000001,0,2000
uk,TLC2,GNN,456,10,grid,15.010956155329696,9.7165697977770069,23.448658443160266,18.120277121312146,33.280520299100239,34.082990091568483,0.57650000000000001,2.2210000000000001,0,2000
uk,TLC2,Uni,,15,grid,29.854176494077365,22.390263593927184,43.945675350554119,35.820285463868878,70.356836854824834,72.215044914219234,0.36199999999999999,4.6580000000000004,1,2000
uk,TLC2,LU,,15,grid,26.98309004353807,20.262280949404545,38.908217273804297,31.13681509109815,70.356836854824834,72.215044914219234,0.36199999999999999,4.6580000000000004,1,2000
uk,TLC2,GNN,42,15,grid,20.637806379402328,14.521188853253159,28.722857044153912,22.900647676199984,70.356836854824834,72.215044914219234,0.36199999999999999,4.6580000000000004,1,2000
uk,TLC2,GNN,123,15,grid,19.907221635664051,13.891583688138963,28.103571591989343,22.096671918704178,70.356836854824834,72.215044914219234,0.36199999999999999,4.6580000000000004,1,2000
uk,TLC2,GNN,456,15,grid,23.35893493484042,16.934692442532622,32.324674545686761,26.371317884037602,70.356836854824834,72.215044914219234,0.36199999999999999,4.6580000000000004,1,2000
uk,TLC2,Uni,,20,grid,42.09277482866802,32.9013975119584,56.001859129498825,45.908653282073573,117.44130201339136,121.31080931038061,0.184,7.7140000000000004,2,2000
uk,TLC2,LU,,20,grid,38.629328162165038,29.661169884914983,49.506236624621494,39.324725634971038,117.44130201339136,121.31080931038061,0.184,7.7140000000000004,2,2000
uk,TLC2,GNN,42,20,grid,28.419886573111448,19.958765910179693,36.454788802551789,27.928256282613468,117.44130201339136,121.31080931038061,0.184,7.7140000000000004,2,2000
uk,TLC2,GNN,123,20,grid,27.434302730082614,18.827840453502148,35.268241738485891,26.222878295472452,117.44130201339136,121.31080931038061,0.184,7.7140000000000004,2,2000
uk,TLC2,GNN,456,20,grid,32.983528449561916,24.354499701924563,41.798854443551356,33.141259696824378,117.44130201339136,121.31080931038061,0.184,7.7140000000000004,2,2000
uk,TLD6,Uni,,1,grid,1.708449892558332,0.69144150048678521,3.352574664361053,1.1817158997887804,1.0323997385573489,1.0052453082471471,0.87749999999999995,0.13200000000000001,0,2000
uk,TLD6,LU,,1,grid,1.6765688800544194,0.71387527811338081,3.3256717124293691,1.2004258328090904,1.0323997385573489,1.0052453082471471,0.87749999999999995,0.13200000000000001,0,2000
uk,TLD6,GNN,42,1,grid,1.483227213483949,0.75633567035803295,3.1790949306676679,1.4785554197511839,1.0323997385573489,1.0052453082471471,0.87749999999999995,0.13200000000000001,0,2000
uk,TLD6,GNN,123,1,grid,1.5798772375985053,0.74400403624584954,3.1986897139406518,1.240220645642206,1.0323997385573489,1.0052453082471471,0.87749999999999995,0.13200000000000001,0,2000
uk,TLD6,GNN,456,1,grid,1.5384438144867509,0.75314230645461311,3.1965132922961099,1.3357406610736116,1.0323997385573489,1.0052453082471471,0.87749999999999995,0.13200000000000001,0,2000
uk,TLD6,Uni,,2,grid,4.8880706461448993,2.4015805242285229,7.8196064176179547,3.7534246836183605,4.2253518011565605,3.946156904075746,0.63749999999999996,0.50749999999999995,0,2000
uk,TLD6,LU,,2,grid,4.7605178969050286,2.4435531641193902,7.6359617492694074,3.7600657498572456,4.2253518011565605,3.946156904075746,0.63749999999999996,0.50749999999999995,0,2000
uk,TLD6,GNN,42,2,grid,3.8252922337472257,2.1790771704054008,6.4309268901202659,3.623663523411202,4.2253518011565605,3.946156904075746,0.63749999999999996,0.50749999999999995,0,2000
uk,TLD6,GNN,123,2,grid,4.3163440516932505,2.248799816694814,6.9356954351376681,3.4628402751957661,4.2253518011565605,3.946156904075746,0.63749999999999996,0.50749999999999995,0,2000
uk,TLD6,GNN,456,2,grid,4.1055480925520378,2.1950581361255468,6.695211310012156,3.4843658098516728,4.2253518011565605,3.946156904075746,0.63749999999999996,0.50749999999999995,0,2000
uk,TLD6,Uni,,3,grid,8.27692763479509,4.7076233597520121,12.162949015570222,6.9735466619173367,8.9354020316297618,8.6803120585751827,0.42799999999999999,1.0754999999999999,1,2000
uk,TLD6,LU,,3,grid,8.0280635071617201,4.7252823959588435,11.733236877785652,6.9548689951490799,8.9354020316297618,8.6803120585751827,0.42799999999999999,1.0754999999999999,1,2000
uk,TLD6,GNN,42,3,grid,5.912108193418935,3.7124053815689324,8.9824758477632667,5.7129308469794724,8.9354020316297618,8.6803120585751827,0.42799999999999999,1.0754999999999999,1,2000
uk,TLD6,GNN,123,3,grid,6.9421783111085693,4.0660567558062715,10.266125136861218,5.9812255881155645,8.9354020316297618,8.6803120585751827,0.42799999999999999,1.0754999999999999,1,2000
uk,TLD6,GNN,456,3,grid,6.4971371253586172,3.8631109410610507,9.7102944998110186,5.799029187228177,8.9354020316297618,8.6803120585751827,0.42799999999999999,1.0754999999999999,1,2000
uk,TLD6,Uni,,5,grid,14.952323419979619,10.572119300688573,19.51322579376399,13.878844054973568,23.389642659788286,23.332986523505504,0.1235,2.8525,2,2000
uk,TLD6,LU,,5,grid,14.37314258984763,10.291615435749863,18.734823383716794,13.660274869974357,23.389642659788286,23.332986523505504,0.1235,2.8525,2,2000
uk,TLD6,GNN,42,5,grid,9.5097139488266045,7.0839142091313239,13.40589216344542,9.9862854188766725,23.389642659788286,23.332986523505504,0.1235,2.8525,2,2000
uk,TLD6,GNN,123,5,grid,11.842539677147347,8.6248758628651778,16.488405026635636,11.949002366303555,23.389642659788286,23.332986523505504,0.1235,2.8525,2,2000
uk,TLD6,GNN,456,5,grid,10.652443568921312,7.8578599708088248,15.095189764490405,10.938520270604442,23.389642659788286,23.332986523505504,0.1235,2.8525,2,2000
uk,TLD6,Uni,,7.5,grid,22.816134793805578,17.56683586495755,27.622366015560878,21.682378092499157,50.203822114639756,49.626026057343452,0.012500000000000001,6.1349999999999998,5,2000
uk,TLD6,LU,,7.5,grid,22.156022599940435,17.13921482408184,26.99399761140803,21.355615794438464,50.203822114639756,49.626026057343452,0.012500000000000001,6.1349999999999998,5,2000
uk,TLD6,GNN,42,7.5,grid,15.004324004395365,10.932844089842421,19.659949570764443,14.898226230017169,50.203822114639756,49.626026057343452,0.012500000000000001,6.1349999999999998,5,2000
uk,TLD6,GNN,123,7.5,grid,19.365236838452169,14.638010860352312,25.212258306702562,19.464092909939382,50.203822114639756,49.626026057343452,0.012500000000000001,6.1349999999999998,5,2000
uk,TLD6,GNN,456,7.5,grid,17.001300770980993,12.625559975834133,22.400563553934024,16.972816516721299,50.203822114639756,49.626026057343452,0.012500000000000001,6.1349999999999998,5,2000
uk,TLD6,Uni,,10,grid,27.495946665474865,22.029873577727884,32.889989933058899,26.865923030972532,84.409291096573838,83.823965631156597,0,10.4175,9.5,2000
uk,TLD6,LU,,10,grid,26.892930989006672,21.877284307820499,32.261926805045526,26.570134513936889,84.409291096573838,83.823965631156597,0,10.4175,9.5,2000
uk,TLD6,GNN,42,10,grid,19.698324398831289,14.998185871517277,24.446396996077624,19.397426293205477,84.409291096573838,83.823965631156597,0,10.4175,9.5,2000
uk,TLD6,GNN,123,10,grid,25.810611233294491,20.708305914380734,31.307176203064749,25.699407300297636,84.409291096573838,83.823965631156597,0,10.4175,9.5,2000
uk,TLD6,GNN,456,10,grid,22.41895546514894,17.464479602543324,27.625847666881434,22.101464555170303,84.409291096573838,83.823965631156597,0,10.4175,9.5,2000
uk,TLD6,Uni,,15,grid,27.45896857025182,24.125271015016189,34.133596647922403,29.258257653573985,169.96098836992542,169.7979056869504,0,21.259499999999999,21,2000
uk,TLD6,LU,,15,grid,27.173274270000931,24.651947388227605,33.594842326299869,29.494351493362704,169.96098836992542,169.7979056869504,0,21.259499999999999,21,2000
uk,TLD6,GNN,42,15,grid,21.791241613814563,19.651910638993833,26.352822812029636,23.778879703733296,169.96098836992542,169.7979056869504,0,21.259499999999999,21,2000
uk,TLD6,GNN,123,15,grid,27.552134904427824,24.921534034189492,33.179897618806883,29.285709078207809,169.96098836992542,169.7979056869504,0,21.259499999999999,21,2000
uk,TLD6,GNN,456,15,grid,24.242233270142204,21.874692116088664,29.219435819254599,25.7753998969064,169.96098836992542,169.7979056869504,0,21.259499999999999,21,2000
uk,TLD6,Uni,,20,grid,27.484848493534844,22.821170297093232,35.314045783377338,29.556007954106992,270.92327293746621,270.94633556916051,0,34.021000000000001,35,2000
uk,TLD6,LU,,20,grid,27.713795686289629,23.684489124599303,35.743932547440679,30.755606405809484,270.92327293746621,270.94633556916051,0,34.021000000000001,35,2000
uk,TLD6,GNN,42,20,grid,22.648392190173677,21.266635610461428,27.764699733744894,26.077379698844677,270.92327293746621,270.94633556916051,0,34.021000000000001,35,2000
uk,TLD6,GNN,123,20,grid,27.168319276916591,24.56635260073244,33.315103629790585,30.541323286432213,270.92327293746621,270.94633556916051,0,34.021000000000001,35,2000
uk,TLD6,GNN,456,20,grid,24.900337758395924,22.954738986859716,30.524749086177405,28.202592620670284,270.92327293746621,270.94633556916051,0,34.021000000000001,35,2000
uk,TLG1,Uni,,1,grid,0.93364528455969098,0.36919723417320427,3.331939394657272,0.65206527577379381,0.47443999999999997,0.48702859155557543,0.96699999999999997,0.033500000000000002,0,2000
uk,TLG1,LU,,1,grid,0.93001790772557347,0.3662778137025543,3.3260303549197485,0.64253560743021165,0.47443999999999997,0.48702859155557543,0.96699999999999997,0.033500000000000002,0,2000
uk,TLG1,GNN,42,1,grid,0.87291633308309957,0.54358580298246972,3.8057068984339386,2.7491164250166791,0.47443999999999997,0.48702859155557543,0.96699999999999997,0.033500000000000002,0,2000
uk,TLG1,GNN,123,1,grid,0.84285705469654493,0.50438616152593985,2.9909150208188677,1.4263115101380432,0.47443999999999997,0.48702859155557543,0.96699999999999997,0.033500000000000002,0,2000
uk,TLG1,GNN,456,1,grid,0.89358552012277659,0.49898976389414795,3.9981380393465202,2.7692795458064086,0.47443999999999997,0.48702859155557543,0.96699999999999997,0.033500000000000002,0,2000
uk,TLG1,Uni,,2,grid,3.5761209742637847,1.4435308817497947,7.6026049477011428,2.4789570327298742,2.15326,2.0166008764881846,0.877,0.13950000000000001,0,2000
uk,TLG1,LU,,2,grid,3.5592813650658139,1.4252504931600114,7.5670945136765466,2.4379276636365748,2.15326,2.0166008764881846,0.877,0.13950000000000001,0,2000
uk,TLG1,GNN,42,2,grid,3.2112840379370602,1.797875927866815,8.0475138875966756,5.3677614392416837,2.15326,2.0166008764881846,0.877,0.13950000000000001,0,2000
uk,TLG1,GNN,123,2,grid,3.1255388384708449,1.6741088302423628,6.8653867194326885,3.4031012154424425,2.15326,2.0166008764881846,0.877,0.13950000000000001,0,2000
uk,TLG1,GNN,456,2,grid,3.2664734103788962,1.6735888423523055,8.3060320604621793,5.3968315732841017,2.15326,2.0166008764881846,0.877,0.13950000000000001,0,2000
uk,TLG1,Uni,,3,grid,6.4889945153113189,3.1153684576279339,10.728273956569375,5.0433868556193087,4.5396549999999998,4.5595586579904879,0.74350000000000005,0.308,0,2000
uk,TLG1,LU,,3,grid,6.4573000540089378,3.0692057036982883,10.656391506582313,4.9588188656626544,4.5396549999999998,4.5595586579904879,0.74350000000000005,0.308,0,2000
uk,TLG1,GNN,42,3,grid,5.813200139280247,3.544443020652754,11.414317220109602,8.6094615903210059,4.5396549999999998,4.5595586579904879,0.74350000000000005,0.308,0,2000
uk,TLG1,GNN,123,3,grid,5.5870431587113254,3.3150117750026964,9.4871056914568168,5.8314647315910193,4.5396549999999998,4.5595586579904879,0.74350000000000005,0.308,0,2000
uk,TLG1,GNN,456,3,grid,5.9068215519732714,3.345903998947021,11.664409245877378,8.5549695459042692,4.5396549999999998,4.5595586579904879,0.74350000000000005,0.308,0,2000
uk,TLG1,Uni,,5,grid,12.694576902385506,7.4390100361069749,18.991456461650131,10.90410421845316,12.928000000000001,12.284924658597115,0.45150000000000001,0.82099999999999995,1,2000
uk,TLG1,LU,,5,grid,12.582515143265468,7.3047200443663094,18.826446267489448,10.722261140405847,12.928000000000001,12.284924658597115,0.45150000000000001,0.82099999999999995,1,2000
uk,TLG1,GNN,42,5,grid,11.050845010558771,7.3295364796937736,18.882846791688518,14.029072136259758,12.928000000000001,12.284924658597115,0.45150000000000001,0.82099999999999995,1,2000
uk,TLG1,GNN,123,5,grid,10.48634049327589,6.873696864546015,16.176695507107908,10.388080271194841,12.928000000000001,12.284924658597115,0.45150000000000001,0.82099999999999995,1,2000
uk,TLG1,GNN,456,5,grid,11.166281782747902,7.152802099701125,19.316532427220313,14.014646319097665,12.928000000000001,12.284924658597115,0.45150000000000001,0.82099999999999995,1,2000
uk,TLG1,Uni,,7.5,grid,19.989769835818034,13.755294751675686,27.330231308183134,18.342176411767365,27.444315000000003,26.426267041882777,0.17199999999999999,1.7544999999999999,1,2000
uk,TLG1,LU,,7.5,grid,19.826991286197867,13.508809211264252,27.080232581841912,18.05182318706369,27.444315000000003,26.426267041882777,0.17199999999999999,1.7544999999999999,1,2000
uk,TLG1,GNN,42,7.5,grid,17.91758872652926,13.1550927556296,27.165936603468214,20.979202090704472,27.444315000000003,26.426267041882777,0.17199999999999999,1.7544999999999999,1,2000
uk,TLG1,GNN,123,7.5,grid,16.897788483144687,11.906253085450068,23.492226087329318,16.048960305328315,27.444315000000003,26.426267041882777,0.17199999999999999,1.7544999999999999,1,2000
uk,TLG1,GNN,456,7.5,grid,18.082389220982801,13.18899739106226,27.67572885089977,21.304145890413579,27.444315000000003,26.426267041882777,0.17199999999999999,1.7544999999999999,1,2000
uk,TLG1,Uni,,10,grid,26.532370938071288,20.283544780963112,33.749632250769729,24.951070150316237,47.560470000000002,45.51628887929418,0.0395,3.012,2,2000
uk,TLG1,LU,,10,grid,26.28845955165691,19.937068901453518,33.405422723936901,24.552704709268315,47.560470000000002,45.51628887929418,0.0395,3.012,2,2000
uk,TLG1,GNN,42,10,grid,24.19438875653135,19.44888013175677,33.282989187908143,27.317187633180382,47.560470000000002,45.51628887929418,0.0395,3.012,2,2000
uk,TLG1,GNN,123,10,grid,22.278649840063782,17.007348997225627,28.990589461847527,21.642694507739435,47.560470000000002,45.51628887929418,0.0395,3.012,2,2000
uk,TLG1,GNN,456,10,grid,24.321411917533375,19.532019833927976,33.649522416047631,27.494044941226107,47.560470000000002,45.51628887929418,0.0395,3.012,2,2000
uk,TLG1,Uni,,15,grid,38.437927214416874,30.441719182503846,45.356371414095911,35.668097969207885,98.029160000000005,94.679259002165608,0,6.1399999999999997,6,2000
uk,TLG1,LU,,15,grid,38.032465356220818,29.99803390008671,44.858023402927628,35.09800052093135,98.029160000000005,94.679259002165608,0,6.1399999999999997,6,2000
uk,TLG1,GNN,42,15,grid,35.871710487163632,29.623517165352393,43.270348207943371,37.186451597708626,98.029160000000005,94.679259002165608,0,6.1399999999999997,6,2000
uk,TLG1,GNN,123,15,grid,31.093656854223543,24.084231177610093,38.305866203269304,30.620243859103123,98.029160000000005,94.679259002165608,0,6.1399999999999997,6,2000
uk,TLG1,GNN,456,15,grid,36.317074612039697,29.703475835482273,44.033441569285095,37.527110279537901,98.029160000000005,94.679259002165608,0,6.1399999999999997,6,2000
uk,TLG1,Uni,,20,grid,41.863586106256768,35.063128592213097,50.2291130395867,41.479618541682107,160.72701500000002,156.53993303336989,0,9.907,9,2000
uk,TLG1,LU,,20,grid,41.292330844201111,34.509729375834809,49.622583078189194,40.764368639696187,160.72701500000002,156.53993303336989,0,9.907,9,2000
uk,TLG1,GNN,42,20,grid,38.39027951738224,33.138196212521549,46.465218501749732,40.780838209952748,160.72701500000002,156.53993303336989,0,9.907,9,2000
uk,TLG1,GNN,123,20,grid,32.939609280109714,26.485925058824904,41.396588682885863,34.373377854412091,160.72701500000002,156.53993303336989,0,9.907,9,2000
uk,TLG1,GNN,456,20,grid,39.131110508903568,33.125961977167229,47.427284762955459,41.06909142496982,160.72701500000002,156.53993303336989,0,9.907,9,2000
uk,TLG2,Uni,,1,grid,0.96518090629891784,0.39017717003052399,3.0449399594337234,0.70771215798972309,0.47502127492537521,0.5765341297883132,0.95550000000000002,0.044999999999999998,0,2000
uk,TLG2,LU,,1,grid,0.96902599819600199,0.38941380290232719,3.0427564118454287,0.69943421765701752,0.47502127492537521,0.5765341297883132,0.95550000000000002,0.044999999999999998,0,2000
uk,TLG2,GNN,42,1,grid,0.88538676979786346,0.47386135552696246,2.8887740517747704,1.1167215780198798,0.47502127492537521,0.5765341297883132,0.95550000000000002,0.044999999999999998,0,2000
uk,TLG2,GNN,123,1,grid,0.88746373036811788,0.51664501775531524,2.9026461772419161,1.2584477107654393,0.47502127492537521,0.5765341297883132,0.95550000000000002,0.044999999999999998,0,2000
uk,TLG2,GNN,456,1,grid,0.8830325342433587,0.5289568070358952,2.9519836965824382,1.4534145840643788,0.47502127492537521,0.5765341297883132,0.95550000000000002,0.044999999999999998,0,2000
uk,TLG2,Uni,,2,grid,3.7354511269925452,1.4443703031139252,7.6563801032358816,2.4197636536327711,2.455469169991241,2.32439603620307,0.82399999999999995,0.1925,0,2000
uk,TLG2,LU,,2,grid,3.7177703642375839,1.436067497594421,7.5992195674888325,2.3761323968783703,2.455469169991241,2.32439603620307,0.82399999999999995,0.1925,0,2000
uk,TLG2,GNN,42,2,grid,3.0895733663716825,1.5594916055018928,6.6026517182153572,2.8820354267321595,2.455469169991241,2.32439603620307,0.82399999999999995,0.1925,0,2000
uk,TLG2,GNN,123,2,grid,3.1411963843964297,1.7025296107390584,6.7123241513413507,3.2206280534323204,2.455469169991241,2.32439603620307,0.82399999999999995,0.1925,0,2000
uk,TLG2,GNN,456,2,grid,3.1228418945980874,1.7270887235739616,6.7168539152156574,3.3767163411263601,2.455469169991241,2.32439603620307,0.82399999999999995,0.1925,0,2000
uk,TLG2,Uni,,3,grid,6.9143264447633825,2.9892914200472616,11.901538929746415,4.7233139068547336,5.4405924473318663,5.1558636224327108,0.67000000000000004,0.40450000000000003,0,2000
uk,TLG2,LU,,3,grid,6.8496514987924302,2.9621520968534392,11.75212014595459,4.6184343602535938,5.4405924473318663,5.1558636224327108,0.67000000000000004,0.40450000000000003,0,2000
uk,TLG2,GNN,42,3,grid,5.3369238890243107,2.9627700915978648,9.4407278122985581,4.8566869240440589,5.4405924473318663,5.1558636224327108,0.67000000000000004,0.40450000000000003,0,2000
uk,TLG2,GNN,123,3,grid,5.4826244349820916,3.2439827446930414,9.6757906373583182,5.4473754558733232,5.4405924473318663,5.1558636224327108,0.67000000000000004,0.40450000000000003,0,2000
uk,TLG2,GNN,456,3,grid,5.4346163642912284,3.1557954607960927,9.5470648174719823,5.3596126463671521,5.4405924473318663,5.1558636224327108,0.67000000000000004,0.40450000000000003,0,2000
uk,TLG2,Uni,,5,grid,12.49133892458434,6.9250757333644266,18.523365138771247,10.000337457612011,14.241787245808034,14.106798306449724,0.34549999999999997,1.0885,1,2000
uk,TLG2,LU,,5,grid,12.327115800428281,6.8327981069966466,18.185388157022622,9.7224786694137624,14.241787245808034,14.106798306449724,0.34549999999999997,1.0885,1,2000
uk,TLG2,GNN,42,5,grid,9.0242129559739404,5.756357497303866,14.055391140779836,8.5007231191058672,14.241787245808034,14.106798306449724,0.34549999999999997,1.0885,1,2000
uk,TLG2,GNN,123,5,grid,9.7989549000385523,6.7455875438975337,15.09744261402035,10.08857964582819,14.241787245808034,14.106798306449724,0.34549999999999997,1.0885,1,2000
uk,TLG2,GNN,456,5,grid,9.6538991319742458,6.2319880703639123,14.81532722937815,9.5295840323390326,14.241787245808034,14.106798306449724,0.34549999999999997,1.0885,1,2000
uk,TLG2,Uni,,7.5,grid,18.772958704689465,12.442632251705588,25.384845021205347,16.501540871165812,31.120847793810221,30.976440401630825,0.111,2.3540000000000001,2,2000
uk,TLG2,LU,,7.5,grid,18.579096176769923,12.293708344333925,24.906103016436862,16.112767341331182,31.120847793810221,30.976440401630825,0.111,2.3540000000000001,2,2000
uk,TLG2,GNN,42,7.5,grid,13.258642332391533,9.4230857858304002,19.198555653312749,13.06153936717007,31.120847793810221,30.976440401630825,0.111,2.3540000000000001,2,2000
uk,TLG2,GNN,123,7.5,grid,15.253313371749199,11.495182606446539,22.317730681165155,16.595956366664673,31.120847793810221,30.976440401630825,0.111,2.3540000000000001,2,2000
uk,TLG2,GNN,456,7.5,grid,14.105190672297098,10.494879651523762,21.040161916942193,15.331304276602687,31.120847793810221,30.976440401630825,0.111,2.3540000000000001,2,2000
uk,TLG2,Uni,,10,grid,23.72558467747989,17.79595392474209,30.415689028575816,22.615601069473684,54.104800867046322,53.899528407986196,0.040000000000000001,4.0129999999999999,4,2000
uk,TLG2,LU,,10,grid,23.377860299924368,17.548793496079632,29.782128020313195,22.123467943880701,54.104800867046322,53.899528407986196,0.040000000000000001,4.0129999999999999,4,2000
uk,TLG2,GNN,42,10,grid,17.160787873471634,13.400394440715841,23.409248777853499,18.191446255945596,54.104800867046322,53.899528407986196,0.040000000000000001,4.0129999999999999,4,2000
uk,TLG2,GNN,123,10,grid,20.692057513737453,16.926079267431795,28.995294981234299,23.998528342648946,54.104800867046322,53.899528407986196,0.040000000000000001,4.0129999999999999,4,2000
uk,TLG2,GNN,456,10,grid,18.687764206383584,14.899373489919325,26.438229605962849,21.459578739306021,54.104800867046322,53.899528407986196,0.040000000000000001,4.0129999999999999,4,2000
uk,TLG2,Uni,,15,grid,34.034348248400072,27.203820661882254,43.076904958434454,34.462391989230547,116.45241355518517,116.11378221411576,0.0040000000000000001,8.5195000000000007,8,2000
uk,TLG2,LU,,15,grid,33.425356877617979,26.658941673438662,42.097557016804899,33.60032264140218,116.45241355518517,116.11378221411576,0.0040000000000000001,8.5195000000000007,8,2000
uk,TLG2,GNN,42,15,grid,24.759559287916584,19.159728191898655,33.590159394125088,26.689152876369363,116.45241355518517,116.11378221411576,0.0040000000000000001,8.5195000000000007,8,2000
uk,TLG2,GNN,123,15,grid,30.997637638104511,26.720372150566337,43.58389466992314,37.507785049621006,116.45241355518517,116.11378221411576,0.0040000000000000001,8.5195000000000007,8,2000
uk,TLG2,GNN,456,15,grid,27.25713578286738,22.44672980264162,38.88396112907818,32.47167373787731,116.45241355518517,116.11378221411576,0.0040000000000000001,8.5195000000000007,8,2000
uk,TLG2,Uni,,20,grid,41.284253230930943,35.408804874481241,51.941424173754925,43.155791914778412,198.3550829613452,197.06188922041554,0,14.401999999999999,14,2000
uk,TLG2,LU,,20,grid,40.415718599208574,34.356724661349375,50.685099966376441,42.0048493402643,198.3550829613452,197.06188922041554,0,14.401999999999999,14,2000
uk,TLG2,GNN,42,20,grid,28.254844648621066,22.338881344309513,39.230803366943768,31.188673787139088,198.3550829613452,197.06188922041554,0,14.401999999999999,14,2000
uk,TLG2,GNN,123,20,grid,38.299762659383539,33.950010249735875,53.200256310926633,46.759143743754741,198.3550829613452,197.06188922041554,0,14.401999999999999,14,2000
uk,TLG2,GNN,456,20,grid,32.339288609665481,27.688819727844525,46.689646690139355,39.612550412647451,198.3550829613452,197.06188922041554,0,14.401999999999999,14,2000
uk,TLE4,Uni,,1,grid,4.4548999881148639,1.8304222685988629,7.1764383621802699,3.4058311580011136,3.1029000517270453,2.7446873964273872,0.79949999999999999,0.23899999999999999,0,2000
uk,TLE4,LU,,1,grid,3.9998957814900873,1.4544543867602033,6.6503662733594373,2.9288889544848788,3.1029000517270453,2.7446873964273872,0.79949999999999999,0.23899999999999999,0,2000
uk,TLE4,GNN,42,1,grid,3.3607703903926853,1.6915221553257667,5.7979862235214332,2.8605703674890872,3.1029000517270453,2.7446873964273872,0.79949999999999999,0.23899999999999999,0,2000
uk,TLE4,GNN,123,1,grid,3.4281288923508164,1.6949443483924993,5.8069082504372256,2.6748231608586233,3.1029000517270453,2.7446873964273872,0.79949999999999999,0.23899999999999999,0,2000
uk,TLE4,GNN,456,1,grid,3.5090887644574686,1.7288461222819802,5.9656123153226144,2.7539223321010802,3.1029000517270453,2.7446873964273872,0.79949999999999999,0.23899999999999999,0,2000
uk,TLE4,Uni,,2,grid,10.985363420371382,7.3971492552052185,17.839154894608697,13.031621396250619,12.228744401305278,12.053279188429999,0.48049999999999998,0.93799999999999994,1,2000
uk,TLE4,LU,,2,grid,8.6645386268679481,5.3093972817008996,14.916608955951283,10.355707217816052,12.228744401305278,12.053279188429999,0.48049999999999998,0.93799999999999994,1,2000
uk,TLE4,GNN,42,2,grid,7.4795283731576001,4.8689801031261739,11.549965861731749,7.6667872883394956,12.228744401305278,12.053279188429999,0.48049999999999998,0.93799999999999994,1,2000
uk,TLE4,GNN,123,2,grid,7.5409299046169478,4.9980630876097418,11.493524651533981,7.4924441497125134,12.228744401305278,12.053279188429999,0.48049999999999998,0.93799999999999994,1,2000
uk,TLE4,GNN,456,2,grid,7.8899912377149271,5.2547482427291872,12.079589962687526,7.9813223953259378,12.228744401305278,12.053279188429999,0.48049999999999998,0.93799999999999994,1,2000
uk,TLE4,Uni,,3,grid,20.260282426190795,15.587116610756693,31.954007306759664,25.68200989464037,27.424808633604208,27.175461530591736,0.26950000000000002,2.1074999999999999,1,2000
uk,TLE4,LU,,3,grid,14.925340253402958,10.525297427345523,24.901485349374045,19.085622887644085,27.424808633604208,27.175461530591736,0.26950000000000002,2.1074999999999999,1,2000
uk,TLE4,GNN,42,3,grid,11.342030789452899,8.3745938920429293,16.698311129063384,12.600036702434197,27.424808633604208,27.175461530591736,0.26950000000000002,2.1074999999999999,1,2000
uk,TLE4,GNN,123,3,grid,11.682870310431916,8.8270732725329175,16.839664286536387,12.538322763803455,27.424808633604208,27.175461530591736,0.26950000000000002,2.1074999999999999,1,2000
uk,TLE4,GNN,456,3,grid,12.4709345922676,9.5118822951005768,18.116699861419285,13.608962327662566,27.424808633604208,27.175461530591736,0.26950000000000002,2.1074999999999999,1,2000
uk,TLE4,Uni,,5,grid,43.085229720706153,37.165676404318972,61.80969260355598,54.132782173358919,74.711454227137907,74.511869679894858,0.072499999999999995,5.7450000000000001,4,2000
uk,TLE4,LU,,5,grid,30.080291506559238,24.105687963397553,43.981322974652457,36.591830215831251,74.711454227137907,74.511869679894858,0.072499999999999995,5.7450000000000001,4,2000
uk,TLE4,GNN,42,5,grid,19.089808491656601,15.03713239919465,26.366351169155358,20.559454658537792,74.711454227137907,74.511869679894858,0.072499999999999995,5.7450000000000001,4,2000
uk,TLE4,GNN,123,5,grid,20.510869038120589,16.429598968114917,27.422528562484345,21.876356332247084,74.711454227137907,74.511869679894858,0.072499999999999995,5.7450000000000001,4,2000
uk,TLE4,GNN,456,5,grid,22.766119473402998,18.583455879856256,30.53656653716423,24.722715170295576,74.711454227137907,74.511869679894858,0.072499999999999995,5.7450000000000001,4,2000
uk,TLE4,Uni,,7.5,grid,73.448624462899431,66.05615305922143,99.787267397024664,90.942885811141679,165.42598715486801,164.56549469806538,0.0085000000000000006,12.689,10,2000
uk,TLE4,LU,,7.5,grid,50.233055935564522,42.837183057724424,68.075773346285956,59.378722682022527,165.42598715486801,164.56549469806538,0.0085000000000000006,12.689,10,2000
uk,TLE4,GNN,42,7.5,grid,29.951619401694334,24.656466605038776,38.051573466073329,31.217127184611495,165.42598715486801,164.56549469806538,0.0085000000000000006,12.689,10,2000
uk,TLE4,GNN,123,7.5,grid,33.568118424821456,28.202574388506648,42.345842725512988,35.64929620136612,165.42598715486801,164.56549469806538,0.0085000000000000006,12.689,10,2000
uk,TLE4,GNN,456,7.5,grid,38.705767268639697,33.146385597978664,48.774869478772239,41.775688196364364,165.42598715486801,164.56549469806538,0.0085000000000000006,12.689,10,2000
uk,TLE4,Uni,,10,grid,98.833644484631407,90.126110474088108,136.36928254015734,125.18243163512054,287.80614039305203,285.26388419345523,0,21.995000000000001,18,2000
uk,TLE4,LU,,10,grid,66.901245246769662,58.121760268644593,91.623589962712657,80.312082439439081,287.80614039305203,285.26388419345523,0,21.995000000000001,18,2000
uk,TLE4,GNN,42,10,grid,38.148994308416867,30.962830524422419,48.625462503162879,39.115942693084087,287.80614039305203,285.26388419345523,0,21.995000000000001,18,2000
uk,TLE4,GNN,123,10,grid,44.517414622082271,37.470169200105055,57.525496037947214,47.944664862750585,287.80614039305203,285.26388419345523,0,21.995000000000001,18,2000
uk,TLE4,GNN,456,10,grid,51.929161087954085,44.476213793372906,66.841914642234045,57.05085411454516,287.80614039305203,285.26388419345523,0,21.995000000000001,18,2000
uk,TLE4,Uni,,15,grid,129.39953576316626,118.87443229833124,183.27268940202597,169.52310056943048,601.88409246328865,595.43412686738407,0,45.7545,44,2000
uk,TLE4,LU,,15,grid,85.669454624156018,75.021099754394044,118.60461214832964,104.96182380528462,601.88409246328865,595.43412686738407,0,45.7545,44,2000
uk,TLE4,GNN,42,15,grid,44.090840545193991,36.516704819474967,57.475548858918231,45.900344247019547,601.88409246328865,595.43412686738407,0,45.7545,44,2000
uk,TLE4,GNN,123,15,grid,53.331693623913189,45.445022895295565,71.832121212976247,59.580622781976444,601.88409246328865,595.43412686738407,0,45.7545,44,2000
uk,TLE4,GNN,456,15,grid,63.297952968570186,54.918184081198604,85.446456486085026,72.761986962413516,601.88409246328865,595.43412686738407,0,45.7545,44,2000
uk,TLE4,Uni,,20,grid,147.45728326740999,136.23793897872389,191.91652012655123,176.24970258250642,949.23016725498655,940.26398998627428,0,72.209000000000003,70,2000
uk,TLE4,LU,,20,grid,95.038497070268463,83.798140792627891,121.99625748200747,106.52965695860763,949.23016725498655,940.26398998627428,0,72.209000000000003,70,2000
uk,TLE4,GNN,42,20,grid,44.584079517537788,34.87872599593166,56.531424825307653,43.05239695143645,949.23016725498655,940.26398998627428,0,72.209000000000003,70,2000
uk,TLE4,GNN,123,20,grid,54.385087777176103,44.635495188232611,69.240914377343302,55.023000204869746,949.23016725498655,940.26398998627428,0,72.209000000000003,70,2000
uk,TLE4,GNN,456,20,grid,66.672974490975548,56.461524848689947,84.810131454151886,70.39193862304451,949.23016725498655,940.26398998627428,0,72.209000000000003,70,2000
uk,TLH1,Uni,,1,grid,0.9098473153753287,0.22842950608430085,3.0713197381018063,0.42518272832570309,0.56780676000000008,0.38630857834969184,0.95099999999999996,0.049000000000000002,0,2000
uk,TLH1,LU,,1,grid,0.90877564094865215,0.23843512669132982,3.0740451432497338,0.41728552039019917,0.56780676000000008,0.38630857834969184,0.95099999999999996,0.049000000000000002,0,2000
uk,TLH1,GNN,42,1,grid,0.86167968635326109,0.34535488544372039,3.09596420601398,0.84196691471414253,0.56780676000000008,0.38630857834969184,0.95099999999999996,0.049000000000000002,0,2000
uk,TLH1,GNN,123,1,grid,0.865670929904648,0.35601397804038143,3.1328955929486897,0.90743424870184797,0.56780676000000008,0.38630857834969184,0.95099999999999996,0.049000000000000002,0,2000
uk,TLH1,GNN,456,1,grid,0.86342066664791284,0.34183183247611948,3.1035366682705772,0.81130517946341418,0.56780676000000008,0.38630857834969184,0.95099999999999996,0.049000000000000002,0,2000
uk,TLH1,Uni,,2,grid,3.0135077683100779,0.9075049441124029,5.2431412631395533,1.5540117570061216,2.0122661000000002,1.6651461675618497,0.81950000000000001,0.1865,0,2000
uk,TLH1,LU,,2,grid,3.0136252698432835,0.94323009520033907,5.2565839756998392,1.5352317241303044,2.0122661000000002,1.6651461675618497,0.81950000000000001,0.1865,0,2000
uk,TLH1,GNN,42,2,grid,2.7058279140841788,1.2212909207238667,5.2686872456195992,2.3962181546367955,2.0122661000000002,1.6651461675618497,0.81950000000000001,0.1865,0,2000
uk,TLH1,GNN,123,2,grid,2.7681015931759383,1.2462372009544942,5.3597404673352287,2.5029542920124164,2.0122661000000002,1.6651461675618497,0.81950000000000001,0.1865,0,2000
uk,TLH1,GNN,456,2,grid,2.7338185292374382,1.2019027360891035,5.239704276740631,2.2830614301706955,2.0122661000000002,1.6651461675618497,0.81950000000000001,0.1865,0,2000
uk,TLH1,Uni,,3,grid,5.1341637685964487,2.0212563415379394,7.2373843220197243,3.3524973203011803,4.1635557950000006,3.9318381560096332,0.63549999999999995,0.40400000000000003,0,2000
uk,TLH1,LU,,3,grid,5.1304690006730604,2.0870952925581601,7.2294231630165315,3.3133319302745212,4.1635557950000006,3.9318381560096332,0.63549999999999995,0.40400000000000003,0,2000
uk,TLH1,GNN,42,3,grid,4.2527734716387817,2.2857237862882087,6.4319485593593901,3.9230325353336575,4.1635557950000006,3.9318381560096332,0.63549999999999995,0.40400000000000003,0,2000
uk,TLH1,GNN,123,3,grid,4.415501611843891,2.3682658455456012,6.6730907505672041,4.1574258941412285,4.1635557950000006,3.9318381560096332,0.63549999999999995,0.40400000000000003,0,2000
uk,TLH1,GNN,456,3,grid,4.344687660793733,2.2447650870340574,6.4549282122316836,3.7904459585437573,4.1635557950000006,3.9318381560096332,0.63549999999999995,0.40400000000000003,0,2000
uk,TLH1,Uni,,5,grid,7.9002105248003263,5.0362430818248773,11.677093297947286,7.9907342212588812,10.934464175,10.926534913116869,0.2165,1.0814999999999999,1,2000
uk,TLH1,LU,,5,grid,7.9140373963430157,5.1694423193846974,11.558444459580251,7.8909941150104022,10.934464175,10.926534913116869,0.2165,1.0814999999999999,1,2000
uk,TLH1,GNN,42,5,grid,6.0724579239661649,4.3705553057097895,8.6131598893196362,6.9574993419756721,10.934464175,10.926534913116869,0.2165,1.0814999999999999,1,2000
uk,TLH1,GNN,123,5,grid,6.4426328711402236,4.6252834272154688,9.1949369887933035,7.4965125488517055,10.934464175,10.926534913116869,0.2165,1.0814999999999999,1,2000
uk,TLH1,GNN,456,5,grid,6.1962323786732396,4.2950927731778386,8.7992434047393768,6.9016249252483588,10.934464175,10.926534913116869,0.2165,1.0814999999999999,1,2000
uk,TLH1,Uni,,7.5,grid,13.080423239152143,9.6355778353316754,19.311647059365754,14.610649019487338,24.655912205,24.203309672915726,0.014999999999999999,2.4064999999999999,2,2000
uk,TLH1,LU,,7.5,grid,13.111317460313568,9.8524359562335402,19.143166885072393,14.499470017191147,24.655912205,24.203309672915726,0.014999999999999999,2.4064999999999999,2,2000
uk,TLH1,GNN,42,7.5,grid,8.5403186034051561,6.4484972015217741,11.969946073966431,9.379386848631599,24.655912205,24.203309672915726,0.014999999999999999,2.4064999999999999,2,2000
uk,TLH1,GNN,123,7.5,grid,9.3061577544080514,7.3194371611255118,12.888639356178267,10.382851428526592,24.655912205,24.203309672915726,0.014999999999999999,2.4064999999999999,2,2000
uk,TLH1,GNN,456,7.5,grid,9.1755514570112542,6.8037358699245267,12.764182687286807,9.8987437609061484,24.655912205,24.203309672915726,0.014999999999999999,2.4064999999999999,2,2000
uk,TLH1,Uni,,10,grid,18.231718137289938,14.38517293555128,25.949524453305248,20.688119107730991,42.862433204999995,42.011052578496773,0.001,4.2000000000000002,4,2000
uk,TLH1,LU,,10,grid,18.412349808163807,14.724761664975977,25.866214188272888,20.708011161533808,42.862433204999995,42.011052578496773,0.001,4.2000000000000002,4,2000
uk,TLH1,GNN,42,10,grid,10.46986264907695,8.2815808867195173,13.981351838854737,11.347755273531575,42.862433204999995,42.011052578496773,0.001,4.2000000000000002,4,2000
uk,TLH1,GNN,123,10,grid,12.067642487134819,10.072017219771231,15.716957353030338,13.02827583148143,42.862433204999995,42.011052578496773,0.001,4.2000000000000002,4,2000
uk,TLH1,GNN,456,10,grid,11.765677440251221,9.4548663084553137,15.432638302565818,12.479247978300744,42.862433204999995,42.011052578496773,0.001,4.2000000000000002,4,2000
uk,TLH1,Uni,,15,grid,27.200679600616422,23.222718012469581,34.621054352089139,29.573794964910221,90.870285345000013,90.190010016831422,0,8.9629999999999992,8,2000
uk,TLH1,LU,,15,grid,27.337519344347179,23.321515039120442,34.761429381873427,29.847281226347583,90.870285345000013,90.190010016831422,0,8.9629999999999992,8,2000
uk,TLH1,GNN,42,15,grid,13.331477793512491,11.27545424542642,17.832570886689908,15.507157943517329,90.870285345000013,90.190010016831422,0,8.9629999999999992,8,2000
uk,TLH1,GNN,123,15,grid,17.076335834697254,15.71772444930863,21.538689763888126,19.426183403494033,90.870285345000013,90.190010016831422,0,8.9629999999999992,8,2000
uk,TLH1,GNN,456,15,grid,16.861086748281451,14.984404962266698,21.077051298139533,18.788244985752765,90.870285345000013,90.190010016831422,0,8.9629999999999992,8,2000
uk,TLH1,Uni,,20,grid,34.260751662443653,30.731399195650805,41.2742070321856,36.534227956324933,153.10589338999998,152.53785244209487,0,15.147500000000001,14,2000
uk,TLH1,LU,,20,grid,33.280734507843604,29.725854900564595,40.994284113678013,36.48074075679552,153.10589338999998,152.53785244209487,0,15.147500000000001,14,2000
uk,TLH1,GNN,42,20,grid,16.532593689419571,13.768242106032776,21.974183458092249,18.56046645198883,153.10589338999998,152.53785244209487,0,15.147500000000001,14,2000
uk,TLH1,GNN,123,20,grid,22.421791803128485,19.815927844837503,28.086095968656423,24.720100018424599,153.10589338999998,152.53785244209487,0,15.147500000000001,14,2000
uk,TLH1,GNN,456,20,grid,22.151803623590833,19.135263314273143,27.630232093281577,24.20099993600363,153.10589338999998,152.53785244209487,0,15.147500000000001,14,2000
uk,TLE3,Uni,,1,grid,3.7441665249166971,1.6262532165256189,6.6656448658152225,3.2318593456473725,2.5088046267082342,2.359222575525604,0.83950000000000002,0.19450000000000001,0,2000
uk,TLE3,LU,,1,grid,3.3803968734461032,1.342654989683441,6.310139665767089,2.791494866097294,2.5088046267082342,2.359222575525604,0.83950000000000002,0.19450000000000001,0,2000
uk,TLE3,GNN,42,1,grid,2.9541064340366474,1.5518439499434831,5.7282663553850748,2.9641903833887735,2.5088046267082342,2.359222575525604,0.83950000000000002,0.19450000000000001,0,2000
uk,TLE3,GNN,123,1,grid,2.8758730111384265,1.613984010567924,5.5427215081244361,2.7661077694772302,2.5088046267082342,2.359222575525604,0.83950000000000002,0.19450000000000001,0,2000
uk,TLE3,GNN,456,1,grid,2.9271086870505805,1.5749185492307556,5.6675436785452709,2.8984814730123341,2.5088046267082342,2.359222575525604,0.83950000000000002,0.19450000000000001,0,2000
uk,TLE3,Uni,,2,grid,9.9687926766687198,6.0701109430932245,15.330992541882646,11.346065911569978,9.6088684825411335,9.3931150406122565,0.57399999999999995,0.752,0,2000
uk,TLE3,LU,,2,grid,8.2466148354471827,4.5686231546513314,13.12109729090122,8.9353628950235393,9.6088684825411335,9.3931150406122565,0.57399999999999995,0.752,0,2000
uk,TLE3,GNN,42,2,grid,6.6939894561792901,4.4227683630253267,10.498858572669176,8.1066000544693875,9.6088684825411335,9.3931150406122565,0.57399999999999995,0.752,0,2000
uk,TLE3,GNN,123,2,grid,6.4944216467301468,4.6184931135590048,10.048784383136356,7.7311134809948934,9.6088684825411335,9.3931150406122565,0.57399999999999995,0.752,0,2000
uk,TLE3,GNN,456,2,grid,6.5896907619297904,4.490004405588226,10.351680536951184,7.8972805997505544,9.6088684825411335,9.3931150406122565,0.57399999999999995,0.752,0,2000
uk,TLE3,Uni,,3,grid,16.844225133177702,12.560128878161704,27.161605705331723,21.73397083943885,20.993500998282766,20.604188086349556,0.34449999999999997,1.6505000000000001,1,2000
uk,TLE3,LU,,3,grid,13.293641556478521,9.0042161224374198,21.439361863739602,15.79185687950636,20.993500998282766,20.604188086349556,0.34449999999999997,1.6505000000000001,1,2000
uk,TLE3,GNN,42,3,grid,10.577578216365499,7.3872573048809773,16.456221879623786,12.924193091399383,20.993500998282766,20.604188086349556,0.34449999999999997,1.6505000000000001,1,2000
uk,TLE3,GNN,123,3,grid,10.510891094093155,7.6678439381052375,16.212584079949004,12.694989831285007,20.993500998282766,20.604188086349556,0.34449999999999997,1.6505000000000001,1,2000
uk,TLE3,GNN,456,3,grid,10.43772085467867,7.4619073668945095,16.292984836913039,12.655131285228686,20.993500998282766,20.604188086349556,0.34449999999999997,1.6505000000000001,1,2000
uk,TLE3,Uni,,5,grid,35.221827879299454,28.962829616413977,53.007976480476202,44.036162619273007,57.735152647197857,56.298864983838328,0.092999999999999999,4.5119999999999996,3,2000
uk,TLE3,LU,,5,grid,25.456272067645674,18.883548193124589,37.354192363427671,27.641641554593683,57.735152647197857,56.298864983838328,0.092999999999999999,4.5119999999999996,3,2000
uk,TLE3,GNN,42,5,grid,18.698819506974633,13.434352867211476,27.711048211152839,20.821864728220522,57.735152647197857,56.298864983838328,0.092999999999999999,4.5119999999999996,3,2000
uk,TLE3,GNN,123,5,grid,19.167292324360965,14.384825046314155,28.210733755096939,21.513853319322521,57.735152647197857,56.298864983838328,0.092999999999999999,4.5119999999999996,3,2000
uk,TLE3,GNN,456,5,grid,18.529929490623008,13.460742331717043,27.391145381002779,20.366007512396205,57.735152647197857,56.298864983838328,0.092999999999999999,4.5119999999999996,3,2000
uk,TLE3,Uni,,7.5,grid,54.214359203448971,46.566626235043721,73.156161768182528,63.239184235831118,122.83996075276318,120.65686705675353,0.020500000000000001,9.6010000000000009,8,2000
uk,TLE3,LU,,7.5,grid,36.711029904955829,28.239690382344328,46.76857869442636,35.984492870666344,122.83996075276318,120.65686705675353,0.020500000000000001,9.6010000000000009,8,2000
uk,TLE3,GNN,42,7.5,grid,26.262786540832895,20.134823051853171,34.513503901319993,28.334946272019106,122.83996075276318,120.65686705675353,0.020500000000000001,9.6010000000000009,8,2000
uk,TLE3,GNN,123,7.5,grid,27.472786036744818,21.760018484574026,36.167937483480038,30.079651797857323,122.83996075276318,120.65686705675353,0.020500000000000001,9.6010000000000009,8,2000
uk,TLE3,GNN,456,7.5,grid,25.882370111345313,19.992342733203724,33.970018623407917,27.613113575460471,122.83996075276318,120.65686705675353,0.020500000000000001,9.6010000000000009,8,2000
uk,TLE3,Uni,,10,grid,62.941318196595979,54.711393171481575,80.860870746302268,70.840625608999687,206.360940768598,202.33403376641806,0.0025000000000000001,16.141999999999999,14,2000
uk,TLE3,LU,,10,grid,40.686880909740935,31.611663180260766,48.528631225341883,37.304722166310725,206.360940768598,202.33403376641806,0.0025000000000000001,16.141999999999999,14,2000
uk,TLE3,GNN,42,10,grid,28.558698647341306,23.865654047363748,36.174861154819503,31.903015733498226,206.360940768598,202.33403376641806,0.0025000000000000001,16.141999999999999,14,2000
uk,TLE3,GNN,123,10,grid,29.91542889982761,25.369803011709113,37.787849392174316,33.631718462020565,206.360940768598,202.33403376641806,0.0025000000000000001,16.141999999999999,14,2000
uk,TLE3,GNN,456,10,grid,27.946852078745607,23.285583464022388,35.30191724644417,30.88394685106061,206.360940768598,202.33403376641806,0.0025000000000000001,16.141999999999999,14,2000
uk,TLE3,Uni,,15,grid,66.782213805225908,57.91369550748081,88.977319959314727,77.774739471421938,397.5436069515082,392.71675177147955,0,31.265499999999999,28,2000
uk,TLE3,LU,,15,grid,40.092088635211397,30.39929930969873,53.224798209244113,41.011814641615068,397.5436069515082,392.71675177147955,0,31.265499999999999,28,2000
uk,TLE3,GNN,42,15,grid,27.816319436723347,24.877200414057327,36.479060523915258,33.640610854520737,397.5436069515082,392.71675177147955,0,31.265499999999999,28,2000
uk,TLE3,GNN,123,15,grid,28.618864701579739,25.976261347996545,36.538947816205919,34.043176110960012,397.5436069515082,392.71675177147955,0,31.265499999999999,28,2000
uk,TLE3,GNN,456,15,grid,26.776459212432844,23.593465266308034,34.69555484037744,31.497608785055128,397.5436069515082,392.71675177147955,0,31.265499999999999,28,2000
uk,TLE3,Uni,,20,grid,73.560895019746482,63.486981044598167,99.800767223859324,86.612204603537151,603.94854503068257,598.21445297482364,0,47.674500000000002,50,2000
uk,TLE3,LU,,20,grid,45.577825388524431,34.669408061474137,60.921375061986986,47.100283596481624,603.94854503068257,598.21445297482364,0,47.674500000000002,50,2000
uk,TLE3,GNN,42,20,grid,26.764698400439716,23.185456230170164,34.715576546232057,30.87791689249228,603.94854503068257,598.21445297482364,0,47.674500000000002,50,2000
uk,TLE3,GNN,123,20,grid,27.406005553853895,24.763926307871792,34.923519718294166,31.668166073498867,603.94854503068257,598.21445297482364,0,47.674500000000002,50,2000
uk,TLE3,GNN,456,20,grid,26.511982063631987,22.742879021747147,34.170431933879144,29.804043238287466,603.94854503068257,598.21445297482364,0,47.674500000000002,50,2000
uk,TLD3,Uni,,1,grid,6.2173163032830692,2.4969088116796776,8.7668543059781712,4.6492288048734416,5.2992458990929334,5.1776311669927129,0.65549999999999997,0.42749999999999999,0,2000
uk,TLD3,LU,,1,grid,5.432641127247658,2.3806254323788871,8.2592670892969089,4.4072406039775398,5.2992458990929334,5.1776311669927129,0.65549999999999997,0.42749999999999999,0,2000
uk,TLD3,GNN,42,1,grid,5.1037842512824643,2.5873059178920017,7.7488675726230705,4.1503815235437989,5.2992458990929334,5.1776311669927129,0.65549999999999997,0.42749999999999999,0,2000
uk,TLD3,GNN,123,1,grid,5.0829569597555508,2.4785447679164112,7.730716038542143,4.1212096652774504,5.2992458990929334,5.1776311669927129,0.65549999999999997,0.42749999999999999,0,2000
uk,TLD3,GNN,456,1,grid,5.1782544301175912,2.6189840071262735,7.9439209435784424,4.2651441245637862,5.2992458990929334,5.1776311669927129,0.65549999999999997,0.42749999999999999,0,2000
uk,TLD3,Uni,,2,grid,13.80910033508853,8.5859965199285497,20.447376804794114,15.483034017355994,21.540993460735343,20.995170756947662,0.28100000000000003,1.7430000000000001,1,2000
uk,TLD3,LU,,2,grid,11.065095439006866,7.1803028788838761,17.878272378662054,13.783386852796337,21.540993460735343,20.995170756947662,0.28100000000000003,1.7430000000000001,1,2000
uk,TLD3,GNN,42,2,grid,9.8381972302760197,6.8699378626205725,14.49770869609595,10.959098579096215,21.540993460735343,20.995170756947662,0.28100000000000003,1.7430000000000001,1,2000
uk,TLD3,GNN,123,2,grid,9.882469748370168,6.8407755836054465,14.754498573024515,11.381227985337636,21.540993460735343,20.995170756947662,0.28100000000000003,1.7430000000000001,1,2000
uk,TLD3,GNN,456,2,grid,10.148479666712465,7.1146258010597778,15.284685572352283,11.696611289567681,21.540993460735343,20.995170756947662,0.28100000000000003,1.7430000000000001,1,2000
uk,TLD3,Uni,,3,grid,22.282833464527378,16.256082387397026,34.785533077892467,28.723627164901472,47.70070738428786,46.816604122200182,0.11799999999999999,3.8690000000000002,3,2000
uk,TLD3,LU,,3,grid,17.480459693509193,12.537937023442719,29.825044587104323,24.768902082644981,47.70070738428786,46.816604122200182,0.11799999999999999,3.8690000000000002,3,2000
uk,TLD3,GNN,42,3,grid,14.357995443920265,11.111044100662177,22.179355664829941,17.923695428985745,47.70070738428786,46.816604122200182,0.11799999999999999,3.8690000000000002,3,2000
uk,TLD3,GNN,123,3,grid,14.547517638022157,11.160949537708744,22.811038109472797,18.893412876221078,47.70070738428786,46.816604122200182,0.11799999999999999,3.8690000000000002,3,2000
uk,TLD3,GNN,456,3,grid,14.973913131038756,11.591580098202583,23.548436462070313,19.353854466024128,47.70070738428786,46.816604122200182,0.11799999999999999,3.8690000000000002,3,2000
uk,TLD3,Uni,,5,grid,39.355217483185108,32.490885083777584,60.399546421293692,53.228352906526226,129.36426592100577,126.99741433931923,0.018499999999999999,10.464,8,2000
uk,TLD3,LU,,5,grid,29.519137361666342,23.5895757682454,48.914243125070037,42.747237279170044,129.36426592100577,126.99741433931923,0.018499999999999999,10.464,8,2000
uk,TLD3,GNN,42,5,grid,22.545054530583542,17.74682609351791,34.785334369495665,28.750381303513503,129.36426592100577,126.99741433931923,0.018499999999999999,10.464,8,2000
uk,TLD3,GNN,123,5,grid,23.8325105955245,19.009748157714579,36.942751676515783,30.752630739773004,129.36426592100577,126.99741433931923,0.018499999999999999,10.464,8,2000
uk,TLD3,GNN,456,5,grid,24.711792870931173,19.509481359103027,38.267876418168342,31.985049177821242,129.36426592100577,126.99741433931923,0.018499999999999999,10.464,8,2000
uk,TLD3,Uni,,7.5,grid,59.854077891793395,51.621297413352288,88.509084074973501,80.344359127639748,277.46952961052608,273.80466075767038,0,22.395499999999998,18,2000
uk,TLD3,LU,,7.5,grid,44.181547754746568,36.570468760509293,66.43558150301709,59.492194862069937,277.46952961052608,273.80466075767038,0,22.395499999999998,18,2000
uk,TLD3,GNN,42,7.5,grid,30.943910635478783,25.359688487799918,43.968404454648557,36.748177214213761,277.46952961052608,273.80466075767038,0,22.395499999999998,18,2000
uk,TLD3,GNN,123,7.5,grid,32.868543947011005,27.504384871334295,46.006069824631744,38.590831262410987,277.46952961052608,273.80466075767038,0,22.395499999999998,18,2000
uk,TLD3,GNN,456,7.5,grid,34.009633330680835,27.950918980658397,47.661079311978689,40.32955830589345,277.46952961052608,273.80466075767038,0,22.395499999999998,18,2000
uk,TLD3,Uni,,10,grid,74.808771408298469,64.584361427081021,110.35699818490076,98.235123978675034,468.50861928124561,462.97292820275004,0,37.792999999999999,30,2000
uk,TLD3,LU,,10,grid,54.40792740969453,44.657568837967069,78.03161848253383,66.611520008146954,468.50861928124561,462.97292820275004,0,37.792999999999999,30,2000
uk,TLD3,GNN,42,10,grid,34.405193733145133,26.238201208448299,45.562848095331496,35.263794447287118,468.50861928124561,462.97292820275004,0,37.792999999999999,30,2000
uk,TLD3,GNN,123,10,grid,38.04893955863173,30.408024613515924,50.703845327989434,40.522133143066263,468.50861928124561,462.97292820275004,0,37.792999999999999,30,2000
uk,TLD3,GNN,456,10,grid,37.4177048728044,29.022616506355448,49.979854778461494,39.436721581442775,468.50861928124561,462.97292820275004,0,37.792999999999999,30,2000
uk,TLD3,Uni,,15,grid,96.435389750122354,82.97159839224615,123.39496371409095,107.72503520852817,921.59140958361445,912.58387984084493,0,74.234499999999997,76,2000
uk,TLD3,LU,,15,grid,65.166765387076566,51.834243397927274,84.927763633416788,70.311540506257188,921.59140958361445,912.58387984084493,0,74.234499999999997,76,2000
uk,TLD3,GNN,42,15,grid,40.768599545790721,29.802870822572899,50.654074586211756,37.293967045392847,921.59140958361445,912.58387984084493,0,74.234499999999997,76,2000
uk,TLD3,GNN,123,15,grid,44.900449655192482,33.958422069705072,57.073754861215093,44.012132009369289,921.59140958361445,912.58387984084493,0,74.234499999999997,76,2000
uk,TLD3,GNN,456,15,grid,43.976520104598819,33.057998069155914,55.827246838721052,42.728495844609547,921.59140958361445,912.58387984084493,0,74.234499999999997,76,2000
uk,TLD3,Uni,,20,grid,105.19951872781341,92.18694111310343,124.25574973541433,110.68594194983389,1362.9845568244302,1352.3445535774076,0,110.033,117,2000
uk,TLD3,LU,,20,grid,67.889462182941756,54.751664476485765,85.962708465864623,74.186881159997938,1362.9845568244302,1352.3445535774076,0,110.033,117,2000
uk,TLD3,GNN,42,20,grid,38.496030105204945,29.845280610439243,48.128550805422257,38.36596749072055,1362.9845568244302,1352.3445535774076,0,110.033,117,2000
uk,TLD3,GNN,123,20,grid,44.283058489349585,34.484644318624632,55.376773444834789,44.973859509568605,1362.9845568244302,1352.3445535774076,0,110.033,117,2000
uk,TLD3,GNN,456,20,grid,43.404941719952411,36.077347731272575,55.805956315664723,46.795879448693988,1362.9845568244302,1352.3445535774076,0,110.033,117,2000
uk,TLD4,Uni,,1,grid,1.9190321336591087,0.78865230712947643,3.945762695484667,1.3297510192181881,1.2244434888720055,1.16074463611916,0.90300000000000002,0.1135,0,2000
uk,TLD4,LU,,1,grid,1.8045296295977196,0.79345660490844239,3.7818127684694125,1.3377880614526634,1.2244434888720055,1.16074463611916,0.90300000000000002,0.1135,0,2000
uk,TLD4,GNN,42,1,grid,1.6734377402198843,0.82154688930745978,3.6638292112906292,1.5884800875372502,1.2244434888720055,1.16074463611916,0.90300000000000002,0.1135,0,2000
uk,TLD4,GNN,123,1,grid,1.6304221182274243,0.86072744388348066,3.6278766641314157,1.6468856385932573,1.2244434888720055,1.16074463611916,0.90300000000000002,0.1135,0,2000
uk,TLD4,GNN,456,1,grid,1.7331830292528456,0.92908617679529271,3.9619059002221459,2.1247385928386811,1.2244434888720055,1.16074463611916,0.90300000000000002,0.1135,0,2000
uk,TLD4,Uni,,2,grid,5.4425816335654904,2.6995196050567651,8.3091266909819304,4.3365134719287068,4.6312354622229597,4.6504514853693406,0.72599999999999998,0.42699999999999999,0,2000
uk,TLD4,LU,,2,grid,4.9835917577155771,2.5933631829549331,7.6415951791580401,4.1967062376645341,4.6312354622229597,4.6504514853693406,0.72599999999999998,0.42699999999999999,0,2000
uk,TLD4,GNN,42,2,grid,4.3174188028343909,2.2586422476702097,6.8548253986867538,3.8354346619609228,4.6312354622229597,4.6504514853693406,0.72599999999999998,0.42699999999999999,0,2000
uk,TLD4,GNN,123,2,grid,4.1422528235114306,2.3038018619610594,6.5123551844212315,3.6517354637831572,4.6312354622229597,4.6504514853693406,0.72599999999999998,0.42699999999999999,0,2000
uk,TLD4,GNN,456,2,grid,4.6464499022933232,2.5379127807870479,7.4442368455815942,4.4241459420792477,4.6312354622229597,4.6504514853693406,0.72599999999999998,0.42699999999999999,0,2000
uk,TLD4,Uni,,3,grid,8.9698818724482727,5.1656054559591578,13.472963372791838,7.8964105114195178,10.169846156205494,10.223784243699029,0.54049999999999998,0.94450000000000001,0,2000
uk,TLD4,LU,,3,grid,8.1021931672550149,4.7291496077168222,12.148178592532412,7.37856431076092,10.169846156205494,10.223784243699029,0.54049999999999998,0.94450000000000001,0,2000
uk,TLD4,GNN,42,3,grid,6.7476115602176394,3.7233680359244583,10.344958051289112,6.012916659223734,10.169846156205494,10.223784243699029,0.54049999999999998,0.94450000000000001,0,2000
uk,TLD4,GNN,123,3,grid,6.5489796557428397,3.6870001302292215,9.5615085414326035,5.3699290900496344,10.169846156205494,10.223784243699029,0.54049999999999998,0.94450000000000001,0,2000
uk,TLD4,GNN,456,3,grid,7.7426877759922474,4.3883182082564263,11.342603375305902,7.333149505982421,10.169846156205494,10.223784243699029,0.54049999999999998,0.94450000000000001,0,2000
uk,TLD4,Uni,,5,grid,16.631476347531386,11.481674567126543,23.28002863360803,15.947096255325306,27.263894849836024,27.275276426837422,0.26100000000000001,2.528,2,2000
uk,TLD4,LU,,5,grid,14.409733017796862,9.9506375927047017,20.512377539278333,14.256127417051299,27.263894849836024,27.275276426837422,0.26100000000000001,2.528,2,2000
uk,TLD4,GNN,42,5,grid,10.259378279665743,6.2412628483438422,15.145792587964786,9.1698559745485273,27.263894849836024,27.275276426837422,0.26100000000000001,2.528,2,2000
uk,TLD4,GNN,123,5,grid,10.135567504621214,5.952231206488225,14.068557839727967,8.2059192191990533,27.263894849836024,27.275276426837422,0.26100000000000001,2.528,2,2000
uk,TLD4,GNN,456,5,grid,12.396560822654513,7.8772849346029954,16.87792899910135,11.249914267660477,27.263894849836024,27.275276426837422,0.26100000000000001,2.528,2,2000
uk,TLD4,Uni,,7.5,grid,27.132617907111729,20.296875356341292,34.305695989364168,26.757918287882703,59.089701909773012,59.107097683052181,0.1115,5.476,4,2000
uk,TLD4,LU,,7.5,grid,23.10636166345494,17.457180559475688,30.203253755025106,23.527312202361657,59.089701909773012,59.107097683052181,0.1115,5.476,4,2000
uk,TLD4,GNN,42,7.5,grid,15.216661804859855,9.3687854625114415,20.263745131138773,13.170220132484165,59.089701909773012,59.107097683052181,0.1115,5.476,4,2000
uk,TLD4,GNN,123,7.5,grid,14.159648483840776,8.5778224890269268,18.302205037219601,11.432401528275584,59.089701909773012,59.107097683052181,0.1115,5.476,4,2000
uk,TLD4,GNN,456,7.5,grid,17.030553751763037,11.881298460475389,22.380814531595785,16.012396788987367,59.089701909773012,59.107097683052181,0.1115,5.476,4,2000
uk,TLD4,Uni,,10,grid,35.12931337704962,27.004742600764292,44.819397628961099,35.582476542033753,101.29770293393568,100.823563517954,0.059999999999999998,9.3855000000000004,8,2000
uk,TLD4,LU,,10,grid,30.49900337393527,23.746394841947485,39.530517562507832,31.081062554597739,101.29770293393568,100.823563517954,0.059999999999999998,9.3855000000000004,8,2000
uk,TLD4,GNN,42,10,grid,18.649915011699505,12.024157293697455,24.118233583443068,15.967241060296551,101.29770293393568,100.823563517954,0.059999999999999998,9.3855000000000004,8,2000
uk,TLD4,GNN,123,10,grid,17.033678504460124,10.853779829028829,21.190484335413871,13.597595596831209,101.29770293393568,100.823563517954,0.059999999999999998,9.3855000000000004,8,2000
uk,TLD4,GNN,456,10,grid,21.002850868247247,15.392178935611815,26.186719334985852,19.484184931833948,101.29770293393568,100.823563517954,0.059999999999999998,9.3855000000000004,8,2000
uk,TLD4,Uni,,15,grid,42.856705439702715,34.344100761231033,56.002934066167732,45.284753931652745,208.39808340806107,209.09395903107634,0,19.280999999999999,18,2000
uk,TLD4,LU,,15,grid,40.525125925485334,33.554168713585433,52.25194456850847,42.505329006200256,208.39808340806107,209.09395903107634,0,19.280999999999999,18,2000
uk,TLD4,GNN,42,15,grid,23.659862461952549,18.615654299901749,30.493771449766172,22.173372335466155,208.39808340806107,209.09395903107634,0,19.280999999999999,18,2000
uk,TLD4,GNN,123,15,grid,21.530846241240884,16.984242980977697,27.061492706578175,19.619054105674646,208.39808340806107,209.09395903107634,0,19.280999999999999,18,2000
uk,TLD4,GNN,456,15,grid,29.534224781295919,24.717786777966424,37.735077783660884,30.067532313912935,208.39808340806107,209.09395903107634,0,19.280999999999999,18,2000
uk,TLD4,Uni,,20,grid,46.622975269672459,39.07534551113794,58.474489770663993,47.615749140249569,339.69183464262505,340.14377033022652,0,31.397500000000001,33,2000
uk,TLD4,LU,,20,grid,49.363591142946518,41.911302303678049,60.647589037402369,50.473750872503061,339.69183464262505,340.14377033022652,0,31.397500000000001,33,2000
uk,TLD4,GNN,42,20,grid,31.579416012083197,26.112360984129129,38.788279361243589,30.42978387960822,339.69183464262505,340.14377033022652,0,31.397500000000001,33,2000
uk,TLD4,GNN,123,20,grid,28.595651452896067,24.265355870207038,35.45207015543896,27.883282182812298,339.69183464262505,340.14377033022652,0,31.397500000000001,33,2000
uk,TLD4,GNN,456,20,grid,39.520218729930278,35.256768830078684,49.299690669842924,41.712226559128844,339.69183464262505,340.14377033022652,0,31.397500000000001,33,2000
