country,region,method,seed,radius_km,centres,mae_decision,mae_representation,rmse_decision,rmse_representation,mean_G,mean_Aref,zero_station_share,n_stations_mean,n_stations_median,n_centres
uk,London,Uni,,1,station,24.444793796763907,16.262454805770751,43.487038483951196,35.352035011165633,40.770516273462114,29.637646929715107,0,1.4840182648401827,1,219
uk,London,LU,,1,station,17.537652647966379,9.3289528723295252,27.068703113933736,18.122463413962034,40.770516273462114,29.637646929715107,0,1.4840182648401827,1,219
uk,London,GNN,42,1,station,18.785281395139997,9.8991732115026814,29.168673608330298,19.095746379830679,40.770516273462114,29.637646929715107,0,1.4840182648401827,1,219
uk,London,GNN,123,1,station,17.33031214489646,9.4784424282971944,26.397234038968097,17.461496877011669,40.770516273462114,29.637646929715107,0,1.4840182648401827,1,219
uk,London,GNN,456,1,station,18.634935098682782,10.349322533616759,29.163161163541876,19.716626758795826,40.770516273462114,29.637646929715107,0,1.4840182648401827,1,219
uk,London,Uni,,2,station,57.781696714513991,48.091785459641756,117.92474822464418,98.399456912412916,109.15985698035297,104.93985486115608,0,3.5388127853881279,2,219
uk,London,LU,,2,station,35.658567580627611,25.334890407935628,65.287339439040039,44.935763937974052,109.15985698035297,104.93985486115608,0,3.5388127853881279,2,219
uk,London,GNN,42,2,station,34.940330438733589,24.627951771289187,65.234777585714539,44.816320141171801,109.15985698035297,104.93985486115608,0,3.5388127853881279,2,219
uk,London,GNN,123,2,station,30.265095696803368,19.466930109480316,53.655293792341226,33.765471577749267,109.15985698035297,104.93985486115608,0,3.5388127853881279,2,219
uk,London,GNN,456,2,station,37.101626875480491,27.320193637505678,70.376610879369679,50.441876691805987,109.15985698035297,104.93985486115608,0,3.5388127853881279,2,219
uk,London,Uni,,3,station,99.626635040863704,82.195924694408433,188.35365932177177,161.28429656837179,221.85671237713746,213.34059484033355,0,7.0456621004566209,5,219
uk,London,LU,,3,station,62.594678721754597,44.208513352032689,105.06682208557223,76.476864414596818,221.85671237713746,213.34059484033355,0,7.0456621004566209,5,219
uk,London,GNN,42,3,station,60.441206826718606,42.99040845947497,102.68076824493944,74.371023838828805,221.85671237713746,213.34059484033355,0,7.0456621004566209,5,219
uk,London,GNN,123,3,station,52.243870303193972,34.800540104452018,85.862780108655443,56.304445618355594,221.85671237713746,213.34059484033355,0,7.0456621004566209,5,219
uk,London,GNN,456,3,station,66.447359776139365,49.182558025280365,115.24524760673613,86.806367058399616,221.85671237713746,213.34059484033355,0,7.0456621004566209,5,219
uk,London,Uni,,5,station,140.54044007465251,123.99771208987629,254.78713958230915,226.07844948312149,513.37067023816815,497.94038142069866,0,16.598173515981735,12,219
uk,London,LU,,5,station,93.883127703567581,76.178015318435669,158.8923445994082,127.26484201991964,513.37067023816815,497.94038142069866,0,16.598173515981735,12,219
uk,London,GNN,42,5,station,86.711018049965958,69.616478445409342,143.9669491251349,112.36942653908091,513.37067023816815,497.94038142069866,0,16.598173515981735,12,219
uk,London,GNN,123,5,station,73.262155886308506,54.063977157342443,116.30081690933611,83.933908730599526,513.37067023816815,497.94038142069866,0,16.598173515981735,12,219
uk,London,GNN,456,5,station,99.17150642087195,81.554264145457893,165.95062383517933,135.0865091907456,513.37067023816815,497.94038142069866,0,16.598173515981735,12,219
uk,London,Uni,,7.5,station,164.68463599417151,145.37803984215856,243.56550572373058,215.94144856540845,945.73849091554712,932.97596581947414,0,31.557077625570777,25,219
uk,London,LU,,7.5,station,120.89986009750608,101.68219398398524,177.45101265765149,148.25157004365784,945.73849091554712,932.97596581947414,0,31.557077625570777,25,219
uk,London,GNN,42,7.5,station,110.37349063617,90.9424487528524,159.42473298578736,129.1995544115683,945.73849091554712,932.97596581947414,0,31.557077625570777,25,219
uk,London,GNN,123,7.5,station,85.497178904973921,65.252580714636167,122.42605998407934,90.549111748266739,945.73849091554712,932.97596581947414,0,31.557077625570777,25,219
uk,London,GNN,456,7.5,station,125.60510516955372,106.2261838200523,181.91774338991638,152.3480042320152,945.73849091554712,932.97596581947414,0,31.557077625570777,25,219
uk,London,Uni,,10,station,174.23282570930721,157.73477112582174,231.28852211011383,211.99499539168588,1450.7042692524358,1441.2405525288809,0,49.803652968036531,44,219
uk,London,LU,,10,station,124.79545747973934,106.22103325678164,162.29921645816597,138.3737673543051,1450.7042692524358,1441.2405525288809,0,49.803652968036531,44,219
uk,London,GNN,42,10,station,111.09507391788479,92.511575486296934,142.89948481843587,118.78845399388726,1450.7042692524358,1441.2405525288809,0,49.803652968036531,44,219
uk,London,GNN,123,10,station,84.542283838081545,63.928346947499008,109.43941433261061,83.205394351664467,1450.7042692524358,1441.2405525288809,0,49.803652968036531,44,219
uk,London,GNN,456,10,station,124.65369469637248,105.23507591023385,159.99655769211432,135.79820975140498,1450.7042692524358,1441.2405525288809,0,49.803652968036531,44,219
uk,London,Uni,,15,station,201.3877820634734,180.95448900000852,242.70536038734534,219.30911116806513,2623.6381259769419,2610.649168704796,0,93.986301369863014,103,219
uk,London,LU,,15,station,131.556692949514,109.02031691174098,153.89453558576241,127.95553931432212,2623.6381259769419,2610.649168704796,0,93.986301369863014,103,219
uk,London,GNN,42,15,station,124.24996969497857,102.08724462922386,144.85893997871838,118.7480653852122,2623.6381259769419,2610.649168704796,0,93.986301369863014,103,219
uk,London,GNN,123,15,station,94.862245769547897,72.635567376339083,113.43153758768102,85.031395260477282,2623.6381259769419,2610.649168704796,0,93.986301369863014,103,219
uk,London,GNN,456,15,station,134.22145568222155,111.92547336868617,156.65221414606972,130.09939074227057,2623.6381259769419,2610.649168704796,0,93.986301369863014,103,219
uk,London,Uni,,20,station,204.57773604597196,182.55166010293104,230.89337686916181,208.30638400950917,3780.3810909477402,3762.8588801982278,0,140.662100456621,146,219
uk,London,LU,,20,station,132.01532883604384,108.82275379752544,150.54342020671734,124.7752852827103,3780.3810909477402,3762.8588801982278,0,140.662100456621,146,219
uk,London,GNN,42,20,station,128.86620809005504,105.61697152265431,146.55422624331226,121.02000689374455,3780.3810909477402,3762.8588801982278,0,140.662100456621,146,219
uk,London,GNN,123,20,station,100.51804179804145,76.418373938309685,115.67160224679242,89.947864794895452,3780.3810909477402,3762.8588801982278,0,140.662100456621,146,219
uk,London,GNN,456,20,station,136.86515930509626,113.08095706484154,156.17442332558238,130.78776579383782,3780.3810909477402,3762.8588801982278,0,140.662100456621,146,219
uk,TLH2,Uni,,1,station,11.181386719369931,0.80895651801105117,12.59073608500981,1.1589481996559488,12.615539378579552,1.731790138111112,0,1.0212765957446808,1,94
uk,TLH2,LU,,1,station,10.900358449043919,0.77478087230593062,12.336441907238063,1.0253558585391394,12.615539378579552,1.731790138111112,0,1.0212765957446808,1,94
uk,TLH2,GNN,42,1,station,10.475962798996104,1.6190350260587376,12.044777339269674,3.1094261412393647,12.615539378579552,1.731790138111112,0,1.0212765957446808,1,94
uk,TLH2,GNN,123,1,station,10.592819384124867,1.5810066913391123,12.04273384611467,3.1251739593600831,12.615539378579552,1.731790138111112,0,1.0212765957446808,1,94
uk,TLH2,GNN,456,1,station,10.430070154017356,1.5113979059090916,11.983306164130203,2.7907449659652608,12.615539378579552,1.731790138111112,0,1.0212765957446808,1,94
uk,TLH2,Uni,,2,station,8.2501606456322651,2.9392966532748201,10.32204386801067,4.1836707431197109,13.741174272196572,6.7091072142892871,0,1.1276595744680851,1,94
uk,TLH2,LU,,2,station,7.5294335731984114,2.6220671110730858,9.7244350897599894,3.419913781148479,13.741174272196572,6.7091072142892871,0,1.1276595744680851,1,94
uk,TLH2,GNN,42,2,station,7.9358313112233088,4.2437775480549584,9.8296250634063647,6.3608620520954657,13.741174272196572,6.7091072142892871,0,1.1276595744680851,1,94
uk,TLH2,GNN,123,2,station,7.6718752445475502,3.863844591101357,9.5049318191284122,6.1684380344280445,13.741174272196572,6.7091072142892871,0,1.1276595744680851,1,94
uk,TLH2,GNN,456,2,station,7.587382914537133,4.1070432170373925,9.4075643202477508,5.9068848315563072,13.741174272196572,6.7091072142892871,0,1.1276595744680851,1,94
uk,TLH2,Uni,,3,station,9.1628947728506684,5.6794346646353224,12.710912075426402,7.91887811128856,18.58334258694634,14.711275073224181,0,1.4680851063829787,1,94
uk,TLH2,LU,,3,station,8.2057374947766508,4.5778817270767318,11.361448146954126,5.9406368768062752,18.58334258694634,14.711275073224181,0,1.4680851063829787,1,94
uk,TLH2,GNN,42,3,station,8.9640007309318683,6.3785653674675515,11.917465983206911,8.8204484760594308,18.58334258694634,14.711275073224181,0,1.4680851063829787,1,94
uk,TLH2,GNN,123,3,station,8.5250355630801575,6.040675803323321,11.779621446345525,8.3589267076179183,18.58334258694634,14.711275073224181,0,1.4680851063829787,1,94
uk,TLH2,GNN,456,3,station,8.3597388818386378,5.9103125263633167,11.357904484509778,8.1067035383084267,18.58334258694634,14.711275073224181,0,1.4680851063829787,1,94
uk,TLH2,Uni,,5,station,15.374618225905291,11.8928633634973,21.377393482009708,17.098696597428052,39.730645901696107,38.160560307037144,0,3.1914893617021276,3,94
uk,TLH2,LU,,5,station,12.809513725868221,8.3488490323869975,16.439513366833957,11.680762481802265,39.730645901696107,38.160560307037144,0,3.1914893617021276,3,94
uk,TLH2,GNN,42,5,station,11.968773870710846,9.1484044902849195,14.691077782845879,11.266165155934591,39.730645901696107,38.160560307037144,0,3.1914893617021276,3,94
uk,TLH2,GNN,123,5,station,10.905555768893914,7.96374456009349,13.869399077576928,9.7145742237472756,39.730645901696107,38.160560307037144,0,3.1914893617021276,3,94
uk,TLH2,GNN,456,5,station,11.518276440767421,8.533736367060337,14.509576479787022,10.643252653842115,39.730645901696107,38.160560307037144,0,3.1914893617021276,3,94
uk,TLH2,Uni,,7.5,station,22.336971204798424,20.562008663072451,31.465354670434472,29.724601441446886,78.458661556871405,78.149558444995165,0,6.3617021276595747,6,94
uk,TLH2,LU,,7.5,station,16.084958193162411,13.013187138603914,21.037512141213575,18.539748661496333,78.458661556871405,78.149558444995165,0,6.3617021276595747,6,94
uk,TLH2,GNN,42,7.5,station,14.787999558612249,11.971065844661023,18.602607206507507,15.126619830132896,78.458661556871405,78.149558444995165,0,6.3617021276595747,6,94
uk,TLH2,GNN,123,7.5,station,13.457030329539165,10.361813553472391,16.212330786209485,12.754236139330528,78.458661556871405,78.149558444995165,0,6.3617021276595747,6,94
uk,TLH2,GNN,456,7.5,station,14.282254210682922,11.868759898160848,17.37079308094507,14.638643124263425,78.458661556871405,78.149558444995165,0,6.3617021276595747,6,94
uk,TLH2,Uni,,10,station,35.191734517738233,30.58346344077178,47.292147028780143,42.458891784588381,128.46654891417438,128.51449455278865,0,10.553191489361701,11,94
uk,TLH2,LU,,10,station,23.205680329357204,17.476697499087535,30.289649463500368,24.402778249232693,128.46654891417438,128.51449455278865,0,10.553191489361701,11,94
uk,TLH2,GNN,42,10,station,19.482950988764593,18.177883737537154,24.223580446609944,21.866130938825794,128.46654891417438,128.51449455278865,0,10.553191489361701,11,94
uk,TLH2,GNN,123,10,station,15.906002377459878,13.032883346804441,20.353960267357664,15.744646503158405,128.46654891417438,128.51449455278865,0,10.553191489361701,11,94
uk,TLH2,GNN,456,10,station,19.041640374644466,17.169430388928955,23.963477006097925,20.327702306109185,128.46654891417438,128.51449455278865,0,10.553191489361701,11,94
uk,TLH2,Uni,,15,station,55.92544289417409,50.704949346379209,69.908031407507366,65.471626503525243,261.68875062806092,258.07267760824902,0,21.659574468085108,23,94
uk,TLH2,LU,,15,station,31.002479632756348,26.817445742954934,38.511951667106267,33.259271489824776,261.68875062806092,258.07267760824902,0,21.659574468085108,23,94
uk,TLH2,GNN,42,15,station,21.273675017909113,21.122413906605345,26.788110757870214,26.351186319969955,261.68875062806092,258.07267760824902,0,21.659574468085108,23,94
uk,TLH2,GNN,123,15,station,18.078624583707221,16.228979759862693,23.550125002146217,20.484479047616411,261.68875062806092,258.07267760824902,0,21.659574468085108,23,94
uk,TLH2,GNN,456,15,station,21.180837164013187,20.092228517519008,26.040713168284718,24.211360395522444,261.68875062806092,258.07267760824902,0,21.659574468085108,23,94
uk,TLH2,Uni,,20,station,75.867220580232498,70.651210130403896,90.072620856910348,84.519200998100075,415.44630921796812,410.50300646242056,0,34.425531914893618,35.5,94
uk,TLH2,LU,,20,station,42.844656082431783,37.145004018273333,49.860946728840986,43.545467265567048,415.44630921796812,410.50300646242056,0,34.425531914893618,35.5,94
uk,TLH2,GNN,42,20,station,20.104465075734037,20.988255439859127,25.309370278583625,26.962453096578617,415.44630921796812,410.50300646242056,0,34.425531914893618,35.5,94
uk,TLH2,GNN,123,20,station,18.215395327951686,17.551595693722842,22.643589476028605,21.857645870725133,415.44630921796812,410.50300646242056,0,34.425531914893618,35.5,94
uk,TLH2,GNN,456,20,station,20.121089906049608,20.389223104516145,24.879610455421808,24.064768228585713,415.44630921796812,410.50300646242056,0,34.425531914893618,35.5,94
uk,TLH3,Uni,,1,station,10.416947089362848,0.76404494269381973,12.501255234775115,1.3541872683143097,11.613773814432989,1.5390591345849731,0,1,1,97
uk,TLH3,LU,,1,station,10.242782488897916,0.75887884843458187,12.387208431906352,1.2519337701046733,11.613773814432989,1.5390591345849731,0,1,1,97
uk,TLH3,GNN,42,1,station,9.7455774752611557,1.3584685963078063,11.882701140335511,2.5763449043703432,11.613773814432989,1.5390591345849731,0,1,1,97
uk,TLH3,GNN,123,1,station,9.7202852483911268,1.2154664403219104,11.861755269309686,2.2433506229236553,11.613773814432989,1.5390591345849731,0,1,1,97
uk,TLH3,GNN,456,1,station,9.7511450549102872,1.1787028277409486,11.905749492508628,2.0283240227268284,11.613773814432989,1.5390591345849731,0,1,1,97
uk,TLH3,Uni,,2,station,7.9196140685869567,2.7824478504698176,10.97257924408736,4.0104658986085227,12.478381134020619,5.8672118724499791,0,1.0824742268041236,1,97
uk,TLH3,LU,,2,station,7.5661684071625883,2.2668875050237607,10.578973599486757,3.200574229868983,12.478381134020619,5.8672118724499791,0,1.0824742268041236,1,97
uk,TLH3,GNN,42,2,station,7.6745355733751142,3.8740660684185912,10.037318619604859,5.7773723303389231,12.478381134020619,5.8672118724499791,0,1.0824742268041236,1,97
uk,TLH3,GNN,123,2,station,7.1536280672977322,3.4506398548591211,9.6257042893577083,5.19997753755771,12.478381134020619,5.8672118724499791,0,1.0824742268041236,1,97
uk,TLH3,GNN,456,2,station,7.1623661013910178,3.3874631166116496,9.4822353680024971,4.8378502687168314,12.478381134020619,5.8672118724499791,0,1.0824742268041236,1,97
uk,TLH3,Uni,,3,station,9.1245557109886217,5.3190780204791483,14.896984141009334,7.1970970837849499,17.657201649484534,12.497607220590822,0,1.5154639175257731,1,97
uk,TLH3,LU,,3,station,8.0430831550847159,4.3146183477251796,13.574521169820063,5.7779143315493631,17.657201649484534,12.497607220590822,0,1.5154639175257731,1,97
uk,TLH3,GNN,42,3,station,8.0480556487523565,5.3969399773062561,11.769341595621086,7.8359681932222385,17.657201649484534,12.497607220590822,0,1.5154639175257731,1,97
uk,TLH3,GNN,123,3,station,7.392379588125892,5.0220752137919922,11.465906330125829,7.4438563495404857,17.657201649484534,12.497607220590822,0,1.5154639175257731,1,97
uk,TLH3,GNN,456,3,station,7.4119888767676478,4.6005910780783381,11.309250167536081,6.501731677610521,17.657201649484534,12.497607220590822,0,1.5154639175257731,1,97
uk,TLH3,Uni,,5,station,14.538975774542173,10.476769507362571,19.030550015513906,13.372006205613665,32.672251546391749,31.163207106239852,0,2.8556701030927836,3,97
uk,TLH3,LU,,5,station,13.086142278130035,8.846719372426163,17.45844150442645,11.649681782244883,32.672251546391749,31.163207106239852,0,2.8556701030927836,3,97
uk,TLH3,GNN,42,5,station,10.899606570610322,10.500323106256618,14.406161504585388,13.468632033919461,32.672251546391749,31.163207106239852,0,2.8556701030927836,3,97
uk,TLH3,GNN,123,5,station,10.196735442060064,8.965073280777462,13.37345310740116,11.532738371314855,32.672251546391749,31.163207106239852,0,2.8556701030927836,3,97
uk,TLH3,GNN,456,5,station,10.09620178940542,8.5258831181951233,13.670464368223533,11.120569376438823,32.672251546391749,31.163207106239852,0,2.8556701030927836,3,97
uk,TLH3,Uni,,7.5,station,23.824287006388502,15.634614728111265,29.665538214839309,19.378444109916327,64.070189175257738,61.708197952568867,0,5.7422680412371134,5,97
uk,TLH3,LU,,7.5,station,21.447293283903488,13.225884265375882,27.338774179110519,17.285014645057014,64.070189175257738,61.708197952568867,0,5.7422680412371134,5,97
uk,TLH3,GNN,42,7.5,station,15.172276372665802,15.168452860968102,19.502436802915092,18.659033754109167,64.070189175257738,61.708197952568867,0,5.7422680412371134,5,97
uk,TLH3,GNN,123,7.5,station,13.101064668670586,13.125327341113175,16.845666727519113,16.318833016650412,64.070189175257738,61.708197952568867,0,5.7422680412371134,5,97
uk,TLH3,GNN,456,7.5,station,15.031797929704732,13.270787385542599,19.531717469605002,17.038266127338773,64.070189175257738,61.708197952568867,0,5.7422680412371134,5,97
uk,TLH3,Uni,,10,station,26.882035447124967,20.195500969325785,32.830691462660567,24.240979616801546,100.0984487628866,98.653600887537891,0,8.9793814432989691,8,97
uk,TLH3,LU,,10,station,23.027416961114675,16.34481661586225,29.568150217192549,21.543923776848029,100.0984487628866,98.653600887537891,0,8.9793814432989691,8,97
uk,TLH3,GNN,42,10,station,17.633503865180536,17.926525918689286,23.974422891346943,22.312281873010445,100.0984487628866,98.653600887537891,0,8.9793814432989691,8,97
uk,TLH3,GNN,123,10,station,16.232435078411136,17.099975004992618,21.005720114522546,20.370532998743897,100.0984487628866,98.653600887537891,0,8.9793814432989691,8,97
uk,TLH3,GNN,456,10,station,17.401509436124279,17.109312322097132,23.04403591903986,21.231442505907935,100.0984487628866,98.653600887537891,0,8.9793814432989691,8,97
uk,TLH3,Uni,,15,station,26.784236930041239,24.710886586877663,34.79094456754941,31.010454461461613,184.72004979381441,185.53073810055793,0,16.52577319587629,16,97
uk,TLH3,LU,,15,station,22.656448491502896,20.395278067003915,30.818428627440039,26.775970347032349,184.72004979381441,185.53073810055793,0,16.52577319587629,16,97
uk,TLH3,GNN,42,15,station,20.38020833909615,19.225304204914259,24.446813289870274,23.029541712320416,184.72004979381441,185.53073810055793,0,16.52577319587629,16,97
uk,TLH3,GNN,123,15,station,20.313699913197645,20.595923151077059,24.856038691368809,24.972987515015031,184.72004979381441,185.53073810055793,0,16.52577319587629,16,97
uk,TLH3,GNN,456,15,station,19.580146488600217,19.005749393527157,24.60483759721658,22.984580063476521,184.72004979381441,185.53073810055793,0,16.52577319587629,16,97
uk,TLH3,Uni,,20,station,34.709624465413661,33.464046667488631,45.578383653702609,40.879094255222654,294.3247573195876,291.81901619928902,0,25.804123711340207,24,97
uk,TLH3,LU,,20,station,29.447431821049825,26.188004088254782,40.148152451999756,34.848408538991265,294.3247573195876,291.81901619928902,0,25.804123711340207,24,97
uk,TLH3,GNN,42,20,station,21.311089168393888,20.721245997089181,25.805551126941634,25.201197107142292,294.3247573195876,291.81901619928902,0,25.804123711340207,24,97
uk,TLH3,GNN,123,20,station,21.419166823296084,23.358547026955211,26.552401148483298,27.814307466217937,294.3247573195876,291.81901619928902,0,25.804123711340207,24,97
uk,TLH3,GNN,456,20,station,20.926438572064189,20.326390711046137,25.358861558596892,24.681786358828273,294.3247573195876,291.81901619928902,0,25.804123711340207,24,97
uk,TLJ1,Uni,,1,station,13.250687690223977,2.2359887366990203,16.541811098008246,4.6677740846556715,14.847105392373251,3.0444777002166616,0,1.0522875816993464,1,153
uk,TLJ1,LU,,1,station,12.732965746092869,2.0636378005853944,15.903213720465288,4.2582364433645683,14.847105392373251,3.0444777002166616,0,1.0522875816993464,1,153
uk,TLJ1,GNN,42,1,station,11.371572376871184,2.467375551535044,13.957820726523751,4.4783802354832796,14.847105392373251,3.0444777002166616,0,1.0522875816993464,1,153
uk,TLJ1,GNN,123,1,station,11.007663746969202,2.5089069908935349,13.383116880860342,4.4777857055363492,14.847105392373251,3.0444777002166616,0,1.0522875816993464,1,153
uk,TLJ1,GNN,456,1,station,11.526798355751726,2.669853932373826,14.136966237317342,4.9496613023224629,14.847105392373251,3.0444777002166616,0,1.0522875816993464,1,153
uk,TLJ1,Uni,,2,station,16.849465273262325,8.0672970088293425,24.756253353844318,14.036802974950843,22.486174393102324,11.773282293795232,0,1.457516339869281,1,153
uk,TLJ1,LU,,2,station,15.449109695885484,7.1623778876364161,22.85559099326289,12.537742222985784,22.486174393102324,11.773282293795232,0,1.457516339869281,1,153
uk,TLJ1,GNN,42,2,station,12.616902550328989,6.2362267983782145,18.263048234625529,10.395486652033666,22.486174393102324,11.773282293795232,0,1.457516339869281,1,153
uk,TLJ1,GNN,123,2,station,12.096473423959672,6.1337635936324064,17.286379338557119,9.9534432759042968,22.486174393102324,11.773282293795232,0,1.457516339869281,1,153
uk,TLJ1,GNN,456,2,station,13.006753418346639,6.7550752657256528,19.135907554448394,11.259839258804595,22.486174393102324,11.773282293795232,0,1.457516339869281,1,153
uk,TLJ1,Uni,,3,station,23.928446074637542,15.278618333016254,35.216104645755998,23.810804648783982,35.093017592202855,24.349555060354689,0,2.1764705882352939,2,153
uk,TLJ1,LU,,3,station,21.196818009117099,13.03302134870199,31.815364090614846,20.72692454939224,35.093017592202855,24.349555060354689,0,2.1764705882352939,2,153
uk,TLJ1,GNN,42,3,station,16.570365668132062,9.600406856503291,24.58650866149604,15.055107123452803,35.093017592202855,24.349555060354689,0,2.1764705882352939,2,153
uk,TLJ1,GNN,123,3,station,15.36636708584861,9.1669172874178386,22.90995661519241,13.813087737024283,35.093017592202855,24.349555060354689,0,2.1764705882352939,2,153
uk,TLJ1,GNN,456,3,station,17.255711065437492,9.9641291695152798,25.972213406443885,16.196327705174333,35.093017592202855,24.349555060354689,0,2.1764705882352939,2,153
uk,TLJ1,Uni,,5,station,38.848014821317257,30.296431528756887,55.713125087332791,43.022740378003675,62.872306701513793,57.04217778021922,0,3.8627450980392157,3,153
uk,TLJ1,LU,,5,station,33.604313530372856,24.775164311750405,48.874095643506223,36.885316512686153,62.872306701513793,57.04217778021922,0,3.8627450980392157,3,153
uk,TLJ1,GNN,42,5,station,22.712695254428283,16.555049807876703,34.226063314724541,24.280069303544852,62.872306701513793,57.04217778021922,0,3.8627450980392157,3,153
uk,TLJ1,GNN,123,5,station,20.312528111916482,14.668212449262141,30.64313430002543,21.248307982231175,62.872306701513793,57.04217778021922,0,3.8627450980392157,3,153
uk,TLJ1,GNN,456,5,station,25.32622469717149,17.950839788654182,38.017429362879362,27.217125885515134,62.872306701513793,57.04217778021922,0,3.8627450980392157,3,153
uk,TLJ1,Uni,,7.5,station,54.806665559855304,44.008513599164786,72.181243032308913,58.964410138902082,110.39109867525721,104.05371888096697,0,6.9607843137254903,6,153
uk,TLJ1,LU,,7.5,station,46.155599809580075,36.015364937127622,62.669861244203283,51.380806428575674,110.39109867525721,104.05371888096697,0,6.9607843137254903,6,153
uk,TLJ1,GNN,42,7.5,station,32.657364437685125,26.046925298754985,44.375607562394613,35.305595367144861,110.39109867525721,104.05371888096697,0,6.9607843137254903,6,153
uk,TLJ1,GNN,123,7.5,station,29.514809634967047,22.050123206954854,40.06654148128456,30.924614713942315,110.39109867525721,104.05371888096697,0,6.9607843137254903,6,153
uk,TLJ1,GNN,456,7.5,station,35.728810211998052,28.52830764512014,49.625471892718636,40.011988738616417,110.39109867525721,104.05371888096697,0,6.9607843137254903,6,153
uk,TLJ1,Uni,,10,station,61.377861006908439,53.50782434708551,75.527939024938149,68.394802383215719,157.34232487787952,154.00730971193462,0,10.267973856209151,10,153
uk,TLJ1,LU,,10,station,53.687827092785973,47.026345120468207,68.185413456263873,62.044896718354977,157.34232487787952,154.00730971193462,0,10.267973856209151,10,153
uk,TLJ1,GNN,42,10,station,36.795279451726742,33.598905151486392,46.516397836498733,42.308757540708598,157.34232487787952,154.00730971193462,0,10.267973856209151,10,153
uk,TLJ1,GNN,123,10,station,30.635072022397427,27.278627945682388,40.275388780306585,35.9332271913661,157.34232487787952,154.00730971193462,0,10.267973856209151,10,153
uk,TLJ1,GNN,456,10,station,42.107199520514584,38.18397004435532,54.157503345118357,49.671207240741538,157.34232487787952,154.00730971193462,0,10.267973856209151,10,153
uk,TLJ1,Uni,,15,station,83.796563491694116,76.590494609534062,106.94512684966998,97.664932212145658,280.23190762891289,274.77493065649116,0,18.895424836601308,19,153
uk,TLJ1,LU,,15,station,75.85030463946741,68.577270757138336,98.748218616852299,89.244159224882125,280.23190762891289,274.77493065649116,0,18.895424836601308,19,153
uk,TLJ1,GNN,42,15,station,54.578401875673379,48.630638299967814,70.1780190657324,61.539930680575765,280.23190762891289,274.77493065649116,0,18.895424836601308,19,153
uk,TLJ1,GNN,123,15,station,45.011459356126437,38.113540966351898,56.839498214231398,47.63490739046069,280.23190762891289,274.77493065649116,0,18.895424836601308,19,153
uk,TLJ1,GNN,456,15,station,62.341510685424616,56.517159004065675,80.162488941233562,71.348117231190258,280.23190762891289,274.77493065649116,0,18.895424836601308,19,153
uk,TLJ1,Uni,,20,station,105.1693190213574,98.133249031619158,133.03060445434559,126.42722830689607,420.03946200789852,418.66563689198955,0,28.686274509803923,30,153
uk,TLJ1,LU,,20,station,94.181766011265537,87.559940792478159,117.90806733398404,111.51382015981915,420.03946200789852,418.66563689198955,0,28.686274509803923,30,153
uk,TLJ1,GNN,42,20,station,67.207911120966443,62.610157198020723,85.997609619068385,80.34925891301674,420.03946200789852,418.66563689198955,0,28.686274509803923,30,153
uk,TLJ1,GNN,123,20,station,53.518635660734255,48.827639952176746,66.418371427430799,60.035172714764144,420.03946200789852,418.66563689198955,0,28.686274509803923,30,153
uk,TLJ1,GNN,456,20,station,76.634503024757649,71.92443046745997,96.789159138513739,91.394047157741554,420.03946200789852,418.66563689198955,0,28.686274509803923,30,153
uk,TLF1,Uni,,1,station,12.458101689464993,2.2281719800531299,15.696635767438627,5.1085988816099785,15.090973259604766,3.4858344920117208,0,1.0444444444444445,1,135
uk,TLF1,LU,,1,station,12.369426280234828,2.2368094250603079,15.634193660926439,5.1814163362344603,15.090973259604766,3.4858344920117208,0,1.0444444444444445,1,135
uk,TLF1,GNN,42,1,station,10.668315792263506,2.9407453729019735,13.103619955763829,4.9638093902173299,15.090973259604766,3.4858344920117208,0,1.0444444444444445,1,135
uk,TLF1,GNN,123,1,station,11.067994705106823,2.8273943111242317,13.80558313184715,4.9874882515743089,15.090973259604766,3.4858344920117208,0,1.0444444444444445,1,135
uk,TLF1,GNN,456,1,station,11.096105473497573,2.7965693020708655,13.724216601654831,4.9195301820056789,15.090973259604766,3.4858344920117208,0,1.0444444444444445,1,135
uk,TLF1,Uni,,2,station,14.104313388538964,7.1707511578835037,21.413695144283295,12.734843177227688,22.607337558848162,12.92522768006909,0,1.4296296296296296,1,135
uk,TLF1,LU,,2,station,13.803712566881131,7.0603293310929542,21.079641626342461,12.553945357942464,22.607337558848162,12.92522768006909,0,1.4296296296296296,1,135
uk,TLF1,GNN,42,2,station,10.250393814551845,5.766032899659284,14.906628954325932,10.215975114699798,22.607337558848162,12.92522768006909,0,1.4296296296296296,1,135
uk,TLF1,GNN,123,2,station,10.997688845865344,5.9891208743460131,16.072042190007505,10.503687187328246,22.607337558848162,12.92522768006909,0,1.4296296296296296,1,135
uk,TLF1,GNN,456,2,station,11.324928921720407,6.0903564689923844,16.441445654086262,10.668801210775289,22.607337558848162,12.92522768006909,0,1.4296296296296296,1,135
uk,TLF1,Uni,,3,station,18.944023449849091,12.378843613405927,30.341613113085906,18.876985035394675,35.575279112941558,26.682935301829332,0,2.1407407407407408,2,135
uk,TLF1,LU,,3,station,18.262004405338335,12.160537766768936,29.700710661898693,18.456294944119623,35.575279112941558,26.682935301829332,0,2.1407407407407408,2,135
uk,TLF1,GNN,42,3,station,11.54226346909317,8.4344353741684248,17.0577156375182,13.637724483885853,35.575279112941558,26.682935301829332,0,2.1407407407407408,2,135
uk,TLF1,GNN,123,3,station,12.732676185267257,9.2367442180587513,18.929920021010449,14.0460737206588,35.575279112941558,26.682935301829332,0,2.1407407407407408,2,135
uk,TLF1,GNN,456,3,station,13.041234045505563,9.3997870048416985,19.287732403547643,14.405801533975749,35.575279112941558,26.682935301829332,0,2.1407407407407408,2,135
uk,TLF1,Uni,,5,station,28.168945340480317,23.267140784523761,39.489282164064193,31.469373523012692,70.233058532791077,65.031548154980811,0,4.1111111111111107,3,135
uk,TLF1,LU,,5,station,27.485793733230725,22.62924818441396,38.247208570565455,30.636468337237311,70.233058532791077,65.031548154980811,0,4.1111111111111107,3,135
uk,TLF1,GNN,42,5,station,15.879429459796814,13.660373327528621,21.597727228818986,19.869355556361338,70.233058532791077,65.031548154980811,0,4.1111111111111107,3,135
uk,TLF1,GNN,123,5,station,18.245614369346999,15.004801171923877,25.296231366875908,21.325239033970313,70.233058532791077,65.031548154980811,0,4.1111111111111107,3,135
uk,TLF1,GNN,456,5,station,17.852169576704359,15.519212003121165,24.831760205262547,21.911488358172299,70.233058532791077,65.031548154980811,0,4.1111111111111107,3,135
uk,TLF1,Uni,,7.5,station,41.987261827348895,35.087645752795062,55.538221998241724,45.674325139836185,130.47984616086103,123.20980363216508,0,7.9777777777777779,7,135
uk,TLF1,LU,,7.5,station,40.421963572558546,33.72067244794016,54.077273773298757,44.622075800771171,130.47984616086103,123.20980363216508,0,7.9777777777777779,7,135
uk,TLF1,GNN,42,7.5,station,20.417806430507,16.317684993903427,26.282340073431548,21.718468397517711,130.47984616086103,123.20980363216508,0,7.9777777777777779,7,135
uk,TLF1,GNN,123,7.5,station,24.828102112342066,18.537079687884439,31.688816772880593,23.685897819090361,130.47984616086103,123.20980363216508,0,7.9777777777777779,7,135
uk,TLF1,GNN,456,7.5,station,24.900863279578694,18.729681697782617,31.848694750984908,24.391452573325317,130.47984616086103,123.20980363216508,0,7.9777777777777779,7,135
uk,TLF1,Uni,,10,station,55.373580924179826,48.104925335979416,72.383858806539365,63.269472074734793,196.94387993155649,191.58513269668927,0,12.451851851851853,12,135
uk,TLF1,LU,,10,station,54.311982718655031,47.007470340206304,71.151470866520526,62.224967057538834,196.94387993155649,191.58513269668927,0,12.451851851851853,12,135
uk,TLF1,GNN,42,10,station,25.623270784755576,19.866257564369057,32.973512240912243,27.240225494355638,196.94387993155649,191.58513269668927,0,12.451851851851853,12,135
uk,TLF1,GNN,123,10,station,30.313623885620903,24.677080276814984,39.009525978100363,30.423421705969787,196.94387993155649,191.58513269668927,0,12.451851851851853,12,135
uk,TLF1,GNN,456,10,station,31.01115287247594,24.891603389817142,39.703399105518919,31.66408706837084,196.94387993155649,191.58513269668927,0,12.451851851851853,12,135
uk,TLF1,Uni,,15,station,88.598916310505203,81.280327804267813,111.8412648657073,103.03495905203592,368.34590856845261,362.39677622008656,0,23.977777777777778,24,135
uk,TLF1,LU,,15,station,86.699868768574831,79.713341109231209,108.98543173143115,100.47272873535246,368.34590856845261,362.39677622008656,0,23.977777777777778,24,135
uk,TLF1,GNN,42,15,station,42.934791938183892,35.590058548086844,54.498713432803612,46.259591439594999,368.34590856845261,362.39677622008656,0,23.977777777777778,24,135
uk,TLF1,GNN,123,15,station,50.768666520097895,44.200329015447359,63.524483236796684,54.558079172591086,368.34590856845261,362.39677622008656,0,23.977777777777778,24,135
uk,TLF1,GNN,456,15,station,53.66151642320262,46.882929322338896,66.408820329534038,57.517563298524735,368.34590856845261,362.39677622008656,0,23.977777777777778,24,135
uk,TLF1,Uni,,20,station,113.54035909726156,108.90442449662919,136.06819315674866,129.25340819352124,573.69075816784607,571.05572912866546,0,37.93333333333333,40,135
uk,TLF1,LU,,20,station,111.34699094426857,106.67730533874965,132.44134854349332,125.73662306613579,573.69075816784607,571.05572912866546,0,37.93333333333333,40,135
uk,TLF1,GNN,42,20,station,54.115216934490128,49.104264638057352,63.695656206817411,57.410454340307744,573.69075816784607,571.05572912866546,0,37.93333333333333,40,135
uk,TLF1,GNN,123,20,station,62.351219192223759,56.671133030110624,74.612940656672819,67.753174471425993,573.69075816784607,571.05572912866546,0,37.93333333333333,40,135
uk,TLF1,GNN,456,20,station,67.710072985221657,62.55227414551792,79.652540440060193,72.663808621551937,573.69075816784607,571.05572912866546,0,37.93333333333333,40,135
uk,TLF2,Uni,,1,station,13.938614011997261,3.2769589361590596,17.308291658573538,8.0046589368497845,16.862761904761907,4.465565929087516,0,1.1142857142857143,1,105
uk,TLF2,LU,,1,station,13.910599482730504,3.3115295555120112,17.389895802233141,8.1909381588891463,16.862761904761907,4.465565929087516,0,1.1142857142857143,1,105
uk,TLF2,GNN,42,1,station,12.543841168642279,3.0428972689808265,14.750363936671389,5.6210279901562776,16.862761904761907,4.465565929087516,0,1.1142857142857143,1,105
uk,TLF2,GNN,123,1,station,12.627553940224697,2.8550738445850952,14.634279940893066,5.2086822240755213,16.862761904761907,4.465565929087516,0,1.1142857142857143,1,105
uk,TLF2,GNN,456,1,station,12.109777822514555,3.2392539564915181,14.114757965159349,5.5876490959784437,16.862761904761907,4.465565929087516,0,1.1142857142857143,1,105
uk,TLF2,Uni,,2,station,17.223367513146925,8.3999869146802997,24.279599521506729,16.065327986643954,27.296571428571426,15.181825965046301,0,1.6666666666666667,1,105
uk,TLF2,LU,,2,station,16.964664882629922,8.3425665990319704,24.027285940799143,15.826985431088966,27.296571428571426,15.181825965046301,0,1.6666666666666667,1,105
uk,TLF2,GNN,42,2,station,13.943230157534018,6.5036271446086857,18.225657603742615,10.791815864887104,27.296571428571426,15.181825965046301,0,1.6666666666666667,1,105
uk,TLF2,GNN,123,2,station,13.61970275271327,5.8359271784140789,17.493428849827566,9.5698224941439634,27.296571428571426,15.181825965046301,0,1.6666666666666667,1,105
uk,TLF2,GNN,456,2,station,12.577868538857233,6.1304509802692726,16.461817484666863,9.6739190169505651,27.296571428571426,15.181825965046301,0,1.6666666666666667,1,105
uk,TLF2,Uni,,3,station,24.078845898402609,12.32390635401876,35.04052576706782,20.499093919734886,43.818190476190473,30.378708043354397,0,2.5428571428571427,2,105
uk,TLF2,LU,,3,station,23.935319480519436,11.951123839286922,34.388242176591248,19.588801704208304,43.818190476190473,30.378708043354397,0,2.5428571428571427,2,105
uk,TLF2,GNN,42,3,station,17.561338560432578,9.8409760344192012,25.895244674985818,15.821483500748629,43.818190476190473,30.378708043354397,0,2.5428571428571427,2,105
uk,TLF2,GNN,123,3,station,16.512679011162536,9.3740196141845615,24.038628687241673,14.973540024362228,43.818190476190473,30.378708043354397,0,2.5428571428571427,2,105
uk,TLF2,GNN,456,3,station,15.166882894691579,9.2838646140243259,22.031877570991881,14.160040144531377,43.818190476190473,30.378708043354397,0,2.5428571428571427,2,105
uk,TLF2,Uni,,5,station,33.060862185562435,21.638466875593409,48.629757847132993,33.692052293266293,82.148095238095237,66.759951530008081,0,4.6761904761904765,3,105
uk,TLF2,LU,,5,station,32.634454123054638,21.932324367528938,47.560143472985828,33.062977905292549,82.148095238095237,66.759951530008081,0,4.6761904761904765,3,105
uk,TLF2,GNN,42,5,station,23.90797258093545,16.005914009105084,36.376141036995215,24.940307802919612,82.148095238095237,66.759951530008081,0,4.6761904761904765,3,105
uk,TLF2,GNN,123,5,station,23.277787491150534,15.719290440776605,34.363467909359066,24.384493325316949,82.148095238095237,66.759951530008081,0,4.6761904761904765,3,105
uk,TLF2,GNN,456,5,station,19.473575622666022,13.608431699107433,28.994339441077663,21.009227884121255,82.148095238095237,66.759951530008081,0,4.6761904761904765,3,105
uk,TLF2,Uni,,7.5,station,38.040829205009537,30.831395215647678,55.695541212074083,44.898767183105299,122.41428571428571,111.6322407375531,0,7.2285714285714286,5,105
uk,TLF2,LU,,7.5,station,38.310749592237251,29.854911928194387,54.053378654964106,43.0703324094262,122.41428571428571,111.6322407375531,0,7.2285714285714286,5,105
uk,TLF2,GNN,42,7.5,station,26.550544710053,22.423512103833914,39.75287526610019,31.915631862463865,122.41428571428571,111.6322407375531,0,7.2285714285714286,5,105
uk,TLF2,GNN,123,7.5,station,25.528969321222174,22.014323982622962,36.966689557372085,30.099186281866448,122.41428571428571,111.6322407375531,0,7.2285714285714286,5,105
uk,TLF2,GNN,456,7.5,station,22.848148340184931,19.88947251390384,30.392793961864534,26.895807184173755,122.41428571428571,111.6322407375531,0,7.2285714285714286,5,105
uk,TLF2,Uni,,10,station,45.798436544610809,38.165943779353569,59.998642772759275,51.568584427829514,163.63685714285717,157.38275663251841,0,9.9333333333333336,8,105
uk,TLF2,LU,,10,station,46.368292292238948,38.609210721494165,59.076945700258342,50.548634498494444,163.63685714285717,157.38275663251841,0,9.9333333333333336,8,105
uk,TLF2,GNN,42,10,station,26.01358324223856,24.305986042920999,39.09922808882984,32.997857041619866,163.63685714285717,157.38275663251841,0,9.9333333333333336,8,105
uk,TLF2,GNN,123,10,station,24.673921355954427,23.862465957878946,36.315763634034511,31.011798135052519,163.63685714285717,157.38275663251841,0,9.9333333333333336,8,105
uk,TLF2,GNN,456,10,station,22.718256108680833,23.010120155315722,30.072968886519252,27.168968818314966,163.63685714285717,157.38275663251841,0,9.9333333333333336,8,105
uk,TLF2,Uni,,15,station,57.488078109346482,50.146629776219477,68.35855367241065,61.908758151252727,259.7672380952381,259.21659543147251,0,16.447619047619046,17,105
uk,TLF2,LU,,15,station,59.079686524880628,51.669636879065933,69.263311978106373,62.682422221553857,259.7672380952381,259.21659543147251,0,16.447619047619046,17,105
uk,TLF2,GNN,42,15,station,34.180174515939505,27.795643894335345,43.076461577964736,37.545458383348283,259.7672380952381,259.21659543147251,0,16.447619047619046,17,105
uk,TLF2,GNN,123,15,station,32.591368293343393,26.229720788746221,41.071819462070884,35.662662513874189,259.7672380952381,259.21659543147251,0,16.447619047619046,17,105
uk,TLF2,GNN,456,15,station,29.278976949818528,24.834809899664716,35.895261786527421,30.714739871256761,259.7672380952381,259.21659543147251,0,16.447619047619046,17,105
uk,TLF2,Uni,,20,station,72.12116382380141,63.792779967428082,82.461630615995404,73.111519901607366,390.24828571428577,386.51697605780703,0,25.076190476190476,27,105
uk,TLF2,LU,,20,station,73.70259911931764,65.477984439082675,84.738256789120612,74.980609293369568,390.24828571428577,386.51697605780703,0,25.076190476190476,27,105
uk,TLF2,GNN,42,20,station,39.940690777557606,33.404444747542485,49.039324732835901,43.821325460232735,390.24828571428577,386.51697605780703,0,25.076190476190476,27,105
uk,TLF2,GNN,123,20,station,37.212993659347013,31.573094401050476,46.064144971544096,41.381761875691183,390.24828571428577,386.51697605780703,0,25.076190476190476,27,105
uk,TLF2,GNN,456,20,station,36.694938684038995,30.859323299862734,41.868721831677767,36.294366769507,390.24828571428577,386.51697605780703,0,25.076190476190476,27,105
uk,TLC1,Uni,,1,station,16.488423593318473,1.1967508729603531,18.110621494837886,1.940026964178363,17.896210517578126,2.0905734712036237,0,1.0800000000000001,1,50
uk,TLC1,LU,,1,station,16.183021558536378,1.2546376781726376,17.816507795452761,1.9093391780116271,17.896210517578126,2.0905734712036237,0,1.0800000000000001,1,50
uk,TLC1,GNN,42,1,station,14.390062565908138,2.2999547110140819,16.066102855315506,3.2987398592906265,17.896210517578126,2.0905734712036237,0,1.0800000000000001,1,50
uk,TLC1,GNN,123,1,station,14.313674976895841,2.2743627600004905,15.900485252809981,3.171570426755034,17.896210517578126,2.0905734712036237,0,1.0800000000000001,1,50
uk,TLC1,GNN,456,1,station,14.339213281155198,2.2872596607805842,15.958184395169429,3.373171720415264,17.896210517578126,2.0905734712036237,0,1.0800000000000001,1,50
uk,TLC1,Uni,,2,station,15.454058155160512,4.0121751833986066,17.461612409631346,6.3476292685502882,21.103298916015628,8.1071393065612085,0,1.3600000000000001,1,50
uk,TLC1,LU,,2,station,14.46439115522271,3.9819967993206018,16.671789739417981,6.152737831104794,21.103298916015628,8.1071393065612085,0,1.3600000000000001,1,50
uk,TLC1,GNN,42,2,station,12.296526211269558,5.8932670202307555,14.463354221610807,8.3821224901499569,21.103298916015628,8.1071393065612085,0,1.3600000000000001,1,50
uk,TLC1,GNN,123,2,station,11.913637405584339,5.8637708079225375,14.058493159278118,7.9112298309598605,21.103298916015628,8.1071393065612085,0,1.3600000000000001,1,50
uk,TLC1,GNN,456,2,station,11.927027336368264,5.6334004579147878,13.727276869921377,8.0405184175136029,21.103298916015628,8.1071393065612085,0,1.3600000000000001,1,50
uk,TLC1,Uni,,3,station,22.128510160370318,7.9038110490783495,28.53743263908693,11.283734383828801,33.737315292968752,17.479604438095564,0,2.1600000000000001,2,50
uk,TLC1,LU,,3,station,21.044736646230152,7.136082888327425,27.079582469685104,10.474799208930451,33.737315292968752,17.479604438095564,0,2.1600000000000001,2,50
uk,TLC1,GNN,42,3,station,15.641527790923295,8.6555471669874677,18.552469631855455,12.071430010210822,33.737315292968752,17.479604438095564,0,2.1600000000000001,2,50
uk,TLC1,GNN,123,3,station,15.33965387482036,8.4185220357227415,18.342702778854765,11.272909859295012,33.737315292968752,17.479604438095564,0,2.1600000000000001,2,50
uk,TLC1,GNN,456,3,station,16.061348145693678,8.3749033974451095,19.50820212409258,11.941835112018111,33.737315292968752,17.479604438095564,0,2.1600000000000001,2,50
uk,TLC1,Uni,,5,station,28.286958845910412,16.197592014185776,38.049800011041292,21.42480998972686,56.728709208984377,43.571977008530233,0,3.4399999999999999,3,50
uk,TLC1,LU,,5,station,25.369570643192777,14.846205599190419,34.113558850012168,18.764957138352184,56.728709208984377,43.571977008530233,0,3.4399999999999999,3,50
uk,TLC1,GNN,42,5,station,18.116203692925382,13.895955427201494,22.491575531007129,18.545000910268499,56.728709208984377,43.571977008530233,0,3.4399999999999999,3,50
uk,TLC1,GNN,123,5,station,17.464244380733238,13.991254902496054,22.267296720827478,17.759414308486996,56.728709208984377,43.571977008530233,0,3.4399999999999999,3,50
uk,TLC1,GNN,456,5,station,19.590808722876655,13.072559443808691,25.63961885179695,17.091616279905352,56.728709208984377,43.571977008530233,0,3.4399999999999999,3,50
uk,TLC1,Uni,,7.5,station,35.506663170870567,24.212849876554127,44.401058030420714,30.276251359984723,94.246331279296868,84.137016173456232,0,5.4000000000000004,5,50
uk,TLC1,LU,,7.5,station,31.651464770233638,20.531003223900971,38.786208162908665,25.720886517078675,94.246331279296868,84.137016173456232,0,5.4000000000000004,5,50
uk,TLC1,GNN,42,7.5,station,20.938400783729513,18.537474256874141,26.440716742913132,24.138254211502122,94.246331279296868,84.137016173456232,0,5.4000000000000004,5,50
uk,TLC1,GNN,123,7.5,station,18.757366738352037,18.431053948711991,24.196192963286109,23.969837689696416,94.246331279296868,84.137016173456232,0,5.4000000000000004,5,50
uk,TLC1,GNN,456,7.5,station,19.465299396429142,16.682391544937069,24.318296475530289,21.525972713397628,94.246331279296868,84.137016173456232,0,5.4000000000000004,5,50
uk,TLC1,Uni,,10,station,35.889013498171018,26.803424451085689,42.560556170872722,32.450449137919449,138.37738041992188,128.57339208598489,0,8.0800000000000001,8,50
uk,TLC1,LU,,10,station,32.739079683407425,22.794698275775577,38.130808031410794,28.58316521797526,138.37738041992188,128.57339208598489,0,8.0800000000000001,8,50
uk,TLC1,GNN,42,10,station,22.701703841330854,22.126179799374036,29.252825639936937,28.490684957392553,138.37738041992188,128.57339208598489,0,8.0800000000000001,8,50
uk,TLC1,GNN,123,10,station,21.631704972133367,22.577866794715987,27.365293347552381,28.041881333922287,138.37738041992188,128.57339208598489,0,8.0800000000000001,8,50
uk,TLC1,GNN,456,10,station,22.505175088166819,20.853767016694405,27.55111842036931,27.028355845527773,138.37738041992188,128.57339208598489,0,8.0800000000000001,8,50
uk,TLC1,Uni,,15,station,49.311790736504378,37.405614166726238,60.002984521451211,47.279100747375864,234.10004890624998,233.91460525461008,0,13.32,14,50
uk,TLC1,LU,,15,station,44.125571311035834,33.613616561682392,56.272463810114182,44.419168133226961,234.10004890624998,233.91460525461008,0,13.32,14,50
uk,TLC1,GNN,42,15,station,35.426705712826035,27.428934931563589,47.43955692952003,37.337447208383772,234.10004890624998,233.91460525461008,0,13.32,14,50
uk,TLC1,GNN,123,15,station,30.432967697120507,22.275682228797091,42.217332900558873,32.476470363502891,234.10004890624998,233.91460525461008,0,13.32,14,50
uk,TLC1,GNN,456,15,station,32.12535258054222,23.19748957919105,44.234487395307582,33.947961330987994,234.10004890624998,233.91460525461008,0,13.32,14,50
uk,TLC1,Uni,,20,station,63.404326690861254,47.360808635746245,76.585044462995711,60.528880994360954,366.2543855761719,350.89585639739283,0,21.120000000000001,22,50
uk,TLC1,LU,,20,station,61.284301740315712,45.439945888936762,74.061093341376818,58.639131591483924,366.2543855761719,350.89585639739283,0,21.120000000000001,22,50
uk,TLC1,GNN,42,20,station,45.627627360747844,37.80773607533402,57.995072652539932,49.457961231337464,366.2543855761719,350.89585639739283,0,21.120000000000001,22,50
uk,TLC1,GNN,123,20,station,39.96505382666686,29.038026827566142,51.055420490217919,40.941587605226658,366.2543855761719,350.89585639739283,0,21.120000000000001,22,50
uk,TLC1,GNN,456,20,station,43.92331999383817,31.938230040257821,55.125178252798506,43.538001249327372,366.2543855761719,350.89585639739283,0,21.120000000000001,22,50
uk,TLC2,Uni,,1,station,15.120821454915941,4.2526554164510548,20.219164188260383,9.1762392050490362,18.782825028040886,6.8762174613988964,0,1.2465753424657535,1,73
uk,TLC2,LU,,1,station,14.221769370567579,4.1212940207986692,19.497542039400354,8.677293933898909,18.782825028040886,6.8762174613988964,0,1.2465753424657535,1,73
uk,TLC2,GNN,42,1,station,13.419123767724702,4.1205697443086766,18.310562829785223,7.7645957645012267,18.782825028040886,6.8762174613988964,0,1.2465753424657535,1,73
uk,TLC2,GNN,123,1,station,13.397281485273309,4.2878266819840816,18.188473270267583,7.7216260398867069,18.782825028040886,6.8762174613988964,0,1.2465753424657535,1,73
uk,TLC2,GNN,456,1,station,13.414158257824733,3.9444358264194337,18.105110777339814,7.2949381341095725,18.782825028040886,6.8762174613988964,0,1.2465753424657535,1,73
uk,TLC2,Uni,,2,station,23.801757794254183,14.222561594020222,37.991711742454996,25.73337658920757,35.812268287084123,25.56302487347083,0,2.3424657534246576,1,73
uk,TLC2,LU,,2,station,22.313327098813492,12.218399463507183,35.292260481968135,22.826948399696342,35.812268287084123,25.56302487347083,0,2.3424657534246576,1,73
uk,TLC2,GNN,42,2,station,19.557564840894266,10.74211785034316,30.862186221208685,19.152886861502967,35.812268287084123,25.56302487347083,0,2.3424657534246576,1,73
uk,TLC2,GNN,123,2,station,19.217141583388756,10.814417717231672,30.013390992251615,18.568069711460762,35.812268287084123,25.56302487347083,0,2.3424657534246576,1,73
uk,TLC2,GNN,456,2,station,19.277111495023576,10.293805632548107,29.995505413242235,18.232157283573766,35.812268287084123,25.56302487347083,0,2.3424657534246576,1,73
uk,TLC2,Uni,,3,station,32.449444662005661,23.977607303886817,49.172744838627224,39.209389745255756,57.455422792983633,51.264032843470915,0,3.8767123287671232,3,73
uk,TLC2,LU,,3,station,28.592778841430434,18.962806618948406,42.670367170861986,31.991566042014824,57.455422792983633,51.264032843470915,0,3.8767123287671232,3,73
uk,TLC2,GNN,42,3,station,23.488648358525012,16.808296049421802,35.555375179388783,26.040947868012999,57.455422792983633,51.264032843470915,0,3.8767123287671232,3,73
uk,TLC2,GNN,123,3,station,23.117146664869587,16.654684634320233,34.087015063169481,24.940337381706012,57.455422792983633,51.264032843470915,0,3.8767123287671232,3,73
uk,TLC2,GNN,456,3,station,23.318461287505517,16.464927229343676,34.764335018791556,25.357969991426284,57.455422792983633,51.264032843470915,0,3.8767123287671232,3,73
uk,TLC2,Uni,,5,station,55.973565651165067,42.141389925882933,80.629103795641129,60.203441705407037,134.70454063928415,120.96767974278652,0,8.7260273972602747,7,73
uk,TLC2,LU,,5,station,43.326760190135779,29.541926830134219,62.100105955507338,41.857963042298024,134.70454063928415,120.96767974278652,0,8.7260273972602747,7,73
uk,TLC2,GNN,42,5,station,39.217633915826312,27.178000289613472,53.351208706221158,34.522814882006053,134.70454063928415,120.96767974278652,0,8.7260273972602747,7,73
uk,TLC2,GNN,123,5,station,38.511638895910899,26.587283701838398,51.74114875970826,33.362525984289292,134.70454063928415,120.96767974278652,0,8.7260273972602747,7,73
uk,TLC2,GNN,456,5,station,39.568393368817517,27.636247172585684,53.765343865114374,34.780917942704157,134.70454063928415,120.96767974278652,0,8.7260273972602747,7,73
uk,TLC2,Uni,,7.5,station,68.469384875064975,51.588439939658038,88.878726150741116,68.09141248874306,243.82306069011247,227.22000332524726,0,15.986301369863014,15,73
uk,TLC2,LU,,7.5,station,50.317037079298586,34.544080505944571,62.451910177756673,43.396500577355688,243.82306069011247,227.22000332524726,0,15.986301369863014,15,73
uk,TLC2,GNN,42,7.5,station,38.187671054104406,24.679642933039062,46.018993808938809,32.891915059337833,243.82306069011247,227.22000332524726,0,15.986301369863014,15,73
uk,TLC2,GNN,123,7.5,station,35.259014943162356,23.480050919547544,42.701814420251665,31.619672739673689,243.82306069011247,227.22000332524726,0,15.986301369863014,15,73
uk,TLC2,GNN,456,7.5,station,39.692824440412146,26.356001203920826,48.034995488155843,34.425298219568461,243.82306069011247,227.22000332524726,0,15.986301369863014,15,73
uk,TLC2,Uni,,10,station,73.472883975784171,55.842386398144527,94.582970237924414,70.723786151733691,360.54791984830069,343.55687691147313,0,23.520547945205479,25,73
uk,TLC2,LU,,10,station,53.493366240649358,35.39265708291029,68.72441808414159,46.079994101100446,360.54791984830069,343.55687691147313,0,23.520547945205479,25,73
uk,TLC2,GNN,42,10,station,36.79419414880627,21.996536014417142,48.094271342147223,29.858200489544132,360.54791984830069,343.55687691147313,0,23.520547945205479,25,73
uk,TLC2,GNN,123,10,station,35.406779910610339,22.971650237652529,45.382641597438983,30.558431774599796,360.54791984830069,343.55687691147313,0,23.520547945205479,25,73
uk,TLC2,GNN,456,10,station,39.833436874142031,24.375910581526533,51.691832977633659,33.513648725533194,360.54791984830069,343.55687691147313,0,23.520547945205479,25,73
uk,TLC2,Uni,,15,station,97.462787931009444,70.763637483436497,116.7832794561609,88.812809542723173,597.73282954185868,570.14561992395352,0,37.739726027397261,46,73
uk,TLC2,LU,,15,station,78.211728201651511,53.074964688091534,92.203998291242272,65.459319013176511,597.73282954185868,570.14561992395352,0,37.739726027397261,46,73
uk,TLC2,GNN,42,15,station,55.328748911748526,33.600500663769289,66.557745473514089,41.379372940478717,597.73282954185868,570.14561992395352,0,37.739726027397261,46,73
uk,TLC2,GNN,123,15,station,53.076642529568517,31.548052458662532,63.28413076415206,38.648889968193551,597.73282954185868,570.14561992395352,0,37.739726027397261,46,73
uk,TLC2,GNN,456,15,station,61.571274545052127,39.375526720704151,73.835404253502062,48.721377160212491,597.73282954185868,570.14561992395352,0,37.739726027397261,46,73
uk,TLC2,Uni,,20,station,94.484473902357109,77.229338390413659,109.71433719145635,88.552530391819445,737.8668875648242,719.80349922020207,0,46.424657534246577,56,73
uk,TLC2,LU,,20,station,81.879989802536841,64.853535292349946,94.67447451110381,73.283106380125744,737.8668875648242,719.80349922020207,0,46.424657534246577,56,73
uk,TLC2,GNN,42,20,station,59.150764153982266,42.501236553152538,69.623536548366403,48.306526515124155,737.8668875648242,719.80349922020207,0,46.424657534246577,56,73
uk,TLC2,GNN,123,20,station,57.632898661308573,41.040389470538088,67.883010815142882,46.675193338710834,737.8668875648242,719.80349922020207,0,46.424657534246577,56,73
uk,TLC2,GNN,456,20,station,68.567912496771342,51.71802520034948,79.919366820226713,58.757360243627851,737.8668875648242,719.80349922020207,0,46.424657534246577,56,73
uk,TLD6,Uni,,1,station,7.6158199466067256,1.499494760903801,9.5136208289873316,2.7509568104468229,9.1134371882364018,2.2352245053668214,0,1.1063829787234043,1,94
uk,TLD6,LU,,1,station,7.397445390451594,1.5627689365333719,9.3120234621478151,2.7069468505469372,9.1134371882364018,2.2352245053668214,0,1.1063829787234043,1,94
uk,TLD6,GNN,42,1,station,6.5032711302019441,2.4282992219258759,8.1942042811739793,3.9057478655074029,9.1134371882364018,2.2352245053668214,0,1.1063829787234043,1,94
uk,TLD6,GNN,123,1,station,6.9073613769050999,1.9207147959046245,8.5652145721892143,3.0122672992584825,9.1134371882364018,2.2352245053668214,0,1.1063829787234043,1,94
uk,TLD6,GNN,456,1,station,6.6939353078154236,2.2007562847641746,8.3868818942435297,3.353779097849618,9.1134371882364018,2.2352245053668214,0,1.1063829787234043,1,94
uk,TLD6,Uni,,2,station,9.4076797213094157,4.7172906838450279,14.11691197746492,7.6550985968617313,14.76339300217098,8.5367433398656747,0,1.7446808510638299,1,94
uk,TLD6,LU,,2,station,8.8685273718698276,4.7418987533910952,13.543568755880406,7.3971387548790668,14.76339300217098,8.5367433398656747,0,1.7446808510638299,1,94
uk,TLD6,GNN,42,2,station,7.1090988753248352,4.7083954982286809,10.435972963609789,6.8569186017818078,14.76339300217098,8.5367433398656747,0,1.7446808510638299,1,94
uk,TLD6,GNN,123,2,station,7.8488751899064306,4.4609723207175307,11.671603310414611,6.5451943039055589,14.76339300217098,8.5367433398656747,0,1.7446808510638299,1,94
uk,TLD6,GNN,456,2,station,7.3880662501372729,4.5529539386943316,10.920194302711911,6.5674092756750335,14.76339300217098,8.5367433398656747,0,1.7446808510638299,1,94
uk,TLD6,Uni,,3,station,15.414489655975096,8.474413627537988,21.312137844691385,12.554788412794565,26.130779956492702,17.654842122448265,0,2.8723404255319149,3,94
uk,TLD6,LU,,3,station,14.366424971047939,8.2678989804364456,19.866057967340652,12.18503420345608,26.130779956492702,17.654842122448265,0,2.8723404255319149,3,94
uk,TLD6,GNN,42,3,station,9.7741195475132674,7.2955729601414383,14.37264565439826,10.005328717163518,26.130779956492702,17.654842122448265,0,2.8723404255319149,3,94
uk,TLD6,GNN,123,3,station,11.208849013727637,7.2370391206340585,16.443228241392379,10.088029085565974,26.130779956492702,17.654842122448265,0,2.8723404255319149,3,94
uk,TLD6,GNN,456,3,station,10.522383347889139,7.1403330564904302,15.354997676489434,9.749767071115869,26.130779956492702,17.654842122448265,0,2.8723404255319149,3,94
uk,TLD6,Uni,,5,station,22.190720987004905,15.415599020802802,28.025486494636414,19.400138931081617,46.398849131853851,39.60871740388815,0,5.1702127659574471,5,94
uk,TLD6,LU,,5,station,20.160939907370761,14.764715402308411,25.391392848297258,19.016673505576335,46.398849131853851,39.60871740388815,0,5.1702127659574471,5,94
uk,TLD6,GNN,42,5,station,12.264170286440702,10.891692684278494,17.194586030832635,14.003209190029027,46.398849131853851,39.60871740388815,0,5.1702127659574471,5,94
uk,TLD6,GNN,123,5,station,14.517849488086933,12.276221014376519,20.583659335551953,16.099833628942424,46.398849131853851,39.60871740388815,0,5.1702127659574471,5,94
uk,TLD6,GNN,456,5,station,12.973631848977888,11.548247697004067,18.737132891585208,14.804875640917697,46.398849131853851,39.60871740388815,0,5.1702127659574471,5,94
uk,TLD6,Uni,,7.5,station,26.510284399714948,20.962718592188232,30.761375858966076,24.901985554571642,76.309707017378827,72.172390231972543,0,8.787234042553191,9.5,94
uk,TLD6,LU,,7.5,station,25.093470748796214,20.558931818716797,29.659764072711905,24.709238100383498,76.309707017378827,72.172390231972543,0,8.787234042553191,9.5,94
uk,TLD6,GNN,42,7.5,station,16.379976399405841,14.697196334978115,21.666484883147991,18.957891171044142,76.309707017378827,72.172390231972543,0,8.787234042553191,9.5,94
uk,TLD6,GNN,123,7.5,station,20.624817295940051,18.254398574560451,27.025754539785922,23.507048165416887,76.309707017378827,72.172390231972543,0,8.787234042553191,9.5,94
uk,TLD6,GNN,456,7.5,station,18.041689994698547,16.338795599271659,24.027132791338012,20.871180264896591,76.309707017378827,72.172390231972543,0,8.787234042553191,9.5,94
uk,TLD6,Uni,,10,station,27.624607047495939,23.278658055585442,32.641087058010484,28.088410324598733,109.92424640819328,109.18152761274123,0,13.170212765957446,13,94
uk,TLD6,LU,,10,station,26.643157630492276,22.971942229536282,31.743459631211625,27.514420010235785,109.92424640819328,109.18152761274123,0,13.170212765957446,13,94
uk,TLD6,GNN,42,10,station,21.011936202450716,19.131080210938688,25.845266006287368,23.873695404100189,109.92424640819328,109.18152761274123,0,13.170212765957446,13,94
uk,TLD6,GNN,123,10,station,26.676436011126793,23.698331666824142,32.269371657972691,29.498120214801478,109.92424640819328,109.18152761274123,0,13.170212765957446,13,94
uk,TLD6,GNN,456,10,station,23.375723511786695,20.682711780491637,28.586121289874928,25.991086221264222,109.92424640819328,109.18152761274123,0,13.170212765957446,13,94
uk,TLD6,Uni,,15,station,32.479545239613131,26.534203720231059,38.81279492985761,31.188332436418822,186.31839840349079,187.52043830838724,0,23.425531914893618,22,94
uk,TLD6,LU,,15,station,31.093096386577841,25.876774876721353,37.368391655916092,30.663163860438242,186.31839840349079,187.52043830838724,0,23.425531914893618,22,94
uk,TLD6,GNN,42,15,station,25.054313170822393,19.843332304919226,29.453098016666804,24.51973587369493,186.31839840349079,187.52043830838724,0,23.425531914893618,22,94
uk,TLD6,GNN,123,15,station,31.73939290562776,26.065448079079477,37.408305277854716,31.016626289833997,186.31839840349079,187.52043830838724,0,23.425531914893618,22,94
uk,TLD6,GNN,456,15,station,27.703632542555173,22.418894416651327,32.905834309930889,26.968384888624108,186.31839840349079,187.52043830838724,0,23.425531914893618,22,94
uk,TLD6,Uni,,20,station,27.49388982371817,23.991722521524672,33.797381163357088,29.392137222444386,279.00899280812871,280.15977663913515,0,35.148936170212764,34,94
uk,TLD6,LU,,20,station,26.857493688860583,24.053931312102897,33.673117959757114,30.310812497552043,279.00899280812871,280.15977663913515,0,35.148936170212764,34,94
uk,TLD6,GNN,42,20,station,24.518144165360528,23.99125721291502,29.215258547116836,27.802709763193519,279.00899280812871,280.15977663913515,0,35.148936170212764,34,94
uk,TLD6,GNN,123,20,station,29.181390299750277,27.341945381880322,34.558401359759223,31.428117303139782,279.00899280812871,280.15977663913515,0,35.148936170212764,34,94
uk,TLD6,GNN,456,20,station,26.521797876401905,25.348322342924838,31.642926951468429,29.068440693526497,279.00899280812871,280.15977663913515,0,35.148936170212764,34,94
uk,TLG1,Uni,,1,station,15.236228761352159,0.98539633852754727,18.694693164902489,1.9578259381899634,15.89676923076923,1.3017311609336,0,1,1,65
uk,TLG1,LU,,1,station,15.189950187510343,0.95895930430008181,18.650121795005781,1.912979279463066,15.89676923076923,1.3017311609336,0,1,1,65
uk,TLG1,GNN,42,1,station,14.156765430956916,1.6310548420349962,17.338487214080246,3.3621197395991045,15.89676923076923,1.3017311609336,0,1,1,65
uk,TLG1,GNN,123,1,station,13.85434798156245,1.757593709947429,17.158794002204409,3.1839814490712968,15.89676923076923,1.3017311609336,0,1,1,65
uk,TLG1,GNN,456,1,station,14.297883019191524,1.4338691179765564,17.65272854301644,2.7224210891028222,15.89676923076923,1.3017311609336,0,1,1,65
uk,TLG1,Uni,,2,station,16.628439262256215,3.7263074818610602,21.554910889489477,6.4990516797560662,19.155230769230773,5.0755270879161891,0,1.1846153846153846,1,65
uk,TLG1,LU,,2,station,16.503668850396156,3.6116720349710714,21.42817955891087,6.316944516641871,19.155230769230773,5.0755270879161891,0,1.1846153846153846,1,65
uk,TLG1,GNN,42,2,station,14.642359518127405,4.3644844243016383,18.62548343330927,8.2018296883972148,19.155230769230773,5.0755270879161891,0,1.1846153846153846,1,65
uk,TLG1,GNN,123,2,station,13.614959517295958,3.875021554189122,17.497870959950586,5.8624075928081627,19.155230769230773,5.0755270879161891,0,1.1846153846153846,1,65
uk,TLG1,GNN,456,2,station,15.115818502958874,4.1426940337574942,19.383869137044897,8.7219569985362373,19.155230769230773,5.0755270879161891,0,1.1846153846153846,1,65
uk,TLG1,Uni,,3,station,19.734853855414379,7.6802551680114899,28.629144708019886,12.283086749305824,25.009846153846155,10.879689141426347,0,1.4923076923076923,1,65
uk,TLG1,LU,,3,station,19.508896575958794,7.4546912104960628,28.323774508165211,11.942020943573198,25.009846153846155,10.879689141426347,0,1.4923076923076923,1,65
uk,TLG1,GNN,42,3,station,17.638598047563477,7.4870067838544818,26.002469589875101,16.138563186686767,25.009846153846155,10.879689141426347,0,1.4923076923076923,1,65
uk,TLG1,GNN,123,3,station,15.754979376557097,6.1980402296506778,22.367391113307043,9.8480684856607237,25.009846153846155,10.879689141426347,0,1.4923076923076923,1,65
uk,TLG1,GNN,456,3,station,18.235721882283919,7.2790685882705422,27.062067827807674,16.622594597044351,25.009846153846155,10.879689141426347,0,1.4923076923076923,1,65
uk,TLG1,Uni,,5,station,25.908855552969616,16.865188920861797,36.567814791146894,23.79912979759008,37.826153846153844,25.951724213467049,0,2.3230769230769233,2,65
uk,TLG1,LU,,5,station,25.511189375677972,16.437240265087226,36.026105354871241,23.269183123131988,37.826153846153844,25.951724213467049,0,2.3230769230769233,2,65
uk,TLG1,GNN,42,5,station,22.874159498496375,13.733204506586446,32.172025017755587,22.299733302939906,37.826153846153844,25.951724213467049,0,2.3230769230769233,2,65
uk,TLG1,GNN,123,5,station,20.216683879698341,12.080675672330241,28.068778864687516,17.066225915194618,37.826153846153844,25.951724213467049,0,2.3230769230769233,2,65
uk,TLG1,GNN,456,5,station,23.092008525254091,14.049891672898354,33.22757575769365,22.958842230263922,37.826153846153844,25.951724213467049,0,2.3230769230769233,2,65
uk,TLG1,Uni,,7.5,station,32.544384158450299,23.805609968615986,41.197987171653914,30.758636254118766,53.305076923076918,46.599302840305533,0,3.1846153846153844,3,65
uk,TLG1,LU,,7.5,station,32.178218313721018,23.284817829073088,40.659584860263216,30.155628072694498,53.305076923076918,46.599302840305533,0,3.1846153846153844,3,65
uk,TLG1,GNN,42,7.5,station,30.662133224630175,21.958693358399866,40.913779897037237,31.824849807300129,53.305076923076918,46.599302840305533,0,3.1846153846153844,3,65
uk,TLG1,GNN,123,7.5,station,27.51283740738582,18.762282647272713,34.247716574270612,24.227817058073789,53.305076923076918,46.599302840305533,0,3.1846153846153844,3,65
uk,TLG1,GNN,456,7.5,station,31.762880157904096,22.764730059589755,42.33592561427222,33.019269340232789,53.305076923076918,46.599302840305533,0,3.1846153846153844,3,65
uk,TLG1,Uni,,10,station,33.387334317114721,27.483593439208359,42.268598899871456,33.302576344400734,74.107846153846154,69.977167565205761,0,4.6307692307692312,4,65
uk,TLG1,LU,,10,station,33.009164902728713,26.961570755896183,41.684306198938017,32.698071798402545,74.107846153846154,69.977167565205761,0,4.6307692307692312,4,65
uk,TLG1,GNN,42,10,station,34.549028899014139,29.588296429599971,43.640295514827422,38.174451642497061,74.107846153846154,69.977167565205761,0,4.6307692307692312,4,65
uk,TLG1,GNN,123,10,station,28.540765448691939,22.294982847044256,35.032539261562789,27.544455022121561,74.107846153846154,69.977167565205761,0,4.6307692307692312,4,65
uk,TLG1,GNN,456,10,station,35.356198129080234,30.459366212667163,44.728626525442074,39.15192904427839,74.107846153846154,69.977167565205761,0,4.6307692307692312,4,65
uk,TLG1,Uni,,15,station,37.022561848951341,31.895627951592513,44.420475659498699,36.5884488442967,126.48338461538462,124.21559182980091,0,8.046153846153846,8,65
uk,TLG1,LU,,15,station,36.379891507104603,31.073141160958507,43.473314181687662,35.671862978695351,126.48338461538462,124.21559182980091,0,8.046153846153846,8,65
uk,TLG1,GNN,42,15,station,39.875025807130569,38.385738512499422,45.329801960518218,44.024493104599173,126.48338461538462,124.21559182980091,0,8.046153846153846,8,65
uk,TLG1,GNN,123,15,station,27.575661807877477,25.327513287915902,34.159845922528554,30.794414478685006,126.48338461538462,124.21559182980091,0,8.046153846153846,8,65
uk,TLG1,GNN,456,15,station,40.360268247045006,38.728691516753919,45.843358462282694,44.814780177892871,126.48338461538462,124.21559182980091,0,8.046153846153846,8,65
uk,TLG1,Uni,,20,station,40.5225590990688,32.945305448798536,49.623123025442268,38.544348094439833,195.732,188.95830318672591,0,12.107692307692307,12,65
uk,TLG1,LU,,20,station,39.835263564506867,32.227146641056258,49.020205660935588,37.739989326794365,195.732,188.95830318672591,0,12.107692307692307,12,65
uk,TLG1,GNN,42,20,station,52.54320849820256,43.199762482216265,58.271933542868332,49.382847054717175,195.732,188.95830318672591,0,12.107692307692307,12,65
uk,TLG1,GNN,123,20,station,38.756936080188332,28.967346080932547,45.946763075873072,35.442703647971321,195.732,188.95830318672591,0,12.107692307692307,12,65
uk,TLG1,GNN,456,20,station,53.589588321352721,43.200305073309607,60.158578401507036,50.462405734409792,195.732,188.95830318672591,0,12.107692307692307,12,65
uk,TLG2,Uni,,1,station,12.672525183889277,0.74210365902668596,18.284052643502029,1.473053924456851,13.548107374373211,1.0776330400002989,0,1,1,96
uk,TLG2,LU,,1,station,12.641705622552125,0.73442592892312974,18.240599574508359,1.4713622321733106,13.548107374373211,1.0776330400002989,0,1,1,96
uk,TLG2,GNN,42,1,station,11.348748106042294,2.0993318100479077,16.610753048644089,3.6819971546614805,13.548107374373211,1.0776330400002989,0,1,1,96
uk,TLG2,GNN,123,1,station,11.335126532476352,2.1454503408381504,16.542572251394297,3.8662747402687616,13.548107374373211,1.0776330400002989,0,1,1,96
uk,TLG2,GNN,456,1,station,11.531887806947211,2.0979971110537892,16.641836040388892,4.4766220509417707,13.548107374373211,1.0776330400002989,0,1,1,96
uk,TLG2,Uni,,2,station,13.113890367817751,2.8390689575025481,19.812331779390412,4.7326359631668353,16.263937252723579,4.2928599318313987,0,1.1875,1,96
uk,TLG2,LU,,2,station,12.973158504483109,2.7904591629636992,19.601595444660234,4.6746764276410104,16.263937252723579,4.2928599318313987,0,1.1875,1,96
uk,TLG2,GNN,42,2,station,10.386325259185224,3.8708800845514273,15.860428039335005,5.7895641965887847,16.263937252723579,4.2928599318313987,0,1.1875,1,96
uk,TLG2,GNN,123,2,station,10.43112946801922,3.9856065076454086,15.824742104437286,6.3155718569503545,16.263937252723579,4.2928599318313987,0,1.1875,1,96
uk,TLG2,GNN,456,2,station,10.797538458908507,3.8610832027380702,15.938885291310065,6.4516458052139019,16.263937252723579,4.2928599318313987,0,1.1875,1,96
uk,TLG2,Uni,,3,station,14.097259637177871,5.405526480175606,21.443497730470252,8.6428348226323504,19.989790815097173,9.347634141267795,0,1.4791666666666667,1,96
uk,TLG2,LU,,3,station,13.856481119701494,5.2781153900892681,21.081794971923763,8.4731471842156285,19.989790815097173,9.347634141267795,0,1.4791666666666667,1,96
uk,TLG2,GNN,42,3,station,9.5149759466113935,5.4640511171801309,14.150026549197902,8.2304567657670304,19.989790815097173,9.347634141267795,0,1.4791666666666667,1,96
uk,TLG2,GNN,123,3,station,9.5975048314062921,5.5642802112397307,14.242029551754486,8.6094310356154811,19.989790815097173,9.347634141267795,0,1.4791666666666667,1,96
uk,TLG2,GNN,456,3,station,9.6901023037392715,5.3308958973265153,14.053967224775581,8.1116967773440471,19.989790815097173,9.347634141267795,0,1.4791666666666667,1,96
uk,TLG2,Uni,,5,station,18.172023164180715,11.018723334602043,27.217246666492834,15.231480320855349,30.768354104405294,23.318817713212042,0,2.25,2,96
uk,TLG2,LU,,5,station,17.744889940550632,10.65778248190079,26.542856469821619,14.713594908444085,30.768354104405294,23.318817713212042,0,2.25,2,96
uk,TLG2,GNN,42,5,station,10.385650558548161,7.8564221152581126,17.230422595431712,11.39912906718124,30.768354104405294,23.318817713212042,0,2.25,2,96
uk,TLG2,GNN,123,5,station,11.380513513860924,8.9237301414576393,18.290118540657645,12.92755076152727,30.768354104405294,23.318817713212042,0,2.25,2,96
uk,TLG2,GNN,456,5,station,10.783552546667726,7.7384366341302497,17.429910667277209,11.290583883764381,30.768354104405294,23.318817713212042,0,2.25,2,96
uk,TLG2,Uni,,7.5,station,21.847951328106358,16.662316309418671,28.750903145947394,21.416674849892278,50.031805917715069,46.00567270450199,0,3.6875,3,96
uk,TLG2,LU,,7.5,station,21.399406371555923,16.148010228828912,27.998680033226893,20.64975717720063,50.031805917715069,46.00567270450199,0,3.6875,3,96
uk,TLG2,GNN,42,7.5,station,13.904910647847428,10.858378622041593,18.818961354369687,14.724444857779263,50.031805917715069,46.00567270450199,0,3.6875,3,96
uk,TLG2,GNN,123,7.5,station,14.985062193436262,12.889857678257295,21.045614875518037,18.068935160523758,50.031805917715069,46.00567270450199,0,3.6875,3,96
uk,TLG2,GNN,456,7.5,station,13.6869878265615,10.922956410409455,19.390640698118531,16.462537759469324,50.031805917715069,46.00567270450199,0,3.6875,3,96
uk,TLG2,Uni,,10,station,25.244874142562484,18.780948345456029,32.417524957493846,24.160703237812541,74.31648984093998,72.475871377573029,0,5.395833333333333,5,96
uk,TLG2,LU,,10,station,24.722349090224242,18.219712035081056,31.508131459047124,23.425747815034104,74.31648984093998,72.475871377573029,0,5.395833333333333,5,96
uk,TLG2,GNN,42,10,station,17.485487244165132,14.588531852312869,24.625785336436273,19.713752464420434,74.31648984093998,72.475871377573029,0,5.395833333333333,5,96
uk,TLG2,GNN,123,10,station,20.941433354774006,17.830442371646509,29.665899057668913,25.197348325330935,74.31648984093998,72.475871377573029,0,5.395833333333333,5,96
uk,TLG2,GNN,456,10,station,18.934699773786097,15.548333411881742,27.727598578050589,23.057462238255773,74.31648984093998,72.475871377573029,0,5.395833333333333,5,96
uk,TLG2,Uni,,15,station,31.042047809810413,24.760685293834879,41.211247881602468,32.452353872324984,137.77901320553875,136.80233962317186,0,10.375,10,96
uk,TLG2,LU,,15,station,30.060584260402994,23.813041156475446,40.123246570393739,31.349434600234673,137.77901320553875,136.80233962317186,0,10.375,10,96
uk,TLG2,GNN,42,15,station,26.073611513073768,19.569608845585069,37.046188118034529,27.726206458738439,137.77901320553875,136.80233962317186,0,10.375,10,96
uk,TLG2,GNN,123,15,station,32.758530424606661,27.758161292736514,46.952867774990025,39.352219053158819,137.77901320553875,136.80233962317186,0,10.375,10,96
uk,TLG2,GNN,456,15,station,28.578727262471091,23.086829647135175,42.297989666203996,34.004123208671153,137.77901320553875,136.80233962317186,0,10.375,10,96
uk,TLG2,Uni,,20,station,37.334762732530358,29.835482753663314,48.330206490365732,38.9878560400252,218.64411498165904,219.25480636890893,0,16.4375,18,96
uk,TLG2,LU,,20,station,36.034916095369738,28.64593303895515,46.559599915794685,37.422627295920577,218.64411498165904,219.25480636890893,0,16.4375,18,96
uk,TLG2,GNN,42,20,station,27.213348818558682,23.324243681902505,40.037006872273089,34.325935491244181,218.64411498165904,219.25480636890893,0,16.4375,18,96
uk,TLG2,GNN,123,20,station,39.132080370698837,36.272230414329449,56.18628049456413,51.187175062060192,218.64411498165904,219.25480636890893,0,16.4375,18,96
uk,TLG2,GNN,456,20,station,33.12914427070924,29.645784372625801,49.472376998194662,44.079258822886764,218.64411498165904,219.25480636890893,0,16.4375,18,96
uk,TLE4,Uni,,1,station,14.844538984013639,6.6043353397715023,20.003896754465075,12.822427896549529,18.554298840250365,9.0606377197182155,0,1.4503311258278146,1,151
uk,TLE4,LU,,1,station,13.06851709526121,5.799119605054325,18.412574758504231,11.642328834385081,18.554298840250365,9.0606377197182155,0,1.4503311258278146,1,151
uk,TLE4,GNN,42,1,station,9.7144213793717569,4.5897668412608965,12.812120858431056,7.185578053142283,18.554298840250365,9.0606377197182155,0,1.4503311258278146,1,151
uk,TLE4,GNN,123,1,station,9.9194691546079596,4.3179549681332903,13.318180590940997,6.9046583051591455,18.554298840250365,9.0606377197182155,0,1.4503311258278146,1,151
uk,TLE4,GNN,456,1,station,10.252585500450863,4.667302932517039,13.807432898415813,7.5372845393793915,18.554298840250365,9.0606377197182155,0,1.4503311258278146,1,151
uk,TLE4,Uni,,2,station,27.093996342160473,22.05888662638829,46.750429807760298,38.771809286902538,39.560792930349571,32.575287755309837,0,3.0927152317880795,2,151
uk,TLE4,LU,,2,station,22.342862256132783,17.419434341391252,41.220695212086127,33.404204992299469,39.560792930349571,32.575287755309837,0,3.0927152317880795,2,151
uk,TLE4,GNN,42,2,station,14.702557184939327,9.8080872635039142,22.781699845622775,14.716991287964063,39.560792930349571,32.575287755309837,0,3.0927152317880795,2,151
uk,TLE4,GNN,123,2,station,15.10765846286021,10.297477612014495,23.749494720725821,15.55573148841836,39.560792930349571,32.575287755309837,0,3.0927152317880795,2,151
uk,TLE4,GNN,456,2,station,16.076519512145225,11.315305677269555,25.970077553100918,17.896596339976487,39.560792930349571,32.575287755309837,0,3.0927152317880795,2,151
uk,TLE4,Uni,,3,station,45.92296610505992,40.089021027130933,72.109329499654848,64.08790946737075,72.548186884795484,65.110111137420617,0,5.6092715231788075,4,151
uk,TLE4,LU,,3,station,35.551332235170946,29.277306067215754,58.968603924310543,51.303550658037842,72.548186884795484,65.110111137420617,0,5.6092715231788075,4,151
uk,TLE4,GNN,42,3,station,20.236007963429437,15.472471510228916,29.101992489216187,22.511054532581007,72.548186884795484,65.110111137420617,0,5.6092715231788075,4,151
uk,TLE4,GNN,123,3,station,21.061094099689623,16.255960382081643,30.004179847482174,23.120164388262552,72.548186884795484,65.110111137420617,0,5.6092715231788075,4,151
uk,TLE4,GNN,456,3,station,22.640809016178107,17.783267406530118,33.166272544981396,26.257841283007618,72.548186884795484,65.110111137420617,0,5.6092715231788075,4,151
uk,TLE4,Uni,,5,station,85.289830553418099,76.013407113955452,118.54405960589069,106.01485557002366,155.83864089662254,147.58166571320041,0,11.741721854304636,9,151
uk,TLE4,LU,,5,station,59.602700487400007,49.703057302774042,85.493700358256817,73.167099549840316,155.83864089662254,147.58166571320041,0,11.741721854304636,9,151
uk,TLE4,GNN,42,5,station,30.913621793677287,23.353577036408819,38.505409416736967,28.636182885459124,155.83864089662254,147.58166571320041,0,11.741721854304636,9,151
uk,TLE4,GNN,123,5,station,32.47039148509981,23.945069142457662,40.01424143908185,29.373506548770969,155.83864089662254,147.58166571320041,0,11.741721854304636,9,151
uk,TLE4,GNN,456,5,station,37.088072113129499,28.33298219807153,45.961747505987361,34.640598403593721,155.83864089662254,147.58166571320041,0,11.741721854304636,9,151
uk,TLE4,Uni,,7.5,station,122.49151348562334,111.49684199125494,156.81563708426245,140.75198036230472,284.52257270539161,274.65623147310259,0,21.476821192052981,21,151
uk,TLE4,LU,,7.5,station,79.498309568627761,68.288065073403359,102.58723605353298,86.737785204570997,284.52257270539161,274.65623147310259,0,21.476821192052981,21,151
uk,TLE4,GNN,42,7.5,station,41.228709206011466,30.559227072622448,50.826363573700796,37.546834379062005,284.52257270539161,274.65623147310259,0,21.476821192052981,21,151
uk,TLE4,GNN,123,7.5,station,43.007734539980149,32.867451655170555,53.302934450876471,42.05763251682135,284.52257270539161,274.65623147310259,0,21.476821192052981,21,151
uk,TLE4,GNN,456,7.5,station,51.301071633165215,40.403741264165106,62.17239980534552,49.86965459104497,284.52257270539161,274.65623147310259,0,21.476821192052981,21,151
uk,TLE4,Uni,,10,station,145.28943824357063,136.35064023634436,179.22768043698986,169.44437822108401,430.71365981911794,426.32773477056611,0,32.496688741721854,36,151
uk,TLE4,LU,,10,station,91.51921767848647,82.63770566824148,114.9574342545818,104.84507530743321,430.71365981911794,426.32773477056611,0,32.496688741721854,36,151
uk,TLE4,GNN,42,10,station,46.232615790465751,38.177849252428601,56.611712813821057,45.025165841966931,430.71365981911794,426.32773477056611,0,32.496688741721854,36,151
uk,TLE4,GNN,123,10,station,51.301233436033392,43.793815710504838,64.388564475283403,53.658775419458223,430.71365981911794,426.32773477056611,0,32.496688741721854,36,151
uk,TLE4,GNN,456,10,station,61.243665934151792,53.532908209377503,76.168020552756573,65.66004501294799,430.71365981911794,426.32773477056611,0,32.496688741721854,36,151
uk,TLE4,Uni,,15,station,202.75370270067472,186.47420061824462,251.34488609399139,229.41454776734867,828.67776556754893,815.02603288505736,0,62.695364238410598,67,151
uk,TLE4,LU,,15,station,129.02061276648007,112.16194084275266,160.74736383896669,138.80333998441179,828.67776556754893,815.02603288505736,0,62.695364238410598,67,151
uk,TLE4,GNN,42,15,station,57.594816341298426,44.192255729549544,72.591731080254362,53.924486123153358,828.67776556754893,815.02603288505736,0,62.695364238410598,67,151
uk,TLE4,GNN,123,15,station,72.174842025479521,56.249919680479522,91.647577511484428,70.883656554188761,828.67776556754893,815.02603288505736,0,62.695364238410598,67,151
uk,TLE4,GNN,456,15,station,86.782311345025846,70.789777467093032,109.94172292412874,88.950065846734049,828.67776556754893,815.02603288505736,0,62.695364238410598,67,151
uk,TLE4,Uni,,20,station,217.88441650695731,200.18086987419244,249.21679636875012,227.53477465139596,1216.8230063241319,1199.2837286937936,0,92.774834437086099,102,151
uk,TLE4,LU,,20,station,135.06255885365985,116.85733869222292,153.7555686223651,132.09237215069018,1216.8230063241319,1199.2837286937936,0,92.774834437086099,102,151
uk,TLE4,GNN,42,20,station,51.136406308599327,36.817322707626616,64.480220543924801,45.291275545763789,1216.8230063241319,1199.2837286937936,0,92.774834437086099,102,151
uk,TLE4,GNN,123,20,station,71.714099568423535,54.574195224262184,82.611049836038319,61.512891375856434,1216.8230063241319,1199.2837286937936,0,92.774834437086099,102,151
uk,TLE4,GNN,456,20,station,88.641129821149121,71.349412306223556,101.79359846095389,80.797198843541025,1216.8230063241319,1199.2837286937936,0,92.774834437086099,102,151
uk,TLH1,Uni,,1,station,9.6278536521086515,0.56617181625249446,11.29207432047858,1.1829885565828893,10.148093442622953,0.84024285290770995,0,1,1,183
uk,TLH1,LU,,1,station,9.6219712274602962,0.56876741560954402,11.28775388058779,1.1560673764790868,10.148093442622953,0.84024285290770995,0,1,1,183
uk,TLH1,GNN,42,1,station,9.1839505862505053,0.77016045357801233,10.890383923498629,1.4743157167055685,10.148093442622953,0.84024285290770995,0,1,1,183
uk,TLH1,GNN,123,1,station,9.1788883414085269,0.8157537149327857,10.874321740870068,1.7211962255068509,10.148093442622953,0.84024285290770995,0,1,1,183
uk,TLH1,GNN,456,1,station,9.1956054280655728,0.76521353319350083,10.854412195903612,1.636565500479733,10.148093442622953,0.84024285290770995,0,1,1,183
uk,TLH1,Uni,,2,station,9.160192344441338,2.2008743046546368,11.701500112309198,4.1496129246906381,11.198770054644809,3.3412746466748846,0,1.0874316939890711,1,183
uk,TLH1,LU,,2,station,9.1350168489989656,2.1931396501601568,11.678884015188819,4.0350094441052837,11.198770054644809,3.3412746466748846,0,1.0874316939890711,1,183
uk,TLH1,GNN,42,2,station,7.9011398588858768,2.2101908447619558,9.7506773756692606,3.8467600766214116,11.198770054644809,3.3412746466748846,0,1.0874316939890711,1,183
uk,TLH1,GNN,123,2,station,8.2611787733143185,2.3268049737741987,10.189046349695229,4.532098813077444,11.198770054644809,3.3412746466748846,0,1.0874316939890711,1,183
uk,TLH1,GNN,456,2,station,8.1888891653538955,2.156539722835106,10.082213838838115,3.9471952190478397,11.198770054644809,3.3412746466748846,0,1.0874316939890711,1,183
uk,TLH1,Uni,,3,station,9.5930058572564416,4.7059100800059914,14.500419196095173,8.2493697325641619,13.813614863387979,7.318667053669671,0,1.2950819672131149,1,183
uk,TLH1,LU,,3,station,9.5451195808053075,4.671757809859983,14.344121270677126,8.0649750319780278,13.813614863387979,7.318667053669671,0,1.2950819672131149,1,183
uk,TLH1,GNN,42,3,station,7.0260441127687434,3.703400731818776,9.394555660938634,6.1045375543921807,13.813614863387979,7.318667053669671,0,1.2950819672131149,1,183
uk,TLH1,GNN,123,3,station,7.560745229072328,3.9355430890211638,10.302653821934241,7.2407639935630694,13.813614863387979,7.318667053669671,0,1.2950819672131149,1,183
uk,TLH1,GNN,456,3,station,7.3783457208340755,3.6080110806550585,9.8226564527047291,6.1249238624659386,13.813614863387979,7.318667053669671,0,1.2950819672131149,1,183
uk,TLH1,Uni,,5,station,13.53483122134762,10.804815373998675,22.863467639058118,17.289928645151811,21.174209234972679,18.583447029466402,0,1.8961748633879782,1,183
uk,TLH1,LU,,5,station,13.423562037135158,10.689116089767788,22.364322326578709,16.868559169126517,21.174209234972679,18.583447029466402,0,1.8961748633879782,1,183
uk,TLH1,GNN,42,5,station,6.8914289810228668,5.5569479947782146,10.595372859090677,8.803311902041921,21.174209234972679,18.583447029466402,0,1.8961748633879782,1,183
uk,TLH1,GNN,123,5,station,8.1457112649784271,6.389012006835677,12.708947089956165,10.307980873751232,21.174209234972679,18.583447029466402,0,1.8961748633879782,1,183
uk,TLH1,GNN,456,5,station,7.526098868664417,5.4690158456462035,11.861064138505503,8.9067455994200859,21.174209234972679,18.583447029466402,0,1.8961748633879782,1,183
uk,TLH1,Uni,,7.5,station,23.886549676169974,17.475591068985086,35.066520674232329,26.588436799520046,37.269556721311467,36.553755075545126,0,3.360655737704918,2,183
uk,TLH1,LU,,7.5,station,23.616401046843858,17.297740413180346,34.458399784708973,25.989946379372711,37.269556721311467,36.553755075545126,0,3.360655737704918,2,183
uk,TLH1,GNN,42,7.5,station,10.583822428757285,8.1060772099237131,14.0950967091265,11.526345093643274,37.269556721311467,36.553755075545126,0,3.360655737704918,2,183
uk,TLH1,GNN,123,7.5,station,11.99137899380033,9.0587034879210755,15.974120276912439,13.015031986260384,37.269556721311467,36.553755075545126,0,3.360655737704918,2,183
uk,TLH1,GNN,456,7.5,station,11.977930081964518,8.8041068936048781,16.023957906942808,12.375391909287899,37.269556721311467,36.553755075545126,0,3.360655737704918,2,183
uk,TLH1,Uni,,10,station,28.809206702455523,23.174975074936789,39.927892249188794,33.24144953415415,60.149342185792349,57.900883732925045,0,5.6120218579234971,5,183
uk,TLH1,LU,,10,station,28.693994485531896,23.152465083946197,39.3034116488381,32.728810247739723,60.149342185792349,57.900883732925045,0,5.6120218579234971,5,183
uk,TLH1,GNN,42,10,station,12.042353082256783,9.7601755479786352,15.682524989319978,12.899336427613752,60.149342185792349,57.900883732925045,0,5.6120218579234971,5,183
uk,TLH1,GNN,123,10,station,15.044443746311549,11.969262191318169,19.061655813606222,15.363025769040453,60.149342185792349,57.900883732925045,0,5.6120218579234971,5,183
uk,TLH1,GNN,456,10,station,15.074886285822268,11.455234555596777,18.788600424754716,14.715161708676751,60.149342185792349,57.900883732925045,0,5.6120218579234971,5,183
uk,TLH1,Uni,,15,station,34.16426685179399,29.800506855470978,43.898037497038445,37.916407166576072,111.32222857923497,108.18908837778224,0,10.617486338797814,9,183
uk,TLH1,LU,,15,station,34.221778979582211,29.604853906572814,43.785909320995096,37.839144449096239,111.32222857923497,108.18908837778224,0,10.617486338797814,9,183
uk,TLH1,GNN,42,15,station,15.167590063582015,12.254123210285718,19.961369763345417,16.664763870204307,111.32222857923497,108.18908837778224,0,10.617486338797814,9,183
uk,TLH1,GNN,123,15,station,18.848286342620842,16.589780241954522,23.067841655709675,20.345970337580479,111.32222857923497,108.18908837778224,0,10.617486338797814,9,183
uk,TLH1,GNN,456,15,station,18.589657435319204,16.117536618156283,22.882435973374808,19.640731650353256,111.32222857923497,108.18908837778224,0,10.617486338797814,9,183
uk,TLH1,Uni,,20,station,35.360776693779535,32.923785958140058,42.541343985348064,39.173903169001463,169.49112278688526,168.15583822477819,0,16.540983606557376,16,183
uk,TLH1,LU,,20,station,35.115675317911901,32.395718242031968,42.800302936971015,39.333132507249125,169.49112278688526,168.15583822477819,0,16.540983606557376,16,183
uk,TLH1,GNN,42,20,station,16.880070810812729,14.157809747362929,22.238788213791569,19.288817562396119,169.49112278688526,168.15583822477819,0,16.540983606557376,16,183
uk,TLH1,GNN,123,20,station,21.734673926455908,19.35396383780418,27.211784459987246,24.121323601116721,169.49112278688526,168.15583822477819,0,16.540983606557376,16,183
uk,TLH1,GNN,456,20,station,21.711136989757133,18.683996650329579,27.136129718390162,23.75373084153307,169.49112278688526,168.15583822477819,0,16.540983606557376,16,183
uk,TLE3,Uni,,1,station,16.803581344216823,6.1384533857663026,23.225133630447647,11.331322429991099,20.257831030796027,8.6909684253747592,0,1.5652173913043479,1,92
uk,TLE3,LU,,1,station,15.460046605650835,5.7668595007513099,22.136032882547195,10.530260924197602,20.257831030796027,8.6909684253747592,0,1.5652173913043479,1,92
uk,TLE3,GNN,42,1,station,12.694751965778734,4.4431943511581276,17.161088080067863,6.6675985164067804,20.257831030796027,8.6909684253747592,0,1.5652173913043479,1,92
uk,TLE3,GNN,123,1,station,12.253725924725332,4.4820833323287284,16.671164218446226,6.3921390161708063,20.257831030796027,8.6909684253747592,0,1.5652173913043479,1,92
uk,TLE3,GNN,456,1,station,12.551061702362507,4.537330480388567,17.230257547408112,6.8165082161710187,20.257831030796027,8.6909684253747592,0,1.5652173913043479,1,92
uk,TLE3,Uni,,2,station,26.576802614166173,20.037168784991444,41.457302225519662,32.656542401946773,38.813591794209067,30.909793711555952,0,3.0217391304347827,2,92
uk,TLE3,LU,,2,station,23.017966808792114,16.883848784368023,36.604530429547374,27.786008508013598,38.813591794209067,30.909793711555952,0,3.0217391304347827,2,92
uk,TLE3,GNN,42,2,station,15.85984644767616,11.426456907055712,24.171581588059837,17.129811356265389,38.813591794209067,30.909793711555952,0,3.0217391304347827,2,92
uk,TLE3,GNN,123,2,station,15.063578150273853,11.371031144275936,22.708385222142329,16.099647183137336,38.813591794209067,30.909793711555952,0,3.0217391304347827,2,92
uk,TLE3,GNN,456,2,station,15.519615745151528,11.421693417992484,24.404031208030027,17.140297922870921,38.813591794209067,30.909793711555952,0,3.0217391304347827,2,92
uk,TLE3,Uni,,3,station,41.912393177708765,36.307551725990685,61.486617619471637,54.373275054201542,67.312405583896222,61.613901784430375,0,5.2826086956521738,4,92
uk,TLE3,LU,,3,station,33.820435425026481,28.185702933872612,49.180748908038225,42.008492513671023,67.312405583896222,61.613901784430375,0,5.2826086956521738,4,92
uk,TLE3,GNN,42,3,station,24.009728922992423,19.28755899677002,33.656583052688809,28.512892306400438,67.312405583896222,61.613901784430375,0,5.2826086956521738,4,92
uk,TLE3,GNN,123,3,station,23.250372889980831,18.570926028918166,32.171332020376106,27.17020260178943,67.312405583896222,61.613901784430375,0,5.2826086956521738,4,92
uk,TLE3,GNN,456,3,station,23.489704843301098,18.786331092615384,33.313307771992626,28.035006830726008,67.312405583896222,61.613901784430375,0,5.2826086956521738,4,92
uk,TLE3,Uni,,5,station,81.388887187626452,70.26387672443812,107.78483105617059,93.087557385272547,151.51915496291357,141.31636698531989,0,11.891304347826088,8,92
uk,TLE3,LU,,5,station,57.649692535027853,45.820360392463172,74.084288889095106,59.043685818811454,151.51915496291357,141.31636698531989,0,11.891304347826088,8,92
uk,TLE3,GNN,42,5,station,38.212490307384869,29.457455027435323,49.330080670606314,38.903457787922775,151.51915496291357,141.31636698531989,0,11.891304347826088,8,92
uk,TLE3,GNN,123,5,station,38.707990014068834,29.69239261752908,50.085043667887959,39.263110854119162,151.51915496291357,141.31636698531989,0,11.891304347826088,8,92
uk,TLE3,GNN,456,5,station,37.505492695632789,28.499539476232666,49.201839685837982,37.933088645307834,151.51915496291357,141.31636698531989,0,11.891304347826088,8,92
uk,TLE3,Uni,,7.5,station,110.16909832917776,90.853361011122914,133.21582933381242,110.82807681951303,261.38158775522498,244.29635978694299,0,20.760869565217391,14.5,92
uk,TLE3,LU,,7.5,station,72.717313416630091,52.703489218385414,83.926154435312355,61.177551208956473,261.38158775522498,244.29635978694299,0,20.760869565217391,14.5,92
uk,TLE3,GNN,42,7.5,station,37.534364092324907,22.736852520733045,44.478138070012371,29.20976404069922,261.38158775522498,244.29635978694299,0,20.760869565217391,14.5,92
uk,TLE3,GNN,123,7.5,station,40.514758244874081,25.473714439336884,48.463598044329714,32.162311898863933,261.38158775522498,244.29635978694299,0,20.760869565217391,14.5,92
uk,TLE3,GNN,456,7.5,station,37.897527501906993,22.374965998276934,45.124946848850762,28.049022751251734,261.38158775522498,244.29635978694299,0,20.760869565217391,14.5,92
uk,TLE3,Uni,,10,station,92.174123239636472,83.498188188461697,111.88876557562179,100.85620437640016,343.74745596173858,335.9501860243567,0,27.521739130434781,23,92
uk,TLE3,LU,,10,station,51.627445391446507,42.242604918680676,59.042313022235746,46.830472398257108,343.74745596173858,335.9501860243567,0,27.521739130434781,23,92
uk,TLE3,GNN,42,10,station,25.981493906261729,20.271404631140964,32.190736424033958,26.852772869060335,343.74745596173858,335.9501860243567,0,27.521739130434781,23,92
uk,TLE3,GNN,123,10,station,28.00312386571786,20.949411067015003,34.676074641152624,28.467514667278966,343.74745596173858,335.9501860243567,0,27.521739130434781,23,92
uk,TLE3,GNN,456,10,station,26.023560215739369,18.841338628066229,32.012356037446395,25.517377988558742,343.74745596173858,335.9501860243567,0,27.521739130434781,23,92
uk,TLE3,Uni,,15,station,60.421152444149122,51.86831100543445,79.910491302255679,67.154038052583303,512.3477663838612,505.03166647027444,0,40.934782608695649,47,92
uk,TLE3,LU,,15,station,33.006784098469367,23.183306128106867,47.397767276332935,34.511634127836587,512.3477663838612,505.03166647027444,0,40.934782608695649,47,92
uk,TLE3,GNN,42,15,station,23.188025542597465,25.773855855692442,29.397647190847341,32.111379593660139,512.3477663838612,505.03166647027444,0,40.934782608695649,47,92
uk,TLE3,GNN,123,15,station,23.92249227567287,27.150461575888443,29.744156136695008,32.996574155318946,512.3477663838612,505.03166647027444,0,40.934782608695649,47,92
uk,TLE3,GNN,456,15,station,23.775444857608051,26.089783765954301,29.3263293913448,31.987448774140042,512.3477663838612,505.03166647027444,0,40.934782608695649,47,92
uk,TLE3,Uni,,20,station,61.487815028045787,48.652531936276588,86.638770024422058,71.720483245872842,706.86761128553132,697.10594351729105,0,56.021739130434781,61,92
uk,TLE3,LU,,20,station,42.130352075355738,28.69819054650381,58.533408273126796,42.917440566542403,706.86761128553132,697.10594351729105,0,56.021739130434781,61,92
uk,TLE3,GNN,42,20,station,23.796243842625561,21.519921740847927,29.106620499115682,26.134678792318077,706.86761128553132,697.10594351729105,0,56.021739130434781,61,92
uk,TLE3,GNN,123,20,station,25.21567788902296,24.636142167368234,30.715377576375658,29.074626981714676,706.86761128553132,697.10594351729105,0,56.021739130434781,61,92
uk,TLE3,GNN,456,20,station,24.566069633115809,22.529154805190007,30.114926292648143,27.046045808621152,706.86761128553132,697.10594351729105,0,56.021739130434781,61,92
uk,TLD3,Uni,,1,station,14.089898427656486,8.1364486723726372,24.085983889183556,16.562174908196972,20.672446540488107,12.929138068007951,0,1.6127167630057804,1,173
uk,TLD3,LU,,1,station,12.546893717216909,7.7710021245311829,22.905913153855778,15.713541402614375,20.672446540488107,12.929138068007951,0,1.6127167630057804,1,173
uk,TLD3,GNN,42,1,station,10.649764457107459,5.8904658335628666,18.190893261451016,10.977898436356435,20.672446540488107,12.929138068007951,0,1.6127167630057804,1,173
uk,TLD3,GNN,123,1,station,11.039099115226673,6.4926761819701762,19.460135782547479,12.520967141646707,20.672446540488107,12.929138068007951,0,1.6127167630057804,1,173
uk,TLD3,GNN,456,1,station,11.427688040546196,6.6003924123269933,19.998276135099445,12.864778817294559,20.672446540488107,12.929138068007951,0,1.6127167630057804,1,173
uk,TLD3,Uni,,2,station,29.723752550849611,22.994652359442984,49.952158175897452,42.553500116556009,50.901214751274168,44.745473147797604,0,4.0520231213872835,3,173
uk,TLD3,LU,,2,station,25.861584237017819,20.199827738034699,46.368288946484292,39.409229484624355,50.901214751274168,44.745473147797604,0,4.0520231213872835,3,173
uk,TLD3,GNN,42,2,station,19.196137346915709,14.275503347240942,31.680376027701328,24.804993177410747,50.901214751274168,44.745473147797604,0,4.0520231213872835,3,173
uk,TLD3,GNN,123,2,station,20.651183408288563,15.488935047770752,34.505436021296703,27.73914489989043,50.901214751274168,44.745473147797604,0,4.0520231213872835,3,173
uk,TLD3,GNN,456,2,station,21.050668835680462,15.754917343523955,35.483301333447031,28.5118382622423,50.901214751274168,44.745473147797604,0,4.0520231213872835,3,173
uk,TLD3,Uni,,3,station,44.453343980959637,36.946055927545189,71.892565245286647,63.11381297027247,95.277058688722263,88.429350756521998,0,7.601156069364162,6,173
uk,TLD3,LU,,3,station,38.056449721822446,31.574550874667953,65.073901952270276,56.864927471840332,95.277058688722263,88.429350756521998,0,7.601156069364162,6,173
uk,TLD3,GNN,42,3,station,25.628413434713703,20.851342379477558,41.272039645207791,33.408839183486172,95.277058688722263,88.429350756521998,0,7.601156069364162,6,173
uk,TLD3,GNN,123,3,station,27.086629685774135,22.48636774126868,44.104934918116882,36.546513545981576,95.277058688722263,88.429350756521998,0,7.601156069364162,6,173
uk,TLD3,GNN,456,3,station,27.758932062749793,22.644199386464852,45.541138533811257,37.680144269834287,95.277058688722263,88.429350756521998,0,7.601156069364162,6,173
uk,TLD3,Uni,,5,station,70.014867973616688,61.831220192001162,103.9310791225075,95.197150654415651,215.99741447578356,209.00248858115484,0,17.381502890173412,14,173
uk,TLD3,LU,,5,station,57.719509976841103,49.854287415517938,88.334886222546217,80.197370025506345,215.99741447578356,209.00248858115484,0,17.381502890173412,14,173
uk,TLD3,GNN,42,5,station,39.086398357393691,31.846230346987344,57.051383286457735,48.952319645300527,215.99741447578356,209.00248858115484,0,17.381502890173412,14,173
uk,TLD3,GNN,123,5,station,40.755231845820575,33.733771808970971,59.341584714277978,50.89528458024165,215.99741447578356,209.00248858115484,0,17.381502890173412,14,173
uk,TLD3,GNN,456,5,station,42.644623142882956,34.743373436434851,61.738316258005405,53.323768272214778,215.99741447578356,209.00248858115484,0,17.381502890173412,14,173
uk,TLD3,Uni,,7.5,station,96.246120579839086,86.612532377422895,129.71518635827996,119.58809553250023,411.83864706244259,406.28316488568294,0,33.150289017341038,28,173
uk,TLD3,LU,,7.5,station,71.800210705703634,63.703552955303671,97.159924355411107,87.826947664320954,411.83864706244259,406.28316488568294,0,33.150289017341038,28,173
uk,TLD3,GNN,42,7.5,station,46.753779729374209,39.297459038966096,61.897459569624743,52.439729461473704,411.83864706244259,406.28316488568294,0,33.150289017341038,28,173
uk,TLD3,GNN,123,7.5,station,50.319868344027348,43.20431723667059,66.260620376793142,56.390884191811502,411.83864706244259,406.28316488568294,0,33.150289017341038,28,173
uk,TLD3,GNN,456,7.5,station,51.671492298565582,44.38360207861389,67.91361366316761,58.351974186615649,411.83864706244259,406.28316488568294,0,33.150289017341038,28,173
uk,TLD3,Uni,,10,station,115.34580157919827,99.78460913655924,151.21867733482171,133.80898997526282,658.58215689597307,645.02729243322153,0,53.161849710982658,52,173
uk,TLD3,LU,,10,station,78.693862758665432,65.381501014206435,102.15359931698323,85.54748633155728,658.58215689597307,645.02729243322153,0,53.161849710982658,52,173
uk,TLD3,GNN,42,10,station,48.644186433349297,35.521371630209714,58.517749891798772,43.977368806053803,658.58215689597307,645.02729243322153,0,53.161849710982658,52,173
uk,TLD3,GNN,123,10,station,53.312055477222174,40.43616403568867,65.003301656440101,50.572540277013417,658.58215689597307,645.02729243322153,0,53.161849710982658,52,173
uk,TLD3,GNN,456,10,station,52.442249509880838,39.134682702306165,63.479336186069453,48.741899120685922,658.58215689597307,645.02729243322153,0,53.161849710982658,52,173
uk,TLD3,Uni,,15,station,123.87513215058442,104.25425306414316,143.21208158225954,122.22678471982263,1161.2063088092023,1147.0613373579411,0,94.456647398843927,100,173
uk,TLD3,LU,,15,station,74.90109736550221,54.649986151068717,91.404633647406214,73.164666708943514,1161.2063088092023,1147.0613373579411,0,94.456647398843927,100,173
uk,TLD3,GNN,42,15,station,42.246913688308076,32.098963040642566,51.067890536278661,38.25738545429973,1161.2063088092023,1147.0613373579411,0,94.456647398843927,100,173
uk,TLD3,GNN,123,15,station,45.426351417158813,33.772461656537224,56.522607653003099,42.979622713516662,1161.2063088092023,1147.0613373579411,0,94.456647398843927,100,173
uk,TLD3,GNN,456,15,station,45.999358894863363,37.218111267385083,56.573274393327686,45.081170706742292,1161.2063088092023,1147.0613373579411,0,94.456647398843927,100,173
uk,TLD3,Uni,,20,station,101.23508790071777,85.551188449314523,119.33735067673756,103.54470507066044,1574.9956163569925,1559.9991149368873,0,128.16763005780348,134,173
uk,TLD3,LU,,20,station,60.229901943120616,45.051739386286144,78.893673703845451,65.621826287808489,1574.9956163569925,1559.9991149368873,0,128.16763005780348,134,173
uk,TLD3,GNN,42,20,station,35.291762404996589,28.240439766544991,45.471207728649176,36.434222381460501,1574.9956163569925,1559.9991149368873,0,128.16763005780348,134,173
uk,TLD3,GNN,123,20,station,41.183799852501814,29.970481068916236,52.938346335950058,41.399479284243718,1574.9956163569925,1559.9991149368873,0,128.16763005780348,134,173
uk,TLD3,GNN,456,20,station,39.784883782956399,34.458165695164126,52.960149948021055,44.734244877483896,1574.9956163569925,1559.9991149368873,0,128.16763005780348,134,173
uk,TLD4,Uni,,1,station,10.060549598567924,2.3222605292701339,11.701025690020353,3.7261622610025089,12.532340192441659,3.6475105030361852,0,1.1801801801801801,1,111
uk,TLD4,LU,,1,station,9.4055481722847425,2.557908285507271,11.151451651463557,3.78794871083119,12.532340192441659,3.6475105030361852,0,1.1801801801801801,1,111
uk,TLD4,GNN,42,1,station,8.2657568045299676,2.6332174736520657,9.7216206728542964,3.7577375954616561,12.532340192441659,3.6475105030361852,0,1.1801801801801801,1,111
uk,TLD4,GNN,123,1,station,8.0949460973694976,2.7833257676924377,9.5142673936439692,3.9734118606562583,12.532340192441659,3.6475105030361852,0,1.1801801801801801,1,111
uk,TLD4,GNN,456,1,station,9.035877150189231,2.6484099935294827,10.646578850075832,5.7059187225180166,12.532340192441659,3.6475105030361852,0,1.1801801801801801,1,111
uk,TLD4,Uni,,2,station,16.306509469761298,6.8486558618546693,21.919248906307438,10.493570097823484,25.060289799451198,13.150399005278334,0,2.3153153153153152,2,111
uk,TLD4,LU,,2,station,14.397910920582317,6.7663702978050075,19.845929677084417,10.193706272359044,25.060289799451198,13.150399005278334,0,2.3153153153153152,2,111
uk,TLD4,GNN,42,2,station,11.676971835117175,6.2468645062272712,16.762078895679444,8.896414066538588,25.060289799451198,13.150399005278334,0,2.3153153153153152,2,111
uk,TLD4,GNN,123,2,station,11.319956570864397,6.069864043657323,15.563031032140112,8.0680079263284856,25.060289799451198,13.150399005278334,0,2.3153153153153152,2,111
uk,TLD4,GNN,456,2,station,13.304292914668311,5.9730249271632667,17.392236042666351,9.8492528623023254,25.060289799451198,13.150399005278334,0,2.3153153153153152,2,111
uk,TLD4,Uni,,3,station,18.736831476523665,11.289977647021139,26.351593435889306,16.666044144041859,34.946138847329323,26.027106065658455,0,3.2162162162162162,3,111
uk,TLD4,LU,,3,station,15.838932712733273,10.534322989129306,22.984758061005227,15.893098043288127,34.946138847329323,26.027106065658455,0,3.2162162162162162,3,111
uk,TLD4,GNN,42,3,station,12.606991091676212,8.3986013016370347,19.183974425509074,12.929818905182014,34.946138847329323,26.027106065658455,0,3.2162162162162162,3,111
uk,TLD4,GNN,123,3,station,12.202331699576312,7.8463564451431553,16.978805455333116,10.263155633954035,34.946138847329323,26.027106065658455,0,3.2162162162162162,3,111
uk,TLD4,GNN,456,3,station,15.020382905601657,8.5973695705861974,20.287460778155133,13.130961997800116,34.946138847329323,26.027106065658455,0,3.2162162162162162,3,111
uk,TLD4,Uni,,5,station,30.763250683837022,20.239625839463208,41.41451671109013,27.538668027167287,68.283473650164709,57.17326371005921,0,6.1891891891891895,6,111
uk,TLD4,LU,,5,station,26.327923165439831,18.461798562309021,37.450976429897359,25.742861201812296,68.283473650164709,57.17326371005921,0,6.1891891891891895,6,111
uk,TLD4,GNN,42,5,station,19.095499858235033,11.758710355417939,28.282419599714327,17.057620515913598,68.283473650164709,57.17326371005921,0,6.1891891891891895,6,111
uk,TLD4,GNN,123,5,station,17.699351501007509,9.6425302224933365,23.728248251980393,12.255560431084868,68.283473650164709,57.17326371005921,0,6.1891891891891895,6,111
uk,TLD4,GNN,456,5,station,20.193369220611629,12.383885901013183,26.07179604754235,16.071421197254942,68.283473650164709,57.17326371005921,0,6.1891891891891895,6,111
uk,TLD4,Uni,,7.5,station,37.683235549688732,28.595332749892435,48.296894695591384,37.218036460247646,108.3950137747287,100.51173943210807,0,9.8468468468468462,10,111
uk,TLD4,LU,,7.5,station,31.05334653047176,24.082616407678181,43.34241929803715,33.448655579699611,108.3950137747287,100.51173943210807,0,9.8468468468468462,10,111
uk,TLD4,GNN,42,7.5,station,20.570501536135474,12.618284760197033,27.554980443984107,17.596609934112145,108.3950137747287,100.51173943210807,0,9.8468468468468462,10,111
uk,TLD4,GNN,123,7.5,station,18.76621543184244,10.665770565906875,23.775922576883637,13.477949900559549,108.3950137747287,100.51173943210807,0,9.8468468468468462,10,111
uk,TLD4,GNN,456,7.5,station,21.030051106442496,13.758781042688538,26.242454383179432,16.885819215375111,108.3950137747287,100.51173943210807,0,9.8468468468468462,10,111
uk,TLD4,Uni,,10,station,38.188774587348952,31.857954218810935,49.90104587657526,43.232167604832604,148.6658585203686,147.12925150915359,0,13.522522522522523,14,111
uk,TLD4,LU,,10,station,32.869745747329738,27.210741818687012,44.365742233697368,38.373689730471511,148.6658585203686,147.12925150915359,0,13.522522522522523,14,111
uk,TLD4,GNN,42,10,station,20.195220195165344,13.613189888190503,25.103279329058509,18.777561678977936,148.6658585203686,147.12925150915359,0,13.522522522522523,14,111
uk,TLD4,GNN,123,10,station,17.77221425528278,12.446203706506392,21.29652557131439,15.504838911905598,148.6658585203686,147.12925150915359,0,13.522522522522523,14,111
uk,TLD4,GNN,456,10,station,21.854926309820545,16.683207115924208,26.417154737578791,20.047693653071242,148.6658585203686,147.12925150915359,0,13.522522522522523,14,111
uk,TLD4,Uni,,15,station,40.928776881608385,35.225513745855181,57.908384106778257,50.272898352651481,265.80992062532317,259.37468918620817,0,24.243243243243242,25,111
uk,TLD4,LU,,15,station,36.87784122922961,34.539252004729228,51.552753410898156,45.368711995494714,265.80992062532317,259.37468918620817,0,24.243243243243242,25,111
uk,TLD4,GNN,42,15,station,18.84488442004557,18.465706168559034,26.074709337251697,21.876233162627031,265.80992062532317,259.37468918620817,0,24.243243243243242,25,111
uk,TLD4,GNN,123,15,station,17.072728173148164,16.885126799140632,22.567207028301983,18.794222662089251,265.80992062532317,259.37468918620817,0,24.243243243243242,25,111
uk,TLD4,GNN,456,15,station,23.683996079196938,23.861090703636211,31.323871519347577,28.325416359666836,265.80992062532317,259.37468918620817,0,24.243243243243242,25,111
uk,TLD4,Uni,,20,station,40.205695814308882,37.460905031387448,52.640368840511108,47.401231968088979,387.92617214169633,383.0032877032308,0,35.72072072072072,38,111
uk,TLD4,LU,,20,station,40.489349524000737,38.259232322844269,53.638782963462106,48.129107836007215,387.92617214169633,383.0032877032308,0,35.72072072072072,38,111
uk,TLD4,GNN,42,20,station,22.994088702014935,22.424084611260774,29.527088391579749,26.544604492137719,387.92617214169633,383.0032877032308,0,35.72072072072072,38,111
uk,TLD4,GNN,123,20,station,21.920077249687601,20.977341463025816,26.893895210027004,24.915056235955202,387.92617214169633,383.0032877032308,0,35.72072072072072,38,111
uk,TLD4,GNN,456,20,station,31.983338693532538,31.539681088541567,39.403237163700574,38.033799003942335,387.92617214169633,383.0032877032308,0,35.72072072072072,38,111
