claim_id,file,filter,statistic,value,unit,denominator,display_format,display_scale,display_example,manuscript_location,note
DATA.GB.n_regions,uk_region_support.csv,all rows,count(region),16,regions,,{:d},1.0,16,,
DATA.GB.n_stations,uk_region_support.csv,all rows,sum(n_stations),1891,stations,,"{:,d}",1.0,"1,891",,
DATA.GB.n_grid,uk_region_support.csv,all rows,sum(n_grid),799346,cells,,"{:,d}",1.0,"799,346",,
DATA.GB.grid_step_m.min,uk_region_support.csv,all rows,min(grid_step_m),159.74862418022283,m,,{:.0f},1.0,160,,region-specific target ground step (bounded equal-area budget)
DATA.GB.grid_step_m.median,uk_region_support.csv,all rows,median(grid_step_m),259.3262099850964,m,,{:.0f},1.0,259,,region-specific target ground step (bounded equal-area budget)
DATA.GB.grid_step_m.max,uk_region_support.csv,all rows,max(grid_step_m),500.0,m,,{:.0f},1.0,500,,region-specific target ground step (bounded equal-area budget)
DATA.GB.grid_step_m.London,uk_region_support.csv,region=='London',grid_step_m,177.39221090233232,m,,{:.0f},1.0,177,,
DATA.GB.n_stations.London,uk_region_support.csv,region=='London',n_stations,219,stations,,{:d},1.0,219,,
DATA.GB.grid_step_m.TLH2,uk_region_support.csv,region=='TLH2',grid_step_m,239.93711487193536,m,,{:.0f},1.0,240,,
DATA.GB.n_stations.TLH2,uk_region_support.csv,region=='TLH2',n_stations,94,stations,,{:d},1.0,94,,
DATA.GB.grid_step_m.TLH3,uk_region_support.csv,region=='TLH3',grid_step_m,270.98000888132384,m,,{:.0f},1.0,271,,
DATA.GB.n_stations.TLH3,uk_region_support.csv,region=='TLH3',n_stations,97,stations,,{:d},1.0,97,,
DATA.GB.grid_step_m.TLJ1,uk_region_support.csv,region=='TLJ1',grid_step_m,338.922114749974,m,,{:.0f},1.0,339,,
DATA.GB.n_stations.TLJ1,uk_region_support.csv,region=='TLJ1',n_stations,153,stations,,{:d},1.0,153,,
DATA.GB.grid_step_m.TLF1,uk_region_support.csv,region=='TLF1',grid_step_m,309.4548725183376,m,,{:.0f},1.0,309,,
DATA.GB.n_stations.TLF1,uk_region_support.csv,region=='TLF1',n_stations,135,stations,,{:d},1.0,135,,
DATA.GB.grid_step_m.TLF2,uk_region_support.csv,region=='TLF2',grid_step_m,313.6198436140051,m,,{:.0f},1.0,314,,
DATA.GB.n_stations.TLF2,uk_region_support.csv,region=='TLF2',n_stations,105,stations,,{:d},1.0,105,,
DATA.GB.grid_step_m.TLC1,uk_region_support.csv,region=='TLC1',grid_step_m,246.0289090461556,m,,{:.0f},1.0,246,,
DATA.GB.n_stations.TLC1,uk_region_support.csv,region=='TLC1',n_stations,50,stations,,{:d},1.0,50,,
DATA.GB.grid_step_m.TLC2,uk_region_support.csv,region=='TLC2',grid_step_m,333.8341167809344,m,,{:.0f},1.0,334,,
DATA.GB.n_stations.TLC2,uk_region_support.csv,region=='TLC2',n_stations,73,stations,,{:d},1.0,73,,
DATA.GB.grid_step_m.TLD6,uk_region_support.csv,region=='TLD6',grid_step_m,212.93207140204316,m,,{:.0f},1.0,213,,
DATA.GB.n_stations.TLD6,uk_region_support.csv,region=='TLD6',n_stations,94,stations,,{:d},1.0,94,,
DATA.GB.grid_step_m.TLG1,uk_region_support.csv,region=='TLG1',grid_step_m,343.4455688514733,m,,{:.0f},1.0,343,,
DATA.GB.n_stations.TLG1,uk_region_support.csv,region=='TLG1',n_stations,65,stations,,{:d},1.0,65,,
DATA.GB.grid_step_m.TLG2,uk_region_support.csv,region=='TLG2',grid_step_m,352.2599555562022,m,,{:.0f},1.0,352,,
DATA.GB.n_stations.TLG2,uk_region_support.csv,region=='TLG2',n_stations,96,stations,,{:d},1.0,96,,
DATA.GB.grid_step_m.TLE4,uk_region_support.csv,region=='TLE4',grid_step_m,201.45761461596015,m,,{:.0f},1.0,201,,
DATA.GB.n_stations.TLE4,uk_region_support.csv,region=='TLE4',n_stations,151,stations,,{:d},1.0,151,,
DATA.GB.grid_step_m.TLH1,uk_region_support.csv,region=='TLH1',grid_step_m,500.0,m,,{:.0f},1.0,500,,
DATA.GB.n_stations.TLH1,uk_region_support.csv,region=='TLH1',n_stations,183,stations,,{:d},1.0,183,,
DATA.GB.grid_step_m.TLE3,uk_region_support.csv,region=='TLE3',grid_step_m,176.15608910554516,m,,{:.0f},1.0,176,,
DATA.GB.n_stations.TLE3,uk_region_support.csv,region=='TLE3',n_stations,92,stations,,{:d},1.0,92,,
DATA.GB.grid_step_m.TLD3,uk_region_support.csv,region=='TLD3',grid_step_m,159.74862418022283,m,,{:.0f},1.0,160,,
DATA.GB.n_stations.TLD3,uk_region_support.csv,region=='TLD3',n_stations,173,stations,,{:d},1.0,173,,
DATA.GB.grid_step_m.TLD4,uk_region_support.csv,region=='TLD4',grid_step_m,247.67241108886896,m,,{:.0f},1.0,248,,
DATA.GB.n_stations.TLD4,uk_region_support.csv,region=='TLD4',n_stations,111,stations,,{:d},1.0,111,,
DATA.GB.source_total,uk_region_support.csv,all rows,sum(source_total),26508.07543107588,MVA,,"{:,.0f}",1.0,"26,508",,
REF.GB.n_eligible,uk_region_support.csv,ref_eligible,count,13,regions,16 regions,{:d},1.0,13,,"D2: max over R in {10,20} km of mean|A_ref-G|/median G <= 0.25"
REF.GB.q_r.London,uk_region_support.csv,region=='London',ref_q_r,0.0506567288829958,ratio,,{:.3f},1.0,0.051,,
REF.GB.q_r.TLH2,uk_region_support.csv,region=='TLH2',ref_q_r,0.103821511850948,ratio,,{:.3f},1.0,0.104,,
REF.GB.q_r.TLH3,uk_region_support.csv,region=='TLH3',ref_q_r,0.1476519205955997,ratio,,{:.3f},1.0,0.148,,
REF.GB.q_r.TLJ1,uk_region_support.csv,region=='TLJ1',ref_q_r,0.1770903143697409,ratio,,{:.3f},1.0,0.177,,
REF.GB.q_r.TLF1,uk_region_support.csv,region=='TLF1',ref_q_r,0.2022398129592093,ratio,,{:.3f},1.0,0.202,,
REF.GB.q_r.TLF2,uk_region_support.csv,region=='TLF2',ref_q_r,0.2414187541354206,ratio,,{:.3f},1.0,0.241,,
REF.GB.q_r.TLC1,uk_region_support.csv,region=='TLC1',ref_q_r,0.2363811556312161,ratio,,{:.3f},1.0,0.236,,
REF.GB.q_r.TLC2,uk_region_support.csv,region=='TLC2',ref_q_r,,ratio,,{:.3f},1.0,undefined,,REF_ZERO_MEDIAN_DEMAND
REF.GB.q_r.TLD6,uk_region_support.csv,region=='TLD6',ref_q_r,0.1144998734724374,ratio,,{:.3f},1.0,0.114,,
REF.GB.q_r.TLG1,uk_region_support.csv,region=='TLG1',ref_q_r,0.3787622736632997,ratio,,{:.3f},1.0,0.379,,REF_SCORE_ABOVE_THRESHOLD
REF.GB.q_r.TLG2,uk_region_support.csv,region=='TLG2',ref_q_r,0.310892668665707,ratio,,{:.3f},1.0,0.311,,REF_SCORE_ABOVE_THRESHOLD
REF.GB.q_r.TLE4,uk_region_support.csv,region=='TLE4',ref_q_r,0.071566709807005,ratio,,{:.3f},1.0,0.072,,
REF.GB.q_r.TLH1,uk_region_support.csv,region=='TLH1',ref_q_r,0.2083293212229109,ratio,,{:.3f},1.0,0.208,,
REF.GB.q_r.TLE3,uk_region_support.csv,region=='TLE3',ref_q_r,0.0728257881813611,ratio,,{:.3f},1.0,0.073,,
REF.GB.q_r.TLD3,uk_region_support.csv,region=='TLD3',ref_q_r,0.0465527657102312,ratio,,{:.3f},1.0,0.047,,
REF.GB.q_r.TLD4,uk_region_support.csv,region=='TLD4',ref_q_r,0.1434511347951356,ratio,,{:.3f},1.0,0.143,,
DATA.AU.n_regions,au_region_support.csv,all rows,count(region),12,regions,,{:d},1.0,12,,
DATA.AU.n_stations,au_region_support.csv,all rows,sum(n_stations),173,stations,,"{:,d}",1.0,173,,
DATA.AU.n_grid,au_region_support.csv,all rows,sum(n_grid),320611,cells,,"{:,d}",1.0,"320,611",,
DATA.AU.grid_step_m.min,au_region_support.csv,all rows,min(grid_step_m),100.0,m,,{:.0f},1.0,100,,region-specific target ground step (bounded equal-area budget)
DATA.AU.grid_step_m.median,au_region_support.csv,all rows,median(grid_step_m),100.0,m,,{:.0f},1.0,100,,region-specific target ground step (bounded equal-area budget)
DATA.AU.grid_step_m.max,au_region_support.csv,all rows,max(grid_step_m),500.0,m,,{:.0f},1.0,500,,region-specific target ground step (bounded equal-area budget)
DATA.AU.grid_step_m.Central_Coast,au_region_support.csv,region=='Central_Coast',grid_step_m,183.3427955927247,m,,{:.0f},1.0,183,,
DATA.AU.n_stations.Central_Coast,au_region_support.csv,region=='Central_Coast',n_stations,17,stations,,{:d},1.0,17,,
DATA.AU.grid_step_m.Hunter_Valley_exc_Newcastle,au_region_support.csv,region=='Hunter_Valley_exc_Newcastle',grid_step_m,500.0,m,,{:.0f},1.0,500,,
DATA.AU.n_stations.Hunter_Valley_exc_Newcastle,au_region_support.csv,region=='Hunter_Valley_exc_Newcastle',n_stations,34,stations,,{:d},1.0,34,,
DATA.AU.grid_step_m.Newcastle_and_Lake_Macquarie,au_region_support.csv,region=='Newcastle_and_Lake_Macquarie',grid_step_m,131.92949857085966,m,,{:.0f},1.0,132,,
DATA.AU.n_stations.Newcastle_and_Lake_Macquarie,au_region_support.csv,region=='Newcastle_and_Lake_Macquarie',n_stations,25,stations,,{:d},1.0,25,,
DATA.AU.grid_step_m.Sydney_City_and_Inner_South,au_region_support.csv,region=='Sydney_City_and_Inner_South',grid_step_m,100.0,m,,{:.0f},1.0,100,,
DATA.AU.n_stations.Sydney_City_and_Inner_South,au_region_support.csv,region=='Sydney_City_and_Inner_South',n_stations,17,stations,,{:d},1.0,17,,
DATA.AU.grid_step_m.Sydney_Eastern_Suburbs,au_region_support.csv,region=='Sydney_Eastern_Suburbs',grid_step_m,100.0,m,,{:.0f},1.0,100,,
DATA.AU.n_stations.Sydney_Eastern_Suburbs,au_region_support.csv,region=='Sydney_Eastern_Suburbs',n_stations,8,stations,,{:d},1.0,8,,
DATA.AU.grid_step_m.Sydney_Inner_South_West,au_region_support.csv,region=='Sydney_Inner_South_West',grid_step_m,100.0,m,,{:.0f},1.0,100,,
DATA.AU.n_stations.Sydney_Inner_South_West,au_region_support.csv,region=='Sydney_Inner_South_West',n_stations,16,stations,,{:d},1.0,16,,
DATA.AU.grid_step_m.Sydney_Inner_West,au_region_support.csv,region=='Sydney_Inner_West',grid_step_m,100.0,m,,{:.0f},1.0,100,,
DATA.AU.n_stations.Sydney_Inner_West,au_region_support.csv,region=='Sydney_Inner_West',n_stations,7,stations,,{:d},1.0,7,,
DATA.AU.grid_step_m.Sydney_North_Sydney_and_Hornsby,au_region_support.csv,region=='Sydney_North_Sydney_and_Hornsby',grid_step_m,100.0,m,,{:.0f},1.0,100,,
DATA.AU.n_stations.Sydney_North_Sydney_and_Hornsby,au_region_support.csv,region=='Sydney_North_Sydney_and_Hornsby',n_stations,13,stations,,{:d},1.0,13,,
DATA.AU.grid_step_m.Sydney_Northern_Beaches,au_region_support.csv,region=='Sydney_Northern_Beaches',grid_step_m,100.0,m,,{:.0f},1.0,100,,
DATA.AU.n_stations.Sydney_Northern_Beaches,au_region_support.csv,region=='Sydney_Northern_Beaches',n_stations,14,stations,,{:d},1.0,14,,
DATA.AU.grid_step_m.Sydney_Parramatta,au_region_support.csv,region=='Sydney_Parramatta',grid_step_m,100.0,m,,{:.0f},1.0,100,,
DATA.AU.n_stations.Sydney_Parramatta,au_region_support.csv,region=='Sydney_Parramatta',n_stations,6,stations,,{:d},1.0,6,,
DATA.AU.grid_step_m.Sydney_Ryde,au_region_support.csv,region=='Sydney_Ryde',grid_step_m,100.0,m,,{:.0f},1.0,100,,
DATA.AU.n_stations.Sydney_Ryde,au_region_support.csv,region=='Sydney_Ryde',n_stations,6,stations,,{:d},1.0,6,,
DATA.AU.grid_step_m.Sydney_Sutherland,au_region_support.csv,region=='Sydney_Sutherland',grid_step_m,100.0,m,,{:.0f},1.0,100,,
DATA.AU.n_stations.Sydney_Sutherland,au_region_support.csv,region=='Sydney_Sutherland',n_stations,10,stations,,{:d},1.0,10,,
DATA.AU.source_total,au_region_support.csv,all rows,sum(source_total),5233.2467,MW,,"{:,.0f}",1.0,"5,233",,
REF.AU.n_eligible,au_region_support.csv,ref_eligible,count,10,regions,12 regions,{:d},1.0,10,,"D2: max over R in {10,20} km of mean|A_ref-G|/median G <= 0.25"
REF.AU.q_r.Central_Coast,au_region_support.csv,region=='Central_Coast',ref_q_r,1.7292219204324717,ratio,,{:.3f},1.0,1.729,,REF_SCORE_ABOVE_THRESHOLD
REF.AU.q_r.Hunter_Valley_exc_Newcastle,au_region_support.csv,region=='Hunter_Valley_exc_Newcastle',ref_q_r,,ratio,,{:.3f},1.0,undefined,,REF_ZERO_MEDIAN_DEMAND
REF.AU.q_r.Newcastle_and_Lake_Macquarie,au_region_support.csv,region=='Newcastle_and_Lake_Macquarie',ref_q_r,0.2300384794638705,ratio,,{:.3f},1.0,0.230,,
REF.AU.q_r.Sydney_City_and_Inner_South,au_region_support.csv,region=='Sydney_City_and_Inner_South',ref_q_r,0.0078608249547476,ratio,,{:.3f},1.0,0.008,,
REF.AU.q_r.Sydney_Eastern_Suburbs,au_region_support.csv,region=='Sydney_Eastern_Suburbs',ref_q_r,0.0302201492900282,ratio,,{:.3f},1.0,0.030,,
REF.AU.q_r.Sydney_Inner_South_West,au_region_support.csv,region=='Sydney_Inner_South_West',ref_q_r,0.0384146000306356,ratio,,{:.3f},1.0,0.038,,
REF.AU.q_r.Sydney_Inner_West,au_region_support.csv,region=='Sydney_Inner_West',ref_q_r,0.0064581072689855,ratio,,{:.3f},1.0,0.006,,
REF.AU.q_r.Sydney_North_Sydney_and_Hornsby,au_region_support.csv,region=='Sydney_North_Sydney_and_Hornsby',ref_q_r,0.0798275437765754,ratio,,{:.3f},1.0,0.080,,
REF.AU.q_r.Sydney_Northern_Beaches,au_region_support.csv,region=='Sydney_Northern_Beaches',ref_q_r,0.0745552166102469,ratio,,{:.3f},1.0,0.075,,
REF.AU.q_r.Sydney_Parramatta,au_region_support.csv,region=='Sydney_Parramatta',ref_q_r,0.0433244819405003,ratio,,{:.3f},1.0,0.043,,
REF.AU.q_r.Sydney_Ryde,au_region_support.csv,region=='Sydney_Ryde',ref_q_r,0.0273913360089652,ratio,,{:.3f},1.0,0.027,,
REF.AU.q_r.Sydney_Sutherland,au_region_support.csv,region=='Sydney_Sutherland',ref_q_r,0.1752934208325884,ratio,,{:.3f},1.0,0.175,,
COST.annuity_factor,config.json,annuity_factor_full_precision,value,14.212403301952268,years-equivalent,,{:.2f},1.0,14.21,,"3.5 %, 20 years; 14.21 is display only"
COST.GB.tariff_candidates,uk_tariff_mapping.csv,all rows,count,32000,evaluation positions,,"{:,d}",1.0,"32,000",,
COST.GB.tariff_nearest_polygon,uk_tariff_mapping.csv,match_rule=='nearest_polygon',count,2,evaluation positions,,{:d},1.0,2,,
COST.GB.tariff_multiple,uk_tariff_mapping.csv,n_zone_matches>1,count,0,evaluation positions,,{:d},1.0,0,,
T3.GB.reconstruction.rmse.lu_mean,stats/module_contrasts.csv,country=='uk' & module=='reconstruction' & metric=='rmse',lu_mean,10.462268014399758,MVA,16 regions,{:.3f},1.0,10.462,,
T3.GB.reconstruction.rmse.gnn_mean,stats/module_contrasts.csv,country=='uk' & module=='reconstruction' & metric=='rmse',gnn_mean,9.635992845183763,MVA,16 regions,{:.3f},1.0,9.636,,
T3.GB.reconstruction.rmse.median_rel_pct,stats/module_contrasts.csv,country=='uk' & module=='reconstruction' & metric=='rmse',median_rel_pct,-9.937638649044745,%,16 regions with nonzero LU,{:+.2f},1.0,-9.94,,
T3.GB.reconstruction.rmse.wins,stats/module_contrasts.csv,country=='uk' & module=='reconstruction' & metric=='rmse',wins,13,regions,16 regions,{:d},1.0,13,,
T3.GB.reconstruction.rmse.n,stats/module_contrasts.csv,country=='uk' & module=='reconstruction' & metric=='rmse',n,16,regions,,{:d},1.0,16,,
T3.GB.reconstruction.rmse.p_raw,stats/module_contrasts.csv,country=='uk' & module=='reconstruction' & metric=='rmse',p_raw,0.009674072265625,p,16 regions,{:.3g},1.0,0.00967,,
T3.GB.reconstruction.rmse.rel_effect_pct,stats/module_contrasts.csv,country=='uk' & module=='reconstruction' & metric=='rmse',rel_effect_pct,-7.897667772214848,%,16 regions,{:+.2f},1.0,-7.90,,
T3.GB.reconstruction.rmse.rel_ci_lo,stats/module_contrasts.csv,country=='uk' & module=='reconstruction' & metric=='rmse',rel_ci_lo,-12.785594957434386,%,"B=10,000 region bootstrap",{:+.1f},1.0,-12.8,,
T3.GB.reconstruction.rmse.rel_ci_hi,stats/module_contrasts.csv,country=='uk' & module=='reconstruction' & metric=='rmse',rel_ci_hi,-2.7126166995672407,%,"B=10,000 region bootstrap",{:+.1f},1.0,-2.7,,
T3.GB.reconstruction.rmse.holm_p_4,stats/module_contrasts.csv,country=='uk' & module=='reconstruction' & metric=='rmse',holm_p_4,0.029022216796875,p,"four-module family, GB",{:.3g},1.0,0.029,,
T3.GB.siting.WSD.lu_mean,stats/module_contrasts.csv,country=='uk' & module=='siting' & metric=='WSD',lu_mean,2.229534633176308,km,16 regions,{:.3f},1.0,2.230,,
T3.GB.siting.WSD.gnn_mean,stats/module_contrasts.csv,country=='uk' & module=='siting' & metric=='WSD',gnn_mean,2.204548962235971,km,16 regions,{:.3f},1.0,2.205,,
T3.GB.siting.WSD.median_rel_pct,stats/module_contrasts.csv,country=='uk' & module=='siting' & metric=='WSD',median_rel_pct,-0.900167592096652,%,16 regions with nonzero LU,{:+.2f},1.0,-0.90,,
T3.GB.siting.WSD.wins,stats/module_contrasts.csv,country=='uk' & module=='siting' & metric=='WSD',wins,10,regions,16 regions,{:d},1.0,10,,
T3.GB.siting.WSD.n,stats/module_contrasts.csv,country=='uk' & module=='siting' & metric=='WSD',n,16,regions,,{:d},1.0,16,,
T3.GB.siting.WSD.p_raw,stats/module_contrasts.csv,country=='uk' & module=='siting' & metric=='WSD',p_raw,0.3111572265625,p,16 regions,{:.3g},1.0,0.311,,
T3.GB.siting.WSD.rel_effect_pct,stats/module_contrasts.csv,country=='uk' & module=='siting' & metric=='WSD',rel_effect_pct,-1.1206675405952793,%,16 regions,{:+.2f},1.0,-1.12,,
T3.GB.siting.WSD.rel_ci_lo,stats/module_contrasts.csv,country=='uk' & module=='siting' & metric=='WSD',rel_ci_lo,-2.9822896381909514,%,"B=10,000 region bootstrap",{:+.1f},1.0,-3.0,,
T3.GB.siting.WSD.rel_ci_hi,stats/module_contrasts.csv,country=='uk' & module=='siting' & metric=='WSD',rel_ci_hi,0.9673815146220508,%,"B=10,000 region bootstrap",{:+.1f},1.0,+1.0,,
T3.GB.siting.WSD.holm_p_4,stats/module_contrasts.csv,country=='uk' & module=='siting' & metric=='WSD',holm_p_4,0.622314453125,p,"four-module family, GB",{:.3g},1.0,0.622,,
T3.GB.sizing.RSD_median.many_to_one.lu_mean,stats/module_contrasts.csv,country=='uk' & module=='sizing' & metric=='RSD_median' & matching=='many_to_one',lu_mean,38.96374307458496,percent,16 regions,{:.3f},1.0,38.964,,
T3.GB.sizing.RSD_median.many_to_one.gnn_mean,stats/module_contrasts.csv,country=='uk' & module=='sizing' & metric=='RSD_median' & matching=='many_to_one',gnn_mean,39.48441848204162,percent,16 regions,{:.3f},1.0,39.484,,
T3.GB.sizing.RSD_median.many_to_one.median_rel_pct,stats/module_contrasts.csv,country=='uk' & module=='sizing' & metric=='RSD_median' & matching=='many_to_one',median_rel_pct,3.776148297469484,%,16 regions with nonzero LU,{:+.2f},1.0,+3.78,,
T3.GB.sizing.RSD_median.many_to_one.wins,stats/module_contrasts.csv,country=='uk' & module=='sizing' & metric=='RSD_median' & matching=='many_to_one',wins,7,regions,16 regions,{:d},1.0,7,,
T3.GB.sizing.RSD_median.many_to_one.n,stats/module_contrasts.csv,country=='uk' & module=='sizing' & metric=='RSD_median' & matching=='many_to_one',n,16,regions,,{:d},1.0,16,,
T3.GB.sizing.RSD_median.many_to_one.p_raw,stats/module_contrasts.csv,country=='uk' & module=='sizing' & metric=='RSD_median' & matching=='many_to_one',p_raw,0.752532958984375,p,16 regions,{:.3g},1.0,0.753,,
T3.GB.sizing.RSD_median.many_to_one.rel_effect_pct,stats/module_contrasts.csv,country=='uk' & module=='sizing' & metric=='RSD_median' & matching=='many_to_one',rel_effect_pct,1.3363074652760658,%,16 regions,{:+.2f},1.0,+1.34,,
T3.GB.sizing.RSD_median.many_to_one.rel_ci_lo,stats/module_contrasts.csv,country=='uk' & module=='sizing' & metric=='RSD_median' & matching=='many_to_one',rel_ci_lo,-5.937708988136452,%,"B=10,000 region bootstrap",{:+.1f},1.0,-5.9,,
T3.GB.sizing.RSD_median.many_to_one.rel_ci_hi,stats/module_contrasts.csv,country=='uk' & module=='sizing' & metric=='RSD_median' & matching=='many_to_one',rel_ci_hi,10.455050784112728,%,"B=10,000 region bootstrap",{:+.1f},1.0,+10.5,,
T3.GB.sizing.RSD_median.many_to_one.holm_p_4,stats/module_contrasts.csv,country=='uk' & module=='sizing' & metric=='RSD_median' & matching=='many_to_one',holm_p_4,0.752532958984375,p,"four-module family, GB",{:.3g},1.0,0.753,,
MOD.GB.sizing.RSD_median.one_to_one.lu_mean,stats/module_contrasts.csv,country=='uk' & module=='sizing' & metric=='RSD_median' & matching=='one_to_one',lu_mean,39.42262130415723,percent,16 regions,{:.3f},1.0,39.423,,
MOD.GB.sizing.RSD_median.one_to_one.gnn_mean,stats/module_contrasts.csv,country=='uk' & module=='sizing' & metric=='RSD_median' & matching=='one_to_one',gnn_mean,39.7768123721033,percent,16 regions,{:.3f},1.0,39.777,,
MOD.GB.sizing.RSD_median.one_to_one.median_rel_pct,stats/module_contrasts.csv,country=='uk' & module=='sizing' & metric=='RSD_median' & matching=='one_to_one',median_rel_pct,3.041592571517484,%,16 regions with nonzero LU,{:+.2f},1.0,+3.04,,
MOD.GB.sizing.RSD_median.one_to_one.wins,stats/module_contrasts.csv,country=='uk' & module=='sizing' & metric=='RSD_median' & matching=='one_to_one',wins,7,regions,16 regions,{:d},1.0,7,,
MOD.GB.sizing.RSD_median.one_to_one.n,stats/module_contrasts.csv,country=='uk' & module=='sizing' & metric=='RSD_median' & matching=='one_to_one',n,16,regions,,{:d},1.0,16,,
MOD.GB.sizing.RSD_median.one_to_one.p_raw,stats/module_contrasts.csv,country=='uk' & module=='sizing' & metric=='RSD_median' & matching=='one_to_one',p_raw,0.75946044921875,p,16 regions,{:.3g},1.0,0.759,,
MOD.GB.sizing.RSD_median.one_to_one.rel_effect_pct,stats/module_contrasts.csv,country=='uk' & module=='sizing' & metric=='RSD_median' & matching=='one_to_one',rel_effect_pct,0.8984462631578658,%,16 regions,{:+.2f},1.0,+0.90,,
MOD.GB.sizing.RSD_median.one_to_one.rel_ci_lo,stats/module_contrasts.csv,country=='uk' & module=='sizing' & metric=='RSD_median' & matching=='one_to_one',rel_ci_lo,-4.313300447458515,%,"B=10,000 region bootstrap",{:+.1f},1.0,-4.3,,
MOD.GB.sizing.RSD_median.one_to_one.rel_ci_hi,stats/module_contrasts.csv,country=='uk' & module=='sizing' & metric=='RSD_median' & matching=='one_to_one',rel_ci_hi,7.104420425238941,%,"B=10,000 region bootstrap",{:+.1f},1.0,+7.1,,
MOD.GB.reconstruction.mae.lu_mean,stats/module_contrasts.csv,country=='uk' & module=='reconstruction' & metric=='mae',lu_mean,7.816656082282576,MVA,16 regions,{:.3f},1.0,7.817,,
MOD.GB.reconstruction.mae.gnn_mean,stats/module_contrasts.csv,country=='uk' & module=='reconstruction' & metric=='mae',gnn_mean,6.871294608185377,MVA,16 regions,{:.3f},1.0,6.871,,
MOD.GB.reconstruction.mae.median_rel_pct,stats/module_contrasts.csv,country=='uk' & module=='reconstruction' & metric=='mae',median_rel_pct,-13.288846958755911,%,16 regions with nonzero LU,{:+.2f},1.0,-13.29,,
MOD.GB.reconstruction.mae.wins,stats/module_contrasts.csv,country=='uk' & module=='reconstruction' & metric=='mae',wins,14,regions,16 regions,{:d},1.0,14,,
MOD.GB.reconstruction.mae.n,stats/module_contrasts.csv,country=='uk' & module=='reconstruction' & metric=='mae',n,16,regions,,{:d},1.0,16,,
MOD.GB.reconstruction.mae.p_raw,stats/module_contrasts.csv,country=='uk' & module=='reconstruction' & metric=='mae',p_raw,0.000396728515625,p,16 regions,{:.3g},1.0,0.000397,,
MOD.GB.reconstruction.mae.rel_effect_pct,stats/module_contrasts.csv,country=='uk' & module=='reconstruction' & metric=='mae',rel_effect_pct,-12.094193017394955,%,16 regions,{:+.2f},1.0,-12.09,,
MOD.GB.reconstruction.mae.rel_ci_lo,stats/module_contrasts.csv,country=='uk' & module=='reconstruction' & metric=='mae',rel_ci_lo,-16.316041274577273,%,"B=10,000 region bootstrap",{:+.1f},1.0,-16.3,,
MOD.GB.reconstruction.mae.rel_ci_hi,stats/module_contrasts.csv,country=='uk' & module=='reconstruction' & metric=='mae',rel_ci_hi,-7.750393961834956,%,"B=10,000 region bootstrap",{:+.1f},1.0,-7.8,,
MOD.GB.connection.L_E.R10.X100.lu_mean,stats/module_contrasts.csv,country=='uk' & module=='connection' & metric=='L_E' & radius_km==10.0 & dc_mw==100.0,lu_mean,7326284.546441782,GBP,16 regions,{:.3f},1e-06,7.326,,
MOD.GB.connection.L_E.R10.X100.gnn_mean,stats/module_contrasts.csv,country=='uk' & module=='connection' & metric=='L_E' & radius_km==10.0 & dc_mw==100.0,gnn_mean,5378148.74520595,GBP,16 regions,{:.3f},1e-06,5.378,,
MOD.GB.connection.L_E.R10.X100.median_rel_pct,stats/module_contrasts.csv,country=='uk' & module=='connection' & metric=='L_E' & radius_km==10.0 & dc_mw==100.0,median_rel_pct,-30.498354879486904,%,16 regions with nonzero LU,{:+.2f},1.0,-30.50,,
MOD.GB.connection.L_E.R10.X100.wins,stats/module_contrasts.csv,country=='uk' & module=='connection' & metric=='L_E' & radius_km==10.0 & dc_mw==100.0,wins,16,regions,16 regions,{:d},1.0,16,,
MOD.GB.connection.L_E.R10.X100.n,stats/module_contrasts.csv,country=='uk' & module=='connection' & metric=='L_E' & radius_km==10.0 & dc_mw==100.0,n,16,regions,,{:d},1.0,16,,
MOD.GB.connection.L_E.R10.X100.p_raw,stats/module_contrasts.csv,country=='uk' & module=='connection' & metric=='L_E' & radius_km==10.0 & dc_mw==100.0,p_raw,3.0517578125e-05,p,16 regions,{:.3g},1.0,3.05e-05,,
MOD.GB.connection.L_E.R10.X100.rel_effect_pct,stats/module_contrasts.csv,country=='uk' & module=='connection' & metric=='L_E' & radius_km==10.0 & dc_mw==100.0,rel_effect_pct,-26.591047465962795,%,16 regions,{:+.2f},1.0,-26.59,,
MOD.GB.connection.L_E.R10.X100.rel_ci_lo,stats/module_contrasts.csv,country=='uk' & module=='connection' & metric=='L_E' & radius_km==10.0 & dc_mw==100.0,rel_ci_lo,-31.533846075941096,%,"B=10,000 region bootstrap",{:+.1f},1.0,-31.5,,
MOD.GB.connection.L_E.R10.X100.rel_ci_hi,stats/module_contrasts.csv,country=='uk' & module=='connection' & metric=='L_E' & radius_km==10.0 & dc_mw==100.0,rel_ci_hi,-21.315168886552783,%,"B=10,000 region bootstrap",{:+.1f},1.0,-21.3,,
MOD.GB.connection.L_S.R10.X100.lu_mean,stats/module_contrasts.csv,country=='uk' & module=='connection' & metric=='L_S' & radius_km==10.0 & dc_mw==100.0,lu_mean,4668204.750622958,GBP,16 regions,{:.3f},1e-06,4.668,,
MOD.GB.connection.L_S.R10.X100.gnn_mean,stats/module_contrasts.csv,country=='uk' & module=='connection' & metric=='L_S' & radius_km==10.0 & dc_mw==100.0,gnn_mean,3984907.184169976,GBP,16 regions,{:.3f},1e-06,3.985,,
MOD.GB.connection.L_S.R10.X100.median_rel_pct,stats/module_contrasts.csv,country=='uk' & module=='connection' & metric=='L_S' & radius_km==10.0 & dc_mw==100.0,median_rel_pct,-0.7059840792936992,%,10 regions with nonzero LU,{:+.2f},1.0,-0.71,,
MOD.GB.connection.L_S.R10.X100.wins,stats/module_contrasts.csv,country=='uk' & module=='connection' & metric=='L_S' & radius_km==10.0 & dc_mw==100.0,wins,5,regions,16 regions,{:d},1.0,5,,
MOD.GB.connection.L_S.R10.X100.n,stats/module_contrasts.csv,country=='uk' & module=='connection' & metric=='L_S' & radius_km==10.0 & dc_mw==100.0,n,16,regions,,{:d},1.0,16,,
MOD.GB.connection.L_S.R10.X100.p_raw,stats/module_contrasts.csv,country=='uk' & module=='connection' & metric=='L_S' & radius_km==10.0 & dc_mw==100.0,p_raw,0.287109375,p,16 regions,{:.3g},1.0,0.287,,
MOD.GB.connection.L_S.R10.X100.rel_effect_pct,stats/module_contrasts.csv,country=='uk' & module=='connection' & metric=='L_S' & radius_km==10.0 & dc_mw==100.0,rel_effect_pct,-14.637266421568116,%,16 regions,{:+.2f},1.0,-14.64,,
MOD.GB.connection.L_S.R10.X100.rel_ci_lo,stats/module_contrasts.csv,country=='uk' & module=='connection' & metric=='L_S' & radius_km==10.0 & dc_mw==100.0,rel_ci_lo,-35.22146004005512,%,"B=10,000 region bootstrap",{:+.1f},1.0,-35.2,,
MOD.GB.connection.L_S.R10.X100.rel_ci_hi,stats/module_contrasts.csv,country=='uk' & module=='connection' & metric=='L_S' & radius_km==10.0 & dc_mw==100.0,rel_ci_hi,12.260656463544898,%,"B=10,000 region bootstrap",{:+.1f},1.0,+12.3,,
T3.GB.connection.L_E.R10.X300.lu_mean,stats/module_contrasts.csv,country=='uk' & module=='connection' & metric=='L_E' & radius_km==10.0 & dc_mw==300.0,lu_mean,11592140.985882351,GBP,16 regions,{:.3f},1e-06,11.592,,
T3.GB.connection.L_E.R10.X300.gnn_mean,stats/module_contrasts.csv,country=='uk' & module=='connection' & metric=='L_E' & radius_km==10.0 & dc_mw==300.0,gnn_mean,8629419.950455107,GBP,16 regions,{:.3f},1e-06,8.629,,
T3.GB.connection.L_E.R10.X300.median_rel_pct,stats/module_contrasts.csv,country=='uk' & module=='connection' & metric=='L_E' & radius_km==10.0 & dc_mw==300.0,median_rel_pct,-22.34673390166481,%,16 regions with nonzero LU,{:+.2f},1.0,-22.35,,
T3.GB.connection.L_E.R10.X300.wins,stats/module_contrasts.csv,country=='uk' & module=='connection' & metric=='L_E' & radius_km==10.0 & dc_mw==300.0,wins,16,regions,16 regions,{:d},1.0,16,,
T3.GB.connection.L_E.R10.X300.n,stats/module_contrasts.csv,country=='uk' & module=='connection' & metric=='L_E' & radius_km==10.0 & dc_mw==300.0,n,16,regions,,{:d},1.0,16,,
T3.GB.connection.L_E.R10.X300.p_raw,stats/module_contrasts.csv,country=='uk' & module=='connection' & metric=='L_E' & radius_km==10.0 & dc_mw==300.0,p_raw,3.0517578125e-05,p,16 regions,{:.3g},1.0,3.05e-05,,
T3.GB.connection.L_E.R10.X300.rel_effect_pct,stats/module_contrasts.csv,country=='uk' & module=='connection' & metric=='L_E' & radius_km==10.0 & dc_mw==300.0,rel_effect_pct,-25.558014166972555,%,16 regions,{:+.2f},1.0,-25.56,,
T3.GB.connection.L_E.R10.X300.rel_ci_lo,stats/module_contrasts.csv,country=='uk' & module=='connection' & metric=='L_E' & radius_km==10.0 & dc_mw==300.0,rel_ci_lo,-30.805806654695456,%,"B=10,000 region bootstrap",{:+.1f},1.0,-30.8,,
T3.GB.connection.L_E.R10.X300.rel_ci_hi,stats/module_contrasts.csv,country=='uk' & module=='connection' & metric=='L_E' & radius_km==10.0 & dc_mw==300.0,rel_ci_hi,-20.27761524977865,%,"B=10,000 region bootstrap",{:+.1f},1.0,-20.3,,
T3.GB.connection.L_E.R10.X300.holm_p_4,stats/module_contrasts.csv,country=='uk' & module=='connection' & metric=='L_E' & radius_km==10.0 & dc_mw==300.0,holm_p_4,0.0001220703125,p,"four-module family, GB",{:.3g},1.0,0.000122,,
MOD.GB.connection.L_S.R10.X300.lu_mean,stats/module_contrasts.csv,country=='uk' & module=='connection' & metric=='L_S' & radius_km==10.0 & dc_mw==300.0,lu_mean,6077622.533387652,GBP,16 regions,{:.3f},1e-06,6.078,,
MOD.GB.connection.L_S.R10.X300.gnn_mean,stats/module_contrasts.csv,country=='uk' & module=='connection' & metric=='L_S' & radius_km==10.0 & dc_mw==300.0,gnn_mean,4962680.193276392,GBP,16 regions,{:.3f},1e-06,4.963,,
MOD.GB.connection.L_S.R10.X300.median_rel_pct,stats/module_contrasts.csv,country=='uk' & module=='connection' & metric=='L_S' & radius_km==10.0 & dc_mw==300.0,median_rel_pct,-19.67996482453101,%,14 regions with nonzero LU,{:+.2f},1.0,-19.68,,
MOD.GB.connection.L_S.R10.X300.wins,stats/module_contrasts.csv,country=='uk' & module=='connection' & metric=='L_S' & radius_km==10.0 & dc_mw==300.0,wins,9,regions,16 regions,{:d},1.0,9,,
MOD.GB.connection.L_S.R10.X300.n,stats/module_contrasts.csv,country=='uk' & module=='connection' & metric=='L_S' & radius_km==10.0 & dc_mw==300.0,n,16,regions,,{:d},1.0,16,,
MOD.GB.connection.L_S.R10.X300.p_raw,stats/module_contrasts.csv,country=='uk' & module=='connection' & metric=='L_S' & radius_km==10.0 & dc_mw==300.0,p_raw,0.23272705078125,p,16 regions,{:.3g},1.0,0.233,,
MOD.GB.connection.L_S.R10.X300.rel_effect_pct,stats/module_contrasts.csv,country=='uk' & module=='connection' & metric=='L_S' & radius_km==10.0 & dc_mw==300.0,rel_effect_pct,-18.34504091009735,%,16 regions,{:+.2f},1.0,-18.35,,
MOD.GB.connection.L_S.R10.X300.rel_ci_lo,stats/module_contrasts.csv,country=='uk' & module=='connection' & metric=='L_S' & radius_km==10.0 & dc_mw==300.0,rel_ci_lo,-41.633437704992815,%,"B=10,000 region bootstrap",{:+.1f},1.0,-41.6,,
MOD.GB.connection.L_S.R10.X300.rel_ci_hi,stats/module_contrasts.csv,country=='uk' & module=='connection' & metric=='L_S' & radius_km==10.0 & dc_mw==300.0,rel_ci_hi,8.009369607129118,%,"B=10,000 region bootstrap",{:+.1f},1.0,+8.0,,
MOD.GB.connection.L_E.R10.X500.lu_mean,stats/module_contrasts.csv,country=='uk' & module=='connection' & metric=='L_E' & radius_km==10.0 & dc_mw==500.0,lu_mean,12546518.5235588,GBP,16 regions,{:.3f},1e-06,12.547,,
MOD.GB.connection.L_E.R10.X500.gnn_mean,stats/module_contrasts.csv,country=='uk' & module=='connection' & metric=='L_E' & radius_km==10.0 & dc_mw==500.0,gnn_mean,9453231.561129233,GBP,16 regions,{:.3f},1e-06,9.453,,
MOD.GB.connection.L_E.R10.X500.median_rel_pct,stats/module_contrasts.csv,country=='uk' & module=='connection' & metric=='L_E' & radius_km==10.0 & dc_mw==500.0,median_rel_pct,-19.261062725802223,%,16 regions with nonzero LU,{:+.2f},1.0,-19.26,,
MOD.GB.connection.L_E.R10.X500.wins,stats/module_contrasts.csv,country=='uk' & module=='connection' & metric=='L_E' & radius_km==10.0 & dc_mw==500.0,wins,16,regions,16 regions,{:d},1.0,16,,
MOD.GB.connection.L_E.R10.X500.n,stats/module_contrasts.csv,country=='uk' & module=='connection' & metric=='L_E' & radius_km==10.0 & dc_mw==500.0,n,16,regions,,{:d},1.0,16,,
MOD.GB.connection.L_E.R10.X500.p_raw,stats/module_contrasts.csv,country=='uk' & module=='connection' & metric=='L_E' & radius_km==10.0 & dc_mw==500.0,p_raw,3.0517578125e-05,p,16 regions,{:.3g},1.0,3.05e-05,,
MOD.GB.connection.L_E.R10.X500.rel_effect_pct,stats/module_contrasts.csv,country=='uk' & module=='connection' & metric=='L_E' & radius_km==10.0 & dc_mw==500.0,rel_effect_pct,-24.654544259598815,%,16 regions,{:+.2f},1.0,-24.65,,
MOD.GB.connection.L_E.R10.X500.rel_ci_lo,stats/module_contrasts.csv,country=='uk' & module=='connection' & metric=='L_E' & radius_km==10.0 & dc_mw==500.0,rel_ci_lo,-30.406538515572844,%,"B=10,000 region bootstrap",{:+.1f},1.0,-30.4,,
MOD.GB.connection.L_E.R10.X500.rel_ci_hi,stats/module_contrasts.csv,country=='uk' & module=='connection' & metric=='L_E' & radius_km==10.0 & dc_mw==500.0,rel_ci_hi,-19.14827967090345,%,"B=10,000 region bootstrap",{:+.1f},1.0,-19.1,,
MOD.GB.connection.L_S.R10.X500.lu_mean,stats/module_contrasts.csv,country=='uk' & module=='connection' & metric=='L_S' & radius_km==10.0 & dc_mw==500.0,lu_mean,8159865.494227436,GBP,16 regions,{:.3f},1e-06,8.160,,
MOD.GB.connection.L_S.R10.X500.gnn_mean,stats/module_contrasts.csv,country=='uk' & module=='connection' & metric=='L_S' & radius_km==10.0 & dc_mw==500.0,gnn_mean,6622268.613685622,GBP,16 regions,{:.3f},1e-06,6.622,,
MOD.GB.connection.L_S.R10.X500.median_rel_pct,stats/module_contrasts.csv,country=='uk' & module=='connection' & metric=='L_S' & radius_km==10.0 & dc_mw==500.0,median_rel_pct,-14.488954353252243,%,15 regions with nonzero LU,{:+.2f},1.0,-14.49,,
MOD.GB.connection.L_S.R10.X500.wins,stats/module_contrasts.csv,country=='uk' & module=='connection' & metric=='L_S' & radius_km==10.0 & dc_mw==500.0,wins,10,regions,16 regions,{:d},1.0,10,,
MOD.GB.connection.L_S.R10.X500.n,stats/module_contrasts.csv,country=='uk' & module=='connection' & metric=='L_S' & radius_km==10.0 & dc_mw==500.0,n,16,regions,,{:d},1.0,16,,
MOD.GB.connection.L_S.R10.X500.p_raw,stats/module_contrasts.csv,country=='uk' & module=='connection' & metric=='L_S' & radius_km==10.0 & dc_mw==500.0,p_raw,0.1151123046875,p,16 regions,{:.3g},1.0,0.115,,
MOD.GB.connection.L_S.R10.X500.rel_effect_pct,stats/module_contrasts.csv,country=='uk' & module=='connection' & metric=='L_S' & radius_km==10.0 & dc_mw==500.0,rel_effect_pct,-18.84340963254312,%,16 regions,{:+.2f},1.0,-18.84,,
MOD.GB.connection.L_S.R10.X500.rel_ci_lo,stats/module_contrasts.csv,country=='uk' & module=='connection' & metric=='L_S' & radius_km==10.0 & dc_mw==500.0,rel_ci_lo,-31.349974018385343,%,"B=10,000 region bootstrap",{:+.1f},1.0,-31.3,,
MOD.GB.connection.L_S.R10.X500.rel_ci_hi,stats/module_contrasts.csv,country=='uk' & module=='connection' & metric=='L_S' & radius_km==10.0 & dc_mw==500.0,rel_ci_hi,0.8103961490270478,%,"B=10,000 region bootstrap",{:+.1f},1.0,+0.8,,
MOD.GB.connection.L_E.R20.X100.lu_mean,stats/module_contrasts.csv,country=='uk' & module=='connection' & metric=='L_E' & radius_km==20.0 & dc_mw==100.0,lu_mean,7336151.663549028,GBP,16 regions,{:.3f},1e-06,7.336,,
MOD.GB.connection.L_E.R20.X100.gnn_mean,stats/module_contrasts.csv,country=='uk' & module=='connection' & metric=='L_E' & radius_km==20.0 & dc_mw==100.0,gnn_mean,4810229.102030146,GBP,16 regions,{:.3f},1e-06,4.810,,
MOD.GB.connection.L_E.R20.X100.median_rel_pct,stats/module_contrasts.csv,country=='uk' & module=='connection' & metric=='L_E' & radius_km==20.0 & dc_mw==100.0,median_rel_pct,-37.89675374177825,%,14 regions with nonzero LU,{:+.2f},1.0,-37.90,,
MOD.GB.connection.L_E.R20.X100.wins,stats/module_contrasts.csv,country=='uk' & module=='connection' & metric=='L_E' & radius_km==20.0 & dc_mw==100.0,wins,13,regions,16 regions,{:d},1.0,13,,
MOD.GB.connection.L_E.R20.X100.n,stats/module_contrasts.csv,country=='uk' & module=='connection' & metric=='L_E' & radius_km==20.0 & dc_mw==100.0,n,16,regions,,{:d},1.0,16,,
MOD.GB.connection.L_E.R20.X100.p_raw,stats/module_contrasts.csv,country=='uk' & module=='connection' & metric=='L_E' & radius_km==20.0 & dc_mw==100.0,p_raw,0.000244140625,p,16 regions,{:.3g},1.0,0.000244,,
MOD.GB.connection.L_E.R20.X100.rel_effect_pct,stats/module_contrasts.csv,country=='uk' & module=='connection' & metric=='L_E' & radius_km==20.0 & dc_mw==100.0,rel_effect_pct,-34.431166057667205,%,16 regions,{:+.2f},1.0,-34.43,,
MOD.GB.connection.L_E.R20.X100.rel_ci_lo,stats/module_contrasts.csv,country=='uk' & module=='connection' & metric=='L_E' & radius_km==20.0 & dc_mw==100.0,rel_ci_lo,-39.05896494491915,%,"B=10,000 region bootstrap",{:+.1f},1.0,-39.1,,
MOD.GB.connection.L_E.R20.X100.rel_ci_hi,stats/module_contrasts.csv,country=='uk' & module=='connection' & metric=='L_E' & radius_km==20.0 & dc_mw==100.0,rel_ci_hi,-28.494465075688705,%,"B=10,000 region bootstrap",{:+.1f},1.0,-28.5,,
MOD.GB.connection.L_S.R20.X100.lu_mean,stats/module_contrasts.csv,country=='uk' & module=='connection' & metric=='L_S' & radius_km==20.0 & dc_mw==100.0,lu_mean,1887855.3258757128,GBP,16 regions,{:.3f},1e-06,1.888,,
MOD.GB.connection.L_S.R20.X100.gnn_mean,stats/module_contrasts.csv,country=='uk' & module=='connection' & metric=='L_S' & radius_km==20.0 & dc_mw==100.0,gnn_mean,1743087.451467277,GBP,16 regions,{:.3f},1e-06,1.743,,
MOD.GB.connection.L_S.R20.X100.median_rel_pct,stats/module_contrasts.csv,country=='uk' & module=='connection' & metric=='L_S' & radius_km==20.0 & dc_mw==100.0,median_rel_pct,28.267839217498803,%,9 regions with nonzero LU,{:+.2f},1.0,+28.27,,
MOD.GB.connection.L_S.R20.X100.wins,stats/module_contrasts.csv,country=='uk' & module=='connection' & metric=='L_S' & radius_km==20.0 & dc_mw==100.0,wins,3,regions,16 regions,{:d},1.0,3,,
MOD.GB.connection.L_S.R20.X100.n,stats/module_contrasts.csv,country=='uk' & module=='connection' & metric=='L_S' & radius_km==20.0 & dc_mw==100.0,n,16,regions,,{:d},1.0,16,,
MOD.GB.connection.L_S.R20.X100.p_raw,stats/module_contrasts.csv,country=='uk' & module=='connection' & metric=='L_S' & radius_km==20.0 & dc_mw==100.0,p_raw,0.84765625,p,16 regions,{:.3g},1.0,0.848,,
MOD.GB.connection.L_S.R20.X100.rel_effect_pct,stats/module_contrasts.csv,country=='uk' & module=='connection' & metric=='L_S' & radius_km==20.0 & dc_mw==100.0,rel_effect_pct,-7.668377572380038,%,16 regions,{:+.2f},1.0,-7.67,,
MOD.GB.connection.L_S.R20.X100.rel_ci_lo,stats/module_contrasts.csv,country=='uk' & module=='connection' & metric=='L_S' & radius_km==20.0 & dc_mw==100.0,rel_ci_lo,-52.92332139193665,%,"B=10,000 region bootstrap",{:+.1f},1.0,-52.9,,
MOD.GB.connection.L_S.R20.X100.rel_ci_hi,stats/module_contrasts.csv,country=='uk' & module=='connection' & metric=='L_S' & radius_km==20.0 & dc_mw==100.0,rel_ci_hi,62.872811361065374,%,"B=10,000 region bootstrap",{:+.1f},1.0,+62.9,,
MOD.GB.connection.L_E.R20.X300.lu_mean,stats/module_contrasts.csv,country=='uk' & module=='connection' & metric=='L_E' & radius_km==20.0 & dc_mw==300.0,lu_mean,12045744.788268708,GBP,16 regions,{:.3f},1e-06,12.046,,
MOD.GB.connection.L_E.R20.X300.gnn_mean,stats/module_contrasts.csv,country=='uk' & module=='connection' & metric=='L_E' & radius_km==20.0 & dc_mw==300.0,gnn_mean,8557041.730914284,GBP,16 regions,{:.3f},1e-06,8.557,,
MOD.GB.connection.L_E.R20.X300.median_rel_pct,stats/module_contrasts.csv,country=='uk' & module=='connection' & metric=='L_E' & radius_km==20.0 & dc_mw==300.0,median_rel_pct,-26.521087883322835,%,16 regions with nonzero LU,{:+.2f},1.0,-26.52,,
MOD.GB.connection.L_E.R20.X300.wins,stats/module_contrasts.csv,country=='uk' & module=='connection' & metric=='L_E' & radius_km==20.0 & dc_mw==300.0,wins,15,regions,16 regions,{:d},1.0,15,,
MOD.GB.connection.L_E.R20.X300.n,stats/module_contrasts.csv,country=='uk' & module=='connection' & metric=='L_E' & radius_km==20.0 & dc_mw==300.0,n,16,regions,,{:d},1.0,16,,
MOD.GB.connection.L_E.R20.X300.p_raw,stats/module_contrasts.csv,country=='uk' & module=='connection' & metric=='L_E' & radius_km==20.0 & dc_mw==300.0,p_raw,6.103515625e-05,p,16 regions,{:.3g},1.0,6.1e-05,,
MOD.GB.connection.L_E.R20.X300.rel_effect_pct,stats/module_contrasts.csv,country=='uk' & module=='connection' & metric=='L_E' & radius_km==20.0 & dc_mw==300.0,rel_effect_pct,-28.962119974117805,%,16 regions,{:+.2f},1.0,-28.96,,
MOD.GB.connection.L_E.R20.X300.rel_ci_lo,stats/module_contrasts.csv,country=='uk' & module=='connection' & metric=='L_E' & radius_km==20.0 & dc_mw==300.0,rel_ci_lo,-35.593367658106246,%,"B=10,000 region bootstrap",{:+.1f},1.0,-35.6,,
MOD.GB.connection.L_E.R20.X300.rel_ci_hi,stats/module_contrasts.csv,country=='uk' & module=='connection' & metric=='L_E' & radius_km==20.0 & dc_mw==300.0,rel_ci_hi,-21.65281201009171,%,"B=10,000 region bootstrap",{:+.1f},1.0,-21.7,,
MOD.GB.connection.L_S.R20.X300.lu_mean,stats/module_contrasts.csv,country=='uk' & module=='connection' & metric=='L_S' & radius_km==20.0 & dc_mw==300.0,lu_mean,6991211.416889477,GBP,16 regions,{:.3f},1e-06,6.991,,
MOD.GB.connection.L_S.R20.X300.gnn_mean,stats/module_contrasts.csv,country=='uk' & module=='connection' & metric=='L_S' & radius_km==20.0 & dc_mw==300.0,gnn_mean,6067737.465359927,GBP,16 regions,{:.3f},1e-06,6.068,,
MOD.GB.connection.L_S.R20.X300.median_rel_pct,stats/module_contrasts.csv,country=='uk' & module=='connection' & metric=='L_S' & radius_km==20.0 & dc_mw==300.0,median_rel_pct,-5.940486482101372,%,11 regions with nonzero LU,{:+.2f},1.0,-5.94,,
MOD.GB.connection.L_S.R20.X300.wins,stats/module_contrasts.csv,country=='uk' & module=='connection' & metric=='L_S' & radius_km==20.0 & dc_mw==300.0,wins,6,regions,16 regions,{:d},1.0,6,,
MOD.GB.connection.L_S.R20.X300.n,stats/module_contrasts.csv,country=='uk' & module=='connection' & metric=='L_S' & radius_km==20.0 & dc_mw==300.0,n,16,regions,,{:d},1.0,16,,
MOD.GB.connection.L_S.R20.X300.p_raw,stats/module_contrasts.csv,country=='uk' & module=='connection' & metric=='L_S' & radius_km==20.0 & dc_mw==300.0,p_raw,0.44677734375,p,16 regions,{:.3g},1.0,0.447,,
MOD.GB.connection.L_S.R20.X300.rel_effect_pct,stats/module_contrasts.csv,country=='uk' & module=='connection' & metric=='L_S' & radius_km==20.0 & dc_mw==300.0,rel_effect_pct,-13.209069165017768,%,16 regions,{:+.2f},1.0,-13.21,,
MOD.GB.connection.L_S.R20.X300.rel_ci_lo,stats/module_contrasts.csv,country=='uk' & module=='connection' & metric=='L_S' & radius_km==20.0 & dc_mw==300.0,rel_ci_lo,-35.87689712971628,%,"B=10,000 region bootstrap",{:+.1f},1.0,-35.9,,
MOD.GB.connection.L_S.R20.X300.rel_ci_hi,stats/module_contrasts.csv,country=='uk' & module=='connection' & metric=='L_S' & radius_km==20.0 & dc_mw==300.0,rel_ci_hi,26.41141776949858,%,"B=10,000 region bootstrap",{:+.1f},1.0,+26.4,,
MOD.GB.connection.L_E.R20.X500.lu_mean,stats/module_contrasts.csv,country=='uk' & module=='connection' & metric=='L_E' & radius_km==20.0 & dc_mw==500.0,lu_mean,15833787.159966525,GBP,16 regions,{:.3f},1e-06,15.834,,
MOD.GB.connection.L_E.R20.X500.gnn_mean,stats/module_contrasts.csv,country=='uk' & module=='connection' & metric=='L_E' & radius_km==20.0 & dc_mw==500.0,gnn_mean,11371375.341695834,GBP,16 regions,{:.3f},1e-06,11.371,,
MOD.GB.connection.L_E.R20.X500.median_rel_pct,stats/module_contrasts.csv,country=='uk' & module=='connection' & metric=='L_E' & radius_km==20.0 & dc_mw==500.0,median_rel_pct,-23.509755053382584,%,16 regions with nonzero LU,{:+.2f},1.0,-23.51,,
MOD.GB.connection.L_E.R20.X500.wins,stats/module_contrasts.csv,country=='uk' & module=='connection' & metric=='L_E' & radius_km==20.0 & dc_mw==500.0,wins,14,regions,16 regions,{:d},1.0,14,,
MOD.GB.connection.L_E.R20.X500.n,stats/module_contrasts.csv,country=='uk' & module=='connection' & metric=='L_E' & radius_km==20.0 & dc_mw==500.0,n,16,regions,,{:d},1.0,16,,
MOD.GB.connection.L_E.R20.X500.p_raw,stats/module_contrasts.csv,country=='uk' & module=='connection' & metric=='L_E' & radius_km==20.0 & dc_mw==500.0,p_raw,0.000244140625,p,16 regions,{:.3g},1.0,0.000244,,
MOD.GB.connection.L_E.R20.X500.rel_effect_pct,stats/module_contrasts.csv,country=='uk' & module=='connection' & metric=='L_E' & radius_km==20.0 & dc_mw==500.0,rel_effect_pct,-28.18284579164524,%,16 regions,{:+.2f},1.0,-28.18,,
MOD.GB.connection.L_E.R20.X500.rel_ci_lo,stats/module_contrasts.csv,country=='uk' & module=='connection' & metric=='L_E' & radius_km==20.0 & dc_mw==500.0,rel_ci_lo,-34.00801049754486,%,"B=10,000 region bootstrap",{:+.1f},1.0,-34.0,,
MOD.GB.connection.L_E.R20.X500.rel_ci_hi,stats/module_contrasts.csv,country=='uk' & module=='connection' & metric=='L_E' & radius_km==20.0 & dc_mw==500.0,rel_ci_hi,-21.51735620994616,%,"B=10,000 region bootstrap",{:+.1f},1.0,-21.5,,
MOD.GB.connection.L_S.R20.X500.lu_mean,stats/module_contrasts.csv,country=='uk' & module=='connection' & metric=='L_S' & radius_km==20.0 & dc_mw==500.0,lu_mean,11420098.336167406,GBP,16 regions,{:.3f},1e-06,11.420,,
MOD.GB.connection.L_S.R20.X500.gnn_mean,stats/module_contrasts.csv,country=='uk' & module=='connection' & metric=='L_S' & radius_km==20.0 & dc_mw==500.0,gnn_mean,10115222.30252233,GBP,16 regions,{:.3f},1e-06,10.115,,
MOD.GB.connection.L_S.R20.X500.median_rel_pct,stats/module_contrasts.csv,country=='uk' & module=='connection' & metric=='L_S' & radius_km==20.0 & dc_mw==500.0,median_rel_pct,-27.999393011934345,%,14 regions with nonzero LU,{:+.2f},1.0,-28.00,,
MOD.GB.connection.L_S.R20.X500.wins,stats/module_contrasts.csv,country=='uk' & module=='connection' & metric=='L_S' & radius_km==20.0 & dc_mw==500.0,wins,8,regions,16 regions,{:d},1.0,8,,
MOD.GB.connection.L_S.R20.X500.n,stats/module_contrasts.csv,country=='uk' & module=='connection' & metric=='L_S' & radius_km==20.0 & dc_mw==500.0,n,16,regions,,{:d},1.0,16,,
MOD.GB.connection.L_S.R20.X500.p_raw,stats/module_contrasts.csv,country=='uk' & module=='connection' & metric=='L_S' & radius_km==20.0 & dc_mw==500.0,p_raw,0.590576171875,p,16 regions,{:.3g},1.0,0.591,,
MOD.GB.connection.L_S.R20.X500.rel_effect_pct,stats/module_contrasts.csv,country=='uk' & module=='connection' & metric=='L_S' & radius_km==20.0 & dc_mw==500.0,rel_effect_pct,-11.426136581613653,%,16 regions,{:+.2f},1.0,-11.43,,
MOD.GB.connection.L_S.R20.X500.rel_ci_lo,stats/module_contrasts.csv,country=='uk' & module=='connection' & metric=='L_S' & radius_km==20.0 & dc_mw==500.0,rel_ci_lo,-34.09312281515964,%,"B=10,000 region bootstrap",{:+.1f},1.0,-34.1,,
MOD.GB.connection.L_S.R20.X500.rel_ci_hi,stats/module_contrasts.csv,country=='uk' & module=='connection' & metric=='L_S' & radius_km==20.0 & dc_mw==500.0,rel_ci_hi,54.565186735271766,%,"B=10,000 region bootstrap",{:+.1f},1.0,+54.6,,
MOD.GB.connection_refscreen.L_E.R10.X300.lu_mean,stats/module_contrasts.csv,country=='uk' & module=='connection_refscreen' & metric=='L_E' & radius_km==10.0 & dc_mw==300.0,lu_mean,12120274.34274584,GBP,13 regions,{:.3f},1e-06,12.120,,
MOD.GB.connection_refscreen.L_E.R10.X300.gnn_mean,stats/module_contrasts.csv,country=='uk' & module=='connection_refscreen' & metric=='L_E' & radius_km==10.0 & dc_mw==300.0,gnn_mean,8799105.245753676,GBP,13 regions,{:.3f},1e-06,8.799,,
MOD.GB.connection_refscreen.L_E.R10.X300.median_rel_pct,stats/module_contrasts.csv,country=='uk' & module=='connection_refscreen' & metric=='L_E' & radius_km==10.0 & dc_mw==300.0,median_rel_pct,-27.23126418742127,%,13 regions with nonzero LU,{:+.2f},1.0,-27.23,,
MOD.GB.connection_refscreen.L_E.R10.X300.wins,stats/module_contrasts.csv,country=='uk' & module=='connection_refscreen' & metric=='L_E' & radius_km==10.0 & dc_mw==300.0,wins,13,regions,13 regions,{:d},1.0,13,,
MOD.GB.connection_refscreen.L_E.R10.X300.n,stats/module_contrasts.csv,country=='uk' & module=='connection_refscreen' & metric=='L_E' & radius_km==10.0 & dc_mw==300.0,n,13,regions,,{:d},1.0,13,,
MOD.GB.connection_refscreen.L_E.R10.X300.p_raw,stats/module_contrasts.csv,country=='uk' & module=='connection_refscreen' & metric=='L_E' & radius_km==10.0 & dc_mw==300.0,p_raw,0.000244140625,p,13 regions,{:.3g},1.0,0.000244,,
MOD.GB.connection_refscreen.L_E.R10.X300.rel_effect_pct,stats/module_contrasts.csv,country=='uk' & module=='connection_refscreen' & metric=='L_E' & radius_km==10.0 & dc_mw==300.0,rel_effect_pct,-27.40176503496334,%,13 regions,{:+.2f},1.0,-27.40,,
MOD.GB.connection_refscreen.L_E.R10.X300.rel_ci_lo,stats/module_contrasts.csv,country=='uk' & module=='connection_refscreen' & metric=='L_E' & radius_km==10.0 & dc_mw==300.0,rel_ci_lo,-32.662769553450005,%,"B=10,000 region bootstrap",{:+.1f},1.0,-32.7,,
MOD.GB.connection_refscreen.L_E.R10.X300.rel_ci_hi,stats/module_contrasts.csv,country=='uk' & module=='connection_refscreen' & metric=='L_E' & radius_km==10.0 & dc_mw==300.0,rel_ci_hi,-21.676606048828837,%,"B=10,000 region bootstrap",{:+.1f},1.0,-21.7,,
MOD.GB.connection_refscreen.L_S.R10.X300.lu_mean,stats/module_contrasts.csv,country=='uk' & module=='connection_refscreen' & metric=='L_S' & radius_km==10.0 & dc_mw==300.0,lu_mean,6644462.486125036,GBP,13 regions,{:.3f},1e-06,6.644,,
MOD.GB.connection_refscreen.L_S.R10.X300.gnn_mean,stats/module_contrasts.csv,country=='uk' & module=='connection_refscreen' & metric=='L_S' & radius_km==10.0 & dc_mw==300.0,gnn_mean,5473787.273543304,GBP,13 regions,{:.3f},1e-06,5.474,,
MOD.GB.connection_refscreen.L_S.R10.X300.median_rel_pct,stats/module_contrasts.csv,country=='uk' & module=='connection_refscreen' & metric=='L_S' & radius_km==10.0 & dc_mw==300.0,median_rel_pct,-18.672815782731227,%,11 regions with nonzero LU,{:+.2f},1.0,-18.67,,
MOD.GB.connection_refscreen.L_S.R10.X300.wins,stats/module_contrasts.csv,country=='uk' & module=='connection_refscreen' & metric=='L_S' & radius_km==10.0 & dc_mw==300.0,wins,7,regions,13 regions,{:d},1.0,7,,
MOD.GB.connection_refscreen.L_S.R10.X300.n,stats/module_contrasts.csv,country=='uk' & module=='connection_refscreen' & metric=='L_S' & radius_km==10.0 & dc_mw==300.0,n,13,regions,,{:d},1.0,13,,
MOD.GB.connection_refscreen.L_S.R10.X300.p_raw,stats/module_contrasts.csv,country=='uk' & module=='connection_refscreen' & metric=='L_S' & radius_km==10.0 & dc_mw==300.0,p_raw,0.3203125,p,13 regions,{:.3g},1.0,0.32,,
MOD.GB.connection_refscreen.L_S.R10.X300.rel_effect_pct,stats/module_contrasts.csv,country=='uk' & module=='connection_refscreen' & metric=='L_S' & radius_km==10.0 & dc_mw==300.0,rel_effect_pct,-17.618809874031744,%,13 regions,{:+.2f},1.0,-17.62,,
MOD.GB.connection_refscreen.L_S.R10.X300.rel_ci_lo,stats/module_contrasts.csv,country=='uk' & module=='connection_refscreen' & metric=='L_S' & radius_km==10.0 & dc_mw==300.0,rel_ci_lo,-43.254344347821046,%,"B=10,000 region bootstrap",{:+.1f},1.0,-43.3,,
MOD.GB.connection_refscreen.L_S.R10.X300.rel_ci_hi,stats/module_contrasts.csv,country=='uk' & module=='connection_refscreen' & metric=='L_S' & radius_km==10.0 & dc_mw==300.0,rel_ci_hi,13.48019203703132,%,"B=10,000 region bootstrap",{:+.1f},1.0,+13.5,,
T3.AU.reconstruction.rmse.lu_mean,stats/module_contrasts.csv,country=='au' & module=='reconstruction' & metric=='rmse',lu_mean,18.8856575681906,MW,12 regions,{:.3f},1.0,18.886,,
T3.AU.reconstruction.rmse.gnn_mean,stats/module_contrasts.csv,country=='au' & module=='reconstruction' & metric=='rmse',gnn_mean,29.00778615337941,MW,12 regions,{:.3f},1.0,29.008,,
T3.AU.reconstruction.rmse.median_rel_pct,stats/module_contrasts.csv,country=='au' & module=='reconstruction' & metric=='rmse',median_rel_pct,58.96053892789829,%,12 regions with nonzero LU,{:+.2f},1.0,+58.96,,
T3.AU.reconstruction.rmse.wins,stats/module_contrasts.csv,country=='au' & module=='reconstruction' & metric=='rmse',wins,2,regions,12 regions,{:d},1.0,2,,
T3.AU.reconstruction.rmse.n,stats/module_contrasts.csv,country=='au' & module=='reconstruction' & metric=='rmse',n,12,regions,,{:d},1.0,12,,
T3.AU.reconstruction.rmse.p_raw,stats/module_contrasts.csv,country=='au' & module=='reconstruction' & metric=='rmse',p_raw,0.01123046875,p,12 regions,{:.3g},1.0,0.0112,,
T3.AU.reconstruction.rmse.rel_effect_pct,stats/module_contrasts.csv,country=='au' & module=='reconstruction' & metric=='rmse',rel_effect_pct,53.59690838744035,%,12 regions,{:+.2f},1.0,+53.60,,
T3.AU.reconstruction.rmse.rel_ci_lo,stats/module_contrasts.csv,country=='au' & module=='reconstruction' & metric=='rmse',rel_ci_lo,17.22320390839718,%,"B=10,000 region bootstrap",{:+.1f},1.0,+17.2,,
T3.AU.reconstruction.rmse.rel_ci_hi,stats/module_contrasts.csv,country=='au' & module=='reconstruction' & metric=='rmse',rel_ci_hi,106.35029736218516,%,"B=10,000 region bootstrap",{:+.1f},1.0,+106.4,,
T3.AU.reconstruction.rmse.holm_p_4,stats/module_contrasts.csv,country=='au' & module=='reconstruction' & metric=='rmse',holm_p_4,0.0224609375,p,"four-module family, AU",{:.3g},1.0,0.0225,,
T3.AU.siting.WSD.lu_mean,stats/module_contrasts.csv,country=='au' & module=='siting' & metric=='WSD',lu_mean,2.1448521954624127,km,12 regions,{:.3f},1.0,2.145,,
T3.AU.siting.WSD.gnn_mean,stats/module_contrasts.csv,country=='au' & module=='siting' & metric=='WSD',gnn_mean,2.3758305905325323,km,12 regions,{:.3f},1.0,2.376,,
T3.AU.siting.WSD.median_rel_pct,stats/module_contrasts.csv,country=='au' & module=='siting' & metric=='WSD',median_rel_pct,12.027281477126548,%,12 regions with nonzero LU,{:+.2f},1.0,+12.03,,
T3.AU.siting.WSD.wins,stats/module_contrasts.csv,country=='au' & module=='siting' & metric=='WSD',wins,0,regions,12 regions,{:d},1.0,0,,
T3.AU.siting.WSD.n,stats/module_contrasts.csv,country=='au' & module=='siting' & metric=='WSD',n,12,regions,,{:d},1.0,12,,
T3.AU.siting.WSD.p_raw,stats/module_contrasts.csv,country=='au' & module=='siting' & metric=='WSD',p_raw,0.00048828125,p,12 regions,{:.3g},1.0,0.000488,,
T3.AU.siting.WSD.rel_effect_pct,stats/module_contrasts.csv,country=='au' & module=='siting' & metric=='WSD',rel_effect_pct,10.768965598597898,%,12 regions,{:+.2f},1.0,+10.77,,
T3.AU.siting.WSD.rel_ci_lo,stats/module_contrasts.csv,country=='au' & module=='siting' & metric=='WSD',rel_ci_lo,7.90672051273049,%,"B=10,000 region bootstrap",{:+.1f},1.0,+7.9,,
T3.AU.siting.WSD.rel_ci_hi,stats/module_contrasts.csv,country=='au' & module=='siting' & metric=='WSD',rel_ci_hi,13.697876976442412,%,"B=10,000 region bootstrap",{:+.1f},1.0,+13.7,,
T3.AU.siting.WSD.holm_p_4,stats/module_contrasts.csv,country=='au' & module=='siting' & metric=='WSD',holm_p_4,0.001953125,p,"four-module family, AU",{:.3g},1.0,0.00195,,
T3.AU.sizing.RSD_median.many_to_one.lu_mean,stats/module_contrasts.csv,country=='au' & module=='sizing' & metric=='RSD_median' & matching=='many_to_one',lu_mean,28.524162835743628,percent,12 regions,{:.3f},1.0,28.524,,
T3.AU.sizing.RSD_median.many_to_one.gnn_mean,stats/module_contrasts.csv,country=='au' & module=='sizing' & metric=='RSD_median' & matching=='many_to_one',gnn_mean,40.744644742762326,percent,12 regions,{:.3f},1.0,40.745,,
T3.AU.sizing.RSD_median.many_to_one.median_rel_pct,stats/module_contrasts.csv,country=='au' & module=='sizing' & metric=='RSD_median' & matching=='many_to_one',median_rel_pct,18.91108659409976,%,12 regions with nonzero LU,{:+.2f},1.0,+18.91,,
T3.AU.sizing.RSD_median.many_to_one.wins,stats/module_contrasts.csv,country=='au' & module=='sizing' & metric=='RSD_median' & matching=='many_to_one',wins,1,regions,12 regions,{:d},1.0,1,,
T3.AU.sizing.RSD_median.many_to_one.n,stats/module_contrasts.csv,country=='au' & module=='sizing' & metric=='RSD_median' & matching=='many_to_one',n,12,regions,,{:d},1.0,12,,
T3.AU.sizing.RSD_median.many_to_one.p_raw,stats/module_contrasts.csv,country=='au' & module=='sizing' & metric=='RSD_median' & matching=='many_to_one',p_raw,0.001953125,p,12 regions,{:.3g},1.0,0.00195,,
T3.AU.sizing.RSD_median.many_to_one.rel_effect_pct,stats/module_contrasts.csv,country=='au' & module=='sizing' & metric=='RSD_median' & matching=='many_to_one',rel_effect_pct,42.842561155573016,%,12 regions,{:+.2f},1.0,+42.84,,
T3.AU.sizing.RSD_median.many_to_one.rel_ci_lo,stats/module_contrasts.csv,country=='au' & module=='sizing' & metric=='RSD_median' & matching=='many_to_one',rel_ci_lo,15.138497006836566,%,"B=10,000 region bootstrap",{:+.1f},1.0,+15.1,,
T3.AU.sizing.RSD_median.many_to_one.rel_ci_hi,stats/module_contrasts.csv,country=='au' & module=='sizing' & metric=='RSD_median' & matching=='many_to_one',rel_ci_hi,88.89805602821363,%,"B=10,000 region bootstrap",{:+.1f},1.0,+88.9,,
T3.AU.sizing.RSD_median.many_to_one.holm_p_4,stats/module_contrasts.csv,country=='au' & module=='sizing' & metric=='RSD_median' & matching=='many_to_one',holm_p_4,0.005859375,p,"four-module family, AU",{:.3g},1.0,0.00586,,
MOD.AU.sizing.RSD_median.one_to_one.lu_mean,stats/module_contrasts.csv,country=='au' & module=='sizing' & metric=='RSD_median' & matching=='one_to_one',lu_mean,27.70118363618043,percent,12 regions,{:.3f},1.0,27.701,,
MOD.AU.sizing.RSD_median.one_to_one.gnn_mean,stats/module_contrasts.csv,country=='au' & module=='sizing' & metric=='RSD_median' & matching=='one_to_one',gnn_mean,34.341498427443234,percent,12 regions,{:.3f},1.0,34.341,,
MOD.AU.sizing.RSD_median.one_to_one.median_rel_pct,stats/module_contrasts.csv,country=='au' & module=='sizing' & metric=='RSD_median' & matching=='one_to_one',median_rel_pct,18.666209273332598,%,12 regions with nonzero LU,{:+.2f},1.0,+18.67,,
MOD.AU.sizing.RSD_median.one_to_one.wins,stats/module_contrasts.csv,country=='au' & module=='sizing' & metric=='RSD_median' & matching=='one_to_one',wins,3,regions,12 regions,{:d},1.0,3,,
MOD.AU.sizing.RSD_median.one_to_one.n,stats/module_contrasts.csv,country=='au' & module=='sizing' & metric=='RSD_median' & matching=='one_to_one',n,12,regions,,{:d},1.0,12,,
MOD.AU.sizing.RSD_median.one_to_one.p_raw,stats/module_contrasts.csv,country=='au' & module=='sizing' & metric=='RSD_median' & matching=='one_to_one',p_raw,0.138671875,p,12 regions,{:.3g},1.0,0.139,,
MOD.AU.sizing.RSD_median.one_to_one.rel_effect_pct,stats/module_contrasts.csv,country=='au' & module=='sizing' & metric=='RSD_median' & matching=='one_to_one',rel_effect_pct,23.971231260276944,%,12 regions,{:+.2f},1.0,+23.97,,
MOD.AU.sizing.RSD_median.one_to_one.rel_ci_lo,stats/module_contrasts.csv,country=='au' & module=='sizing' & metric=='RSD_median' & matching=='one_to_one',rel_ci_lo,-2.234903140905692,%,"B=10,000 region bootstrap",{:+.1f},1.0,-2.2,,
MOD.AU.sizing.RSD_median.one_to_one.rel_ci_hi,stats/module_contrasts.csv,country=='au' & module=='sizing' & metric=='RSD_median' & matching=='one_to_one',rel_ci_hi,68.6846476865435,%,"B=10,000 region bootstrap",{:+.1f},1.0,+68.7,,
MOD.AU.reconstruction.mae.lu_mean,stats/module_contrasts.csv,country=='au' & module=='reconstruction' & metric=='mae',lu_mean,14.41931556121138,MW,12 regions,{:.3f},1.0,14.419,,
MOD.AU.reconstruction.mae.gnn_mean,stats/module_contrasts.csv,country=='au' & module=='reconstruction' & metric=='mae',gnn_mean,21.096816284938164,MW,12 regions,{:.3f},1.0,21.097,,
MOD.AU.reconstruction.mae.median_rel_pct,stats/module_contrasts.csv,country=='au' & module=='reconstruction' & metric=='mae',median_rel_pct,64.85145998470402,%,12 regions with nonzero LU,{:+.2f},1.0,+64.85,,
MOD.AU.reconstruction.mae.wins,stats/module_contrasts.csv,country=='au' & module=='reconstruction' & metric=='mae',wins,2,regions,12 regions,{:d},1.0,2,,
MOD.AU.reconstruction.mae.n,stats/module_contrasts.csv,country=='au' & module=='reconstruction' & metric=='mae',n,12,regions,,{:d},1.0,12,,
MOD.AU.reconstruction.mae.p_raw,stats/module_contrasts.csv,country=='au' & module=='reconstruction' & metric=='mae',p_raw,0.0068359375,p,12 regions,{:.3g},1.0,0.00684,,
MOD.AU.reconstruction.mae.rel_effect_pct,stats/module_contrasts.csv,country=='au' & module=='reconstruction' & metric=='mae',rel_effect_pct,46.30941527966534,%,12 regions,{:+.2f},1.0,+46.31,,
MOD.AU.reconstruction.mae.rel_ci_lo,stats/module_contrasts.csv,country=='au' & module=='reconstruction' & metric=='mae',rel_ci_lo,16.64634937354122,%,"B=10,000 region bootstrap",{:+.1f},1.0,+16.6,,
MOD.AU.reconstruction.mae.rel_ci_hi,stats/module_contrasts.csv,country=='au' & module=='reconstruction' & metric=='mae',rel_ci_hi,87.80676961212741,%,"B=10,000 region bootstrap",{:+.1f},1.0,+87.8,,
MOD.AU.connection.L_E.R10.X100.lu_mean,stats/module_contrasts.csv,country=='au' & module=='connection' & metric=='L_E' & radius_km==10.0 & dc_mw==100.0,lu_mean,6.3077964356286165,MVA_equivalent_PF1,12 regions,{:.3f},1.0,6.308,,
MOD.AU.connection.L_E.R10.X100.gnn_mean,stats/module_contrasts.csv,country=='au' & module=='connection' & metric=='L_E' & radius_km==10.0 & dc_mw==100.0,gnn_mean,10.07110459625406,MVA_equivalent_PF1,12 regions,{:.3f},1.0,10.071,,
MOD.AU.connection.L_E.R10.X100.median_rel_pct,stats/module_contrasts.csv,country=='au' & module=='connection' & metric=='L_E' & radius_km==10.0 & dc_mw==100.0,median_rel_pct,37.36990830534111,%,8 regions with nonzero LU,{:+.2f},1.0,+37.37,,
MOD.AU.connection.L_E.R10.X100.wins,stats/module_contrasts.csv,country=='au' & module=='connection' & metric=='L_E' & radius_km==10.0 & dc_mw==100.0,wins,1,regions,12 regions,{:d},1.0,1,,
MOD.AU.connection.L_E.R10.X100.n,stats/module_contrasts.csv,country=='au' & module=='connection' & metric=='L_E' & radius_km==10.0 & dc_mw==100.0,n,12,regions,,{:d},1.0,12,,
MOD.AU.connection.L_E.R10.X100.p_raw,stats/module_contrasts.csv,country=='au' & module=='connection' & metric=='L_E' & radius_km==10.0 & dc_mw==100.0,p_raw,0.0703125,p,12 regions,{:.3g},1.0,0.0703,,
MOD.AU.connection.L_E.R10.X100.rel_effect_pct,stats/module_contrasts.csv,country=='au' & module=='connection' & metric=='L_E' & radius_km==10.0 & dc_mw==100.0,rel_effect_pct,59.661217653901765,%,12 regions,{:+.2f},1.0,+59.66,,
MOD.AU.connection.L_E.R10.X100.rel_ci_lo,stats/module_contrasts.csv,country=='au' & module=='connection' & metric=='L_E' & radius_km==10.0 & dc_mw==100.0,rel_ci_lo,9.896148996251261,%,"B=10,000 region bootstrap",{:+.1f},1.0,+9.9,,
MOD.AU.connection.L_E.R10.X100.rel_ci_hi,stats/module_contrasts.csv,country=='au' & module=='connection' & metric=='L_E' & radius_km==10.0 & dc_mw==100.0,rel_ci_hi,142.39820417257715,%,"B=10,000 region bootstrap",{:+.1f},1.0,+142.4,,
MOD.AU.connection.L_S.R10.X100.lu_mean,stats/module_contrasts.csv,country=='au' & module=='connection' & metric=='L_S' & radius_km==10.0 & dc_mw==100.0,lu_mean,3.462460937499996,MVA_equivalent_PF1,12 regions,{:.3f},1.0,3.462,,
MOD.AU.connection.L_S.R10.X100.gnn_mean,stats/module_contrasts.csv,country=='au' & module=='connection' & metric=='L_S' & radius_km==10.0 & dc_mw==100.0,gnn_mean,4.457139756944439,MVA_equivalent_PF1,12 regions,{:.3f},1.0,4.457,,
MOD.AU.connection.L_S.R10.X100.median_rel_pct,stats/module_contrasts.csv,country=='au' & module=='connection' & metric=='L_S' & radius_km==10.0 & dc_mw==100.0,median_rel_pct,25.208258240895887,%,4 regions with nonzero LU,{:+.2f},1.0,+25.21,,
MOD.AU.connection.L_S.R10.X100.wins,stats/module_contrasts.csv,country=='au' & module=='connection' & metric=='L_S' & radius_km==10.0 & dc_mw==100.0,wins,0,regions,12 regions,{:d},1.0,0,,
MOD.AU.connection.L_S.R10.X100.n,stats/module_contrasts.csv,country=='au' & module=='connection' & metric=='L_S' & radius_km==10.0 & dc_mw==100.0,n,12,regions,,{:d},1.0,12,,
MOD.AU.connection.L_S.R10.X100.p_raw,stats/module_contrasts.csv,country=='au' & module=='connection' & metric=='L_S' & radius_km==10.0 & dc_mw==100.0,p_raw,0.125,p,12 regions,{:.3g},1.0,0.125,,
MOD.AU.connection.L_S.R10.X100.rel_effect_pct,stats/module_contrasts.csv,country=='au' & module=='connection' & metric=='L_S' & radius_km==10.0 & dc_mw==100.0,rel_effect_pct,28.727510213086536,%,12 regions,{:+.2f},1.0,+28.73,,
MOD.AU.connection.L_S.R10.X100.rel_ci_lo,stats/module_contrasts.csv,country=='au' & module=='connection' & metric=='L_S' & radius_km==10.0 & dc_mw==100.0,rel_ci_lo,,%,"B=10,000 region bootstrap",{:+.1f},1.0,undefined,,
MOD.AU.connection.L_S.R10.X100.rel_ci_hi,stats/module_contrasts.csv,country=='au' & module=='connection' & metric=='L_S' & radius_km==10.0 & dc_mw==100.0,rel_ci_hi,,%,"B=10,000 region bootstrap",{:+.1f},1.0,undefined,,
T3.AU.connection.L_E.R10.X300.lu_mean,stats/module_contrasts.csv,country=='au' & module=='connection' & metric=='L_E' & radius_km==10.0 & dc_mw==300.0,lu_mean,9.924955189139425,MVA_equivalent_PF1,12 regions,{:.3f},1.0,9.925,,
T3.AU.connection.L_E.R10.X300.gnn_mean,stats/module_contrasts.csv,country=='au' & module=='connection' & metric=='L_E' & radius_km==10.0 & dc_mw==300.0,gnn_mean,14.976133394260712,MVA_equivalent_PF1,12 regions,{:.3f},1.0,14.976,,
T3.AU.connection.L_E.R10.X300.median_rel_pct,stats/module_contrasts.csv,country=='au' & module=='connection' & metric=='L_E' & radius_km==10.0 & dc_mw==300.0,median_rel_pct,17.926037848320426,%,10 regions with nonzero LU,{:+.2f},1.0,+17.93,,
T3.AU.connection.L_E.R10.X300.wins,stats/module_contrasts.csv,country=='au' & module=='connection' & metric=='L_E' & radius_km==10.0 & dc_mw==300.0,wins,3,regions,12 regions,{:d},1.0,3,,
T3.AU.connection.L_E.R10.X300.n,stats/module_contrasts.csv,country=='au' & module=='connection' & metric=='L_E' & radius_km==10.0 & dc_mw==300.0,n,12,regions,,{:d},1.0,12,,
T3.AU.connection.L_E.R10.X300.p_raw,stats/module_contrasts.csv,country=='au' & module=='connection' & metric=='L_E' & radius_km==10.0 & dc_mw==300.0,p_raw,0.07421875,p,12 regions,{:.3g},1.0,0.0742,,
T3.AU.connection.L_E.R10.X300.rel_effect_pct,stats/module_contrasts.csv,country=='au' & module=='connection' & metric=='L_E' & radius_km==10.0 & dc_mw==300.0,rel_effect_pct,50.89371295750171,%,12 regions,{:+.2f},1.0,+50.89,,
T3.AU.connection.L_E.R10.X300.rel_ci_lo,stats/module_contrasts.csv,country=='au' & module=='connection' & metric=='L_E' & radius_km==10.0 & dc_mw==300.0,rel_ci_lo,11.843684578157951,%,"B=10,000 region bootstrap",{:+.1f},1.0,+11.8,,
T3.AU.connection.L_E.R10.X300.rel_ci_hi,stats/module_contrasts.csv,country=='au' & module=='connection' & metric=='L_E' & radius_km==10.0 & dc_mw==300.0,rel_ci_hi,119.78010049421638,%,"B=10,000 region bootstrap",{:+.1f},1.0,+119.8,,
T3.AU.connection.L_E.R10.X300.holm_p_4,stats/module_contrasts.csv,country=='au' & module=='connection' & metric=='L_E' & radius_km==10.0 & dc_mw==300.0,holm_p_4,0.07421875,p,"four-module family, AU",{:.3g},1.0,0.0742,,
MOD.AU.connection.L_S.R10.X300.lu_mean,stats/module_contrasts.csv,country=='au' & module=='connection' & metric=='L_S' & radius_km==10.0 & dc_mw==300.0,lu_mean,5.626529947916666,MVA_equivalent_PF1,12 regions,{:.3f},1.0,5.627,,
MOD.AU.connection.L_S.R10.X300.gnn_mean,stats/module_contrasts.csv,country=='au' & module=='connection' & metric=='L_S' & radius_km==10.0 & dc_mw==300.0,gnn_mean,10.165418836805548,MVA_equivalent_PF1,12 regions,{:.3f},1.0,10.165,,
MOD.AU.connection.L_S.R10.X300.median_rel_pct,stats/module_contrasts.csv,country=='au' & module=='connection' & metric=='L_S' & radius_km==10.0 & dc_mw==300.0,median_rel_pct,0.0,%,6 regions with nonzero LU,{:+.2f},1.0,+0.00,,
MOD.AU.connection.L_S.R10.X300.wins,stats/module_contrasts.csv,country=='au' & module=='connection' & metric=='L_S' & radius_km==10.0 & dc_mw==300.0,wins,2,regions,12 regions,{:d},1.0,2,,
MOD.AU.connection.L_S.R10.X300.n,stats/module_contrasts.csv,country=='au' & module=='connection' & metric=='L_S' & radius_km==10.0 & dc_mw==300.0,n,12,regions,,{:d},1.0,12,,
MOD.AU.connection.L_S.R10.X300.p_raw,stats/module_contrasts.csv,country=='au' & module=='connection' & metric=='L_S' & radius_km==10.0 & dc_mw==300.0,p_raw,0.4375,p,12 regions,{:.3g},1.0,0.438,,
MOD.AU.connection.L_S.R10.X300.rel_effect_pct,stats/module_contrasts.csv,country=='au' & module=='connection' & metric=='L_S' & radius_km==10.0 & dc_mw==300.0,rel_effect_pct,80.66941669029056,%,12 regions,{:+.2f},1.0,+80.67,,
MOD.AU.connection.L_S.R10.X300.rel_ci_lo,stats/module_contrasts.csv,country=='au' & module=='connection' & metric=='L_S' & radius_km==10.0 & dc_mw==300.0,rel_ci_lo,,%,"B=10,000 region bootstrap",{:+.1f},1.0,undefined,,
MOD.AU.connection.L_S.R10.X300.rel_ci_hi,stats/module_contrasts.csv,country=='au' & module=='connection' & metric=='L_S' & radius_km==10.0 & dc_mw==300.0,rel_ci_hi,,%,"B=10,000 region bootstrap",{:+.1f},1.0,undefined,,
MOD.AU.connection.L_E.R10.X500.lu_mean,stats/module_contrasts.csv,country=='au' & module=='connection' & metric=='L_E' & radius_km==10.0 & dc_mw==500.0,lu_mean,13.06451025780129,MVA_equivalent_PF1,12 regions,{:.3f},1.0,13.065,,
MOD.AU.connection.L_E.R10.X500.gnn_mean,stats/module_contrasts.csv,country=='au' & module=='connection' & metric=='L_E' & radius_km==10.0 & dc_mw==500.0,gnn_mean,19.638895826638628,MVA_equivalent_PF1,12 regions,{:.3f},1.0,19.639,,
MOD.AU.connection.L_E.R10.X500.median_rel_pct,stats/module_contrasts.csv,country=='au' & module=='connection' & metric=='L_E' & radius_km==10.0 & dc_mw==500.0,median_rel_pct,20.507140060345638,%,11 regions with nonzero LU,{:+.2f},1.0,+20.51,,
MOD.AU.connection.L_E.R10.X500.wins,stats/module_contrasts.csv,country=='au' & module=='connection' & metric=='L_E' & radius_km==10.0 & dc_mw==500.0,wins,2,regions,12 regions,{:d},1.0,2,,
MOD.AU.connection.L_E.R10.X500.n,stats/module_contrasts.csv,country=='au' & module=='connection' & metric=='L_E' & radius_km==10.0 & dc_mw==500.0,n,12,regions,,{:d},1.0,12,,
MOD.AU.connection.L_E.R10.X500.p_raw,stats/module_contrasts.csv,country=='au' & module=='connection' & metric=='L_E' & radius_km==10.0 & dc_mw==500.0,p_raw,0.013671875,p,12 regions,{:.3g},1.0,0.0137,,
MOD.AU.connection.L_E.R10.X500.rel_effect_pct,stats/module_contrasts.csv,country=='au' & module=='connection' & metric=='L_E' & radius_km==10.0 & dc_mw==500.0,rel_effect_pct,50.32248005554998,%,12 regions,{:+.2f},1.0,+50.32,,
MOD.AU.connection.L_E.R10.X500.rel_ci_lo,stats/module_contrasts.csv,country=='au' & module=='connection' & metric=='L_E' & radius_km==10.0 & dc_mw==500.0,rel_ci_lo,15.300902595095248,%,"B=10,000 region bootstrap",{:+.1f},1.0,+15.3,,
MOD.AU.connection.L_E.R10.X500.rel_ci_hi,stats/module_contrasts.csv,country=='au' & module=='connection' & metric=='L_E' & radius_km==10.0 & dc_mw==500.0,rel_ci_hi,100.89581766968568,%,"B=10,000 region bootstrap",{:+.1f},1.0,+100.9,,
MOD.AU.connection.L_S.R10.X500.lu_mean,stats/module_contrasts.csv,country=='au' & module=='connection' & metric=='L_S' & radius_km==10.0 & dc_mw==500.0,lu_mean,4.990670572916684,MVA_equivalent_PF1,12 regions,{:.3f},1.0,4.991,,
MOD.AU.connection.L_S.R10.X500.gnn_mean,stats/module_contrasts.csv,country=='au' & module=='connection' & metric=='L_S' & radius_km==10.0 & dc_mw==500.0,gnn_mean,5.860757378472219,MVA_equivalent_PF1,12 regions,{:.3f},1.0,5.861,,
MOD.AU.connection.L_S.R10.X500.median_rel_pct,stats/module_contrasts.csv,country=='au' & module=='connection' & metric=='L_S' & radius_km==10.0 & dc_mw==500.0,median_rel_pct,-6.1968816605201935,%,6 regions with nonzero LU,{:+.2f},1.0,-6.20,,
MOD.AU.connection.L_S.R10.X500.wins,stats/module_contrasts.csv,country=='au' & module=='connection' & metric=='L_S' & radius_km==10.0 & dc_mw==500.0,wins,3,regions,12 regions,{:d},1.0,3,,
MOD.AU.connection.L_S.R10.X500.n,stats/module_contrasts.csv,country=='au' & module=='connection' & metric=='L_S' & radius_km==10.0 & dc_mw==500.0,n,12,regions,,{:d},1.0,12,,
MOD.AU.connection.L_S.R10.X500.p_raw,stats/module_contrasts.csv,country=='au' & module=='connection' & metric=='L_S' & radius_km==10.0 & dc_mw==500.0,p_raw,0.5625,p,12 regions,{:.3g},1.0,0.562,,
MOD.AU.connection.L_S.R10.X500.rel_effect_pct,stats/module_contrasts.csv,country=='au' & module=='connection' & metric=='L_S' & radius_km==10.0 & dc_mw==500.0,rel_effect_pct,17.43426645463867,%,12 regions,{:+.2f},1.0,+17.43,,
MOD.AU.connection.L_S.R10.X500.rel_ci_lo,stats/module_contrasts.csv,country=='au' & module=='connection' & metric=='L_S' & radius_km==10.0 & dc_mw==500.0,rel_ci_lo,,%,"B=10,000 region bootstrap",{:+.1f},1.0,undefined,,
MOD.AU.connection.L_S.R10.X500.rel_ci_hi,stats/module_contrasts.csv,country=='au' & module=='connection' & metric=='L_S' & radius_km==10.0 & dc_mw==500.0,rel_ci_hi,,%,"B=10,000 region bootstrap",{:+.1f},1.0,undefined,,
MOD.AU.connection.L_E.R20.X100.lu_mean,stats/module_contrasts.csv,country=='au' & module=='connection' & metric=='L_E' & radius_km==20.0 & dc_mw==100.0,lu_mean,4.437161097297223,MVA_equivalent_PF1,12 regions,{:.3f},1.0,4.437,,
MOD.AU.connection.L_E.R20.X100.gnn_mean,stats/module_contrasts.csv,country=='au' & module=='connection' & metric=='L_E' & radius_km==20.0 & dc_mw==100.0,gnn_mean,5.5676107855719295,MVA_equivalent_PF1,12 regions,{:.3f},1.0,5.568,,
MOD.AU.connection.L_E.R20.X100.median_rel_pct,stats/module_contrasts.csv,country=='au' & module=='connection' & metric=='L_E' & radius_km==20.0 & dc_mw==100.0,median_rel_pct,28.222172064067905,%,5 regions with nonzero LU,{:+.2f},1.0,+28.22,,
MOD.AU.connection.L_E.R20.X100.wins,stats/module_contrasts.csv,country=='au' & module=='connection' & metric=='L_E' & radius_km==20.0 & dc_mw==100.0,wins,1,regions,12 regions,{:d},1.0,1,,
MOD.AU.connection.L_E.R20.X100.n,stats/module_contrasts.csv,country=='au' & module=='connection' & metric=='L_E' & radius_km==20.0 & dc_mw==100.0,n,12,regions,,{:d},1.0,12,,
MOD.AU.connection.L_E.R20.X100.p_raw,stats/module_contrasts.csv,country=='au' & module=='connection' & metric=='L_E' & radius_km==20.0 & dc_mw==100.0,p_raw,0.125,p,12 regions,{:.3g},1.0,0.125,,
MOD.AU.connection.L_E.R20.X100.rel_effect_pct,stats/module_contrasts.csv,country=='au' & module=='connection' & metric=='L_E' & radius_km==20.0 & dc_mw==100.0,rel_effect_pct,25.476868283265365,%,12 regions,{:+.2f},1.0,+25.48,,
MOD.AU.connection.L_E.R20.X100.rel_ci_lo,stats/module_contrasts.csv,country=='au' & module=='connection' & metric=='L_E' & radius_km==20.0 & dc_mw==100.0,rel_ci_lo,,%,"B=10,000 region bootstrap",{:+.1f},1.0,undefined,,
MOD.AU.connection.L_E.R20.X100.rel_ci_hi,stats/module_contrasts.csv,country=='au' & module=='connection' & metric=='L_E' & radius_km==20.0 & dc_mw==100.0,rel_ci_hi,,%,"B=10,000 region bootstrap",{:+.1f},1.0,undefined,,
MOD.AU.connection.L_S.R20.X100.lu_mean,stats/module_contrasts.csv,country=='au' & module=='connection' & metric=='L_S' & radius_km==20.0 & dc_mw==100.0,lu_mean,0.0321549479166667,MVA_equivalent_PF1,12 regions,{:.3f},1.0,0.032,,
MOD.AU.connection.L_S.R20.X100.gnn_mean,stats/module_contrasts.csv,country=='au' & module=='connection' & metric=='L_S' & radius_km==20.0 & dc_mw==100.0,gnn_mean,0.0186935763888888,MVA_equivalent_PF1,12 regions,{:.3f},1.0,0.019,,
MOD.AU.connection.L_S.R20.X100.median_rel_pct,stats/module_contrasts.csv,country=='au' & module=='connection' & metric=='L_S' & radius_km==20.0 & dc_mw==100.0,median_rel_pct,-41.86407504893064,%,1 regions with nonzero LU,{:+.2f},1.0,-41.86,,
MOD.AU.connection.L_S.R20.X100.wins,stats/module_contrasts.csv,country=='au' & module=='connection' & metric=='L_S' & radius_km==20.0 & dc_mw==100.0,wins,1,regions,12 regions,{:d},1.0,1,,
MOD.AU.connection.L_S.R20.X100.n,stats/module_contrasts.csv,country=='au' & module=='connection' & metric=='L_S' & radius_km==20.0 & dc_mw==100.0,n,12,regions,,{:d},1.0,12,,
MOD.AU.connection.L_S.R20.X100.p_raw,stats/module_contrasts.csv,country=='au' & module=='connection' & metric=='L_S' & radius_km==20.0 & dc_mw==100.0,p_raw,1.0,p,12 regions,{:.3g},1.0,1,,
MOD.AU.connection.L_S.R20.X100.rel_effect_pct,stats/module_contrasts.csv,country=='au' & module=='connection' & metric=='L_S' & radius_km==20.0 & dc_mw==100.0,rel_effect_pct,-41.86407504893064,%,12 regions,{:+.2f},1.0,-41.86,,
MOD.AU.connection.L_S.R20.X100.rel_ci_lo,stats/module_contrasts.csv,country=='au' & module=='connection' & metric=='L_S' & radius_km==20.0 & dc_mw==100.0,rel_ci_lo,,%,"B=10,000 region bootstrap",{:+.1f},1.0,undefined,,
MOD.AU.connection.L_S.R20.X100.rel_ci_hi,stats/module_contrasts.csv,country=='au' & module=='connection' & metric=='L_S' & radius_km==20.0 & dc_mw==100.0,rel_ci_hi,,%,"B=10,000 region bootstrap",{:+.1f},1.0,undefined,,
MOD.AU.connection.L_E.R20.X300.lu_mean,stats/module_contrasts.csv,country=='au' & module=='connection' & metric=='L_E' & radius_km==20.0 & dc_mw==300.0,lu_mean,8.227115066836088,MVA_equivalent_PF1,12 regions,{:.3f},1.0,8.227,,
MOD.AU.connection.L_E.R20.X300.gnn_mean,stats/module_contrasts.csv,country=='au' & module=='connection' & metric=='L_E' & radius_km==20.0 & dc_mw==300.0,gnn_mean,9.456957718021304,MVA_equivalent_PF1,12 regions,{:.3f},1.0,9.457,,
MOD.AU.connection.L_E.R20.X300.median_rel_pct,stats/module_contrasts.csv,country=='au' & module=='connection' & metric=='L_E' & radius_km==20.0 & dc_mw==300.0,median_rel_pct,21.41375096865996,%,5 regions with nonzero LU,{:+.2f},1.0,+21.41,,
MOD.AU.connection.L_E.R20.X300.wins,stats/module_contrasts.csv,country=='au' & module=='connection' & metric=='L_E' & radius_km==20.0 & dc_mw==300.0,wins,0,regions,12 regions,{:d},1.0,0,,
MOD.AU.connection.L_E.R20.X300.n,stats/module_contrasts.csv,country=='au' & module=='connection' & metric=='L_E' & radius_km==20.0 & dc_mw==300.0,n,12,regions,,{:d},1.0,12,,
MOD.AU.connection.L_E.R20.X300.p_raw,stats/module_contrasts.csv,country=='au' & module=='connection' & metric=='L_E' & radius_km==20.0 & dc_mw==300.0,p_raw,0.0625,p,12 regions,{:.3g},1.0,0.0625,,
MOD.AU.connection.L_E.R20.X300.rel_effect_pct,stats/module_contrasts.csv,country=='au' & module=='connection' & metric=='L_E' & radius_km==20.0 & dc_mw==300.0,rel_effect_pct,14.948650179244162,%,12 regions,{:+.2f},1.0,+14.95,,
MOD.AU.connection.L_E.R20.X300.rel_ci_lo,stats/module_contrasts.csv,country=='au' & module=='connection' & metric=='L_E' & radius_km==20.0 & dc_mw==300.0,rel_ci_lo,,%,"B=10,000 region bootstrap",{:+.1f},1.0,undefined,,
MOD.AU.connection.L_E.R20.X300.rel_ci_hi,stats/module_contrasts.csv,country=='au' & module=='connection' & metric=='L_E' & radius_km==20.0 & dc_mw==300.0,rel_ci_hi,,%,"B=10,000 region bootstrap",{:+.1f},1.0,undefined,,
MOD.AU.connection.L_S.R20.X300.lu_mean,stats/module_contrasts.csv,country=='au' & module=='connection' & metric=='L_S' & radius_km==20.0 & dc_mw==300.0,lu_mean,11.227662760416663,MVA_equivalent_PF1,12 regions,{:.3f},1.0,11.228,,
MOD.AU.connection.L_S.R20.X300.gnn_mean,stats/module_contrasts.csv,country=='au' & module=='connection' & metric=='L_S' & radius_km==20.0 & dc_mw==300.0,gnn_mean,10.33993272569444,MVA_equivalent_PF1,12 regions,{:.3f},1.0,10.340,,
MOD.AU.connection.L_S.R20.X300.median_rel_pct,stats/module_contrasts.csv,country=='au' & module=='connection' & metric=='L_S' & radius_km==20.0 & dc_mw==300.0,median_rel_pct,-40.66262957533308,%,3 regions with nonzero LU,{:+.2f},1.0,-40.66,,
MOD.AU.connection.L_S.R20.X300.wins,stats/module_contrasts.csv,country=='au' & module=='connection' & metric=='L_S' & radius_km==20.0 & dc_mw==300.0,wins,2,regions,12 regions,{:d},1.0,2,,
MOD.AU.connection.L_S.R20.X300.n,stats/module_contrasts.csv,country=='au' & module=='connection' & metric=='L_S' & radius_km==20.0 & dc_mw==300.0,n,12,regions,,{:d},1.0,12,,
MOD.AU.connection.L_S.R20.X300.p_raw,stats/module_contrasts.csv,country=='au' & module=='connection' & metric=='L_S' & radius_km==20.0 & dc_mw==300.0,p_raw,0.5,p,12 regions,{:.3g},1.0,0.5,,
MOD.AU.connection.L_S.R20.X300.rel_effect_pct,stats/module_contrasts.csv,country=='au' & module=='connection' & metric=='L_S' & radius_km==20.0 & dc_mw==300.0,rel_effect_pct,-7.906632517071414,%,12 regions,{:+.2f},1.0,-7.91,,
MOD.AU.connection.L_S.R20.X300.rel_ci_lo,stats/module_contrasts.csv,country=='au' & module=='connection' & metric=='L_S' & radius_km==20.0 & dc_mw==300.0,rel_ci_lo,,%,"B=10,000 region bootstrap",{:+.1f},1.0,undefined,,
MOD.AU.connection.L_S.R20.X300.rel_ci_hi,stats/module_contrasts.csv,country=='au' & module=='connection' & metric=='L_S' & radius_km==20.0 & dc_mw==300.0,rel_ci_hi,,%,"B=10,000 region bootstrap",{:+.1f},1.0,undefined,,
MOD.AU.connection.L_E.R20.X500.lu_mean,stats/module_contrasts.csv,country=='au' & module=='connection' & metric=='L_E' & radius_km==20.0 & dc_mw==500.0,lu_mean,10.534530747028136,MVA_equivalent_PF1,12 regions,{:.3f},1.0,10.535,,
MOD.AU.connection.L_E.R20.X500.gnn_mean,stats/module_contrasts.csv,country=='au' & module=='connection' & metric=='L_E' & radius_km==20.0 & dc_mw==500.0,gnn_mean,11.589653742119642,MVA_equivalent_PF1,12 regions,{:.3f},1.0,11.590,,
MOD.AU.connection.L_E.R20.X500.median_rel_pct,stats/module_contrasts.csv,country=='au' & module=='connection' & metric=='L_E' & radius_km==20.0 & dc_mw==500.0,median_rel_pct,6.346727520237473,%,7 regions with nonzero LU,{:+.2f},1.0,+6.35,,
MOD.AU.connection.L_E.R20.X500.wins,stats/module_contrasts.csv,country=='au' & module=='connection' & metric=='L_E' & radius_km==20.0 & dc_mw==500.0,wins,2,regions,12 regions,{:d},1.0,2,,
MOD.AU.connection.L_E.R20.X500.n,stats/module_contrasts.csv,country=='au' & module=='connection' & metric=='L_E' & radius_km==20.0 & dc_mw==500.0,n,12,regions,,{:d},1.0,12,,
MOD.AU.connection.L_E.R20.X500.p_raw,stats/module_contrasts.csv,country=='au' & module=='connection' & metric=='L_E' & radius_km==20.0 & dc_mw==500.0,p_raw,0.0625,p,12 regions,{:.3g},1.0,0.0625,,
MOD.AU.connection.L_E.R20.X500.rel_effect_pct,stats/module_contrasts.csv,country=='au' & module=='connection' & metric=='L_E' & radius_km==20.0 & dc_mw==500.0,rel_effect_pct,10.015851872558816,%,12 regions,{:+.2f},1.0,+10.02,,
MOD.AU.connection.L_E.R20.X500.rel_ci_lo,stats/module_contrasts.csv,country=='au' & module=='connection' & metric=='L_E' & radius_km==20.0 & dc_mw==500.0,rel_ci_lo,6.213544349733987,%,"B=10,000 region bootstrap",{:+.1f},1.0,+6.2,,
MOD.AU.connection.L_E.R20.X500.rel_ci_hi,stats/module_contrasts.csv,country=='au' & module=='connection' & metric=='L_E' & radius_km==20.0 & dc_mw==500.0,rel_ci_hi,29.04710359902766,%,"B=10,000 region bootstrap",{:+.1f},1.0,+29.0,,
MOD.AU.connection.L_S.R20.X500.lu_mean,stats/module_contrasts.csv,country=='au' & module=='connection' & metric=='L_S' & radius_km==20.0 & dc_mw==500.0,lu_mean,3.340338541666681,MVA_equivalent_PF1,12 regions,{:.3f},1.0,3.340,,
MOD.AU.connection.L_S.R20.X500.gnn_mean,stats/module_contrasts.csv,country=='au' & module=='connection' & metric=='L_S' & radius_km==20.0 & dc_mw==500.0,gnn_mean,4.327447916666677,MVA_equivalent_PF1,12 regions,{:.3f},1.0,4.327,,
MOD.AU.connection.L_S.R20.X500.median_rel_pct,stats/module_contrasts.csv,country=='au' & module=='connection' & metric=='L_S' & radius_km==20.0 & dc_mw==500.0,median_rel_pct,18.40087082745711,%,4 regions with nonzero LU,{:+.2f},1.0,+18.40,,
MOD.AU.connection.L_S.R20.X500.wins,stats/module_contrasts.csv,country=='au' & module=='connection' & metric=='L_S' & radius_km==20.0 & dc_mw==500.0,wins,2,regions,12 regions,{:d},1.0,2,,
MOD.AU.connection.L_S.R20.X500.n,stats/module_contrasts.csv,country=='au' & module=='connection' & metric=='L_S' & radius_km==20.0 & dc_mw==500.0,n,12,regions,,{:d},1.0,12,,
MOD.AU.connection.L_S.R20.X500.p_raw,stats/module_contrasts.csv,country=='au' & module=='connection' & metric=='L_S' & radius_km==20.0 & dc_mw==500.0,p_raw,0.75,p,12 regions,{:.3g},1.0,0.75,,
MOD.AU.connection.L_S.R20.X500.rel_effect_pct,stats/module_contrasts.csv,country=='au' & module=='connection' & metric=='L_S' & radius_km==20.0 & dc_mw==500.0,rel_effect_pct,29.551177603317807,%,12 regions,{:+.2f},1.0,+29.55,,
MOD.AU.connection.L_S.R20.X500.rel_ci_lo,stats/module_contrasts.csv,country=='au' & module=='connection' & metric=='L_S' & radius_km==20.0 & dc_mw==500.0,rel_ci_lo,,%,"B=10,000 region bootstrap",{:+.1f},1.0,undefined,,
MOD.AU.connection.L_S.R20.X500.rel_ci_hi,stats/module_contrasts.csv,country=='au' & module=='connection' & metric=='L_S' & radius_km==20.0 & dc_mw==500.0,rel_ci_hi,,%,"B=10,000 region bootstrap",{:+.1f},1.0,undefined,,
MOD.AU.connection_refscreen.L_E.R10.X300.lu_mean,stats/module_contrasts.csv,country=='au' & module=='connection_refscreen' & metric=='L_E' & radius_km==10.0 & dc_mw==300.0,lu_mean,6.962018849157488,MVA_equivalent_PF1,10 regions,{:.3f},1.0,6.962,,
MOD.AU.connection_refscreen.L_E.R10.X300.gnn_mean,stats/module_contrasts.csv,country=='au' & module=='connection_refscreen' & metric=='L_E' & radius_km==10.0 & dc_mw==300.0,gnn_mean,11.91673065841042,MVA_equivalent_PF1,10 regions,{:.3f},1.0,11.917,,
MOD.AU.connection_refscreen.L_E.R10.X300.median_rel_pct,stats/module_contrasts.csv,country=='au' & module=='connection_refscreen' & metric=='L_E' & radius_km==10.0 & dc_mw==300.0,median_rel_pct,25.29636260391021,%,8 regions with nonzero LU,{:+.2f},1.0,+25.30,,
MOD.AU.connection_refscreen.L_E.R10.X300.wins,stats/module_contrasts.csv,country=='au' & module=='connection_refscreen' & metric=='L_E' & radius_km==10.0 & dc_mw==300.0,wins,3,regions,10 regions,{:d},1.0,3,,
MOD.AU.connection_refscreen.L_E.R10.X300.n,stats/module_contrasts.csv,country=='au' & module=='connection_refscreen' & metric=='L_E' & radius_km==10.0 & dc_mw==300.0,n,10,regions,,{:d},1.0,10,,
MOD.AU.connection_refscreen.L_E.R10.X300.p_raw,stats/module_contrasts.csv,country=='au' & module=='connection_refscreen' & metric=='L_E' & radius_km==10.0 & dc_mw==300.0,p_raw,0.15625,p,10 regions,{:.3g},1.0,0.156,,
MOD.AU.connection_refscreen.L_E.R10.X300.rel_effect_pct,stats/module_contrasts.csv,country=='au' & module=='connection_refscreen' & metric=='L_E' & radius_km==10.0 & dc_mw==300.0,rel_effect_pct,71.16774482523161,%,10 regions,{:+.2f},1.0,+71.17,,
MOD.AU.connection_refscreen.L_E.R10.X300.rel_ci_lo,stats/module_contrasts.csv,country=='au' & module=='connection_refscreen' & metric=='L_E' & radius_km==10.0 & dc_mw==300.0,rel_ci_lo,2.5572620642866157,%,"B=10,000 region bootstrap",{:+.1f},1.0,+2.6,,
MOD.AU.connection_refscreen.L_E.R10.X300.rel_ci_hi,stats/module_contrasts.csv,country=='au' & module=='connection_refscreen' & metric=='L_E' & radius_km==10.0 & dc_mw==300.0,rel_ci_hi,150.53949445394954,%,"B=10,000 region bootstrap",{:+.1f},1.0,+150.5,,
MOD.AU.connection_refscreen.L_S.R10.X300.lu_mean,stats/module_contrasts.csv,country=='au' & module=='connection_refscreen' & metric=='L_S' & radius_km==10.0 & dc_mw==300.0,lu_mean,1.8033750000000015,MVA_equivalent_PF1,10 regions,{:.3f},1.0,1.803,,
MOD.AU.connection_refscreen.L_S.R10.X300.gnn_mean,stats/module_contrasts.csv,country=='au' & module=='connection_refscreen' & metric=='L_S' & radius_km==10.0 & dc_mw==300.0,gnn_mean,2.5830442708333288,MVA_equivalent_PF1,10 regions,{:.3f},1.0,2.583,,
MOD.AU.connection_refscreen.L_S.R10.X300.median_rel_pct,stats/module_contrasts.csv,country=='au' & module=='connection_refscreen' & metric=='L_S' & radius_km==10.0 & dc_mw==300.0,median_rel_pct,0.0,%,4 regions with nonzero LU,{:+.2f},1.0,+0.00,,
MOD.AU.connection_refscreen.L_S.R10.X300.wins,stats/module_contrasts.csv,country=='au' & module=='connection_refscreen' & metric=='L_S' & radius_km==10.0 & dc_mw==300.0,wins,1,regions,10 regions,{:d},1.0,1,,
MOD.AU.connection_refscreen.L_S.R10.X300.n,stats/module_contrasts.csv,country=='au' & module=='connection_refscreen' & metric=='L_S' & radius_km==10.0 & dc_mw==300.0,n,10,regions,,{:d},1.0,10,,
MOD.AU.connection_refscreen.L_S.R10.X300.p_raw,stats/module_contrasts.csv,country=='au' & module=='connection_refscreen' & metric=='L_S' & radius_km==10.0 & dc_mw==300.0,p_raw,0.75,p,10 regions,{:.3g},1.0,0.75,,
MOD.AU.connection_refscreen.L_S.R10.X300.rel_effect_pct,stats/module_contrasts.csv,country=='au' & module=='connection_refscreen' & metric=='L_S' & radius_km==10.0 & dc_mw==300.0,rel_effect_pct,43.233895935860616,%,10 regions,{:+.2f},1.0,+43.23,,
MOD.AU.connection_refscreen.L_S.R10.X300.rel_ci_lo,stats/module_contrasts.csv,country=='au' & module=='connection_refscreen' & metric=='L_S' & radius_km==10.0 & dc_mw==300.0,rel_ci_lo,,%,"B=10,000 region bootstrap",{:+.1f},1.0,undefined,,
MOD.AU.connection_refscreen.L_S.R10.X300.rel_ci_hi,stats/module_contrasts.csv,country=='au' & module=='connection_refscreen' & metric=='L_S' & radius_km==10.0 & dc_mw==300.0,rel_ci_hi,,%,"B=10,000 region bootstrap",{:+.1f},1.0,undefined,,
SEED.GB.reconstruction.rmse.s42.median_rel_pct,stats/per_seed_contrasts.csv,country=='uk' & module=='reconstruction' & metric=='rmse' & seed==42 & in_family_module,median_rel_pct,-11.02180822635523,%,16 regions,{:+.2f},1.0,-11.02,,
SEED.GB.reconstruction.rmse.s42.wins,stats/per_seed_contrasts.csv,country=='uk' & module=='reconstruction' & metric=='rmse' & seed==42 & in_family_module,wins,12,regions,16 regions,{:d},1.0,12,,
SEED.GB.reconstruction.rmse.s42.p_raw,stats/per_seed_contrasts.csv,country=='uk' & module=='reconstruction' & metric=='rmse' & seed==42 & in_family_module,p_raw,0.03204345703125,p,16 regions,{:.3g},1.0,0.032,,
SEED.GB.reconstruction.rmse.s123.median_rel_pct,stats/per_seed_contrasts.csv,country=='uk' & module=='reconstruction' & metric=='rmse' & seed==123 & in_family_module,median_rel_pct,-11.586603531293054,%,16 regions,{:+.2f},1.0,-11.59,,
SEED.GB.reconstruction.rmse.s123.wins,stats/per_seed_contrasts.csv,country=='uk' & module=='reconstruction' & metric=='rmse' & seed==123 & in_family_module,wins,14,regions,16 regions,{:d},1.0,14,,
SEED.GB.reconstruction.rmse.s123.p_raw,stats/per_seed_contrasts.csv,country=='uk' & module=='reconstruction' & metric=='rmse' & seed==123 & in_family_module,p_raw,0.000518798828125,p,16 regions,{:.3g},1.0,0.000519,,
SEED.GB.reconstruction.rmse.s456.median_rel_pct,stats/per_seed_contrasts.csv,country=='uk' & module=='reconstruction' & metric=='rmse' & seed==456 & in_family_module,median_rel_pct,-7.793881101429847,%,16 regions,{:+.2f},1.0,-7.79,,
SEED.GB.reconstruction.rmse.s456.wins,stats/per_seed_contrasts.csv,country=='uk' & module=='reconstruction' & metric=='rmse' & seed==456 & in_family_module,wins,12,regions,16 regions,{:d},1.0,12,,
SEED.GB.reconstruction.rmse.s456.p_raw,stats/per_seed_contrasts.csv,country=='uk' & module=='reconstruction' & metric=='rmse' & seed==456 & in_family_module,p_raw,0.1920166015625,p,16 regions,{:.3g},1.0,0.192,,
SEED.GB.siting.WSD.s42.median_rel_pct,stats/per_seed_contrasts.csv,country=='uk' & module=='siting' & metric=='WSD' & seed==42 & in_family_module,median_rel_pct,-1.8407103701864136,%,16 regions,{:+.2f},1.0,-1.84,,
SEED.GB.siting.WSD.s42.wins,stats/per_seed_contrasts.csv,country=='uk' & module=='siting' & metric=='WSD' & seed==42 & in_family_module,wins,10,regions,16 regions,{:d},1.0,10,,
SEED.GB.siting.WSD.s42.p_raw,stats/per_seed_contrasts.csv,country=='uk' & module=='siting' & metric=='WSD' & seed==42 & in_family_module,p_raw,0.354888916015625,p,16 regions,{:.3g},1.0,0.355,,
SEED.GB.siting.WSD.s123.median_rel_pct,stats/per_seed_contrasts.csv,country=='uk' & module=='siting' & metric=='WSD' & seed==123 & in_family_module,median_rel_pct,-0.9162119796643624,%,16 regions,{:+.2f},1.0,-0.92,,
SEED.GB.siting.WSD.s123.wins,stats/per_seed_contrasts.csv,country=='uk' & module=='siting' & metric=='WSD' & seed==123 & in_family_module,wins,9,regions,16 regions,{:d},1.0,9,,
SEED.GB.siting.WSD.s123.p_raw,stats/per_seed_contrasts.csv,country=='uk' & module=='siting' & metric=='WSD' & seed==123 & in_family_module,p_raw,0.372406005859375,p,16 regions,{:.3g},1.0,0.372,,
SEED.GB.siting.WSD.s456.median_rel_pct,stats/per_seed_contrasts.csv,country=='uk' & module=='siting' & metric=='WSD' & seed==456 & in_family_module,median_rel_pct,-0.5040738666090447,%,16 regions,{:+.2f},1.0,-0.50,,
SEED.GB.siting.WSD.s456.wins,stats/per_seed_contrasts.csv,country=='uk' & module=='siting' & metric=='WSD' & seed==456 & in_family_module,wins,10,regions,16 regions,{:d},1.0,10,,
SEED.GB.siting.WSD.s456.p_raw,stats/per_seed_contrasts.csv,country=='uk' & module=='siting' & metric=='WSD' & seed==456 & in_family_module,p_raw,0.27618408203125,p,16 regions,{:.3g},1.0,0.276,,
SEED.GB.sizing.RSD_median.many_to_one.s42.median_rel_pct,stats/per_seed_contrasts.csv,country=='uk' & module=='sizing' & metric=='RSD_median' & seed==42 & in_family_module,median_rel_pct,-0.4994527489525557,%,16 regions,{:+.2f},1.0,-0.50,,
SEED.GB.sizing.RSD_median.many_to_one.s42.wins,stats/per_seed_contrasts.csv,country=='uk' & module=='sizing' & metric=='RSD_median' & seed==42 & in_family_module,wins,9,regions,16 regions,{:d},1.0,9,,
SEED.GB.sizing.RSD_median.many_to_one.s42.p_raw,stats/per_seed_contrasts.csv,country=='uk' & module=='sizing' & metric=='RSD_median' & seed==42 & in_family_module,p_raw,0.89447021484375,p,16 regions,{:.3g},1.0,0.894,,
SEED.GB.sizing.RSD_median.many_to_one.s123.median_rel_pct,stats/per_seed_contrasts.csv,country=='uk' & module=='sizing' & metric=='RSD_median' & seed==123 & in_family_module,median_rel_pct,3.750805698511417,%,16 regions,{:+.2f},1.0,+3.75,,
SEED.GB.sizing.RSD_median.many_to_one.s123.wins,stats/per_seed_contrasts.csv,country=='uk' & module=='sizing' & metric=='RSD_median' & seed==123 & in_family_module,wins,7,regions,16 regions,{:d},1.0,7,,
SEED.GB.sizing.RSD_median.many_to_one.s123.p_raw,stats/per_seed_contrasts.csv,country=='uk' & module=='sizing' & metric=='RSD_median' & seed==123 & in_family_module,p_raw,0.788482666015625,p,16 regions,{:.3g},1.0,0.788,,
SEED.GB.sizing.RSD_median.many_to_one.s456.median_rel_pct,stats/per_seed_contrasts.csv,country=='uk' & module=='sizing' & metric=='RSD_median' & seed==456 & in_family_module,median_rel_pct,7.6109496410145585,%,16 regions,{:+.2f},1.0,+7.61,,
SEED.GB.sizing.RSD_median.many_to_one.s456.wins,stats/per_seed_contrasts.csv,country=='uk' & module=='sizing' & metric=='RSD_median' & seed==456 & in_family_module,wins,6,regions,16 regions,{:d},1.0,6,,
SEED.GB.sizing.RSD_median.many_to_one.s456.p_raw,stats/per_seed_contrasts.csv,country=='uk' & module=='sizing' & metric=='RSD_median' & seed==456 & in_family_module,p_raw,0.596954345703125,p,16 regions,{:.3g},1.0,0.597,,
SEED.GB.connection.L_E.s42.median_rel_pct,stats/per_seed_contrasts.csv,country=='uk' & module=='connection' & metric=='L_E' & seed==42 & in_family_module,median_rel_pct,-26.67331342102711,%,16 regions,{:+.2f},1.0,-26.67,,
SEED.GB.connection.L_E.s42.wins,stats/per_seed_contrasts.csv,country=='uk' & module=='connection' & metric=='L_E' & seed==42 & in_family_module,wins,16,regions,16 regions,{:d},1.0,16,,
SEED.GB.connection.L_E.s42.p_raw,stats/per_seed_contrasts.csv,country=='uk' & module=='connection' & metric=='L_E' & seed==42 & in_family_module,p_raw,3.0517578125e-05,p,16 regions,{:.3g},1.0,3.05e-05,,
SEED.GB.connection.L_E.s123.median_rel_pct,stats/per_seed_contrasts.csv,country=='uk' & module=='connection' & metric=='L_E' & seed==123 & in_family_module,median_rel_pct,-25.900008441201248,%,16 regions,{:+.2f},1.0,-25.90,,
SEED.GB.connection.L_E.s123.wins,stats/per_seed_contrasts.csv,country=='uk' & module=='connection' & metric=='L_E' & seed==123 & in_family_module,wins,16,regions,16 regions,{:d},1.0,16,,
SEED.GB.connection.L_E.s123.p_raw,stats/per_seed_contrasts.csv,country=='uk' & module=='connection' & metric=='L_E' & seed==123 & in_family_module,p_raw,3.0517578125e-05,p,16 regions,{:.3g},1.0,3.05e-05,,
SEED.GB.connection.L_E.s456.median_rel_pct,stats/per_seed_contrasts.csv,country=='uk' & module=='connection' & metric=='L_E' & seed==456 & in_family_module,median_rel_pct,-20.32735214723759,%,16 regions,{:+.2f},1.0,-20.33,,
SEED.GB.connection.L_E.s456.wins,stats/per_seed_contrasts.csv,country=='uk' & module=='connection' & metric=='L_E' & seed==456 & in_family_module,wins,16,regions,16 regions,{:d},1.0,16,,
SEED.GB.connection.L_E.s456.p_raw,stats/per_seed_contrasts.csv,country=='uk' & module=='connection' & metric=='L_E' & seed==456 & in_family_module,p_raw,3.0517578125e-05,p,16 regions,{:.3g},1.0,3.05e-05,,
SEED.AU.reconstruction.rmse.s42.median_rel_pct,stats/per_seed_contrasts.csv,country=='au' & module=='reconstruction' & metric=='rmse' & seed==42 & in_family_module,median_rel_pct,73.30559810253814,%,12 regions,{:+.2f},1.0,+73.31,,
SEED.AU.reconstruction.rmse.s42.wins,stats/per_seed_contrasts.csv,country=='au' & module=='reconstruction' & metric=='rmse' & seed==42 & in_family_module,wins,2,regions,12 regions,{:d},1.0,2,,
SEED.AU.reconstruction.rmse.s42.p_raw,stats/per_seed_contrasts.csv,country=='au' & module=='reconstruction' & metric=='rmse' & seed==42 & in_family_module,p_raw,0.0068359375,p,12 regions,{:.3g},1.0,0.00684,,
SEED.AU.reconstruction.rmse.s123.median_rel_pct,stats/per_seed_contrasts.csv,country=='au' & module=='reconstruction' & metric=='rmse' & seed==123 & in_family_module,median_rel_pct,41.84506297144607,%,12 regions,{:+.2f},1.0,+41.85,,
SEED.AU.reconstruction.rmse.s123.wins,stats/per_seed_contrasts.csv,country=='au' & module=='reconstruction' & metric=='rmse' & seed==123 & in_family_module,wins,3,regions,12 regions,{:d},1.0,3,,
SEED.AU.reconstruction.rmse.s123.p_raw,stats/per_seed_contrasts.csv,country=='au' & module=='reconstruction' & metric=='rmse' & seed==123 & in_family_module,p_raw,0.08251953125,p,12 regions,{:.3g},1.0,0.0825,,
SEED.AU.reconstruction.rmse.s456.median_rel_pct,stats/per_seed_contrasts.csv,country=='au' & module=='reconstruction' & metric=='rmse' & seed==456 & in_family_module,median_rel_pct,55.65934005288164,%,12 regions,{:+.2f},1.0,+55.66,,
SEED.AU.reconstruction.rmse.s456.wins,stats/per_seed_contrasts.csv,country=='au' & module=='reconstruction' & metric=='rmse' & seed==456 & in_family_module,wins,2,regions,12 regions,{:d},1.0,2,,
SEED.AU.reconstruction.rmse.s456.p_raw,stats/per_seed_contrasts.csv,country=='au' & module=='reconstruction' & metric=='rmse' & seed==456 & in_family_module,p_raw,0.01220703125,p,12 regions,{:.3g},1.0,0.0122,,
SEED.AU.siting.WSD.s42.median_rel_pct,stats/per_seed_contrasts.csv,country=='au' & module=='siting' & metric=='WSD' & seed==42 & in_family_module,median_rel_pct,9.920134819564009,%,12 regions,{:+.2f},1.0,+9.92,,
SEED.AU.siting.WSD.s42.wins,stats/per_seed_contrasts.csv,country=='au' & module=='siting' & metric=='WSD' & seed==42 & in_family_module,wins,0,regions,12 regions,{:d},1.0,0,,
SEED.AU.siting.WSD.s42.p_raw,stats/per_seed_contrasts.csv,country=='au' & module=='siting' & metric=='WSD' & seed==42 & in_family_module,p_raw,0.00048828125,p,12 regions,{:.3g},1.0,0.000488,,
SEED.AU.siting.WSD.s123.median_rel_pct,stats/per_seed_contrasts.csv,country=='au' & module=='siting' & metric=='WSD' & seed==123 & in_family_module,median_rel_pct,5.050400526976238,%,12 regions,{:+.2f},1.0,+5.05,,
SEED.AU.siting.WSD.s123.wins,stats/per_seed_contrasts.csv,country=='au' & module=='siting' & metric=='WSD' & seed==123 & in_family_module,wins,3,regions,12 regions,{:d},1.0,3,,
SEED.AU.siting.WSD.s123.p_raw,stats/per_seed_contrasts.csv,country=='au' & module=='siting' & metric=='WSD' & seed==123 & in_family_module,p_raw,0.02587890625,p,12 regions,{:.3g},1.0,0.0259,,
SEED.AU.siting.WSD.s456.median_rel_pct,stats/per_seed_contrasts.csv,country=='au' & module=='siting' & metric=='WSD' & seed==456 & in_family_module,median_rel_pct,13.77998741951274,%,12 regions,{:+.2f},1.0,+13.78,,
SEED.AU.siting.WSD.s456.wins,stats/per_seed_contrasts.csv,country=='au' & module=='siting' & metric=='WSD' & seed==456 & in_family_module,wins,1,regions,12 regions,{:d},1.0,1,,
SEED.AU.siting.WSD.s456.p_raw,stats/per_seed_contrasts.csv,country=='au' & module=='siting' & metric=='WSD' & seed==456 & in_family_module,p_raw,0.00146484375,p,12 regions,{:.3g},1.0,0.00146,,
SEED.AU.sizing.RSD_median.many_to_one.s42.median_rel_pct,stats/per_seed_contrasts.csv,country=='au' & module=='sizing' & metric=='RSD_median' & seed==42 & in_family_module,median_rel_pct,9.627205271393656,%,12 regions,{:+.2f},1.0,+9.63,,
SEED.AU.sizing.RSD_median.many_to_one.s42.wins,stats/per_seed_contrasts.csv,country=='au' & module=='sizing' & metric=='RSD_median' & seed==42 & in_family_module,wins,4,regions,12 regions,{:d},1.0,4,,
SEED.AU.sizing.RSD_median.many_to_one.s42.p_raw,stats/per_seed_contrasts.csv,country=='au' & module=='sizing' & metric=='RSD_median' & seed==42 & in_family_module,p_raw,0.09619140625,p,12 regions,{:.3g},1.0,0.0962,,
SEED.AU.sizing.RSD_median.many_to_one.s123.median_rel_pct,stats/per_seed_contrasts.csv,country=='au' & module=='sizing' & metric=='RSD_median' & seed==123 & in_family_module,median_rel_pct,16.543323980810044,%,12 regions,{:+.2f},1.0,+16.54,,
SEED.AU.sizing.RSD_median.many_to_one.s123.wins,stats/per_seed_contrasts.csv,country=='au' & module=='sizing' & metric=='RSD_median' & seed==123 & in_family_module,wins,3,regions,12 regions,{:d},1.0,3,,
SEED.AU.sizing.RSD_median.many_to_one.s123.p_raw,stats/per_seed_contrasts.csv,country=='au' & module=='sizing' & metric=='RSD_median' & seed==123 & in_family_module,p_raw,0.044921875,p,12 regions,{:.3g},1.0,0.0449,,
SEED.AU.sizing.RSD_median.many_to_one.s456.median_rel_pct,stats/per_seed_contrasts.csv,country=='au' & module=='sizing' & metric=='RSD_median' & seed==456 & in_family_module,median_rel_pct,44.998761957697525,%,12 regions,{:+.2f},1.0,+45.00,,
SEED.AU.sizing.RSD_median.many_to_one.s456.wins,stats/per_seed_contrasts.csv,country=='au' & module=='sizing' & metric=='RSD_median' & seed==456 & in_family_module,wins,0,regions,12 regions,{:d},1.0,0,,
SEED.AU.sizing.RSD_median.many_to_one.s456.p_raw,stats/per_seed_contrasts.csv,country=='au' & module=='sizing' & metric=='RSD_median' & seed==456 & in_family_module,p_raw,0.00048828125,p,12 regions,{:.3g},1.0,0.000488,,
SEED.AU.connection.L_E.s42.median_rel_pct,stats/per_seed_contrasts.csv,country=='au' & module=='connection' & metric=='L_E' & seed==42 & in_family_module,median_rel_pct,9.636193293280746,%,12 regions,{:+.2f},1.0,+9.64,,
SEED.AU.connection.L_E.s42.wins,stats/per_seed_contrasts.csv,country=='au' & module=='connection' & metric=='L_E' & seed==42 & in_family_module,wins,4,regions,12 regions,{:d},1.0,4,,
SEED.AU.connection.L_E.s42.p_raw,stats/per_seed_contrasts.csv,country=='au' & module=='connection' & metric=='L_E' & seed==42 & in_family_module,p_raw,0.068359375,p,12 regions,{:.3g},1.0,0.0684,,
SEED.AU.connection.L_E.s123.median_rel_pct,stats/per_seed_contrasts.csv,country=='au' & module=='connection' & metric=='L_E' & seed==123 & in_family_module,median_rel_pct,1.5675574219401127,%,12 regions,{:+.2f},1.0,+1.57,,
SEED.AU.connection.L_E.s123.wins,stats/per_seed_contrasts.csv,country=='au' & module=='connection' & metric=='L_E' & seed==123 & in_family_module,wins,5,regions,12 regions,{:d},1.0,5,,
SEED.AU.connection.L_E.s123.p_raw,stats/per_seed_contrasts.csv,country=='au' & module=='connection' & metric=='L_E' & seed==123 & in_family_module,p_raw,0.275390625,p,12 regions,{:.3g},1.0,0.275,,
SEED.AU.connection.L_E.s456.median_rel_pct,stats/per_seed_contrasts.csv,country=='au' & module=='connection' & metric=='L_E' & seed==456 & in_family_module,median_rel_pct,23.966624609974087,%,12 regions,{:+.2f},1.0,+23.97,,
SEED.AU.connection.L_E.s456.wins,stats/per_seed_contrasts.csv,country=='au' & module=='connection' & metric=='L_E' & seed==456 & in_family_module,wins,3,regions,12 regions,{:d},1.0,3,,
SEED.AU.connection.L_E.s456.p_raw,stats/per_seed_contrasts.csv,country=='au' & module=='connection' & metric=='L_E' & seed==456 & in_family_module,p_raw,0.046875,p,12 regions,{:.3g},1.0,0.0469,,
HOLM.GB.reconstruction.p_raw,stats/holm_family_disclosure.csv,country=='uk' & module=='reconstruction',p_raw_this_paper,0.009674072265625,p,16 regions,{:.6g},1.0,0.00967407,,
HOLM.GB.reconstruction.holm_4,stats/holm_family_disclosure.csv,country=='uk' & module=='reconstruction',holm_p_four_module,0.029022216796875,p,four-module family,{:.6g},1.0,0.0290222,,
HOLM.GB.reconstruction.holm_9_upstream,stats/holm_family_disclosure.csv,country=='uk' & module=='reconstruction',upstream_holm_p_nine,0.05804443359375,p,upstream C4 family of 9,{:.6g},1.0,0.0580444,,
HOLM.GB.siting.p_raw,stats/holm_family_disclosure.csv,country=='uk' & module=='siting',p_raw_this_paper,0.3111572265625,p,16 regions,{:.6g},1.0,0.311157,,
HOLM.GB.siting.holm_4,stats/holm_family_disclosure.csv,country=='uk' & module=='siting',holm_p_four_module,0.622314453125,p,four-module family,{:.6g},1.0,0.622314,,
HOLM.GB.siting.holm_9_upstream,stats/holm_family_disclosure.csv,country=='uk' & module=='siting',upstream_holm_p_nine,1.0,p,upstream C4 family of 9,{:.6g},1.0,1,,
HOLM.GB.sizing.p_raw,stats/holm_family_disclosure.csv,country=='uk' & module=='sizing',p_raw_this_paper,0.752532958984375,p,16 regions,{:.6g},1.0,0.752533,,
HOLM.GB.sizing.holm_4,stats/holm_family_disclosure.csv,country=='uk' & module=='sizing',holm_p_four_module,0.752532958984375,p,four-module family,{:.6g},1.0,0.752533,,
HOLM.GB.sizing.holm_9_upstream,stats/holm_family_disclosure.csv,country=='uk' & module=='sizing',upstream_holm_p_nine,1.0,p,upstream C4 family of 9,{:.6g},1.0,1,,
HOLM.GB.connection.p_raw,stats/holm_family_disclosure.csv,country=='uk' & module=='connection',p_raw_this_paper,3.0517578125e-05,p,16 regions,{:.6g},1.0,3.05176e-05,,
HOLM.GB.connection.holm_4,stats/holm_family_disclosure.csv,country=='uk' & module=='connection',holm_p_four_module,0.0001220703125,p,four-module family,{:.6g},1.0,0.00012207,,
HOLM.AU.reconstruction.p_raw,stats/holm_family_disclosure.csv,country=='au' & module=='reconstruction',p_raw_this_paper,0.01123046875,p,12 regions,{:.6g},1.0,0.0112305,,
HOLM.AU.reconstruction.holm_4,stats/holm_family_disclosure.csv,country=='au' & module=='reconstruction',holm_p_four_module,0.0224609375,p,four-module family,{:.6g},1.0,0.0224609,,
HOLM.AU.reconstruction.holm_9_upstream,stats/holm_family_disclosure.csv,country=='au' & module=='reconstruction',upstream_holm_p_nine,0.07861328125,p,upstream C4 family of 9,{:.6g},1.0,0.0786133,,
HOLM.AU.siting.p_raw,stats/holm_family_disclosure.csv,country=='au' & module=='siting',p_raw_this_paper,0.00048828125,p,12 regions,{:.6g},1.0,0.000488281,,
HOLM.AU.siting.holm_4,stats/holm_family_disclosure.csv,country=='au' & module=='siting',holm_p_four_module,0.001953125,p,four-module family,{:.6g},1.0,0.00195312,,
HOLM.AU.siting.holm_9_upstream,stats/holm_family_disclosure.csv,country=='au' & module=='siting',upstream_holm_p_nine,0.00439453125,p,upstream C4 family of 9,{:.6g},1.0,0.00439453,,
HOLM.AU.sizing.p_raw,stats/holm_family_disclosure.csv,country=='au' & module=='sizing',p_raw_this_paper,0.001953125,p,12 regions,{:.6g},1.0,0.00195312,,
HOLM.AU.sizing.holm_4,stats/holm_family_disclosure.csv,country=='au' & module=='sizing',holm_p_four_module,0.005859375,p,four-module family,{:.6g},1.0,0.00585938,,
HOLM.AU.sizing.holm_9_upstream,stats/holm_family_disclosure.csv,country=='au' & module=='sizing',upstream_holm_p_nine,0.015625,p,upstream C4 family of 9,{:.6g},1.0,0.015625,,
HOLM.AU.connection.p_raw,stats/holm_family_disclosure.csv,country=='au' & module=='connection',p_raw_this_paper,0.07421875,p,12 regions,{:.6g},1.0,0.0742188,,
HOLM.AU.connection.holm_4,stats/holm_family_disclosure.csv,country=='au' & module=='connection',holm_p_four_module,0.07421875,p,four-module family,{:.6g},1.0,0.0742188,,
END.GB.L_E.Uni,stats/connection_endpoints.csv,country=='uk' & radius_km==10.0 & dc_mw==300.0 & loss=='L_E',Uni,14080935.140350206,GBP,13 Ref-eligible regions,{:.3f},1e-06,14.081,,
END.GB.L_E.LU,stats/connection_endpoints.csv,country=='uk' & radius_km==10.0 & dc_mw==300.0 & loss=='L_E',LU,12120274.342745837,GBP,13 Ref-eligible regions,{:.3f},1e-06,12.120,,
END.GB.L_E.GNN,stats/connection_endpoints.csv,country=='uk' & radius_km==10.0 & dc_mw==300.0 & loss=='L_E',GNN,8799105.245753678,GBP,13 Ref-eligible regions,{:.3f},1e-06,8.799,,
END.GB.L_E.Ref,stats/connection_endpoints.csv,country=='uk' & radius_km==10.0 & dc_mw==300.0 & loss=='L_E',Ref,4532729.179698359,GBP,13 Ref-eligible regions,{:.3f},1e-06,4.533,,
END.GB.L_E.Pi_LU_pct,stats/connection_endpoints.csv,country=='uk' & radius_km==10.0 & dc_mw==300.0 & loss=='L_E',Pi_LU_pct,20.534337085775604,%,13 Ref-eligible regions,{:.1f},1.0,20.5,,
END.GB.L_E.Pi_GNN_pct,stats/connection_endpoints.csv,country=='uk' & radius_km==10.0 & dc_mw==300.0 & loss=='L_E',Pi_GNN_pct,55.3175111257858,%,13 Ref-eligible regions,{:.1f},1.0,55.3,,
END.GB.L_E.endpoint_span_rel_to_Uni,stats/connection_endpoints.csv,country=='uk' & radius_km==10.0 & dc_mw==300.0 & loss=='L_E',endpoint_span_rel_to_Uni,0.6780945914089604,ratio,13 Ref-eligible regions,{:.3f},1.0,0.678,,
END.GB.L_S.Uni,stats/connection_endpoints.csv,country=='uk' & radius_km==10.0 & dc_mw==300.0 & loss=='L_S',Uni,5785869.468315903,GBP,13 Ref-eligible regions,{:.3f},1e-06,5.786,,
END.GB.L_S.LU,stats/connection_endpoints.csv,country=='uk' & radius_km==10.0 & dc_mw==300.0 & loss=='L_S',LU,6644462.486125036,GBP,13 Ref-eligible regions,{:.3f},1e-06,6.644,,
END.GB.L_S.GNN,stats/connection_endpoints.csv,country=='uk' & radius_km==10.0 & dc_mw==300.0 & loss=='L_S',GNN,5473787.273543303,GBP,13 Ref-eligible regions,{:.3f},1e-06,5.474,,
END.GB.L_S.Ref,stats/connection_endpoints.csv,country=='uk' & radius_km==10.0 & dc_mw==300.0 & loss=='L_S',Ref,1689254.5159275446,GBP,13 Ref-eligible regions,{:.3f},1e-06,1.689,,
END.GB.L_S.Pi_LU_pct,stats/connection_endpoints.csv,country=='uk' & radius_km==10.0 & dc_mw==300.0 & loss=='L_S',Pi_LU_pct,-20.958596982822773,%,13 Ref-eligible regions,{:.1f},1.0,-21.0,,
END.GB.L_S.Pi_GNN_pct,stats/connection_endpoints.csv,country=='uk' & radius_km==10.0 & dc_mw==300.0 & loss=='L_S',Pi_GNN_pct,7.618050473370797,%,13 Ref-eligible regions,{:.1f},1.0,7.6,,
END.GB.L_S.endpoint_span_rel_to_Uni,stats/connection_endpoints.csv,country=='uk' & radius_km==10.0 & dc_mw==300.0 & loss=='L_S',endpoint_span_rel_to_Uni,0.7080379145817064,ratio,13 Ref-eligible regions,{:.3f},1.0,0.708,,
END.AU.L_E.Uni,stats/connection_endpoints.csv,country=='au' & radius_km==10.0 & dc_mw==300.0 & loss=='L_E',Uni,6.781188371072568,MVA_equivalent_PF1,10 Ref-eligible regions,{:.3f},1.0,6.781,,
END.AU.L_E.LU,stats/connection_endpoints.csv,country=='au' & radius_km==10.0 & dc_mw==300.0 & loss=='L_E',LU,6.962018849157488,MVA_equivalent_PF1,10 Ref-eligible regions,{:.3f},1.0,6.962,,
END.AU.L_E.GNN,stats/connection_endpoints.csv,country=='au' & radius_km==10.0 & dc_mw==300.0 & loss=='L_E',GNN,11.91673065841042,MVA_equivalent_PF1,10 Ref-eligible regions,{:.3f},1.0,11.917,,
END.AU.L_E.Ref,stats/connection_endpoints.csv,country=='au' & radius_km==10.0 & dc_mw==300.0 & loss=='L_E',Ref,6.688966213146583,MVA_equivalent_PF1,10 Ref-eligible regions,{:.3f},1.0,6.689,,
END.AU.L_E.endpoint_span_rel_to_Uni,stats/connection_endpoints.csv,country=='au' & radius_km==10.0 & dc_mw==300.0 & loss=='L_E',endpoint_span_rel_to_Uni,0.0135997044882855,ratio,10 Ref-eligible regions,{:.3f},1.0,0.014,,
END.AU.L_S.Uni,stats/connection_endpoints.csv,country=='au' & radius_km==10.0 & dc_mw==300.0 & loss=='L_S',Uni,1.8153281250000013,MVA_equivalent_PF1,10 Ref-eligible regions,{:.3f},1.0,1.815,,
END.AU.L_S.LU,stats/connection_endpoints.csv,country=='au' & radius_km==10.0 & dc_mw==300.0 & loss=='L_S',LU,1.8033750000000015,MVA_equivalent_PF1,10 Ref-eligible regions,{:.3f},1.0,1.803,,
END.AU.L_S.GNN,stats/connection_endpoints.csv,country=='au' & radius_km==10.0 & dc_mw==300.0 & loss=='L_S',GNN,2.5830442708333288,MVA_equivalent_PF1,10 Ref-eligible regions,{:.3f},1.0,2.583,,
END.AU.L_S.Ref,stats/connection_endpoints.csv,country=='au' & radius_km==10.0 & dc_mw==300.0 & loss=='L_S',Ref,1.1147578125000073,MVA_equivalent_PF1,10 Ref-eligible regions,{:.3f},1.0,1.115,,
END.AU.L_S.endpoint_span_rel_to_Uni,stats/connection_endpoints.csv,country=='au' & radius_km==10.0 & dc_mw==300.0 & loss=='L_S',endpoint_span_rel_to_Uni,0.3859193844088069,ratio,10 Ref-eligible regions,{:.3f},1.0,0.386,,
PANEL.GB.R10.Ref.rho_cell_mean,stats/panel_levels.csv,country=='uk' & radius_km==10 & dc_mw==300.0 & distribution=='Ref',rho_cell_mean,0.9999999999999998,rho,13 Ref-eligible regions,{:.3f},1.0,1.000,,
PANEL.GB.R10.Ref.rho_agg_mean,stats/panel_levels.csv,country=='uk' & radius_km==10 & dc_mw==300.0 & distribution=='Ref',rho_agg_mean,0.9648144133316487,rho,13 Ref-eligible regions,{:.3f},1.0,0.965,,
PANEL.GB.R10.Ref.L_E_mean,stats/panel_levels.csv,country=='uk' & radius_km==10 & dc_mw==300.0 & distribution=='Ref',L_E_mean,4532729.179698359,GBP,13 Ref-eligible regions,{:.3f},1e-06,4.533,,
PANEL.GB.R10.Ref.L_S_mean,stats/panel_levels.csv,country=='uk' & radius_km==10 & dc_mw==300.0 & distribution=='Ref',L_S_mean,1689254.5159275448,GBP,13 Ref-eligible regions,{:.3f},1e-06,1.689,,
PANEL.GB.R10.PERM-R_3.rho_cell_mean,stats/panel_levels.csv,country=='uk' & radius_km==10 & dc_mw==300.0 & distribution=='PERM-R/3',rho_cell_mean,0.8372920386536162,rho,13 Ref-eligible regions,{:.3f},1.0,0.837,,
PANEL.GB.R10.PERM-R_3.rho_agg_mean,stats/panel_levels.csv,country=='uk' & radius_km==10 & dc_mw==300.0 & distribution=='PERM-R/3',rho_agg_mean,0.9626192062665284,rho,13 Ref-eligible regions,{:.3f},1.0,0.963,,
PANEL.GB.R10.PERM-R_3.L_E_mean,stats/panel_levels.csv,country=='uk' & radius_km==10 & dc_mw==300.0 & distribution=='PERM-R/3',L_E_mean,4971133.825471464,GBP,13 Ref-eligible regions,{:.3f},1e-06,4.971,,
PANEL.GB.R10.PERM-R_3.L_S_mean,stats/panel_levels.csv,country=='uk' & radius_km==10 & dc_mw==300.0 & distribution=='PERM-R/3',L_S_mean,2112260.405814853,GBP,13 Ref-eligible regions,{:.3f},1e-06,2.112,,
PANEL.GB.R10.PERM-R.rho_cell_mean,stats/panel_levels.csv,country=='uk' & radius_km==10 & dc_mw==300.0 & distribution=='PERM-R',rho_cell_mean,0.6002841406627607,rho,13 Ref-eligible regions,{:.3f},1.0,0.600,,
PANEL.GB.R10.PERM-R.rho_agg_mean,stats/panel_levels.csv,country=='uk' & radius_km==10 & dc_mw==300.0 & distribution=='PERM-R',rho_agg_mean,0.9351257890584848,rho,13 Ref-eligible regions,{:.3f},1.0,0.935,,
PANEL.GB.R10.PERM-R.L_E_mean,stats/panel_levels.csv,country=='uk' & radius_km==10 & dc_mw==300.0 & distribution=='PERM-R',L_E_mean,9327825.50819448,GBP,13 Ref-eligible regions,{:.3f},1e-06,9.328,,
PANEL.GB.R10.PERM-R.L_S_mean,stats/panel_levels.csv,country=='uk' & radius_km==10 & dc_mw==300.0 & distribution=='PERM-R',L_S_mean,3905717.3788141008,GBP,13 Ref-eligible regions,{:.3f},1e-06,3.906,,
PANEL.GB.R10.PERM-3R.rho_cell_mean,stats/panel_levels.csv,country=='uk' & radius_km==10 & dc_mw==300.0 & distribution=='PERM-3R',rho_cell_mean,0.253578305866404,rho,13 Ref-eligible regions,{:.3f},1.0,0.254,,
PANEL.GB.R10.PERM-3R.rho_agg_mean,stats/panel_levels.csv,country=='uk' & radius_km==10 & dc_mw==300.0 & distribution=='PERM-3R',rho_agg_mean,0.7423304708447394,rho,13 Ref-eligible regions,{:.3f},1.0,0.742,,
PANEL.GB.R10.PERM-3R.L_E_mean,stats/panel_levels.csv,country=='uk' & radius_km==10 & dc_mw==300.0 & distribution=='PERM-3R',L_E_mean,20179813.58702991,GBP,13 Ref-eligible regions,{:.3f},1e-06,20.180,,
PANEL.GB.R10.PERM-3R.L_S_mean,stats/panel_levels.csv,country=='uk' & radius_km==10 & dc_mw==300.0 & distribution=='PERM-3R',L_S_mean,10050041.653424038,GBP,13 Ref-eligible regions,{:.3f},1e-06,10.050,,
PANEL.GB.R10.SMOOTH-0.5.rho_cell_mean,stats/panel_levels.csv,country=='uk' & radius_km==10 & dc_mw==300.0 & distribution=='SMOOTH-0.5',rho_cell_mean,0.9216187199976894,rho,13 Ref-eligible regions,{:.3f},1.0,0.922,,
PANEL.GB.R10.SMOOTH-0.5.rho_agg_mean,stats/panel_levels.csv,country=='uk' & radius_km==10 & dc_mw==300.0 & distribution=='SMOOTH-0.5',rho_agg_mean,0.8915390870741356,rho,13 Ref-eligible regions,{:.3f},1.0,0.892,,
PANEL.GB.R10.SMOOTH-0.5.L_E_mean,stats/panel_levels.csv,country=='uk' & radius_km==10 & dc_mw==300.0 & distribution=='SMOOTH-0.5',L_E_mean,11997177.798515707,GBP,13 Ref-eligible regions,{:.3f},1e-06,11.997,,
PANEL.GB.R10.SMOOTH-0.5.L_S_mean,stats/panel_levels.csv,country=='uk' & radius_km==10 & dc_mw==300.0 & distribution=='SMOOTH-0.5',L_S_mean,12207741.38805204,GBP,13 Ref-eligible regions,{:.3f},1e-06,12.208,,
PANEL.GB.R10.SMOOTH-1.rho_cell_mean,stats/panel_levels.csv,country=='uk' & radius_km==10 & dc_mw==300.0 & distribution=='SMOOTH-1',rho_cell_mean,0.7889284093572855,rho,13 Ref-eligible regions,{:.3f},1.0,0.789,,
PANEL.GB.R10.SMOOTH-1.rho_agg_mean,stats/panel_levels.csv,country=='uk' & radius_km==10 & dc_mw==300.0 & distribution=='SMOOTH-1',rho_agg_mean,0.7101119579497174,rho,13 Ref-eligible regions,{:.3f},1.0,0.710,,
PANEL.GB.R10.SMOOTH-1.L_E_mean,stats/panel_levels.csv,country=='uk' & radius_km==10 & dc_mw==300.0 & distribution=='SMOOTH-1',L_E_mean,19838067.928217657,GBP,13 Ref-eligible regions,{:.3f},1e-06,19.838,,
PANEL.GB.R10.SMOOTH-1.L_S_mean,stats/panel_levels.csv,country=='uk' & radius_km==10 & dc_mw==300.0 & distribution=='SMOOTH-1',L_S_mean,13307955.080080032,GBP,13 Ref-eligible regions,{:.3f},1e-06,13.308,,
PANEL.GB.R10.SMOOTH-2.rho_cell_mean,stats/panel_levels.csv,country=='uk' & radius_km==10 & dc_mw==300.0 & distribution=='SMOOTH-2',rho_cell_mean,0.663693492577837,rho,13 Ref-eligible regions,{:.3f},1.0,0.664,,
PANEL.GB.R10.SMOOTH-2.rho_agg_mean,stats/panel_levels.csv,country=='uk' & radius_km==10 & dc_mw==300.0 & distribution=='SMOOTH-2',rho_agg_mean,0.6610032966303337,rho,13 Ref-eligible regions,{:.3f},1.0,0.661,,
PANEL.GB.R10.SMOOTH-2.L_E_mean,stats/panel_levels.csv,country=='uk' & radius_km==10 & dc_mw==300.0 & distribution=='SMOOTH-2',L_E_mean,38681202.09410366,GBP,13 Ref-eligible regions,{:.3f},1e-06,38.681,,
PANEL.GB.R10.SMOOTH-2.L_S_mean,stats/panel_levels.csv,country=='uk' & radius_km==10 & dc_mw==300.0 & distribution=='SMOOTH-2',L_S_mean,20349506.800394643,GBP,13 Ref-eligible regions,{:.3f},1e-06,20.350,,
PANEL.GB.R10.LU.rho_cell_mean,stats/panel_levels.csv,country=='uk' & radius_km==10 & dc_mw==300.0 & distribution=='LU',rho_cell_mean,0.3611499203280935,rho,13 Ref-eligible regions,{:.3f},1.0,0.361,,
PANEL.GB.R10.LU.rho_agg_mean,stats/panel_levels.csv,country=='uk' & radius_km==10 & dc_mw==300.0 & distribution=='LU',rho_agg_mean,0.8182113113948095,rho,13 Ref-eligible regions,{:.3f},1.0,0.818,,
PANEL.GB.R10.LU.L_E_mean,stats/panel_levels.csv,country=='uk' & radius_km==10 & dc_mw==300.0 & distribution=='LU',L_E_mean,12120274.34274584,GBP,13 Ref-eligible regions,{:.3f},1e-06,12.120,,
PANEL.GB.R10.LU.L_S_mean,stats/panel_levels.csv,country=='uk' & radius_km==10 & dc_mw==300.0 & distribution=='LU',L_S_mean,6644462.486125037,GBP,13 Ref-eligible regions,{:.3f},1e-06,6.644,,
PANEL.GB.R10.GNN.rho_cell_mean,stats/panel_levels.csv,country=='uk' & radius_km==10 & dc_mw==300.0 & distribution=='GNN',rho_cell_mean,0.3265292182965244,rho,13 Ref-eligible regions,{:.3f},1.0,0.327,,
PANEL.GB.R10.GNN.rho_agg_mean,stats/panel_levels.csv,country=='uk' & radius_km==10 & dc_mw==300.0 & distribution=='GNN',rho_agg_mean,0.9140101414854402,rho,13 Ref-eligible regions,{:.3f},1.0,0.914,,
PANEL.GB.R10.GNN.L_E_mean,stats/panel_levels.csv,country=='uk' & radius_km==10 & dc_mw==300.0 & distribution=='GNN',L_E_mean,8624486.401340524,GBP,13 Ref-eligible regions,{:.3f},1e-06,8.624,,
PANEL.GB.R10.GNN.L_S_mean,stats/panel_levels.csv,country=='uk' & radius_km==10 & dc_mw==300.0 & distribution=='GNN',L_S_mean,5264281.551770106,GBP,13 Ref-eligible regions,{:.3f},1e-06,5.264,,
PANEL.GB.R20.Ref.rho_cell_mean,stats/panel_levels.csv,country=='uk' & radius_km==20 & dc_mw==300.0 & distribution=='Ref',rho_cell_mean,0.9999999999999998,rho,13 Ref-eligible regions,{:.3f},1.0,1.000,,
PANEL.GB.R20.Ref.rho_agg_mean,stats/panel_levels.csv,country=='uk' & radius_km==20 & dc_mw==300.0 & distribution=='Ref',rho_agg_mean,0.9932315098241776,rho,13 Ref-eligible regions,{:.3f},1.0,0.993,,
PANEL.GB.R20.Ref.L_E_mean,stats/panel_levels.csv,country=='uk' & radius_km==20 & dc_mw==300.0 & distribution=='Ref',L_E_mean,3567310.42685434,GBP,13 Ref-eligible regions,{:.3f},1e-06,3.567,,
PANEL.GB.R20.Ref.L_S_mean,stats/panel_levels.csv,country=='uk' & radius_km==20 & dc_mw==300.0 & distribution=='Ref',L_S_mean,1792560.7104980214,GBP,13 Ref-eligible regions,{:.3f},1e-06,1.793,,
PANEL.GB.R20.PERM-R_3.rho_cell_mean,stats/panel_levels.csv,country=='uk' & radius_km==20 & dc_mw==300.0 & distribution=='PERM-R/3',rho_cell_mean,0.7134406617306535,rho,13 Ref-eligible regions,{:.3f},1.0,0.713,,
PANEL.GB.R20.PERM-R_3.rho_agg_mean,stats/panel_levels.csv,country=='uk' & radius_km==20 & dc_mw==300.0 & distribution=='PERM-R/3',rho_agg_mean,0.9900630942493904,rho,13 Ref-eligible regions,{:.3f},1.0,0.990,,
PANEL.GB.R20.PERM-R_3.L_E_mean,stats/panel_levels.csv,country=='uk' & radius_km==20 & dc_mw==300.0 & distribution=='PERM-R/3',L_E_mean,4563959.9472959,GBP,13 Ref-eligible regions,{:.3f},1e-06,4.564,,
PANEL.GB.R20.PERM-R_3.L_S_mean,stats/panel_levels.csv,country=='uk' & radius_km==20 & dc_mw==300.0 & distribution=='PERM-R/3',L_S_mean,2097014.194834869,GBP,13 Ref-eligible regions,{:.3f},1e-06,2.097,,
PANEL.GB.R20.PERM-R.rho_cell_mean,stats/panel_levels.csv,country=='uk' & radius_km==20 & dc_mw==300.0 & distribution=='PERM-R',rho_cell_mean,0.3873872414148651,rho,13 Ref-eligible regions,{:.3f},1.0,0.387,,
PANEL.GB.R20.PERM-R.rho_agg_mean,stats/panel_levels.csv,country=='uk' & radius_km==20 & dc_mw==300.0 & distribution=='PERM-R',rho_agg_mean,0.9617964747795096,rho,13 Ref-eligible regions,{:.3f},1.0,0.962,,
PANEL.GB.R20.PERM-R.L_E_mean,stats/panel_levels.csv,country=='uk' & radius_km==20 & dc_mw==300.0 & distribution=='PERM-R',L_E_mean,9238452.762017855,GBP,13 Ref-eligible regions,{:.3f},1e-06,9.238,,
PANEL.GB.R20.PERM-R.L_S_mean,stats/panel_levels.csv,country=='uk' & radius_km==20 & dc_mw==300.0 & distribution=='PERM-R',L_S_mean,4681778.747076904,GBP,13 Ref-eligible regions,{:.3f},1e-06,4.682,,
PANEL.GB.R20.PERM-3R.rho_cell_mean,stats/panel_levels.csv,country=='uk' & radius_km==20 & dc_mw==300.0 & distribution=='PERM-3R',rho_cell_mean,0.1524716508244834,rho,13 Ref-eligible regions,{:.3f},1.0,0.152,,
PANEL.GB.R20.PERM-3R.rho_agg_mean,stats/panel_levels.csv,country=='uk' & radius_km==20 & dc_mw==300.0 & distribution=='PERM-3R',rho_agg_mean,0.817340535958031,rho,13 Ref-eligible regions,{:.3f},1.0,0.817,,
PANEL.GB.R20.PERM-3R.L_E_mean,stats/panel_levels.csv,country=='uk' & radius_km==20 & dc_mw==300.0 & distribution=='PERM-3R',L_E_mean,19860059.401057653,GBP,13 Ref-eligible regions,{:.3f},1e-06,19.860,,
PANEL.GB.R20.PERM-3R.L_S_mean,stats/panel_levels.csv,country=='uk' & radius_km==20 & dc_mw==300.0 & distribution=='PERM-3R',L_S_mean,5978062.878463229,GBP,13 Ref-eligible regions,{:.3f},1e-06,5.978,,
PANEL.GB.R20.SMOOTH-0.5.rho_cell_mean,stats/panel_levels.csv,country=='uk' & radius_km==20 & dc_mw==300.0 & distribution=='SMOOTH-0.5',rho_cell_mean,0.9529147040291076,rho,13 Ref-eligible regions,{:.3f},1.0,0.953,,
PANEL.GB.R20.SMOOTH-0.5.rho_agg_mean,stats/panel_levels.csv,country=='uk' & radius_km==20 & dc_mw==300.0 & distribution=='SMOOTH-0.5',rho_agg_mean,0.9437165750530306,rho,13 Ref-eligible regions,{:.3f},1.0,0.944,,
PANEL.GB.R20.SMOOTH-0.5.L_E_mean,stats/panel_levels.csv,country=='uk' & radius_km==20 & dc_mw==300.0 & distribution=='SMOOTH-0.5',L_E_mean,12589961.202672504,GBP,13 Ref-eligible regions,{:.3f},1e-06,12.590,,
PANEL.GB.R20.SMOOTH-0.5.L_S_mean,stats/panel_levels.csv,country=='uk' & radius_km==20 & dc_mw==300.0 & distribution=='SMOOTH-0.5',L_S_mean,3754810.0167191294,GBP,13 Ref-eligible regions,{:.3f},1e-06,3.755,,
PANEL.GB.R20.SMOOTH-1.rho_cell_mean,stats/panel_levels.csv,country=='uk' & radius_km==20 & dc_mw==300.0 & distribution=='SMOOTH-1',rho_cell_mean,0.8641591624991581,rho,13 Ref-eligible regions,{:.3f},1.0,0.864,,
PANEL.GB.R20.SMOOTH-1.rho_agg_mean,stats/panel_levels.csv,country=='uk' & radius_km==20 & dc_mw==300.0 & distribution=='SMOOTH-1',rho_agg_mean,0.8567894159343629,rho,13 Ref-eligible regions,{:.3f},1.0,0.857,,
PANEL.GB.R20.SMOOTH-1.L_E_mean,stats/panel_levels.csv,country=='uk' & radius_km==20 & dc_mw==300.0 & distribution=='SMOOTH-1',L_E_mean,21702051.370982893,GBP,13 Ref-eligible regions,{:.3f},1e-06,21.702,,
PANEL.GB.R20.SMOOTH-1.L_S_mean,stats/panel_levels.csv,country=='uk' & radius_km==20 & dc_mw==300.0 & distribution=='SMOOTH-1',L_S_mean,8620225.659021778,GBP,13 Ref-eligible regions,{:.3f},1e-06,8.620,,
PANEL.GB.R20.SMOOTH-2.rho_cell_mean,stats/panel_levels.csv,country=='uk' & radius_km==20 & dc_mw==300.0 & distribution=='SMOOTH-2',rho_cell_mean,0.654013392077676,rho,13 Ref-eligible regions,{:.3f},1.0,0.654,,
PANEL.GB.R20.SMOOTH-2.rho_agg_mean,stats/panel_levels.csv,country=='uk' & radius_km==20 & dc_mw==300.0 & distribution=='SMOOTH-2',rho_agg_mean,0.565461566153276,rho,13 Ref-eligible regions,{:.3f},1.0,0.565,,
PANEL.GB.R20.SMOOTH-2.L_E_mean,stats/panel_levels.csv,country=='uk' & radius_km==20 & dc_mw==300.0 & distribution=='SMOOTH-2',L_E_mean,48354434.69921008,GBP,13 Ref-eligible regions,{:.3f},1e-06,48.354,,
PANEL.GB.R20.SMOOTH-2.L_S_mean,stats/panel_levels.csv,country=='uk' & radius_km==20 & dc_mw==300.0 & distribution=='SMOOTH-2',L_S_mean,24589739.98023465,GBP,13 Ref-eligible regions,{:.3f},1e-06,24.590,,
PANEL.GB.R20.LU.rho_cell_mean,stats/panel_levels.csv,country=='uk' & radius_km==20 & dc_mw==300.0 & distribution=='LU',rho_cell_mean,0.3611499203280935,rho,13 Ref-eligible regions,{:.3f},1.0,0.361,,
PANEL.GB.R20.LU.rho_agg_mean,stats/panel_levels.csv,country=='uk' & radius_km==20 & dc_mw==300.0 & distribution=='LU',rho_agg_mean,0.9348911538156404,rho,13 Ref-eligible regions,{:.3f},1.0,0.935,,
PANEL.GB.R20.LU.L_E_mean,stats/panel_levels.csv,country=='uk' & radius_km==20 & dc_mw==300.0 & distribution=='LU',L_E_mean,11522083.06461618,GBP,13 Ref-eligible regions,{:.3f},1e-06,11.522,,
PANEL.GB.R20.LU.L_S_mean,stats/panel_levels.csv,country=='uk' & radius_km==20 & dc_mw==300.0 & distribution=='LU',L_S_mean,6299625.256883776,GBP,13 Ref-eligible regions,{:.3f},1e-06,6.300,,
PANEL.GB.R20.GNN.rho_cell_mean,stats/panel_levels.csv,country=='uk' & radius_km==20 & dc_mw==300.0 & distribution=='GNN',rho_cell_mean,0.3265292182965244,rho,13 Ref-eligible regions,{:.3f},1.0,0.327,,
PANEL.GB.R20.GNN.rho_agg_mean,stats/panel_levels.csv,country=='uk' & radius_km==20 & dc_mw==300.0 & distribution=='GNN',rho_agg_mean,0.9738016973315726,rho,13 Ref-eligible regions,{:.3f},1.0,0.974,,
PANEL.GB.R20.GNN.L_E_mean,stats/panel_levels.csv,country=='uk' & radius_km==20 & dc_mw==300.0 & distribution=='GNN',L_E_mean,7599030.95489325,GBP,13 Ref-eligible regions,{:.3f},1e-06,7.599,,
PANEL.GB.R20.GNN.L_S_mean,stats/panel_levels.csv,country=='uk' & radius_km==20 & dc_mw==300.0 & distribution=='GNN',L_S_mean,5198396.765453464,GBP,13 Ref-eligible regions,{:.3f},1e-06,5.198,,
PANEL.AU.R10.Ref.rho_cell_mean,stats/panel_levels.csv,country=='au' & radius_km==10 & dc_mw==300.0 & distribution=='Ref',rho_cell_mean,1.0,rho,10 Ref-eligible regions,{:.3f},1.0,1.000,,
PANEL.AU.R10.Ref.rho_agg_mean,stats/panel_levels.csv,country=='au' & radius_km==10 & dc_mw==300.0 & distribution=='Ref',rho_agg_mean,0.8179029942948643,rho,10 Ref-eligible regions,{:.3f},1.0,0.818,,
PANEL.AU.R10.Ref.L_E_mean,stats/panel_levels.csv,country=='au' & radius_km==10 & dc_mw==300.0 & distribution=='Ref',L_E_mean,6.688966213146583,MVA_equivalent_PF1,10 Ref-eligible regions,{:.3f},1.0,6.689,,
PANEL.AU.R10.Ref.L_S_mean,stats/panel_levels.csv,country=='au' & radius_km==10 & dc_mw==300.0 & distribution=='Ref',L_S_mean,1.1147578125000073,MVA_equivalent_PF1,10 Ref-eligible regions,{:.3f},1.0,1.115,,
PANEL.AU.R10.PERM-R_3.rho_cell_mean,stats/panel_levels.csv,country=='au' & radius_km==10 & dc_mw==300.0 & distribution=='PERM-R/3',rho_cell_mean,0.7163755247503054,rho,10 Ref-eligible regions,{:.3f},1.0,0.716,,
PANEL.AU.R10.PERM-R_3.rho_agg_mean,stats/panel_levels.csv,country=='au' & radius_km==10 & dc_mw==300.0 & distribution=='PERM-R/3',rho_agg_mean,0.8163155528902077,rho,10 Ref-eligible regions,{:.3f},1.0,0.816,,
PANEL.AU.R10.PERM-R_3.L_E_mean,stats/panel_levels.csv,country=='au' & radius_km==10 & dc_mw==300.0 & distribution=='PERM-R/3',L_E_mean,7.019007751533121,MVA_equivalent_PF1,10 Ref-eligible regions,{:.3f},1.0,7.019,,
PANEL.AU.R10.PERM-R_3.L_S_mean,stats/panel_levels.csv,country=='au' & radius_km==10 & dc_mw==300.0 & distribution=='PERM-R/3',L_S_mean,0.877257812500007,MVA_equivalent_PF1,10 Ref-eligible regions,{:.3f},1.0,0.877,,
PANEL.AU.R10.PERM-R.rho_cell_mean,stats/panel_levels.csv,country=='au' & radius_km==10 & dc_mw==300.0 & distribution=='PERM-R',rho_cell_mean,0.460482688547026,rho,10 Ref-eligible regions,{:.3f},1.0,0.460,,
PANEL.AU.R10.PERM-R.rho_agg_mean,stats/panel_levels.csv,country=='au' & radius_km==10 & dc_mw==300.0 & distribution=='PERM-R',rho_agg_mean,0.8108191780260078,rho,10 Ref-eligible regions,{:.3f},1.0,0.811,,
PANEL.AU.R10.PERM-R.L_E_mean,stats/panel_levels.csv,country=='au' & radius_km==10 & dc_mw==300.0 & distribution=='PERM-R',L_E_mean,8.35507967737942,MVA_equivalent_PF1,10 Ref-eligible regions,{:.3f},1.0,8.355,,
PANEL.AU.R10.PERM-R.L_S_mean,stats/panel_levels.csv,country=='au' & radius_km==10 & dc_mw==300.0 & distribution=='PERM-R',L_S_mean,1.8576562500000076,MVA_equivalent_PF1,10 Ref-eligible regions,{:.3f},1.0,1.858,,
PANEL.AU.R10.PERM-3R.rho_cell_mean,stats/panel_levels.csv,country=='au' & radius_km==10 & dc_mw==300.0 & distribution=='PERM-3R',rho_cell_mean,0.2480040381226221,rho,10 Ref-eligible regions,{:.3f},1.0,0.248,,
PANEL.AU.R10.PERM-3R.rho_agg_mean,stats/panel_levels.csv,country=='au' & radius_km==10 & dc_mw==300.0 & distribution=='PERM-3R',rho_agg_mean,0.7222674534554879,rho,10 Ref-eligible regions,{:.3f},1.0,0.722,,
PANEL.AU.R10.PERM-3R.L_E_mean,stats/panel_levels.csv,country=='au' & radius_km==10 & dc_mw==300.0 & distribution=='PERM-3R',L_E_mean,15.972639592949644,MVA_equivalent_PF1,10 Ref-eligible regions,{:.3f},1.0,15.973,,
PANEL.AU.R10.PERM-3R.L_S_mean,stats/panel_levels.csv,country=='au' & radius_km==10 & dc_mw==300.0 & distribution=='PERM-3R',L_S_mean,4.8983046875,MVA_equivalent_PF1,10 Ref-eligible regions,{:.3f},1.0,4.898,,
PANEL.AU.R10.SMOOTH-0.5.rho_cell_mean,stats/panel_levels.csv,country=='au' & radius_km==10 & dc_mw==300.0 & distribution=='SMOOTH-0.5',rho_cell_mean,0.9352555224759614,rho,10 Ref-eligible regions,{:.3f},1.0,0.935,,
PANEL.AU.R10.SMOOTH-0.5.rho_agg_mean,stats/panel_levels.csv,country=='au' & radius_km==10 & dc_mw==300.0 & distribution=='SMOOTH-0.5',rho_agg_mean,0.813538067397045,rho,10 Ref-eligible regions,{:.3f},1.0,0.814,,
PANEL.AU.R10.SMOOTH-0.5.L_E_mean,stats/panel_levels.csv,country=='au' & radius_km==10 & dc_mw==300.0 & distribution=='SMOOTH-0.5',L_E_mean,7.426420143593469,MVA_equivalent_PF1,10 Ref-eligible regions,{:.3f},1.0,7.426,,
PANEL.AU.R10.SMOOTH-0.5.L_S_mean,stats/panel_levels.csv,country=='au' & radius_km==10 & dc_mw==300.0 & distribution=='SMOOTH-0.5',L_S_mean,0.3704687500000028,MVA_equivalent_PF1,10 Ref-eligible regions,{:.3f},1.0,0.370,,
PANEL.AU.R10.SMOOTH-1.rho_cell_mean,stats/panel_levels.csv,country=='au' & radius_km==10 & dc_mw==300.0 & distribution=='SMOOTH-1',rho_cell_mean,0.8042234784097388,rho,10 Ref-eligible regions,{:.3f},1.0,0.804,,
PANEL.AU.R10.SMOOTH-1.rho_agg_mean,stats/panel_levels.csv,country=='au' & radius_km==10 & dc_mw==300.0 & distribution=='SMOOTH-1',rho_agg_mean,0.7877642018310842,rho,10 Ref-eligible regions,{:.3f},1.0,0.788,,
PANEL.AU.R10.SMOOTH-1.L_E_mean,stats/panel_levels.csv,country=='au' & radius_km==10 & dc_mw==300.0 & distribution=='SMOOTH-1',L_E_mean,12.925114618876597,MVA_equivalent_PF1,10 Ref-eligible regions,{:.3f},1.0,12.925,,
PANEL.AU.R10.SMOOTH-1.L_S_mean,stats/panel_levels.csv,country=='au' & radius_km==10 & dc_mw==300.0 & distribution=='SMOOTH-1',L_S_mean,1.954617187500012,MVA_equivalent_PF1,10 Ref-eligible regions,{:.3f},1.0,1.955,,
PANEL.AU.R10.SMOOTH-2.rho_cell_mean,stats/panel_levels.csv,country=='au' & radius_km==10 & dc_mw==300.0 & distribution=='SMOOTH-2',rho_cell_mean,0.603629906722673,rho,10 Ref-eligible regions,{:.3f},1.0,0.604,,
PANEL.AU.R10.SMOOTH-2.rho_agg_mean,stats/panel_levels.csv,country=='au' & radius_km==10 & dc_mw==300.0 & distribution=='SMOOTH-2',rho_agg_mean,0.5765622939105647,rho,10 Ref-eligible regions,{:.3f},1.0,0.577,,
PANEL.AU.R10.SMOOTH-2.L_E_mean,stats/panel_levels.csv,country=='au' & radius_km==10 & dc_mw==300.0 & distribution=='SMOOTH-2',L_E_mean,29.16911879400779,MVA_equivalent_PF1,10 Ref-eligible regions,{:.3f},1.0,29.169,,
PANEL.AU.R10.SMOOTH-2.L_S_mean,stats/panel_levels.csv,country=='au' & radius_km==10 & dc_mw==300.0 & distribution=='SMOOTH-2',L_S_mean,12.792499999999997,MVA_equivalent_PF1,10 Ref-eligible regions,{:.3f},1.0,12.792,,
PANEL.AU.R10.LU.rho_cell_mean,stats/panel_levels.csv,country=='au' & radius_km==10 & dc_mw==300.0 & distribution=='LU',rho_cell_mean,0.4212868391789735,rho,10 Ref-eligible regions,{:.3f},1.0,0.421,,
PANEL.AU.R10.LU.rho_agg_mean,stats/panel_levels.csv,country=='au' & radius_km==10 & dc_mw==300.0 & distribution=='LU',rho_agg_mean,0.811260534550388,rho,10 Ref-eligible regions,{:.3f},1.0,0.811,,
PANEL.AU.R10.LU.L_E_mean,stats/panel_levels.csv,country=='au' & radius_km==10 & dc_mw==300.0 & distribution=='LU',L_E_mean,6.96201884915749,MVA_equivalent_PF1,10 Ref-eligible regions,{:.3f},1.0,6.962,,
PANEL.AU.R10.LU.L_S_mean,stats/panel_levels.csv,country=='au' & radius_km==10 & dc_mw==300.0 & distribution=='LU',L_S_mean,1.8033750000000015,MVA_equivalent_PF1,10 Ref-eligible regions,{:.3f},1.0,1.803,,
PANEL.AU.R10.GNN.rho_cell_mean,stats/panel_levels.csv,country=='au' & radius_km==10 & dc_mw==300.0 & distribution=='GNN',rho_cell_mean,0.1922729101589887,rho,10 Ref-eligible regions,{:.3f},1.0,0.192,,
PANEL.AU.R10.GNN.rho_agg_mean,stats/panel_levels.csv,country=='au' & radius_km==10 & dc_mw==300.0 & distribution=='GNN',rho_agg_mean,0.7654790114206724,rho,10 Ref-eligible regions,{:.3f},1.0,0.765,,
PANEL.AU.R10.GNN.L_E_mean,stats/panel_levels.csv,country=='au' & radius_km==10 & dc_mw==300.0 & distribution=='GNN',L_E_mean,14.097064832141236,MVA_equivalent_PF1,10 Ref-eligible regions,{:.3f},1.0,14.097,,
PANEL.AU.R10.GNN.L_S_mean,stats/panel_levels.csv,country=='au' & radius_km==10 & dc_mw==300.0 & distribution=='GNN',L_S_mean,3.089828124999996,MVA_equivalent_PF1,10 Ref-eligible regions,{:.3f},1.0,3.090,,
PANEL.AU.R20.Ref.rho_cell_mean,stats/panel_levels.csv,country=='au' & radius_km==20 & dc_mw==300.0 & distribution=='Ref',rho_cell_mean,1.0,rho,10 Ref-eligible regions,{:.3f},1.0,1.000,,
PANEL.AU.R20.Ref.rho_agg_mean,stats/panel_levels.csv,country=='au' & radius_km==20 & dc_mw==300.0 & distribution=='Ref',rho_agg_mean,0.8596046956249761,rho,10 Ref-eligible regions,{:.3f},1.0,0.860,,
PANEL.AU.R20.Ref.L_E_mean,stats/panel_levels.csv,country=='au' & radius_km==20 & dc_mw==300.0 & distribution=='Ref',L_E_mean,1.6434605942179403,MVA_equivalent_PF1,10 Ref-eligible regions,{:.3f},1.0,1.643,,
PANEL.AU.R20.Ref.L_S_mean,stats/panel_levels.csv,country=='au' & radius_km==20 & dc_mw==300.0 & distribution=='Ref',L_S_mean,0.1058828125000047,MVA_equivalent_PF1,10 Ref-eligible regions,{:.3f},1.0,0.106,,
PANEL.AU.R20.PERM-R_3.rho_cell_mean,stats/panel_levels.csv,country=='au' & radius_km==20 & dc_mw==300.0 & distribution=='PERM-R/3',rho_cell_mean,0.5341274602287589,rho,10 Ref-eligible regions,{:.3f},1.0,0.534,,
PANEL.AU.R20.PERM-R_3.rho_agg_mean,stats/panel_levels.csv,country=='au' & radius_km==20 & dc_mw==300.0 & distribution=='PERM-R/3',rho_agg_mean,0.8599895587042328,rho,10 Ref-eligible regions,{:.3f},1.0,0.860,,
PANEL.AU.R20.PERM-R_3.L_E_mean,stats/panel_levels.csv,country=='au' & radius_km==20 & dc_mw==300.0 & distribution=='PERM-R/3',L_E_mean,1.7243364634840574,MVA_equivalent_PF1,10 Ref-eligible regions,{:.3f},1.0,1.724,,
PANEL.AU.R20.PERM-R_3.L_S_mean,stats/panel_levels.csv,country=='au' & radius_km==20 & dc_mw==300.0 & distribution=='PERM-R/3',L_S_mean,0.1444687500000043,MVA_equivalent_PF1,10 Ref-eligible regions,{:.3f},1.0,0.144,,
PANEL.AU.R20.PERM-R.rho_cell_mean,stats/panel_levels.csv,country=='au' & radius_km==20 & dc_mw==300.0 & distribution=='PERM-R',rho_cell_mean,0.2642955434682599,rho,10 Ref-eligible regions,{:.3f},1.0,0.264,,
PANEL.AU.R20.PERM-R.rho_agg_mean,stats/panel_levels.csv,country=='au' & radius_km==20 & dc_mw==300.0 & distribution=='PERM-R',rho_agg_mean,0.8610390851402274,rho,10 Ref-eligible regions,{:.3f},1.0,0.861,,
PANEL.AU.R20.PERM-R.L_E_mean,stats/panel_levels.csv,country=='au' & radius_km==20 & dc_mw==300.0 & distribution=='PERM-R',L_E_mean,2.9443313193583784,MVA_equivalent_PF1,10 Ref-eligible regions,{:.3f},1.0,2.944,,
PANEL.AU.R20.PERM-R.L_S_mean,stats/panel_levels.csv,country=='au' & radius_km==20 & dc_mw==300.0 & distribution=='PERM-R',L_S_mean,0.578789062500013,MVA_equivalent_PF1,10 Ref-eligible regions,{:.3f},1.0,0.579,,
PANEL.AU.R20.PERM-3R.rho_cell_mean,stats/panel_levels.csv,country=='au' & radius_km==20 & dc_mw==300.0 & distribution=='PERM-3R',rho_cell_mean,0.0877032091447648,rho,10 Ref-eligible regions,{:.3f},1.0,0.088,,
PANEL.AU.R20.PERM-3R.rho_agg_mean,stats/panel_levels.csv,country=='au' & radius_km==20 & dc_mw==300.0 & distribution=='PERM-3R',rho_agg_mean,0.694369779262127,rho,10 Ref-eligible regions,{:.3f},1.0,0.694,,
PANEL.AU.R20.PERM-3R.L_E_mean,stats/panel_levels.csv,country=='au' & radius_km==20 & dc_mw==300.0 & distribution=='PERM-3R',L_E_mean,12.81391147258428,MVA_equivalent_PF1,10 Ref-eligible regions,{:.3f},1.0,12.814,,
PANEL.AU.R20.PERM-3R.L_S_mean,stats/panel_levels.csv,country=='au' & radius_km==20 & dc_mw==300.0 & distribution=='PERM-3R',L_S_mean,8.627375000000011,MVA_equivalent_PF1,10 Ref-eligible regions,{:.3f},1.0,8.627,,
PANEL.AU.R20.SMOOTH-0.5.rho_cell_mean,stats/panel_levels.csv,country=='au' & radius_km==20 & dc_mw==300.0 & distribution=='SMOOTH-0.5',rho_cell_mean,0.9552749917291684,rho,10 Ref-eligible regions,{:.3f},1.0,0.955,,
PANEL.AU.R20.SMOOTH-0.5.rho_agg_mean,stats/panel_levels.csv,country=='au' & radius_km==20 & dc_mw==300.0 & distribution=='SMOOTH-0.5',rho_agg_mean,0.8610844033015475,rho,10 Ref-eligible regions,{:.3f},1.0,0.861,,
PANEL.AU.R20.SMOOTH-0.5.L_E_mean,stats/panel_levels.csv,country=='au' & radius_km==20 & dc_mw==300.0 & distribution=='SMOOTH-0.5',L_E_mean,2.9915635650061,MVA_equivalent_PF1,10 Ref-eligible regions,{:.3f},1.0,2.992,,
PANEL.AU.R20.SMOOTH-0.5.L_S_mean,stats/panel_levels.csv,country=='au' & radius_km==20 & dc_mw==300.0 & distribution=='SMOOTH-0.5',L_S_mean,0.1345937500000047,MVA_equivalent_PF1,10 Ref-eligible regions,{:.3f},1.0,0.135,,
PANEL.AU.R20.SMOOTH-1.rho_cell_mean,stats/panel_levels.csv,country=='au' & radius_km==20 & dc_mw==300.0 & distribution=='SMOOTH-1',rho_cell_mean,0.8819290664110051,rho,10 Ref-eligible regions,{:.3f},1.0,0.882,,
PANEL.AU.R20.SMOOTH-1.rho_agg_mean,stats/panel_levels.csv,country=='au' & radius_km==20 & dc_mw==300.0 & distribution=='SMOOTH-1',rho_agg_mean,0.8451687318414871,rho,10 Ref-eligible regions,{:.3f},1.0,0.845,,
PANEL.AU.R20.SMOOTH-1.L_E_mean,stats/panel_levels.csv,country=='au' & radius_km==20 & dc_mw==300.0 & distribution=='SMOOTH-1',L_E_mean,6.4823080447636965,MVA_equivalent_PF1,10 Ref-eligible regions,{:.3f},1.0,6.482,,
PANEL.AU.R20.SMOOTH-1.L_S_mean,stats/panel_levels.csv,country=='au' & radius_km==20 & dc_mw==300.0 & distribution=='SMOOTH-1',L_S_mean,0.3858593750000096,MVA_equivalent_PF1,10 Ref-eligible regions,{:.3f},1.0,0.386,,
PANEL.AU.R20.SMOOTH-2.rho_cell_mean,stats/panel_levels.csv,country=='au' & radius_km==20 & dc_mw==300.0 & distribution=='SMOOTH-2',rho_cell_mean,0.7919773692792343,rho,10 Ref-eligible regions,{:.3f},1.0,0.792,,
PANEL.AU.R20.SMOOTH-2.rho_agg_mean,stats/panel_levels.csv,country=='au' & radius_km==20 & dc_mw==300.0 & distribution=='SMOOTH-2',rho_agg_mean,0.8049507549421646,rho,10 Ref-eligible regions,{:.3f},1.0,0.805,,
PANEL.AU.R20.SMOOTH-2.L_E_mean,stats/panel_levels.csv,country=='au' & radius_km==20 & dc_mw==300.0 & distribution=='SMOOTH-2',L_E_mean,7.106178804686804,MVA_equivalent_PF1,10 Ref-eligible regions,{:.3f},1.0,7.106,,
PANEL.AU.R20.SMOOTH-2.L_S_mean,stats/panel_levels.csv,country=='au' & radius_km==20 & dc_mw==300.0 & distribution=='SMOOTH-2',L_S_mean,9.3780078125,MVA_equivalent_PF1,10 Ref-eligible regions,{:.3f},1.0,9.378,,
PANEL.AU.R20.LU.rho_cell_mean,stats/panel_levels.csv,country=='au' & radius_km==20 & dc_mw==300.0 & distribution=='LU',rho_cell_mean,0.4212868391789735,rho,10 Ref-eligible regions,{:.3f},1.0,0.421,,
PANEL.AU.R20.LU.rho_agg_mean,stats/panel_levels.csv,country=='au' & radius_km==20 & dc_mw==300.0 & distribution=='LU',rho_agg_mean,0.8644053551086975,rho,10 Ref-eligible regions,{:.3f},1.0,0.864,,
PANEL.AU.R20.LU.L_E_mean,stats/panel_levels.csv,country=='au' & radius_km==20 & dc_mw==300.0 & distribution=='LU',L_E_mean,1.8039101519694245,MVA_equivalent_PF1,10 Ref-eligible regions,{:.3f},1.0,1.804,,
PANEL.AU.R20.LU.L_S_mean,stats/panel_levels.csv,country=='au' & radius_km==20 & dc_mw==300.0 & distribution=='LU',L_S_mean,0.4710781250000052,MVA_equivalent_PF1,10 Ref-eligible regions,{:.3f},1.0,0.471,,
PANEL.AU.R20.GNN.rho_cell_mean,stats/panel_levels.csv,country=='au' & radius_km==20 & dc_mw==300.0 & distribution=='GNN',rho_cell_mean,0.1922729101589887,rho,10 Ref-eligible regions,{:.3f},1.0,0.192,,
PANEL.AU.R20.GNN.rho_agg_mean,stats/panel_levels.csv,country=='au' & radius_km==20 & dc_mw==300.0 & distribution=='GNN',rho_agg_mean,0.8351025552707835,rho,10 Ref-eligible regions,{:.3f},1.0,0.835,,
PANEL.AU.R20.GNN.L_E_mean,stats/panel_levels.csv,country=='au' & radius_km==20 & dc_mw==300.0 & distribution=='GNN',L_E_mean,2.234706590326798,MVA_equivalent_PF1,10 Ref-eligible regions,{:.3f},1.0,2.235,,
PANEL.AU.R20.GNN.L_S_mean,stats/panel_levels.csv,country=='au' & radius_km==20 & dc_mw==300.0 & distribution=='GNN',L_S_mean,0.0,MVA_equivalent_PF1,10 Ref-eligible regions,{:.3f},1.0,0.000,,
PANEL.GB.R10.G.L_E.n_total,stats/panel_summary.csv,country=='uk' & radius_km==10 & dc_mw==300.0 & aggregate_target=='G' & loss=='L_E',n_total,16,regions,,{:d},1.0,16,,
PANEL.GB.R10.G.L_E.n_eligible,stats/panel_summary.csv,country=='uk' & radius_km==10 & dc_mw==300.0 & aggregate_target=='G' & loss=='L_E',n_eligible,13,regions,,{:d},1.0,13,,
PANEL.GB.R10.G.L_E.n_corr,stats/panel_summary.csv,country=='uk' & radius_km==10 & dc_mw==300.0 & aggregate_target=='G' & loss=='L_E',n_corr,13,regions,,{:d},1.0,13,,
PANEL.GB.R10.G.L_E.median_assoc_cell,stats/panel_summary.csv,country=='uk' & radius_km==10 & dc_mw==300.0 & aggregate_target=='G' & loss=='L_E',median_assoc_cell,-0.4666666666666666,rho,n_corr=13,{:.3f},1.0,-0.467,,
PANEL.GB.R10.G.L_E.median_assoc_agg,stats/panel_summary.csv,country=='uk' & radius_km==10 & dc_mw==300.0 & aggregate_target=='G' & loss=='L_E',median_assoc_agg,-0.9833333333333332,rho,n_corr=13,{:.3f},1.0,-0.983,,
PANEL.GB.R10.G.L_E.median_abs_assoc_cell,stats/panel_summary.csv,country=='uk' & radius_km==10 & dc_mw==300.0 & aggregate_target=='G' & loss=='L_E',median_abs_assoc_cell,0.4666666666666666,rho,n_corr=13,{:.3f},1.0,0.467,,
PANEL.GB.R10.G.L_E.median_abs_assoc_agg,stats/panel_summary.csv,country=='uk' & radius_km==10 & dc_mw==300.0 & aggregate_target=='G' & loss=='L_E',median_abs_assoc_agg,0.9833333333333332,rho,n_corr=13,{:.3f},1.0,0.983,,
PANEL.GB.R10.G.L_E.n_agg_more_negative,stats/panel_summary.csv,country=='uk' & radius_km==10 & dc_mw==300.0 & aggregate_target=='G' & loss=='L_E',n_agg_more_negative,13,regions,n_corr=13,{:d},1.0,13,,
PANEL.GB.R10.G.L_E.n_agg_stronger_abs,stats/panel_summary.csv,country=='uk' & radius_km==10 & dc_mw==300.0 & aggregate_target=='G' & loss=='L_E',n_agg_stronger_abs,13,regions,n_corr=13,{:d},1.0,13,,
PANEL.GB.R10.G.L_E.p_signflip_d,stats/panel_summary.csv,country=='uk' & radius_km==10 & dc_mw==300.0 & aggregate_target=='G' & loss=='L_E',p_signflip_d,0.000244140625,p,n_corr=13,{:.3g},1.0,0.000244,,
PANEL.GB.R10.G.L_S.n_total,stats/panel_summary.csv,country=='uk' & radius_km==10 & dc_mw==300.0 & aggregate_target=='G' & loss=='L_S',n_total,16,regions,,{:d},1.0,16,,
PANEL.GB.R10.G.L_S.n_eligible,stats/panel_summary.csv,country=='uk' & radius_km==10 & dc_mw==300.0 & aggregate_target=='G' & loss=='L_S',n_eligible,13,regions,,{:d},1.0,13,,
PANEL.GB.R10.G.L_S.n_corr,stats/panel_summary.csv,country=='uk' & radius_km==10 & dc_mw==300.0 & aggregate_target=='G' & loss=='L_S',n_corr,13,regions,,{:d},1.0,13,,
PANEL.GB.R10.G.L_S.median_assoc_cell,stats/panel_summary.csv,country=='uk' & radius_km==10 & dc_mw==300.0 & aggregate_target=='G' & loss=='L_S',median_assoc_cell,-0.1999999999999999,rho,n_corr=13,{:.3f},1.0,-0.200,,
PANEL.GB.R10.G.L_S.median_assoc_agg,stats/panel_summary.csv,country=='uk' & radius_km==10 & dc_mw==300.0 & aggregate_target=='G' & loss=='L_S',median_assoc_agg,-0.3833333333333333,rho,n_corr=13,{:.3f},1.0,-0.383,,
PANEL.GB.R10.G.L_S.median_abs_assoc_cell,stats/panel_summary.csv,country=='uk' & radius_km==10 & dc_mw==300.0 & aggregate_target=='G' & loss=='L_S',median_abs_assoc_cell,0.2833333333333333,rho,n_corr=13,{:.3f},1.0,0.283,,
PANEL.GB.R10.G.L_S.median_abs_assoc_agg,stats/panel_summary.csv,country=='uk' & radius_km==10 & dc_mw==300.0 & aggregate_target=='G' & loss=='L_S',median_abs_assoc_agg,0.3833333333333333,rho,n_corr=13,{:.3f},1.0,0.383,,
PANEL.GB.R10.G.L_S.n_agg_more_negative,stats/panel_summary.csv,country=='uk' & radius_km==10 & dc_mw==300.0 & aggregate_target=='G' & loss=='L_S',n_agg_more_negative,10,regions,n_corr=13,{:d},1.0,10,,
PANEL.GB.R10.G.L_S.n_agg_stronger_abs,stats/panel_summary.csv,country=='uk' & radius_km==10 & dc_mw==300.0 & aggregate_target=='G' & loss=='L_S',n_agg_stronger_abs,9,regions,n_corr=13,{:d},1.0,9,,
PANEL.GB.R10.G.L_S.p_signflip_d,stats/panel_summary.csv,country=='uk' & radius_km==10 & dc_mw==300.0 & aggregate_target=='G' & loss=='L_S',p_signflip_d,0.01220703125,p,n_corr=13,{:.3g},1.0,0.0122,,
PANEL.GB.R10.A_ref.L_E.n_total,stats/panel_summary.csv,country=='uk' & radius_km==10 & dc_mw==300.0 & aggregate_target=='A_ref' & loss=='L_E',n_total,16,regions,,{:d},1.0,16,,
PANEL.GB.R10.A_ref.L_E.n_eligible,stats/panel_summary.csv,country=='uk' & radius_km==10 & dc_mw==300.0 & aggregate_target=='A_ref' & loss=='L_E',n_eligible,13,regions,,{:d},1.0,13,,
PANEL.GB.R10.A_ref.L_E.n_corr,stats/panel_summary.csv,country=='uk' & radius_km==10 & dc_mw==300.0 & aggregate_target=='A_ref' & loss=='L_E',n_corr,13,regions,,{:d},1.0,13,,
PANEL.GB.R10.A_ref.L_E.median_assoc_cell,stats/panel_summary.csv,country=='uk' & radius_km==10 & dc_mw==300.0 & aggregate_target=='A_ref' & loss=='L_E',median_assoc_cell,-0.4666666666666666,rho,n_corr=13,{:.3f},1.0,-0.467,,
PANEL.GB.R10.A_ref.L_E.median_assoc_agg,stats/panel_summary.csv,country=='uk' & radius_km==10 & dc_mw==300.0 & aggregate_target=='A_ref' & loss=='L_E',median_assoc_agg,-0.9666666666666666,rho,n_corr=13,{:.3f},1.0,-0.967,,
PANEL.GB.R10.A_ref.L_E.median_abs_assoc_cell,stats/panel_summary.csv,country=='uk' & radius_km==10 & dc_mw==300.0 & aggregate_target=='A_ref' & loss=='L_E',median_abs_assoc_cell,0.4666666666666666,rho,n_corr=13,{:.3f},1.0,0.467,,
PANEL.GB.R10.A_ref.L_E.median_abs_assoc_agg,stats/panel_summary.csv,country=='uk' & radius_km==10 & dc_mw==300.0 & aggregate_target=='A_ref' & loss=='L_E',median_abs_assoc_agg,0.9666666666666666,rho,n_corr=13,{:.3f},1.0,0.967,,
PANEL.GB.R10.A_ref.L_E.n_agg_more_negative,stats/panel_summary.csv,country=='uk' & radius_km==10 & dc_mw==300.0 & aggregate_target=='A_ref' & loss=='L_E',n_agg_more_negative,13,regions,n_corr=13,{:d},1.0,13,,
PANEL.GB.R10.A_ref.L_E.n_agg_stronger_abs,stats/panel_summary.csv,country=='uk' & radius_km==10 & dc_mw==300.0 & aggregate_target=='A_ref' & loss=='L_E',n_agg_stronger_abs,13,regions,n_corr=13,{:d},1.0,13,,
PANEL.GB.R10.A_ref.L_E.p_signflip_d,stats/panel_summary.csv,country=='uk' & radius_km==10 & dc_mw==300.0 & aggregate_target=='A_ref' & loss=='L_E',p_signflip_d,0.000244140625,p,n_corr=13,{:.3g},1.0,0.000244,,
PANEL.GB.R10.A_ref.L_S.n_total,stats/panel_summary.csv,country=='uk' & radius_km==10 & dc_mw==300.0 & aggregate_target=='A_ref' & loss=='L_S',n_total,16,regions,,{:d},1.0,16,,
PANEL.GB.R10.A_ref.L_S.n_eligible,stats/panel_summary.csv,country=='uk' & radius_km==10 & dc_mw==300.0 & aggregate_target=='A_ref' & loss=='L_S',n_eligible,13,regions,,{:d},1.0,13,,
PANEL.GB.R10.A_ref.L_S.n_corr,stats/panel_summary.csv,country=='uk' & radius_km==10 & dc_mw==300.0 & aggregate_target=='A_ref' & loss=='L_S',n_corr,13,regions,,{:d},1.0,13,,
PANEL.GB.R10.A_ref.L_S.median_assoc_cell,stats/panel_summary.csv,country=='uk' & radius_km==10 & dc_mw==300.0 & aggregate_target=='A_ref' & loss=='L_S',median_assoc_cell,-0.1999999999999999,rho,n_corr=13,{:.3f},1.0,-0.200,,
PANEL.GB.R10.A_ref.L_S.median_assoc_agg,stats/panel_summary.csv,country=='uk' & radius_km==10 & dc_mw==300.0 & aggregate_target=='A_ref' & loss=='L_S',median_assoc_agg,-0.4833333333333333,rho,n_corr=13,{:.3f},1.0,-0.483,,
PANEL.GB.R10.A_ref.L_S.median_abs_assoc_cell,stats/panel_summary.csv,country=='uk' & radius_km==10 & dc_mw==300.0 & aggregate_target=='A_ref' & loss=='L_S',median_abs_assoc_cell,0.2833333333333333,rho,n_corr=13,{:.3f},1.0,0.283,,
PANEL.GB.R10.A_ref.L_S.median_abs_assoc_agg,stats/panel_summary.csv,country=='uk' & radius_km==10 & dc_mw==300.0 & aggregate_target=='A_ref' & loss=='L_S',median_abs_assoc_agg,0.4833333333333333,rho,n_corr=13,{:.3f},1.0,0.483,,
PANEL.GB.R10.A_ref.L_S.n_agg_more_negative,stats/panel_summary.csv,country=='uk' & radius_km==10 & dc_mw==300.0 & aggregate_target=='A_ref' & loss=='L_S',n_agg_more_negative,10,regions,n_corr=13,{:d},1.0,10,,
PANEL.GB.R10.A_ref.L_S.n_agg_stronger_abs,stats/panel_summary.csv,country=='uk' & radius_km==10 & dc_mw==300.0 & aggregate_target=='A_ref' & loss=='L_S',n_agg_stronger_abs,9,regions,n_corr=13,{:d},1.0,9,,
PANEL.GB.R10.A_ref.L_S.p_signflip_d,stats/panel_summary.csv,country=='uk' & radius_km==10 & dc_mw==300.0 & aggregate_target=='A_ref' & loss=='L_S',p_signflip_d,0.011962890625,p,n_corr=13,{:.3g},1.0,0.012,,
PANEL.GB.R20.G.L_E.n_total,stats/panel_summary.csv,country=='uk' & radius_km==20 & dc_mw==300.0 & aggregate_target=='G' & loss=='L_E',n_total,16,regions,,{:d},1.0,16,,
PANEL.GB.R20.G.L_E.n_eligible,stats/panel_summary.csv,country=='uk' & radius_km==20 & dc_mw==300.0 & aggregate_target=='G' & loss=='L_E',n_eligible,13,regions,,{:d},1.0,13,,
PANEL.GB.R20.G.L_E.n_corr,stats/panel_summary.csv,country=='uk' & radius_km==20 & dc_mw==300.0 & aggregate_target=='G' & loss=='L_E',n_corr,13,regions,,{:d},1.0,13,,
PANEL.GB.R20.G.L_E.median_assoc_cell,stats/panel_summary.csv,country=='uk' & radius_km==20 & dc_mw==300.0 & aggregate_target=='G' & loss=='L_E',median_assoc_cell,-0.3833333333333333,rho,n_corr=13,{:.3f},1.0,-0.383,,
PANEL.GB.R20.G.L_E.median_assoc_agg,stats/panel_summary.csv,country=='uk' & radius_km==20 & dc_mw==300.0 & aggregate_target=='G' & loss=='L_E',median_assoc_agg,-0.95,rho,n_corr=13,{:.3f},1.0,-0.950,,
PANEL.GB.R20.G.L_E.median_abs_assoc_cell,stats/panel_summary.csv,country=='uk' & radius_km==20 & dc_mw==300.0 & aggregate_target=='G' & loss=='L_E',median_abs_assoc_cell,0.3833333333333333,rho,n_corr=13,{:.3f},1.0,0.383,,
PANEL.GB.R20.G.L_E.median_abs_assoc_agg,stats/panel_summary.csv,country=='uk' & radius_km==20 & dc_mw==300.0 & aggregate_target=='G' & loss=='L_E',median_abs_assoc_agg,0.95,rho,n_corr=13,{:.3f},1.0,0.950,,
PANEL.GB.R20.G.L_E.n_agg_more_negative,stats/panel_summary.csv,country=='uk' & radius_km==20 & dc_mw==300.0 & aggregate_target=='G' & loss=='L_E',n_agg_more_negative,13,regions,n_corr=13,{:d},1.0,13,,
PANEL.GB.R20.G.L_E.n_agg_stronger_abs,stats/panel_summary.csv,country=='uk' & radius_km==20 & dc_mw==300.0 & aggregate_target=='G' & loss=='L_E',n_agg_stronger_abs,13,regions,n_corr=13,{:d},1.0,13,,
PANEL.GB.R20.G.L_E.p_signflip_d,stats/panel_summary.csv,country=='uk' & radius_km==20 & dc_mw==300.0 & aggregate_target=='G' & loss=='L_E',p_signflip_d,0.000244140625,p,n_corr=13,{:.3g},1.0,0.000244,,
PANEL.GB.R20.G.L_S.n_total,stats/panel_summary.csv,country=='uk' & radius_km==20 & dc_mw==300.0 & aggregate_target=='G' & loss=='L_S',n_total,16,regions,,{:d},1.0,16,,
PANEL.GB.R20.G.L_S.n_eligible,stats/panel_summary.csv,country=='uk' & radius_km==20 & dc_mw==300.0 & aggregate_target=='G' & loss=='L_S',n_eligible,13,regions,,{:d},1.0,13,,
PANEL.GB.R20.G.L_S.n_corr,stats/panel_summary.csv,country=='uk' & radius_km==20 & dc_mw==300.0 & aggregate_target=='G' & loss=='L_S',n_corr,10,regions,,{:d},1.0,10,,
PANEL.GB.R20.G.L_S.median_assoc_cell,stats/panel_summary.csv,country=='uk' & radius_km==20 & dc_mw==300.0 & aggregate_target=='G' & loss=='L_S',median_assoc_cell,-0.1005939928218062,rho,n_corr=10,{:.3f},1.0,-0.101,,
PANEL.GB.R20.G.L_S.median_assoc_agg,stats/panel_summary.csv,country=='uk' & radius_km==20 & dc_mw==300.0 & aggregate_target=='G' & loss=='L_S',median_assoc_agg,-0.3117971136113538,rho,n_corr=10,{:.3f},1.0,-0.312,,
PANEL.GB.R20.G.L_S.median_abs_assoc_cell,stats/panel_summary.csv,country=='uk' & radius_km==20 & dc_mw==300.0 & aggregate_target=='G' & loss=='L_S',median_abs_assoc_cell,0.3005939928218062,rho,n_corr=10,{:.3f},1.0,0.301,,
PANEL.GB.R20.G.L_S.median_abs_assoc_agg,stats/panel_summary.csv,country=='uk' & radius_km==20 & dc_mw==300.0 & aggregate_target=='G' & loss=='L_S',median_abs_assoc_agg,0.3416666666666666,rho,n_corr=10,{:.3f},1.0,0.342,,
PANEL.GB.R20.G.L_S.n_agg_more_negative,stats/panel_summary.csv,country=='uk' & radius_km==20 & dc_mw==300.0 & aggregate_target=='G' & loss=='L_S',n_agg_more_negative,6,regions,n_corr=10,{:d},1.0,6,,
PANEL.GB.R20.G.L_S.n_agg_stronger_abs,stats/panel_summary.csv,country=='uk' & radius_km==20 & dc_mw==300.0 & aggregate_target=='G' & loss=='L_S',n_agg_stronger_abs,5,regions,n_corr=10,{:d},1.0,5,,
PANEL.GB.R20.G.L_S.p_signflip_d,stats/panel_summary.csv,country=='uk' & radius_km==20 & dc_mw==300.0 & aggregate_target=='G' & loss=='L_S',p_signflip_d,0.212890625,p,n_corr=10,{:.3g},1.0,0.213,,
PANEL.GB.R20.A_ref.L_E.n_total,stats/panel_summary.csv,country=='uk' & radius_km==20 & dc_mw==300.0 & aggregate_target=='A_ref' & loss=='L_E',n_total,16,regions,,{:d},1.0,16,,
PANEL.GB.R20.A_ref.L_E.n_eligible,stats/panel_summary.csv,country=='uk' & radius_km==20 & dc_mw==300.0 & aggregate_target=='A_ref' & loss=='L_E',n_eligible,13,regions,,{:d},1.0,13,,
PANEL.GB.R20.A_ref.L_E.n_corr,stats/panel_summary.csv,country=='uk' & radius_km==20 & dc_mw==300.0 & aggregate_target=='A_ref' & loss=='L_E',n_corr,13,regions,,{:d},1.0,13,,
PANEL.GB.R20.A_ref.L_E.median_assoc_cell,stats/panel_summary.csv,country=='uk' & radius_km==20 & dc_mw==300.0 & aggregate_target=='A_ref' & loss=='L_E',median_assoc_cell,-0.3833333333333333,rho,n_corr=13,{:.3f},1.0,-0.383,,
PANEL.GB.R20.A_ref.L_E.median_assoc_agg,stats/panel_summary.csv,country=='uk' & radius_km==20 & dc_mw==300.0 & aggregate_target=='A_ref' & loss=='L_E',median_assoc_agg,-0.9666666666666666,rho,n_corr=13,{:.3f},1.0,-0.967,,
PANEL.GB.R20.A_ref.L_E.median_abs_assoc_cell,stats/panel_summary.csv,country=='uk' & radius_km==20 & dc_mw==300.0 & aggregate_target=='A_ref' & loss=='L_E',median_abs_assoc_cell,0.3833333333333333,rho,n_corr=13,{:.3f},1.0,0.383,,
PANEL.GB.R20.A_ref.L_E.median_abs_assoc_agg,stats/panel_summary.csv,country=='uk' & radius_km==20 & dc_mw==300.0 & aggregate_target=='A_ref' & loss=='L_E',median_abs_assoc_agg,0.9666666666666666,rho,n_corr=13,{:.3f},1.0,0.967,,
PANEL.GB.R20.A_ref.L_E.n_agg_more_negative,stats/panel_summary.csv,country=='uk' & radius_km==20 & dc_mw==300.0 & aggregate_target=='A_ref' & loss=='L_E',n_agg_more_negative,13,regions,n_corr=13,{:d},1.0,13,,
PANEL.GB.R20.A_ref.L_E.n_agg_stronger_abs,stats/panel_summary.csv,country=='uk' & radius_km==20 & dc_mw==300.0 & aggregate_target=='A_ref' & loss=='L_E',n_agg_stronger_abs,13,regions,n_corr=13,{:d},1.0,13,,
PANEL.GB.R20.A_ref.L_E.p_signflip_d,stats/panel_summary.csv,country=='uk' & radius_km==20 & dc_mw==300.0 & aggregate_target=='A_ref' & loss=='L_E',p_signflip_d,0.000244140625,p,n_corr=13,{:.3g},1.0,0.000244,,
PANEL.GB.R20.A_ref.L_S.n_total,stats/panel_summary.csv,country=='uk' & radius_km==20 & dc_mw==300.0 & aggregate_target=='A_ref' & loss=='L_S',n_total,16,regions,,{:d},1.0,16,,
PANEL.GB.R20.A_ref.L_S.n_eligible,stats/panel_summary.csv,country=='uk' & radius_km==20 & dc_mw==300.0 & aggregate_target=='A_ref' & loss=='L_S',n_eligible,13,regions,,{:d},1.0,13,,
PANEL.GB.R20.A_ref.L_S.n_corr,stats/panel_summary.csv,country=='uk' & radius_km==20 & dc_mw==300.0 & aggregate_target=='A_ref' & loss=='L_S',n_corr,10,regions,,{:d},1.0,10,,
PANEL.GB.R20.A_ref.L_S.median_assoc_cell,stats/panel_summary.csv,country=='uk' & radius_km==20 & dc_mw==300.0 & aggregate_target=='A_ref' & loss=='L_S',median_assoc_cell,-0.1005939928218062,rho,n_corr=10,{:.3f},1.0,-0.101,,
PANEL.GB.R20.A_ref.L_S.median_assoc_agg,stats/panel_summary.csv,country=='uk' & radius_km==20 & dc_mw==300.0 & aggregate_target=='A_ref' & loss=='L_S',median_assoc_agg,-0.3201304469446872,rho,n_corr=10,{:.3f},1.0,-0.320,,
PANEL.GB.R20.A_ref.L_S.median_abs_assoc_cell,stats/panel_summary.csv,country=='uk' & radius_km==20 & dc_mw==300.0 & aggregate_target=='A_ref' & loss=='L_S',median_abs_assoc_cell,0.3005939928218062,rho,n_corr=10,{:.3f},1.0,0.301,,
PANEL.GB.R20.A_ref.L_S.median_abs_assoc_agg,stats/panel_summary.csv,country=='uk' & radius_km==20 & dc_mw==300.0 & aggregate_target=='A_ref' & loss=='L_S',median_abs_assoc_agg,0.325,rho,n_corr=10,{:.3f},1.0,0.325,,
PANEL.GB.R20.A_ref.L_S.n_agg_more_negative,stats/panel_summary.csv,country=='uk' & radius_km==20 & dc_mw==300.0 & aggregate_target=='A_ref' & loss=='L_S',n_agg_more_negative,6,regions,n_corr=10,{:d},1.0,6,,
PANEL.GB.R20.A_ref.L_S.n_agg_stronger_abs,stats/panel_summary.csv,country=='uk' & radius_km==20 & dc_mw==300.0 & aggregate_target=='A_ref' & loss=='L_S',n_agg_stronger_abs,5,regions,n_corr=10,{:d},1.0,5,,
PANEL.GB.R20.A_ref.L_S.p_signflip_d,stats/panel_summary.csv,country=='uk' & radius_km==20 & dc_mw==300.0 & aggregate_target=='A_ref' & loss=='L_S',p_signflip_d,0.1953125,p,n_corr=10,{:.3g},1.0,0.195,,
PANEL.AU.R10.G.L_E.n_total,stats/panel_summary.csv,country=='au' & radius_km==10 & dc_mw==300.0 & aggregate_target=='G' & loss=='L_E',n_total,12,regions,,{:d},1.0,12,,
PANEL.AU.R10.G.L_E.n_eligible,stats/panel_summary.csv,country=='au' & radius_km==10 & dc_mw==300.0 & aggregate_target=='G' & loss=='L_E',n_eligible,10,regions,,{:d},1.0,10,,
PANEL.AU.R10.G.L_E.n_corr,stats/panel_summary.csv,country=='au' & radius_km==10 & dc_mw==300.0 & aggregate_target=='G' & loss=='L_E',n_corr,8,regions,,{:d},1.0,8,,
PANEL.AU.R10.G.L_E.median_assoc_cell,stats/panel_summary.csv,country=='au' & radius_km==10 & dc_mw==300.0 & aggregate_target=='G' & loss=='L_E',median_assoc_cell,-0.4916666666666667,rho,n_corr=8,{:.3f},1.0,-0.492,,
PANEL.AU.R10.G.L_E.median_assoc_agg,stats/panel_summary.csv,country=='au' & radius_km==10 & dc_mw==300.0 & aggregate_target=='G' & loss=='L_E',median_assoc_agg,-0.8249999999999998,rho,n_corr=8,{:.3f},1.0,-0.825,,
PANEL.AU.R10.G.L_E.median_abs_assoc_cell,stats/panel_summary.csv,country=='au' & radius_km==10 & dc_mw==300.0 & aggregate_target=='G' & loss=='L_E',median_abs_assoc_cell,0.4916666666666667,rho,n_corr=8,{:.3f},1.0,0.492,,
PANEL.AU.R10.G.L_E.median_abs_assoc_agg,stats/panel_summary.csv,country=='au' & radius_km==10 & dc_mw==300.0 & aggregate_target=='G' & loss=='L_E',median_abs_assoc_agg,0.8249999999999998,rho,n_corr=8,{:.3f},1.0,0.825,,
PANEL.AU.R10.G.L_E.n_agg_more_negative,stats/panel_summary.csv,country=='au' & radius_km==10 & dc_mw==300.0 & aggregate_target=='G' & loss=='L_E',n_agg_more_negative,7,regions,n_corr=8,{:d},1.0,7,,
PANEL.AU.R10.G.L_E.n_agg_stronger_abs,stats/panel_summary.csv,country=='au' & radius_km==10 & dc_mw==300.0 & aggregate_target=='G' & loss=='L_E',n_agg_stronger_abs,7,regions,n_corr=8,{:d},1.0,7,,
PANEL.AU.R10.G.L_E.p_signflip_d,stats/panel_summary.csv,country=='au' & radius_km==10 & dc_mw==300.0 & aggregate_target=='G' & loss=='L_E',p_signflip_d,0.1875,p,n_corr=8,{:.3g},1.0,0.188,,
PANEL.AU.R10.G.L_S.n_total,stats/panel_summary.csv,country=='au' & radius_km==10 & dc_mw==300.0 & aggregate_target=='G' & loss=='L_S',n_total,12,regions,,{:d},1.0,12,,
PANEL.AU.R10.G.L_S.n_eligible,stats/panel_summary.csv,country=='au' & radius_km==10 & dc_mw==300.0 & aggregate_target=='G' & loss=='L_S',n_eligible,10,regions,,{:d},1.0,10,,
PANEL.AU.R10.G.L_S.n_corr,stats/panel_summary.csv,country=='au' & radius_km==10 & dc_mw==300.0 & aggregate_target=='G' & loss=='L_S',n_corr,6,regions,,{:d},1.0,6,,
PANEL.AU.R10.G.L_S.median_assoc_cell,stats/panel_summary.csv,country=='au' & radius_km==10 & dc_mw==300.0 & aggregate_target=='G' & loss=='L_S',median_assoc_cell,-0.3890403814210968,rho,n_corr=6,{:.3f},1.0,-0.389,,
PANEL.AU.R10.G.L_S.median_assoc_agg,stats/panel_summary.csv,country=='au' & radius_km==10 & dc_mw==300.0 & aggregate_target=='G' & loss=='L_S',median_assoc_agg,0.267963510912745,rho,n_corr=6,{:.3f},1.0,0.268,,
PANEL.AU.R10.G.L_S.median_abs_assoc_cell,stats/panel_summary.csv,country=='au' & radius_km==10 & dc_mw==300.0 & aggregate_target=='G' & loss=='L_S',median_abs_assoc_cell,0.5108843267981881,rho,n_corr=6,{:.3f},1.0,0.511,,
PANEL.AU.R10.G.L_S.median_abs_assoc_agg,stats/panel_summary.csv,country=='au' & radius_km==10 & dc_mw==300.0 & aggregate_target=='G' & loss=='L_S',median_abs_assoc_agg,0.4733594699771823,rho,n_corr=6,{:.3f},1.0,0.473,,
PANEL.AU.R10.G.L_S.n_agg_more_negative,stats/panel_summary.csv,country=='au' & radius_km==10 & dc_mw==300.0 & aggregate_target=='G' & loss=='L_S',n_agg_more_negative,1,regions,n_corr=6,{:d},1.0,1,,
PANEL.AU.R10.G.L_S.n_agg_stronger_abs,stats/panel_summary.csv,country=='au' & radius_km==10 & dc_mw==300.0 & aggregate_target=='G' & loss=='L_S',n_agg_stronger_abs,2,regions,n_corr=6,{:d},1.0,2,,
PANEL.AU.R10.G.L_S.p_signflip_d,stats/panel_summary.csv,country=='au' & radius_km==10 & dc_mw==300.0 & aggregate_target=='G' & loss=='L_S',p_signflip_d,0.125,p,n_corr=6,{:.3g},1.0,0.125,,
PANEL.AU.R10.A_ref.L_E.n_total,stats/panel_summary.csv,country=='au' & radius_km==10 & dc_mw==300.0 & aggregate_target=='A_ref' & loss=='L_E',n_total,12,regions,,{:d},1.0,12,,
PANEL.AU.R10.A_ref.L_E.n_eligible,stats/panel_summary.csv,country=='au' & radius_km==10 & dc_mw==300.0 & aggregate_target=='A_ref' & loss=='L_E',n_eligible,10,regions,,{:d},1.0,10,,
PANEL.AU.R10.A_ref.L_E.n_corr,stats/panel_summary.csv,country=='au' & radius_km==10 & dc_mw==300.0 & aggregate_target=='A_ref' & loss=='L_E',n_corr,8,regions,,{:d},1.0,8,,
PANEL.AU.R10.A_ref.L_E.median_assoc_cell,stats/panel_summary.csv,country=='au' & radius_km==10 & dc_mw==300.0 & aggregate_target=='A_ref' & loss=='L_E',median_assoc_cell,-0.4916666666666667,rho,n_corr=8,{:.3f},1.0,-0.492,,
PANEL.AU.R10.A_ref.L_E.median_assoc_agg,stats/panel_summary.csv,country=='au' & radius_km==10 & dc_mw==300.0 & aggregate_target=='A_ref' & loss=='L_E',median_assoc_agg,-0.725,rho,n_corr=8,{:.3f},1.0,-0.725,,
PANEL.AU.R10.A_ref.L_E.median_abs_assoc_cell,stats/panel_summary.csv,country=='au' & radius_km==10 & dc_mw==300.0 & aggregate_target=='A_ref' & loss=='L_E',median_abs_assoc_cell,0.4916666666666667,rho,n_corr=8,{:.3f},1.0,0.492,,
PANEL.AU.R10.A_ref.L_E.median_abs_assoc_agg,stats/panel_summary.csv,country=='au' & radius_km==10 & dc_mw==300.0 & aggregate_target=='A_ref' & loss=='L_E',median_abs_assoc_agg,0.725,rho,n_corr=8,{:.3f},1.0,0.725,,
PANEL.AU.R10.A_ref.L_E.n_agg_more_negative,stats/panel_summary.csv,country=='au' & radius_km==10 & dc_mw==300.0 & aggregate_target=='A_ref' & loss=='L_E',n_agg_more_negative,5,regions,n_corr=8,{:d},1.0,5,,
PANEL.AU.R10.A_ref.L_E.n_agg_stronger_abs,stats/panel_summary.csv,country=='au' & radius_km==10 & dc_mw==300.0 & aggregate_target=='A_ref' & loss=='L_E',n_agg_stronger_abs,5,regions,n_corr=8,{:d},1.0,5,,
PANEL.AU.R10.A_ref.L_E.p_signflip_d,stats/panel_summary.csv,country=='au' & radius_km==10 & dc_mw==300.0 & aggregate_target=='A_ref' & loss=='L_E',p_signflip_d,0.078125,p,n_corr=8,{:.3g},1.0,0.0781,,
PANEL.AU.R10.A_ref.L_S.n_total,stats/panel_summary.csv,country=='au' & radius_km==10 & dc_mw==300.0 & aggregate_target=='A_ref' & loss=='L_S',n_total,12,regions,,{:d},1.0,12,,
PANEL.AU.R10.A_ref.L_S.n_eligible,stats/panel_summary.csv,country=='au' & radius_km==10 & dc_mw==300.0 & aggregate_target=='A_ref' & loss=='L_S',n_eligible,10,regions,,{:d},1.0,10,,
PANEL.AU.R10.A_ref.L_S.n_corr,stats/panel_summary.csv,country=='au' & radius_km==10 & dc_mw==300.0 & aggregate_target=='A_ref' & loss=='L_S',n_corr,6,regions,,{:d},1.0,6,,
PANEL.AU.R10.A_ref.L_S.median_assoc_cell,stats/panel_summary.csv,country=='au' & radius_km==10 & dc_mw==300.0 & aggregate_target=='A_ref' & loss=='L_S',median_assoc_cell,-0.3890403814210968,rho,n_corr=6,{:.3f},1.0,-0.389,,
PANEL.AU.R10.A_ref.L_S.median_assoc_agg,stats/panel_summary.csv,country=='au' & radius_km==10 & dc_mw==300.0 & aggregate_target=='A_ref' & loss=='L_S',median_assoc_agg,-0.3091965331623439,rho,n_corr=6,{:.3f},1.0,-0.309,,
PANEL.AU.R10.A_ref.L_S.median_abs_assoc_cell,stats/panel_summary.csv,country=='au' & radius_km==10 & dc_mw==300.0 & aggregate_target=='A_ref' & loss=='L_S',median_abs_assoc_cell,0.5108843267981881,rho,n_corr=6,{:.3f},1.0,0.511,,
PANEL.AU.R10.A_ref.L_S.median_abs_assoc_agg,stats/panel_summary.csv,country=='au' & radius_km==10 & dc_mw==300.0 & aggregate_target=='A_ref' & loss=='L_S',median_abs_assoc_agg,0.5326358635059658,rho,n_corr=6,{:.3f},1.0,0.533,,
PANEL.AU.R10.A_ref.L_S.n_agg_more_negative,stats/panel_summary.csv,country=='au' & radius_km==10 & dc_mw==300.0 & aggregate_target=='A_ref' & loss=='L_S',n_agg_more_negative,2,regions,n_corr=6,{:d},1.0,2,,
PANEL.AU.R10.A_ref.L_S.n_agg_stronger_abs,stats/panel_summary.csv,country=='au' & radius_km==10 & dc_mw==300.0 & aggregate_target=='A_ref' & loss=='L_S',n_agg_stronger_abs,2,regions,n_corr=6,{:d},1.0,2,,
PANEL.AU.R10.A_ref.L_S.p_signflip_d,stats/panel_summary.csv,country=='au' & radius_km==10 & dc_mw==300.0 & aggregate_target=='A_ref' & loss=='L_S',p_signflip_d,0.75,p,n_corr=6,{:.3g},1.0,0.75,,
PANEL.AU.R20.G.L_E.n_total,stats/panel_summary.csv,country=='au' & radius_km==20 & dc_mw==300.0 & aggregate_target=='G' & loss=='L_E',n_total,12,regions,,{:d},1.0,12,,
PANEL.AU.R20.G.L_E.n_eligible,stats/panel_summary.csv,country=='au' & radius_km==20 & dc_mw==300.0 & aggregate_target=='G' & loss=='L_E',n_eligible,10,regions,,{:d},1.0,10,,
PANEL.AU.R20.G.L_E.n_corr,stats/panel_summary.csv,country=='au' & radius_km==20 & dc_mw==300.0 & aggregate_target=='G' & loss=='L_E',n_corr,3,regions,,{:d},1.0,3,,
PANEL.AU.R20.G.L_E.median_assoc_cell,stats/panel_summary.csv,country=='au' & radius_km==20 & dc_mw==300.0 & aggregate_target=='G' & loss=='L_E',median_assoc_cell,-0.4666666666666666,rho,n_corr=3,{:.3f},1.0,-0.467,,
PANEL.AU.R20.G.L_E.median_assoc_agg,stats/panel_summary.csv,country=='au' & radius_km==20 & dc_mw==300.0 & aggregate_target=='G' & loss=='L_E',median_assoc_agg,-0.5666666666666667,rho,n_corr=3,{:.3f},1.0,-0.567,,
PANEL.AU.R20.G.L_E.median_abs_assoc_cell,stats/panel_summary.csv,country=='au' & radius_km==20 & dc_mw==300.0 & aggregate_target=='G' & loss=='L_E',median_abs_assoc_cell,0.4666666666666666,rho,n_corr=3,{:.3f},1.0,0.467,,
PANEL.AU.R20.G.L_E.median_abs_assoc_agg,stats/panel_summary.csv,country=='au' & radius_km==20 & dc_mw==300.0 & aggregate_target=='G' & loss=='L_E',median_abs_assoc_agg,0.5666666666666667,rho,n_corr=3,{:.3f},1.0,0.567,,
PANEL.AU.R20.G.L_E.n_agg_more_negative,stats/panel_summary.csv,country=='au' & radius_km==20 & dc_mw==300.0 & aggregate_target=='G' & loss=='L_E',n_agg_more_negative,2,regions,n_corr=3,{:d},1.0,2,,
PANEL.AU.R20.G.L_E.n_agg_stronger_abs,stats/panel_summary.csv,country=='au' & radius_km==20 & dc_mw==300.0 & aggregate_target=='G' & loss=='L_E',n_agg_stronger_abs,2,regions,n_corr=3,{:d},1.0,2,,
PANEL.AU.R20.G.L_E.p_signflip_d,stats/panel_summary.csv,country=='au' & radius_km==20 & dc_mw==300.0 & aggregate_target=='G' & loss=='L_E',p_signflip_d,0.75,p,n_corr=3,{:.3g},1.0,0.75,,
PANEL.AU.R20.G.L_S.n_total,stats/panel_summary.csv,country=='au' & radius_km==20 & dc_mw==300.0 & aggregate_target=='G' & loss=='L_S',n_total,12,regions,,{:d},1.0,12,,
PANEL.AU.R20.G.L_S.n_eligible,stats/panel_summary.csv,country=='au' & radius_km==20 & dc_mw==300.0 & aggregate_target=='G' & loss=='L_S',n_eligible,10,regions,,{:d},1.0,10,,
PANEL.AU.R20.G.L_S.n_corr,stats/panel_summary.csv,country=='au' & radius_km==20 & dc_mw==300.0 & aggregate_target=='G' & loss=='L_S',n_corr,3,regions,,{:d},1.0,3,,
PANEL.AU.R20.G.L_S.median_assoc_cell,stats/panel_summary.csv,country=='au' & radius_km==20 & dc_mw==300.0 & aggregate_target=='G' & loss=='L_S',median_assoc_cell,-0.5999999999999999,rho,n_corr=3,{:.3f},1.0,-0.600,,
PANEL.AU.R20.G.L_S.median_assoc_agg,stats/panel_summary.csv,country=='au' & radius_km==20 & dc_mw==300.0 & aggregate_target=='G' & loss=='L_S',median_assoc_agg,-0.6390096504226938,rho,n_corr=3,{:.3f},1.0,-0.639,,
PANEL.AU.R20.G.L_S.median_abs_assoc_cell,stats/panel_summary.csv,country=='au' & radius_km==20 & dc_mw==300.0 & aggregate_target=='G' & loss=='L_S',median_abs_assoc_cell,0.5999999999999999,rho,n_corr=3,{:.3f},1.0,0.600,,
PANEL.AU.R20.G.L_S.median_abs_assoc_agg,stats/panel_summary.csv,country=='au' & radius_km==20 & dc_mw==300.0 & aggregate_target=='G' & loss=='L_S',median_abs_assoc_agg,0.6390096504226938,rho,n_corr=3,{:.3f},1.0,0.639,,
PANEL.AU.R20.G.L_S.n_agg_more_negative,stats/panel_summary.csv,country=='au' & radius_km==20 & dc_mw==300.0 & aggregate_target=='G' & loss=='L_S',n_agg_more_negative,2,regions,n_corr=3,{:d},1.0,2,,
PANEL.AU.R20.G.L_S.n_agg_stronger_abs,stats/panel_summary.csv,country=='au' & radius_km==20 & dc_mw==300.0 & aggregate_target=='G' & loss=='L_S',n_agg_stronger_abs,2,regions,n_corr=3,{:d},1.0,2,,
PANEL.AU.R20.G.L_S.p_signflip_d,stats/panel_summary.csv,country=='au' & radius_km==20 & dc_mw==300.0 & aggregate_target=='G' & loss=='L_S',p_signflip_d,0.5,p,n_corr=3,{:.3g},1.0,0.5,,
PANEL.AU.R20.A_ref.L_E.n_total,stats/panel_summary.csv,country=='au' & radius_km==20 & dc_mw==300.0 & aggregate_target=='A_ref' & loss=='L_E',n_total,12,regions,,{:d},1.0,12,,
PANEL.AU.R20.A_ref.L_E.n_eligible,stats/panel_summary.csv,country=='au' & radius_km==20 & dc_mw==300.0 & aggregate_target=='A_ref' & loss=='L_E',n_eligible,10,regions,,{:d},1.0,10,,
PANEL.AU.R20.A_ref.L_E.n_corr,stats/panel_summary.csv,country=='au' & radius_km==20 & dc_mw==300.0 & aggregate_target=='A_ref' & loss=='L_E',n_corr,3,regions,,{:d},1.0,3,,
PANEL.AU.R20.A_ref.L_E.median_assoc_cell,stats/panel_summary.csv,country=='au' & radius_km==20 & dc_mw==300.0 & aggregate_target=='A_ref' & loss=='L_E',median_assoc_cell,-0.4666666666666666,rho,n_corr=3,{:.3f},1.0,-0.467,,
PANEL.AU.R20.A_ref.L_E.median_assoc_agg,stats/panel_summary.csv,country=='au' & radius_km==20 & dc_mw==300.0 & aggregate_target=='A_ref' & loss=='L_E',median_assoc_agg,-0.65,rho,n_corr=3,{:.3f},1.0,-0.650,,
PANEL.AU.R20.A_ref.L_E.median_abs_assoc_cell,stats/panel_summary.csv,country=='au' & radius_km==20 & dc_mw==300.0 & aggregate_target=='A_ref' & loss=='L_E',median_abs_assoc_cell,0.4666666666666666,rho,n_corr=3,{:.3f},1.0,0.467,,
PANEL.AU.R20.A_ref.L_E.median_abs_assoc_agg,stats/panel_summary.csv,country=='au' & radius_km==20 & dc_mw==300.0 & aggregate_target=='A_ref' & loss=='L_E',median_abs_assoc_agg,0.65,rho,n_corr=3,{:.3f},1.0,0.650,,
PANEL.AU.R20.A_ref.L_E.n_agg_more_negative,stats/panel_summary.csv,country=='au' & radius_km==20 & dc_mw==300.0 & aggregate_target=='A_ref' & loss=='L_E',n_agg_more_negative,3,regions,n_corr=3,{:d},1.0,3,,
PANEL.AU.R20.A_ref.L_E.n_agg_stronger_abs,stats/panel_summary.csv,country=='au' & radius_km==20 & dc_mw==300.0 & aggregate_target=='A_ref' & loss=='L_E',n_agg_stronger_abs,3,regions,n_corr=3,{:d},1.0,3,,
PANEL.AU.R20.A_ref.L_E.p_signflip_d,stats/panel_summary.csv,country=='au' & radius_km==20 & dc_mw==300.0 & aggregate_target=='A_ref' & loss=='L_E',p_signflip_d,0.25,p,n_corr=3,{:.3g},1.0,0.25,,
PANEL.AU.R20.A_ref.L_S.n_total,stats/panel_summary.csv,country=='au' & radius_km==20 & dc_mw==300.0 & aggregate_target=='A_ref' & loss=='L_S',n_total,12,regions,,{:d},1.0,12,,
PANEL.AU.R20.A_ref.L_S.n_eligible,stats/panel_summary.csv,country=='au' & radius_km==20 & dc_mw==300.0 & aggregate_target=='A_ref' & loss=='L_S',n_eligible,10,regions,,{:d},1.0,10,,
PANEL.AU.R20.A_ref.L_S.n_corr,stats/panel_summary.csv,country=='au' & radius_km==20 & dc_mw==300.0 & aggregate_target=='A_ref' & loss=='L_S',n_corr,3,regions,,{:d},1.0,3,,
PANEL.AU.R20.A_ref.L_S.median_assoc_cell,stats/panel_summary.csv,country=='au' & radius_km==20 & dc_mw==300.0 & aggregate_target=='A_ref' & loss=='L_S',median_assoc_cell,-0.5999999999999999,rho,n_corr=3,{:.3f},1.0,-0.600,,
PANEL.AU.R20.A_ref.L_S.median_assoc_agg,stats/panel_summary.csv,country=='au' & radius_km==20 & dc_mw==300.0 & aggregate_target=='A_ref' & loss=='L_S',median_assoc_agg,-0.547722557505166,rho,n_corr=3,{:.3f},1.0,-0.548,,
PANEL.AU.R20.A_ref.L_S.median_abs_assoc_cell,stats/panel_summary.csv,country=='au' & radius_km==20 & dc_mw==300.0 & aggregate_target=='A_ref' & loss=='L_S',median_abs_assoc_cell,0.5999999999999999,rho,n_corr=3,{:.3f},1.0,0.600,,
PANEL.AU.R20.A_ref.L_S.median_abs_assoc_agg,stats/panel_summary.csv,country=='au' & radius_km==20 & dc_mw==300.0 & aggregate_target=='A_ref' & loss=='L_S',median_abs_assoc_agg,0.547722557505166,rho,n_corr=3,{:.3f},1.0,0.548,,
PANEL.AU.R20.A_ref.L_S.n_agg_more_negative,stats/panel_summary.csv,country=='au' & radius_km==20 & dc_mw==300.0 & aggregate_target=='A_ref' & loss=='L_S',n_agg_more_negative,1,regions,n_corr=3,{:d},1.0,1,,
PANEL.AU.R20.A_ref.L_S.n_agg_stronger_abs,stats/panel_summary.csv,country=='au' & radius_km==20 & dc_mw==300.0 & aggregate_target=='A_ref' & loss=='L_S',n_agg_stronger_abs,1,regions,n_corr=3,{:d},1.0,1,,
PANEL.AU.R20.A_ref.L_S.p_signflip_d,stats/panel_summary.csv,country=='au' & radius_km==20 & dc_mw==300.0 & aggregate_target=='A_ref' & loss=='L_S',p_signflip_d,1.0,p,n_corr=3,{:.3g},1.0,1,,
SCALE.GB.ledger_G.R1.median_rel_pct,stats/scale_curves.csv,country=='uk' & centres=='station' & target=='ledger_G' & radius_km==1.0,median_rel_pct,-9.887531319053576,%,16 regions,{:+.2f},1.0,-9.89,,
SCALE.GB.ledger_G.R1.q25,stats/scale_curves.csv,country=='uk' & centres=='station' & target=='ledger_G' & radius_km==1.0,q25,-11.386670403923056,%,16 regions,{:+.1f},1.0,-11.4,,
SCALE.GB.ledger_G.R1.q75,stats/scale_curves.csv,country=='uk' & centres=='station' & target=='ledger_G' & radius_km==1.0,q75,-5.509558044047358,%,16 regions,{:+.1f},1.0,-5.5,,
SCALE.GB.ledger_G.R1.wins,stats/scale_curves.csv,country=='uk' & centres=='station' & target=='ledger_G' & radius_km==1.0,wins,15,regions,16 regions,{:d},1.0,15,,
SCALE.GB.ledger_G.R1.losses,stats/scale_curves.csv,country=='uk' & centres=='station' & target=='ledger_G' & radius_km==1.0,losses,1,regions,16 regions,{:d},1.0,1,,
SCALE.GB.ledger_G.R1.ties,stats/scale_curves.csv,country=='uk' & centres=='station' & target=='ledger_G' & radius_km==1.0,ties,0,regions,16 regions,{:d},1.0,0,,
SCALE.GB.ledger_G.R1.n_pct_defined,stats/scale_curves.csv,country=='uk' & centres=='station' & target=='ledger_G' & radius_km==1.0,n_pct_defined,16,regions,16 regions,{:d},1.0,16,,
SCALE.GB.ledger_G.R1.p_signflip,stats/scale_curves.csv,country=='uk' & centres=='station' & target=='ledger_G' & radius_km==1.0,p_signflip,0.00018310546875,p,16 regions,{:.3g},1.0,0.000183,,
SCALE.GB.VD_Ref.R1.median_rel_pct,stats/scale_curves.csv,country=='uk' & centres=='station' & target=='VD_Ref' & radius_km==1.0,median_rel_pct,25.5693058316548,%,16 regions,{:+.2f},1.0,+25.57,,
SCALE.GB.VD_Ref.R1.q25,stats/scale_curves.csv,country=='uk' & centres=='station' & target=='VD_Ref' & radius_km==1.0,q25,-2.073562761105448,%,16 regions,{:+.1f},1.0,-2.1,,
SCALE.GB.VD_Ref.R1.q75,stats/scale_curves.csv,country=='uk' & centres=='station' & target=='VD_Ref' & radius_km==1.0,q75,65.53196844602924,%,16 regions,{:+.1f},1.0,+65.5,,
SCALE.GB.VD_Ref.R1.wins,stats/scale_curves.csv,country=='uk' & centres=='station' & target=='VD_Ref' & radius_km==1.0,wins,5,regions,16 regions,{:d},1.0,5,,
SCALE.GB.VD_Ref.R1.losses,stats/scale_curves.csv,country=='uk' & centres=='station' & target=='VD_Ref' & radius_km==1.0,losses,11,regions,16 regions,{:d},1.0,11,,
SCALE.GB.VD_Ref.R1.ties,stats/scale_curves.csv,country=='uk' & centres=='station' & target=='VD_Ref' & radius_km==1.0,ties,0,regions,16 regions,{:d},1.0,0,,
SCALE.GB.VD_Ref.R1.n_pct_defined,stats/scale_curves.csv,country=='uk' & centres=='station' & target=='VD_Ref' & radius_km==1.0,n_pct_defined,16,regions,16 regions,{:d},1.0,16,,
SCALE.GB.VD_Ref.R1.p_signflip,stats/scale_curves.csv,country=='uk' & centres=='station' & target=='VD_Ref' & radius_km==1.0,p_signflip,0.424468994140625,p,16 regions,{:.3g},1.0,0.424,,
SCALE.GB.ledger_G.R2.median_rel_pct,stats/scale_curves.csv,country=='uk' & centres=='station' & target=='ledger_G' & radius_km==2.0,median_rel_pct,-16.36571959024228,%,16 regions,{:+.2f},1.0,-16.37,,
SCALE.GB.ledger_G.R2.q25,stats/scale_curves.csv,country=='uk' & centres=='station' & target=='ledger_G' & radius_km==2.0,q25,-21.182054108754333,%,16 regions,{:+.1f},1.0,-21.2,,
SCALE.GB.ledger_G.R2.q75,stats/scale_curves.csv,country=='uk' & centres=='station' & target=='ledger_G' & radius_km==2.0,q75,-12.08357351035048,%,16 regions,{:+.1f},1.0,-12.1,,
SCALE.GB.ledger_G.R2.wins,stats/scale_curves.csv,country=='uk' & centres=='station' & target=='ledger_G' & radius_km==2.0,wins,15,regions,16 regions,{:d},1.0,15,,
SCALE.GB.ledger_G.R2.losses,stats/scale_curves.csv,country=='uk' & centres=='station' & target=='ledger_G' & radius_km==2.0,losses,1,regions,16 regions,{:d},1.0,1,,
SCALE.GB.ledger_G.R2.ties,stats/scale_curves.csv,country=='uk' & centres=='station' & target=='ledger_G' & radius_km==2.0,ties,0,regions,16 regions,{:d},1.0,0,,
SCALE.GB.ledger_G.R2.n_pct_defined,stats/scale_curves.csv,country=='uk' & centres=='station' & target=='ledger_G' & radius_km==2.0,n_pct_defined,16,regions,16 regions,{:d},1.0,16,,
SCALE.GB.ledger_G.R2.p_signflip,stats/scale_curves.csv,country=='uk' & centres=='station' & target=='ledger_G' & radius_km==2.0,p_signflip,6.103515625e-05,p,16 regions,{:.3g},1.0,6.1e-05,,
SCALE.GB.VD_Ref.R2.median_rel_pct,stats/scale_curves.csv,country=='uk' & centres=='station' & target=='VD_Ref' & radius_km==2.0,median_rel_pct,-7.968658255486465,%,16 regions,{:+.2f},1.0,-7.97,,
SCALE.GB.VD_Ref.R2.q25,stats/scale_curves.csv,country=='uk' & centres=='station' & target=='VD_Ref' & radius_km==2.0,q25,-18.031858653951392,%,16 regions,{:+.1f},1.0,-18.0,,
SCALE.GB.VD_Ref.R2.q75,stats/scale_curves.csv,country=='uk' & centres=='station' & target=='VD_Ref' & radius_km==2.0,q75,20.702565740407977,%,16 regions,{:+.1f},1.0,+20.7,,
SCALE.GB.VD_Ref.R2.wins,stats/scale_curves.csv,country=='uk' & centres=='station' & target=='VD_Ref' & radius_km==2.0,wins,10,regions,16 regions,{:d},1.0,10,,
SCALE.GB.VD_Ref.R2.losses,stats/scale_curves.csv,country=='uk' & centres=='station' & target=='VD_Ref' & radius_km==2.0,losses,6,regions,16 regions,{:d},1.0,6,,
SCALE.GB.VD_Ref.R2.ties,stats/scale_curves.csv,country=='uk' & centres=='station' & target=='VD_Ref' & radius_km==2.0,ties,0,regions,16 regions,{:d},1.0,0,,
SCALE.GB.VD_Ref.R2.n_pct_defined,stats/scale_curves.csv,country=='uk' & centres=='station' & target=='VD_Ref' & radius_km==2.0,n_pct_defined,16,regions,16 regions,{:d},1.0,16,,
SCALE.GB.VD_Ref.R2.p_signflip,stats/scale_curves.csv,country=='uk' & centres=='station' & target=='VD_Ref' & radius_km==2.0,p_signflip,0.088348388671875,p,16 regions,{:.3g},1.0,0.0883,,
SCALE.GB.ledger_G.R3.median_rel_pct,stats/scale_curves.csv,country=='uk' & centres=='station' & target=='ledger_G' & radius_km==3.0,median_rel_pct,-24.390856898825056,%,16 regions,{:+.2f},1.0,-24.39,,
SCALE.GB.ledger_G.R3.q25,stats/scale_curves.csv,country=='uk' & centres=='station' & target=='ledger_G' & radius_km==3.0,q25,-30.379912480654166,%,16 regions,{:+.1f},1.0,-30.4,,
SCALE.GB.ledger_G.R3.q75,stats/scale_curves.csv,country=='uk' & centres=='station' & target=='ledger_G' & radius_km==3.0,q75,-15.079482085992511,%,16 regions,{:+.1f},1.0,-15.1,,
SCALE.GB.ledger_G.R3.wins,stats/scale_curves.csv,country=='uk' & centres=='station' & target=='ledger_G' & radius_km==3.0,wins,15,regions,16 regions,{:d},1.0,15,,
SCALE.GB.ledger_G.R3.losses,stats/scale_curves.csv,country=='uk' & centres=='station' & target=='ledger_G' & radius_km==3.0,losses,1,regions,16 regions,{:d},1.0,1,,
SCALE.GB.ledger_G.R3.ties,stats/scale_curves.csv,country=='uk' & centres=='station' & target=='ledger_G' & radius_km==3.0,ties,0,regions,16 regions,{:d},1.0,0,,
SCALE.GB.ledger_G.R3.n_pct_defined,stats/scale_curves.csv,country=='uk' & centres=='station' & target=='ledger_G' & radius_km==3.0,n_pct_defined,16,regions,16 regions,{:d},1.0,16,,
SCALE.GB.ledger_G.R3.p_signflip,stats/scale_curves.csv,country=='uk' & centres=='station' & target=='ledger_G' & radius_km==3.0,p_signflip,6.103515625e-05,p,16 regions,{:.3g},1.0,6.1e-05,,
SCALE.GB.VD_Ref.R3.median_rel_pct,stats/scale_curves.csv,country=='uk' & centres=='station' & target=='VD_Ref' & radius_km==3.0,median_rel_pct,-16.187136301909884,%,16 regions,{:+.2f},1.0,-16.19,,
SCALE.GB.VD_Ref.R3.q25,stats/scale_curves.csv,country=='uk' & centres=='station' & target=='VD_Ref' & radius_km==3.0,q25,-25.975756884276727,%,16 regions,{:+.1f},1.0,-26.0,,
SCALE.GB.VD_Ref.R3.q75,stats/scale_curves.csv,country=='uk' & centres=='station' & target=='VD_Ref' & radius_km==3.0,q75,-2.367529332105906,%,16 regions,{:+.1f},1.0,-2.4,,
SCALE.GB.VD_Ref.R3.wins,stats/scale_curves.csv,country=='uk' & centres=='station' & target=='VD_Ref' & radius_km==3.0,wins,12,regions,16 regions,{:d},1.0,12,,
SCALE.GB.VD_Ref.R3.losses,stats/scale_curves.csv,country=='uk' & centres=='station' & target=='VD_Ref' & radius_km==3.0,losses,4,regions,16 regions,{:d},1.0,4,,
SCALE.GB.VD_Ref.R3.ties,stats/scale_curves.csv,country=='uk' & centres=='station' & target=='VD_Ref' & radius_km==3.0,ties,0,regions,16 regions,{:d},1.0,0,,
SCALE.GB.VD_Ref.R3.n_pct_defined,stats/scale_curves.csv,country=='uk' & centres=='station' & target=='VD_Ref' & radius_km==3.0,n_pct_defined,16,regions,16 regions,{:d},1.0,16,,
SCALE.GB.VD_Ref.R3.p_signflip,stats/scale_curves.csv,country=='uk' & centres=='station' & target=='VD_Ref' & radius_km==3.0,p_signflip,0.0047607421875,p,16 regions,{:.3g},1.0,0.00476,,
SCALE.GB.ledger_G.R5.median_rel_pct,stats/scale_curves.csv,country=='uk' & centres=='station' & target=='ledger_G' & radius_km==5.0,median_rel_pct,-30.588323390848707,%,16 regions,{:+.2f},1.0,-30.59,,
SCALE.GB.ledger_G.R5.q25,stats/scale_curves.csv,country=='uk' & centres=='station' & target=='ledger_G' & radius_km==5.0,q25,-34.943323563195264,%,16 regions,{:+.1f},1.0,-34.9,,
SCALE.GB.ledger_G.R5.q75,stats/scale_curves.csv,country=='uk' & centres=='station' & target=='ledger_G' & radius_km==5.0,q75,-18.79031042305557,%,16 regions,{:+.1f},1.0,-18.8,,
SCALE.GB.ledger_G.R5.wins,stats/scale_curves.csv,country=='uk' & centres=='station' & target=='ledger_G' & radius_km==5.0,wins,16,regions,16 regions,{:d},1.0,16,,
SCALE.GB.ledger_G.R5.losses,stats/scale_curves.csv,country=='uk' & centres=='station' & target=='ledger_G' & radius_km==5.0,losses,0,regions,16 regions,{:d},1.0,0,,
SCALE.GB.ledger_G.R5.ties,stats/scale_curves.csv,country=='uk' & centres=='station' & target=='ledger_G' & radius_km==5.0,ties,0,regions,16 regions,{:d},1.0,0,,
SCALE.GB.ledger_G.R5.n_pct_defined,stats/scale_curves.csv,country=='uk' & centres=='station' & target=='ledger_G' & radius_km==5.0,n_pct_defined,16,regions,16 regions,{:d},1.0,16,,
SCALE.GB.ledger_G.R5.p_signflip,stats/scale_curves.csv,country=='uk' & centres=='station' & target=='ledger_G' & radius_km==5.0,p_signflip,3.0517578125e-05,p,16 regions,{:.3g},1.0,3.05e-05,,
SCALE.GB.VD_Ref.R5.median_rel_pct,stats/scale_curves.csv,country=='uk' & centres=='station' & target=='VD_Ref' & radius_km==5.0,median_rel_pct,-27.20813338978284,%,16 regions,{:+.2f},1.0,-27.21,,
SCALE.GB.VD_Ref.R5.q25,stats/scale_curves.csv,country=='uk' & centres=='station' & target=='VD_Ref' & radius_km==5.0,q25,-35.24587474822989,%,16 regions,{:+.1f},1.0,-35.2,,
SCALE.GB.VD_Ref.R5.q75,stats/scale_curves.csv,country=='uk' & centres=='station' & target=='VD_Ref' & radius_km==5.0,q75,-9.684194065945128,%,16 regions,{:+.1f},1.0,-9.7,,
SCALE.GB.VD_Ref.R5.wins,stats/scale_curves.csv,country=='uk' & centres=='station' & target=='VD_Ref' & radius_km==5.0,wins,14,regions,16 regions,{:d},1.0,14,,
SCALE.GB.VD_Ref.R5.losses,stats/scale_curves.csv,country=='uk' & centres=='station' & target=='VD_Ref' & radius_km==5.0,losses,2,regions,16 regions,{:d},1.0,2,,
SCALE.GB.VD_Ref.R5.ties,stats/scale_curves.csv,country=='uk' & centres=='station' & target=='VD_Ref' & radius_km==5.0,ties,0,regions,16 regions,{:d},1.0,0,,
SCALE.GB.VD_Ref.R5.n_pct_defined,stats/scale_curves.csv,country=='uk' & centres=='station' & target=='VD_Ref' & radius_km==5.0,n_pct_defined,16,regions,16 regions,{:d},1.0,16,,
SCALE.GB.VD_Ref.R5.p_signflip,stats/scale_curves.csv,country=='uk' & centres=='station' & target=='VD_Ref' & radius_km==5.0,p_signflip,0.0001220703125,p,16 regions,{:.3g},1.0,0.000122,,
SCALE.GB.ledger_G.R7.5.median_rel_pct,stats/scale_curves.csv,country=='uk' & centres=='station' & target=='ledger_G' & radius_km==7.5,median_rel_pct,-33.187080321400096,%,16 regions,{:+.2f},1.0,-33.19,,
SCALE.GB.ledger_G.R7.5.q25,stats/scale_curves.csv,country=='uk' & centres=='station' & target=='ledger_G' & radius_km==7.5,q25,-38.810105387947694,%,16 regions,{:+.1f},1.0,-38.8,,
SCALE.GB.ledger_G.R7.5.q75,stats/scale_curves.csv,country=='uk' & centres=='station' & target=='ledger_G' & radius_km==7.5,q75,-26.420785439607908,%,16 regions,{:+.1f},1.0,-26.4,,
SCALE.GB.ledger_G.R7.5.wins,stats/scale_curves.csv,country=='uk' & centres=='station' & target=='ledger_G' & radius_km==7.5,wins,16,regions,16 regions,{:d},1.0,16,,
SCALE.GB.ledger_G.R7.5.losses,stats/scale_curves.csv,country=='uk' & centres=='station' & target=='ledger_G' & radius_km==7.5,losses,0,regions,16 regions,{:d},1.0,0,,
SCALE.GB.ledger_G.R7.5.ties,stats/scale_curves.csv,country=='uk' & centres=='station' & target=='ledger_G' & radius_km==7.5,ties,0,regions,16 regions,{:d},1.0,0,,
SCALE.GB.ledger_G.R7.5.n_pct_defined,stats/scale_curves.csv,country=='uk' & centres=='station' & target=='ledger_G' & radius_km==7.5,n_pct_defined,16,regions,16 regions,{:d},1.0,16,,
SCALE.GB.ledger_G.R7.5.p_signflip,stats/scale_curves.csv,country=='uk' & centres=='station' & target=='ledger_G' & radius_km==7.5,p_signflip,3.0517578125e-05,p,16 regions,{:.3g},1.0,3.05e-05,,
SCALE.GB.VD_Ref.R7.5.median_rel_pct,stats/scale_curves.csv,country=='uk' & centres=='station' & target=='VD_Ref' & radius_km==7.5,median_rel_pct,-28.3041372170016,%,16 regions,{:+.2f},1.0,-28.30,,
SCALE.GB.VD_Ref.R7.5.q25,stats/scale_curves.csv,country=='uk' & centres=='station' & target=='VD_Ref' & radius_km==7.5,q25,-47.455324389935285,%,16 regions,{:+.1f},1.0,-47.5,,
SCALE.GB.VD_Ref.R7.5.q75,stats/scale_curves.csv,country=='uk' & centres=='station' & target=='VD_Ref' & radius_km==7.5,q75,-13.703664032206127,%,16 regions,{:+.1f},1.0,-13.7,,
SCALE.GB.VD_Ref.R7.5.wins,stats/scale_curves.csv,country=='uk' & centres=='station' & target=='VD_Ref' & radius_km==7.5,wins,15,regions,16 regions,{:d},1.0,15,,
SCALE.GB.VD_Ref.R7.5.losses,stats/scale_curves.csv,country=='uk' & centres=='station' & target=='VD_Ref' & radius_km==7.5,losses,1,regions,16 regions,{:d},1.0,1,,
SCALE.GB.VD_Ref.R7.5.ties,stats/scale_curves.csv,country=='uk' & centres=='station' & target=='VD_Ref' & radius_km==7.5,ties,0,regions,16 regions,{:d},1.0,0,,
SCALE.GB.VD_Ref.R7.5.n_pct_defined,stats/scale_curves.csv,country=='uk' & centres=='station' & target=='VD_Ref' & radius_km==7.5,n_pct_defined,16,regions,16 regions,{:d},1.0,16,,
SCALE.GB.VD_Ref.R7.5.p_signflip,stats/scale_curves.csv,country=='uk' & centres=='station' & target=='VD_Ref' & radius_km==7.5,p_signflip,6.103515625e-05,p,16 regions,{:.3g},1.0,6.1e-05,,
SCALE.GB.ledger_G.R10.median_rel_pct,stats/scale_curves.csv,country=='uk' & centres=='station' & target=='ledger_G' & radius_km==10.0,median_rel_pct,-31.969642494124784,%,16 regions,{:+.2f},1.0,-31.97,,
SCALE.GB.ledger_G.R10.q25,stats/scale_curves.csv,country=='uk' & centres=='station' & target=='ledger_G' & radius_km==10.0,q25,-43.28644232318513,%,16 regions,{:+.1f},1.0,-43.3,,
SCALE.GB.ledger_G.R10.q75,stats/scale_curves.csv,country=='uk' & centres=='station' & target=='ledger_G' & radius_km==10.0,q75,-22.44773147708816,%,16 regions,{:+.1f},1.0,-22.4,,
SCALE.GB.ledger_G.R10.wins,stats/scale_curves.csv,country=='uk' & centres=='station' & target=='ledger_G' & radius_km==10.0,wins,16,regions,16 regions,{:d},1.0,16,,
SCALE.GB.ledger_G.R10.losses,stats/scale_curves.csv,country=='uk' & centres=='station' & target=='ledger_G' & radius_km==10.0,losses,0,regions,16 regions,{:d},1.0,0,,
SCALE.GB.ledger_G.R10.ties,stats/scale_curves.csv,country=='uk' & centres=='station' & target=='ledger_G' & radius_km==10.0,ties,0,regions,16 regions,{:d},1.0,0,,
SCALE.GB.ledger_G.R10.n_pct_defined,stats/scale_curves.csv,country=='uk' & centres=='station' & target=='ledger_G' & radius_km==10.0,n_pct_defined,16,regions,16 regions,{:d},1.0,16,,
SCALE.GB.ledger_G.R10.p_signflip,stats/scale_curves.csv,country=='uk' & centres=='station' & target=='ledger_G' & radius_km==10.0,p_signflip,3.0517578125e-05,p,16 regions,{:.3g},1.0,3.05e-05,,
SCALE.GB.VD_Ref.R10.median_rel_pct,stats/scale_curves.csv,country=='uk' & centres=='station' & target=='VD_Ref' & radius_km==10.0,median_rel_pct,-32.23683360554927,%,16 regions,{:+.2f},1.0,-32.24,,
SCALE.GB.VD_Ref.R10.q25,stats/scale_curves.csv,country=='uk' & centres=='station' & target=='VD_Ref' & radius_km==10.0,q25,-45.91644290108989,%,16 regions,{:+.1f},1.0,-45.9,,
SCALE.GB.VD_Ref.R10.q75,stats/scale_curves.csv,country=='uk' & centres=='station' & target=='VD_Ref' & radius_km==10.0,q75,-7.811857040797519,%,16 regions,{:+.1f},1.0,-7.8,,
SCALE.GB.VD_Ref.R10.wins,stats/scale_curves.csv,country=='uk' & centres=='station' & target=='VD_Ref' & radius_km==10.0,wins,14,regions,16 regions,{:d},1.0,14,,
SCALE.GB.VD_Ref.R10.losses,stats/scale_curves.csv,country=='uk' & centres=='station' & target=='VD_Ref' & radius_km==10.0,losses,2,regions,16 regions,{:d},1.0,2,,
SCALE.GB.VD_Ref.R10.ties,stats/scale_curves.csv,country=='uk' & centres=='station' & target=='VD_Ref' & radius_km==10.0,ties,0,regions,16 regions,{:d},1.0,0,,
SCALE.GB.VD_Ref.R10.n_pct_defined,stats/scale_curves.csv,country=='uk' & centres=='station' & target=='VD_Ref' & radius_km==10.0,n_pct_defined,16,regions,16 regions,{:d},1.0,16,,
SCALE.GB.VD_Ref.R10.p_signflip,stats/scale_curves.csv,country=='uk' & centres=='station' & target=='VD_Ref' & radius_km==10.0,p_signflip,0.000213623046875,p,16 regions,{:.3g},1.0,0.000214,,
SCALE.GB.ledger_G.R15.median_rel_pct,stats/scale_curves.csv,country=='uk' & centres=='station' & target=='ledger_G' & radius_km==15.0,median_rel_pct,-28.625017665323213,%,16 regions,{:+.2f},1.0,-28.63,,
SCALE.GB.ledger_G.R15.q25,stats/scale_curves.csv,country=='uk' & centres=='station' & target=='ledger_G' & radius_km==15.0,q25,-43.52024131312228,%,16 regions,{:+.1f},1.0,-43.5,,
SCALE.GB.ledger_G.R15.q75,stats/scale_curves.csv,country=='uk' & centres=='station' & target=='ledger_G' & radius_km==15.0,q75,-11.109696249868266,%,16 regions,{:+.1f},1.0,-11.1,,
SCALE.GB.ledger_G.R15.wins,stats/scale_curves.csv,country=='uk' & centres=='station' & target=='ledger_G' & radius_km==15.0,wins,16,regions,16 regions,{:d},1.0,16,,
SCALE.GB.ledger_G.R15.losses,stats/scale_curves.csv,country=='uk' & centres=='station' & target=='ledger_G' & radius_km==15.0,losses,0,regions,16 regions,{:d},1.0,0,,
SCALE.GB.ledger_G.R15.ties,stats/scale_curves.csv,country=='uk' & centres=='station' & target=='ledger_G' & radius_km==15.0,ties,0,regions,16 regions,{:d},1.0,0,,
SCALE.GB.ledger_G.R15.n_pct_defined,stats/scale_curves.csv,country=='uk' & centres=='station' & target=='ledger_G' & radius_km==15.0,n_pct_defined,16,regions,16 regions,{:d},1.0,16,,
SCALE.GB.ledger_G.R15.p_signflip,stats/scale_curves.csv,country=='uk' & centres=='station' & target=='ledger_G' & radius_km==15.0,p_signflip,3.0517578125e-05,p,16 regions,{:.3g},1.0,3.05e-05,,
SCALE.GB.VD_Ref.R15.median_rel_pct,stats/scale_curves.csv,country=='uk' & centres=='station' & target=='VD_Ref' & radius_km==15.0,median_rel_pct,-29.482096156546557,%,16 regions,{:+.2f},1.0,-29.48,,
SCALE.GB.VD_Ref.R15.q25,stats/scale_curves.csv,country=='uk' & centres=='station' & target=='VD_Ref' & radius_km==15.0,q25,-43.89898215459714,%,16 regions,{:+.1f},1.0,-43.9,,
SCALE.GB.VD_Ref.R15.q75,stats/scale_curves.csv,country=='uk' & centres=='station' & target=='VD_Ref' & radius_km==15.0,q75,-9.951259630935654,%,16 regions,{:+.1f},1.0,-10.0,,
SCALE.GB.VD_Ref.R15.wins,stats/scale_curves.csv,country=='uk' & centres=='station' & target=='VD_Ref' & radius_km==15.0,wins,14,regions,16 regions,{:d},1.0,14,,
SCALE.GB.VD_Ref.R15.losses,stats/scale_curves.csv,country=='uk' & centres=='station' & target=='VD_Ref' & radius_km==15.0,losses,2,regions,16 regions,{:d},1.0,2,,
SCALE.GB.VD_Ref.R15.ties,stats/scale_curves.csv,country=='uk' & centres=='station' & target=='VD_Ref' & radius_km==15.0,ties,0,regions,16 regions,{:d},1.0,0,,
SCALE.GB.VD_Ref.R15.n_pct_defined,stats/scale_curves.csv,country=='uk' & centres=='station' & target=='VD_Ref' & radius_km==15.0,n_pct_defined,16,regions,16 regions,{:d},1.0,16,,
SCALE.GB.VD_Ref.R15.p_signflip,stats/scale_curves.csv,country=='uk' & centres=='station' & target=='VD_Ref' & radius_km==15.0,p_signflip,0.00054931640625,p,16 regions,{:.3g},1.0,0.000549,,
SCALE.GB.ledger_G.R20.median_rel_pct,stats/scale_curves.csv,country=='uk' & centres=='station' & target=='ledger_G' & radius_km==20.0,median_rel_pct,-32.90314333761367,%,16 regions,{:+.2f},1.0,-32.90,,
SCALE.GB.ledger_G.R20.q25,stats/scale_curves.csv,country=='uk' & centres=='station' & target=='ledger_G' & radius_km==20.0,q25,-43.268051992609735,%,16 regions,{:+.1f},1.0,-43.3,,
SCALE.GB.ledger_G.R20.q75,stats/scale_curves.csv,country=='uk' & centres=='station' & target=='ledger_G' & radius_km==20.0,q75,-20.403338074819064,%,16 regions,{:+.1f},1.0,-20.4,,
SCALE.GB.ledger_G.R20.wins,stats/scale_curves.csv,country=='uk' & centres=='station' & target=='ledger_G' & radius_km==20.0,wins,15,regions,16 regions,{:d},1.0,15,,
SCALE.GB.ledger_G.R20.losses,stats/scale_curves.csv,country=='uk' & centres=='station' & target=='ledger_G' & radius_km==20.0,losses,1,regions,16 regions,{:d},1.0,1,,
SCALE.GB.ledger_G.R20.ties,stats/scale_curves.csv,country=='uk' & centres=='station' & target=='ledger_G' & radius_km==20.0,ties,0,regions,16 regions,{:d},1.0,0,,
SCALE.GB.ledger_G.R20.n_pct_defined,stats/scale_curves.csv,country=='uk' & centres=='station' & target=='ledger_G' & radius_km==20.0,n_pct_defined,16,regions,16 regions,{:d},1.0,16,,
SCALE.GB.ledger_G.R20.p_signflip,stats/scale_curves.csv,country=='uk' & centres=='station' & target=='ledger_G' & radius_km==20.0,p_signflip,0.000213623046875,p,16 regions,{:.3g},1.0,0.000214,,
SCALE.GB.VD_Ref.R20.median_rel_pct,stats/scale_curves.csv,country=='uk' & centres=='station' & target=='VD_Ref' & radius_km==20.0,median_rel_pct,-30.33748342773228,%,16 regions,{:+.2f},1.0,-30.34,,
SCALE.GB.VD_Ref.R20.q25,stats/scale_curves.csv,country=='uk' & centres=='station' & target=='VD_Ref' & radius_km==20.0,q25,-46.49966032268933,%,16 regions,{:+.1f},1.0,-46.5,,
SCALE.GB.VD_Ref.R20.q75,stats/scale_curves.csv,country=='uk' & centres=='station' & target=='VD_Ref' & radius_km==20.0,q75,-15.916409385313944,%,16 regions,{:+.1f},1.0,-15.9,,
SCALE.GB.VD_Ref.R20.wins,stats/scale_curves.csv,country=='uk' & centres=='station' & target=='VD_Ref' & radius_km==20.0,wins,13,regions,16 regions,{:d},1.0,13,,
SCALE.GB.VD_Ref.R20.losses,stats/scale_curves.csv,country=='uk' & centres=='station' & target=='VD_Ref' & radius_km==20.0,losses,3,regions,16 regions,{:d},1.0,3,,
SCALE.GB.VD_Ref.R20.ties,stats/scale_curves.csv,country=='uk' & centres=='station' & target=='VD_Ref' & radius_km==20.0,ties,0,regions,16 regions,{:d},1.0,0,,
SCALE.GB.VD_Ref.R20.n_pct_defined,stats/scale_curves.csv,country=='uk' & centres=='station' & target=='VD_Ref' & radius_km==20.0,n_pct_defined,16,regions,16 regions,{:d},1.0,16,,
SCALE.GB.VD_Ref.R20.p_signflip,stats/scale_curves.csv,country=='uk' & centres=='station' & target=='VD_Ref' & radius_km==20.0,p_signflip,0.00048828125,p,16 regions,{:.3g},1.0,0.000488,,
SCALE.AU.ledger_G.R1.median_rel_pct,stats/scale_curves.csv,country=='au' & centres=='station' & target=='ledger_G' & radius_km==1.0,median_rel_pct,3.1328366874854936,%,12 regions,{:+.2f},1.0,+3.13,,
SCALE.AU.ledger_G.R1.q25,stats/scale_curves.csv,country=='au' & centres=='station' & target=='ledger_G' & radius_km==1.0,q25,-3.1247049035282264,%,12 regions,{:+.1f},1.0,-3.1,,
SCALE.AU.ledger_G.R1.q75,stats/scale_curves.csv,country=='au' & centres=='station' & target=='ledger_G' & radius_km==1.0,q75,7.799021677360272,%,12 regions,{:+.1f},1.0,+7.8,,
SCALE.AU.ledger_G.R1.wins,stats/scale_curves.csv,country=='au' & centres=='station' & target=='ledger_G' & radius_km==1.0,wins,4,regions,12 regions,{:d},1.0,4,,
SCALE.AU.ledger_G.R1.losses,stats/scale_curves.csv,country=='au' & centres=='station' & target=='ledger_G' & radius_km==1.0,losses,8,regions,12 regions,{:d},1.0,8,,
SCALE.AU.ledger_G.R1.ties,stats/scale_curves.csv,country=='au' & centres=='station' & target=='ledger_G' & radius_km==1.0,ties,0,regions,12 regions,{:d},1.0,0,,
SCALE.AU.ledger_G.R1.n_pct_defined,stats/scale_curves.csv,country=='au' & centres=='station' & target=='ledger_G' & radius_km==1.0,n_pct_defined,12,regions,12 regions,{:d},1.0,12,,
SCALE.AU.ledger_G.R1.p_signflip,stats/scale_curves.csv,country=='au' & centres=='station' & target=='ledger_G' & radius_km==1.0,p_signflip,0.859375,p,12 regions,{:.3g},1.0,0.859,,
SCALE.AU.VD_Ref.R1.median_rel_pct,stats/scale_curves.csv,country=='au' & centres=='station' & target=='VD_Ref' & radius_km==1.0,median_rel_pct,86.94816940841865,%,12 regions,{:+.2f},1.0,+86.95,,
SCALE.AU.VD_Ref.R1.q25,stats/scale_curves.csv,country=='au' & centres=='station' & target=='VD_Ref' & radius_km==1.0,q25,13.371644837502425,%,12 regions,{:+.1f},1.0,+13.4,,
SCALE.AU.VD_Ref.R1.q75,stats/scale_curves.csv,country=='au' & centres=='station' & target=='VD_Ref' & radius_km==1.0,q75,137.02828396877877,%,12 regions,{:+.1f},1.0,+137.0,,
SCALE.AU.VD_Ref.R1.wins,stats/scale_curves.csv,country=='au' & centres=='station' & target=='VD_Ref' & radius_km==1.0,wins,3,regions,12 regions,{:d},1.0,3,,
SCALE.AU.VD_Ref.R1.losses,stats/scale_curves.csv,country=='au' & centres=='station' & target=='VD_Ref' & radius_km==1.0,losses,9,regions,12 regions,{:d},1.0,9,,
SCALE.AU.VD_Ref.R1.ties,stats/scale_curves.csv,country=='au' & centres=='station' & target=='VD_Ref' & radius_km==1.0,ties,0,regions,12 regions,{:d},1.0,0,,
SCALE.AU.VD_Ref.R1.n_pct_defined,stats/scale_curves.csv,country=='au' & centres=='station' & target=='VD_Ref' & radius_km==1.0,n_pct_defined,12,regions,12 regions,{:d},1.0,12,,
SCALE.AU.VD_Ref.R1.p_signflip,stats/scale_curves.csv,country=='au' & centres=='station' & target=='VD_Ref' & radius_km==1.0,p_signflip,0.42578125,p,12 regions,{:.3g},1.0,0.426,,
SCALE.AU.ledger_G.R2.median_rel_pct,stats/scale_curves.csv,country=='au' & centres=='station' & target=='ledger_G' & radius_km==2.0,median_rel_pct,23.589226727080963,%,12 regions,{:+.2f},1.0,+23.59,,
SCALE.AU.ledger_G.R2.q25,stats/scale_curves.csv,country=='au' & centres=='station' & target=='ledger_G' & radius_km==2.0,q25,1.4508446814392026,%,12 regions,{:+.1f},1.0,+1.5,,
SCALE.AU.ledger_G.R2.q75,stats/scale_curves.csv,country=='au' & centres=='station' & target=='ledger_G' & radius_km==2.0,q75,51.75470455914381,%,12 regions,{:+.1f},1.0,+51.8,,
SCALE.AU.ledger_G.R2.wins,stats/scale_curves.csv,country=='au' & centres=='station' & target=='ledger_G' & radius_km==2.0,wins,3,regions,12 regions,{:d},1.0,3,,
SCALE.AU.ledger_G.R2.losses,stats/scale_curves.csv,country=='au' & centres=='station' & target=='ledger_G' & radius_km==2.0,losses,9,regions,12 regions,{:d},1.0,9,,
SCALE.AU.ledger_G.R2.ties,stats/scale_curves.csv,country=='au' & centres=='station' & target=='ledger_G' & radius_km==2.0,ties,0,regions,12 regions,{:d},1.0,0,,
SCALE.AU.ledger_G.R2.n_pct_defined,stats/scale_curves.csv,country=='au' & centres=='station' & target=='ledger_G' & radius_km==2.0,n_pct_defined,12,regions,12 regions,{:d},1.0,12,,
SCALE.AU.ledger_G.R2.p_signflip,stats/scale_curves.csv,country=='au' & centres=='station' & target=='ledger_G' & radius_km==2.0,p_signflip,0.49853515625,p,12 regions,{:.3g},1.0,0.499,,
SCALE.AU.VD_Ref.R2.median_rel_pct,stats/scale_curves.csv,country=='au' & centres=='station' & target=='VD_Ref' & radius_km==2.0,median_rel_pct,89.80111872097798,%,12 regions,{:+.2f},1.0,+89.80,,
SCALE.AU.VD_Ref.R2.q25,stats/scale_curves.csv,country=='au' & centres=='station' & target=='VD_Ref' & radius_km==2.0,q25,45.812944192244125,%,12 regions,{:+.1f},1.0,+45.8,,
SCALE.AU.VD_Ref.R2.q75,stats/scale_curves.csv,country=='au' & centres=='station' & target=='VD_Ref' & radius_km==2.0,q75,108.60115752566934,%,12 regions,{:+.1f},1.0,+108.6,,
SCALE.AU.VD_Ref.R2.wins,stats/scale_curves.csv,country=='au' & centres=='station' & target=='VD_Ref' & radius_km==2.0,wins,2,regions,12 regions,{:d},1.0,2,,
SCALE.AU.VD_Ref.R2.losses,stats/scale_curves.csv,country=='au' & centres=='station' & target=='VD_Ref' & radius_km==2.0,losses,10,regions,12 regions,{:d},1.0,10,,
SCALE.AU.VD_Ref.R2.ties,stats/scale_curves.csv,country=='au' & centres=='station' & target=='VD_Ref' & radius_km==2.0,ties,0,regions,12 regions,{:d},1.0,0,,
SCALE.AU.VD_Ref.R2.n_pct_defined,stats/scale_curves.csv,country=='au' & centres=='station' & target=='VD_Ref' & radius_km==2.0,n_pct_defined,12,regions,12 regions,{:d},1.0,12,,
SCALE.AU.VD_Ref.R2.p_signflip,stats/scale_curves.csv,country=='au' & centres=='station' & target=='VD_Ref' & radius_km==2.0,p_signflip,0.37744140625,p,12 regions,{:.3g},1.0,0.377,,
SCALE.AU.ledger_G.R3.median_rel_pct,stats/scale_curves.csv,country=='au' & centres=='station' & target=='ledger_G' & radius_km==3.0,median_rel_pct,26.12767596618589,%,12 regions,{:+.2f},1.0,+26.13,,
SCALE.AU.ledger_G.R3.q25,stats/scale_curves.csv,country=='au' & centres=='station' & target=='ledger_G' & radius_km==3.0,q25,6.6480769238195965,%,12 regions,{:+.1f},1.0,+6.6,,
SCALE.AU.ledger_G.R3.q75,stats/scale_curves.csv,country=='au' & centres=='station' & target=='ledger_G' & radius_km==3.0,q75,84.1979696716647,%,12 regions,{:+.1f},1.0,+84.2,,
SCALE.AU.ledger_G.R3.wins,stats/scale_curves.csv,country=='au' & centres=='station' & target=='ledger_G' & radius_km==3.0,wins,3,regions,12 regions,{:d},1.0,3,,
SCALE.AU.ledger_G.R3.losses,stats/scale_curves.csv,country=='au' & centres=='station' & target=='ledger_G' & radius_km==3.0,losses,9,regions,12 regions,{:d},1.0,9,,
SCALE.AU.ledger_G.R3.ties,stats/scale_curves.csv,country=='au' & centres=='station' & target=='ledger_G' & radius_km==3.0,ties,0,regions,12 regions,{:d},1.0,0,,
SCALE.AU.ledger_G.R3.n_pct_defined,stats/scale_curves.csv,country=='au' & centres=='station' & target=='ledger_G' & radius_km==3.0,n_pct_defined,12,regions,12 regions,{:d},1.0,12,,
SCALE.AU.ledger_G.R3.p_signflip,stats/scale_curves.csv,country=='au' & centres=='station' & target=='ledger_G' & radius_km==3.0,p_signflip,0.11474609375,p,12 regions,{:.3g},1.0,0.115,,
SCALE.AU.VD_Ref.R3.median_rel_pct,stats/scale_curves.csv,country=='au' & centres=='station' & target=='VD_Ref' & radius_km==3.0,median_rel_pct,85.44531245292055,%,12 regions,{:+.2f},1.0,+85.45,,
SCALE.AU.VD_Ref.R3.q25,stats/scale_curves.csv,country=='au' & centres=='station' & target=='VD_Ref' & radius_km==3.0,q25,64.59348523773201,%,12 regions,{:+.1f},1.0,+64.6,,
SCALE.AU.VD_Ref.R3.q75,stats/scale_curves.csv,country=='au' & centres=='station' & target=='VD_Ref' & radius_km==3.0,q75,116.893739261457,%,12 regions,{:+.1f},1.0,+116.9,,
SCALE.AU.VD_Ref.R3.wins,stats/scale_curves.csv,country=='au' & centres=='station' & target=='VD_Ref' & radius_km==3.0,wins,2,regions,12 regions,{:d},1.0,2,,
SCALE.AU.VD_Ref.R3.losses,stats/scale_curves.csv,country=='au' & centres=='station' & target=='VD_Ref' & radius_km==3.0,losses,10,regions,12 regions,{:d},1.0,10,,
SCALE.AU.VD_Ref.R3.ties,stats/scale_curves.csv,country=='au' & centres=='station' & target=='VD_Ref' & radius_km==3.0,ties,0,regions,12 regions,{:d},1.0,0,,
SCALE.AU.VD_Ref.R3.n_pct_defined,stats/scale_curves.csv,country=='au' & centres=='station' & target=='VD_Ref' & radius_km==3.0,n_pct_defined,12,regions,12 regions,{:d},1.0,12,,
SCALE.AU.VD_Ref.R3.p_signflip,stats/scale_curves.csv,country=='au' & centres=='station' & target=='VD_Ref' & radius_km==3.0,p_signflip,0.0576171875,p,12 regions,{:.3g},1.0,0.0576,,
SCALE.AU.ledger_G.R5.median_rel_pct,stats/scale_curves.csv,country=='au' & centres=='station' & target=='ledger_G' & radius_km==5.0,median_rel_pct,28.03509154921525,%,12 regions,{:+.2f},1.0,+28.04,,
SCALE.AU.ledger_G.R5.q25,stats/scale_curves.csv,country=='au' & centres=='station' & target=='ledger_G' & radius_km==5.0,q25,1.6294574763661238,%,12 regions,{:+.1f},1.0,+1.6,,
SCALE.AU.ledger_G.R5.q75,stats/scale_curves.csv,country=='au' & centres=='station' & target=='ledger_G' & radius_km==5.0,q75,53.79514041863918,%,12 regions,{:+.1f},1.0,+53.8,,
SCALE.AU.ledger_G.R5.wins,stats/scale_curves.csv,country=='au' & centres=='station' & target=='ledger_G' & radius_km==5.0,wins,3,regions,12 regions,{:d},1.0,3,,
SCALE.AU.ledger_G.R5.losses,stats/scale_curves.csv,country=='au' & centres=='station' & target=='ledger_G' & radius_km==5.0,losses,9,regions,12 regions,{:d},1.0,9,,
SCALE.AU.ledger_G.R5.ties,stats/scale_curves.csv,country=='au' & centres=='station' & target=='ledger_G' & radius_km==5.0,ties,0,regions,12 regions,{:d},1.0,0,,
SCALE.AU.ledger_G.R5.n_pct_defined,stats/scale_curves.csv,country=='au' & centres=='station' & target=='ledger_G' & radius_km==5.0,n_pct_defined,12,regions,12 regions,{:d},1.0,12,,
SCALE.AU.ledger_G.R5.p_signflip,stats/scale_curves.csv,country=='au' & centres=='station' & target=='ledger_G' & radius_km==5.0,p_signflip,0.06201171875,p,12 regions,{:.3g},1.0,0.062,,
SCALE.AU.VD_Ref.R5.median_rel_pct,stats/scale_curves.csv,country=='au' & centres=='station' & target=='VD_Ref' & radius_km==5.0,median_rel_pct,78.1125797165142,%,12 regions,{:+.2f},1.0,+78.11,,
SCALE.AU.VD_Ref.R5.q25,stats/scale_curves.csv,country=='au' & centres=='station' & target=='VD_Ref' & radius_km==5.0,q25,42.60471848492872,%,12 regions,{:+.1f},1.0,+42.6,,
SCALE.AU.VD_Ref.R5.q75,stats/scale_curves.csv,country=='au' & centres=='station' & target=='VD_Ref' & radius_km==5.0,q75,120.31937442822009,%,12 regions,{:+.1f},1.0,+120.3,,
SCALE.AU.VD_Ref.R5.wins,stats/scale_curves.csv,country=='au' & centres=='station' & target=='VD_Ref' & radius_km==5.0,wins,2,regions,12 regions,{:d},1.0,2,,
SCALE.AU.VD_Ref.R5.losses,stats/scale_curves.csv,country=='au' & centres=='station' & target=='VD_Ref' & radius_km==5.0,losses,10,regions,12 regions,{:d},1.0,10,,
SCALE.AU.VD_Ref.R5.ties,stats/scale_curves.csv,country=='au' & centres=='station' & target=='VD_Ref' & radius_km==5.0,ties,0,regions,12 regions,{:d},1.0,0,,
SCALE.AU.VD_Ref.R5.n_pct_defined,stats/scale_curves.csv,country=='au' & centres=='station' & target=='VD_Ref' & radius_km==5.0,n_pct_defined,12,regions,12 regions,{:d},1.0,12,,
SCALE.AU.VD_Ref.R5.p_signflip,stats/scale_curves.csv,country=='au' & centres=='station' & target=='VD_Ref' & radius_km==5.0,p_signflip,0.0107421875,p,12 regions,{:.3g},1.0,0.0107,,
SCALE.AU.ledger_G.R7.5.median_rel_pct,stats/scale_curves.csv,country=='au' & centres=='station' & target=='ledger_G' & radius_km==7.5,median_rel_pct,32.29183057955572,%,12 regions,{:+.2f},1.0,+32.29,,
SCALE.AU.ledger_G.R7.5.q25,stats/scale_curves.csv,country=='au' & centres=='station' & target=='ledger_G' & radius_km==7.5,q25,7.445563184509619,%,12 regions,{:+.1f},1.0,+7.4,,
SCALE.AU.ledger_G.R7.5.q75,stats/scale_curves.csv,country=='au' & centres=='station' & target=='ledger_G' & radius_km==7.5,q75,113.8021094067249,%,12 regions,{:+.1f},1.0,+113.8,,
SCALE.AU.ledger_G.R7.5.wins,stats/scale_curves.csv,country=='au' & centres=='station' & target=='ledger_G' & radius_km==7.5,wins,3,regions,12 regions,{:d},1.0,3,,
SCALE.AU.ledger_G.R7.5.losses,stats/scale_curves.csv,country=='au' & centres=='station' & target=='ledger_G' & radius_km==7.5,losses,9,regions,12 regions,{:d},1.0,9,,
SCALE.AU.ledger_G.R7.5.ties,stats/scale_curves.csv,country=='au' & centres=='station' & target=='ledger_G' & radius_km==7.5,ties,0,regions,12 regions,{:d},1.0,0,,
SCALE.AU.ledger_G.R7.5.n_pct_defined,stats/scale_curves.csv,country=='au' & centres=='station' & target=='ledger_G' & radius_km==7.5,n_pct_defined,12,regions,12 regions,{:d},1.0,12,,
SCALE.AU.ledger_G.R7.5.p_signflip,stats/scale_curves.csv,country=='au' & centres=='station' & target=='ledger_G' & radius_km==7.5,p_signflip,0.02978515625,p,12 regions,{:.3g},1.0,0.0298,,
SCALE.AU.VD_Ref.R7.5.median_rel_pct,stats/scale_curves.csv,country=='au' & centres=='station' & target=='VD_Ref' & radius_km==7.5,median_rel_pct,59.40981497911824,%,12 regions,{:+.2f},1.0,+59.41,,
SCALE.AU.VD_Ref.R7.5.q25,stats/scale_curves.csv,country=='au' & centres=='station' & target=='VD_Ref' & radius_km==7.5,q25,27.55193235779477,%,12 regions,{:+.1f},1.0,+27.6,,
SCALE.AU.VD_Ref.R7.5.q75,stats/scale_curves.csv,country=='au' & centres=='station' & target=='VD_Ref' & radius_km==7.5,q75,257.5852414135844,%,12 regions,{:+.1f},1.0,+257.6,,
SCALE.AU.VD_Ref.R7.5.wins,stats/scale_curves.csv,country=='au' & centres=='station' & target=='VD_Ref' & radius_km==7.5,wins,2,regions,12 regions,{:d},1.0,2,,
SCALE.AU.VD_Ref.R7.5.losses,stats/scale_curves.csv,country=='au' & centres=='station' & target=='VD_Ref' & radius_km==7.5,losses,10,regions,12 regions,{:d},1.0,10,,
SCALE.AU.VD_Ref.R7.5.ties,stats/scale_curves.csv,country=='au' & centres=='station' & target=='VD_Ref' & radius_km==7.5,ties,0,regions,12 regions,{:d},1.0,0,,
SCALE.AU.VD_Ref.R7.5.n_pct_defined,stats/scale_curves.csv,country=='au' & centres=='station' & target=='VD_Ref' & radius_km==7.5,n_pct_defined,12,regions,12 regions,{:d},1.0,12,,
SCALE.AU.VD_Ref.R7.5.p_signflip,stats/scale_curves.csv,country=='au' & centres=='station' & target=='VD_Ref' & radius_km==7.5,p_signflip,0.00439453125,p,12 regions,{:.3g},1.0,0.00439,,
SCALE.AU.ledger_G.R10.median_rel_pct,stats/scale_curves.csv,country=='au' & centres=='station' & target=='ledger_G' & radius_km==10.0,median_rel_pct,38.78738163236074,%,12 regions,{:+.2f},1.0,+38.79,,
SCALE.AU.ledger_G.R10.q25,stats/scale_curves.csv,country=='au' & centres=='station' & target=='ledger_G' & radius_km==10.0,q25,-2.107810833307957,%,12 regions,{:+.1f},1.0,-2.1,,
SCALE.AU.ledger_G.R10.q75,stats/scale_curves.csv,country=='au' & centres=='station' & target=='ledger_G' & radius_km==10.0,q75,57.59418373899959,%,12 regions,{:+.1f},1.0,+57.6,,
SCALE.AU.ledger_G.R10.wins,stats/scale_curves.csv,country=='au' & centres=='station' & target=='ledger_G' & radius_km==10.0,wins,3,regions,12 regions,{:d},1.0,3,,
SCALE.AU.ledger_G.R10.losses,stats/scale_curves.csv,country=='au' & centres=='station' & target=='ledger_G' & radius_km==10.0,losses,9,regions,12 regions,{:d},1.0,9,,
SCALE.AU.ledger_G.R10.ties,stats/scale_curves.csv,country=='au' & centres=='station' & target=='ledger_G' & radius_km==10.0,ties,0,regions,12 regions,{:d},1.0,0,,
SCALE.AU.ledger_G.R10.n_pct_defined,stats/scale_curves.csv,country=='au' & centres=='station' & target=='ledger_G' & radius_km==10.0,n_pct_defined,12,regions,12 regions,{:d},1.0,12,,
SCALE.AU.ledger_G.R10.p_signflip,stats/scale_curves.csv,country=='au' & centres=='station' & target=='ledger_G' & radius_km==10.0,p_signflip,0.01416015625,p,12 regions,{:.3g},1.0,0.0142,,
SCALE.AU.VD_Ref.R10.median_rel_pct,stats/scale_curves.csv,country=='au' & centres=='station' & target=='VD_Ref' & radius_km==10.0,median_rel_pct,76.63102027473576,%,12 regions,{:+.2f},1.0,+76.63,,
SCALE.AU.VD_Ref.R10.q25,stats/scale_curves.csv,country=='au' & centres=='station' & target=='VD_Ref' & radius_km==10.0,q25,18.234628775192864,%,12 regions,{:+.1f},1.0,+18.2,,
SCALE.AU.VD_Ref.R10.q75,stats/scale_curves.csv,country=='au' & centres=='station' & target=='VD_Ref' & radius_km==10.0,q75,301.2610122888441,%,12 regions,{:+.1f},1.0,+301.3,,
SCALE.AU.VD_Ref.R10.wins,stats/scale_curves.csv,country=='au' & centres=='station' & target=='VD_Ref' & radius_km==10.0,wins,3,regions,12 regions,{:d},1.0,3,,
SCALE.AU.VD_Ref.R10.losses,stats/scale_curves.csv,country=='au' & centres=='station' & target=='VD_Ref' & radius_km==10.0,losses,9,regions,12 regions,{:d},1.0,9,,
SCALE.AU.VD_Ref.R10.ties,stats/scale_curves.csv,country=='au' & centres=='station' & target=='VD_Ref' & radius_km==10.0,ties,0,regions,12 regions,{:d},1.0,0,,
SCALE.AU.VD_Ref.R10.n_pct_defined,stats/scale_curves.csv,country=='au' & centres=='station' & target=='VD_Ref' & radius_km==10.0,n_pct_defined,12,regions,12 regions,{:d},1.0,12,,
SCALE.AU.VD_Ref.R10.p_signflip,stats/scale_curves.csv,country=='au' & centres=='station' & target=='VD_Ref' & radius_km==10.0,p_signflip,0.00732421875,p,12 regions,{:.3g},1.0,0.00732,,
SCALE.AU.ledger_G.R15.median_rel_pct,stats/scale_curves.csv,country=='au' & centres=='station' & target=='ledger_G' & radius_km==15.0,median_rel_pct,53.8027637413307,%,12 regions,{:+.2f},1.0,+53.80,,
SCALE.AU.ledger_G.R15.q25,stats/scale_curves.csv,country=='au' & centres=='station' & target=='ledger_G' & radius_km==15.0,q25,4.5090061249406395,%,12 regions,{:+.1f},1.0,+4.5,,
SCALE.AU.ledger_G.R15.q75,stats/scale_curves.csv,country=='au' & centres=='station' & target=='ledger_G' & radius_km==15.0,q75,109.77625581197836,%,12 regions,{:+.1f},1.0,+109.8,,
SCALE.AU.ledger_G.R15.wins,stats/scale_curves.csv,country=='au' & centres=='station' & target=='ledger_G' & radius_km==15.0,wins,1,regions,12 regions,{:d},1.0,1,,
SCALE.AU.ledger_G.R15.losses,stats/scale_curves.csv,country=='au' & centres=='station' & target=='ledger_G' & radius_km==15.0,losses,8,regions,12 regions,{:d},1.0,8,,
SCALE.AU.ledger_G.R15.ties,stats/scale_curves.csv,country=='au' & centres=='station' & target=='ledger_G' & radius_km==15.0,ties,3,regions,12 regions,{:d},1.0,3,,
SCALE.AU.ledger_G.R15.n_pct_defined,stats/scale_curves.csv,country=='au' & centres=='station' & target=='ledger_G' & radius_km==15.0,n_pct_defined,9,regions,12 regions,{:d},1.0,9,,
SCALE.AU.ledger_G.R15.p_signflip,stats/scale_curves.csv,country=='au' & centres=='station' & target=='ledger_G' & radius_km==15.0,p_signflip,0.01171875,p,12 regions,{:.3g},1.0,0.0117,,
SCALE.AU.VD_Ref.R15.median_rel_pct,stats/scale_curves.csv,country=='au' & centres=='station' & target=='VD_Ref' & radius_km==15.0,median_rel_pct,154.8357665280666,%,12 regions,{:+.2f},1.0,+154.84,,
SCALE.AU.VD_Ref.R15.q25,stats/scale_curves.csv,country=='au' & centres=='station' & target=='VD_Ref' & radius_km==15.0,q25,17.369740201494785,%,12 regions,{:+.1f},1.0,+17.4,,
SCALE.AU.VD_Ref.R15.q75,stats/scale_curves.csv,country=='au' & centres=='station' & target=='VD_Ref' & radius_km==15.0,q75,298.65184282894853,%,12 regions,{:+.1f},1.0,+298.7,,
SCALE.AU.VD_Ref.R15.wins,stats/scale_curves.csv,country=='au' & centres=='station' & target=='VD_Ref' & radius_km==15.0,wins,1,regions,12 regions,{:d},1.0,1,,
SCALE.AU.VD_Ref.R15.losses,stats/scale_curves.csv,country=='au' & centres=='station' & target=='VD_Ref' & radius_km==15.0,losses,8,regions,12 regions,{:d},1.0,8,,
SCALE.AU.VD_Ref.R15.ties,stats/scale_curves.csv,country=='au' & centres=='station' & target=='VD_Ref' & radius_km==15.0,ties,3,regions,12 regions,{:d},1.0,3,,
SCALE.AU.VD_Ref.R15.n_pct_defined,stats/scale_curves.csv,country=='au' & centres=='station' & target=='VD_Ref' & radius_km==15.0,n_pct_defined,9,regions,12 regions,{:d},1.0,9,,
SCALE.AU.VD_Ref.R15.p_signflip,stats/scale_curves.csv,country=='au' & centres=='station' & target=='VD_Ref' & radius_km==15.0,p_signflip,0.0078125,p,12 regions,{:.3g},1.0,0.00781,,
SCALE.AU.ledger_G.R20.median_rel_pct,stats/scale_curves.csv,country=='au' & centres=='station' & target=='ledger_G' & radius_km==20.0,median_rel_pct,40.29298587663752,%,12 regions,{:+.2f},1.0,+40.29,,
SCALE.AU.ledger_G.R20.q25,stats/scale_curves.csv,country=='au' & centres=='station' & target=='ledger_G' & radius_km==20.0,q25,4.8289654197572816,%,12 regions,{:+.1f},1.0,+4.8,,
SCALE.AU.ledger_G.R20.q75,stats/scale_curves.csv,country=='au' & centres=='station' & target=='ledger_G' & radius_km==20.0,q75,92.4622615647945,%,12 regions,{:+.1f},1.0,+92.5,,
SCALE.AU.ledger_G.R20.wins,stats/scale_curves.csv,country=='au' & centres=='station' & target=='ledger_G' & radius_km==20.0,wins,1,regions,12 regions,{:d},1.0,1,,
SCALE.AU.ledger_G.R20.losses,stats/scale_curves.csv,country=='au' & centres=='station' & target=='ledger_G' & radius_km==20.0,losses,5,regions,12 regions,{:d},1.0,5,,
SCALE.AU.ledger_G.R20.ties,stats/scale_curves.csv,country=='au' & centres=='station' & target=='ledger_G' & radius_km==20.0,ties,6,regions,12 regions,{:d},1.0,6,,
SCALE.AU.ledger_G.R20.n_pct_defined,stats/scale_curves.csv,country=='au' & centres=='station' & target=='ledger_G' & radius_km==20.0,n_pct_defined,6,regions,12 regions,{:d},1.0,6,,
SCALE.AU.ledger_G.R20.p_signflip,stats/scale_curves.csv,country=='au' & centres=='station' & target=='ledger_G' & radius_km==20.0,p_signflip,0.53125,p,12 regions,{:.3g},1.0,0.531,,
SCALE.AU.VD_Ref.R20.median_rel_pct,stats/scale_curves.csv,country=='au' & centres=='station' & target=='VD_Ref' & radius_km==20.0,median_rel_pct,75.81976641723774,%,12 regions,{:+.2f},1.0,+75.82,,
SCALE.AU.VD_Ref.R20.q25,stats/scale_curves.csv,country=='au' & centres=='station' & target=='VD_Ref' & radius_km==20.0,q25,28.229429749990835,%,12 regions,{:+.1f},1.0,+28.2,,
SCALE.AU.VD_Ref.R20.q75,stats/scale_curves.csv,country=='au' & centres=='station' & target=='VD_Ref' & radius_km==20.0,q75,181.7082403550373,%,12 regions,{:+.1f},1.0,+181.7,,
SCALE.AU.VD_Ref.R20.wins,stats/scale_curves.csv,country=='au' & centres=='station' & target=='VD_Ref' & radius_km==20.0,wins,1,regions,12 regions,{:d},1.0,1,,
SCALE.AU.VD_Ref.R20.losses,stats/scale_curves.csv,country=='au' & centres=='station' & target=='VD_Ref' & radius_km==20.0,losses,5,regions,12 regions,{:d},1.0,5,,
SCALE.AU.VD_Ref.R20.ties,stats/scale_curves.csv,country=='au' & centres=='station' & target=='VD_Ref' & radius_km==20.0,ties,6,regions,12 regions,{:d},1.0,6,,
SCALE.AU.VD_Ref.R20.n_pct_defined,stats/scale_curves.csv,country=='au' & centres=='station' & target=='VD_Ref' & radius_km==20.0,n_pct_defined,6,regions,12 regions,{:d},1.0,6,,
SCALE.AU.VD_Ref.R20.p_signflip,stats/scale_curves.csv,country=='au' & centres=='station' & target=='VD_Ref' & radius_km==20.0,p_signflip,0.53125,p,12 regions,{:.3g},1.0,0.531,,
SCALE.GB.voronoi_radius_km,stats/stats_meta.json,voronoi.uk,voronoi_equivalent_radius_km,1.3319618918835316,km,1891 stations,{:.2f},1.0,1.33,,"D10: median over regions of the within-region median nearest-neighbour station distance, halved (working CRS)"
SCALE.AU.voronoi_radius_km,stats/stats_meta.json,voronoi.au,voronoi_equivalent_radius_km,1.1734933592120214,km,173 stations,{:.2f},1.0,1.17,,"D10: median over regions of the within-region median nearest-neighbour station distance, halved (working CRS)"
ADQ.GB.units_total,stats/adequacy_summary.csv,country=='uk' & statistic=='units_total',value,1920,evaluations,,"{:,d}",1.0,"1,920",,
ADQ.GB.units_budget_realised,stats/adequacy_summary.csv,country=='uk' & statistic=='units_budget_realised',value,1470,evaluations,,"{:,d}",1.0,"1,470",,
ADQ.GB.units_realised_eta0.9,stats/adequacy_summary.csv,country=='uk' & statistic=='units_realised_eta0.9',value,411,evaluations,,"{:,d}",1.0,411,,
ADQ.GB.violations_realised,stats/adequacy_summary.csv,country=='uk' & statistic=='violations_realised',value,0,evaluations,,"{:,d}",1.0,0,,
ADQ.GB.violations_not_realised,stats/adequacy_summary.csv,country=='uk' & statistic=='violations_not_realised',value,4,evaluations,,"{:,d}",1.0,4,,
ADQ.GB.alpha_obs.eta0.5.GNN,stats/adequacy_summary.csv,country=='uk' & statistic=='alpha_obs' & eta==0.5 & method=='GNN',value,0.5,share,,{:.3f},1.0,0.500,,
ADQ.GB.alpha_obs.eta0.5.LU,stats/adequacy_summary.csv,country=='uk' & statistic=='alpha_obs' & eta==0.5 & method=='LU',value,0.5,share,,{:.3f},1.0,0.500,,
ADQ.GB.alpha_obs.eta0.5.Uni,stats/adequacy_summary.csv,country=='uk' & statistic=='alpha_obs' & eta==0.5 & method=='Uni',value,0.5,share,,{:.3f},1.0,0.500,,
ADQ.GB.alpha_obs.eta0.5.all,stats/adequacy_summary.csv,country=='uk' & statistic=='alpha_obs' & eta==0.5 & method=='all',value,0.5,share,,{:.3f},1.0,0.500,,
ADQ.GB.alpha_obs.eta0.8.GNN,stats/adequacy_summary.csv,country=='uk' & statistic=='alpha_obs' & eta==0.8 & method=='GNN',value,0.7708333333333333,share,,{:.3f},1.0,0.771,,
ADQ.GB.alpha_obs.eta0.8.LU,stats/adequacy_summary.csv,country=='uk' & statistic=='alpha_obs' & eta==0.8 & method=='LU',value,0.75,share,,{:.3f},1.0,0.750,,
ADQ.GB.alpha_obs.eta0.8.Uni,stats/adequacy_summary.csv,country=='uk' & statistic=='alpha_obs' & eta==0.8 & method=='Uni',value,0.78125,share,,{:.3f},1.0,0.781,,
ADQ.GB.alpha_obs.eta0.8.all,stats/adequacy_summary.csv,country=='uk' & statistic=='alpha_obs' & eta==0.8 & method=='all',value,0.76875,share,,{:.3f},1.0,0.769,,
ADQ.GB.alpha_obs.eta0.9.GNN,stats/adequacy_summary.csv,country=='uk' & statistic=='alpha_obs' & eta==0.9 & method=='GNN',value,0.8645833333333333,share,,{:.3f},1.0,0.865,,
ADQ.GB.alpha_obs.eta0.9.LU,stats/adequacy_summary.csv,country=='uk' & statistic=='alpha_obs' & eta==0.9 & method=='LU',value,0.875,share,,{:.3f},1.0,0.875,,
ADQ.GB.alpha_obs.eta0.9.Uni,stats/adequacy_summary.csv,country=='uk' & statistic=='alpha_obs' & eta==0.9 & method=='Uni',value,0.8125,share,,{:.3f},1.0,0.812,,
ADQ.GB.alpha_obs.eta0.9.all,stats/adequacy_summary.csv,country=='uk' & statistic=='alpha_obs' & eta==0.9 & method=='all',value,0.8562499999999998,share,,{:.3f},1.0,0.856,,
ADQ.GB.alpha_obs.eta1.GNN,stats/adequacy_summary.csv,country=='uk' & statistic=='alpha_obs' & eta==1.0 & method=='GNN',value,0.9375,share,,{:.3f},1.0,0.938,,
ADQ.GB.alpha_obs.eta1.LU,stats/adequacy_summary.csv,country=='uk' & statistic=='alpha_obs' & eta==1.0 & method=='LU',value,0.9375,share,,{:.3f},1.0,0.938,,
ADQ.GB.alpha_obs.eta1.Uni,stats/adequacy_summary.csv,country=='uk' & statistic=='alpha_obs' & eta==1.0 & method=='Uni',value,0.9375,share,,{:.3f},1.0,0.938,,
ADQ.GB.alpha_obs.eta1.all,stats/adequacy_summary.csv,country=='uk' & statistic=='alpha_obs' & eta==1.0 & method=='all',value,0.9375,share,,{:.3f},1.0,0.938,,
ADQ.GB.zero_bound_S_share.eta0.9.all,stats/adequacy_summary.csv,country=='uk' & statistic=='zero_bound_S_share' & eta==0.9 & method=='all',value,0.048661800486618,share,realised budget evaluations,{:.3f},1.0,0.049,,
ADQ.GB.zero_regret_share.eta0.9.all,stats/adequacy_summary.csv,country=='uk' & statistic=='zero_regret_share' & eta==0.9 & method=='all',value,0.218978102189781,share,realised budget evaluations,{:.3f},1.0,0.219,,
ADQ.GB.zero_bound_S_share_all_eta.all,stats/adequacy_summary.csv,country=='uk' & statistic=='zero_bound_S_share_all_eta' & method=='all',value,0.0496598639455782,share,realised budget evaluations,{:.3f},1.0,0.050,,
ADQ.GB.zero_regret_share_all_eta.all,stats/adequacy_summary.csv,country=='uk' & statistic=='zero_regret_share_all_eta' & method=='all',value,0.2149659863945578,share,realised budget evaluations,{:.3f},1.0,0.215,,
ADQ.GB.zero_bound_S_share.eta0.9.all.X100,stats/adequacy_summary.csv,country=='uk' & statistic=='zero_bound_S_share' & eta==0.9 & method=='all' & dc_mw==100.0,value,0.0656934306569343,share,realised budget evaluations,{:.3f},1.0,0.066,,
ADQ.GB.zero_regret_share.eta0.9.all.X100,stats/adequacy_summary.csv,country=='uk' & statistic=='zero_regret_share' & eta==0.9 & method=='all' & dc_mw==100.0,value,0.3284671532846715,share,realised budget evaluations,{:.3f},1.0,0.328,,
ADQ.GB.zero_bound_S_share.eta0.9.all.X300,stats/adequacy_summary.csv,country=='uk' & statistic=='zero_bound_S_share' & eta==0.9 & method=='all' & dc_mw==300.0,value,0.0437956204379562,share,realised budget evaluations,{:.3f},1.0,0.044,,
ADQ.GB.zero_regret_share.eta0.9.all.X300,stats/adequacy_summary.csv,country=='uk' & statistic=='zero_regret_share' & eta==0.9 & method=='all' & dc_mw==300.0,value,0.1970802919708029,share,realised budget evaluations,{:.3f},1.0,0.197,,
ADQ.GB.zero_bound_S_share.eta0.9.all.X500,stats/adequacy_summary.csv,country=='uk' & statistic=='zero_bound_S_share' & eta==0.9 & method=='all' & dc_mw==500.0,value,0.0364963503649635,share,realised budget evaluations,{:.3f},1.0,0.036,,
ADQ.GB.zero_regret_share.eta0.9.all.X500,stats/adequacy_summary.csv,country=='uk' & statistic=='zero_regret_share' & eta==0.9 & method=='all' & dc_mw==500.0,value,0.1313868613138686,share,realised budget evaluations,{:.3f},1.0,0.131,,
ADQ.GB.zero_bound_S_share.eta0.9.GNN,stats/adequacy_summary.csv,country=='uk' & statistic=='zero_bound_S_share' & eta==0.9 & method=='GNN',value,0.0522088353413654,share,realised budget evaluations,{:.3f},1.0,0.052,,
ADQ.GB.zero_regret_share.eta0.9.GNN,stats/adequacy_summary.csv,country=='uk' & statistic=='zero_regret_share' & eta==0.9 & method=='GNN',value,0.2289156626506024,share,realised budget evaluations,{:.3f},1.0,0.229,,
ADQ.GB.bound_over_actual_L_E_median.eta0.9.GNN,stats/adequacy_summary.csv,country=='uk' & statistic=='bound_over_actual_L_E_median' & eta==0.9 & method=='GNN',value,8.91144350479107,ratio,n=244,{:.1f},1.0,8.9,,
ADQ.GB.bound_over_actual_L_S_median.eta0.9.GNN,stats/adequacy_summary.csv,country=='uk' & statistic=='bound_over_actual_L_S_median' & eta==0.9 & method=='GNN',value,22.46592373102827,ratio,n=192,{:.1f},1.0,22.5,,
ADQ.GB.zero_bound_S_share.eta0.9.LU,stats/adequacy_summary.csv,country=='uk' & statistic=='zero_bound_S_share' & eta==0.9 & method=='LU',value,0.0595238095238095,share,realised budget evaluations,{:.3f},1.0,0.060,,
ADQ.GB.zero_regret_share.eta0.9.LU,stats/adequacy_summary.csv,country=='uk' & statistic=='zero_regret_share' & eta==0.9 & method=='LU',value,0.2142857142857142,share,realised budget evaluations,{:.3f},1.0,0.214,,
ADQ.GB.bound_over_actual_L_E_median.eta0.9.LU,stats/adequacy_summary.csv,country=='uk' & statistic=='bound_over_actual_L_E_median' & eta==0.9 & method=='LU',value,7.69445398205476,ratio,n=82,{:.1f},1.0,7.7,,
ADQ.GB.bound_over_actual_L_S_median.eta0.9.LU,stats/adequacy_summary.csv,country=='uk' & statistic=='bound_over_actual_L_S_median' & eta==0.9 & method=='LU',value,27.714118571454108,ratio,n=66,{:.1f},1.0,27.7,,
ADQ.GB.zero_bound_S_share.eta0.9.Uni,stats/adequacy_summary.csv,country=='uk' & statistic=='zero_bound_S_share' & eta==0.9 & method=='Uni',value,0.0256410256410256,share,realised budget evaluations,{:.3f},1.0,0.026,,
ADQ.GB.zero_regret_share.eta0.9.Uni,stats/adequacy_summary.csv,country=='uk' & statistic=='zero_regret_share' & eta==0.9 & method=='Uni',value,0.1923076923076923,share,realised budget evaluations,{:.3f},1.0,0.192,,
ADQ.GB.bound_over_actual_L_E_median.eta0.9.Uni,stats/adequacy_summary.csv,country=='uk' & statistic=='bound_over_actual_L_E_median' & eta==0.9 & method=='Uni',value,9.709530346717006,ratio,n=77,{:.1f},1.0,9.7,,
ADQ.GB.bound_over_actual_L_S_median.eta0.9.Uni,stats/adequacy_summary.csv,country=='uk' & statistic=='bound_over_actual_L_S_median' & eta==0.9 & method=='Uni',value,37.34444369478256,ratio,n=63,{:.1f},1.0,37.3,,
ADQ.GB.median_slack_E.eta0.5.all,stats/adequacy_summary.csv,country=='uk' & statistic=='median_slack_E' & eta==0.5 & method=='all',value,47298968.90529624,GBP,realised budget evaluations,{:.2f},1e-06,47.30,,
ADQ.GB.median_slack_S.eta0.5.all,stats/adequacy_summary.csv,country=='uk' & statistic=='median_slack_S' & eta==0.5 & method=='all',value,67773135.91471317,GBP,realised budget evaluations,{:.2f},1e-06,67.77,,
ADQ.GB.median_slack_S.eta0.5.GNN,stats/adequacy_summary.csv,country=='uk' & statistic=='median_slack_S' & eta==0.5 & method=='GNN',value,61586678.94075306,GBP,realised budget evaluations,{:.2f},1e-06,61.59,,
ADQ.GB.median_slack_E.eta0.5.GNN,stats/adequacy_summary.csv,country=='uk' & statistic=='median_slack_E' & eta==0.5 & method=='GNN',value,43984190.25975748,GBP,realised budget evaluations,{:.2f},1e-06,43.98,,
ADQ.GB.median_slack_S.eta0.5.LU,stats/adequacy_summary.csv,country=='uk' & statistic=='median_slack_S' & eta==0.5 & method=='LU',value,71998296.059647,GBP,realised budget evaluations,{:.2f},1e-06,72.00,,
ADQ.GB.median_slack_E.eta0.5.LU,stats/adequacy_summary.csv,country=='uk' & statistic=='median_slack_E' & eta==0.5 & method=='LU',value,50623319.34890044,GBP,realised budget evaluations,{:.2f},1e-06,50.62,,
ADQ.GB.median_slack_S.eta0.5.Uni,stats/adequacy_summary.csv,country=='uk' & statistic=='median_slack_S' & eta==0.5 & method=='Uni',value,76866268.83788213,GBP,realised budget evaluations,{:.2f},1e-06,76.87,,
ADQ.GB.median_slack_E.eta0.5.Uni,stats/adequacy_summary.csv,country=='uk' & statistic=='median_slack_E' & eta==0.5 & method=='Uni',value,52688623.77521114,GBP,realised budget evaluations,{:.2f},1e-06,52.69,,
ADQ.GB.median_slack_E.eta0.8.all,stats/adequacy_summary.csv,country=='uk' & statistic=='median_slack_E' & eta==0.8 & method=='all',value,61865037.92057736,GBP,realised budget evaluations,{:.2f},1e-06,61.87,,
ADQ.GB.median_slack_S.eta0.8.all,stats/adequacy_summary.csv,country=='uk' & statistic=='median_slack_S' & eta==0.8 & method=='all',value,81969255.14103407,GBP,realised budget evaluations,{:.2f},1e-06,81.97,,
ADQ.GB.median_slack_S.eta0.8.GNN,stats/adequacy_summary.csv,country=='uk' & statistic=='median_slack_S' & eta==0.8 & method=='GNN',value,68652442.35757141,GBP,realised budget evaluations,{:.2f},1e-06,68.65,,
ADQ.GB.median_slack_E.eta0.8.GNN,stats/adequacy_summary.csv,country=='uk' & statistic=='median_slack_E' & eta==0.8 & method=='GNN',value,51950446.63974123,GBP,realised budget evaluations,{:.2f},1e-06,51.95,,
ADQ.GB.median_slack_S.eta0.8.LU,stats/adequacy_summary.csv,country=='uk' & statistic=='median_slack_S' & eta==0.8 & method=='LU',value,90510676.22505476,GBP,realised budget evaluations,{:.2f},1e-06,90.51,,
ADQ.GB.median_slack_E.eta0.8.LU,stats/adequacy_summary.csv,country=='uk' & statistic=='median_slack_E' & eta==0.8 & method=='LU',value,67502943.55601881,GBP,realised budget evaluations,{:.2f},1e-06,67.50,,
ADQ.GB.median_slack_S.eta0.8.Uni,stats/adequacy_summary.csv,country=='uk' & statistic=='median_slack_S' & eta==0.8 & method=='Uni',value,118541658.56547125,GBP,realised budget evaluations,{:.2f},1e-06,118.54,,
ADQ.GB.median_slack_E.eta0.8.Uni,stats/adequacy_summary.csv,country=='uk' & statistic=='median_slack_E' & eta==0.8 & method=='Uni',value,91157014.83891152,GBP,realised budget evaluations,{:.2f},1e-06,91.16,,
ADQ.GB.median_slack_E.eta0.9.all,stats/adequacy_summary.csv,country=='uk' & statistic=='median_slack_E' & eta==0.9 & method=='all',value,66048058.36326244,GBP,realised budget evaluations,{:.2f},1e-06,66.05,,
ADQ.GB.median_slack_S.eta0.9.all,stats/adequacy_summary.csv,country=='uk' & statistic=='median_slack_S' & eta==0.9 & method=='all',value,87425857.86676316,GBP,realised budget evaluations,{:.2f},1e-06,87.43,,
ADQ.GB.median_slack_S.eta0.9.GNN,stats/adequacy_summary.csv,country=='uk' & statistic=='median_slack_S' & eta==0.9 & method=='GNN',value,69138515.11228251,GBP,realised budget evaluations,{:.2f},1e-06,69.14,,
ADQ.GB.median_slack_E.eta0.9.GNN,stats/adequacy_summary.csv,country=='uk' & statistic=='median_slack_E' & eta==0.9 & method=='GNN',value,54002587.230126925,GBP,realised budget evaluations,{:.2f},1e-06,54.00,,
ADQ.GB.median_slack_S.eta0.9.LU,stats/adequacy_summary.csv,country=='uk' & statistic=='median_slack_S' & eta==0.9 & method=='LU',value,91459164.77165145,GBP,realised budget evaluations,{:.2f},1e-06,91.46,,
ADQ.GB.median_slack_E.eta0.9.LU,stats/adequacy_summary.csv,country=='uk' & statistic=='median_slack_E' & eta==0.9 & method=='LU',value,69918557.87555252,GBP,realised budget evaluations,{:.2f},1e-06,69.92,,
ADQ.GB.median_slack_S.eta0.9.Uni,stats/adequacy_summary.csv,country=='uk' & statistic=='median_slack_S' & eta==0.9 & method=='Uni',value,144393531.8034135,GBP,realised budget evaluations,{:.2f},1e-06,144.39,,
ADQ.GB.median_slack_E.eta0.9.Uni,stats/adequacy_summary.csv,country=='uk' & statistic=='median_slack_E' & eta==0.9 & method=='Uni',value,101780795.102957,GBP,realised budget evaluations,{:.2f},1e-06,101.78,,
ADQ.GB.median_slack_E.eta1.all,stats/adequacy_summary.csv,country=='uk' & statistic=='median_slack_E' & eta==1.0 & method=='all',value,78565722.96367517,GBP,realised budget evaluations,{:.2f},1e-06,78.57,,
ADQ.GB.median_slack_S.eta1.all,stats/adequacy_summary.csv,country=='uk' & statistic=='median_slack_S' & eta==1.0 & method=='all',value,93763401.79314508,GBP,realised budget evaluations,{:.2f},1e-06,93.76,,
ADQ.GB.median_slack_S.eta1.GNN,stats/adequacy_summary.csv,country=='uk' & statistic=='median_slack_S' & eta==1.0 & method=='GNN',value,76430684.8737831,GBP,realised budget evaluations,{:.2f},1e-06,76.43,,
ADQ.GB.median_slack_E.eta1.GNN,stats/adequacy_summary.csv,country=='uk' & statistic=='median_slack_E' & eta==1.0 & method=='GNN',value,63005797.29875093,GBP,realised budget evaluations,{:.2f},1e-06,63.01,,
ADQ.GB.median_slack_S.eta1.LU,stats/adequacy_summary.csv,country=='uk' & statistic=='median_slack_S' & eta==1.0 & method=='LU',value,117317456.68319131,GBP,realised budget evaluations,{:.2f},1e-06,117.32,,
ADQ.GB.median_slack_E.eta1.LU,stats/adequacy_summary.csv,country=='uk' & statistic=='median_slack_E' & eta==1.0 & method=='LU',value,94541332.75711758,GBP,realised budget evaluations,{:.2f},1e-06,94.54,,
ADQ.GB.median_slack_S.eta1.Uni,stats/adequacy_summary.csv,country=='uk' & statistic=='median_slack_S' & eta==1.0 & method=='Uni',value,153114363.8664058,GBP,realised budget evaluations,{:.2f},1e-06,153.11,,
ADQ.GB.median_slack_E.eta1.Uni,stats/adequacy_summary.csv,country=='uk' & statistic=='median_slack_E' & eta==1.0 & method=='Uni',value,110458759.36528936,GBP,realised budget evaluations,{:.2f},1e-06,110.46,,
ADQ.AU.units_total,stats/adequacy_summary.csv,country=='au' & statistic=='units_total',value,1440,evaluations,,"{:,d}",1.0,"1,440",,
ADQ.AU.units_budget_realised,stats/adequacy_summary.csv,country=='au' & statistic=='units_budget_realised',value,1080,evaluations,,"{:,d}",1.0,"1,080",,
ADQ.AU.units_realised_eta0.9,stats/adequacy_summary.csv,country=='au' & statistic=='units_realised_eta0.9',value,300,evaluations,,"{:,d}",1.0,300,,
ADQ.AU.violations_realised,stats/adequacy_summary.csv,country=='au' & statistic=='violations_realised',value,0,evaluations,,"{:,d}",1.0,0,,
ADQ.AU.violations_not_realised,stats/adequacy_summary.csv,country=='au' & statistic=='violations_not_realised',value,128,evaluations,,"{:,d}",1.0,128,,
ADQ.AU.alpha_obs.eta0.5.GNN,stats/adequacy_summary.csv,country=='au' & statistic=='alpha_obs' & eta==0.5 & method=='GNN',value,0.5,share,,{:.3f},1.0,0.500,,
ADQ.AU.alpha_obs.eta0.5.LU,stats/adequacy_summary.csv,country=='au' & statistic=='alpha_obs' & eta==0.5 & method=='LU',value,0.5,share,,{:.3f},1.0,0.500,,
ADQ.AU.alpha_obs.eta0.5.Uni,stats/adequacy_summary.csv,country=='au' & statistic=='alpha_obs' & eta==0.5 & method=='Uni',value,0.5,share,,{:.3f},1.0,0.500,,
ADQ.AU.alpha_obs.eta0.5.all,stats/adequacy_summary.csv,country=='au' & statistic=='alpha_obs' & eta==0.5 & method=='all',value,0.5,share,,{:.3f},1.0,0.500,,
ADQ.AU.alpha_obs.eta0.8.GNN,stats/adequacy_summary.csv,country=='au' & statistic=='alpha_obs' & eta==0.8 & method=='GNN',value,0.75,share,,{:.3f},1.0,0.750,,
ADQ.AU.alpha_obs.eta0.8.LU,stats/adequacy_summary.csv,country=='au' & statistic=='alpha_obs' & eta==0.8 & method=='LU',value,0.75,share,,{:.3f},1.0,0.750,,
ADQ.AU.alpha_obs.eta0.8.Uni,stats/adequacy_summary.csv,country=='au' & statistic=='alpha_obs' & eta==0.8 & method=='Uni',value,0.75,share,,{:.3f},1.0,0.750,,
ADQ.AU.alpha_obs.eta0.8.all,stats/adequacy_summary.csv,country=='au' & statistic=='alpha_obs' & eta==0.8 & method=='all',value,0.75,share,,{:.3f},1.0,0.750,,
ADQ.AU.alpha_obs.eta0.9.GNN,stats/adequacy_summary.csv,country=='au' & statistic=='alpha_obs' & eta==0.9 & method=='GNN',value,0.8333333333333333,share,,{:.3f},1.0,0.833,,
ADQ.AU.alpha_obs.eta0.9.LU,stats/adequacy_summary.csv,country=='au' & statistic=='alpha_obs' & eta==0.9 & method=='LU',value,0.8333333333333333,share,,{:.3f},1.0,0.833,,
ADQ.AU.alpha_obs.eta0.9.Uni,stats/adequacy_summary.csv,country=='au' & statistic=='alpha_obs' & eta==0.9 & method=='Uni',value,0.8333333333333333,share,,{:.3f},1.0,0.833,,
ADQ.AU.alpha_obs.eta0.9.all,stats/adequacy_summary.csv,country=='au' & statistic=='alpha_obs' & eta==0.9 & method=='all',value,0.8333333333333333,share,,{:.3f},1.0,0.833,,
ADQ.AU.alpha_obs.eta1.GNN,stats/adequacy_summary.csv,country=='au' & statistic=='alpha_obs' & eta==1.0 & method=='GNN',value,0.9166666666666666,share,,{:.3f},1.0,0.917,,
ADQ.AU.alpha_obs.eta1.LU,stats/adequacy_summary.csv,country=='au' & statistic=='alpha_obs' & eta==1.0 & method=='LU',value,0.9166666666666666,share,,{:.3f},1.0,0.917,,
ADQ.AU.alpha_obs.eta1.Uni,stats/adequacy_summary.csv,country=='au' & statistic=='alpha_obs' & eta==1.0 & method=='Uni',value,0.9166666666666666,share,,{:.3f},1.0,0.917,,
ADQ.AU.alpha_obs.eta1.all,stats/adequacy_summary.csv,country=='au' & statistic=='alpha_obs' & eta==1.0 & method=='all',value,0.9166666666666666,share,,{:.3f},1.0,0.917,,
ADQ.AU.zero_bound_S_share.eta0.9.all,stats/adequacy_summary.csv,country=='au' & statistic=='zero_bound_S_share' & eta==0.9 & method=='all',value,0.3599999999999999,share,realised budget evaluations,{:.3f},1.0,0.360,,
ADQ.AU.zero_regret_share.eta0.9.all,stats/adequacy_summary.csv,country=='au' & statistic=='zero_regret_share' & eta==0.9 & method=='all',value,0.7633333333333333,share,realised budget evaluations,{:.3f},1.0,0.763,,
ADQ.AU.zero_bound_S_share_all_eta.all,stats/adequacy_summary.csv,country=='au' & statistic=='zero_bound_S_share_all_eta' & method=='all',value,0.3824074074074074,share,realised budget evaluations,{:.3f},1.0,0.382,,
ADQ.AU.zero_regret_share_all_eta.all,stats/adequacy_summary.csv,country=='au' & statistic=='zero_regret_share_all_eta' & method=='all',value,0.7703703703703703,share,realised budget evaluations,{:.3f},1.0,0.770,,
ADQ.AU.zero_bound_S_share.eta0.9.all.X100,stats/adequacy_summary.csv,country=='au' & statistic=='zero_bound_S_share' & eta==0.9 & method=='all' & dc_mw==100.0,value,0.54,share,realised budget evaluations,{:.3f},1.0,0.540,,
ADQ.AU.zero_regret_share.eta0.9.all.X100,stats/adequacy_summary.csv,country=='au' & statistic=='zero_regret_share' & eta==0.9 & method=='all' & dc_mw==100.0,value,0.8399999999999999,share,realised budget evaluations,{:.3f},1.0,0.840,,
ADQ.AU.zero_bound_S_share.eta0.9.all.X300,stats/adequacy_summary.csv,country=='au' & statistic=='zero_bound_S_share' & eta==0.9 & method=='all' & dc_mw==300.0,value,0.4099999999999999,share,realised budget evaluations,{:.3f},1.0,0.410,,
ADQ.AU.zero_regret_share.eta0.9.all.X300,stats/adequacy_summary.csv,country=='au' & statistic=='zero_regret_share' & eta==0.9 & method=='all' & dc_mw==300.0,value,0.7099999999999999,share,realised budget evaluations,{:.3f},1.0,0.710,,
ADQ.AU.zero_bound_S_share.eta0.9.all.X500,stats/adequacy_summary.csv,country=='au' & statistic=='zero_bound_S_share' & eta==0.9 & method=='all' & dc_mw==500.0,value,0.13,share,realised budget evaluations,{:.3f},1.0,0.130,,
ADQ.AU.zero_regret_share.eta0.9.all.X500,stats/adequacy_summary.csv,country=='au' & statistic=='zero_regret_share' & eta==0.9 & method=='all' & dc_mw==500.0,value,0.7399999999999999,share,realised budget evaluations,{:.3f},1.0,0.740,,
ADQ.AU.zero_bound_S_share.eta0.9.GNN,stats/adequacy_summary.csv,country=='au' & statistic=='zero_bound_S_share' & eta==0.9 & method=='GNN',value,0.3499999999999999,share,realised budget evaluations,{:.3f},1.0,0.350,,
ADQ.AU.zero_regret_share.eta0.9.GNN,stats/adequacy_summary.csv,country=='au' & statistic=='zero_regret_share' & eta==0.9 & method=='GNN',value,0.7833333333333333,share,realised budget evaluations,{:.3f},1.0,0.783,,
ADQ.AU.bound_over_actual_L_E_median.eta0.9.GNN,stats/adequacy_summary.csv,country=='au' & statistic=='bound_over_actual_L_E_median' & eta==0.9 & method=='GNN',value,16.46203827531626,ratio,n=96,{:.1f},1.0,16.5,,
ADQ.AU.bound_over_actual_L_S_median.eta0.9.GNN,stats/adequacy_summary.csv,country=='au' & statistic=='bound_over_actual_L_S_median' & eta==0.9 & method=='GNN',value,60.018870769281975,ratio,n=39,{:.1f},1.0,60.0,,
ADQ.AU.zero_bound_S_share.eta0.9.LU,stats/adequacy_summary.csv,country=='au' & statistic=='zero_bound_S_share' & eta==0.9 & method=='LU',value,0.3833333333333333,share,realised budget evaluations,{:.3f},1.0,0.383,,
ADQ.AU.zero_regret_share.eta0.9.LU,stats/adequacy_summary.csv,country=='au' & statistic=='zero_regret_share' & eta==0.9 & method=='LU',value,0.7333333333333332,share,realised budget evaluations,{:.3f},1.0,0.733,,
ADQ.AU.bound_over_actual_L_E_median.eta0.9.LU,stats/adequacy_summary.csv,country=='au' & statistic=='bound_over_actual_L_E_median' & eta==0.9 & method=='LU',value,11.714903539865178,ratio,n=33,{:.1f},1.0,11.7,,
ADQ.AU.bound_over_actual_L_S_median.eta0.9.LU,stats/adequacy_summary.csv,country=='au' & statistic=='bound_over_actual_L_S_median' & eta==0.9 & method=='LU',value,37.234240094032074,ratio,n=16,{:.1f},1.0,37.2,,
ADQ.AU.zero_bound_S_share.eta0.9.Uni,stats/adequacy_summary.csv,country=='au' & statistic=='zero_bound_S_share' & eta==0.9 & method=='Uni',value,0.3666666666666666,share,realised budget evaluations,{:.3f},1.0,0.367,,
ADQ.AU.zero_regret_share.eta0.9.Uni,stats/adequacy_summary.csv,country=='au' & statistic=='zero_regret_share' & eta==0.9 & method=='Uni',value,0.7333333333333332,share,realised budget evaluations,{:.3f},1.0,0.733,,
ADQ.AU.bound_over_actual_L_E_median.eta0.9.Uni,stats/adequacy_summary.csv,country=='au' & statistic=='bound_over_actual_L_E_median' & eta==0.9 & method=='Uni',value,12.477698449089358,ratio,n=33,{:.1f},1.0,12.5,,
ADQ.AU.bound_over_actual_L_S_median.eta0.9.Uni,stats/adequacy_summary.csv,country=='au' & statistic=='bound_over_actual_L_S_median' & eta==0.9 & method=='Uni',value,40.81474295549798,ratio,n=16,{:.1f},1.0,40.8,,
ADQ.AU.median_slack_E.eta0.5.all,stats/adequacy_summary.csv,country=='au' & statistic=='median_slack_E' & eta==0.5 & method=='all',value,0.0,MVA_equivalent_PF1,realised budget evaluations,{:.2f},1.0,0.00,,
ADQ.AU.median_slack_S.eta0.5.all,stats/adequacy_summary.csv,country=='au' & statistic=='median_slack_S' & eta==0.5 & method=='all',value,0.0,MVA_equivalent_PF1,realised budget evaluations,{:.2f},1.0,0.00,,
ADQ.AU.median_slack_S.eta0.5.GNN,stats/adequacy_summary.csv,country=='au' & statistic=='median_slack_S' & eta==0.5 & method=='GNN',value,0.0,MVA_equivalent_PF1,realised budget evaluations,{:.2f},1.0,0.00,,
ADQ.AU.median_slack_E.eta0.5.GNN,stats/adequacy_summary.csv,country=='au' & statistic=='median_slack_E' & eta==0.5 & method=='GNN',value,0.0,MVA_equivalent_PF1,realised budget evaluations,{:.2f},1.0,0.00,,
ADQ.AU.median_slack_S.eta0.5.LU,stats/adequacy_summary.csv,country=='au' & statistic=='median_slack_S' & eta==0.5 & method=='LU',value,0.0,MVA_equivalent_PF1,realised budget evaluations,{:.2f},1.0,0.00,,
ADQ.AU.median_slack_E.eta0.5.LU,stats/adequacy_summary.csv,country=='au' & statistic=='median_slack_E' & eta==0.5 & method=='LU',value,0.025144128493175,MVA_equivalent_PF1,realised budget evaluations,{:.2f},1.0,0.03,,
ADQ.AU.median_slack_S.eta0.5.Uni,stats/adequacy_summary.csv,country=='au' & statistic=='median_slack_S' & eta==0.5 & method=='Uni',value,0.0,MVA_equivalent_PF1,realised budget evaluations,{:.2f},1.0,0.00,,
ADQ.AU.median_slack_E.eta0.5.Uni,stats/adequacy_summary.csv,country=='au' & statistic=='median_slack_E' & eta==0.5 & method=='Uni',value,0.0223508065700732,MVA_equivalent_PF1,realised budget evaluations,{:.2f},1.0,0.02,,
ADQ.AU.median_slack_E.eta0.8.all,stats/adequacy_summary.csv,country=='au' & statistic=='median_slack_E' & eta==0.8 & method=='all',value,24.47236170023848,MVA_equivalent_PF1,realised budget evaluations,{:.2f},1.0,24.47,,
ADQ.AU.median_slack_S.eta0.8.all,stats/adequacy_summary.csv,country=='au' & statistic=='median_slack_S' & eta==0.8 & method=='all',value,47.52650543216921,MVA_equivalent_PF1,realised budget evaluations,{:.2f},1.0,47.53,,
ADQ.AU.median_slack_S.eta0.8.GNN,stats/adequacy_summary.csv,country=='au' & statistic=='median_slack_S' & eta==0.8 & method=='GNN',value,61.4784738909888,MVA_equivalent_PF1,realised budget evaluations,{:.2f},1.0,61.48,,
ADQ.AU.median_slack_E.eta0.8.GNN,stats/adequacy_summary.csv,country=='au' & statistic=='median_slack_E' & eta==0.8 & method=='GNN',value,25.734487878978094,MVA_equivalent_PF1,realised budget evaluations,{:.2f},1.0,25.73,,
ADQ.AU.median_slack_S.eta0.8.LU,stats/adequacy_summary.csv,country=='au' & statistic=='median_slack_S' & eta==0.8 & method=='LU',value,22.97619779418033,MVA_equivalent_PF1,realised budget evaluations,{:.2f},1.0,22.98,,
ADQ.AU.median_slack_E.eta0.8.LU,stats/adequacy_summary.csv,country=='au' & statistic=='median_slack_E' & eta==0.8 & method=='LU',value,7.006516629856482,MVA_equivalent_PF1,realised budget evaluations,{:.2f},1.0,7.01,,
ADQ.AU.median_slack_S.eta0.8.Uni,stats/adequacy_summary.csv,country=='au' & statistic=='median_slack_S' & eta==0.8 & method=='Uni',value,39.953509217428575,MVA_equivalent_PF1,realised budget evaluations,{:.2f},1.0,39.95,,
ADQ.AU.median_slack_E.eta0.8.Uni,stats/adequacy_summary.csv,country=='au' & statistic=='median_slack_E' & eta==0.8 & method=='Uni',value,27.00786084684116,MVA_equivalent_PF1,realised budget evaluations,{:.2f},1.0,27.01,,
ADQ.AU.median_slack_E.eta0.9.all,stats/adequacy_summary.csv,country=='au' & statistic=='median_slack_E' & eta==0.9 & method=='all',value,35.08444092184651,MVA_equivalent_PF1,realised budget evaluations,{:.2f},1.0,35.08,,
ADQ.AU.median_slack_S.eta0.9.all,stats/adequacy_summary.csv,country=='au' & statistic=='median_slack_S' & eta==0.9 & method=='all',value,73.2867949847405,MVA_equivalent_PF1,realised budget evaluations,{:.2f},1.0,73.29,,
ADQ.AU.median_slack_S.eta0.9.GNN,stats/adequacy_summary.csv,country=='au' & statistic=='median_slack_S' & eta==0.9 & method=='GNN',value,95.60549161547098,MVA_equivalent_PF1,realised budget evaluations,{:.2f},1.0,95.61,,
ADQ.AU.median_slack_E.eta0.9.GNN,stats/adequacy_summary.csv,country=='au' & statistic=='median_slack_E' & eta==0.9 & method=='GNN',value,47.53499956285994,MVA_equivalent_PF1,realised budget evaluations,{:.2f},1.0,47.53,,
ADQ.AU.median_slack_S.eta0.9.LU,stats/adequacy_summary.csv,country=='au' & statistic=='median_slack_S' & eta==0.9 & method=='LU',value,42.29947029510156,MVA_equivalent_PF1,realised budget evaluations,{:.2f},1.0,42.30,,
ADQ.AU.median_slack_E.eta0.9.LU,stats/adequacy_summary.csv,country=='au' & statistic=='median_slack_E' & eta==0.9 & method=='LU',value,28.701695480635014,MVA_equivalent_PF1,realised budget evaluations,{:.2f},1.0,28.70,,
ADQ.AU.median_slack_S.eta0.9.Uni,stats/adequacy_summary.csv,country=='au' & statistic=='median_slack_S' & eta==0.9 & method=='Uni',value,51.014119050772806,MVA_equivalent_PF1,realised budget evaluations,{:.2f},1.0,51.01,,
ADQ.AU.median_slack_E.eta0.9.Uni,stats/adequacy_summary.csv,country=='au' & statistic=='median_slack_E' & eta==0.9 & method=='Uni',value,27.838770799191337,MVA_equivalent_PF1,realised budget evaluations,{:.2f},1.0,27.84,,
ADQ.AU.median_slack_E.eta1.all,stats/adequacy_summary.csv,country=='au' & statistic=='median_slack_E' & eta==1.0 & method=='all',value,101.40634344892936,MVA_equivalent_PF1,realised budget evaluations,{:.2f},1.0,101.41,,
ADQ.AU.median_slack_S.eta1.all,stats/adequacy_summary.csv,country=='au' & statistic=='median_slack_S' & eta==1.0 & method=='all',value,143.39888266418018,MVA_equivalent_PF1,realised budget evaluations,{:.2f},1.0,143.40,,
ADQ.AU.median_slack_S.eta1.GNN,stats/adequacy_summary.csv,country=='au' & statistic=='median_slack_S' & eta==1.0 & method=='GNN',value,153.08108131520078,MVA_equivalent_PF1,realised budget evaluations,{:.2f},1.0,153.08,,
ADQ.AU.median_slack_E.eta1.GNN,stats/adequacy_summary.csv,country=='au' & statistic=='median_slack_E' & eta==1.0 & method=='GNN',value,101.40634344892936,MVA_equivalent_PF1,realised budget evaluations,{:.2f},1.0,101.41,,
ADQ.AU.median_slack_S.eta1.LU,stats/adequacy_summary.csv,country=='au' & statistic=='median_slack_S' & eta==1.0 & method=='LU',value,134.97461347022949,MVA_equivalent_PF1,realised budget evaluations,{:.2f},1.0,134.97,,
ADQ.AU.median_slack_E.eta1.LU,stats/adequacy_summary.csv,country=='au' & statistic=='median_slack_E' & eta==1.0 & method=='LU',value,98.64250129103321,MVA_equivalent_PF1,realised budget evaluations,{:.2f},1.0,98.64,,
ADQ.AU.median_slack_S.eta1.Uni,stats/adequacy_summary.csv,country=='au' & statistic=='median_slack_S' & eta==1.0 & method=='Uni',value,126.15913087854136,MVA_equivalent_PF1,realised budget evaluations,{:.2f},1.0,126.16,,
ADQ.AU.median_slack_E.eta1.Uni,stats/adequacy_summary.csv,country=='au' & statistic=='median_slack_E' & eta==1.0 & method=='Uni',value,109.558110146791,MVA_equivalent_PF1,realised budget evaluations,{:.2f},1.0,109.56,,
T25.GB.GNN.regions_oracle_changed,stats/t25_summary.csv,country=='uk' & method=='GNN',regions_oracle_changed,2,regions,"16 regions, R=10 km, X=300 MW",{:d},1.0,2,,
T25.GB.GNN.regions_selection_changed,stats/t25_summary.csv,country=='uk' & method=='GNN',regions_selection_changed,3,regions,"16 regions, R=10 km, X=300 MW",{:d},1.0,3,,
T25.GB.GNN.regions_L_S_changed,stats/t25_summary.csv,country=='uk' & method=='GNN',regions_L_S_changed,3,regions,"16 regions, R=10 km, X=300 MW",{:d},1.0,3,,
T25.GB.GNN.median_L_S_T9,stats/t25_summary.csv,country=='uk' & method=='GNN',median_L_S_T9,3296909.2030436248,GBP,"16 regions, R=10 km, X=300 MW",{:.3f},1e-06,3.297,,
T25.GB.GNN.median_L_S_T25,stats/t25_summary.csv,country=='uk' & method=='GNN',median_L_S_T25,3296909.2030436164,GBP,"16 regions, R=10 km, X=300 MW",{:.3f},1e-06,3.297,,
T25.GB.GNN.max_oracle_shift_km,stats/t25_summary.csv,country=='uk' & method=='GNN',max_oracle_shift_km,50.7733364775157,km,"16 regions, R=10 km, X=300 MW",{:.1f},1.0,50.8,,
T25.GB.LU.regions_oracle_changed,stats/t25_summary.csv,country=='uk' & method=='LU',regions_oracle_changed,2,regions,"16 regions, R=10 km, X=300 MW",{:d},1.0,2,,
T25.GB.LU.regions_selection_changed,stats/t25_summary.csv,country=='uk' & method=='LU',regions_selection_changed,1,regions,"16 regions, R=10 km, X=300 MW",{:d},1.0,1,,
T25.GB.LU.regions_L_S_changed,stats/t25_summary.csv,country=='uk' & method=='LU',regions_L_S_changed,3,regions,"16 regions, R=10 km, X=300 MW",{:d},1.0,3,,
T25.GB.LU.median_L_S_T9,stats/t25_summary.csv,country=='uk' & method=='LU',median_L_S_T9,3184932.624817759,GBP,"16 regions, R=10 km, X=300 MW",{:.3f},1e-06,3.185,,
T25.GB.LU.median_L_S_T25,stats/t25_summary.csv,country=='uk' & method=='LU',median_L_S_T25,3555872.05050312,GBP,"16 regions, R=10 km, X=300 MW",{:.3f},1e-06,3.556,,
T25.GB.LU.max_oracle_shift_km,stats/t25_summary.csv,country=='uk' & method=='LU',max_oracle_shift_km,50.7733364775157,km,"16 regions, R=10 km, X=300 MW",{:.1f},1.0,50.8,,
T25.GB.Ref.regions_oracle_changed,stats/t25_summary.csv,country=='uk' & method=='Ref',regions_oracle_changed,2,regions,"16 regions, R=10 km, X=300 MW",{:d},1.0,2,,
T25.GB.Ref.regions_selection_changed,stats/t25_summary.csv,country=='uk' & method=='Ref',regions_selection_changed,3,regions,"16 regions, R=10 km, X=300 MW",{:d},1.0,3,,
T25.GB.Ref.regions_L_S_changed,stats/t25_summary.csv,country=='uk' & method=='Ref',regions_L_S_changed,4,regions,"16 regions, R=10 km, X=300 MW",{:d},1.0,4,,
T25.GB.Ref.median_L_S_T9,stats/t25_summary.csv,country=='uk' & method=='Ref',median_L_S_T9,916899.4350586015,GBP,"16 regions, R=10 km, X=300 MW",{:.3f},1e-06,0.917,,
T25.GB.Ref.median_L_S_T25,stats/t25_summary.csv,country=='uk' & method=='Ref',median_L_S_T25,1267188.58590471,GBP,"16 regions, R=10 km, X=300 MW",{:.3f},1e-06,1.267,,
T25.GB.Ref.max_oracle_shift_km,stats/t25_summary.csv,country=='uk' & method=='Ref',max_oracle_shift_km,50.7733364775157,km,"16 regions, R=10 km, X=300 MW",{:.1f},1.0,50.8,,
T25.GB.Uni.regions_oracle_changed,stats/t25_summary.csv,country=='uk' & method=='Uni',regions_oracle_changed,2,regions,"16 regions, R=10 km, X=300 MW",{:d},1.0,2,,
T25.GB.Uni.regions_selection_changed,stats/t25_summary.csv,country=='uk' & method=='Uni',regions_selection_changed,2,regions,"16 regions, R=10 km, X=300 MW",{:d},1.0,2,,
T25.GB.Uni.regions_L_S_changed,stats/t25_summary.csv,country=='uk' & method=='Uni',regions_L_S_changed,3,regions,"16 regions, R=10 km, X=300 MW",{:d},1.0,3,,
T25.GB.Uni.median_L_S_T9,stats/t25_summary.csv,country=='uk' & method=='Uni',median_L_S_T9,3089143.6830903664,GBP,"16 regions, R=10 km, X=300 MW",{:.3f},1e-06,3.089,,
T25.GB.Uni.median_L_S_T25,stats/t25_summary.csv,country=='uk' & method=='Uni',median_L_S_T25,3488833.438003108,GBP,"16 regions, R=10 km, X=300 MW",{:.3f},1e-06,3.489,,
T25.GB.Uni.max_oracle_shift_km,stats/t25_summary.csv,country=='uk' & method=='Uni',max_oracle_shift_km,50.7733364775157,km,"16 regions, R=10 km, X=300 MW",{:.1f},1.0,50.8,,
