country,region,arm,radius_km,dc_mw,eta,e_budget_mva,eps_max_mva,budget_realised,L_E,L_E_bound,L_S,L_S_bound,slack_E,slack_S,valid_E,valid_S
au,Central_Coast,Uni,10.0,100.0,0.5,113.85224790173638,180.59403455777033,False,37.93192857907204,81.39669519745911,16.161562499999985,96.04290990528676,43.46476661838707,79.88134740528677,True,True
au,Central_Coast,Uni,10.0,300.0,0.5,113.85224790173638,180.59403455777033,False,57.47254022137102,107.64368051401854,128.90937500000004,92.91709676180314,50.17114029264752,-35.9922782381969,True,False
au,Central_Coast,Uni,10.0,500.0,0.5,113.85224790173638,180.59403455777033,False,62.979463442835474,113.56113322508331,3.552713678800501e-14,92.2501549667102,50.581669782247836,92.25015496671017,True,True
au,Central_Coast,Uni,10.0,100.0,0.8,188.9353641724711,180.59403455777033,True,37.93192857907204,144.547591523724,16.161562499999985,171.12602617602144,106.61566294465197,154.96446367602147,True,True
au,Central_Coast,Uni,10.0,300.0,0.8,188.9353641724711,180.59403455777033,True,57.47254022137102,181.43803968133335,128.90937500000004,168.00021303253794,123.96549945996233,39.0908380325379,True,True
au,Central_Coast,Uni,10.0,500.0,0.8,188.9353641724711,180.59403455777033,True,62.979463442835474,188.64424949581797,3.552713678800501e-14,167.33327123744502,125.66478605298249,167.333271237445,True,True
au,Central_Coast,Uni,10.0,100.0,0.9,202.71872899070073,180.59403455777033,True,37.93192857907204,156.74509127347935,16.161562499999985,184.90939099425114,118.81316269440731,168.74782849425117,True,True
au,Central_Coast,Uni,10.0,300.0,0.9,202.71872899070073,180.59403455777033,True,57.47254022137102,195.00908115975383,128.90937500000004,181.78357785076753,137.5365409383828,52.87420285076749,True,True
au,Central_Coast,Uni,10.0,500.0,0.9,202.71872899070073,180.59403455777033,True,62.979463442835474,202.42761431404756,3.552713678800501e-14,181.1166360556746,139.44815087121208,181.11663605567458,True,True
au,Central_Coast,Uni,10.0,100.0,1.0,210.18612161246944,180.59403455777033,True,37.93192857907204,163.42384942968934,16.161562499999985,192.37678361601976,125.4919208506173,176.2152211160198,True,True
au,Central_Coast,Uni,10.0,300.0,1.0,210.18612161246944,180.59403455777033,True,57.47254022137102,202.381767271378,128.90937500000004,189.25097047253627,144.909227050007,60.34159547253623,True,True
au,Central_Coast,Uni,10.0,500.0,1.0,210.18612161246944,180.59403455777033,True,62.979463442835474,209.89500693581627,3.552713678800501e-14,188.5840286774433,146.9155434929808,188.58402867744329,True,True
au,Central_Coast,LU,10.0,100.0,0.5,118.98885383612662,168.91191516047923,False,35.440457301284106,86.1090337190892,16.161562499999985,102.22484524234576,50.66857641780509,86.06328274234578,True,True
au,Central_Coast,LU,10.0,300.0,0.5,118.98885383612662,168.91191516047923,False,53.70008179195482,113.17770016623604,128.90937500000004,102.85049756925063,59.477618374281214,-26.058877430749405,True,False
au,Central_Coast,LU,10.0,500.0,0.5,118.98885383612662,168.91191516047923,False,58.6507518087147,118.80031168677873,4.263256414560601e-14,103.55665890629605,60.149559878064025,103.55665890629601,True,True
au,Central_Coast,LU,10.0,100.0,0.8,204.6902061506568,168.91191516047923,True,35.440457301284106,159.76110118597495,16.161562499999985,187.92619755687596,124.32064388469084,171.764635056876,True,True
au,Central_Coast,LU,10.0,300.0,0.8,204.6902061506568,168.91191516047923,True,53.70008179195482,197.52135053508903,128.90937500000004,188.55184988378085,143.8212687431342,59.64247488378081,True,True
au,Central_Coast,LU,10.0,500.0,0.8,204.6902061506568,168.91191516047923,True,58.6507518087147,204.50166400130888,4.263256414560601e-14,189.25801122082618,145.8509121925942,189.25801122082612,True,True
au,Central_Coast,LU,10.0,100.0,0.9,216.6753435848436,168.91191516047923,True,35.440457301284106,170.60608359527401,16.161562499999985,199.9113349910627,135.1656262939899,183.7497724910627,True,True
au,Central_Coast,LU,10.0,300.0,0.9,216.6753435848436,168.91191516047923,True,53.70008179195482,209.38605716863472,128.90937500000004,200.53698731796763,155.6859753766799,71.62761231796759,True,True
au,Central_Coast,LU,10.0,500.0,0.9,216.6753435848436,168.91191516047923,True,58.6507518087147,216.48680143549572,4.263256414560601e-14,201.24314865501296,157.836049626781,201.24314865501293,True,True
au,Central_Coast,LU,10.0,100.0,1.0,229.45458307638572,168.91191516047923,True,35.440457301284106,182.28486952145073,16.161562499999985,212.69057448260486,146.84441222016662,196.52901198260489,True,True
au,Central_Coast,LU,10.0,300.0,1.0,229.45458307638572,168.91191516047923,True,53.70008179195482,222.153467785278,128.90937500000004,213.31622680950977,168.45338599332317,84.40685180950973,True,True
au,Central_Coast,LU,10.0,500.0,1.0,229.45458307638572,168.91191516047923,True,58.6507518087147,229.2660409270379,4.263256414560601e-14,214.0223881465551,170.61528911832318,214.02238814655504,True,True
au,Central_Coast,LU-soft,10.0,100.0,0.5,117.80630314470454,169.3815132939925,False,35.570239932543565,85.11996007136017,16.161562499999985,100.93169705820708,49.5497201388166,84.77013455820709,True,True
au,Central_Coast,LU-soft,10.0,300.0,0.5,117.80630314470454,169.3815132939925,False,53.890783917144105,111.99150187546614,128.90937500000004,101.37525839505936,58.100717958322036,-27.534116604940678,True,False
au,Central_Coast,LU-soft,10.0,500.0,0.5,117.80630314470454,169.3815132939925,False,58.86975000324144,117.61391573275172,4.263256414560601e-14,102.04917921834826,58.74416572951028,102.04917921834821,True,True
au,Central_Coast,LU-soft,10.0,100.0,0.8,204.5524117045268,169.3815132939925,True,35.570239932543565,159.57474908825165,16.161562499999985,187.67780561802928,124.00450915570809,171.5162431180293,True,True
au,Central_Coast,LU-soft,10.0,300.0,0.8,204.5524117045268,169.3815132939925,True,53.890783917144105,197.35691355297521,128.90937500000004,188.1213669548816,143.46612963583112,59.21199195488157,True,True
au,Central_Coast,LU-soft,10.0,500.0,0.8,204.5524117045268,169.3815132939925,True,58.86975000324144,204.36002429257402,4.263256414560601e-14,188.79528777817046,145.49027428933258,188.7952877781704,True,True
au,Central_Coast,LU-soft,10.0,100.0,0.9,215.77358705900585,169.3815132939925,True,35.570239932543565,169.7206991939128,16.161562499999985,198.89898097250835,134.15045926136924,182.73741847250838,True,True
au,Central_Coast,LU-soft,10.0,300.0,0.9,215.77358705900585,169.3815132939925,True,53.890783917144105,208.45793794998613,128.90937500000004,199.3425423093607,154.56715403284204,70.43316730936067,True,True
au,Central_Coast,LU-soft,10.0,500.0,0.9,215.77358705900585,169.3815132939925,True,58.86975000324144,215.58119964705304,4.263256414560601e-14,200.01646313264956,156.7114496438116,200.0164631326495,True,True
au,Central_Coast,LU-soft,10.0,100.0,1.0,229.45458307638572,169.3815132939925,True,35.570239932543565,182.21628490469843,16.161562499999985,212.57997698988825,146.64604497215487,196.41841448988828,True,True
au,Central_Coast,LU-soft,10.0,300.0,1.0,229.45458307638572,169.3815132939925,True,53.890783917144105,222.12132645333566,128.90937500000004,213.02353832674052,168.23054253619154,84.11416332674048,True,True
au,Central_Coast,LU-soft,10.0,500.0,1.0,229.45458307638572,169.3815132939925,True,58.86975000324144,229.26219566443294,4.263256414560601e-14,213.6974591500294,170.3924456611915,213.69745915002937,True,True
au,Central_Coast,Ref,10.0,100.0,0.5,73.71520747044096,111.04426663726217,False,10.571026760843917,56.598735217061105,3.223749999999998,49.56271632059931,46.027708456217184,46.33896632059931,True,True
au,Central_Coast,Ref,10.0,300.0,0.5,73.71520747044096,111.04426663726217,False,15.257162197046888,70.85132515209258,0.0,9.147046795099826,55.5941629550457,9.147046795099826,True,True
au,Central_Coast,Ref,10.0,500.0,0.5,73.71520747044096,111.04426663726217,False,17.72763326875935,73.71520747044099,4.263256414560601e-14,71.22886204833135,55.98757420168164,71.22886204833131,True,True
au,Central_Coast,Ref,10.0,100.0,0.8,96.54685127247558,111.04426663726217,False,10.571026760843917,76.41071727579012,3.223749999999998,72.39436012263396,65.8396905149462,69.17061012263396,True,True
au,Central_Coast,Ref,10.0,300.0,0.8,96.54685127247558,111.04426663726217,False,15.257162197046888,93.27533302358741,0.0,26.604145436309427,78.01817082654051,26.604145436309427,True,True
au,Central_Coast,Ref,10.0,500.0,0.8,96.54685127247558,111.04426663726217,False,17.72763326875935,96.54685127247559,4.263256414560601e-14,103.69007648748114,78.81921800371624,103.6900764874811,True,True
au,Central_Coast,Ref,10.0,100.0,0.9,115.27441404885244,111.04426663726217,True,10.571026760843917,92.93243526650197,3.223749999999998,91.12192289901078,82.36140850565805,87.89817289901079,True,True
au,Central_Coast,Ref,10.0,300.0,0.9,115.27441404885244,111.04426663726217,True,15.257162197046888,111.69532015689825,0.0,43.60186620946524,96.43815795985137,43.60186620946524,True,True
au,Central_Coast,Ref,10.0,500.0,0.9,115.27441404885244,111.04426663726217,True,17.72763326875935,115.2744140488525,4.263256414560601e-14,127.39561651954133,97.54678078009316,127.39561651954129,True,True
au,Central_Coast,Ref,10.0,100.0,1.0,173.09201286396635,111.04426663726217,True,10.571026760843917,144.5910133709599,3.223749999999998,148.93952171412474,134.01998661011598,145.71577171412474,True,True
au,Central_Coast,Ref,10.0,300.0,1.0,173.09201286396635,111.04426663726217,True,15.257162197046888,168.61674619037785,0.0,101.41946502457915,153.35958399333097,101.41946502457915,True,True
au,Central_Coast,Ref,10.0,500.0,1.0,173.09201286396635,111.04426663726217,True,17.72763326875935,173.09201286396637,4.263256414560601e-14,187.17860935867307,155.36437959520703,187.17860935867304,True,True
au,Central_Coast,GNN-oof-42,10.0,100.0,0.5,164.2361619581892,157.85209537052722,True,28.655273396855772,127.06357806971806,15.633124999999987,147.86416990205112,98.40830467286229,132.23104490205114,True,True
au,Central_Coast,GNN-oof-42,10.0,300.0,0.5,164.2361619581892,157.85209537052722,True,44.42237543756153,159.1726035854334,0.0,49.27779056915113,114.75022814787187,49.27779056915113,True,True
au,Central_Coast,GNN-oof-42,10.0,500.0,0.5,164.2361619581892,157.85209537052722,True,47.41353892866985,164.23616195818929,4.263256414560601e-14,191.21789196979358,116.82262302951943,191.21789196979353,True,True
au,Central_Coast,GNN-oof-42,10.0,100.0,0.8,225.3155949434563,157.85209537052722,True,28.655273396855772,183.03108628296854,15.633124999999987,208.94360288731818,154.37581288611278,193.3104778873182,True,True
au,Central_Coast,GNN-oof-42,10.0,300.0,0.8,225.3155949434563,157.85209537052722,True,44.42237543756153,220.16252832734799,0.0,110.35722355441821,175.74015288978646,110.35722355441821,True,True
au,Central_Coast,GNN-oof-42,10.0,500.0,0.8,225.3155949434563,157.85209537052722,True,47.41353892866985,225.3155949434563,4.263256414560601e-14,252.29732495506073,177.90205601478644,252.29732495506067,True,True
au,Central_Coast,GNN-oof-42,10.0,100.0,0.9,267.10954556491737,157.85209537052722,True,28.655273396855772,223.32823995251616,15.633124999999987,250.73755350877929,194.6729665556604,235.1044285087793,True,True
au,Central_Coast,GNN-oof-42,10.0,300.0,0.9,267.10954556491737,157.85209537052722,True,44.42237543756153,261.9564789488091,0.0,152.15117417587936,217.53410351124757,152.15117417587936,True,True
au,Central_Coast,GNN-oof-42,10.0,500.0,0.9,267.10954556491737,157.85209537052722,True,47.41353892866985,267.10954556491737,4.263256414560601e-14,294.09127557652175,219.69600663624752,294.0912755765217,True,True
au,Central_Coast,GNN-oof-42,10.0,100.0,1.0,371.5721170104987,157.85209537052722,True,28.655273396855772,325.6834712060371,15.633124999999987,355.2001249543606,297.02819780918134,339.5669999543606,True,True
au,Central_Coast,GNN-oof-42,10.0,300.0,1.0,371.5721170104987,157.85209537052722,True,44.42237543756153,366.41905039439047,0.0,256.6137456214606,321.99667495682894,256.6137456214606,True,True
au,Central_Coast,GNN-oof-42,10.0,500.0,1.0,371.5721170104987,157.85209537052722,True,47.41353892866985,371.57211701049874,4.263256414560601e-14,398.553847022103,324.15857808182886,398.55384702210296,True,True
au,Central_Coast,GNN-oof-123,10.0,100.0,0.5,145.5293450472011,156.60430605286552,False,23.07271928811563,114.38686184322768,15.104687499999988,131.29064201213654,91.31414255511206,116.18595451213656,True,True
au,Central_Coast,GNN-oof-123,10.0,300.0,0.5,145.5293450472011,156.60430605286552,False,34.57514471994411,140.86066244462893,0.0,40.023633765131365,106.28551772468481,40.023633765131365,True,True
au,Central_Coast,GNN-oof-123,10.0,500.0,0.5,145.5293450472011,156.60430605286552,False,37.4887511219145,145.52905442357255,4.263256414560601e-14,167.7157726621553,108.04030330165804,167.71577266215525,True,True
au,Central_Coast,GNN-oof-123,10.0,100.0,0.8,217.04792041085886,156.60430605286552,True,23.07271928811563,179.28837022491206,15.104687499999988,202.80921737579433,156.21565093679644,187.70452987579435,True,True
au,Central_Coast,GNN-oof-123,10.0,300.0,0.8,217.04792041085886,156.60430605286552,True,34.57514471994411,211.97212026025986,0.0,110.04876030775554,177.39697554031574,110.04876030775554,True,True
au,Central_Coast,GNN-oof-123,10.0,500.0,0.8,217.04792041085886,156.60430605286552,True,37.4887511219145,217.04762978723025,4.263256414560601e-14,239.23434802581315,179.55887866531575,239.23434802581312,True,True
au,Central_Coast,GNN-oof-123,10.0,100.0,0.9,247.86155933873084,156.60430605286552,True,23.07271928811563,208.85105395971442,15.104687499999988,233.62285630366628,185.7783346715988,218.5181688036663,True,True
au,Central_Coast,GNN-oof-123,10.0,300.0,0.9,247.86155933873084,156.60430605286552,True,34.57514471994411,242.78575918813186,0.0,140.86239923562752,208.21061446818774,140.86239923562752,True,True
au,Central_Coast,GNN-oof-123,10.0,500.0,0.9,247.86155933873084,156.60430605286552,True,37.4887511219145,247.86126871510223,4.263256414560601e-14,270.04798695368504,210.37251759318772,270.047986953685,True,True
au,Central_Coast,GNN-oof-123,10.0,100.0,1.0,377.10962730177283,156.60430605286552,True,23.07271928811563,335.4574023850861,15.104687499999988,362.8709242667083,312.38468309697043,347.7662367667083,True,True
au,Central_Coast,GNN-oof-123,10.0,300.0,1.0,377.10962730177283,156.60430605286552,True,34.57514471994411,372.0338271511739,0.0,270.1104671986696,337.4586824312298,270.1104671986696,True,True
au,Central_Coast,GNN-oof-123,10.0,500.0,1.0,377.10962730177283,156.60430605286552,True,37.4887511219145,377.1093366781443,4.263256414560601e-14,399.2960549167271,339.6205855562298,399.29605491672703,True,True
au,Central_Coast,GNN-oof-456,10.0,100.0,0.5,155.4485133731969,160.95824384078156,False,28.00272159723055,118.06386315686449,15.104687499999988,140.32694482905612,90.06114155963394,125.22225732905613,True,True
au,Central_Coast,GNN-oof-456,10.0,300.0,0.5,155.4485133731969,160.95824384078156,False,45.286194051850806,149.56429067305615,6.445468750000001,34.66118062594374,104.27809662120535,28.215711875943743,True,True
au,Central_Coast,GNN-oof-456,10.0,500.0,0.5,155.4485133731969,160.95824384078156,False,49.071685760836324,155.44851337319687,20.179687500000043,194.90339091171694,106.37682761236056,174.72370341171688,True,True
au,Central_Coast,GNN-oof-456,10.0,100.0,0.8,214.93817046734168,160.95824384078156,True,28.00272159723055,172.05445153300238,15.104687499999988,199.81660192320084,144.05172993577182,184.71191442320085,True,True
au,Central_Coast,GNN-oof-456,10.0,300.0,0.8,214.93817046734168,160.95824384078156,True,45.286194051850806,209.00141411296937,6.445468750000001,93.49341223618475,163.71522006111857,87.04794348618475,True,True
au,Central_Coast,GNN-oof-456,10.0,500.0,0.8,214.93817046734168,160.95824384078156,True,49.071685760836324,214.93817046734168,20.179687500000043,254.39304800586177,165.86648470650536,234.21336050586171,True,True
au,Central_Coast,GNN-oof-456,10.0,100.0,0.9,297.6568313590054,160.95824384078156,True,28.00272159723055,251.11386171310522,15.104687499999988,282.5352628148646,223.11114011587466,267.4305753148646,True,True
au,Central_Coast,GNN-oof-456,10.0,300.0,0.9,297.6568313590054,160.95824384078156,True,45.286194051850806,291.72007500463314,6.445468750000001,176.2120731278485,246.43388095278235,169.7666043778485,True,True
au,Central_Coast,GNN-oof-456,10.0,500.0,0.9,297.6568313590054,160.95824384078156,True,49.071685760836324,297.6568313590054,20.179687500000043,337.1117088975255,248.5851455981691,316.93202139752543,True,True
au,Central_Coast,GNN-oof-456,10.0,100.0,1.0,374.46519032917126,160.95824384078156,True,28.00272159723055,326.66897883585466,15.104687499999988,359.3436217850305,298.6662572386241,344.2389342850305,True,True
au,Central_Coast,GNN-oof-456,10.0,300.0,1.0,374.46519032917126,160.95824384078156,True,45.286194051850806,368.52843397479904,6.445468750000001,253.0204320980143,323.2422399229482,246.5749633480143,True,True
au,Central_Coast,GNN-oof-456,10.0,500.0,1.0,374.46519032917126,160.95824384078156,True,49.071685760836324,374.4651903291714,20.179687500000043,413.9200678676913,325.39350456833506,393.7403803676912,True,True
au,Central_Coast,Uni,20.0,100.0,0.5,0.5098547784044589,264.8168904340114,False,55.039990761539585,0.2006871315856186,0.0,0.0,-54.83930362995397,0.0,False,True
au,Central_Coast,Uni,20.0,300.0,0.5,0.5098547784044589,264.8168904340114,False,79.18252954025878,0.31667365280830156,109.59062499999996,0.0,-78.86585588745048,-109.59062499999996,False,False
au,Central_Coast,Uni,20.0,500.0,0.5,0.5098547784044589,264.8168904340114,False,99.23506569477878,0.4127274431184329,165.74062500000008,0.0,-98.82233825166036,-165.74062500000008,False,False
au,Central_Coast,Uni,20.0,100.0,0.8,107.93212845811841,264.8168904340114,False,55.039990761539585,47.659042394571756,0.0,0.0,-7.380948366967829,0.0,False,True
au,Central_Coast,Uni,20.0,300.0,0.8,107.93212845811841,264.8168904340114,False,79.18252954025878,71.3731171714037,109.59062499999996,62.43603416961362,-7.809412368855078,-47.15459083038634,False,False
au,Central_Coast,Uni,20.0,500.0,0.8,107.93212845811841,264.8168904340114,False,99.23506569477878,95.7574631063825,165.74062500000008,87.7053619035884,-3.4776025883962802,-78.03526309641168,False,False
au,Central_Coast,Uni,20.0,100.0,0.9,118.07675277083155,264.8168904340114,False,55.039990761539585,52.94346666190804,0.0,0.0,-2.0965240996315444,0.0,False,True
au,Central_Coast,Uni,20.0,300.0,0.9,118.07675277083155,264.8168904340114,False,79.18252954025878,78.67144951473895,109.59062499999996,72.58065848232675,-0.5110800255198313,-37.009966517673206,False,False
au,Central_Coast,Uni,20.0,500.0,0.9,118.07675277083155,264.8168904340114,False,99.23506569477878,105.24472135567139,165.74062500000008,97.84998621630155,6.009655660892605,-67.89063878369853,True,False
au,Central_Coast,Uni,20.0,100.0,1.0,178.8581129642266,264.8168904340114,False,55.039990761539585,86.98742317096263,0.0,3.128265419681705,31.947432409423044,3.128265419681705,True,True
au,Central_Coast,Uni,20.0,300.0,1.0,178.8581129642266,264.8168904340114,False,79.18252954025878,124.10367647138072,109.59062499999996,133.36201867572186,44.92114693112194,23.771393675721896,True,True
au,Central_Coast,Uni,20.0,500.0,1.0,178.8581129642266,264.8168904340114,False,99.23506569477878,163.23624778327746,165.74062500000008,158.63134640969656,64.00118208849868,-7.109278590303518,True,False
au,Central_Coast,LU,20.0,100.0,0.5,0.5064362343996587,249.4148272217601,False,51.06322510987133,0.19611176391575127,0.0,0.0,-50.86711334595558,0.0,False,True
au,Central_Coast,LU,20.0,300.0,0.5,0.5064362343996587,249.4148272217601,False,74.0616951158107,0.31663080622662465,109.59062499999996,0.0,-73.74506430958408,-109.59062499999996,False,False
au,Central_Coast,LU,20.0,500.0,0.5,0.5064362343996587,249.4148272217601,False,92.90627153976423,0.41867068920355166,137.8456250000001,0.0,-92.48760085056068,-137.8456250000001,False,False
au,Central_Coast,LU,20.0,100.0,0.8,113.19862173553702,249.4148272217601,False,51.06322510987133,50.05414476999844,0.0,0.0,-1.0090803398728951,0.0,False,True
au,Central_Coast,LU,20.0,300.0,0.8,113.19862173553702,249.4148272217601,False,74.0616951158107,75.66636748644787,109.59062499999996,79.22212540190863,1.6046723706371608,-30.368499598091333,True,False
au,Central_Coast,LU,20.0,500.0,0.8,113.19862173553702,249.4148272217601,False,92.90627153976423,101.83014780187268,137.8456250000001,78.214803061128,8.92387626210845,-59.6308219388721,True,False
au,Central_Coast,LU,20.0,100.0,0.9,121.96748733839229,249.4148272217601,False,51.06322510987133,54.665338242383996,0.0,0.0,3.602113132512663,0.0,True,True
au,Central_Coast,LU,20.0,300.0,0.9,121.96748733839229,249.4148272217601,False,74.0616951158107,82.0077584898705,109.59062499999996,87.99099100476388,7.94606337405979,-21.599633995236076,True,False
au,Central_Coast,LU,20.0,500.0,0.9,121.96748733839229,249.4148272217601,False,92.90627153976423,110.09389381059246,137.8456250000001,85.22989554341223,17.18762227082823,-52.61572945658787,True,False
au,Central_Coast,LU,20.0,100.0,1.0,186.49968490803656,249.4148272217601,False,51.06322510987133,91.55447125531438,0.0,8.094986197812233,40.49124614544305,8.094986197812233,True,True
au,Central_Coast,LU,20.0,300.0,1.0,186.49968490803656,249.4148272217601,False,74.0616951158107,130.94482495828336,109.59062499999996,152.52318857440815,56.883129842472655,42.93256357440819,True,True
au,Central_Coast,LU,20.0,500.0,1.0,186.49968490803656,249.4148272217601,False,92.90627153976423,172.286744155162,137.8456250000001,136.94976576760482,79.38047261539778,-0.8958592323952814,True,False
au,Central_Coast,LU-soft,20.0,100.0,0.5,0.5048347079286604,250.2759699219879,False,51.27032760765713,0.1957387708751558,0.0,0.0,-51.07458883678198,0.0,False,True
au,Central_Coast,LU-soft,20.0,300.0,0.5,0.5048347079286604,250.2759699219879,False,74.33027791018908,0.31552169245542516,109.59062499999996,0.0,-74.01475621773366,-109.59062499999996,False,False
au,Central_Coast,LU-soft,20.0,500.0,0.5,0.5048347079286604,250.2759699219879,False,93.23568673575387,0.41699349760316456,144.8193750000001,0.016758848675158332,-92.81869323815071,-144.80261615132494,False,False
au,Central_Coast,LU-soft,20.0,100.0,0.8,112.48090632808119,250.2759699219879,False,51.27032760765713,49.70078800538233,0.0,0.0,-1.5695396022748014,0.0,False,True
au,Central_Coast,LU-soft,20.0,300.0,0.8,112.48090632808119,250.2759699219879,False,74.33027791018908,75.12680298862047,109.59062499999996,78.00173853603191,0.7965250784313866,-31.588886463968052,True,False
au,Central_Coast,LU-soft,20.0,500.0,0.8,112.48090632808119,250.2759699219879,False,93.23568673575387,101.10463097290484,144.8193750000001,82.70651225110845,7.86894423715097,-62.112862748891644,True,False
au,Central_Coast,LU-soft,20.0,100.0,0.9,121.77366219419918,250.2759699219879,False,51.27032760765713,54.58211512208672,0.0,0.0,3.3117875144295894,0.0,True,True
au,Central_Coast,LU-soft,20.0,300.0,0.9,121.77366219419918,250.2759699219879,False,74.33027791018908,81.84284692344463,109.59062499999996,87.29449440214992,7.512569013255543,-22.296130597850038,True,False
au,Central_Coast,LU-soft,20.0,500.0,0.9,121.77366219419918,250.2759699219879,False,93.23568673575387,109.85907831874243,144.8193750000001,90.60535473730872,16.62339158298856,-54.21402026269138,True,False
au,Central_Coast,LU-soft,20.0,100.0,1.0,186.35726055662224,250.2759699219879,False,51.27032760765713,91.47321961160638,0.0,7.877671616854348,40.20289200394925,7.877671616854348,True,True
au,Central_Coast,LU-soft,20.0,300.0,1.0,186.35726055662224,250.2759699219879,False,74.33027791018908,130.791585208153,109.59062499999996,151.87809276457295,56.46130729796393,42.287467764572995,True,True
au,Central_Coast,LU-soft,20.0,500.0,1.0,186.35726055662224,250.2759699219879,False,93.23568673575387,172.0735185362395,144.8193750000001,145.54839882002568,78.83783180048563,0.7290238200255885,True,True
au,Central_Coast,Ref,20.0,100.0,0.5,0.5266725230252987,91.37747723153984,False,11.201669934967853,0.17759166481520652,0.0,0.0,-11.024078270152646,0.0,False,True
au,Central_Coast,Ref,20.0,300.0,0.5,0.5266725230252987,91.37747723153984,False,17.168490385596936,0.34734052893519624,0.0,0.0,-16.82114985666174,0.0,False,True
au,Central_Coast,Ref,20.0,500.0,0.5,0.5266725230252987,91.37747723153984,False,24.95328075869746,0.4887160785785848,27.864375000000003,0.0,-24.464564680118876,-27.864375000000003,False,False
au,Central_Coast,Ref,20.0,100.0,0.8,59.02239546481737,91.37747723153984,False,11.201669934967853,21.677941732413686,0.0,0.0,10.476271797445833,0.0,True,True
au,Central_Coast,Ref,20.0,300.0,0.8,59.02239546481737,91.37747723153984,False,17.168490385596936,39.22692869119896,0.0,0.0,22.05843830560202,0.0,True,True
au,Central_Coast,Ref,20.0,500.0,0.8,59.02239546481737,91.37747723153984,False,24.95328075869746,56.2852491672281,27.864375000000003,10.192092993467918,31.331968408530642,-17.672282006532086,True,False
au,Central_Coast,Ref,20.0,100.0,0.9,60.141156462082506,91.37747723153984,False,11.201669934967853,22.144417123822873,0.0,0.0,10.94274718885502,0.0,True,True
au,Central_Coast,Ref,20.0,300.0,0.9,60.141156462082506,91.37747723153984,False,17.168490385596936,39.987418023346315,0.0,0.0,22.81892763774938,0.0,True,True
au,Central_Coast,Ref,20.0,500.0,0.9,60.141156462082506,91.37747723153984,False,24.95328075869746,57.381079930009626,27.864375000000003,10.975662287585568,32.42779917131217,-16.888712712414435,True,False
au,Central_Coast,Ref,20.0,100.0,1.0,82.05389371031362,91.37747723153984,False,11.201669934967853,32.022903777348084,0.0,3.7821577426586317,20.82123384238023,3.7821577426586317,True,True
au,Central_Coast,Ref,20.0,300.0,1.0,82.05389371031362,91.37747723153984,False,17.168490385596936,55.48375851562175,0.0,7.292439481413356,38.31526813002482,7.292439481413356,True,True
au,Central_Coast,Ref,20.0,500.0,1.0,82.05389371031362,91.37747723153984,False,24.95328075869746,78.95699497489794,27.864375000000003,32.401481482843266,54.00371421620048,4.537106482843264,True,True
au,Central_Coast,GNN-oof-42,20.0,100.0,0.5,0.0367641978307598,218.1035634055143,False,38.244833194254184,0.01349246060389494,0.0,0.0,-38.23134073365029,0.0,False,True
au,Central_Coast,GNN-oof-42,20.0,300.0,0.5,0.0367641978307598,218.1035634055143,False,58.779394637511885,0.023161444633390402,109.59062500000005,0.0,-58.7562331928785,-109.59062500000005,False,False
au,Central_Coast,GNN-oof-42,20.0,500.0,0.5,0.0367641978307598,218.1035634055143,False,73.403868582748,0.0326098434759025,47.186875000000015,0.0,-73.37125873927211,-47.186875000000015,False,False
au,Central_Coast,GNN-oof-42,20.0,100.0,0.8,115.2676325660942,218.1035634055143,False,38.244833194254184,49.7820101398734,0.0,0.0,11.537176945619215,0.0,True,True
au,Central_Coast,GNN-oof-42,20.0,300.0,0.8,115.2676325660942,218.1035634055143,False,58.779394637511885,78.82377484032126,109.59062500000005,87.19222936112494,20.04438020280938,-22.3983956388751,True,False
au,Central_Coast,GNN-oof-42,20.0,500.0,0.8,115.2676325660942,218.1035634055143,False,73.403868582748,107.39812359078697,47.186875000000015,16.858493674423613,33.99425500803896,-30.3283813255764,True,False
au,Central_Coast,GNN-oof-42,20.0,100.0,0.9,141.62418257753677,218.1035634055143,False,38.244833194254184,64.41051056772487,0.0,0.0,26.165677373470686,0.0,True,True
au,Central_Coast,GNN-oof-42,20.0,300.0,0.9,141.62418257753677,218.1035634055143,False,58.779394637511885,98.88143526169877,109.59062500000005,113.54877937256747,40.102040624186884,3.958154372567421,True,True
au,Central_Coast,GNN-oof-42,20.0,500.0,0.9,141.62418257753677,218.1035634055143,False,73.403868582748,132.9710879400417,47.186875000000015,21.377628807513368,59.56721935729371,-25.809246192486647,True,False
au,Central_Coast,GNN-oof-42,20.0,100.0,1.0,166.73927864468772,218.1035634055143,False,38.244833194254184,79.293873171977,0.0,7.634276408370968,41.04903997772281,7.634276408370968,True,True
au,Central_Coast,GNN-oof-42,20.0,300.0,1.0,166.73927864468772,218.1035634055143,False,58.779394637511885,118.99468149483297,109.59062500000005,138.66387543971842,60.21528685732109,29.07325043971838,True,True
au,Central_Coast,GNN-oof-42,20.0,500.0,1.0,166.73927864468772,218.1035634055143,False,73.403868582748,157.76887213431374,47.186875000000015,29.67840488032663,84.36500355156574,-17.508470119673383,True,False
au,Central_Coast,GNN-oof-123,20.0,100.0,0.5,0.2730265395269167,176.08751755674243,False,29.431418545318273,0.09747047461111172,0.0,0.0,-29.333948070707162,0.0,False,True
au,Central_Coast,GNN-oof-123,20.0,300.0,0.5,0.2730265395269167,176.08751755674243,False,46.18754166121781,0.18018895804438592,43.83625000000003,0.012795522637262025,-46.007352703173424,-43.823454477362766,False,False
au,Central_Coast,GNN-oof-123,20.0,500.0,0.5,0.2730265395269167,176.08751755674243,False,57.668688667724794,0.24551564869735357,27.864375000000003,0.0,-57.42317301902744,-27.864375000000003,False,False
au,Central_Coast,GNN-oof-123,20.0,100.0,0.8,110.78001262620276,176.08751755674243,False,29.431418545318273,46.46914492056119,0.0,0.0,17.03772637524292,0.0,True,True
au,Central_Coast,GNN-oof-123,20.0,300.0,0.8,110.78001262620276,176.08751755674243,False,46.18754166121781,76.66718067656184,43.83625000000003,42.425586021453555,30.479639015344034,-1.4106639785464736,True,False
au,Central_Coast,GNN-oof-123,20.0,500.0,0.8,110.78001262620276,176.08751755674243,False,57.668688667724794,104.74607433933356,27.864375000000003,2.4426078372498123,47.077385671608766,-25.42176716275019,True,False
au,Central_Coast,GNN-oof-123,20.0,100.0,0.9,137.27910732232448,176.08751755674243,False,29.431418545318273,61.49742807426802,0.0,3.4758429979913275,32.06600952894975,3.4758429979913275,True,True
au,Central_Coast,GNN-oof-123,20.0,300.0,0.9,137.27910732232448,176.08751755674243,False,46.18754166121781,97.22350981368999,43.83625000000003,53.02522389990226,51.03596815247218,9.18897389990223,True,True
au,Central_Coast,GNN-oof-123,20.0,500.0,0.9,137.27910732232448,176.08751755674243,False,57.668688667724794,130.95440293778674,27.864375000000003,10.773637592534783,73.28571427006194,-17.09073740746522,True,False
au,Central_Coast,GNN-oof-123,20.0,100.0,1.0,159.38424471574547,176.08751755674243,False,29.431418545318273,74.84931795079663,0.0,20.118885935323384,45.41789940547836,20.118885935323384,True,True
au,Central_Coast,GNN-oof-123,20.0,300.0,1.0,159.38424471574547,176.08751755674243,False,46.18754166121781,115.19519921651336,43.83625000000003,64.53728758573793,69.00765755529555,20.7010375857379,True,True
au,Central_Coast,GNN-oof-123,20.0,500.0,1.0,159.38424471574547,176.08751755674243,False,57.668688667724794,153.01902080424543,27.864375000000003,28.826822289726085,95.35033213652063,0.9624472897260823,True,True
au,Central_Coast,GNN-oof-456,20.0,100.0,0.5,0.09754186279794523,237.70455808155833,False,36.3434684008972,0.03550523805845657,0.0,0.0,-36.307963162838746,0.0,False,True
au,Central_Coast,GNN-oof-456,20.0,300.0,0.5,0.09754186279794523,237.70455808155833,False,55.79595288134113,0.06066206222615816,109.59062500000005,0.0,-55.73529081911497,-109.59062500000005,False,False
au,Central_Coast,GNN-oof-456,20.0,500.0,0.5,0.09754186279794523,237.70455808155833,False,72.8825317301962,0.08464327330839325,130.87187500000007,0.005277948058909488,-72.79788845688782,-130.86659705194117,False,False
au,Central_Coast,GNN-oof-456,20.0,100.0,0.8,111.65029255313105,237.70455808155833,False,36.3434684008972,46.753784996401926,0.0,0.0,10.410316595504725,0.0,True,True
au,Central_Coast,GNN-oof-456,20.0,300.0,0.8,111.65029255313105,237.70455808155833,False,55.79595288134113,74.39662342431151,109.59062500000005,82.66507837841242,18.600670542970384,-26.92554662158763,True,False
au,Central_Coast,GNN-oof-456,20.0,500.0,0.8,111.65029255313105,237.70455808155833,False,72.8825317301962,102.36394017384576,130.87187500000007,78.801605847674,29.481408443649556,-52.07026915232608,True,False
au,Central_Coast,GNN-oof-456,20.0,100.0,0.9,160.70538515880443,237.70455808155833,False,36.3434684008972,73.79214244763696,0.0,4.988066668734166,37.44867404673976,4.988066668734166,True,True
au,Central_Coast,GNN-oof-456,20.0,300.0,0.9,160.70538515880443,237.70455808155833,False,55.79595288134113,111.34707517742092,109.59062500000005,131.7201709840858,55.55112229607979,22.129545984085752,True,True
au,Central_Coast,GNN-oof-456,20.0,500.0,0.9,160.70538515880443,237.70455808155833,False,72.8825317301962,149.54557302812637,130.87187500000007,115.59292530192904,76.66304129793016,-15.278949698071031,True,False
au,Central_Coast,GNN-oof-456,20.0,100.0,1.0,168.25197236969206,237.70455808155833,False,36.3434684008972,78.3102386236875,0.0,10.037604741497105,41.966770222790295,10.037604741497105,True,True
au,Central_Coast,GNN-oof-456,20.0,300.0,1.0,168.25197236969206,237.70455808155833,False,55.79595288134113,117.36846314550424,109.59062500000005,139.26675819497342,61.57251026416311,29.676133194973374,True,True
au,Central_Coast,GNN-oof-456,20.0,500.0,1.0,168.25197236969206,237.70455808155833,False,72.8825317301962,156.94756813185086,130.87187500000007,121.25286571009478,84.06503640165465,-9.619009289905293,True,False
au,Hunter_Valley_exc_Newcastle,Uni,10.0,100.0,0.5,127.6844697704395,100.68700694919201,True,5.552060457879386,124.3487131980187,3.7369531249999994,38.19136609432368,118.79665274013931,34.454412969323684,True,True
au,Hunter_Valley_exc_Newcastle,Uni,10.0,300.0,0.5,127.6844697704395,100.68700694919201,True,7.235132861694426,127.64695234502724,5.657890624999993,195.89155635356107,120.41181948333282,190.23366572856108,True,True
au,Hunter_Valley_exc_Newcastle,Uni,10.0,500.0,0.5,127.6844697704395,100.68700694919201,True,7.272650287106742,127.68446977043955,5.657890624999993,213.6322027839729,120.4118194833328,207.9743121589729,True,True
au,Hunter_Valley_exc_Newcastle,Uni,10.0,100.0,0.8,204.8189259580598,100.68700694919201,True,5.552060457879386,201.38611513863611,3.7369531249999994,110.94844948175371,195.83405468075674,107.21149635675371,True,True
au,Hunter_Valley_exc_Newcastle,Uni,10.0,300.0,0.8,204.8189259580598,100.68700694919201,True,7.235132861694426,204.78140853264753,5.657890624999993,273.02601254118133,197.5462756709531,267.36812191618134,True,True
au,Hunter_Valley_exc_Newcastle,Uni,10.0,500.0,0.8,204.8189259580598,100.68700694919201,True,7.272650287106742,204.81892595805985,5.657890624999993,367.9011151592136,197.5462756709531,362.2432245342136,True,True
au,Hunter_Valley_exc_Newcastle,Uni,10.0,100.0,0.9,219.76104116514622,100.68700694919201,True,5.552060457879386,216.32075928811898,3.7369531249999994,125.89056468884014,210.7686988302396,122.15361156384014,True,True
au,Hunter_Valley_exc_Newcastle,Uni,10.0,300.0,0.9,219.76104116514622,100.68700694919201,True,7.235132861694426,219.7235237397339,5.657890624999993,287.9681277482677,212.48839087803947,282.3102371232677,True,True
au,Hunter_Valley_exc_Newcastle,Uni,10.0,500.0,0.9,219.76104116514622,100.68700694919201,True,7.272650287106742,219.76104116514628,5.657890624999993,397.78534557338645,212.48839087803952,392.12745494838646,True,True
au,Hunter_Valley_exc_Newcastle,Uni,10.0,100.0,1.0,227.85620822503887,100.68700694919201,True,5.552060457879386,224.41187876448163,3.7369531249999994,133.98573174873275,218.85981830660225,130.24877862373273,True,True
au,Hunter_Valley_exc_Newcastle,Uni,10.0,300.0,1.0,227.85620822503887,100.68700694919201,True,7.235132861694426,227.81869079962655,5.657890624999993,296.06329480816044,220.5835579379321,290.40540418316044,True,True
au,Hunter_Valley_exc_Newcastle,Uni,10.0,500.0,1.0,227.85620822503887,100.68700694919201,True,7.272650287106742,227.8562082250389,5.657890624999993,413.9756796931716,220.58355793793214,408.31778906817163,True,True
au,Hunter_Valley_exc_Newcastle,LU,10.0,100.0,0.5,131.84966008285926,103.14412636209386,True,5.545322412602316,128.60538260649744,3.7369531249999994,40.54842176514004,123.06006019389513,36.81146864014004,True,True
au,Hunter_Valley_exc_Newcastle,LU,10.0,300.0,0.5,131.84966008285926,103.14412636209386,True,7.2194289919962715,131.8135524110283,5.657890624999993,200.36288877981383,124.59412341903203,194.70499815481384,True,True
au,Hunter_Valley_exc_Newcastle,LU,10.0,500.0,0.5,131.84966008285926,103.14412636209386,True,7.255536663827281,131.84966008285934,5.657890624999993,219.5131402442359,124.59412341903206,213.8552496192359,True,True
au,Hunter_Valley_exc_Newcastle,LU,10.0,100.0,0.8,221.8982579653025,103.14412636209386,True,5.545322412602316,218.55897521848993,3.7369531249999994,126.53838510650424,213.01365280588763,122.80143198150424,True,True
au,Hunter_Valley_exc_Newcastle,LU,10.0,300.0,0.8,221.8982579653025,103.14412636209386,True,7.2194289919962715,221.8621502934715,5.657890624999993,290.41148666225706,214.64272130147523,284.75359603725707,True,True
au,Hunter_Valley_exc_Newcastle,LU,10.0,500.0,0.8,221.8982579653025,103.14412636209386,True,7.255536663827281,221.8982579653025,5.657890624999993,399.6103360091224,214.6427213014752,393.9524453841224,True,True
au,Hunter_Valley_exc_Newcastle,LU,10.0,100.0,0.9,234.89097104197674,103.14412636209386,True,5.545322412602316,231.54519193862583,3.7369531249999994,139.53109818317844,225.99986952602353,135.79414505817846,True,True
au,Hunter_Valley_exc_Newcastle,LU,10.0,300.0,0.9,234.89097104197674,103.14412636209386,True,7.2194289919962715,234.85486337014567,5.657890624999993,303.4041997389313,227.6354343781494,297.7463091139313,True,True
au,Hunter_Valley_exc_Newcastle,LU,10.0,500.0,0.9,234.89097104197674,103.14412636209386,True,7.255536663827281,234.8909710419767,5.657890624999993,425.59576216247103,227.63543437814943,419.93787153747104,True,True
au,Hunter_Valley_exc_Newcastle,LU,10.0,100.0,1.0,248.74454535127933,103.14412636209386,True,5.545322412602316,245.39183946077375,3.7369531249999994,153.3846724924811,239.84651704817145,149.6477193674811,True,True
au,Hunter_Valley_exc_Newcastle,LU,10.0,300.0,1.0,248.74454535127933,103.14412636209386,True,7.2194289919962715,248.70843767944825,5.657890624999993,317.25777404823395,241.48900868745199,311.59988342323396,True,True
au,Hunter_Valley_exc_Newcastle,LU,10.0,500.0,1.0,248.74454535127933,103.14412636209386,True,7.255536663827281,248.74454535127927,5.657890624999993,453.3029107810762,241.48900868745199,447.6450201560762,True,True
au,Hunter_Valley_exc_Newcastle,LU-soft,10.0,100.0,0.5,131.8529005052527,103.70799066104837,True,5.558896620314456,128.59366246571824,3.7369531249999994,40.45104596343163,123.03476584540378,36.71409283843163,True,True
au,Hunter_Valley_exc_Newcastle,LU-soft,10.0,300.0,0.5,131.8529005052527,103.70799066104837,True,7.240265469118525,131.81645762214507,5.657890624999993,200.0094289536916,124.57619215302654,194.35153832869162,True,True
au,Hunter_Valley_exc_Newcastle,LU-soft,10.0,500.0,0.5,131.8529005052527,103.70799066104837,True,7.276708352226207,131.85290050525276,5.657890624999993,219.41499282190253,124.57619215302655,213.75710219690254,True,True
au,Hunter_Valley_exc_Newcastle,LU-soft,10.0,100.0,0.8,221.74887931095185,103.70799066104837,True,5.558896620314456,218.394470974508,3.7369531249999994,126.33149781937263,212.83557435419357,122.59454469437263,True,True
au,Hunter_Valley_exc_Newcastle,LU-soft,10.0,300.0,0.8,221.74887931095185,103.70799066104837,True,7.240265469118525,221.7124364278442,5.657890624999993,289.90540775939076,214.47217095872568,284.24751713439076,True,True
au,Hunter_Valley_exc_Newcastle,LU-soft,10.0,500.0,0.8,221.74887931095185,103.70799066104837,True,7.276708352226207,221.7488793109519,5.657890624999993,399.2069504333009,214.4721709587257,393.5490598083009,True,True
au,Hunter_Valley_exc_Newcastle,LU-soft,10.0,100.0,0.9,233.91340496319248,103.70799066104837,True,5.558896620314456,230.55291436392253,3.7369531249999994,138.49602347161326,224.99401774360808,134.75907034661327,True,True
au,Hunter_Valley_exc_Newcastle,LU-soft,10.0,300.0,0.9,233.91340496319248,103.70799066104837,True,7.240265469118525,233.87696208008484,5.657890624999993,302.0699334116315,226.6366966109663,296.4120427866315,True,True
au,Hunter_Valley_exc_Newcastle,LU-soft,10.0,500.0,0.9,233.91340496319248,103.70799066104837,True,7.276708352226207,233.91340496319253,5.657890624999993,423.53600173778216,226.63669661096634,417.87811111278216,True,True
au,Hunter_Valley_exc_Newcastle,LU-soft,10.0,100.0,1.0,248.74454535127933,103.70799066104837,True,5.558896620314456,245.37663918181525,3.7369531249999994,153.32716385970008,239.8177425615008,149.59021073470007,True,True
au,Hunter_Valley_exc_Newcastle,LU-soft,10.0,300.0,1.0,248.74454535127933,103.70799066104837,True,7.240265469118525,248.7081024681716,5.657890624999993,316.90107379971823,241.46783699905308,311.24318317471824,True,True
au,Hunter_Valley_exc_Newcastle,LU-soft,10.0,500.0,1.0,248.74454535127933,103.70799066104837,True,7.276708352226207,248.74454535127927,5.657890624999993,453.19828251395575,241.46783699905308,447.54039188895575,True,True
au,Hunter_Valley_exc_Newcastle,Ref,10.0,100.0,0.5,79.9123535554132,91.97997623394367,False,2.834731533636761,77.49130929321852,0.0,26.962961427366345,74.65657775958177,26.962961427366345,True,True
au,Hunter_Valley_exc_Newcastle,Ref,10.0,300.0,0.5,79.9123535554132,91.97997623394367,False,3.6621374003763165,79.88937490401987,3.7008593749999363,129.36315896636802,76.22723750364355,125.66229959136808,True,True
au,Hunter_Valley_exc_Newcastle,Ref,10.0,500.0,0.5,79.9123535554132,91.97997623394367,False,3.685116051769639,79.91235355541319,3.7008593749999363,129.36315896636808,76.22723750364355,125.66229959136814,True,True
au,Hunter_Valley_exc_Newcastle,Ref,10.0,100.0,0.8,120.37962043824913,91.97997623394367,True,2.834731533636761,117.83348603078322,0.0,63.95970756554973,114.99875449714646,63.95970756554973,True,True
au,Hunter_Valley_exc_Newcastle,Ref,10.0,300.0,0.8,120.37962043824913,91.97997623394367,True,3.6621374003763165,120.35664178685587,3.7008593749999363,209.17583150724346,116.69450438647957,205.47497213224352,True,True
au,Hunter_Valley_exc_Newcastle,Ref,10.0,500.0,0.8,120.37962043824913,91.97997623394367,True,3.685116051769639,120.37962043824916,3.7008593749999363,209.1758315072435,116.69450438647952,205.47497213224355,True,True
au,Hunter_Valley_exc_Newcastle,Ref,10.0,100.0,0.9,124.96539109733693,91.97997623394367,True,2.834731533636761,122.41467091921199,0.0,68.5454782246375,119.57993938557523,68.5454782246375,True,True
au,Hunter_Valley_exc_Newcastle,Ref,10.0,300.0,0.9,124.96539109733693,91.97997623394367,True,3.6621374003763165,124.94241244594366,3.7008593749999363,218.347372825419,121.28027504556735,214.64651345041906,True,True
au,Hunter_Valley_exc_Newcastle,Ref,10.0,500.0,0.9,124.96539109733693,91.97997623394367,True,3.685116051769639,124.96539109733698,3.7008593749999363,218.3473728254191,121.28027504556734,214.64651345041915,True,True
au,Hunter_Valley_exc_Newcastle,Ref,10.0,100.0,1.0,187.6436437508499,91.97997623394367,True,2.834731533636761,185.05055293507988,0.0,131.2237308781505,182.21582140144312,131.2237308781505,True,True
au,Hunter_Valley_exc_Newcastle,Ref,10.0,300.0,1.0,187.6436437508499,91.97997623394367,True,3.6621374003763165,187.6206650994566,3.7008593749999363,288.34911215212935,183.9585276990803,284.6482527771294,True,True
au,Hunter_Valley_exc_Newcastle,Ref,10.0,500.0,1.0,187.6436437508499,91.97997623394367,True,3.685116051769639,187.64364375084995,3.7008593749999363,343.70387813244497,183.95852769908032,340.00301875744503,True,True
au,Hunter_Valley_exc_Newcastle,GNN-oof-42,10.0,100.0,0.5,178.04329244070442,100.21443816101043,True,5.350658841882214,174.64929680609887,0.0,79.95973400363005,169.29863796421665,79.95973400363005,True,True
au,Hunter_Valley_exc_Newcastle,GNN-oof-42,10.0,300.0,0.5,178.04329244070442,100.21443816101043,True,7.021403861951999,178.0048638880898,5.831484374999945,248.30361351513278,170.9834600261378,242.47212914013284,True,True
au,Hunter_Valley_exc_Newcastle,GNN-oof-42,10.0,500.0,0.5,178.04329244070442,100.21443816101043,True,7.059832414566663,178.04329244070448,5.831484375000002,318.860589849457,170.9834600261378,313.029105474457,True,True
au,Hunter_Valley_exc_Newcastle,GNN-oof-42,10.0,100.0,0.8,244.25759761837165,100.21443816101043,True,5.350658841882214,240.8304948311772,0.0,146.17403918129727,235.47983598929497,146.17403918129727,True,True
au,Hunter_Valley_exc_Newcastle,GNN-oof-42,10.0,300.0,0.8,244.25759761837165,100.21443816101043,True,7.021403861951999,244.21916906575694,5.831484374999945,314.51791869280004,237.19776520380495,308.6864343178001,True,True
au,Hunter_Valley_exc_Newcastle,GNN-oof-42,10.0,500.0,0.8,244.25759761837165,100.21443816101043,True,7.059832414566663,244.2575976183716,5.831484375000002,451.28920020479165,237.19776520380492,445.45771582979165,True,True
au,Hunter_Valley_exc_Newcastle,GNN-oof-42,10.0,100.0,0.9,289.5651138439609,100.21443816101043,True,5.350658841882214,286.12171130296093,0.0,191.4815554068865,280.77105246107874,191.4815554068865,True,True
au,Hunter_Valley_exc_Newcastle,GNN-oof-42,10.0,300.0,0.9,289.5651138439609,100.21443816101043,True,7.021403861951999,289.52668529134615,5.831484374999945,359.8254349183893,282.50528142939413,353.99395054338936,True,True
au,Hunter_Valley_exc_Newcastle,GNN-oof-42,10.0,500.0,0.9,289.5651138439609,100.21443816101043,True,7.059832414566663,289.56511384396083,5.831484375000002,541.9042326559702,282.5052814293942,536.0727482809702,True,True
au,Hunter_Valley_exc_Newcastle,GNN-oof-42,10.0,100.0,1.0,402.80972413708537,100.21443816101043,True,5.350658841882214,399.3663215960853,0.0,304.72616570001094,394.0156627542031,304.72616570001094,True,True
au,Hunter_Valley_exc_Newcastle,GNN-oof-42,10.0,300.0,1.0,402.80972413708537,100.21443816101043,True,7.021403861951999,402.77129558447064,5.831484374999945,473.07004521151373,395.7498917225186,467.2385608365138,True,True
au,Hunter_Valley_exc_Newcastle,GNN-oof-42,10.0,500.0,1.0,402.80972413708537,100.21443816101043,True,7.059832414566663,402.80972413708525,5.831484375000002,673.0700452115138,395.7498917225186,667.2385608365139,True,True
au,Hunter_Valley_exc_Newcastle,GNN-oof-123,10.0,100.0,0.5,158.9112622221494,98.96836033785318,True,5.319052561900493,155.51944730804155,0.0,60.606093872900416,150.20039474614106,60.606093872900416,True,True
au,Hunter_Valley_exc_Newcastle,GNN-oof-123,10.0,300.0,0.5,158.9112622221494,98.96836033785318,True,7.001569476247545,158.87200233875814,6.234062499999936,229.90335731098122,151.8704328625106,223.66929481098128,True,True
au,Hunter_Valley_exc_Newcastle,GNN-oof-123,10.0,500.0,0.5,158.9112622221494,98.96836033785318,True,7.040829359638789,158.91126222214942,6.234062499999993,282.50096140430617,151.87043286251063,276.2668989043062,True,True
au,Hunter_Valley_exc_Newcastle,GNN-oof-123,10.0,100.0,0.8,235.2948699397588,98.96836033785318,True,5.319052561900493,231.86486322179223,0.0,136.98970159050978,226.54581065989174,136.98970159050978,True,True
au,Hunter_Valley_exc_Newcastle,GNN-oof-123,10.0,300.0,0.8,235.2948699397588,98.96836033785318,True,7.001569476247545,235.25561005636763,6.234062499999936,306.2869650285906,228.2540405801201,300.05290252859066,True,True
au,Hunter_Valley_exc_Newcastle,GNN-oof-123,10.0,500.0,0.8,235.2948699397588,98.96836033785318,True,7.040829359638789,235.29486993975885,6.234062499999993,435.26817683952504,228.25404058012006,429.03411433952505,True,True
au,Hunter_Valley_exc_Newcastle,GNN-oof-123,10.0,100.0,0.9,268.6989732832967,98.96836033785318,True,5.319052561900493,265.2522645136583,0.0,170.39380493404775,259.9332119517578,170.39380493404775,True,True
au,Hunter_Valley_exc_Newcastle,GNN-oof-123,10.0,300.0,0.9,268.6989732832967,98.96836033785318,True,7.001569476247545,268.65971339990546,6.234062499999936,339.6910683721284,261.6581439236579,333.4570058721285,True,True
au,Hunter_Valley_exc_Newcastle,GNN-oof-123,10.0,500.0,0.9,268.6989732832967,98.96836033785318,True,7.040829359638789,268.69897328329677,6.234062499999993,502.07638352660086,261.658143923658,495.84232102660087,True,True
au,Hunter_Valley_exc_Newcastle,GNN-oof-123,10.0,100.0,1.0,408.8127660520184,98.96836033785318,True,5.319052561900493,405.36114688563043,0.0,310.50759770276943,400.04209432372994,310.50759770276943,True,True
au,Hunter_Valley_exc_Newcastle,GNN-oof-123,10.0,300.0,1.0,408.8127660520184,98.96836033785318,True,7.001569476247545,408.7735061686272,6.234062499999936,479.80486114085016,401.77193669237965,473.5707986408502,True,True
au,Hunter_Valley_exc_Newcastle,GNN-oof-123,10.0,500.0,1.0,408.8127660520184,98.96836033785318,True,7.040829359638789,408.8127660520185,6.234062499999993,679.8048611408501,401.7719366923797,673.5707986408502,True,True
au,Hunter_Valley_exc_Newcastle,GNN-oof-456,10.0,100.0,0.5,174.4898038117942,101.97507493864006,True,5.155540056432456,171.02201082885685,0.0,75.53595130106717,165.8664707724244,75.53595130106717,True,True
au,Hunter_Valley_exc_Newcastle,GNN-oof-456,10.0,300.0,0.5,174.4898038117942,101.97507493864006,True,6.862938102844001,174.44865721794812,4.929374999999993,243.1970370927699,167.58571911510413,238.2676620927699,True,True
au,Hunter_Valley_exc_Newcastle,GNN-oof-456,10.0,500.0,0.5,174.4898038117942,101.97507493864006,True,6.904084696690107,174.48980381179425,4.929374999999993,315.20284130786587,167.58571911510413,310.2734663078659,True,True
au,Hunter_Valley_exc_Newcastle,GNN-oof-456,10.0,100.0,0.8,233.00775593458604,101.97507493864006,True,5.155540056432456,229.51070397558726,0.0,134.05390342385905,224.35516391915482,134.05390342385905,True,True
au,Hunter_Valley_exc_Newcastle,GNN-oof-456,10.0,300.0,0.8,233.00775593458604,101.97507493864006,True,6.862938102844001,232.9666093407399,4.929374999999993,301.7149892155618,226.1036712378959,296.7856142155618,True,True
au,Hunter_Valley_exc_Newcastle,GNN-oof-456,10.0,500.0,0.8,233.00775593458604,101.97507493864006,True,6.904084696690107,233.007755934586,4.929374999999993,432.2387455534496,226.10367123789587,427.3093705534496,True,True
au,Hunter_Valley_exc_Newcastle,GNN-oof-456,10.0,100.0,0.9,322.6804720760363,101.97507493864006,True,5.155540056432456,319.1587774011589,0.0,223.72661956530933,314.0032373447264,223.72661956530933,True,True
au,Hunter_Valley_exc_Newcastle,GNN-oof-456,10.0,300.0,0.9,322.6804720760363,101.97507493864006,True,6.862938102844001,322.6393254821903,4.929374999999993,391.38770535701207,315.7763873793463,386.4583303570121,True,True
au,Hunter_Valley_exc_Newcastle,GNN-oof-456,10.0,500.0,0.9,322.6804720760363,101.97507493864006,True,6.904084696690107,322.6804720760364,4.929374999999993,591.387705357012,315.77638737934626,586.4583303570121,True,True
au,Hunter_Valley_exc_Newcastle,GNN-oof-456,10.0,100.0,1.0,405.94601454223954,101.97507493864006,True,5.155540056432456,402.4243198673621,0.0,306.9921620315125,397.26877981092963,306.9921620315125,True,True
au,Hunter_Valley_exc_Newcastle,GNN-oof-456,10.0,300.0,1.0,405.94601454223954,101.97507493864006,True,6.862938102844001,405.9048679483935,4.929374999999993,474.6532478232155,399.0419298455495,469.7238728232155,True,True
au,Hunter_Valley_exc_Newcastle,GNN-oof-456,10.0,500.0,1.0,405.94601454223954,101.97507493864006,True,6.904084696690107,405.9460145422396,4.929374999999993,674.6532478232153,399.0419298455495,669.7238728232153,True,True
au,Hunter_Valley_exc_Newcastle,Uni,20.0,100.0,0.5,0.552717637403541,193.8944927365584,False,11.059057815814263,0.4643102063855519,0.0,0.0,-10.594747609428712,0.0,False,True
au,Hunter_Valley_exc_Newcastle,Uni,20.0,300.0,0.5,0.552717637403541,193.8944927365584,False,15.294298604976271,0.5203836556154431,44.935703124999975,0.0,-14.773914949360828,-44.935703124999975,False,False
au,Hunter_Valley_exc_Newcastle,Uni,20.0,500.0,0.5,0.552717637403541,193.8944927365584,False,19.905065608817928,0.5478747316080561,3.072265625,0.029356500273513574,-19.357190877209874,-3.0429091247264863,False,False
au,Hunter_Valley_exc_Newcastle,Uni,20.0,100.0,0.8,117.005848661445,193.8944927365584,False,11.059057815814263,103.89768772453162,0.0,3.7161803398049016,92.83862990871737,3.7161803398049016,True,True
au,Hunter_Valley_exc_Newcastle,Uni,20.0,300.0,0.8,117.005848661445,193.8944927365584,False,15.294298604976271,112.20889950148963,44.935703124999975,39.023224412360506,96.91460089651335,-5.912478712639469,True,False
au,Hunter_Valley_exc_Newcastle,Uni,20.0,500.0,0.8,117.005848661445,193.8944927365584,False,19.905065608817928,116.79263337422735,3.072265625,96.15363812289323,96.88756776540941,93.08137249789323,True,True
au,Hunter_Valley_exc_Newcastle,Uni,20.0,100.0,0.9,128.0033189607648,193.8944927365584,False,11.059057815814263,114.03183683416343,0.0,6.691087441424273,102.97277901834917,6.691087441424273,True,True
au,Hunter_Valley_exc_Newcastle,Uni,20.0,300.0,0.9,128.0033189607648,193.8944927365584,False,15.294298604976271,122.9892572402457,44.935703124999975,48.37107416678232,107.69495863526943,3.4353710417823464,True,True
au,Hunter_Valley_exc_Newcastle,Uni,20.0,500.0,0.9,128.0033189607648,193.8944927365584,False,19.905065608817928,127.79010367354712,3.072265625,107.15110842221304,107.8850380647292,104.07884279721304,True,True
au,Hunter_Valley_exc_Newcastle,Uni,20.0,100.0,1.0,287.0797180390985,193.8944927365584,True,11.059057815814263,264.480793569371,0.0,129.17291244638764,253.4217357535567,129.17291244638764,True,True
au,Hunter_Valley_exc_Newcastle,Uni,20.0,300.0,1.0,287.0797180390985,193.8944927365584,True,15.294298604976271,280.87752591130754,44.935703124999975,197.27563042971724,265.58322730633125,152.33992730471726,True,True
au,Hunter_Valley_exc_Newcastle,Uni,20.0,500.0,1.0,287.0797180390985,193.8944927365584,True,19.905065608817928,286.8665027518809,3.072265625,266.2275075005467,266.96143714306294,263.1552418755467,True,True
au,Hunter_Valley_exc_Newcastle,LU,20.0,100.0,0.5,0.5490117006432614,202.17848215811344,False,10.573957799751565,0.4666836230176083,0.0,0.0,-10.107274176733956,0.0,False,True
au,Hunter_Valley_exc_Newcastle,LU,20.0,300.0,0.5,0.5490117006432614,202.17848215811344,False,14.257919571371513,0.518119707556968,44.935703124999975,0.0,-13.739799863814545,-44.935703124999975,False,False
au,Hunter_Valley_exc_Newcastle,LU,20.0,500.0,0.5,0.5490117006432614,202.17848215811344,False,18.573108699699738,0.5457176304394301,3.072265625,0.0,-18.027391069260307,-3.072265625,False,False
au,Hunter_Valley_exc_Newcastle,LU,20.0,100.0,0.8,122.71508949822947,202.17848215811344,False,10.573957799751565,109.69061158061844,0.0,4.334675410402326,99.11665378086687,4.334675410402326,True,True
au,Hunter_Valley_exc_Newcastle,LU,20.0,300.0,0.8,122.71508949822947,202.17848215811344,False,14.257919571371513,118.02688681949896,44.935703124999975,38.775575668148704,103.76896724812744,-6.160127456851271,True,False
au,Hunter_Valley_exc_Newcastle,LU,20.0,500.0,0.8,122.71508949822947,202.17848215811344,False,18.573108699699738,122.54197710480805,3.072265625,107.68160091923835,103.96886840510831,104.60933529423835,True,True
au,Hunter_Valley_exc_Newcastle,LU,20.0,100.0,0.9,132.2211427588984,202.17848215811344,False,10.573957799751565,118.48337053037197,0.0,7.024035463870378,107.9094127306204,7.024035463870378,True,True
au,Hunter_Valley_exc_Newcastle,LU,20.0,300.0,0.9,132.2211427588984,202.17848215811344,False,14.257919571371513,127.36896251726692,44.935703124999975,46.85572093971727,113.1110429458954,1.9200178147172977,True,True
au,Hunter_Valley_exc_Newcastle,LU,20.0,500.0,0.9,132.2211427588984,202.17848215811344,False,18.573108699699738,132.04803036547693,3.072265625,117.18765417990726,113.4749216657772,114.11538855490726,True,True
au,Hunter_Valley_exc_Newcastle,LU,20.0,100.0,1.0,270.38282247119565,202.17848215811344,True,10.573957799751565,249.1607776858908,0.0,111.10715028447403,238.58681988613924,111.10715028447403,True,True
au,Hunter_Valley_exc_Newcastle,LU,20.0,300.0,1.0,270.38282247119565,202.17848215811344,True,14.257919571371513,264.519178513686,44.935703124999975,174.64745961318152,250.26125894231447,129.71175648818155,True,True
au,Hunter_Valley_exc_Newcastle,LU,20.0,500.0,1.0,270.38282247119565,202.17848215811344,True,18.573108699699738,270.2097100777741,3.072265625,255.34933389220456,251.63660137807437,252.27706826720456,True,True
au,Hunter_Valley_exc_Newcastle,LU-soft,20.0,100.0,0.5,0.5472755358277437,202.02408436808233,False,10.596041507323266,0.46495931609490476,0.0,0.0,-10.13108219122836,0.0,False,True
au,Hunter_Valley_exc_Newcastle,LU-soft,20.0,300.0,0.5,0.5472755358277437,202.02408436808233,False,14.32358412436217,0.5163544680534824,44.935703124999975,0.0,-13.807229656308689,-44.935703124999975,False,False
au,Hunter_Valley_exc_Newcastle,LU-soft,20.0,500.0,0.5,0.5472755358277437,202.02408436808233,False,18.678430549239653,0.5439918826128064,3.072265625,0.0,-18.134438666626846,-3.072265625,False,False
au,Hunter_Valley_exc_Newcastle,LU-soft,20.0,100.0,0.8,121.93703664643799,202.02408436808233,False,10.596041507323266,108.93664257673386,0.0,4.134703900013382,98.3406010694106,4.134703900013382,True,True
au,Hunter_Valley_exc_Newcastle,LU-soft,20.0,300.0,0.8,121.93703664643799,202.02408436808233,False,14.32358412436217,117.2336750964748,44.935703124999975,38.11524119243323,102.91009097211263,-6.820461932566744,True,False
au,Hunter_Valley_exc_Newcastle,LU-soft,20.0,500.0,0.8,121.93703664643799,202.02408436808233,False,18.678430549239653,121.75880277202852,3.072265625,105.97769675956184,103.08037222278887,102.90543113456184,True,True
au,Hunter_Valley_exc_Newcastle,LU-soft,20.0,100.0,0.9,132.01102297517673,202.02408436808233,False,10.596041507323266,118.2482057797091,0.0,6.938130729581088,107.65216427238583,6.938130729581088,True,True
au,Hunter_Valley_exc_Newcastle,LU-soft,20.0,300.0,0.9,132.01102297517673,202.02408436808233,False,14.32358412436217,127.13307696180767,44.935703124999975,46.67812957186115,112.8094928374455,1.7424264468611739,True,True
au,Hunter_Valley_exc_Newcastle,LU-soft,20.0,500.0,0.9,132.01102297517673,202.02408436808233,False,18.678430549239653,131.83278910076723,3.072265625,116.05168308830062,113.15435855152758,112.97941746330062,True,True
au,Hunter_Valley_exc_Newcastle,LU-soft,20.0,100.0,1.0,271.31636037041216,202.02408436808233,True,10.596041507323266,249.9953029702244,0.0,111.86594023019475,239.39926146290114,111.86594023019475,True,True
au,Hunter_Valley_exc_Newcastle,LU-soft,20.0,300.0,1.0,271.31636037041216,202.02408436808233,True,14.32358412436217,265.4079770984833,44.935703124999975,175.59012147025734,251.0843929741211,130.65441834525737,True,True
au,Hunter_Valley_exc_Newcastle,LU-soft,20.0,500.0,1.0,271.31636037041216,202.02408436808233,True,18.678430549239653,271.13812649600266,3.072265625,255.35702048353605,252.459695946763,252.28475485853605,True,True
au,Hunter_Valley_exc_Newcastle,Ref,20.0,100.0,0.5,0.5709492289606033,88.9520628074772,False,4.227732576824489,0.48525382454828486,0.0,0.0,-3.742478752276204,0.0,False,True
au,Hunter_Valley_exc_Newcastle,Ref,20.0,300.0,0.5,0.5709492289606033,88.9520628074772,False,6.148460124381178,0.5469693613442693,1.363203124999987,0.0,-5.601490763036909,-1.363203124999987,False,False
au,Hunter_Valley_exc_Newcastle,Ref,20.0,500.0,0.5,0.5709492289606033,88.9520628074772,False,7.252200352085878,0.5698073305027058,4.251562499999963,0.04648775275395565,-6.682393021583172,-4.205074747246007,False,False
au,Hunter_Valley_exc_Newcastle,Ref,20.0,100.0,0.8,63.984335063605684,88.9520628074772,False,4.227732576824489,56.16160246952181,0.0,12.754669824198466,51.933869892697324,12.754669824198466,True,True
au,Hunter_Valley_exc_Newcastle,Ref,20.0,300.0,0.8,63.984335063605684,88.9520628074772,False,6.148460124381178,62.11250787566052,1.363203124999987,27.3213909072493,55.96404775127934,25.95818778224931,True,True
au,Hunter_Valley_exc_Newcastle,Ref,20.0,500.0,0.8,63.984335063605684,88.9520628074772,False,7.252200352085878,63.944845484792054,4.251562499999963,78.94861107264823,56.692645132706176,74.69704857264827,True,True
au,Hunter_Valley_exc_Newcastle,Ref,20.0,100.0,0.9,65.19714891064406,88.9520628074772,False,4.227732576824489,57.261678567263935,0.0,13.245189210848142,53.03394599043945,13.245189210848142,True,True
au,Hunter_Valley_exc_Newcastle,Ref,20.0,300.0,0.9,65.19714891064406,88.9520628074772,False,6.148460124381178,63.30757334355063,1.363203124999987,28.35228267723192,57.15911321916945,26.98907955223193,True,True
au,Hunter_Valley_exc_Newcastle,Ref,20.0,500.0,0.9,65.19714891064406,88.9520628074772,False,7.252200352085878,65.15765933183042,4.251562499999963,80.76783184320584,57.90545897974454,76.51626934320588,True,True
au,Hunter_Valley_exc_Newcastle,Ref,20.0,100.0,1.0,99.05946843406274,88.9520628074772,True,4.227732576824489,88.23345429460169,0.0,33.22159924147302,84.00572171777719,33.22159924147302,True,True
au,Hunter_Valley_exc_Newcastle,Ref,20.0,300.0,1.0,99.05946843406274,88.9520628074772,True,6.148460124381178,96.8329274860809,1.363203124999987,57.26763111369545,90.68446736169973,55.90442798869547,True,True
au,Hunter_Valley_exc_Newcastle,Ref,20.0,500.0,1.0,99.05946843406274,88.9520628074772,True,7.252200352085878,99.0199788552491,4.251562499999963,140.3613769273639,91.76777850316321,136.10981442736392,True,True
au,Hunter_Valley_exc_Newcastle,GNN-oof-42,20.0,100.0,0.5,0.0398549183546815,180.75684304316505,False,10.107042048789006,0.03371726092806409,0.0,0.0,-10.073324787860942,0.0,False,True
au,Hunter_Valley_exc_Newcastle,GNN-oof-42,20.0,300.0,0.5,0.0398549183546815,180.75684304316505,False,13.77948969102814,0.03752340563095541,39.787968749999976,0.0,-13.741966285397185,-39.787968749999976,False,False
au,Hunter_Valley_exc_Newcastle,GNN-oof-42,20.0,500.0,0.5,0.0398549183546815,180.75684304316505,False,18.049653307580087,0.039655643762936024,3.072265625,0.0,-18.009997663817153,-3.072265625,False,False
au,Hunter_Valley_exc_Newcastle,GNN-oof-42,20.0,100.0,0.8,124.95803950373227,180.75684304316505,False,10.107042048789006,112.40486854112424,0.0,8.190792032638006,102.29782649233523,8.190792032638006,True,True
au,Hunter_Valley_exc_Newcastle,GNN-oof-42,20.0,300.0,0.8,124.95803950373227,180.75684304316505,False,13.77948969102814,120.39694313356436,39.787968749999976,43.33437246074533,106.61745344253623,3.546403710745352,True,True
au,Hunter_Valley_exc_Newcastle,GNN-oof-42,20.0,500.0,0.8,124.95803950373227,180.75684304316505,False,18.049653307580087,124.76001714264746,3.072265625,106.6262012979776,106.71036383506737,103.5539356729776,True,True
au,Hunter_Valley_exc_Newcastle,GNN-oof-42,20.0,100.0,0.9,153.53035199243953,180.75684304316505,False,10.107042048789006,139.01701719321068,0.0,25.161509987124887,128.90997514442168,25.161509987124887,True,True
au,Hunter_Valley_exc_Newcastle,GNN-oof-42,20.0,300.0,0.9,153.53035199243953,180.75684304316505,False,13.77948969102814,148.4466188070602,39.787968749999976,66.19222245171115,134.66712911603204,26.40425370171117,True,True
au,Hunter_Valley_exc_Newcastle,GNN-oof-42,20.0,500.0,0.9,153.53035199243953,180.75684304316505,False,18.049653307580087,153.33232963135472,3.072265625,135.19851378668486,135.28267632377464,132.12624816168486,True,True
au,Hunter_Valley_exc_Newcastle,GNN-oof-42,20.0,100.0,1.0,236.43925953197459,180.75684304316505,True,10.107042048789006,217.2650830658448,0.0,89.15536698929102,207.1580410170558,89.15536698929102,True,True
au,Hunter_Valley_exc_Newcastle,GNN-oof-42,20.0,300.0,1.0,236.43925953197459,180.75684304316505,True,13.77948969102814,230.68344448944566,39.787968749999976,143.2194197468265,216.90395479841752,103.43145099682653,True,True
au,Hunter_Valley_exc_Newcastle,GNN-oof-42,20.0,500.0,1.0,236.43925953197459,180.75684304316505,True,18.049653307580087,236.24123717088975,3.072265625,218.1074213262199,218.19158386330966,215.0351557012199,True,True
au,Hunter_Valley_exc_Newcastle,GNN-oof-123,20.0,100.0,0.5,0.2959795421512561,172.7834805320797,False,10.02119016404046,0.2514722732328379,0.0,0.0,-9.769717890807621,0.0,False,True
au,Hunter_Valley_exc_Newcastle,GNN-oof-123,20.0,300.0,0.5,0.2959795421512561,172.7834805320797,False,13.822276644437622,0.2786647389354095,33.400859374999975,0.0,-13.543611905502212,-33.400859374999975,False,False
au,Hunter_Valley_exc_Newcastle,GNN-oof-123,20.0,500.0,0.5,0.2959795421512561,172.7834805320797,False,18.113097020788576,0.2947956239826557,2.892578125,0.029830548896592292,-17.81830139680592,-2.862747576103408,False,False
au,Hunter_Valley_exc_Newcastle,GNN-oof-123,20.0,100.0,0.8,120.09315092015568,172.7834805320797,False,10.02119016404046,108.12961604038449,0.0,6.990044592466058,98.10842587634403,6.990044592466058,True,True
au,Hunter_Valley_exc_Newcastle,GNN-oof-123,20.0,300.0,0.8,120.09315092015568,172.7834805320797,False,13.822276644437622,115.63772725011577,33.400859374999975,34.89467303171457,101.81545060567815,1.4938136567145932,True,True
au,Hunter_Valley_exc_Newcastle,GNN-oof-123,20.0,500.0,0.8,120.09315092015568,172.7834805320797,False,18.113097020788576,119.89307993244249,2.892578125,102.46956657511232,101.77998291165392,99.57698845011232,True,True
au,Hunter_Valley_exc_Newcastle,GNN-oof-123,20.0,100.0,0.9,148.81999164842728,172.7834805320797,False,10.02119016404046,134.82214324343752,0.0,20.88187960043334,124.80095307939706,20.88187960043334,True,True
au,Hunter_Valley_exc_Newcastle,GNN-oof-123,20.0,300.0,0.9,148.81999164842728,172.7834805320797,False,13.822276644437622,143.8044712300366,33.400859374999975,57.87614561433186,129.98219458559896,24.475286239331886,True,True
au,Hunter_Valley_exc_Newcastle,GNN-oof-123,20.0,500.0,0.9,148.81999164842728,172.7834805320797,False,18.113097020788576,148.61992066071403,2.892578125,131.19640730338392,130.50682363992544,128.30382917838392,True,True
au,Hunter_Valley_exc_Newcastle,GNN-oof-123,20.0,100.0,1.0,190.89097680871325,172.7834805320797,True,10.02119016404046,174.30227963346883,0.0,52.43511847064782,164.28108946942837,52.43511847064782,True,True
au,Hunter_Valley_exc_Newcastle,GNN-oof-123,20.0,300.0,1.0,190.89097680871325,172.7834805320797,True,13.822276644437622,185.28952335110847,33.400859374999975,93.87457923055497,171.46724670667084,60.473719855555,True,True
au,Hunter_Valley_exc_Newcastle,GNN-oof-123,20.0,500.0,1.0,190.89097680871325,172.7834805320797,True,18.113097020788576,190.69090582100006,2.892578125,173.26739246366992,172.57780880021147,170.37481433866992,True,True
au,Hunter_Valley_exc_Newcastle,GNN-oof-456,20.0,100.0,0.5,0.10574208625118013,182.39670705388596,False,10.480444489694204,0.09141403356414937,0.0,0.0,-10.389030456130055,0.0,False,True
au,Hunter_Valley_exc_Newcastle,GNN-oof-456,20.0,300.0,0.5,0.10574208625118013,182.39670705388596,False,14.687408401258663,0.09960904524863554,38.548593749999974,0.0,-14.587799356010027,-38.548593749999974,False,False
au,Hunter_Valley_exc_Newcastle,GNN-oof-456,20.0,500.0,0.5,0.10574208625118013,182.39670705388596,False,19.460304868031912,0.10479040747494642,4.264765625000024,0.0,-19.355514460556964,-4.264765625000024,False,False
au,Hunter_Valley_exc_Newcastle,GNN-oof-456,20.0,100.0,0.8,121.03659420139124,182.39670705388596,False,10.480444489694204,108.78058074257156,0.0,7.986792484078089,98.30013625287735,7.986792484078089,True,True
au,Hunter_Valley_exc_Newcastle,GNN-oof-456,20.0,300.0,0.8,121.03659420139124,182.39670705388596,False,14.687408401258663,116.22569364040662,38.548593749999974,38.53379272042669,101.53828523914795,-0.014801029573284552,True,False
au,Hunter_Valley_exc_Newcastle,GNN-oof-456,20.0,500.0,0.8,121.03659420139124,182.39670705388596,False,19.460304868031912,120.78188524400298,4.264765625000024,95.63024692320373,101.32158037597107,91.3654812982037,True,True
au,Hunter_Valley_exc_Newcastle,GNN-oof-456,20.0,100.0,0.9,174.21568761396873,182.39670705388596,False,10.480444489694204,158.31885765501656,0.0,39.44610915200891,147.83841316532235,39.44610915200891,True,True
au,Hunter_Valley_exc_Newcastle,GNN-oof-456,20.0,300.0,0.9,174.21568761396873,182.39670705388596,False,14.687408401258663,168.3851173715141,38.548593749999974,80.48609796175707,153.69770897025543,41.937504211757094,True,True
au,Hunter_Valley_exc_Newcastle,GNN-oof-456,20.0,500.0,0.9,174.21568761396873,182.39670705388596,False,19.460304868031912,173.9609786565805,4.264765625000024,148.8093403357812,154.50067378854857,144.54457471078118,True,True
au,Hunter_Valley_exc_Newcastle,GNN-oof-456,20.0,100.0,1.0,257.6880855251443,182.39670705388596,True,10.480444489694204,237.4407201692592,0.0,105.33887671484891,226.960275679565,105.33887671484891,True,True
au,Hunter_Valley_exc_Newcastle,GNN-oof-456,20.0,300.0,1.0,257.6880855251443,182.39670705388596,True,14.687408401258663,251.34813720338562,38.548593749999974,161.12777410138568,236.66072880212695,122.5791803513857,True,True
au,Hunter_Valley_exc_Newcastle,GNN-oof-456,20.0,500.0,1.0,257.6880855251443,182.39670705388596,True,19.460304868031912,257.433376567756,4.264765625000024,232.28173824695676,237.97307169972407,228.01697262195674,True,True
au,Newcastle_and_Lake_Macquarie,Uni,10.0,100.0,0.5,146.39425667114926,193.53544080458136,False,6.447186532015155,63.49065356355944,1.9954687500000063,83.75694199630382,57.04346703154429,81.76147324630382,True,True
au,Newcastle_and_Lake_Macquarie,Uni,10.0,300.0,0.5,146.39425667114926,193.53544080458136,False,14.205898315314071,107.57936651510839,0.0,60.93287500811114,93.37346819979432,60.93287500811114,True,True
au,Newcastle_and_Lake_Macquarie,Uni,10.0,500.0,0.5,146.39425667114926,193.53544080458136,False,36.29085277038611,142.1780438727013,15.235312499999964,108.30263287370278,105.88719110231519,93.06732037370281,True,True
au,Newcastle_and_Lake_Macquarie,Uni,10.0,100.0,0.8,242.93812995939948,193.53544080458136,True,6.447186532015155,123.16595887500318,1.9954687500000063,179.9904367540487,116.71877234298803,177.99496800404867,True,True
au,Newcastle_and_Lake_Macquarie,Uni,10.0,300.0,0.8,242.93812995939948,193.53544080458136,True,14.205898315314071,196.06232781165966,0.0,157.47674829636134,181.85642949634558,157.47674829636134,True,True
au,Newcastle_and_Lake_Macquarie,Uni,10.0,500.0,0.8,242.93812995939948,193.53544080458136,True,36.29085277038611,238.72191716095153,15.235312499999964,204.84650616195304,202.43106439056544,189.61119366195308,True,True
au,Newcastle_and_Lake_Macquarie,Uni,10.0,100.0,0.9,260.6611480304482,193.53544080458136,True,6.447186532015155,135.3986567620784,1.9954687500000063,197.71345482509747,128.95147023006322,195.71798607509746,True,True
au,Newcastle_and_Lake_Macquarie,Uni,10.0,300.0,0.9,260.6611480304482,193.53544080458136,True,14.205898315314071,213.05043979189372,0.0,175.19976636741006,198.84454147657965,175.19976636741006,True,True
au,Newcastle_and_Lake_Macquarie,Uni,10.0,500.0,0.9,260.6611480304482,193.53544080458136,True,36.29085277038611,256.44493523200015,15.235312499999964,222.5695242330018,220.15408246161405,207.33421173300184,True,True
au,Newcastle_and_Lake_Macquarie,Uni,10.0,100.0,1.0,270.26292061098576,193.53544080458136,True,6.447186532015155,142.1762801715851,1.9954687500000063,207.315227405635,135.72909363956992,205.31975865563498,True,True
au,Newcastle_and_Lake_Macquarie,Uni,10.0,300.0,1.0,270.26292061098576,193.53544080458136,True,14.205898315314071,222.34701536416495,0.0,184.80153894794768,208.14111704885087,184.80153894794768,True,True
au,Newcastle_and_Lake_Macquarie,Uni,10.0,500.0,1.0,270.26292061098576,193.53544080458136,True,36.29085277038611,266.04670781253776,15.235312499999964,232.1712968135393,229.75585504215167,216.93598431353934,True,True
au,Newcastle_and_Lake_Macquarie,LU,10.0,100.0,0.5,152.99904156943853,192.9312168196235,False,7.592752276679734,67.07435641932648,0.0,18.05185280278114,59.481604142646745,18.05185280278114,True,True
au,Newcastle_and_Lake_Macquarie,LU,10.0,300.0,0.5,152.99904156943853,192.9312168196235,False,15.219720873228743,113.1277790658852,0.0,71.56324077214137,97.90805819265647,71.56324077214137,True,True
au,Newcastle_and_Lake_Macquarie,LU,10.0,500.0,0.5,152.99904156943853,192.9312168196235,False,37.477070782873454,148.73298578323883,13.79046874999996,119.56612398854404,111.25591500036538,105.77565523854408,True,True
au,Newcastle_and_Lake_Macquarie,LU,10.0,100.0,0.8,263.1961259399315,192.9312168196235,True,7.592752276679734,137.03240558301633,0.0,128.2489371732741,129.4396533063366,128.2489371732741,True,True
au,Newcastle_and_Lake_Macquarie,LU,10.0,300.0,0.8,263.1961259399315,192.9312168196235,True,15.219720873228743,215.25770075466087,0.0,181.76032514263434,200.03797988143214,181.76032514263434,True,True
au,Newcastle_and_Lake_Macquarie,LU,10.0,500.0,0.8,263.1961259399315,192.9312168196235,True,37.477070782873454,258.9300701537318,13.79046874999996,229.76320835903704,221.45299937085832,215.9727396090371,True,True
au,Newcastle_and_Lake_Macquarie,LU,10.0,100.0,0.9,278.6069352837546,192.9312168196235,True,7.592752276679734,147.9764422556952,0.0,143.6597465170972,140.38368997901546,143.6597465170972,True,True
au,Newcastle_and_Lake_Macquarie,LU,10.0,300.0,0.9,278.6069352837546,192.9312168196235,True,15.219720873228743,230.21804459014692,0.0,197.17113448645742,214.99832371691818,197.17113448645742,True,True
au,Newcastle_and_Lake_Macquarie,LU,10.0,500.0,0.9,278.6069352837546,192.9312168196235,True,37.477070782873454,274.3408794975549,13.79046874999996,245.17401770286006,236.86380871468145,231.3835489528601,True,True
au,Newcastle_and_Lake_Macquarie,LU,10.0,100.0,1.0,295.03882223078756,192.9312168196235,True,7.592752276679734,160.20187754038156,0.0,160.09163346413015,152.60912526370183,160.09163346413015,True,True
au,Newcastle_and_Lake_Macquarie,LU,10.0,300.0,1.0,295.03882223078756,192.9312168196235,True,15.219720873228743,246.3725490852174,0.0,213.60302143349045,231.15282821198866,213.60302143349045,True,True
au,Newcastle_and_Lake_Macquarie,LU,10.0,500.0,1.0,295.03882223078756,192.9312168196235,True,37.477070782873454,290.77276644458783,13.79046874999996,261.60590464989315,253.29569566171438,247.8154358998932,True,True
au,Newcastle_and_Lake_Macquarie,LU-soft,10.0,100.0,0.5,151.47848635303117,192.94015571571163,False,7.533452910386856,66.28114902580741,0.0,16.265155151240457,58.74769611542055,16.265155151240457,True,True
au,Newcastle_and_Lake_Macquarie,LU-soft,10.0,300.0,0.5,151.47848635303117,192.94015571571163,False,15.141775043877706,111.84018750511919,0.0,69.90424543756288,96.69841246124149,69.90424543756288,True,True
au,Newcastle_and_Lake_Macquarie,LU-soft,10.0,500.0,0.5,151.47848635303117,192.94015571571163,False,37.35646410273307,147.22678019350673,13.79046874999996,118.24896267590171,109.87031609077366,104.45849392590175,True,True
au,Newcastle_and_Lake_Macquarie,LU-soft,10.0,100.0,0.8,263.0189461662653,192.94015571571163,True,7.533452910386856,136.9411289684085,0.0,127.8056149644746,129.40767605802165,127.8056149644746,True,True
au,Newcastle_and_Lake_Macquarie,LU-soft,10.0,300.0,0.8,263.0189461662653,192.94015571571163,True,15.141775043877706,215.13823986551432,0.0,181.44470525079703,199.9964648216366,181.44470525079703,True,True
au,Newcastle_and_Lake_Macquarie,LU-soft,10.0,500.0,0.8,263.0189461662653,192.94015571571163,True,37.35646410273307,258.7672400067408,13.79046874999996,229.7894224891358,221.41077590400772,215.99895373913586,True,True
au,Newcastle_and_Lake_Macquarie,LU-soft,10.0,100.0,0.9,277.4474326939391,192.94015571571163,True,7.533452910386856,147.18148018583312,0.0,142.23410149214843,139.64802727544628,142.23410149214843,True,True
au,Newcastle_and_Lake_Macquarie,LU-soft,10.0,300.0,0.9,277.4474326939391,192.94015571571163,True,15.141775043877706,229.13945051448076,0.0,195.87319177847087,213.99767547060304,195.87319177847087,True,True
au,Newcastle_and_Lake_Macquarie,LU-soft,10.0,500.0,0.9,277.4474326939391,192.94015571571163,True,37.35646410273307,273.1957265344146,13.79046874999996,244.21790901680964,235.8392624316815,230.4274402668097,True,True
au,Newcastle_and_Lake_Macquarie,LU-soft,10.0,100.0,1.0,295.03882223078756,192.94015571571163,True,7.533452910386856,160.2397010065444,0.0,159.82549102899688,152.70624809615754,159.82549102899688,True,True
au,Newcastle_and_Lake_Macquarie,LU-soft,10.0,300.0,1.0,295.03882223078756,192.94015571571163,True,15.141775043877706,246.42866918222978,0.0,213.46458131531932,231.28689413835207,213.46458131531932,True,True
au,Newcastle_and_Lake_Macquarie,LU-soft,10.0,500.0,1.0,295.03882223078756,192.94015571571163,True,37.35646410273307,290.78711607126303,13.79046874999996,261.80929855365815,253.43065196852996,248.0188298036582,True,True
au,Newcastle_and_Lake_Macquarie,Ref,10.0,100.0,0.5,104.90225235376285,92.46119610511266,True,2.596890963228638,43.388628612030125,3.6281250000000114,98.84863627375758,40.79173764880149,95.22051127375757,True,True
au,Newcastle_and_Lake_Macquarie,Ref,10.0,300.0,0.5,104.90225235376285,92.46119610511266,True,8.066866477112798,80.3703860767429,0.40640624999999775,13.160676638378462,72.3035195996301,12.754270388378464,True,True
au,Newcastle_and_Lake_Macquarie,Ref,10.0,500.0,0.5,104.90225235376285,92.46119610511266,True,17.282665743329808,104.75640488277703,20.307968750000015,90.3175052551816,87.47373913944722,70.00953650518159,True,True
au,Newcastle_and_Lake_Macquarie,Ref,10.0,100.0,0.8,142.78367947539638,92.46119610511266,True,2.596890963228638,62.42081996651894,3.6281250000000114,136.73006339539103,59.8239290032903,133.10193839539102,True,True
au,Newcastle_and_Lake_Macquarie,Ref,10.0,300.0,0.8,142.78367947539638,92.46119610511266,True,8.066866477112798,114.66479514080142,0.40640624999999775,50.542453843813476,106.59792866368862,50.13604759381348,True,True
au,Newcastle_and_Lake_Macquarie,Ref,10.0,500.0,0.8,142.78367947539638,92.46119610511266,True,17.282665743329808,142.6378320044106,20.307968750000015,128.19893237681518,125.3551662610808,107.89096362681516,True,True
au,Newcastle_and_Lake_Macquarie,Ref,10.0,100.0,0.9,148.22291583077885,92.46119610511266,True,2.596890963228638,65.33242591353113,3.6281250000000114,142.16929975077352,62.73553495030249,138.5411747507735,True,True
au,Newcastle_and_Lake_Macquarie,Ref,10.0,300.0,0.9,148.22291583077885,92.46119610511266,True,8.066866477112798,119.64321924923966,0.40640624999999775,55.98169019919593,111.57635277212687,55.575283949195935,True,True
au,Newcastle_and_Lake_Macquarie,Ref,10.0,500.0,0.9,148.22291583077885,92.46119610511266,True,17.282665743329808,148.0770683597931,20.307968750000015,133.63816873219767,130.7944026164633,113.33019998219766,True,True
au,Newcastle_and_Lake_Macquarie,Ref,10.0,100.0,1.0,222.56632632149288,92.46119610511266,True,2.596890963228638,112.56862023513366,3.6281250000000114,216.51271024148758,109.97172927190503,212.88458524148757,True,True
au,Newcastle_and_Lake_Macquarie,Ref,10.0,300.0,1.0,222.56632632149288,92.46119610511266,True,8.066866477112798,191.45621873605694,0.40640624999999775,130.32510068991,183.38935225894414,129.91869443990998,True,True
au,Newcastle_and_Lake_Macquarie,Ref,10.0,500.0,1.0,222.56632632149288,92.46119610511266,True,17.282665743329808,222.42047885050707,20.307968750000015,207.98157922291162,205.13781310717727,187.6736104729116,True,True
au,Newcastle_and_Lake_Macquarie,GNN-oof-42,10.0,100.0,0.5,202.97043397593964,221.10130842526675,False,7.612526656173439,99.48218473495506,3.08390625000001,182.2055917838536,91.86965807878161,179.1216855338536,True,True
au,Newcastle_and_Lake_Macquarie,GNN-oof-42,10.0,300.0,0.5,202.97043397593964,221.10130842526675,False,16.87599637517321,162.5852339202922,0.0,118.68726869982768,145.709237545119,118.68726869982768,True,True
au,Newcastle_and_Lake_Macquarie,GNN-oof-42,10.0,500.0,0.5,202.97043397593964,221.10130842526675,False,36.65740605067351,200.8118700849244,19.499374999999972,167.65943261657173,164.1544640342509,148.16005761657175,True,True
au,Newcastle_and_Lake_Macquarie,GNN-oof-42,10.0,100.0,0.8,289.71680090702876,221.10130842526675,True,7.612526656173439,161.27813057932514,3.08390625000001,268.9519587149427,153.6656039231517,265.8680524649427,True,True
au,Newcastle_and_Lake_Macquarie,GNN-oof-42,10.0,300.0,0.8,289.71680090702876,221.10130842526675,True,16.87599637517321,247.3952245560711,0.0,205.43363563091674,230.5192281808979,205.43363563091674,True,True
au,Newcastle_and_Lake_Macquarie,GNN-oof-42,10.0,500.0,0.8,289.71680090702876,221.10130842526675,True,36.65740605067351,287.5582370160136,19.499374999999972,254.40579954766085,250.9008309653401,234.9064245476609,True,True
au,Newcastle_and_Lake_Macquarie,GNN-oof-42,10.0,100.0,0.9,343.4565772165855,221.10130842526675,True,7.612526656173439,206.0636342442941,3.08390625000001,322.6917350244995,198.45110758812066,319.6078287744995,True,True
au,Newcastle_and_Lake_Macquarie,GNN-oof-42,10.0,300.0,0.9,343.4565772165855,221.10130842526675,True,16.87599637517321,301.0591796855537,0.0,259.17341194047356,284.1831833103805,259.17341194047356,True,True
au,Newcastle_and_Lake_Macquarie,GNN-oof-42,10.0,500.0,0.9,343.4565772165855,221.10130842526675,True,36.65740605067351,341.29801332557025,19.499374999999972,308.1455758572176,304.64060727489675,288.6462008572176,True,True
au,Newcastle_and_Lake_Macquarie,GNN-oof-42,10.0,100.0,1.0,477.7773374876655,221.10130842526675,True,7.612526656173439,333.06759624939735,3.08390625000001,457.01249529557947,325.4550695932239,453.9285890455795,True,True
au,Newcastle_and_Lake_Macquarie,GNN-oof-42,10.0,300.0,1.0,477.7773374876655,221.10130842526675,True,16.87599637517321,435.3799399566336,0.0,393.4941722115535,418.5039435814604,393.4941722115535,True,True
au,Newcastle_and_Lake_Macquarie,GNN-oof-42,10.0,500.0,1.0,477.7773374876655,221.10130842526675,True,36.65740605067351,475.6187735966501,19.499374999999972,442.46633612829754,438.9613675459766,422.96696112829756,True,True
au,Newcastle_and_Lake_Macquarie,GNN-oof-123,10.0,100.0,0.5,187.12551297548234,188.48651165001178,False,6.456011911977341,88.56970810621925,3.08390625000001,165.9626840536905,82.11369619424191,162.8787778036905,True,True
au,Newcastle_and_Lake_Macquarie,GNN-oof-123,10.0,300.0,0.5,187.12551297548234,188.48651165001178,False,14.263605419405593,147.1293913838388,0.0,104.61706412713768,132.8657859644332,104.61706412713768,True,True
au,Newcastle_and_Lake_Macquarie,GNN-oof-123,10.0,500.0,0.5,187.12551297548234,188.48651165001178,False,33.56520883146772,184.5375630485394,23.708437499999974,136.4989254899103,150.97235421707168,112.79048798991033,True,True
au,Newcastle_and_Lake_Macquarie,GNN-oof-123,10.0,100.0,0.8,279.08600450287514,188.48651165001178,True,6.456011911977341,151.70268935709086,3.08390625000001,257.9231755810833,145.24667744511353,254.83926933108327,True,True
au,Newcastle_and_Lake_Macquarie,GNN-oof-123,10.0,300.0,0.8,279.08600450287514,188.48651165001178,True,14.263605419405593,235.71371634150478,0.0,196.5775556545305,221.45011092209919,196.5775556545305,True,True
au,Newcastle_and_Lake_Macquarie,GNN-oof-123,10.0,500.0,0.8,279.08600450287514,188.48651165001178,True,33.56520883146772,276.4980545759323,23.708437499999974,228.45941701730317,242.9328457444646,204.7509795173032,True,True
au,Newcastle_and_Lake_Macquarie,GNN-oof-123,10.0,100.0,0.9,318.70700320350954,188.48651165001178,True,6.456011911977341,183.41959702205395,3.08390625000001,297.54417428171763,176.96358511007662,294.46026803171765,True,True
au,Newcastle_and_Lake_Macquarie,GNN-oof-123,10.0,300.0,0.9,318.70700320350954,188.48651165001178,True,14.263605419405593,275.23999735620873,0.0,236.19855435516487,260.9763919368031,236.19855435516487,True,True
au,Newcastle_and_Lake_Macquarie,GNN-oof-123,10.0,500.0,0.9,318.70700320350954,188.48651165001178,True,33.56520883146772,316.11905327656666,23.708437499999974,268.08041571793746,282.55384444509895,244.37197821793748,True,True
au,Newcastle_and_Lake_Macquarie,GNN-oof-123,10.0,100.0,1.0,484.8976158997314,188.48651165001178,True,6.456011911977341,338.25938338532706,3.08390625000001,463.7347869779396,331.8033714733497,460.65088072793964,True,True
au,Newcastle_and_Lake_Macquarie,GNN-oof-123,10.0,300.0,1.0,484.8976158997314,188.48651165001178,True,14.263605419405593,441.4306100524306,0.0,402.38916705138683,427.16700463302504,402.38916705138683,True,True
au,Newcastle_and_Lake_Macquarie,GNN-oof-123,10.0,500.0,1.0,484.8976158997314,188.48651165001178,True,33.56520883146772,482.3096659727885,23.708437499999974,434.27102841415933,448.74445714132077,410.5625909141594,True,True
au,Newcastle_and_Lake_Macquarie,GNN-oof-456,10.0,100.0,0.5,206.96440251668884,199.8798441427813,True,6.492309361124917,101.6986860371405,3.6281250000000114,204.6231021895906,95.2063766760156,200.9949771895906,True,True
au,Newcastle_and_Lake_Macquarie,GNN-oof-456,10.0,300.0,0.5,206.96440251668884,199.8798441427813,True,15.305211594561861,166.34399630388612,0.0,123.07588298394178,151.03878470932426,123.07588298394178,True,True
au,Newcastle_and_Lake_Macquarie,GNN-oof-456,10.0,500.0,0.5,206.96440251668884,199.8798441427813,True,34.51673179690333,204.71779625586151,19.679687499999986,165.04071386874446,170.20106445895817,145.3610263687445,True,True
au,Newcastle_and_Lake_Macquarie,GNN-oof-456,10.0,100.0,0.8,276.3732317606999,199.8798441427813,True,6.492309361124917,150.43432671336714,3.6281250000000114,274.0319314336017,143.94201735224223,270.4038064336017,True,True
au,Newcastle_and_Lake_Macquarie,GNN-oof-456,10.0,300.0,0.8,276.3732317606999,199.8798441427813,True,15.305211594561861,234.0214589457372,0.0,192.4847122279529,218.71624735117535,192.4847122279529,True,True
au,Newcastle_and_Lake_Macquarie,GNN-oof-456,10.0,500.0,0.8,276.3732317606999,199.8798441427813,True,34.51673179690333,274.1266254998726,19.679687499999986,234.44954311275555,239.60989370296926,214.76985561275558,True,True
au,Newcastle_and_Lake_Macquarie,GNN-oof-456,10.0,100.0,0.9,382.73509195444404,199.8798441427813,True,6.492309361124917,240.79500881611108,3.6281250000000114,380.3937916273459,234.30269945498617,376.76566662734587,True,True
au,Newcastle_and_Lake_Macquarie,GNN-oof-456,10.0,300.0,0.9,382.73509195444404,199.8798441427813,True,15.305211594561861,340.22137484421825,0.0,298.84657242169703,324.9161632496564,298.84657242169703,True,True
au,Newcastle_and_Lake_Macquarie,GNN-oof-456,10.0,500.0,0.9,382.73509195444404,199.8798441427813,True,34.51673179690333,380.4884856936167,19.679687499999986,340.8114033064997,345.9717538967134,321.1317158064997,True,True
au,Newcastle_and_Lake_Macquarie,GNN-oof-456,10.0,100.0,1.0,481.49732831602176,199.8798441427813,True,6.492309361124917,336.26775622372236,3.6281250000000114,479.1560279889237,329.77544686259745,475.5279029889237,True,True
au,Newcastle_and_Lake_Macquarie,GNN-oof-456,10.0,300.0,1.0,481.49732831602176,199.8798441427813,True,15.305211594561861,438.9836112057959,0.0,397.6088087832748,423.67839961123406,397.6088087832748,True,True
au,Newcastle_and_Lake_Macquarie,GNN-oof-456,10.0,500.0,1.0,481.49732831602176,199.8798441427813,True,34.51673179690333,479.25072205519433,19.679687499999986,439.5736396680774,444.733990258291,419.8939521680774,True,True
au,Newcastle_and_Lake_Macquarie,Uni,20.0,100.0,0.5,0.6555848713604183,151.8262376949109,False,1.193442236031515,0.01737299909105107,0.0,0.0,-1.1760692369404637,0.0,False,True
au,Newcastle_and_Lake_Macquarie,Uni,20.0,300.0,0.5,0.6555848713604183,151.8262376949109,False,3.8162983064682594,0.058291074237635854,0.0,0.0,-3.7580072322306237,0.0,False,True
au,Newcastle_and_Lake_Macquarie,Uni,20.0,500.0,0.5,0.6555848713604183,151.8262376949109,False,23.34730041869479,0.29198313612543453,0.0,0.0,-23.055317282569355,0.0,False,True
au,Newcastle_and_Lake_Macquarie,Uni,20.0,100.0,0.8,138.78200920721798,151.8262376949109,False,1.193442236031515,5.374823458367241,0.0,36.208308484983256,4.181381222335727,36.208308484983256,True,True
au,Newcastle_and_Lake_Macquarie,Uni,20.0,300.0,0.8,138.78200920721798,151.8262376949109,False,3.8162983064682594,36.64236381854464,0.0,94.89363911301173,32.826065512076376,94.89363911301173,True,True
au,Newcastle_and_Lake_Macquarie,Uni,20.0,500.0,0.8,138.78200920721798,151.8262376949109,False,23.34730041869479,75.84760739992792,0.0,102.75769182620749,52.50030698123314,102.75769182620749,True,True
au,Newcastle_and_Lake_Macquarie,Uni,20.0,100.0,0.9,229.9805316062017,151.8262376949109,True,1.193442236031515,13.978799134101514,0.0,122.84690476401776,12.785356898069999,122.84690476401776,True,True
au,Newcastle_and_Lake_Macquarie,Uni,20.0,300.0,0.9,229.9805316062017,151.8262376949109,True,3.8162983064682594,75.55319133114195,0.0,186.09216151199539,71.73689302467369,186.09216151199539,True,True
au,Newcastle_and_Lake_Macquarie,Uni,20.0,500.0,0.9,229.9805316062017,151.8262376949109,True,23.34730041869479,137.71083263044665,0.0,193.95621422519122,114.36353221175186,193.95621422519122,True,True
au,Newcastle_and_Lake_Macquarie,Uni,20.0,100.0,1.0,340.50862010657784,151.8262376949109,True,1.193442236031515,47.4224942445883,0.0,232.84211994420474,46.229052008556785,232.84211994420474,True,True
au,Newcastle_and_Lake_Macquarie,Uni,20.0,300.0,1.0,340.50862010657784,151.8262376949109,True,3.8162983064682594,137.7932102063367,0.0,296.6202500123715,133.97691189986844,296.6202500123715,True,True
au,Newcastle_and_Lake_Macquarie,Uni,20.0,500.0,1.0,340.50862010657784,151.8262376949109,True,23.34730041869479,229.13291090724192,0.0,304.4843027255673,205.78561048854712,304.4843027255673,True,True
au,Newcastle_and_Lake_Macquarie,LU,20.0,100.0,0.5,0.6511892163100913,156.82904796365847,False,1.388271541066577,0.01725651423221767,0.0,0.0,-1.3710150268343593,0.0,False,True
au,Newcastle_and_Lake_Macquarie,LU,20.0,300.0,0.5,0.6511892163100913,156.82904796365847,False,4.25593304493365,0.05679393758975482,0.0,0.0,-4.199139107343895,0.0,False,True
au,Newcastle_and_Lake_Macquarie,LU,20.0,500.0,0.5,0.6511892163100913,156.82904796365847,False,24.309105974320726,0.2919107569377758,0.0,0.0,-24.01719521738295,0.0,False,True
au,Newcastle_and_Lake_Macquarie,LU,20.0,100.0,0.8,145.55380671513123,156.82904796365847,False,1.388271541066577,6.149462890654604,0.0,47.55038034098839,4.761191349588027,47.55038034098839,True,True
au,Newcastle_and_Lake_Macquarie,LU,20.0,300.0,0.8,145.55380671513123,156.82904796365847,False,4.25593304493365,39.69744485987702,0.0,105.2833235266555,35.44151181494337,105.2833235266555,True,True
au,Newcastle_and_Lake_Macquarie,LU,20.0,500.0,0.8,145.55380671513123,156.82904796365847,False,24.309105974320726,80.26064691456608,0.0,110.80091814946786,55.95154094024535,110.80091814946786,True,True
au,Newcastle_and_Lake_Macquarie,LU,20.0,100.0,0.9,239.80626860419832,156.82904796365847,True,1.388271541066577,16.52658514259261,0.0,137.2771028215183,15.138313601526033,137.2771028215183,True,True
au,Newcastle_and_Lake_Macquarie,LU,20.0,300.0,0.9,239.80626860419832,156.82904796365847,True,4.25593304493365,81.40639287937904,0.0,199.53578541572256,77.15045983444539,199.53578541572256,True,True
au,Newcastle_and_Lake_Macquarie,LU,20.0,500.0,0.9,239.80626860419832,156.82904796365847,True,24.309105974320726,144.55043354543608,0.0,205.05338003853495,120.24132757111535,205.05338003853495,True,True
au,Newcastle_and_Lake_Macquarie,LU,20.0,100.0,1.0,320.704236471521,156.82904796365847,True,1.388271541066577,41.03875937161544,0.0,218.17507068884098,39.65048783054886,218.17507068884098,True,True
au,Newcastle_and_Lake_Macquarie,LU,20.0,300.0,1.0,320.704236471521,156.82904796365847,True,4.25593304493365,126.17266336788788,0.0,280.43375328304535,121.91673032295422,280.43375328304535,True,True
au,Newcastle_and_Lake_Macquarie,LU,20.0,500.0,1.0,320.704236471521,156.82904796365847,True,24.309105974320726,208.47261684567454,0.0,285.9513479058577,184.16351087135382,285.9513479058577,True,True
au,Newcastle_and_Lake_Macquarie,LU-soft,20.0,100.0,0.5,0.6491299308626637,156.5798224241433,False,1.3795409015692495,0.017201943167860775,0.0,0.0,-1.3623389584013887,0.0,False,True
au,Newcastle_and_Lake_Macquarie,LU-soft,20.0,300.0,0.5,0.6491299308626637,156.5798224241433,False,4.232285418349632,0.05641185383292662,0.0,0.0,-4.1758735645167055,0.0,False,True
au,Newcastle_and_Lake_Macquarie,LU-soft,20.0,500.0,0.5,0.6491299308626637,156.5798224241433,False,24.23222351394053,0.29124318946413114,0.0,0.0,-23.9409803244764,0.0,False,True
au,Newcastle_and_Lake_Macquarie,LU-soft,20.0,100.0,0.8,144.63094910351333,156.5798224241433,False,1.3795409015692495,6.064975238651104,0.0,46.39774731040587,4.685434337081855,46.39774731040587,True,True
au,Newcastle_and_Lake_Macquarie,LU-soft,20.0,300.0,0.8,144.63094910351333,156.5798224241433,False,4.232285418349632,39.304038914523055,0.0,104.1356383602998,35.07175349617342,104.1356383602998,True,True
au,Newcastle_and_Lake_Macquarie,LU-soft,20.0,500.0,0.8,144.63094910351333,156.5798224241433,False,24.23222351394053,79.67803924757877,0.0,109.77505041931936,55.44581573363824,109.77505041931936,True,True
au,Newcastle_and_Lake_Macquarie,LU-soft,20.0,100.0,0.9,239.62313557484288,156.5798224241433,True,1.3795409015692495,16.441023802646708,0.0,136.80689823157684,15.061482901077458,136.80689823157684,True,True
au,Newcastle_and_Lake_Macquarie,LU-soft,20.0,300.0,0.9,239.62313557484288,156.5798224241433,True,4.232285418349632,81.27643006335131,0.0,199.1278248316293,77.04414464500168,199.1278248316293,True,True
au,Newcastle_and_Lake_Macquarie,LU-soft,20.0,500.0,0.9,239.62313557484288,156.5798224241433,True,24.23222351394053,144.4576740231996,0.0,204.7672368906488,120.22545050925906,204.7672368906488,True,True
au,Newcastle_and_Lake_Macquarie,LU-soft,20.0,100.0,1.0,321.8115167212394,156.5798224241433,True,1.3795409015692495,41.36644692809024,0.0,218.9952793779734,39.98690602652099,218.9952793779734,True,True
au,Newcastle_and_Lake_Macquarie,LU-soft,20.0,300.0,1.0,321.8115167212394,156.5798224241433,True,4.232285418349632,126.78837717491857,0.0,281.31620597802583,122.55609175656893,281.31620597802583,True,True
au,Newcastle_and_Lake_Macquarie,LU-soft,20.0,500.0,1.0,321.8115167212394,156.5798224241433,True,24.23222351394053,209.6509986995481,0.0,286.9556180370455,185.41877518560756,286.9556180370455,True,True
au,Newcastle_and_Lake_Macquarie,Ref,20.0,100.0,0.5,0.6772095759053648,75.89257015355577,False,0.37081638151142876,0.017946053761492522,0.0,0.0,-0.35287032774993626,0.0,False,True
au,Newcastle_and_Lake_Macquarie,Ref,20.0,300.0,0.5,0.6772095759053648,75.89257015355577,False,0.7716590756204962,0.056546999588099195,0.0,0.0,-0.715112076032397,0.0,False,True
au,Newcastle_and_Lake_Macquarie,Ref,20.0,500.0,0.5,0.6772095759053648,75.89257015355577,False,6.651050612378551,0.33013966825388136,0.8462499999999977,0.0,-6.32091094412467,-0.8462499999999977,False,False
au,Newcastle_and_Lake_Macquarie,Ref,20.0,100.0,0.8,77.33110288001242,75.89257015355577,True,0.37081638151142876,2.049274226320329,0.0,0.0,1.6784578448089005,0.0,True,True
au,Newcastle_and_Lake_Macquarie,Ref,20.0,300.0,0.8,77.33110288001242,75.89257015355577,True,0.7716590756204962,9.929757581577054,0.0,0.0,9.158098505956557,0.0,True,True
au,Newcastle_and_Lake_Macquarie,Ref,20.0,500.0,0.8,77.33110288001242,75.89257015355577,True,6.651050612378551,39.391179058207676,0.8462499999999977,13.591514787009078,32.74012844582913,12.74526478700908,True,True
au,Newcastle_and_Lake_Macquarie,Ref,20.0,100.0,0.9,105.5070848233261,75.89257015355577,True,0.37081638151142876,2.7959377478181415,0.0,0.0,2.425121366306713,0.0,True,True
au,Newcastle_and_Lake_Macquarie,Ref,20.0,300.0,0.9,105.5070848233261,75.89257015355577,True,0.7716590756204962,18.092112254205528,0.0,8.900900717251991,17.320453178585034,8.900900717251991,True,True
au,Newcastle_and_Lake_Macquarie,Ref,20.0,500.0,0.9,105.5070848233261,75.89257015355577,True,6.651050612378551,56.544552487568744,0.8462499999999977,38.100936715289514,49.893501875190196,37.254686715289516,True,True
au,Newcastle_and_Lake_Macquarie,Ref,20.0,100.0,1.0,117.4955971650352,75.89257015355577,True,0.37081638151142876,3.1136333248734336,0.0,0.0,2.742816943362005,0.0,True,True
au,Newcastle_and_Lake_Macquarie,Ref,20.0,300.0,1.0,117.4955971650352,75.89257015355577,True,0.7716590756204962,21.84565911452279,0.0,17.261485255423665,21.07400003890229,17.261485255423665,True,True
au,Newcastle_and_Lake_Macquarie,Ref,20.0,500.0,1.0,117.4955971650352,75.89257015355577,True,6.651050612378551,64.13736508363776,0.8462499999999977,50.089449056998625,57.486314471259206,49.24319905699863,True,True
au,Newcastle_and_Lake_Macquarie,GNN-oof-42,20.0,100.0,0.5,0.04727238603308311,148.21419601939334,False,1.4964023727849745,0.0012527182298770327,0.0,0.0,-1.4951496545550975,0.0,False,True
au,Newcastle_and_Lake_Macquarie,GNN-oof-42,20.0,300.0,0.5,0.04727238603308311,148.21419601939334,False,4.471822673979427,0.003710882303598794,0.0,0.0,-4.468111791675828,0.0,False,True
au,Newcastle_and_Lake_Macquarie,GNN-oof-42,20.0,500.0,0.5,0.04727238603308311,148.21419601939334,False,24.15142116474415,0.02243074717270946,0.0,0.0,-24.12899041757144,0.0,False,True
au,Newcastle_and_Lake_Macquarie,GNN-oof-42,20.0,100.0,0.8,182.1041509254331,148.21419601939334,True,1.4964023727849745,9.101122602784583,0.0,87.25458478142704,7.604720229999609,87.25458478142704,True,True
au,Newcastle_and_Lake_Macquarie,GNN-oof-42,20.0,300.0,0.8,182.1041509254331,148.21419601939334,True,4.471822673979427,53.113105443124,0.0,139.83348711710283,48.641282769144574,139.83348711710283,True,True
au,Newcastle_and_Lake_Macquarie,GNN-oof-42,20.0,500.0,0.8,182.1041509254331,148.21419601939334,True,24.15142116474415,104.52160612600044,0.0,139.58346809210192,80.37018496125629,139.58346809210192,True,True
au,Newcastle_and_Lake_Macquarie,GNN-oof-42,20.0,100.0,0.9,214.39781124163835,148.21419601939334,True,1.4964023727849745,11.684932633444323,0.0,117.93356208182199,10.188530260659348,117.93356208182199,True,True
au,Newcastle_and_Lake_Macquarie,GNN-oof-42,20.0,300.0,0.9,214.39781124163835,148.21419601939334,True,4.471822673979427,68.16801577788523,0.0,172.12714743330807,63.696193103905806,172.12714743330807,True,True
au,Newcastle_and_Lake_Macquarie,GNN-oof-42,20.0,500.0,0.9,214.39781124163835,148.21419601939334,True,24.15142116474415,126.91561559713689,0.0,171.8771284083072,102.76419443239274,171.8771284083072,True,True
au,Newcastle_and_Lake_Macquarie,GNN-oof-42,20.0,100.0,1.0,280.4433784182858,148.21419601939334,True,1.4964023727849745,26.252172061855262,0.0,182.91132429766338,24.755769689070288,182.91132429766338,True,True
au,Newcastle_and_Lake_Macquarie,GNN-oof-42,20.0,300.0,1.0,280.4433784182858,148.21419601939334,True,4.471822673979427,103.59602383680182,0.0,238.17271460995556,99.12420116282239,238.17271460995556,True,True
au,Newcastle_and_Lake_Macquarie,GNN-oof-42,20.0,500.0,1.0,280.4433784182858,148.21419601939334,True,24.15142116474415,174.9648190400441,0.0,237.9226955849546,150.81339787529993,237.9226955849546,True,True
au,Newcastle_and_Lake_Macquarie,GNN-oof-123,20.0,100.0,0.5,0.35106480585289823,142.44389462060104,False,1.4005984427449332,0.00930321735510185,0.0,0.0,-1.3912952253898314,0.0,False,True
au,Newcastle_and_Lake_Macquarie,GNN-oof-123,20.0,300.0,0.5,0.35106480585289823,142.44389462060104,False,4.196346096295565,0.027558587259453815,0.0,0.0,-4.168787509036112,0.0,False,True
au,Newcastle_and_Lake_Macquarie,GNN-oof-123,20.0,500.0,0.5,0.35106480585289823,142.44389462060104,False,23.379090851059207,0.16627904988063374,0.0,0.0,-23.212811801178574,0.0,False,True
au,Newcastle_and_Lake_Macquarie,GNN-oof-123,20.0,100.0,0.8,176.5171372837173,142.44389462060104,True,1.4005984427449332,8.49697464688352,0.0,77.60624849802457,7.096376204138588,77.60624849802457,True,True
au,Newcastle_and_Lake_Macquarie,GNN-oof-123,20.0,300.0,0.8,176.5171372837173,142.44389462060104,True,4.196346096295565,50.83191492579792,0.0,134.2800554691486,46.635568829502354,134.2800554691486,True,True
au,Newcastle_and_Lake_Macquarie,GNN-oof-123,20.0,500.0,0.8,176.5171372837173,142.44389462060104,True,23.379090851059207,101.62280011021119,0.0,142.03274052214522,78.24370925915198,142.03274052214522,True,True
au,Newcastle_and_Lake_Macquarie,GNN-oof-123,20.0,100.0,0.9,204.94051246482462,142.44389462060104,True,1.4005984427449332,10.706237437560793,0.0,104.60845492007653,9.30563899481586,104.60845492007653,True,True
au,Newcastle_and_Lake_Macquarie,GNN-oof-123,20.0,300.0,0.9,204.94051246482462,142.44389462060104,True,4.196346096295565,63.40488117278161,0.0,162.70343065025594,59.208535076486044,162.70343065025594,True,True
au,Newcastle_and_Lake_Macquarie,GNN-oof-123,20.0,500.0,0.9,204.94051246482462,142.44389462060104,True,23.379090851059207,121.22854306513459,0.0,170.45611570325258,97.84945221407538,170.45611570325258,True,True
au,Newcastle_and_Lake_Macquarie,GNN-oof-123,20.0,100.0,1.0,226.4180261424079,142.44389462060104,True,1.4005984427449332,12.89406650273212,0.0,125.0120929137807,11.493468059987187,125.0120929137807,True,True
au,Newcastle_and_Lake_Macquarie,GNN-oof-123,20.0,300.0,1.0,226.4180261424079,142.44389462060104,True,4.196346096295565,74.42866246049516,0.0,184.1809443278392,70.23231636419959,184.1809443278392,True,True
au,Newcastle_and_Lake_Macquarie,GNN-oof-123,20.0,500.0,1.0,226.4180261424079,142.44389462060104,True,23.379090851059207,136.32743804460404,0.0,191.93362938083584,112.94834719354483,191.93362938083584,True,True
au,Newcastle_and_Lake_Macquarie,GNN-oof-456,20.0,100.0,0.5,0.12542192852396583,143.5629237600911,False,1.3808386095705547,0.003323681105885015,0.0,0.0,-1.3775149284646697,0.0,False,True
au,Newcastle_and_Lake_Macquarie,GNN-oof-456,20.0,300.0,0.5,0.12542192852396583,143.5629237600911,False,4.207962462178382,0.0099083323533944,0.0,0.0,-4.198054129824987,0.0,False,True
au,Newcastle_and_Lake_Macquarie,GNN-oof-456,20.0,500.0,0.5,0.12542192852396583,143.5629237600911,False,23.772435865641658,0.058583135123374916,0.0,0.0,-23.713852730518283,0.0,False,True
au,Newcastle_and_Lake_Macquarie,GNN-oof-456,20.0,100.0,0.8,206.63927007992888,143.5629237600911,True,1.3808386095705547,10.880839966876916,0.0,107.81282223048849,9.500001357306362,107.81282223048849,True,True
au,Newcastle_and_Lake_Macquarie,GNN-oof-456,20.0,300.0,0.8,206.63927007992888,143.5629237600911,True,4.207962462178382,64.18692603835645,0.0,165.37460624487895,59.97896357617807,165.37460624487895,True,True
au,Newcastle_and_Lake_Macquarie,GNN-oof-456,20.0,500.0,0.8,206.63927007992888,143.5629237600911,True,23.772435865641658,121.81762527278576,0.0,171.50169500918744,98.04518940714411,171.50169500918744,True,True
au,Newcastle_and_Lake_Macquarie,GNN-oof-456,20.0,100.0,0.9,216.34287317519147,143.5629237600911,True,1.3808386095705547,11.767365173254255,0.0,117.03124517098797,10.3865265636837,117.03124517098797,True,True
au,Newcastle_and_Lake_Macquarie,GNN-oof-456,20.0,300.0,0.9,216.34287317519147,143.5629237600911,True,4.207962462178382,69.08654927347987,0.0,175.0782093401416,64.87858681130149,175.0782093401416,True,True
au,Newcastle_and_Lake_Macquarie,GNN-oof-456,20.0,500.0,0.9,216.34287317519147,143.5629237600911,True,23.772435865641658,128.64091902396896,0.0,181.20529810445004,104.86848315832731,181.20529810445004,True,True
au,Newcastle_and_Lake_Macquarie,GNN-oof-456,20.0,100.0,1.0,305.64686011055073,143.5629237600911,True,1.3808386095705547,34.60859008871101,0.0,205.29359637036274,33.22775147914046,205.29359637036274,True,True
au,Newcastle_and_Lake_Macquarie,GNN-oof-456,20.0,300.0,1.0,305.64686011055073,143.5629237600911,True,4.207962462178382,117.59543946542026,0.0,264.3821962755008,113.38747700324187,264.3821962755008,True,True
au,Newcastle_and_Lake_Macquarie,GNN-oof-456,20.0,500.0,1.0,305.64686011055073,143.5629237600911,True,23.772435865641658,198.30187518942046,0.0,270.5092850398093,174.5294393237788,270.5092850398093,True,True
au,Sydney_City_and_Inner_South,Uni,10.0,100.0,0.5,224.8437596765125,217.34076953761684,True,0.0,0.0,0.0,0.0,0.0,0.0,True,True
au,Sydney_City_and_Inner_South,Uni,10.0,300.0,0.5,224.8437596765125,217.34076953761684,True,0.0,0.27717431078506205,0.0,0.0,0.27717431078506205,0.0,True,True
au,Sydney_City_and_Inner_South,Uni,10.0,500.0,0.5,224.8437596765125,217.34076953761684,True,0.0666840506295132,6.535128229422683,0.0,133.98282960276754,6.4684441787931695,133.98282960276754,True,True
au,Sydney_City_and_Inner_South,Uni,10.0,100.0,0.8,360.67234682582404,217.34076953761684,True,0.0,0.0,0.0,0.0,0.0,0.0,True,True
au,Sydney_City_and_Inner_South,Uni,10.0,300.0,0.8,360.67234682582404,217.34076953761684,True,0.0,4.120266497545699,0.0,69.81141675207913,4.120266497545699,69.81141675207913,True,True
au,Sydney_City_and_Inner_South,Uni,10.0,500.0,0.8,360.67234682582404,217.34076953761684,True,0.0666840506295132,12.273382010084827,0.0,269.81141675207914,12.206697959455314,269.81141675207914,True,True
au,Sydney_City_and_Inner_South,Uni,10.0,100.0,0.9,386.98440628553055,217.34076953761684,True,0.0,0.014981150229008677,0.0,0.0,0.014981150229008677,0.0,True,True
au,Sydney_City_and_Inner_South,Uni,10.0,300.0,0.9,386.98440628553055,217.34076953761684,True,0.0,5.120124757014548,0.0,96.12347621178557,5.120124757014548,96.12347621178557,True,True
au,Sydney_City_and_Inner_South,Uni,10.0,500.0,0.9,386.98440628553055,217.34076953761684,True,0.0666840506295132,13.916304551164279,0.0,296.12347621178566,13.849620500534765,296.12347621178566,True,True
au,Sydney_City_and_Inner_South,Uni,10.0,100.0,1.0,401.23945077315005,217.34076953761684,True,0.0,0.0735010298818387,0.0,0.0,0.0735010298818387,0.0,True,True
au,Sydney_City_and_Inner_South,Uni,10.0,300.0,1.0,401.23945077315005,217.34076953761684,True,0.0,5.666018428243555,0.0,110.37852069940507,5.666018428243555,110.37852069940507,True,True
au,Sydney_City_and_Inner_South,Uni,10.0,500.0,1.0,401.23945077315005,217.34076953761684,True,0.0666840506295132,14.967872156797931,0.0,310.3785206994051,14.901188106168417,310.3785206994051,True,True
au,Sydney_City_and_Inner_South,LU,10.0,100.0,0.5,227.14640717030903,232.17837955077272,False,0.0,0.0,0.0,0.0,0.0,0.0,True,True
au,Sydney_City_and_Inner_South,LU,10.0,300.0,0.5,227.14640717030903,232.17837955077272,False,0.0,0.48997449902538837,0.0,0.0,0.48997449902538837,0.0,True,True
au,Sydney_City_and_Inner_South,LU,10.0,500.0,0.5,227.14640717030903,232.17837955077272,False,0.166276297356349,6.998236337302144,0.0,145.45085326323158,6.831960039945795,145.45085326323158,True,True
au,Sydney_City_and_Inner_South,LU,10.0,100.0,0.8,390.74790126228766,232.17837955077272,True,0.0,0.09837729267335601,0.0,0.0,0.09837729267335601,0.0,True,True
au,Sydney_City_and_Inner_South,LU,10.0,300.0,0.8,390.74790126228766,232.17837955077272,True,0.0,5.702337255609956,0.0,109.05234735521019,5.702337255609956,109.05234735521019,True,True
au,Sydney_City_and_Inner_South,LU,10.0,500.0,0.8,390.74790126228766,232.17837955077272,True,0.166276297356349,15.065021100453828,0.0,309.05234735521026,14.898744803097479,309.05234735521026,True,True
au,Sydney_City_and_Inner_South,LU,10.0,100.0,0.9,413.62719474104676,232.17837955077272,True,0.0,0.3052232556225317,0.0,0.0,0.3052232556225317,0.0,True,True
au,Sydney_City_and_Inner_South,LU,10.0,300.0,0.9,413.62719474104676,232.17837955077272,True,0.0,6.616984531273371,0.0,131.9316408339693,6.616984531273371,131.9316408339693,True,True
au,Sydney_City_and_Inner_South,LU,10.0,500.0,0.9,413.62719474104676,232.17837955077272,True,0.166276297356349,17.099619170635115,0.0,331.93164083396925,16.933342873278768,331.93164083396925,True,True
au,Sydney_City_and_Inner_South,LU,10.0,100.0,1.0,438.0224069251261,232.17837955077272,True,0.0,0.6716441648830956,0.0,0.0,0.6716441648830956,0.0,True,True
au,Sydney_City_and_Inner_South,LU,10.0,300.0,1.0,438.0224069251261,232.17837955077272,True,0.0,7.604990624728585,0.0,156.32685301804867,7.604990624728585,156.32685301804867,True,True
au,Sydney_City_and_Inner_South,LU,10.0,500.0,1.0,438.0224069251261,232.17837955077272,True,0.166276297356349,19.728580166818134,0.0,356.3268530180486,19.562303869461786,356.3268530180486,True,True
au,Sydney_City_and_Inner_South,LU-soft,10.0,100.0,0.5,224.88895084399442,232.18408571656715,False,0.0,0.0,0.0,0.0,0.0,0.0,True,True
au,Sydney_City_and_Inner_South,LU-soft,10.0,300.0,0.5,224.88895084399442,232.18408571656715,False,0.0,0.45552784014228676,0.0,0.0,0.45552784014228676,0.0,True,True
au,Sydney_City_and_Inner_South,LU-soft,10.0,500.0,0.5,224.88895084399442,232.18408571656715,False,0.1663240115156716,6.906963421077565,0.0,143.19759229844914,6.740639409561894,143.19759229844914,True,True
au,Sydney_City_and_Inner_South,LU-soft,10.0,100.0,0.8,390.48485550331634,232.18408571656715,True,0.0,0.0967043935259261,0.0,0.0,0.0967043935259261,0.0,True,True
au,Sydney_City_and_Inner_South,LU-soft,10.0,300.0,0.8,390.48485550331634,232.18408571656715,True,0.0,5.692271782250309,0.0,108.79349695777103,5.692271782250309,108.79349695777103,True,True
au,Sydney_City_and_Inner_South,LU-soft,10.0,500.0,0.8,390.48485550331634,232.18408571656715,True,0.1663240115156716,15.04418480047648,0.0,308.793496957771,14.877860788960808,308.793496957771,True,True
au,Sydney_City_and_Inner_South,LU-soft,10.0,100.0,0.9,411.9057666544419,232.18408571656715,True,0.0,0.2856802164807874,0.0,0.0,0.2856802164807874,0.0,True,True
au,Sydney_City_and_Inner_South,LU-soft,10.0,300.0,0.9,411.9057666544419,232.18408571656715,True,0.0,6.547468472916358,0.0,130.21440810889652,6.547468472916358,130.21440810889652,True,True
au,Sydney_City_and_Inner_South,LU-soft,10.0,500.0,0.9,411.9057666544419,232.18408571656715,True,0.1663240115156716,16.931769555179898,0.0,330.2144081088965,16.765445543664224,330.2144081088965,True,True
au,Sydney_City_and_Inner_South,LU-soft,10.0,100.0,1.0,438.0224069251261,232.18408571656715,True,0.0,0.671740392727326,0.0,0.0,0.671740392727326,0.0,True,True
au,Sydney_City_and_Inner_South,LU-soft,10.0,300.0,1.0,438.0224069251261,232.18408571656715,True,0.0,7.605192403879071,0.0,156.3310483795808,7.605192403879071,156.3310483795808,True,True
au,Sydney_City_and_Inner_South,LU-soft,10.0,500.0,1.0,438.0224069251261,232.18408571656715,True,0.1663240115156716,19.729903844961413,0.0,356.3310483795808,19.56357983344574,356.3310483795808,True,True
au,Sydney_City_and_Inner_South,Ref,10.0,100.0,0.5,155.7406470119352,121.22105639738618,True,0.0,0.0,0.0,0.0,0.0,0.0,True,True
au,Sydney_City_and_Inner_South,Ref,10.0,300.0,0.5,155.7406470119352,121.22105639738618,True,0.0,0.0,0.0,0.0,0.0,0.0,True,True
au,Sydney_City_and_Inner_South,Ref,10.0,500.0,0.5,155.7406470119352,121.22105639738618,True,0.0,0.5167561123293543,0.0,0.0,0.5167561123293543,0.0,True,True
au,Sydney_City_and_Inner_South,Ref,10.0,100.0,0.8,211.9804115287459,121.22105639738618,True,0.0,0.0,0.0,0.0,0.0,0.0,True,True
au,Sydney_City_and_Inner_South,Ref,10.0,300.0,0.8,211.9804115287459,121.22105639738618,True,0.0,0.0,0.0,0.0,0.0,0.0,True,True
au,Sydney_City_and_Inner_South,Ref,10.0,500.0,0.8,211.9804115287459,121.22105639738618,True,0.0,1.7335640149734923,0.0,11.237379338873785,1.7335640149734923,11.237379338873785,True,True
au,Sydney_City_and_Inner_South,Ref,10.0,100.0,0.9,220.05564509362102,121.22105639738618,True,0.0,0.0,0.0,0.0,0.0,0.0,True,True
au,Sydney_City_and_Inner_South,Ref,10.0,300.0,0.9,220.05564509362102,121.22105639738618,True,0.0,0.0,0.0,0.0,0.0,0.0,True,True
au,Sydney_City_and_Inner_South,Ref,10.0,500.0,0.9,220.05564509362102,121.22105639738618,True,0.0,2.00911497027622,0.0,18.266176033493547,2.00911497027622,18.266176033493547,True,True
au,Sydney_City_and_Inner_South,Ref,10.0,100.0,1.0,330.4278305434826,121.22105639738618,True,0.0,0.0,0.0,0.0,0.0,0.0,True,True
au,Sydney_City_and_Inner_South,Ref,10.0,300.0,1.0,330.4278305434826,121.22105639738618,True,0.0,0.23155242744466079,0.0,0.0,0.23155242744466079,0.0,True,True
au,Sydney_City_and_Inner_South,Ref,10.0,500.0,1.0,330.4278305434826,121.22105639738618,True,0.0,6.24068557576676,0.0,127.5124703715397,6.24068557576676,127.5124703715397,True,True
au,Sydney_City_and_Inner_South,GNN-oof-42,10.0,100.0,0.5,301.33525260358465,709.3208200815116,False,0.0,0.0,0.0,0.0,0.0,0.0,True,True
au,Sydney_City_and_Inner_South,GNN-oof-42,10.0,300.0,0.5,301.33525260358465,709.3208200815116,False,0.0,0.0,0.0,0.0,0.0,0.0,True,True
au,Sydney_City_and_Inner_South,GNN-oof-42,10.0,500.0,0.5,301.33525260358465,709.3208200815116,False,0.0,0.0,0.0,0.0,0.0,0.0,True,True
au,Sydney_City_and_Inner_South,GNN-oof-42,10.0,100.0,0.8,328.2528263855844,709.3208200815116,False,0.0,0.0,0.0,0.0,0.0,0.0,True,True
au,Sydney_City_and_Inner_South,GNN-oof-42,10.0,300.0,0.8,328.2528263855844,709.3208200815116,False,0.0,0.0,0.0,0.0,0.0,0.0,True,True
au,Sydney_City_and_Inner_South,GNN-oof-42,10.0,500.0,0.8,328.2528263855844,709.3208200815116,False,0.0,0.0,0.0,0.0,0.0,0.0,True,True
au,Sydney_City_and_Inner_South,GNN-oof-42,10.0,100.0,0.9,430.12119388369064,709.3208200815116,False,0.0,0.0,0.0,0.0,0.0,0.0,True,True
au,Sydney_City_and_Inner_South,GNN-oof-42,10.0,300.0,0.9,430.12119388369064,709.3208200815116,False,0.0,0.0,0.0,0.0,0.0,0.0,True,True
au,Sydney_City_and_Inner_South,GNN-oof-42,10.0,500.0,0.9,430.12119388369064,709.3208200815116,False,0.0,0.253211768845841,0.0,14.864271549241073,0.253211768845841,14.864271549241073,True,True
au,Sydney_City_and_Inner_South,GNN-oof-42,10.0,100.0,1.0,509.904681320191,709.3208200815116,False,0.0,0.0,0.0,0.0,0.0,0.0,True,True
au,Sydney_City_and_Inner_South,GNN-oof-42,10.0,300.0,1.0,509.904681320191,709.3208200815116,False,0.0,0.0,0.0,0.0,0.0,0.0,True,True
au,Sydney_City_and_Inner_South,GNN-oof-42,10.0,500.0,1.0,509.904681320191,709.3208200815116,False,0.0,48.581908715468245,0.0,93.98555486656844,48.581908715468245,93.98555486656844,True,True
au,Sydney_City_and_Inner_South,GNN-oof-123,10.0,100.0,0.5,277.81146552471074,719.8917729630632,False,0.0,0.0,0.0,0.0,0.0,0.0,True,True
au,Sydney_City_and_Inner_South,GNN-oof-123,10.0,300.0,0.5,277.81146552471074,719.8917729630632,False,0.0,0.0,0.0,0.0,0.0,0.0,True,True
au,Sydney_City_and_Inner_South,GNN-oof-123,10.0,500.0,0.5,277.81146552471074,719.8917729630632,False,0.0,0.0,0.0,0.0,0.0,0.0,True,True
au,Sydney_City_and_Inner_South,GNN-oof-123,10.0,100.0,0.8,374.0588723826517,719.8917729630632,False,0.0,0.0,0.0,0.0,0.0,0.0,True,True
au,Sydney_City_and_Inner_South,GNN-oof-123,10.0,300.0,0.8,374.0588723826517,719.8917729630632,False,0.0,0.0,0.0,0.0,0.0,0.0,True,True
au,Sydney_City_and_Inner_South,GNN-oof-123,10.0,500.0,0.8,374.0588723826517,719.8917729630632,False,0.0,0.0,0.0,0.0,0.0,0.0,True,True
au,Sydney_City_and_Inner_South,GNN-oof-123,10.0,100.0,0.9,414.3384335226291,719.8917729630632,False,0.0,0.0,0.0,0.0,0.0,0.0,True,True
au,Sydney_City_and_Inner_South,GNN-oof-123,10.0,300.0,0.9,414.3384335226291,719.8917729630632,False,0.0,0.0,0.0,0.0,0.0,0.0,True,True
au,Sydney_City_and_Inner_South,GNN-oof-123,10.0,500.0,0.9,414.3384335226291,719.8917729630632,False,0.0,0.0605046169247197,0.0,6.05046169247197,0.0605046169247197,6.05046169247197,True,True
au,Sydney_City_and_Inner_South,GNN-oof-123,10.0,100.0,1.0,473.1608118266399,719.8917729630632,False,0.0,0.0,0.0,0.0,0.0,0.0,True,True
au,Sydney_City_and_Inner_South,GNN-oof-123,10.0,300.0,1.0,473.1608118266399,719.8917729630632,False,0.0,0.0,0.0,0.0,0.0,0.0,True,True
au,Sydney_City_and_Inner_South,GNN-oof-123,10.0,500.0,1.0,473.1608118266399,719.8917729630632,False,0.0,22.75554046907176,0.0,56.542119626083604,22.75554046907176,56.542119626083604,True,True
au,Sydney_City_and_Inner_South,GNN-oof-456,10.0,100.0,0.5,296.74688152989796,714.8436164513446,False,0.0,0.0,0.0,0.0,0.0,0.0,True,True
au,Sydney_City_and_Inner_South,GNN-oof-456,10.0,300.0,0.5,296.74688152989796,714.8436164513446,False,0.0,0.0,0.0,0.0,0.0,0.0,True,True
au,Sydney_City_and_Inner_South,GNN-oof-456,10.0,500.0,0.5,296.74688152989796,714.8436164513446,False,0.0,0.0,0.0,0.0,0.0,0.0,True,True
au,Sydney_City_and_Inner_South,GNN-oof-456,10.0,100.0,0.8,354.11963194349903,714.8436164513446,False,0.0,0.0,0.0,0.0,0.0,0.0,True,True
au,Sydney_City_and_Inner_South,GNN-oof-456,10.0,300.0,0.8,354.11963194349903,714.8436164513446,False,0.0,0.0,0.0,0.0,0.0,0.0,True,True
au,Sydney_City_and_Inner_South,GNN-oof-456,10.0,500.0,0.8,354.11963194349903,714.8436164513446,False,0.0,0.0,0.0,0.0,0.0,0.0,True,True
au,Sydney_City_and_Inner_South,GNN-oof-456,10.0,100.0,0.9,410.3109796540702,714.8436164513446,False,0.0,0.0,0.0,0.0,0.0,0.0,True,True
au,Sydney_City_and_Inner_South,GNN-oof-456,10.0,300.0,0.9,410.3109796540702,714.8436164513446,False,0.0,0.0,0.0,0.0,0.0,0.0,True,True
au,Sydney_City_and_Inner_South,GNN-oof-456,10.0,500.0,0.9,410.3109796540702,714.8436164513446,False,0.0,0.04222472569400765,0.0,4.2224725694007645,0.04222472569400765,4.2224725694007645,True,True
au,Sydney_City_and_Inner_South,GNN-oof-456,10.0,100.0,1.0,568.2185989118994,714.8436164513446,False,0.0,0.0,0.0,0.0,0.0,0.0,True,True
au,Sydney_City_and_Inner_South,GNN-oof-456,10.0,300.0,1.0,568.2185989118994,714.8436164513446,False,0.0,0.0,0.0,0.0,0.0,0.0,True,True
au,Sydney_City_and_Inner_South,GNN-oof-456,10.0,500.0,1.0,568.2185989118994,714.8436164513446,False,0.0,98.84899174954043,0.0,151.37396739146524,98.84899174954043,151.37396739146524,True,True
au,Sydney_City_and_Inner_South,Uni,20.0,100.0,0.5,155.59764299653654,0.0,True,0.0,0.0,0.0,0.0,0.0,0.0,True,True
au,Sydney_City_and_Inner_South,Uni,20.0,300.0,0.5,155.59764299653654,0.0,True,0.0,0.0,0.0,0.0,0.0,0.0,True,True
au,Sydney_City_and_Inner_South,Uni,20.0,500.0,0.5,155.59764299653654,0.0,True,0.0,0.0,0.0,0.0,0.0,0.0,True,True
au,Sydney_City_and_Inner_South,Uni,20.0,100.0,0.8,225.40523164605932,0.0,True,0.0,0.0,0.0,0.0,0.0,0.0,True,True
au,Sydney_City_and_Inner_South,Uni,20.0,300.0,0.8,225.40523164605932,0.0,True,0.0,0.0,0.0,0.0,0.0,0.0,True,True
au,Sydney_City_and_Inner_South,Uni,20.0,500.0,0.8,225.40523164605932,0.0,True,0.0,0.0,0.0,0.0,0.0,0.0,True,True
au,Sydney_City_and_Inner_South,Uni,20.0,100.0,0.9,341.435155002312,0.0,True,0.0,0.0,0.0,0.0,0.0,0.0,True,True
au,Sydney_City_and_Inner_South,Uni,20.0,300.0,0.9,341.435155002312,0.0,True,0.0,0.0,0.0,0.0,0.0,0.0,True,True
au,Sydney_City_and_Inner_South,Uni,20.0,500.0,0.9,341.435155002312,0.0,True,0.0,0.0,0.0,0.0,0.0,0.0,True,True
au,Sydney_City_and_Inner_South,Uni,20.0,100.0,1.0,505.52806654429713,0.0,True,0.0,0.0,0.0,0.0,0.0,0.0,True,True
au,Sydney_City_and_Inner_South,Uni,20.0,300.0,1.0,505.52806654429713,0.0,True,0.0,0.0,0.0,0.0,0.0,0.0,True,True
au,Sydney_City_and_Inner_South,Uni,20.0,500.0,1.0,505.52806654429713,0.0,True,0.0,65.87806654429733,0.0,65.87806654429733,65.87806654429733,65.87806654429733,True,True
au,Sydney_City_and_Inner_South,LU,20.0,100.0,0.5,158.5047998322707,0.0,True,0.0,0.0,0.0,0.0,0.0,0.0,True,True
au,Sydney_City_and_Inner_South,LU,20.0,300.0,0.5,158.5047998322707,0.0,True,0.0,0.0,0.0,0.0,0.0,0.0,True,True
au,Sydney_City_and_Inner_South,LU,20.0,500.0,0.5,158.5047998322707,0.0,True,0.0,0.0,0.0,0.0,0.0,0.0,True,True
au,Sydney_City_and_Inner_South,LU,20.0,100.0,0.8,232.83253554707755,0.0,True,0.0,0.0,0.0,0.0,0.0,0.0,True,True
au,Sydney_City_and_Inner_South,LU,20.0,300.0,0.8,232.83253554707755,0.0,True,0.0,0.0,0.0,0.0,0.0,0.0,True,True
au,Sydney_City_and_Inner_South,LU,20.0,500.0,0.8,232.83253554707755,0.0,True,0.0,0.0,0.0,0.0,0.0,0.0,True,True
au,Sydney_City_and_Inner_South,LU,20.0,100.0,0.9,356.0227029634041,0.0,True,0.0,0.0,0.0,0.0,0.0,0.0,True,True
au,Sydney_City_and_Inner_South,LU,20.0,300.0,0.9,356.0227029634041,0.0,True,0.0,0.0,0.0,0.0,0.0,0.0,True,True
au,Sydney_City_and_Inner_South,LU,20.0,500.0,0.9,356.0227029634041,0.0,True,0.0,0.0,0.0,0.0,0.0,0.0,True,True
au,Sydney_City_and_Inner_South,LU,20.0,100.0,1.0,476.1259569442577,0.0,True,0.0,0.0,0.0,0.0,0.0,0.0,True,True
au,Sydney_City_and_Inner_South,LU,20.0,300.0,1.0,476.1259569442577,0.0,True,0.0,0.0,0.0,0.0,0.0,0.0,True,True
au,Sydney_City_and_Inner_South,LU,20.0,500.0,1.0,476.1259569442577,0.0,True,0.0,36.47595694425787,0.0,36.47595694425786,36.47595694425787,36.47595694425786,True,True
au,Sydney_City_and_Inner_South,LU-soft,20.0,100.0,0.5,156.71073853843302,0.0,True,0.0,0.0,0.0,0.0,0.0,0.0,True,True
au,Sydney_City_and_Inner_South,LU-soft,20.0,300.0,0.5,156.71073853843302,0.0,True,0.0,0.0,0.0,0.0,0.0,0.0,True,True
au,Sydney_City_and_Inner_South,LU-soft,20.0,500.0,0.5,156.71073853843302,0.0,True,0.0,0.0,0.0,0.0,0.0,0.0,True,True
au,Sydney_City_and_Inner_South,LU-soft,20.0,100.0,0.8,232.4625287464123,0.0,True,0.0,0.0,0.0,0.0,0.0,0.0,True,True
au,Sydney_City_and_Inner_South,LU-soft,20.0,300.0,0.8,232.4625287464123,0.0,True,0.0,0.0,0.0,0.0,0.0,0.0,True,True
au,Sydney_City_and_Inner_South,LU-soft,20.0,500.0,0.8,232.4625287464123,0.0,True,0.0,0.0,0.0,0.0,0.0,0.0,True,True
au,Sydney_City_and_Inner_South,LU-soft,20.0,100.0,0.9,355.7508188442253,0.0,True,0.0,0.0,0.0,0.0,0.0,0.0,True,True
au,Sydney_City_and_Inner_South,LU-soft,20.0,300.0,0.9,355.7508188442253,0.0,True,0.0,0.0,0.0,0.0,0.0,0.0,True,True
au,Sydney_City_and_Inner_South,LU-soft,20.0,500.0,0.9,355.7508188442253,0.0,True,0.0,0.0,0.0,0.0,0.0,0.0,True,True
au,Sydney_City_and_Inner_South,LU-soft,20.0,100.0,1.0,477.76985436919693,0.0,True,0.0,0.0,0.0,0.0,0.0,0.0,True,True
au,Sydney_City_and_Inner_South,LU-soft,20.0,300.0,1.0,477.76985436919693,0.0,True,0.0,0.0,0.0,0.0,0.0,0.0,True,True
au,Sydney_City_and_Inner_South,LU-soft,20.0,500.0,1.0,477.76985436919693,0.0,True,0.0,38.11985436919713,0.0,38.11985436919713,38.11985436919713,38.11985436919713,True,True
au,Sydney_City_and_Inner_South,Ref,20.0,100.0,0.5,84.47728133192004,0.0,True,0.0,0.0,0.0,0.0,0.0,0.0,True,True
au,Sydney_City_and_Inner_South,Ref,20.0,300.0,0.5,84.47728133192004,0.0,True,0.0,0.0,0.0,0.0,0.0,0.0,True,True
au,Sydney_City_and_Inner_South,Ref,20.0,500.0,0.5,84.47728133192004,0.0,True,0.0,0.0,0.0,0.0,0.0,0.0,True,True
au,Sydney_City_and_Inner_South,Ref,20.0,100.0,0.8,114.80779226803374,0.0,True,0.0,0.0,0.0,0.0,0.0,0.0,True,True
au,Sydney_City_and_Inner_South,Ref,20.0,300.0,0.8,114.80779226803374,0.0,True,0.0,0.0,0.0,0.0,0.0,0.0,True,True
au,Sydney_City_and_Inner_South,Ref,20.0,500.0,0.8,114.80779226803374,0.0,True,0.0,0.0,0.0,0.0,0.0,0.0,True,True
au,Sydney_City_and_Inner_South,Ref,20.0,100.0,0.9,156.63859722777943,0.0,True,0.0,0.0,0.0,0.0,0.0,0.0,True,True
au,Sydney_City_and_Inner_South,Ref,20.0,300.0,0.9,156.63859722777943,0.0,True,0.0,0.0,0.0,0.0,0.0,0.0,True,True
au,Sydney_City_and_Inner_South,Ref,20.0,500.0,0.9,156.63859722777943,0.0,True,0.0,0.0,0.0,0.0,0.0,0.0,True,True
au,Sydney_City_and_Inner_South,Ref,20.0,100.0,1.0,174.4370584325199,0.0,True,0.0,0.0,0.0,0.0,0.0,0.0,True,True
au,Sydney_City_and_Inner_South,Ref,20.0,300.0,1.0,174.4370584325199,0.0,True,0.0,0.0,0.0,0.0,0.0,0.0,True,True
au,Sydney_City_and_Inner_South,Ref,20.0,500.0,1.0,174.4370584325199,0.0,True,0.0,0.0,0.0,0.0,0.0,0.0,True,True
au,Sydney_City_and_Inner_South,GNN-oof-42,20.0,100.0,0.5,158.3883993949398,0.0,True,0.0,0.0,0.0,0.0,0.0,0.0,True,True
au,Sydney_City_and_Inner_South,GNN-oof-42,20.0,300.0,0.5,158.3883993949398,0.0,True,0.0,0.0,0.0,0.0,0.0,0.0,True,True
au,Sydney_City_and_Inner_South,GNN-oof-42,20.0,500.0,0.5,158.3883993949398,0.0,True,0.0,0.0,0.0,0.0,0.0,0.0,True,True
au,Sydney_City_and_Inner_South,GNN-oof-42,20.0,100.0,0.8,270.35661916051066,0.0,True,0.0,0.0,0.0,0.0,0.0,0.0,True,True
au,Sydney_City_and_Inner_South,GNN-oof-42,20.0,300.0,0.8,270.35661916051066,0.0,True,0.0,0.0,0.0,0.0,0.0,0.0,True,True
au,Sydney_City_and_Inner_South,GNN-oof-42,20.0,500.0,0.8,270.35661916051066,0.0,True,0.0,0.0,0.0,0.0,0.0,0.0,True,True
au,Sydney_City_and_Inner_South,GNN-oof-42,20.0,100.0,0.9,318.30063789395643,0.0,True,0.0,0.0,0.0,0.0,0.0,0.0,True,True
au,Sydney_City_and_Inner_South,GNN-oof-42,20.0,300.0,0.9,318.30063789395643,0.0,True,0.0,0.0,0.0,0.0,0.0,0.0,True,True
au,Sydney_City_and_Inner_South,GNN-oof-42,20.0,500.0,0.9,318.30063789395643,0.0,True,0.0,0.0,0.0,0.0,0.0,0.0,True,True
au,Sydney_City_and_Inner_South,GNN-oof-42,20.0,100.0,1.0,416.3536265912229,0.0,True,0.0,0.0,0.0,0.0,0.0,0.0,True,True
au,Sydney_City_and_Inner_South,GNN-oof-42,20.0,300.0,1.0,416.3536265912229,0.0,True,0.0,0.0,0.0,0.0,0.0,0.0,True,True
au,Sydney_City_and_Inner_South,GNN-oof-42,20.0,500.0,1.0,416.3536265912229,0.0,True,0.0,0.0,0.0,0.0,0.0,0.0,True,True
au,Sydney_City_and_Inner_South,GNN-oof-123,20.0,100.0,0.5,164.85037983854576,2.2737367544323206e-13,True,0.0,0.0,0.0,0.0,0.0,0.0,True,True
au,Sydney_City_and_Inner_South,GNN-oof-123,20.0,300.0,0.5,164.85037983854576,2.2737367544323206e-13,True,0.0,0.0,0.0,0.0,0.0,0.0,True,True
au,Sydney_City_and_Inner_South,GNN-oof-123,20.0,500.0,0.5,164.85037983854576,2.2737367544323206e-13,True,0.0,0.0,0.0,0.0,0.0,0.0,True,True
au,Sydney_City_and_Inner_South,GNN-oof-123,20.0,100.0,0.8,262.0619915438319,2.2737367544323206e-13,True,0.0,0.0,0.0,0.0,0.0,0.0,True,True
au,Sydney_City_and_Inner_South,GNN-oof-123,20.0,300.0,0.8,262.0619915438319,2.2737367544323206e-13,True,0.0,0.0,0.0,0.0,0.0,0.0,True,True
au,Sydney_City_and_Inner_South,GNN-oof-123,20.0,500.0,0.8,262.0619915438319,2.2737367544323206e-13,True,0.0,0.0,0.0,0.0,0.0,0.0,True,True
au,Sydney_City_and_Inner_South,GNN-oof-123,20.0,100.0,0.9,304.26008302084347,2.2737367544323206e-13,True,0.0,0.0,0.0,0.0,0.0,0.0,True,True
au,Sydney_City_and_Inner_South,GNN-oof-123,20.0,300.0,0.9,304.26008302084347,2.2737367544323206e-13,True,0.0,0.0,0.0,0.0,0.0,0.0,True,True
au,Sydney_City_and_Inner_South,GNN-oof-123,20.0,500.0,0.9,304.26008302084347,2.2737367544323206e-13,True,0.0,0.0,0.0,0.0,0.0,0.0,True,True
au,Sydney_City_and_Inner_South,GNN-oof-123,20.0,100.0,1.0,336.1461655529363,2.2737367544323206e-13,True,0.0,0.0,0.0,0.0,0.0,0.0,True,True
au,Sydney_City_and_Inner_South,GNN-oof-123,20.0,300.0,1.0,336.1461655529363,2.2737367544323206e-13,True,0.0,0.0,0.0,0.0,0.0,0.0,True,True
au,Sydney_City_and_Inner_South,GNN-oof-123,20.0,500.0,1.0,336.1461655529363,2.2737367544323206e-13,True,0.0,0.0,0.0,0.0,0.0,0.0,True,True
au,Sydney_City_and_Inner_South,GNN-oof-456,20.0,100.0,0.5,162.2184745084543,2.2737367544323206e-13,True,0.0,0.0,0.0,0.0,0.0,0.0,True,True
au,Sydney_City_and_Inner_South,GNN-oof-456,20.0,300.0,0.5,162.2184745084543,2.2737367544323206e-13,True,0.0,0.0,0.0,0.0,0.0,0.0,True,True
au,Sydney_City_and_Inner_South,GNN-oof-456,20.0,500.0,0.5,162.2184745084543,2.2737367544323206e-13,True,0.0,0.0,0.0,0.0,0.0,0.0,True,True
au,Sydney_City_and_Inner_South,GNN-oof-456,20.0,100.0,0.8,306.7821033221864,2.2737367544323206e-13,True,0.0,0.0,0.0,0.0,0.0,0.0,True,True
au,Sydney_City_and_Inner_South,GNN-oof-456,20.0,300.0,0.8,306.7821033221864,2.2737367544323206e-13,True,0.0,0.0,0.0,0.0,0.0,0.0,True,True
au,Sydney_City_and_Inner_South,GNN-oof-456,20.0,500.0,0.8,306.7821033221864,2.2737367544323206e-13,True,0.0,0.0,0.0,0.0,0.0,0.0,True,True
au,Sydney_City_and_Inner_South,GNN-oof-456,20.0,100.0,0.9,321.1883280742234,2.2737367544323206e-13,True,0.0,0.0,0.0,0.0,0.0,0.0,True,True
au,Sydney_City_and_Inner_South,GNN-oof-456,20.0,300.0,0.9,321.1883280742234,2.2737367544323206e-13,True,0.0,0.0,0.0,0.0,0.0,0.0,True,True
au,Sydney_City_and_Inner_South,GNN-oof-456,20.0,500.0,0.9,321.1883280742234,2.2737367544323206e-13,True,0.0,0.0,0.0,0.0,0.0,0.0,True,True
au,Sydney_City_and_Inner_South,GNN-oof-456,20.0,100.0,1.0,453.7713793814089,2.2737367544323206e-13,True,0.0,0.0,0.0,0.0,0.0,0.0,True,True
au,Sydney_City_and_Inner_South,GNN-oof-456,20.0,300.0,1.0,453.7713793814089,2.2737367544323206e-13,True,0.0,0.0,0.0,0.0,0.0,0.0,True,True
au,Sydney_City_and_Inner_South,GNN-oof-456,20.0,500.0,1.0,453.7713793814089,2.2737367544323206e-13,True,0.0,14.121379381408815,0.0,14.121379381408815,14.121379381408815,14.121379381408815,True,True
au,Sydney_Eastern_Suburbs,Uni,10.0,100.0,0.5,84.78157526655845,55.07737539913751,True,0.638318804742546,5.136843627094077,0.0,63.797919433454595,4.498524822351531,63.797919433454595,True,True
au,Sydney_Eastern_Suburbs,Uni,10.0,300.0,0.5,84.78157526655845,55.07737539913751,True,3.285671988137364,20.430013357330385,0.0,0.0,17.14434136919302,0.0,True,True
au,Sydney_Eastern_Suburbs,Uni,10.0,500.0,0.5,84.78157526655845,55.07737539913751,True,17.85862852590785,84.7815752665585,5.684341886080802e-14,165.67921381762986,66.92294674065066,165.6792138176298,True,True
au,Sydney_Eastern_Suburbs,Uni,10.0,100.0,0.8,135.99830283470453,55.07737539913751,True,0.638318804742546,9.576564878684433,0.0,115.01464700160065,8.938246073941887,115.01464700160065,True,True
au,Sydney_Eastern_Suburbs,Uni,10.0,300.0,0.8,135.99830283470453,55.07737539913751,True,3.285671988137364,67.792296296934,0.0,24.9279294029232,64.50662430879663,24.9279294029232,True,True
au,Sydney_Eastern_Suburbs,Uni,10.0,500.0,0.8,135.99830283470453,55.07737539913751,True,17.85862852590785,135.99830283470456,5.684341886080802e-14,223.0816087442659,118.13967430879671,223.08160874426585,True,True
au,Sydney_Eastern_Suburbs,Uni,10.0,100.0,0.9,145.91976052919753,55.07737539913751,True,0.638318804742546,10.710382243540952,0.0,124.93610469609366,10.072063438798406,124.93610469609366,True,True
au,Sydney_Eastern_Suburbs,Uni,10.0,300.0,0.9,145.91976052919753,55.07737539913751,True,3.285671988137364,77.71375399142698,0.0,34.8493870974162,74.42808200328962,34.8493870974162,True,True
au,Sydney_Eastern_Suburbs,Uni,10.0,500.0,0.9,145.91976052919753,55.07737539913751,True,17.85862852590785,145.91976052919753,5.684341886080802e-14,233.00306643875882,128.06113200328969,233.00306643875876,True,True
au,Sydney_Eastern_Suburbs,Uni,10.0,100.0,1.0,151.29489359446046,55.07737539913751,True,0.638318804742546,11.382492137598371,0.0,130.3112377613566,10.744173332855825,130.3112377613566,True,True
au,Sydney_Eastern_Suburbs,Uni,10.0,300.0,1.0,151.29489359446046,55.07737539913751,True,3.285671988137364,83.08888705668993,0.0,40.22452016267913,79.80321506855256,40.22452016267913,True,True
au,Sydney_Eastern_Suburbs,Uni,10.0,500.0,1.0,151.29489359446046,55.07737539913751,True,17.85862852590785,151.2948935944605,5.684341886080802e-14,238.3781995040218,133.43626506855264,238.37819950402175,True,True
au,Sydney_Eastern_Suburbs,LU,10.0,100.0,0.5,87.54723186212439,55.829878321932995,True,0.5852914991206039,5.325917129199104,0.0,66.9594852760882,4.7406256300785,66.9594852760882,True,True
au,Sydney_Eastern_Suburbs,LU,10.0,300.0,0.5,87.54723186212439,55.829878321932995,True,3.216759866676429,22.277453768889877,0.0,0.0,19.060693902213448,0.0,True,True
au,Sydney_Eastern_Suburbs,LU,10.0,500.0,0.5,87.54723186212439,55.829878321932995,True,17.786100005345048,87.54723186212442,2.842170943040401e-14,170.74784242776587,69.76113185677937,170.74784242776585,True,True
au,Sydney_Eastern_Suburbs,LU,10.0,100.0,0.8,147.3388572081372,55.829878321932995,True,0.5852914991206039,10.801212473537271,0.0,126.75111062210101,10.215920974416667,126.75111062210101,True,True
au,Sydney_Eastern_Suburbs,LU,10.0,300.0,0.8,147.3388572081372,55.829878321932995,True,3.216759866676429,79.13646706946851,0.0,36.12940290756846,75.91970720279208,36.12940290756846,True,True
au,Sydney_Eastern_Suburbs,LU,10.0,500.0,0.8,147.3388572081372,55.829878321932995,True,17.786100005345048,147.33885720813717,2.842170943040401e-14,234.94416469018552,129.55275720279212,234.9441646901855,True,True
au,Sydney_Eastern_Suburbs,LU,10.0,100.0,0.9,155.9659258219419,55.829878321932995,True,0.5852914991206039,11.896920242598178,0.0,135.37817923590575,11.311628743477574,135.37817923590575,True,True
au,Sydney_Eastern_Suburbs,LU,10.0,300.0,0.9,155.9659258219419,55.829878321932995,True,3.216759866676429,87.76353568327323,0.0,44.75647152137316,84.5467758165968,44.75647152137316,True,True
au,Sydney_Eastern_Suburbs,LU,10.0,500.0,0.9,155.9659258219419,55.829878321932995,True,17.786100005345048,155.96592582194188,2.842170943040401e-14,243.57123330399014,138.17982581659683,243.5712333039901,True,True
au,Sydney_Eastern_Suburbs,LU,10.0,100.0,1.0,165.16460014096168,55.829878321932995,True,0.5852914991206039,13.138278360759987,0.0,144.5768535549255,12.552986861639383,144.5768535549255,True,True
au,Sydney_Eastern_Suburbs,LU,10.0,300.0,1.0,165.16460014096168,55.829878321932995,True,3.216759866676429,96.96221000229299,0.0,53.95514584039292,93.74545013561657,53.95514584039292,True,True
au,Sydney_Eastern_Suburbs,LU,10.0,500.0,1.0,165.16460014096168,55.829878321932995,True,17.786100005345048,165.1646001409617,2.842170943040401e-14,252.76990762300994,147.37850013561666,252.7699076230099,True,True
au,Sydney_Eastern_Suburbs,LU-soft,10.0,100.0,0.5,87.5493834794318,55.87007128538801,True,0.5850864343985414,5.326105405314822,0.0,66.96081439346558,4.74101897091628,66.96081439346558,True,True
au,Sydney_Eastern_Suburbs,LU-soft,10.0,300.0,0.5,87.5493834794318,55.87007128538801,True,3.2175296972069183,22.274477615983276,0.0,0.0,19.05694791877636,0.0,True,True
au,Sydney_Eastern_Suburbs,LU-soft,10.0,500.0,0.5,87.5493834794318,55.87007128538801,True,17.79507610310967,87.54938347943185,2.842170943040401e-14,170.73983419860224,69.75430737632219,170.7398341986022,True,True
au,Sydney_Eastern_Suburbs,LU-soft,10.0,100.0,0.8,147.23967084937473,55.87007128538801,True,0.5850864343985414,10.787701829181996,0.0,126.65110176340852,10.202615394783455,126.65110176340852,True,True
au,Sydney_Eastern_Suburbs,LU-soft,10.0,300.0,0.8,147.23967084937473,55.87007128538801,True,3.2175296972069183,79.02907444347193,0.0,35.98393509602833,75.81154474626501,35.98393509602833,True,True
au,Sydney_Eastern_Suburbs,LU-soft,10.0,500.0,0.8,147.23967084937473,55.87007128538801,True,17.79507610310967,147.23967084937473,2.842170943040401e-14,234.81429373240343,129.44459474626507,234.8142937324034,True,True
au,Sydney_Eastern_Suburbs,LU-soft,10.0,100.0,0.9,155.31682893306035,55.87007128538801,True,0.5850864343985414,11.810005844738706,0.0,134.72825984709417,11.224919410340165,134.72825984709417,True,True
au,Sydney_Eastern_Suburbs,LU-soft,10.0,300.0,0.9,155.31682893306035,55.87007128538801,True,3.2175296972069183,87.10623252715754,0.0,44.06109317971395,83.88870282995063,44.06109317971395,True,True
au,Sydney_Eastern_Suburbs,LU-soft,10.0,500.0,0.9,155.31682893306035,55.87007128538801,True,17.79507610310967,155.31682893306038,2.842170943040401e-14,242.8914518160891,137.5217528299507,242.89145181608907,True,True
au,Sydney_Eastern_Suburbs,LU-soft,10.0,100.0,1.0,165.16460014096168,55.87007128538801,True,0.5850864343985414,13.136272512503256,0.0,144.57603105499544,12.551186078104715,144.57603105499544,True,True
au,Sydney_Eastern_Suburbs,LU-soft,10.0,300.0,1.0,165.16460014096168,55.87007128538801,True,3.2175296972069183,96.95400373505888,0.0,53.90886438761529,93.73647403785196,53.90886438761529,True,True
au,Sydney_Eastern_Suburbs,LU-soft,10.0,500.0,1.0,165.16460014096168,55.87007128538801,True,17.79507610310967,165.1646001409617,2.842170943040401e-14,252.73922302399038,147.36952403785205,252.73922302399035,True,True
au,Sydney_Eastern_Suburbs,Ref,10.0,100.0,0.5,58.72494484926636,53.061231564550155,True,0.31689644746817347,3.0103149523848796,0.0,26.609224389637895,2.693418504916706,26.609224389637895,True,True
au,Sydney_Eastern_Suburbs,Ref,10.0,300.0,0.5,58.72494484926636,53.061231564550155,True,3.0331757183867962,10.277283322131247,0.0,0.0,7.2441076037444505,0.0,True,True
au,Sydney_Eastern_Suburbs,Ref,10.0,500.0,0.5,58.72494484926636,53.061231564550155,True,10.481005913492886,58.72494484926639,0.0,110.07893152075435,48.24393893577351,110.07893152075435,True,True
au,Sydney_Eastern_Suburbs,Ref,10.0,100.0,0.8,79.93120752346941,53.061231564550155,True,0.31689644746817347,4.378118894870976,0.0,47.81548706384094,4.061222447402803,47.81548706384094,True,True
au,Sydney_Eastern_Suburbs,Ref,10.0,300.0,0.8,79.93120752346941,53.061231564550155,True,3.0331757183867962,20.88568198279527,0.0,0.0,17.852506264408472,0.0,True,True
au,Sydney_Eastern_Suburbs,Ref,10.0,500.0,0.8,79.93120752346941,53.061231564550155,True,10.481005913492886,79.93120752346948,0.0,152.49145686916046,69.4502016099766,152.49145686916046,True,True
au,Sydney_Eastern_Suburbs,Ref,10.0,100.0,0.9,82.97612646300544,53.061231564550155,True,0.31689644746817347,4.57451616647105,0.0,50.860406003376966,4.257619719002877,50.860406003376966,True,True
au,Sydney_Eastern_Suburbs,Ref,10.0,300.0,0.9,82.97612646300544,53.061231564550155,True,3.0331757183867962,23.548304764486126,0.0,0.0,20.51512904609933,0.0,True,True
au,Sydney_Eastern_Suburbs,Ref,10.0,500.0,0.9,82.97612646300544,53.061231564550155,True,10.481005913492886,82.9761264630055,0.0,158.5812947482325,72.49512054951262,158.5812947482325,True,True
au,Sydney_Eastern_Suburbs,Ref,10.0,100.0,1.0,124.59403821432495,53.061231564550155,True,0.31689644746817347,7.987316130246154,0.0,92.47831775469649,7.670419682777981,92.47831775469649,True,True
au,Sydney_Eastern_Suburbs,Ref,10.0,300.0,1.0,124.59403821432495,53.061231564550155,True,3.0331757183867962,64.41098346475117,0.0,18.12859848068542,61.377807746364375,18.12859848068542,True,True
au,Sydney_Eastern_Suburbs,Ref,10.0,500.0,1.0,124.59403821432495,53.061231564550155,True,10.481005913492886,124.59403821432493,0.0,218.10986589617104,114.11303230083203,218.10986589617104,True,True
au,Sydney_Eastern_Suburbs,GNN-oof-42,10.0,100.0,0.5,118.2194735656261,102.33987375684742,True,0.010774252858706021,7.035260186137293,0.0,97.455850423727,7.024485933278587,97.455850423727,True,True
au,Sydney_Eastern_Suburbs,GNN-oof-42,10.0,300.0,0.5,118.2194735656261,102.33987375684742,True,3.39908264128577,41.388215183383714,18.05000000000001,26.611395114946607,37.98913254209794,8.561395114946595,True,True
au,Sydney_Eastern_Suburbs,GNN-oof-42,10.0,500.0,0.5,118.2194735656261,102.33987375684742,True,28.306434106484186,118.21947356562616,5.684341886080802e-14,165.14767651152457,89.91303945914197,165.1476765115245,True,True
au,Sydney_Eastern_Suburbs,GNN-oof-42,10.0,100.0,0.8,162.1852989180443,102.33987375684742,True,0.010774252858706021,10.701632022783015,0.0,141.4216757761452,10.690857769924309,141.4216757761452,True,True
au,Sydney_Eastern_Suburbs,GNN-oof-42,10.0,300.0,0.8,162.1852989180443,102.33987375684742,True,3.39908264128577,83.65525394938923,18.05000000000001,44.84412430137059,80.25617130810346,26.79412430137058,True,True
au,Sydney_Eastern_Suburbs,GNN-oof-42,10.0,500.0,0.8,162.1852989180443,102.33987375684742,True,28.306434106484186,162.18529891804428,5.684341886080802e-14,209.11350186394276,133.8788648115601,209.1135018639427,True,True
au,Sydney_Eastern_Suburbs,GNN-oof-42,10.0,100.0,0.9,192.26916584349482,102.33987375684742,True,0.010774252858706021,14.116657712119268,0.0,171.50554270159572,14.105883459260562,171.50554270159572,True,True
au,Sydney_Eastern_Suburbs,GNN-oof-42,10.0,300.0,0.9,192.26916584349482,102.33987375684742,True,3.39908264128577,113.72876437829635,18.05000000000001,73.89234157247942,110.32968173701057,55.84234157247941,True,True
au,Sydney_Eastern_Suburbs,GNN-oof-42,10.0,500.0,0.9,192.26916584349482,102.33987375684742,True,28.306434106484186,192.26916584349482,5.684341886080802e-14,239.1973687893933,163.96273173701064,239.19736878939324,True,True
au,Sydney_Eastern_Suburbs,GNN-oof-42,10.0,100.0,1.0,267.462777630113,102.33987375684742,True,0.010774252858706021,25.37306087194745,0.0,246.69915448821385,25.362286619088746,246.69915448821385,True,True
au,Sydney_Eastern_Suburbs,GNN-oof-42,10.0,300.0,1.0,267.462777630113,102.33987375684742,True,3.39908264128577,188.92237616491457,18.05000000000001,149.08595335909763,185.5232935236288,131.03595335909762,True,True
au,Sydney_Eastern_Suburbs,GNN-oof-42,10.0,500.0,1.0,267.462777630113,102.33987375684742,True,28.306434106484186,267.46277763011307,5.684341886080802e-14,314.39098057601143,239.1563435236289,314.3909805760114,True,True
au,Sydney_Eastern_Suburbs,GNN-oof-123,10.0,100.0,0.5,105.51594225212556,86.67094579727464,True,0.1561059438063598,6.376521454124684,0.0,84.6465455441772,6.2204155103183245,84.6465455441772,True,True
au,Sydney_Eastern_Suburbs,GNN-oof-123,10.0,300.0,0.5,105.51594225212556,86.67094579727464,True,3.016050925264915,31.82351125535291,7.220000000000004,10.459708398807129,28.807460330087995,3.2397083988071245,True,True
au,Sydney_Eastern_Suburbs,GNN-oof-123,10.0,500.0,0.5,105.51594225212556,86.67094579727464,True,24.701891885263546,105.51594225212556,5.684341886080802e-14,167.2498391882533,80.814050366862,167.24983918825325,True,True
au,Sydney_Eastern_Suburbs,GNN-oof-123,10.0,100.0,0.8,156.2341118030871,86.67094579727464,True,0.1561059438063598,10.751359368354992,0.0,135.36471509513876,10.595253424548632,135.36471509513876,True,True
au,Sydney_Eastern_Suburbs,GNN-oof-123,10.0,300.0,0.8,156.2341118030871,86.67094579727464,True,3.016050925264915,80.9152208430884,7.220000000000004,33.493412862567546,77.89916991782349,26.27341286256754,True,True
au,Sydney_Eastern_Suburbs,GNN-oof-123,10.0,500.0,0.8,156.2341118030871,86.67094579727464,True,24.701891885263546,156.2341118030871,5.684341886080802e-14,217.96800873921484,131.53221991782357,217.96800873921478,True,True
au,Sydney_Eastern_Suburbs,GNN-oof-123,10.0,100.0,0.9,178.41419765787998,86.67094579727464,True,0.1561059438063598,13.342111943384177,0.0,157.54480094993164,13.186005999577818,157.54480094993164,True,True
au,Sydney_Eastern_Suburbs,GNN-oof-123,10.0,300.0,0.9,178.41419765787998,86.67094579727464,True,3.016050925264915,103.09530669788128,7.220000000000004,55.67349871736042,100.07925577261636,48.45349871736041,True,True
au,Sydney_Eastern_Suburbs,GNN-oof-123,10.0,500.0,0.9,178.41419765787998,86.67094579727464,True,24.701891885263546,178.41419765787995,5.684341886080802e-14,240.14809459400777,153.71230577261642,240.14809459400772,True,True
au,Sydney_Eastern_Suburbs,GNN-oof-123,10.0,100.0,1.0,271.4487545531814,86.67094579727464,True,0.1561059438063598,28.27404734814702,0.0,250.579357845233,28.11794140434066,250.579357845233,True,True
au,Sydney_Eastern_Suburbs,GNN-oof-123,10.0,300.0,1.0,271.4487545531814,86.67094579727464,True,3.016050925264915,196.12986359318273,7.220000000000004,148.70805561266187,193.1138126679178,141.48805561266187,True,True
au,Sydney_Eastern_Suburbs,GNN-oof-123,10.0,500.0,1.0,271.4487545531814,86.67094579727464,True,24.701891885263546,271.4487545531814,5.684341886080802e-14,333.1826514893091,246.74686266791787,333.182651489309,True,True
au,Sydney_Eastern_Suburbs,GNN-oof-456,10.0,100.0,0.5,115.85998251559896,98.68109494971716,True,0.006258769468526907,6.8600551942298145,0.0,95.03554515296932,6.8537964247612875,95.03554515296932,True,True
au,Sydney_Eastern_Suburbs,GNN-oof-456,10.0,300.0,0.5,115.85998251559896,98.68109494971716,True,3.1899621948388663,39.698649354177014,18.05000000000001,25.766140955413352,36.50868715933815,7.716140955413341,True,True
au,Sydney_Eastern_Suburbs,GNN-oof-456,10.0,500.0,0.5,115.85998251559896,98.68109494971716,True,26.66482745698787,115.85998251559897,5.684341886080802e-14,170.26928795426358,89.1951550586111,170.26928795426352,True,True
au,Sydney_Eastern_Suburbs,GNN-oof-456,10.0,100.0,0.8,154.71548445144936,98.68109494971716,True,0.006258769468526907,9.993667169094493,0.0,133.89104708881968,9.987408399625966,133.89104708881968,True,True
au,Sydney_Eastern_Suburbs,GNN-oof-456,10.0,300.0,0.8,154.71548445144936,98.68109494971716,True,3.1899621948388663,77.63179654998441,18.05000000000001,44.58006304815849,74.44183435514555,26.530063048158482,True,True
au,Sydney_Eastern_Suburbs,GNN-oof-456,10.0,500.0,0.8,154.71548445144936,98.68109494971716,True,26.66482745698787,154.71548445144936,5.684341886080802e-14,209.12478989011396,128.0506569944615,209.1247898901139,True,True
au,Sydney_Eastern_Suburbs,GNN-oof-456,10.0,100.0,0.9,214.25752700816435,98.68109494971716,True,0.006258769468526907,17.400970625118898,0.0,193.43308964553472,17.39471185565037,193.43308964553472,True,True
au,Sydney_Eastern_Suburbs,GNN-oof-456,10.0,300.0,0.9,214.25752700816435,98.68109494971716,True,3.1899621948388663,137.14961174601527,18.05000000000001,101.69936953646062,133.9596495511764,83.64936953646061,True,True
au,Sydney_Eastern_Suburbs,GNN-oof-456,10.0,500.0,0.9,214.25752700816435,98.68109494971716,True,26.66482745698787,214.25752700816432,5.684341886080802e-14,268.666832446829,187.59269955117645,268.66683244682895,True,True
au,Sydney_Eastern_Suburbs,GNN-oof-456,10.0,100.0,1.0,269.54525204160893,98.68109494971716,True,0.006258769468526907,26.6125378128049,0.0,248.72081467897925,26.60627904333637,248.72081467897925,True,True
au,Sydney_Eastern_Suburbs,GNN-oof-456,10.0,300.0,1.0,269.54525204160893,98.68109494971716,True,3.1899621948388663,192.43733677945986,18.05000000000001,156.98709456990517,189.24737458462099,138.93709456990516,True,True
au,Sydney_Eastern_Suburbs,GNN-oof-456,10.0,500.0,1.0,269.54525204160893,98.68109494971716,True,26.66482745698787,269.54525204160893,5.684341886080802e-14,323.95455748027354,242.88042458462107,323.9545574802735,True,True
au,Sydney_Eastern_Suburbs,Uni,20.0,100.0,0.5,58.67102249130372,5.684341886080802e-14,True,0.0,0.0,0.0,0.0,0.0,0.0,True,True
au,Sydney_Eastern_Suburbs,Uni,20.0,300.0,0.5,58.67102249130372,5.684341886080802e-14,True,0.0,0.0,0.0,0.0,0.0,0.0,True,True
au,Sydney_Eastern_Suburbs,Uni,20.0,500.0,0.5,58.67102249130372,5.684341886080802e-14,True,0.0,58.671022491303795,0.0,117.34204498260738,58.671022491303795,117.34204498260738,True,True
au,Sydney_Eastern_Suburbs,Uni,20.0,100.0,0.8,84.99328884986929,5.684341886080802e-14,True,0.0,0.0,0.0,0.0,0.0,0.0,True,True
au,Sydney_Eastern_Suburbs,Uni,20.0,300.0,0.8,84.99328884986929,5.684341886080802e-14,True,0.0,20.218288849869285,0.0,20.218288849869282,20.218288849869285,20.218288849869282,True,True
au,Sydney_Eastern_Suburbs,Uni,20.0,500.0,0.8,84.99328884986929,5.684341886080802e-14,True,0.0,84.99328884986933,0.0,169.98657769973858,84.99328884986933,169.98657769973858,True,True
au,Sydney_Eastern_Suburbs,Uni,20.0,100.0,0.9,128.74455726111688,5.684341886080802e-14,True,0.0,0.0,0.0,0.0,0.0,0.0,True,True
au,Sydney_Eastern_Suburbs,Uni,20.0,300.0,0.9,128.74455726111688,5.684341886080802e-14,True,0.0,63.96955726111685,0.0,63.969557261116826,63.96955726111685,63.969557261116826,True,True
au,Sydney_Eastern_Suburbs,Uni,20.0,500.0,0.9,128.74455726111688,5.684341886080802e-14,True,0.0,128.74455726111688,0.0,257.48911452223376,128.74455726111688,257.48911452223376,True,True
au,Sydney_Eastern_Suburbs,Uni,20.0,100.0,1.0,190.61888079413865,5.684341886080802e-14,True,0.0,0.0,0.0,0.0,0.0,0.0,True,True
au,Sydney_Eastern_Suburbs,Uni,20.0,300.0,1.0,190.61888079413865,5.684341886080802e-14,True,0.0,125.84388079413861,0.0,125.84388079413857,125.84388079413861,125.84388079413857,True,True
au,Sydney_Eastern_Suburbs,Uni,20.0,500.0,1.0,190.61888079413865,5.684341886080802e-14,True,0.0,190.61888079413876,0.0,325.8438807941385,190.61888079413876,325.8438807941385,True,True
au,Sydney_Eastern_Suburbs,LU,20.0,100.0,0.5,59.76722074219177,0.0,True,0.0,0.0,0.0,0.0,0.0,0.0,True,True
au,Sydney_Eastern_Suburbs,LU,20.0,300.0,0.5,59.76722074219177,0.0,True,0.0,0.0,0.0,0.0,0.0,0.0,True,True
au,Sydney_Eastern_Suburbs,LU,20.0,500.0,0.5,59.76722074219177,0.0,True,0.0,59.76722074219174,0.0,119.5344414843834,59.76722074219174,119.5344414843834,True,True
au,Sydney_Eastern_Suburbs,LU,20.0,100.0,0.8,87.79389370373644,0.0,True,0.0,0.0,0.0,0.0,0.0,0.0,True,True
au,Sydney_Eastern_Suburbs,LU,20.0,300.0,0.8,87.79389370373644,0.0,True,0.0,23.01889370373635,0.0,23.018893703736353,23.01889370373635,23.018893703736353,True,True
au,Sydney_Eastern_Suburbs,LU,20.0,500.0,0.8,87.79389370373644,0.0,True,0.0,87.79389370373649,0.0,175.58778740747294,87.79389370373649,175.58778740747294,True,True
au,Sydney_Eastern_Suburbs,LU,20.0,100.0,0.9,134.24506702486218,0.0,True,0.0,0.0,0.0,0.0,0.0,0.0,True,True
au,Sydney_Eastern_Suburbs,LU,20.0,300.0,0.9,134.24506702486218,0.0,True,0.0,69.47006702486215,0.0,69.47006702486215,69.47006702486215,69.47006702486215,True,True
au,Sydney_Eastern_Suburbs,LU,20.0,500.0,0.9,134.24506702486218,0.0,True,0.0,134.24506702486224,0.0,268.4901340497245,134.24506702486224,268.4901340497245,True,True
au,Sydney_Eastern_Suburbs,LU,20.0,100.0,1.0,179.53226148285455,0.0,True,0.0,0.0,0.0,0.0,0.0,0.0,True,True
au,Sydney_Eastern_Suburbs,LU,20.0,300.0,1.0,179.53226148285455,0.0,True,0.0,114.75726148285452,0.0,114.75726148285453,114.75726148285452,114.75726148285453,True,True
au,Sydney_Eastern_Suburbs,LU,20.0,500.0,1.0,179.53226148285455,0.0,True,0.0,179.5322614828546,0.0,314.7572614828544,179.5322614828546,314.7572614828544,True,True
au,Sydney_Eastern_Suburbs,LU-soft,20.0,100.0,0.5,59.09073613423488,0.0,True,0.0,0.0,0.0,0.0,0.0,0.0,True,True
au,Sydney_Eastern_Suburbs,LU-soft,20.0,300.0,0.5,59.09073613423488,0.0,True,0.0,0.0,0.0,0.0,0.0,0.0,True,True
au,Sydney_Eastern_Suburbs,LU-soft,20.0,500.0,0.5,59.09073613423488,0.0,True,0.0,59.09073613423493,0.0,118.18147226846978,59.09073613423493,118.18147226846978,True,True
au,Sydney_Eastern_Suburbs,LU-soft,20.0,100.0,0.8,87.65437566923607,0.0,True,0.0,0.0,0.0,0.0,0.0,0.0,True,True
au,Sydney_Eastern_Suburbs,LU-soft,20.0,300.0,0.8,87.65437566923607,0.0,True,0.0,22.879375669235966,0.0,22.87937566923597,22.879375669235966,22.87937566923597,True,True
au,Sydney_Eastern_Suburbs,LU-soft,20.0,500.0,0.8,87.65437566923607,0.0,True,0.0,87.65437566923606,0.0,175.30875133847204,87.65437566923606,175.30875133847204,True,True
au,Sydney_Eastern_Suburbs,LU-soft,20.0,100.0,0.9,134.14254799588355,0.0,True,0.0,0.0,0.0,0.0,0.0,0.0,True,True
au,Sydney_Eastern_Suburbs,LU-soft,20.0,300.0,0.9,134.14254799588355,0.0,True,0.0,69.36754799588344,0.0,69.36754799588343,69.36754799588344,69.36754799588343,True,True
au,Sydney_Eastern_Suburbs,LU-soft,20.0,500.0,0.9,134.14254799588355,0.0,True,0.0,134.14254799588352,0.0,268.28509599176715,134.14254799588352,268.28509599176715,True,True
au,Sydney_Eastern_Suburbs,LU-soft,20.0,100.0,1.0,180.15212397520705,0.0,True,0.0,0.0,0.0,0.0,0.0,0.0,True,True
au,Sydney_Eastern_Suburbs,LU-soft,20.0,300.0,1.0,180.15212397520705,0.0,True,0.0,115.37712397520687,0.0,115.37712397520686,115.37712397520687,115.37712397520686,True,True
au,Sydney_Eastern_Suburbs,LU-soft,20.0,500.0,1.0,180.15212397520705,0.0,True,0.0,180.15212397520696,0.0,315.37712397520687,180.15212397520696,315.37712397520687,True,True
au,Sydney_Eastern_Suburbs,Ref,20.0,100.0,0.5,31.853750336948206,5.684341886080802e-14,True,0.0,0.0,0.0,0.0,0.0,0.0,True,True
au,Sydney_Eastern_Suburbs,Ref,20.0,300.0,0.5,31.853750336948206,5.684341886080802e-14,True,0.0,0.0,0.0,0.0,0.0,0.0,True,True
au,Sydney_Eastern_Suburbs,Ref,20.0,500.0,0.5,31.853750336948206,5.684341886080802e-14,True,0.0,31.85375033694822,0.0,63.70750067389654,31.85375033694822,63.70750067389654,True,True
au,Sydney_Eastern_Suburbs,Ref,20.0,100.0,0.8,43.29044086152814,5.684341886080802e-14,True,0.0,0.0,0.0,0.0,0.0,0.0,True,True
au,Sydney_Eastern_Suburbs,Ref,20.0,300.0,0.8,43.29044086152814,5.684341886080802e-14,True,0.0,0.0,0.0,0.0,0.0,0.0,True,True
au,Sydney_Eastern_Suburbs,Ref,20.0,500.0,0.8,43.29044086152814,5.684341886080802e-14,True,0.0,43.290440861528175,0.0,86.58088172305627,43.290440861528175,86.58088172305627,True,True
au,Sydney_Eastern_Suburbs,Ref,20.0,100.0,0.9,59.06353389403126,5.684341886080802e-14,True,0.0,0.0,0.0,0.0,0.0,0.0,True,True
au,Sydney_Eastern_Suburbs,Ref,20.0,300.0,0.9,59.06353389403126,5.684341886080802e-14,True,0.0,0.0,0.0,0.0,0.0,0.0,True,True
au,Sydney_Eastern_Suburbs,Ref,20.0,500.0,0.9,59.06353389403126,5.684341886080802e-14,True,0.0,59.06353389403125,0.0,118.12706778806259,59.06353389403125,118.12706778806259,True,True
au,Sydney_Eastern_Suburbs,Ref,20.0,100.0,1.0,65.77477898453157,5.684341886080802e-14,True,0.0,0.0,0.0,0.0,0.0,0.0,True,True
au,Sydney_Eastern_Suburbs,Ref,20.0,300.0,1.0,65.77477898453157,5.684341886080802e-14,True,0.0,0.999778984531531,0.0,0.999778984531531,0.999778984531531,0.999778984531531,True,True
au,Sydney_Eastern_Suburbs,Ref,20.0,500.0,1.0,65.77477898453157,5.684341886080802e-14,True,0.0,65.77477898453161,0.0,131.54955796906316,65.77477898453161,131.54955796906316,True,True
au,Sydney_Eastern_Suburbs,GNN-oof-42,20.0,100.0,0.5,59.72332976450651,0.0,True,0.0,0.0,0.0,0.0,0.0,0.0,True,True
au,Sydney_Eastern_Suburbs,GNN-oof-42,20.0,300.0,0.5,59.72332976450651,0.0,True,0.0,0.0,0.0,0.0,0.0,0.0,True,True
au,Sydney_Eastern_Suburbs,GNN-oof-42,20.0,500.0,0.5,59.72332976450651,0.0,True,0.0,59.7233297645065,0.0,119.44665952901309,59.7233297645065,119.44665952901309,True,True
au,Sydney_Eastern_Suburbs,GNN-oof-42,20.0,100.0,0.8,101.94305632118238,0.0,True,0.0,0.0,0.0,0.0,0.0,0.0,True,True
au,Sydney_Eastern_Suburbs,GNN-oof-42,20.0,300.0,0.8,101.94305632118238,0.0,True,0.0,37.16805632118235,0.0,37.16805632118235,37.16805632118235,37.16805632118235,True,True
au,Sydney_Eastern_Suburbs,GNN-oof-42,20.0,500.0,0.8,101.94305632118238,0.0,True,0.0,101.94305632118244,0.0,203.88611264236474,101.94305632118244,203.88611264236474,True,True
au,Sydney_Eastern_Suburbs,GNN-oof-42,20.0,100.0,0.9,120.02125176978632,0.0,True,0.0,0.0,0.0,0.0,0.0,0.0,True,True
au,Sydney_Eastern_Suburbs,GNN-oof-42,20.0,300.0,0.9,120.02125176978632,0.0,True,0.0,55.24625176978622,0.0,55.24625176978623,55.24625176978622,55.24625176978623,True,True
au,Sydney_Eastern_Suburbs,GNN-oof-42,20.0,500.0,0.9,120.02125176978632,0.0,True,0.0,120.02125176978637,0.0,240.0425035395727,120.02125176978637,240.0425035395727,True,True
au,Sydney_Eastern_Suburbs,GNN-oof-42,20.0,100.0,1.0,156.99397831246873,0.0,True,0.0,0.0,0.0,0.0,0.0,0.0,True,True
au,Sydney_Eastern_Suburbs,GNN-oof-42,20.0,300.0,1.0,156.99397831246873,0.0,True,0.0,92.21897831246861,0.0,92.21897831246861,92.21897831246861,92.21897831246861,True,True
au,Sydney_Eastern_Suburbs,GNN-oof-42,20.0,500.0,1.0,156.99397831246873,0.0,True,0.0,156.9939783124687,0.0,292.2189783124686,156.9939783124687,292.2189783124686,True,True
au,Sydney_Eastern_Suburbs,GNN-oof-123,20.0,100.0,0.5,62.1599412236763,0.0,True,0.0,0.0,0.0,0.0,0.0,0.0,True,True
au,Sydney_Eastern_Suburbs,GNN-oof-123,20.0,300.0,0.5,62.1599412236763,0.0,True,0.0,0.0,0.0,0.0,0.0,0.0,True,True
au,Sydney_Eastern_Suburbs,GNN-oof-123,20.0,500.0,0.5,62.1599412236763,0.0,True,0.0,62.15994122367624,0.0,124.3198824473524,62.15994122367624,124.3198824473524,True,True
au,Sydney_Eastern_Suburbs,GNN-oof-123,20.0,100.0,0.8,98.81541072139666,0.0,True,0.0,0.0,0.0,0.0,0.0,0.0,True,True
au,Sydney_Eastern_Suburbs,GNN-oof-123,20.0,300.0,0.8,98.81541072139666,0.0,True,0.0,34.04041072139659,0.0,34.0404107213966,34.04041072139659,34.0404107213966,True,True
au,Sydney_Eastern_Suburbs,GNN-oof-123,20.0,500.0,0.8,98.81541072139666,0.0,True,0.0,98.8154107213967,0.0,197.6308214427934,98.8154107213967,197.6308214427934,True,True
au,Sydney_Eastern_Suburbs,GNN-oof-123,20.0,100.0,0.9,114.72699605429882,0.0,True,0.0,0.0,0.0,0.0,0.0,0.0,True,True
au,Sydney_Eastern_Suburbs,GNN-oof-123,20.0,300.0,0.9,114.72699605429882,0.0,True,0.0,49.95199605429867,0.0,49.95199605429866,49.95199605429867,49.95199605429866,True,True
au,Sydney_Eastern_Suburbs,GNN-oof-123,20.0,500.0,0.9,114.72699605429882,0.0,True,0.0,114.72699605429874,0.0,229.45399210859736,114.72699605429874,229.45399210859736,True,True
au,Sydney_Eastern_Suburbs,GNN-oof-123,20.0,100.0,1.0,126.75024415351088,0.0,True,0.0,0.0,0.0,0.0,0.0,0.0,True,True
au,Sydney_Eastern_Suburbs,GNN-oof-123,20.0,300.0,1.0,126.75024415351088,0.0,True,0.0,61.97524415351085,0.0,61.97524415351086,61.97524415351085,61.97524415351086,True,True
au,Sydney_Eastern_Suburbs,GNN-oof-123,20.0,500.0,1.0,126.75024415351088,0.0,True,0.0,126.75024415351095,0.0,253.50048830702204,126.75024415351095,253.50048830702204,True,True
au,Sydney_Eastern_Suburbs,GNN-oof-456,20.0,100.0,0.5,61.16753173826903,5.684341886080802e-14,True,0.0,0.0,0.0,0.0,0.0,0.0,True,True
au,Sydney_Eastern_Suburbs,GNN-oof-456,20.0,300.0,0.5,61.16753173826903,5.684341886080802e-14,True,0.0,0.0,0.0,0.0,0.0,0.0,True,True
au,Sydney_Eastern_Suburbs,GNN-oof-456,20.0,500.0,0.5,61.16753173826903,5.684341886080802e-14,True,0.0,61.16753173826907,0.0,122.33506347653815,61.16753173826907,122.33506347653815,True,True
au,Sydney_Eastern_Suburbs,GNN-oof-456,20.0,100.0,0.8,115.67797131956623,5.684341886080802e-14,True,0.0,0.0,0.0,0.0,0.0,0.0,True,True
au,Sydney_Eastern_Suburbs,GNN-oof-456,20.0,300.0,0.8,115.67797131956623,5.684341886080802e-14,True,0.0,50.90297131956606,0.0,50.90297131956606,50.90297131956606,50.90297131956606,True,True
au,Sydney_Eastern_Suburbs,GNN-oof-456,20.0,500.0,0.8,115.67797131956623,5.684341886080802e-14,True,0.0,115.67797131956627,0.0,231.35594263913237,115.67797131956627,231.35594263913237,True,True
au,Sydney_Eastern_Suburbs,GNN-oof-456,20.0,100.0,0.9,121.1101097515112,5.684341886080802e-14,True,0.0,0.0,0.0,0.0,0.0,0.0,True,True
au,Sydney_Eastern_Suburbs,GNN-oof-456,20.0,300.0,0.9,121.1101097515112,5.684341886080802e-14,True,0.0,56.335109751511034,0.0,56.33510975151103,56.335109751511034,56.33510975151103,True,True
au,Sydney_Eastern_Suburbs,GNN-oof-456,20.0,500.0,0.9,121.1101097515112,5.684341886080802e-14,True,0.0,121.11010975151117,0.0,242.2202195030224,121.11010975151117,242.2202195030224,True,True
au,Sydney_Eastern_Suburbs,GNN-oof-456,20.0,100.0,1.0,171.10304688991442,5.684341886080802e-14,True,0.0,0.0,0.0,0.0,0.0,0.0,True,True
au,Sydney_Eastern_Suburbs,GNN-oof-456,20.0,300.0,1.0,171.10304688991442,5.684341886080802e-14,True,0.0,106.32804688991429,0.0,106.32804688991428,106.32804688991429,106.32804688991428,True,True
au,Sydney_Eastern_Suburbs,GNN-oof-456,20.0,500.0,1.0,171.10304688991442,5.684341886080802e-14,True,0.0,171.10304688991437,0.0,306.32804688991416,171.10304688991437,306.32804688991416,True,True
au,Sydney_Inner_South_West,Uni,10.0,100.0,0.5,168.27482589227748,120.73443894191928,True,0.0,0.4477661945653218,0.0,0.0,0.4477661945653218,0.0,True,True
au,Sydney_Inner_South_West,Uni,10.0,300.0,0.5,168.27482589227748,120.73443894191928,True,2.435158950560014,46.244248026186035,5.950000000000057,145.33712746739621,43.80908907562602,139.38712746739617,True,True
au,Sydney_Inner_South_West,Uni,10.0,500.0,0.5,168.27482589227748,120.73443894191928,True,7.309792829560567,101.97737269283706,0.0,53.040989693340904,94.6675798632765,53.040989693340904,True,True
au,Sydney_Inner_South_West,Uni,10.0,100.0,0.8,269.9300014089501,120.73443894191928,True,0.0,17.899846725801964,0.0,55.00144396095247,17.899846725801964,55.00144396095247,True,True
au,Sydney_Inner_South_West,Uni,10.0,300.0,0.8,269.9300014089501,120.73443894191928,True,2.435158950560014,91.47875130308951,5.950000000000057,246.99230298406889,89.0435923525295,241.04230298406884,True,True
au,Sydney_Inner_South_West,Uni,10.0,500.0,0.8,269.9300014089501,120.73443894191928,True,7.309792829560567,200.90621914291503,0.0,154.48991616074858,193.59642631335447,154.48991616074858,True,True
au,Sydney_Inner_South_West,Uni,10.0,100.0,0.9,289.62215221989334,120.73443894191928,True,0.0,23.38080052327754,0.0,74.69359477189573,23.38080052327754,74.69359477189573,True,True
au,Sydney_Inner_South_West,Uni,10.0,300.0,0.9,289.62215221989334,120.73443894191928,True,2.435158950560014,103.10923765767839,5.950000000000057,266.6844537950121,100.67407870711838,260.73445379501203,True,True
au,Sydney_Inner_South_West,Uni,10.0,500.0,0.9,289.62215221989334,120.73443894191928,True,7.309792829560567,220.59836995385825,0.0,174.18206697169188,213.2885771242977,174.18206697169188,True,True
au,Sydney_Inner_South_West,Uni,10.0,100.0,1.0,300.290738853972,120.73443894191928,True,0.0,26.393496835694993,0.0,85.36218140597441,26.393496835694993,85.36218140597441,True,True
au,Sydney_Inner_South_West,Uni,10.0,300.0,1.0,300.290738853972,120.73443894191928,True,2.435158950560014,109.75512816828032,5.950000000000057,277.3530404290908,107.31996921772031,271.40304042909077,True,True
au,Sydney_Inner_South_West,Uni,10.0,500.0,1.0,300.290738853972,120.73443894191928,True,7.309792829560567,231.26695658793696,0.0,184.85065360577047,223.9571637583764,184.85065360577047,True,True
au,Sydney_Inner_South_West,LU,10.0,100.0,0.5,173.76411269348955,125.57133756304773,True,0.0,0.8558328620855472,0.0,0.0,0.8558328620855472,0.0,True,True
au,Sydney_Inner_South_West,LU,10.0,300.0,0.5,173.76411269348955,125.57133756304773,True,2.715169350212917,48.80537346762877,5.950000000000057,150.9887501355491,46.09020411741585,145.03875013554907,True,True
au,Sydney_Inner_South_West,LU,10.0,500.0,0.5,173.76411269348955,125.57133756304773,True,7.862151768062664,108.16218665045095,0.0,62.022497699921374,100.30003488238829,62.022497699921374,True,True
au,Sydney_Inner_South_West,LU,10.0,100.0,0.8,292.43878125541295,125.57133756304773,True,0.0,24.634754212845394,0.0,77.58413238484067,24.634754212845394,77.58413238484067,True,True
au,Sydney_Inner_South_West,LU,10.0,300.0,0.8,292.43878125541295,125.57133756304773,True,2.715169350212917,106.03412677561876,5.950000000000057,269.66341869747254,103.31895742540584,263.7134186974725,True,True
au,Sydney_Inner_South_West,LU,10.0,500.0,0.8,292.43878125541295,125.57133756304773,True,7.862151768062664,224.8223752301718,0.0,180.69716626184476,216.96022346210913,180.69716626184476,True,True
au,Sydney_Inner_South_West,LU,10.0,100.0,0.9,309.56182319447146,125.57133756304773,True,0.0,29.670812506080484,0.0,94.70717432389918,29.670812506080484,94.70717432389918,True,True
au,Sydney_Inner_South_West,LU,10.0,300.0,0.9,309.56182319447146,125.57133756304773,True,2.715169350212917,116.96876275150355,5.950000000000057,286.786460636531,114.25359340129063,280.83646063653094,True,True
au,Sydney_Inner_South_West,LU,10.0,500.0,0.9,309.56182319447146,125.57133756304773,True,7.862151768062664,241.9454171692303,0.0,197.82020820090324,234.08326540116764,197.82020820090324,True,True
au,Sydney_Inner_South_West,LU,10.0,100.0,1.0,327.81939053272987,125.57133756304773,True,0.0,35.578724614996204,0.0,112.96474166215762,35.578724614996204,112.96474166215762,True,True
au,Sydney_Inner_South_West,LU,10.0,300.0,1.0,327.81939053272987,125.57133756304773,True,2.715169350212917,129.07506223954692,5.950000000000057,305.04402797478946,126.359892889334,299.0940279747894,True,True
au,Sydney_Inner_South_West,LU,10.0,500.0,1.0,327.81939053272987,125.57133756304773,True,7.862151768062664,260.2029845074887,0.0,216.07777553916176,252.34083273942602,216.07777553916176,True,True
au,Sydney_Inner_South_West,LU-soft,10.0,100.0,0.5,173.76838323253833,125.57356680307635,True,0.0,0.8560481660213087,0.0,0.0,0.8560481660213087,0.0,True,True
au,Sydney_Inner_South_West,LU-soft,10.0,300.0,0.5,173.76838323253833,125.57356680307635,True,2.7151761965116705,48.80705413358524,5.950000000000057,150.99302067459786,46.09187793707357,145.0430206745978,True,True
au,Sydney_Inner_South_West,LU-soft,10.0,500.0,0.5,173.76838323253833,125.57356680307635,True,7.862355727025681,108.16689228005413,0.0,62.03059637462329,100.30453655302844,62.03059637462329,True,True
au,Sydney_Inner_South_West,LU-soft,10.0,100.0,0.8,292.2419157548704,125.57356680307635,True,0.0,24.579063984823595,0.0,77.38726688429806,24.579063984823595,77.38726688429806,True,True
au,Sydney_Inner_South_West,LU-soft,10.0,300.0,0.8,292.2419157548704,125.57356680307635,True,2.7151761965116705,105.9120016522175,5.950000000000057,269.46655319692985,103.19682545570583,263.5165531969298,True,True
au,Sydney_Inner_South_West,LU-soft,10.0,500.0,0.8,292.2419157548704,125.57356680307635,True,7.862355727025681,224.6262223726604,0.0,180.50412889695534,216.76386664563472,180.50412889695534,True,True
au,Sydney_Inner_South_West,LU-soft,10.0,100.0,0.9,308.2734929691796,125.57356680307635,True,0.0,29.278721346827663,0.0,93.41884409860727,29.278721346827663,93.41884409860727,True,True
au,Sydney_Inner_South_West,LU-soft,10.0,300.0,0.9,308.2734929691796,125.57356680307635,True,2.7151761965116705,116.13484578895634,5.950000000000057,285.4981304112392,113.41966959244468,279.54813041123913,True,True
au,Sydney_Inner_South_West,LU-soft,10.0,500.0,0.9,308.2734929691796,125.57356680307635,True,7.862355727025681,240.65779958696965,0.0,196.53570611126452,232.79544385994396,196.53570611126452,True,True
au,Sydney_Inner_South_West,LU-soft,10.0,100.0,1.0,327.81939053272987,125.57356680307635,True,0.0,35.57884574373517,0.0,112.96474166215754,35.57884574373517,112.96474166215754,True,True
au,Sydney_Inner_South_West,LU-soft,10.0,300.0,1.0,327.81939053272987,125.57356680307635,True,2.7151761965116705,129.07586383415415,5.950000000000057,305.0440279747894,126.36068763764249,299.09402797478936,True,True
au,Sydney_Inner_South_West,LU-soft,10.0,500.0,1.0,327.81939053272987,125.57356680307635,True,7.862355727025681,260.20369715051993,0.0,216.08160367481477,252.34134142349424,216.08160367481477,True,True
au,Sydney_Inner_South_West,Ref,10.0,100.0,0.5,116.55751664172908,87.16325369558331,True,0.0,0.03759713233942176,0.0,0.0,0.03759713233942176,0.0,True,True
au,Sydney_Inner_South_West,Ref,10.0,300.0,0.5,116.55751664172908,87.16325369558331,True,2.407080385192673,27.723180702408374,5.950000000000051,93.08223839211017,25.3161003172157,87.13223839211012,True,True
au,Sydney_Inner_South_West,Ref,10.0,500.0,0.5,116.55751664172908,87.16325369558331,True,6.812216803741858,58.64730035784615,0.0,14.667165770797999,51.83508355410429,14.667165770797999,True,True
au,Sydney_Inner_South_West,Ref,10.0,100.0,0.8,158.64779566883965,87.16325369558331,True,0.0,0.23265084916231774,0.0,0.0,0.23265084916231774,0.0,True,True
au,Sydney_Inner_South_West,Ref,10.0,300.0,0.8,158.64779566883965,87.16325369558331,True,2.407080385192673,42.153703515017796,5.950000000000051,135.17251741922075,39.746623129825124,129.2225174192207,True,True
au,Sydney_Inner_South_West,Ref,10.0,500.0,0.8,158.64779566883965,87.16325369558331,True,6.812216803741858,91.61466298893396,0.0,42.67737604025778,84.8024461851921,42.67737604025778,True,True
au,Sydney_Inner_South_West,Ref,10.0,100.0,0.9,164.69136354069812,87.16325369558331,True,0.0,0.37147568536643544,0.0,0.0,0.37147568536643544,0.0,True,True
au,Sydney_Inner_South_West,Ref,10.0,300.0,0.9,164.69136354069812,87.16325369558331,True,2.407080385192673,44.357993312255275,5.950000000000051,141.2160852910792,41.9509129270626,135.26608529107915,True,True
au,Sydney_Inner_South_West,Ref,10.0,500.0,0.9,164.69136354069812,87.16325369558331,True,6.812216803741858,97.19446190800593,0.0,48.11658712493045,90.38224510426407,48.11658712493045,True,True
au,Sydney_Inner_South_West,Ref,10.0,100.0,1.0,247.2947691973496,87.16325369558331,True,0.0,11.360478043856718,0.0,30.387655872004906,11.360478043856718,30.387655872004906,True,True
au,Sydney_Inner_South_West,Ref,10.0,300.0,1.0,247.2947691973496,87.16325369558331,True,2.407080385192673,76.43220049153275,5.950000000000051,223.8194909477307,74.02512010634008,217.86949094773067,True,True
au,Sydney_Inner_South_West,Ref,10.0,500.0,1.0,247.2947691973496,87.16325369558331,True,6.812216803741858,178.7299782958147,0.0,129.67800526482208,171.91776149207286,129.67800526482208,True,True
au,Sydney_Inner_South_West,GNN-oof-42,10.0,100.0,0.5,234.64250656804253,178.15013707814825,True,0.0,8.839998191217164,0.0,19.913037866217895,8.839998191217164,19.913037866217895,True,True
au,Sydney_Inner_South_West,GNN-oof-42,10.0,300.0,0.5,234.64250656804253,178.15013707814825,True,2.065418116515411,69.72161430159362,5.9500000000000455,209.76088077875124,67.6561961850782,203.8108807787512,True,True
au,Sydney_Inner_South_West,GNN-oof-42,10.0,500.0,0.5,234.64250656804253,178.15013707814825,True,9.847589056351731,151.35328912409597,3.006250000000006,102.96614308073427,141.50570006774424,99.95989308073426,True,True
au,Sydney_Inner_South_West,GNN-oof-42,10.0,100.0,0.8,321.90606097980725,178.15013707814825,True,0.0,32.509201920236855,0.0,105.71272665612003,32.509201920236855,105.71272665612003,True,True
au,Sydney_Inner_South_West,GNN-oof-42,10.0,300.0,0.8,321.90606097980725,178.15013707814825,True,2.065418116515411,117.47996924025841,5.9500000000000455,297.024435190516,115.414551123743,291.07443519051594,True,True
au,Sydney_Inner_South_West,GNN-oof-42,10.0,500.0,0.8,321.90606097980725,178.15013707814825,True,9.847589056351731,236.3865636373081,3.006250000000006,189.2850580419184,226.53897458095636,186.2788080419184,True,True
au,Sydney_Inner_South_West,GNN-oof-42,10.0,100.0,0.9,381.61664612911915,178.15013707814825,True,0.0,51.70133530261375,0.0,165.42331180543192,51.70133530261375,165.42331180543192,True,True
au,Sydney_Inner_South_West,GNN-oof-42,10.0,300.0,0.9,381.61664612911915,178.15013707814825,True,2.065418116515411,160.93009228763617,5.9500000000000455,356.7350203398279,158.86467417112075,350.78502033982784,True,True
au,Sydney_Inner_South_West,GNN-oof-42,10.0,500.0,0.9,381.61664612911915,178.15013707814825,True,9.847589056351731,296.09714878662,3.006250000000006,248.9956431912304,286.24955973026823,245.98939319123042,True,True
au,Sydney_Inner_South_West,GNN-oof-42,10.0,100.0,1.0,530.8612419251075,178.15013707814825,True,0.0,125.04566756037758,0.0,314.6679076014202,125.04566756037758,314.6679076014202,True,True
au,Sydney_Inner_South_West,GNN-oof-42,10.0,300.0,1.0,530.8612419251075,178.15013707814825,True,2.065418116515411,301.57149252729096,5.9500000000000455,505.9796161358163,299.50607441077557,500.02961613581624,True,True
au,Sydney_Inner_South_West,GNN-oof-42,10.0,500.0,1.0,530.8612419251075,178.15013707814825,True,9.847589056351731,445.3417445826083,3.006250000000006,398.2402389872186,435.4941555262566,395.2339889872186,True,True
au,Sydney_Inner_South_West,GNN-oof-123,10.0,100.0,0.5,209.4284843789597,116.75616919633285,True,0.0,4.7309116674900515,0.0,6.416557840161994,4.7309116674900515,6.416557840161994,True,True
au,Sydney_Inner_South_West,GNN-oof-123,10.0,300.0,0.5,209.4284843789597,116.75616919633285,True,2.735473449518624,61.99071551836073,5.9500000000000455,184.22231352643593,59.25524206884211,178.27231352643588,True,True
au,Sydney_Inner_South_West,GNN-oof-123,10.0,500.0,0.5,209.4284843789597,116.75616919633285,True,8.056667700250108,136.66071465335142,0.0,92.19796164050948,128.60404695310132,92.19796164050948,True,True
au,Sydney_Inner_South_West,GNN-oof-123,10.0,100.0,0.8,310.0941198537641,116.75616919633285,True,0.0,30.38014575123132,0.0,96.79655250031809,30.38014575123132,96.79655250031809,True,True
au,Sydney_Inner_South_West,GNN-oof-123,10.0,300.0,0.8,310.0941198537641,116.75616919633285,True,2.735473449518624,114.63074048253544,5.9500000000000455,284.8879490012404,111.89526703301682,278.9379490012403,True,True
au,Sydney_Inner_South_West,GNN-oof-123,10.0,500.0,0.8,310.0941198537641,116.75616919633285,True,8.056667700250108,236.50103865852043,0.0,192.8635971153139,228.44437095827033,192.8635971153139,True,True
au,Sydney_Inner_South_West,GNN-oof-123,10.0,100.0,0.9,354.1172472108143,116.75616919633285,True,0.0,44.86206141792245,0.0,140.81967985736824,44.86206141792245,140.81967985736824,True,True
au,Sydney_Inner_South_West,GNN-oof-123,10.0,300.0,0.9,354.1172472108143,116.75616919633285,True,2.735473449518624,145.4723007797465,5.9500000000000455,328.9110763582905,142.73682733022787,322.9610763582904,True,True
au,Sydney_Inner_South_West,GNN-oof-123,10.0,500.0,0.9,354.1172472108143,116.75616919633285,True,8.056667700250108,280.5241660155707,0.0,236.88672447236414,272.4674983153206,236.88672447236414,True,True
au,Sydney_Inner_South_West,GNN-oof-123,10.0,100.0,1.0,538.7726256264733,116.75616919633285,True,0.0,136.62935051479104,0.0,325.4750582730273,136.62935051479104,325.4750582730273,True,True
au,Sydney_Inner_South_West,GNN-oof-123,10.0,300.0,1.0,538.7726256264733,116.75616919633285,True,2.735473449518624,323.60003892487333,5.9500000000000455,513.5664547739495,320.8645654753547,507.6164547739495,True,True
au,Sydney_Inner_South_West,GNN-oof-123,10.0,500.0,1.0,538.7726256264733,116.75616919633285,True,8.056667700250108,465.17954443122966,0.0,421.54210288802324,457.12287673097956,421.54210288802324,True,True
au,Sydney_Inner_South_West,GNN-oof-456,10.0,100.0,0.5,229.95937884377722,119.02894402138355,True,0.0,9.059335462853586,0.0,19.48758590289264,9.059335462853586,19.48758590289264,True,True
au,Sydney_Inner_South_West,GNN-oof-456,10.0,300.0,0.5,229.95937884377722,119.02894402138355,True,2.8018210750122536,69.6466526156641,5.9500000000000455,205.01626387927735,66.84483154065184,199.0662638792773,True,True
au,Sydney_Inner_South_West,GNN-oof-456,10.0,500.0,0.5,229.95937884377722,119.02894402138355,True,8.066145707455734,153.00375261107726,0.0,102.02298697732354,144.93760690362151,102.02298697732354,True,True
au,Sydney_Inner_South_West,GNN-oof-456,10.0,100.0,0.8,307.07994192195946,119.02894402138355,True,0.0,29.41078486770386,0.0,94.449054127273,29.41078486770386,94.449054127273,True,True
au,Sydney_Inner_South_West,GNN-oof-456,10.0,300.0,0.8,307.07994192195946,119.02894402138355,True,2.8018210750122536,110.87306249788931,5.9500000000000455,282.13682695745956,108.07124142287705,276.1868269574595,True,True
au,Sydney_Inner_South_West,GNN-oof-456,10.0,500.0,0.8,307.07994192195946,119.02894402138355,True,8.066145707455734,230.042043194737,0.0,178.7486909498229,221.97589748728126,178.7486909498229,True,True
au,Sydney_Inner_South_West,GNN-oof-456,10.0,100.0,0.9,425.25923751773126,119.02894402138355,True,0.0,70.95726693957918,0.0,212.6283497230448,70.95726693957918,212.6283497230448,True,True
au,Sydney_Inner_South_West,GNN-oof-456,10.0,300.0,0.9,425.25923751773126,119.02894402138355,True,2.8018210750122536,206.47807460000377,5.9500000000000455,400.3161225532315,203.67625352499152,394.36612255323143,True,True
au,Sydney_Inner_South_West,GNN-oof-456,10.0,500.0,0.9,425.25923751773126,119.02894402138355,True,8.066145707455734,348.2213387905088,0.0,296.9279865455947,340.15519308305306,296.9279865455947,True,True
au,Sydney_Inner_South_West,GNN-oof-456,10.0,100.0,1.0,534.9945458642927,119.02894402138355,True,0.0,131.04766148976265,0.0,322.36365806960634,131.04766148976265,322.36365806960634,True,True
au,Sydney_Inner_South_West,GNN-oof-456,10.0,300.0,1.0,534.9945458642927,119.02894402138355,True,2.8018210750122536,316.0466391243913,5.9500000000000455,510.0514308997928,313.24481804937903,504.1014308997928,True,True
au,Sydney_Inner_South_West,GNN-oof-456,10.0,500.0,1.0,534.9945458642927,119.02894402138355,True,8.066145707455734,457.9566471370702,0.0,406.66329489215616,449.89050142961446,406.66329489215616,True,True
au,Sydney_Inner_South_West,Uni,20.0,100.0,0.5,116.45049131966665,0.7284242505677412,True,0.0,0.0,0.0,0.0,0.0,0.0,True,True
au,Sydney_Inner_South_West,Uni,20.0,300.0,0.5,116.45049131966665,0.7284242505677412,True,0.0,0.0,0.0,0.0,0.0,0.0,True,True
au,Sydney_Inner_South_West,Uni,20.0,500.0,0.5,116.45049131966665,0.7284242505677412,True,0.0,0.0,0.0,0.0,0.0,0.0,True,True
au,Sydney_Inner_South_West,Uni,20.0,100.0,0.8,168.69503589968357,0.7284242505677412,True,0.0,0.0,0.0,0.0,0.0,0.0,True,True
au,Sydney_Inner_South_West,Uni,20.0,300.0,0.8,168.69503589968357,0.7284242505677412,True,0.0,0.0,0.0,0.0,0.0,0.0,True,True
au,Sydney_Inner_South_West,Uni,20.0,500.0,0.8,168.69503589968357,0.7284242505677412,True,0.0,34.96951721021641,0.0,34.96309512099215,34.96951721021641,34.96309512099215,True,True
au,Sydney_Inner_South_West,Uni,20.0,100.0,0.9,255.53273679544617,0.7284242505677412,True,0.0,0.0,0.0,0.0,0.0,0.0,True,True
au,Sydney_Inner_South_West,Uni,20.0,300.0,0.9,255.53273679544617,0.7284242505677412,True,0.0,0.0,0.0,0.0,0.0,0.0,True,True
au,Sydney_Inner_South_West,Uni,20.0,500.0,0.9,255.53273679544617,0.7284242505677412,True,0.0,121.80721810597892,0.0,121.8007960167547,121.80721810597892,121.8007960167547,True,True
au,Sydney_Inner_South_West,Uni,20.0,100.0,1.0,378.34115344713103,0.7284242505677412,True,0.0,0.0,0.0,0.0,0.0,0.0,True,True
au,Sydney_Inner_South_West,Uni,20.0,300.0,1.0,378.34115344713103,0.7284242505677412,True,0.0,44.61563475766379,0.0,44.609212668439525,44.61563475766379,44.609212668439525,True,True
au,Sydney_Inner_South_West,Uni,20.0,500.0,1.0,378.34115344713103,0.7284242505677412,True,0.0,244.61563475766377,0.0,244.6092126684395,244.61563475766377,244.6092126684395,True,True
au,Sydney_Inner_South_West,LU,20.0,100.0,0.5,118.62623020198446,0.7235402120920753,True,0.0,0.0,0.0,0.0,0.0,0.0,True,True
au,Sydney_Inner_South_West,LU,20.0,300.0,0.5,118.62623020198446,0.7235402120920753,True,0.0,0.0,0.0,0.0,0.0,0.0,True,True
au,Sydney_Inner_South_West,LU,20.0,500.0,0.5,118.62623020198446,0.7235402120920753,True,0.0,0.0,0.0,0.0,0.0,0.0,True,True
au,Sydney_Inner_South_West,LU,20.0,100.0,0.8,174.2536881504333,0.7235402120920753,True,0.0,0.0,0.0,0.0,0.0,0.0,True,True
au,Sydney_Inner_South_West,LU,20.0,300.0,0.8,174.2536881504333,0.7235402120920753,True,0.0,0.0,0.0,0.0,0.0,0.0,True,True
au,Sydney_Inner_South_West,LU,20.0,500.0,0.8,174.2536881504333,0.7235402120920753,True,0.0,40.528193434745134,0.0,40.52356775721721,40.528193434745134,40.52356775721721,True,True
au,Sydney_Inner_South_West,LU,20.0,100.0,0.9,266.45017162610225,0.7235402120920753,True,0.0,0.0,0.0,0.0,0.0,0.0,True,True
au,Sydney_Inner_South_West,LU,20.0,300.0,0.9,266.45017162610225,0.7235402120920753,True,0.0,0.0,0.0,0.0,0.0,0.0,True,True
au,Sydney_Inner_South_West,LU,20.0,500.0,0.9,266.45017162610225,0.7235402120920753,True,0.0,132.72467691041402,0.0,132.7200512328861,132.72467691041402,132.7200512328861,True,True
au,Sydney_Inner_South_West,LU,20.0,100.0,1.0,356.3363849762134,0.7235402120920753,True,0.0,0.0,0.0,0.0,0.0,0.0,True,True
au,Sydney_Inner_South_West,LU,20.0,300.0,1.0,356.3363849762134,0.7235402120920753,True,0.0,22.610890260525114,0.0,22.60626458299721,22.610890260525114,22.60626458299721,True,True
au,Sydney_Inner_South_West,LU,20.0,500.0,1.0,356.3363849762134,0.7235402120920753,True,0.0,222.61089026052505,0.0,222.60626458299717,222.61089026052505,222.60626458299717,True,True
au,Sydney_Inner_South_West,LU-soft,20.0,100.0,0.5,117.28354071709525,0.7212521277809856,True,0.0,0.0,0.0,0.0,0.0,0.0,True,True
au,Sydney_Inner_South_West,LU-soft,20.0,300.0,0.5,117.28354071709525,0.7212521277809856,True,0.0,0.0,0.0,0.0,0.0,0.0,True,True
au,Sydney_Inner_South_West,LU-soft,20.0,500.0,0.5,117.28354071709525,0.7212521277809856,True,0.0,0.0,0.0,0.0,0.0,0.0,True,True
au,Sydney_Inner_South_West,LU-soft,20.0,100.0,0.8,173.97677217086382,0.7212521277809856,True,0.0,0.0,0.0,0.0,0.0,0.0,True,True
au,Sydney_Inner_South_West,LU-soft,20.0,300.0,0.8,173.97677217086382,0.7212521277809856,True,0.0,0.0,0.0,0.0,0.0,0.0,True,True
au,Sydney_Inner_South_West,LU-soft,20.0,500.0,0.8,173.97677217086382,0.7212521277809856,True,0.0,40.251280271920386,0.0,40.24665177764763,40.251280271920386,40.24665177764763,True,True
au,Sydney_Inner_South_West,LU-soft,20.0,100.0,0.9,266.24669142774803,0.7212521277809856,True,0.0,0.0,0.0,0.0,0.0,0.0,True,True
au,Sydney_Inner_South_West,LU-soft,20.0,300.0,0.9,266.24669142774803,0.7212521277809856,True,0.0,0.0,0.0,0.0,0.0,0.0,True,True
au,Sydney_Inner_South_West,LU-soft,20.0,500.0,0.9,266.24669142774803,0.7212521277809856,True,0.0,132.52119952880452,0.0,132.51657103453175,132.52119952880452,132.51657103453175,True,True
au,Sydney_Inner_South_West,LU-soft,20.0,100.0,1.0,357.56669064875865,0.7212521277809856,True,0.0,0.0,0.0,0.0,0.0,0.0,True,True
au,Sydney_Inner_South_West,LU-soft,20.0,300.0,1.0,357.56669064875865,0.7212521277809856,True,0.0,23.84119874981518,0.0,23.836570255542426,23.84119874981518,23.836570255542426,True,True
au,Sydney_Inner_South_West,LU-soft,20.0,500.0,1.0,357.56669064875865,0.7212521277809856,True,0.0,223.84119874981516,0.0,223.83657025554243,223.84119874981516,223.83657025554243,True,True
au,Sydney_Inner_South_West,Ref,20.0,100.0,0.5,63.223457161692124,0.7524515884305174,True,0.0,0.0,0.0,0.0,0.0,0.0,True,True
au,Sydney_Inner_South_West,Ref,20.0,300.0,0.5,63.223457161692124,0.7524515884305174,True,0.0,0.0,0.0,0.0,0.0,0.0,True,True
au,Sydney_Inner_South_West,Ref,20.0,500.0,0.5,63.223457161692124,0.7524515884305174,True,0.0,0.0,0.0,0.0,0.0,0.0,True,True
au,Sydney_Inner_South_West,Ref,20.0,100.0,0.8,85.92304844384016,0.7524515884305174,True,0.0,0.0,0.0,0.0,0.0,0.0,True,True
au,Sydney_Inner_South_West,Ref,20.0,300.0,0.8,85.92304844384016,0.7524515884305174,True,0.0,0.0,0.0,0.0,0.0,0.0,True,True
au,Sydney_Inner_South_West,Ref,20.0,500.0,0.8,85.92304844384016,0.7524515884305174,True,0.0,0.0,0.0,0.0,0.0,0.0,True,True
au,Sydney_Inner_South_West,Ref,20.0,100.0,0.9,117.22954959673977,0.7524515884305174,True,0.0,0.0,0.0,0.0,0.0,0.0,True,True
au,Sydney_Inner_South_West,Ref,20.0,300.0,0.9,117.22954959673977,0.7524515884305174,True,0.0,0.0,0.0,0.0,0.0,0.0,True,True
au,Sydney_Inner_South_West,Ref,20.0,500.0,0.9,117.22954959673977,0.7524515884305174,True,0.0,0.0,0.0,0.0,0.0,0.0,True,True
au,Sydney_Inner_South_West,Ref,20.0,100.0,1.0,130.55005697789716,0.7524515884305174,True,0.0,0.0,0.0,0.0,0.0,0.0,True,True
au,Sydney_Inner_South_West,Ref,20.0,300.0,1.0,130.55005697789716,0.7524515884305174,True,0.0,0.0,0.0,0.0,0.0,0.0,True,True
au,Sydney_Inner_South_West,Ref,20.0,500.0,1.0,130.55005697789716,0.7524515884305174,True,0.0,0.0,0.0,0.0,0.0,0.0,True,True
au,Sydney_Inner_South_West,GNN-oof-42,20.0,100.0,0.5,118.53911520553615,0.05252462933935931,True,0.0,0.0,0.0,0.0,0.0,0.0,True,True
au,Sydney_Inner_South_West,GNN-oof-42,20.0,300.0,0.5,118.53911520553615,0.05252462933935931,True,0.0,0.0,0.0,0.0,0.0,0.0,True,True
au,Sydney_Inner_South_West,GNN-oof-42,20.0,500.0,0.5,118.53911520553615,0.05252462933935931,True,0.0,0.0,0.0,0.0,0.0,0.0,True,True
au,Sydney_Inner_South_West,GNN-oof-42,20.0,100.0,0.8,202.33700540994863,0.05252462933935931,True,0.0,0.0,0.0,0.0,0.0,0.0,True,True
au,Sydney_Inner_South_West,GNN-oof-42,20.0,300.0,0.8,202.33700540994863,0.05252462933935931,True,0.0,0.0,0.0,0.0,0.0,0.0,True,True
au,Sydney_Inner_South_West,GNN-oof-42,20.0,500.0,0.8,202.33700540994863,0.05252462933935931,True,0.0,68.61193839721062,0.0,68.60866293353627,68.61193839721062,68.60866293353627,True,True
au,Sydney_Inner_South_West,GNN-oof-42,20.0,100.0,0.9,238.21868349856427,0.05252462933935931,True,0.0,0.0,0.0,0.0,0.0,0.0,True,True
au,Sydney_Inner_South_West,GNN-oof-42,20.0,300.0,0.9,238.21868349856427,0.05252462933935931,True,0.0,0.0,0.0,0.0,0.0,0.0,True,True
au,Sydney_Inner_South_West,GNN-oof-42,20.0,500.0,0.9,238.21868349856427,0.05252462933935931,True,0.0,104.49361648582607,0.0,104.49034102215174,104.49361648582607,104.49034102215174,True,True
au,Sydney_Inner_South_West,GNN-oof-42,20.0,100.0,1.0,311.60230608603854,0.05252462933935931,True,0.0,0.0,0.0,0.0,0.0,0.0,True,True
au,Sydney_Inner_South_West,GNN-oof-42,20.0,300.0,1.0,311.60230608603854,0.05252462933935931,True,0.0,0.0,0.0,0.0,0.0,0.0,True,True
au,Sydney_Inner_South_West,GNN-oof-42,20.0,500.0,1.0,311.60230608603854,0.05252462933935931,True,0.0,177.8772390733004,0.0,177.87396360962603,177.8772390733004,177.87396360962603,True,True
au,Sydney_Inner_South_West,GNN-oof-123,20.0,100.0,0.5,123.3753118410645,0.3900701942274054,True,0.0,0.0,0.0,0.0,0.0,0.0,True,True
au,Sydney_Inner_South_West,GNN-oof-123,20.0,300.0,0.5,123.3753118410645,0.3900701942274054,True,0.0,0.0,0.0,0.0,0.0,0.0,True,True
au,Sydney_Inner_South_West,GNN-oof-123,20.0,500.0,0.5,123.3753118410645,0.3900701942274054,True,0.0,0.0,0.0,0.0,0.0,0.0,True,True
au,Sydney_Inner_South_West,GNN-oof-123,20.0,100.0,0.8,196.12924131613508,0.3900701942274054,True,0.0,0.0,0.0,0.0,0.0,0.0,True,True
au,Sydney_Inner_South_West,GNN-oof-123,20.0,300.0,0.8,196.12924131613508,0.3900701942274054,True,0.0,0.0,0.0,0.0,0.0,0.0,True,True
au,Sydney_Inner_South_West,GNN-oof-123,20.0,500.0,0.8,196.12924131613508,0.3900701942274054,True,0.0,62.40396831954553,0.0,62.40114542014371,62.40396831954553,62.40114542014371,True,True
au,Sydney_Inner_South_West,GNN-oof-123,20.0,100.0,0.9,227.71062256726123,0.3900701942274054,True,0.0,0.0,0.0,0.0,0.0,0.0,True,True
au,Sydney_Inner_South_West,GNN-oof-123,20.0,300.0,0.9,227.71062256726123,0.3900701942274054,True,0.0,0.0,0.0,0.0,0.0,0.0,True,True
au,Sydney_Inner_South_West,GNN-oof-123,20.0,500.0,0.9,227.71062256726123,0.3900701942274054,True,0.0,93.98534957067177,0.0,93.98252667126994,93.98534957067177,93.98252667126994,True,True
au,Sydney_Inner_South_West,GNN-oof-123,20.0,100.0,1.0,251.57441578168863,0.3900701942274054,True,0.0,0.0,0.0,0.0,0.0,0.0,True,True
au,Sydney_Inner_South_West,GNN-oof-123,20.0,300.0,1.0,251.57441578168863,0.3900701942274054,True,0.0,0.0,0.0,0.0,0.0,0.0,True,True
au,Sydney_Inner_South_West,GNN-oof-123,20.0,500.0,1.0,251.57441578168863,0.3900701942274054,True,0.0,117.84914278509922,0.0,117.8463198856974,117.84914278509922,117.8463198856974,True,True
au,Sydney_Inner_South_West,GNN-oof-456,20.0,100.0,0.5,121.40557333543161,0.1393570509036408,True,0.0,0.0,0.0,0.0,0.0,0.0,True,True
au,Sydney_Inner_South_West,GNN-oof-456,20.0,300.0,0.5,121.40557333543161,0.1393570509036408,True,0.0,0.0,0.0,0.0,0.0,0.0,True,True
au,Sydney_Inner_South_West,GNN-oof-456,20.0,500.0,0.5,121.40557333543161,0.1393570509036408,True,0.0,0.0,0.0,0.0,0.0,0.0,True,True
au,Sydney_Inner_South_West,GNN-oof-456,20.0,100.0,0.8,229.59812225911767,0.1393570509036408,True,0.0,0.0,0.0,0.0,0.0,0.0,True,True
au,Sydney_Inner_South_West,GNN-oof-456,20.0,300.0,0.8,229.59812225911767,0.1393570509036408,True,0.0,0.0,0.0,0.0,0.0,0.0,True,True
au,Sydney_Inner_South_West,GNN-oof-456,20.0,500.0,0.8,229.59812225911767,0.1393570509036408,True,0.0,95.87298984184689,0.0,95.86950562416641,95.87298984184689,95.86950562416641,True,True
au,Sydney_Inner_South_West,GNN-oof-456,20.0,100.0,0.9,240.3798533838854,0.1393570509036408,True,0.0,0.0,0.0,0.0,0.0,0.0,True,True
au,Sydney_Inner_South_West,GNN-oof-456,20.0,300.0,0.9,240.3798533838854,0.1393570509036408,True,0.0,0.0,0.0,0.0,0.0,0.0,True,True
au,Sydney_Inner_South_West,GNN-oof-456,20.0,500.0,0.9,240.3798533838854,0.1393570509036408,True,0.0,106.6547209666146,0.0,106.65123674893411,106.6547209666146,106.65123674893411,True,True
au,Sydney_Inner_South_West,GNN-oof-456,20.0,100.0,1.0,339.60604452693497,0.1393570509036408,True,0.0,0.0,0.0,0.0,0.0,0.0,True,True
au,Sydney_Inner_South_West,GNN-oof-456,20.0,300.0,1.0,339.60604452693497,0.1393570509036408,True,0.0,5.880912109664221,0.0,5.877427891983723,5.880912109664221,5.877427891983723,True,True
au,Sydney_Inner_South_West,GNN-oof-456,20.0,500.0,1.0,339.60604452693497,0.1393570509036408,True,0.0,205.88091210966422,0.0,205.87742789198373,205.88091210966422,205.87742789198373,True,True
au,Sydney_Inner_West,Uni,10.0,100.0,0.5,75.11989152398647,20.02000860805836,True,0.0,0.0,0.0,0.0,0.0,0.0,True,True
au,Sydney_Inner_West,Uni,10.0,300.0,0.5,75.11989152398647,20.02000860805836,True,0.28992925256278673,2.318582151183008,0.0,0.0,2.0286528986202215,0.0,True,True
au,Sydney_Inner_West,Uni,10.0,500.0,0.5,75.11989152398647,20.02000860805836,True,1.6150002990020975,75.11989152398647,0.0,81.82765396545452,73.50489122498438,81.82765396545452,True,True
au,Sydney_Inner_West,Uni,10.0,100.0,0.8,120.49997566415793,20.02000860805836,True,0.0,0.0,0.0,0.0,0.0,0.0,True,True
au,Sydney_Inner_West,Uni,10.0,300.0,0.8,120.49997566415793,20.02000860805836,True,0.28992925256278673,3.7253647595283237,0.0,0.0,3.435435506965537,0.0,True,True
au,Sydney_Inner_West,Uni,10.0,500.0,0.8,120.49997566415793,20.02000860805836,True,1.6150002990020975,120.49997566415789,0.0,127.20773810562596,118.8849753651558,127.20773810562596,True,True
au,Sydney_Inner_West,Uni,10.0,100.0,0.9,129.2907869156223,20.02000860805836,True,0.0,0.0,0.0,0.0,0.0,0.0,True,True
au,Sydney_Inner_West,Uni,10.0,300.0,0.9,129.2907869156223,20.02000860805836,True,0.28992925256278673,3.997879908323719,0.0,0.0,3.7079506557609325,0.0,True,True
au,Sydney_Inner_West,Uni,10.0,500.0,0.9,129.2907869156223,20.02000860805836,True,1.6150002990020975,129.29078691562236,0.0,135.99854935709038,127.67578661662027,135.99854935709038,True,True
au,Sydney_Inner_West,Uni,10.0,100.0,1.0,134.05337137480504,20.02000860805836,True,0.0,0.0,0.0,0.0,0.0,0.0,True,True
au,Sydney_Inner_West,Uni,10.0,300.0,1.0,134.05337137480504,20.02000860805836,True,0.28992925256278673,4.145520026558384,0.0,0.0,3.8555907739955977,0.0,True,True
au,Sydney_Inner_West,Uni,10.0,500.0,1.0,134.05337137480504,20.02000860805836,True,1.6150002990020975,134.053371374805,0.0,140.76113381627312,132.4383710758029,140.76113381627312,True,True
au,Sydney_Inner_West,LU,10.0,100.0,0.5,77.57037469557552,19.006335976757782,True,0.0,0.0,0.0,0.0,0.0,0.0,True,True
au,Sydney_Inner_West,LU,10.0,300.0,0.5,77.57037469557552,19.006335976757782,True,0.29899347453452363,2.3971292695367232,0.0,0.0,2.0981357950021997,0.0,True,True
au,Sydney_Inner_West,LU,10.0,500.0,0.5,77.57037469557552,19.006335976757782,True,1.5700518654935174,77.57037469557554,0.0,84.54722434633796,76.00032283008203,84.54722434633796,True,True
au,Sydney_Inner_West,LU,10.0,100.0,0.8,130.54816374836966,19.006335976757782,True,0.0,0.0,0.0,0.0,0.0,0.0,True,True
au,Sydney_Inner_West,LU,10.0,300.0,0.8,130.54816374836966,19.006335976757782,True,0.29899347453452363,4.039440730173342,0.0,0.0,3.7404472556388186,0.0,True,True
au,Sydney_Inner_West,LU,10.0,500.0,0.8,130.54816374836966,19.006335976757782,True,1.5700518654935174,130.54816374836957,0.0,137.52501339913206,128.97811188287605,137.52501339913206,True,True
au,Sydney_Inner_West,LU,10.0,100.0,0.9,138.1920941235891,19.006335976757782,True,0.0,0.0,0.0,0.0,0.0,0.0,True,True
au,Sydney_Inner_West,LU,10.0,300.0,0.9,138.1920941235891,19.006335976757782,True,0.29899347453452363,4.276402571805145,0.0,0.0,3.977409097270621,0.0,True,True
au,Sydney_Inner_West,LU,10.0,500.0,0.9,138.1920941235891,19.006335976757782,True,1.5700518654935174,138.19209412358904,0.0,145.16894377435148,136.62204225809552,145.16894377435148,True,True
au,Sydney_Inner_West,LU,10.0,100.0,1.0,146.34249018354302,19.006335976757782,True,0.0,0.0,0.0,0.0,0.0,0.0,True,True
au,Sydney_Inner_West,LU,10.0,300.0,1.0,146.34249018354302,19.006335976757782,True,0.29899347453452363,4.529064849663716,0.0,0.0,4.230071375129192,0.0,True,True
au,Sydney_Inner_West,LU,10.0,500.0,1.0,146.34249018354302,19.006335976757782,True,1.5700518654935174,146.34249018354294,0.0,153.31933983430537,144.7724383180494,153.31933983430537,True,True
au,Sydney_Inner_West,LU-soft,10.0,100.0,0.5,77.57228111519825,19.006335976757782,True,0.0,0.0,0.0,0.0,0.0,0.0,True,True
au,Sydney_Inner_West,LU-soft,10.0,300.0,0.5,77.57228111519825,19.006335976757782,True,0.29899347453452363,2.3971883685450277,0.0,0.0,2.098194894010504,0.0,True,True
au,Sydney_Inner_West,LU-soft,10.0,500.0,0.5,77.57228111519825,19.006335976757782,True,1.5700518654935174,77.5722811151982,0.0,84.54913076596065,76.00222924970468,84.54913076596065,True,True
au,Sydney_Inner_West,LU-soft,10.0,100.0,0.8,130.46028063830158,19.006335976757782,True,0.0,0.0,0.0,0.0,0.0,0.0,True,True
au,Sydney_Inner_West,LU-soft,10.0,300.0,0.8,130.46028063830158,19.006335976757782,True,0.29899347453452363,4.03671635376123,0.0,0.0,3.7377228792267068,0.0,True,True
au,Sydney_Inner_West,LU-soft,10.0,500.0,0.8,130.46028063830158,19.006335976757782,True,1.5700518654935174,130.46028063830158,0.0,137.437130289064,128.89022877280806,137.437130289064,True,True
au,Sydney_Inner_West,LU-soft,10.0,100.0,0.9,137.6169681280171,19.006335976757782,True,0.0,0.0,0.0,0.0,0.0,0.0,True,True
au,Sydney_Inner_West,LU-soft,10.0,300.0,0.9,137.6169681280171,19.006335976757782,True,0.29899347453452363,4.258573665942412,0.0,0.0,3.959580191407888,0.0,True,True
au,Sydney_Inner_West,LU-soft,10.0,500.0,0.9,137.6169681280171,19.006335976757782,True,1.5700518654935174,137.61696812801708,0.0,144.59381777877954,136.04691626252355,144.59381777877954,True,True
au,Sydney_Inner_West,LU-soft,10.0,100.0,1.0,146.34249018354302,19.006335976757782,True,0.0,0.0,0.0,0.0,0.0,0.0,True,True
au,Sydney_Inner_West,LU-soft,10.0,300.0,1.0,146.34249018354302,19.006335976757782,True,0.29899347453452363,4.529064849663716,0.0,0.0,4.230071375129192,0.0,True,True
au,Sydney_Inner_West,LU-soft,10.0,500.0,1.0,146.34249018354302,19.006335976757782,True,1.5700518654935174,146.34249018354294,0.0,153.31933983430537,144.7724383180494,153.31933983430537,True,True
au,Sydney_Inner_West,Ref,10.0,100.0,0.5,52.03266715626868,23.73936502063387,True,0.0,0.0,0.0,0.0,0.0,0.0,True,True
au,Sydney_Inner_West,Ref,10.0,300.0,0.5,52.03266715626868,23.73936502063387,True,0.2585473502364901,1.5919594235463332,0.0,0.0,1.3334120733098431,0.0,True,True
au,Sydney_Inner_West,Ref,10.0,500.0,0.5,52.03266715626868,23.73936502063387,True,1.7521099616731894,52.032667156268744,0.0,56.162478012890276,50.28055719459555,56.162478012890276,True,True
au,Sydney_Inner_West,Ref,10.0,100.0,0.8,70.82227028297126,23.73936502063387,True,0.0,0.0,0.0,0.0,0.0,0.0,True,True
au,Sydney_Inner_West,Ref,10.0,300.0,0.8,70.82227028297126,23.73936502063387,True,0.2585473502364901,2.1744371204741126,0.0,0.0,1.9158897702376225,0.0,True,True
au,Sydney_Inner_West,Ref,10.0,500.0,0.8,70.82227028297126,23.73936502063387,True,1.7521099616731894,70.82227028297129,0.0,74.95208113959283,69.0701603212981,74.95208113959283,True,True
au,Sydney_Inner_West,Ref,10.0,100.0,0.9,73.5201911427586,23.73936502063387,True,0.0,0.0,0.0,0.0,0.0,0.0,True,True
au,Sydney_Inner_West,Ref,10.0,300.0,0.9,73.5201911427586,23.73936502063387,True,0.2585473502364901,2.2580726671275206,0.0,0.0,1.9995253168910305,0.0,True,True
au,Sydney_Inner_West,Ref,10.0,500.0,0.9,73.5201911427586,23.73936502063387,True,1.7521099616731894,73.52019114275856,0.0,77.65000199938022,71.76808118108538,77.65000199938022,True,True
au,Sydney_Inner_West,Ref,10.0,100.0,1.0,110.39533773427429,23.73936502063387,True,0.0,0.0,0.0,0.0,0.0,0.0,True,True
au,Sydney_Inner_West,Ref,10.0,300.0,1.0,110.39533773427429,23.73936502063387,True,0.2585473502364901,3.401202211464506,0.0,0.0,3.142654861228016,0.0,True,True
au,Sydney_Inner_West,Ref,10.0,500.0,1.0,110.39533773427429,23.73936502063387,True,1.7521099616731894,110.39533773427422,0.0,114.5251485908959,108.64322777260104,114.5251485908959,True,True
au,Sydney_Inner_West,GNN-oof-42,10.0,100.0,0.5,104.74721662520854,43.28859498448938,True,0.0,0.0,0.0,0.0,0.0,0.0,True,True
au,Sydney_Inner_West,GNN-oof-42,10.0,300.0,0.5,104.74721662520854,43.28859498448938,True,0.35786411403185603,3.1359567458863995,0.0,0.0,2.7780926318545434,0.0,True,True
au,Sydney_Inner_West,GNN-oof-42,10.0,500.0,0.5,104.74721662520854,43.28859498448938,True,2.469653896348462,104.47862355778308,0.0,96.8401914559527,102.00896966143462,96.8401914559527,True,True
au,Sydney_Inner_West,GNN-oof-42,10.0,100.0,0.8,143.70270926440844,43.28859498448938,True,0.0,0.0,0.0,0.0,0.0,0.0,True,True
au,Sydney_Inner_West,GNN-oof-42,10.0,300.0,0.8,143.70270926440844,43.28859498448938,True,0.35786411403185603,4.343577017701596,0.0,0.0,3.9857129036697403,0.0,True,True
au,Sydney_Inner_West,GNN-oof-42,10.0,500.0,0.8,143.70270926440844,43.28859498448938,True,2.469653896348462,143.43411619698293,0.0,135.79568409515258,140.96446230063447,135.79568409515258,True,True
au,Sydney_Inner_West,GNN-oof-42,10.0,100.0,0.9,170.35822743515052,43.28859498448938,True,0.0,0.0,0.0,0.0,0.0,0.0,True,True
au,Sydney_Inner_West,GNN-oof-42,10.0,300.0,0.9,170.35822743515052,43.28859498448938,True,0.35786411403185603,5.169898080994601,0.0,0.0,4.812033966962745,0.0,True,True
au,Sydney_Inner_West,GNN-oof-42,10.0,500.0,0.9,170.35822743515052,43.28859498448938,True,2.469653896348462,170.0896343677251,0.0,162.45120226589466,167.61998047137664,162.45120226589466,True,True
au,Sydney_Inner_West,GNN-oof-42,10.0,100.0,1.0,236.98279701820167,43.28859498448938,True,0.0,1.099780490323642,0.0,0.0,1.099780490323642,0.0,True,True
au,Sydney_Inner_West,GNN-oof-42,10.0,300.0,1.0,236.98279701820167,43.28859498448938,True,0.35786411403185603,61.0060641684595,0.0,55.10173063441988,60.64820005442765,55.10173063441988,True,True
au,Sydney_Inner_West,GNN-oof-42,10.0,500.0,1.0,236.98279701820167,43.28859498448938,True,2.469653896348462,236.71420395077627,0.0,229.07577184894586,234.2445500544278,229.07577184894586,True,True
au,Sydney_Inner_West,GNN-oof-123,10.0,100.0,0.5,93.49137605794627,48.49179918013661,True,0.0,0.0,0.0,0.0,0.0,0.0,True,True
au,Sydney_Inner_West,GNN-oof-123,10.0,300.0,0.5,93.49137605794627,48.49179918013661,True,0.4096638204566609,2.549763043019819,0.0,0.0,2.140099222563158,0.0,True,True
au,Sydney_Inner_West,GNN-oof-123,10.0,500.0,0.5,93.49137605794627,48.49179918013661,True,2.908492095276909,92.9939049076602,0.0,81.54155828578277,90.08541281238328,81.54155828578277,True,True
au,Sydney_Inner_West,GNN-oof-123,10.0,100.0,0.8,138.42971770805943,48.49179918013661,True,0.0,0.0,0.0,0.0,0.0,0.0,True,True
au,Sydney_Inner_West,GNN-oof-123,10.0,300.0,0.8,138.42971770805943,48.49179918013661,True,0.4096638204566609,3.942851634173327,0.0,0.0,3.533187813716666,0.0,True,True
au,Sydney_Inner_West,GNN-oof-123,10.0,500.0,0.8,138.42971770805943,48.49179918013661,True,2.908492095276909,137.9322465577733,0.0,126.4798999358959,135.0237544624964,126.4798999358959,True,True
au,Sydney_Inner_West,GNN-oof-123,10.0,100.0,0.9,158.08216740796442,48.49179918013661,True,0.0,0.0,0.0,0.0,0.0,0.0,True,True
au,Sydney_Inner_West,GNN-oof-123,10.0,300.0,0.9,158.08216740796442,48.49179918013661,True,0.4096638204566609,4.552077574870382,0.0,0.0,4.142413754413721,0.0,True,True
au,Sydney_Inner_West,GNN-oof-123,10.0,500.0,0.9,158.08216740796442,48.49179918013661,True,2.908492095276909,157.58469625767833,0.0,146.13234963580092,154.67620416240143,146.13234963580092,True,True
au,Sydney_Inner_West,GNN-oof-123,10.0,100.0,1.0,240.51453316649327,48.49179918013661,True,0.0,0.9147670929281129,0.0,0.0,0.9147670929281129,0.0,True,True
au,Sydney_Inner_West,GNN-oof-123,10.0,300.0,1.0,240.51453316649327,48.49179918013661,True,0.4096638204566609,63.92188374138704,0.0,58.59620542061471,63.512219920930384,58.59620542061471,True,True
au,Sydney_Inner_West,GNN-oof-123,10.0,500.0,1.0,240.51453316649327,48.49179918013661,True,2.908492095276909,240.01706201620732,0.0,228.56471539432974,237.10856992093042,228.56471539432974,True,True
au,Sydney_Inner_West,GNN-oof-456,10.0,100.0,0.5,102.65661249131992,57.45803470174289,True,0.0,0.0,0.0,0.0,0.0,0.0,True,True
au,Sydney_Inner_West,GNN-oof-456,10.0,300.0,0.5,102.65661249131992,57.45803470174289,True,0.4141790791227966,2.59520345035172,0.0,0.0,2.1810243712289235,0.0,True,True
au,Sydney_Inner_West,GNN-oof-456,10.0,500.0,0.5,102.65661249131992,57.45803470174289,True,3.323264028043555,101.89379156469295,0.0,88.96240555347963,98.5705275366494,88.96240555347963,True,True
au,Sydney_Inner_West,GNN-oof-456,10.0,100.0,0.8,137.08415268922465,57.45803470174289,True,0.0,0.0,0.0,0.0,0.0,0.0,True,True
au,Sydney_Inner_West,GNN-oof-456,10.0,300.0,0.8,137.08415268922465,57.45803470174289,True,0.4141790791227966,3.6624571964867667,0.0,0.0,3.24827811736397,0.0,True,True
au,Sydney_Inner_West,GNN-oof-456,10.0,500.0,0.8,137.08415268922465,57.45803470174289,True,3.323264028043555,136.32133176259762,0.0,123.38994575138433,132.99806773455407,123.38994575138433,True,True
au,Sydney_Inner_West,GNN-oof-456,10.0,100.0,0.9,189.84080133504523,57.45803470174289,True,0.0,0.0,0.0,0.0,0.0,0.0,True,True
au,Sydney_Inner_West,GNN-oof-456,10.0,300.0,0.9,189.84080133504523,57.45803470174289,True,0.4141790791227966,13.931363010167825,0.0,8.382137352935052,13.517183931045029,8.382137352935052,True,True
au,Sydney_Inner_West,GNN-oof-456,10.0,500.0,0.9,189.84080133504523,57.45803470174289,True,3.323264028043555,189.07798040841834,0.0,176.14659439720495,185.7547163803748,176.14659439720495,True,True
au,Sydney_Inner_West,GNN-oof-456,10.0,100.0,1.0,238.82795324938996,57.45803470174289,True,0.0,0.6192859347290931,0.0,0.0,0.6192859347290931,0.0,True,True
au,Sydney_Inner_West,GNN-oof-456,10.0,300.0,1.0,238.82795324938996,57.45803470174289,True,0.4141790791227966,61.55969737384209,0.0,57.369289267279804,61.145518294719295,57.369289267279804,True,True
au,Sydney_Inner_West,GNN-oof-456,10.0,500.0,1.0,238.82795324938996,57.45803470174289,True,3.323264028043555,238.06513232276288,0.0,225.13374631154966,234.74186829471932,225.13374631154966,True,True
au,Sydney_Inner_West,Uni,20.0,100.0,0.5,51.984889774589526,0.0,True,0.0,0.0,0.0,0.0,0.0,0.0,True,True
au,Sydney_Inner_West,Uni,20.0,300.0,0.5,51.984889774589526,0.0,True,0.0,0.0,0.0,0.0,0.0,0.0,True,True
au,Sydney_Inner_West,Uni,20.0,500.0,0.5,51.984889774589526,0.0,True,0.0,51.98488977458953,0.0,72.83488977458947,51.98488977458953,72.83488977458947,True,True
au,Sydney_Inner_West,Uni,20.0,100.0,0.8,75.30747828871056,0.0,True,0.0,0.0,0.0,0.0,0.0,0.0,True,True
au,Sydney_Inner_West,Uni,20.0,300.0,0.8,75.30747828871056,0.0,True,0.0,0.0,0.0,0.0,0.0,0.0,True,True
au,Sydney_Inner_West,Uni,20.0,500.0,0.8,75.30747828871056,0.0,True,0.0,75.30747828871051,0.0,96.15747828871046,75.30747828871051,96.15747828871046,True,True
au,Sydney_Inner_West,Uni,20.0,100.0,0.9,114.07286483356413,0.0,True,0.0,0.0,0.0,0.0,0.0,0.0,True,True
au,Sydney_Inner_West,Uni,20.0,300.0,0.9,114.07286483356413,0.0,True,0.0,0.0,0.0,0.0,0.0,0.0,True,True
au,Sydney_Inner_West,Uni,20.0,500.0,0.9,114.07286483356413,0.0,True,0.0,114.07286483356415,0.0,134.922864833564,114.07286483356415,134.922864833564,True,True
au,Sydney_Inner_West,Uni,20.0,100.0,1.0,168.89600839166704,0.0,True,0.0,0.0,0.0,0.0,0.0,0.0,True,True
au,Sydney_Inner_West,Uni,20.0,300.0,1.0,168.89600839166704,0.0,True,0.0,0.0,0.0,0.0,0.0,0.0,True,True
au,Sydney_Inner_West,Uni,20.0,500.0,1.0,168.89600839166704,0.0,True,0.0,168.89600839166704,0.0,189.74600839166683,168.89600839166704,189.74600839166683,True,True
au,Sydney_Inner_West,LU,20.0,100.0,0.5,52.95616559055062,5.684341886080802e-14,True,0.0,0.0,0.0,0.0,0.0,0.0,True,True
au,Sydney_Inner_West,LU,20.0,300.0,0.5,52.95616559055062,5.684341886080802e-14,True,0.0,0.0,0.0,0.0,0.0,0.0,True,True
au,Sydney_Inner_West,LU,20.0,500.0,0.5,52.95616559055062,5.684341886080802e-14,True,1.1368683772161603e-13,52.95616559055055,0.0,73.80616559055056,52.956165590550434,73.80616559055056,True,True
au,Sydney_Inner_West,LU,20.0,100.0,0.8,77.78892702521492,5.684341886080802e-14,True,0.0,0.0,0.0,0.0,0.0,0.0,True,True
au,Sydney_Inner_West,LU,20.0,300.0,0.8,77.78892702521492,5.684341886080802e-14,True,0.0,0.0,0.0,0.0,0.0,0.0,True,True
au,Sydney_Inner_West,LU,20.0,500.0,0.8,77.78892702521492,5.684341886080802e-14,True,1.1368683772161603e-13,77.78892702521489,0.0,98.63892702521487,77.78892702521478,98.63892702521487,True,True
au,Sydney_Inner_West,LU,20.0,100.0,0.9,118.9465380990119,5.684341886080802e-14,True,0.0,0.0,0.0,0.0,0.0,0.0,True,True
au,Sydney_Inner_West,LU,20.0,300.0,0.9,118.9465380990119,5.684341886080802e-14,True,0.0,0.0,0.0,0.0,0.0,0.0,True,True
au,Sydney_Inner_West,LU,20.0,500.0,0.9,118.9465380990119,5.684341886080802e-14,True,1.1368683772161603e-13,118.94653809901185,0.0,139.7965380990118,118.94653809901173,139.7965380990118,True,True
au,Sydney_Inner_West,LU,20.0,100.0,1.0,159.0728170035271,5.684341886080802e-14,True,0.0,0.0,0.0,0.0,0.0,0.0,True,True
au,Sydney_Inner_West,LU,20.0,300.0,1.0,159.0728170035271,5.684341886080802e-14,True,0.0,0.0,0.0,0.0,0.0,0.0,True,True
au,Sydney_Inner_West,LU,20.0,500.0,1.0,159.0728170035271,5.684341886080802e-14,True,1.1368683772161603e-13,159.07281700352706,0.0,179.9228170035271,159.07281700352695,179.9228170035271,True,True
au,Sydney_Inner_West,LU-soft,20.0,100.0,0.5,52.35677297243053,5.684341886080802e-14,True,0.0,0.0,0.0,0.0,0.0,0.0,True,True
au,Sydney_Inner_West,LU-soft,20.0,300.0,0.5,52.35677297243053,5.684341886080802e-14,True,0.0,0.0,0.0,0.0,0.0,0.0,True,True
au,Sydney_Inner_West,LU-soft,20.0,500.0,0.5,52.35677297243053,5.684341886080802e-14,True,1.1368683772161603e-13,52.35677297243047,0.0,73.20677297243046,52.356772972430356,73.20677297243046,True,True
au,Sydney_Inner_West,LU-soft,20.0,100.0,0.8,77.66530842548548,5.684341886080802e-14,True,0.0,0.0,0.0,0.0,0.0,0.0,True,True
au,Sydney_Inner_West,LU-soft,20.0,300.0,0.8,77.66530842548548,5.684341886080802e-14,True,0.0,0.0,0.0,0.0,0.0,0.0,True,True
au,Sydney_Inner_West,LU-soft,20.0,500.0,0.8,77.66530842548548,5.684341886080802e-14,True,1.1368683772161603e-13,77.66530842548536,0.0,98.51530842548534,77.66530842548525,98.51530842548534,True,True
au,Sydney_Inner_West,LU-soft,20.0,100.0,0.9,118.85570210885952,5.684341886080802e-14,True,0.0,0.0,0.0,0.0,0.0,0.0,True,True
au,Sydney_Inner_West,LU-soft,20.0,300.0,0.9,118.85570210885952,5.684341886080802e-14,True,0.0,0.0,0.0,0.0,0.0,0.0,True,True
au,Sydney_Inner_West,LU-soft,20.0,500.0,0.9,118.85570210885952,5.684341886080802e-14,True,1.1368683772161603e-13,118.85570210885952,0.0,139.7057021088595,118.8557021088594,139.7057021088595,True,True
au,Sydney_Inner_West,LU-soft,20.0,100.0,1.0,159.62204014592456,5.684341886080802e-14,True,0.0,0.0,0.0,0.0,0.0,0.0,True,True
au,Sydney_Inner_West,LU-soft,20.0,300.0,1.0,159.62204014592456,5.684341886080802e-14,True,0.0,0.0,0.0,0.0,0.0,0.0,True,True
au,Sydney_Inner_West,LU-soft,20.0,500.0,1.0,159.62204014592456,5.684341886080802e-14,True,1.1368683772161603e-13,159.62204014592453,0.0,180.4720401459245,159.62204014592442,180.4720401459245,True,True
au,Sydney_Inner_West,Ref,20.0,100.0,0.5,28.223706181684282,0.0,True,0.0,0.0,0.0,0.0,0.0,0.0,True,True
au,Sydney_Inner_West,Ref,20.0,300.0,0.5,28.223706181684282,0.0,True,0.0,0.0,0.0,0.0,0.0,0.0,True,True
au,Sydney_Inner_West,Ref,20.0,500.0,0.5,28.223706181684282,0.0,True,0.0,28.22370618168429,0.0,49.0737061816842,28.22370618168429,49.0737061816842,True,True
au,Sydney_Inner_West,Ref,20.0,100.0,0.8,38.35707476912458,0.0,True,0.0,0.0,0.0,0.0,0.0,0.0,True,True
au,Sydney_Inner_West,Ref,20.0,300.0,0.8,38.35707476912458,0.0,True,0.0,0.0,0.0,0.0,0.0,0.0,True,True
au,Sydney_Inner_West,Ref,20.0,500.0,0.8,38.35707476912458,0.0,True,0.0,38.35707476912455,0.0,59.20707476912446,38.35707476912455,59.20707476912446,True,True
au,Sydney_Inner_West,Ref,20.0,100.0,0.9,52.33267069163567,0.0,True,0.0,0.0,0.0,0.0,0.0,0.0,True,True
au,Sydney_Inner_West,Ref,20.0,300.0,0.9,52.33267069163567,0.0,True,0.0,0.0,0.0,0.0,0.0,0.0,True,True
au,Sydney_Inner_West,Ref,20.0,500.0,0.9,52.33267069163567,0.0,True,0.0,52.332670691635606,0.0,73.18267069163548,52.332670691635606,73.18267069163548,True,True
au,Sydney_Inner_West,Ref,20.0,100.0,1.0,58.279104236945464,0.0,True,0.0,0.0,0.0,0.0,0.0,0.0,True,True
au,Sydney_Inner_West,Ref,20.0,300.0,1.0,58.279104236945464,0.0,True,0.0,0.0,0.0,0.0,0.0,0.0,True,True
au,Sydney_Inner_West,Ref,20.0,500.0,1.0,58.279104236945464,0.0,True,0.0,58.2791042369455,0.0,79.12910423694537,58.2791042369455,79.12910423694537,True,True
au,Sydney_Inner_West,GNN-oof-42,20.0,100.0,0.5,52.91727641596013,0.0,True,0.0,0.0,0.0,0.0,0.0,0.0,True,True
au,Sydney_Inner_West,GNN-oof-42,20.0,300.0,0.5,52.91727641596013,0.0,True,0.0,0.0,0.0,0.0,0.0,0.0,True,True
au,Sydney_Inner_West,GNN-oof-42,20.0,500.0,0.5,52.91727641596013,0.0,True,0.0,52.917276415960146,0.0,73.76727641596008,52.917276415960146,73.76727641596008,True,True
au,Sydney_Inner_West,GNN-oof-42,20.0,100.0,0.8,90.32565517205593,0.0,True,0.0,0.0,0.0,0.0,0.0,0.0,True,True
au,Sydney_Inner_West,GNN-oof-42,20.0,300.0,0.8,90.32565517205593,0.0,True,0.0,0.0,0.0,0.0,0.0,0.0,True,True
au,Sydney_Inner_West,GNN-oof-42,20.0,500.0,0.8,90.32565517205593,0.0,True,0.0,90.32565517205593,0.0,111.17565517205587,90.32565517205593,111.17565517205587,True,True
au,Sydney_Inner_West,GNN-oof-42,20.0,100.0,0.9,106.34366470748645,0.0,True,0.0,0.0,0.0,0.0,0.0,0.0,True,True
au,Sydney_Inner_West,GNN-oof-42,20.0,300.0,0.9,106.34366470748645,0.0,True,0.0,0.0,0.0,0.0,0.0,0.0,True,True
au,Sydney_Inner_West,GNN-oof-42,20.0,500.0,0.9,106.34366470748645,0.0,True,0.0,106.34366470748645,0.0,127.19366470748632,106.34366470748645,127.19366470748632,True,True
au,Sydney_Inner_West,GNN-oof-42,20.0,100.0,1.0,139.102990050287,0.0,True,0.0,0.0,0.0,0.0,0.0,0.0,True,True
au,Sydney_Inner_West,GNN-oof-42,20.0,300.0,1.0,139.102990050287,0.0,True,0.0,0.0,0.0,0.0,0.0,0.0,True,True
au,Sydney_Inner_West,GNN-oof-42,20.0,500.0,1.0,139.102990050287,0.0,True,0.0,139.10299005028696,0.0,159.9529900502868,139.10299005028696,159.9529900502868,True,True
au,Sydney_Inner_West,GNN-oof-123,20.0,100.0,0.5,55.07621233951963,5.684341886080802e-14,True,0.0,0.0,0.0,0.0,0.0,0.0,True,True
au,Sydney_Inner_West,GNN-oof-123,20.0,300.0,0.5,55.07621233951963,5.684341886080802e-14,True,0.0,0.0,0.0,0.0,0.0,0.0,True,True
au,Sydney_Inner_West,GNN-oof-123,20.0,500.0,0.5,55.07621233951963,5.684341886080802e-14,True,1.1368683772161603e-13,55.076212339519536,0.0,75.9262123395196,55.07621233951942,75.9262123395196,True,True
au,Sydney_Inner_West,GNN-oof-123,20.0,100.0,0.8,87.55443515824179,5.684341886080802e-14,True,0.0,0.0,0.0,0.0,0.0,0.0,True,True
au,Sydney_Inner_West,GNN-oof-123,20.0,300.0,0.8,87.55443515824179,5.684341886080802e-14,True,0.0,0.0,0.0,0.0,0.0,0.0,True,True
au,Sydney_Inner_West,GNN-oof-123,20.0,500.0,0.8,87.55443515824179,5.684341886080802e-14,True,1.1368683772161603e-13,87.55443515824172,0.0,108.40443515824177,87.5544351582416,108.40443515824177,True,True
au,Sydney_Inner_West,GNN-oof-123,20.0,100.0,0.9,101.65274083874185,5.684341886080802e-14,True,0.0,0.0,0.0,0.0,0.0,0.0,True,True
au,Sydney_Inner_West,GNN-oof-123,20.0,300.0,0.9,101.65274083874185,5.684341886080802e-14,True,0.0,0.0,0.0,0.0,0.0,0.0,True,True
au,Sydney_Inner_West,GNN-oof-123,20.0,500.0,0.9,101.65274083874185,5.684341886080802e-14,True,1.1368683772161603e-13,101.65274083874182,0.0,122.50274083874183,101.6527408387417,122.50274083874183,True,True
au,Sydney_Inner_West,GNN-oof-123,20.0,100.0,1.0,112.30582306962889,5.684341886080802e-14,True,0.0,0.0,0.0,0.0,0.0,0.0,True,True
au,Sydney_Inner_West,GNN-oof-123,20.0,300.0,1.0,112.30582306962889,5.684341886080802e-14,True,0.0,0.0,0.0,0.0,0.0,0.0,True,True
au,Sydney_Inner_West,GNN-oof-123,20.0,500.0,1.0,112.30582306962889,5.684341886080802e-14,True,1.1368683772161603e-13,112.3058230696288,0.0,133.15582306962875,112.30582306962869,133.15582306962875,True,True
au,Sydney_Inner_West,GNN-oof-456,20.0,100.0,0.5,54.19689755140935,0.0,True,0.0,0.0,0.0,0.0,0.0,0.0,True,True
au,Sydney_Inner_West,GNN-oof-456,20.0,300.0,0.5,54.19689755140935,0.0,True,0.0,0.0,0.0,0.0,0.0,0.0,True,True
au,Sydney_Inner_West,GNN-oof-456,20.0,500.0,0.5,54.19689755140935,0.0,True,0.0,54.19689755140928,0.0,75.04689755140916,54.19689755140928,75.04689755140916,True,True
au,Sydney_Inner_West,GNN-oof-456,20.0,100.0,0.8,102.49534323842927,0.0,True,0.0,0.0,0.0,0.0,0.0,0.0,True,True
au,Sydney_Inner_West,GNN-oof-456,20.0,300.0,0.8,102.49534323842927,0.0,True,0.0,0.0,0.0,0.0,0.0,0.0,True,True
au,Sydney_Inner_West,GNN-oof-456,20.0,500.0,0.8,102.49534323842927,0.0,True,0.0,102.49534323842917,0.0,123.34534323842904,102.49534323842917,123.34534323842904,True,True
au,Sydney_Inner_West,GNN-oof-456,20.0,100.0,0.9,107.30843674923058,0.0,True,0.0,0.0,0.0,0.0,0.0,0.0,True,True
au,Sydney_Inner_West,GNN-oof-456,20.0,300.0,0.9,107.30843674923058,0.0,True,0.0,0.0,0.0,0.0,0.0,0.0,True,True
au,Sydney_Inner_West,GNN-oof-456,20.0,500.0,0.9,107.30843674923058,0.0,True,0.0,107.30843674923055,0.0,128.15843674923048,107.30843674923055,128.15843674923048,True,True
au,Sydney_Inner_West,GNN-oof-456,20.0,100.0,1.0,151.6041932623045,0.0,True,0.0,0.0,0.0,0.0,0.0,0.0,True,True
au,Sydney_Inner_West,GNN-oof-456,20.0,300.0,1.0,151.6041932623045,0.0,True,0.0,0.0,0.0,0.0,0.0,0.0,True,True
au,Sydney_Inner_West,GNN-oof-456,20.0,500.0,1.0,151.6041932623045,0.0,True,0.0,151.60419326230453,0.0,172.45419326230436,151.60419326230453,172.45419326230436,True,True
au,Sydney_North_Sydney_and_Hornsby,Uni,10.0,100.0,0.5,133.6327914944195,138.24603326653988,False,19.84650546707771,93.56502936114597,2.5524999999999975,39.37063562314744,73.71852389406827,36.81813562314745,True,True
au,Sydney_North_Sydney_and_Hornsby,Uni,10.0,300.0,0.5,133.6327914944195,138.24603326653988,False,45.240746003473674,133.6327914944195,2.842170943040401e-14,172.5613505704617,88.39204549094583,172.56135057046168,True,True
au,Sydney_North_Sydney_and_Hornsby,Uni,10.0,500.0,0.5,133.6327914944195,138.24603326653988,False,45.240746003473674,133.6327914944195,5.684341886080802e-14,252.713902190974,88.39204549094583,252.71390219097395,True,True
au,Sydney_North_Sydney_and_Hornsby,Uni,10.0,100.0,0.8,221.7607521300156,138.24603326653988,True,19.84650546707771,181.27376249060757,2.5524999999999975,127.4985962587435,161.42725702352985,124.94609625874351,True,True
au,Sydney_North_Sydney_and_Hornsby,Uni,10.0,300.0,0.8,221.7607521300156,138.24603326653988,True,45.240746003473674,221.7607521300156,2.842170943040401e-14,260.6893112060578,176.52000612654192,260.6893112060578,True,True
au,Sydney_North_Sydney_and_Hornsby,Uni,10.0,500.0,0.8,221.7607521300156,138.24603326653988,True,45.240746003473674,221.7607521300156,5.684341886080802e-14,428.9698234621662,176.52000612654192,428.9698234621661,True,True
au,Sydney_North_Sydney_and_Hornsby,Uni,10.0,100.0,0.9,237.93882108158965,138.24603326653988,True,19.84650546707771,197.4518314421816,2.5524999999999975,143.6766652103176,177.60532597510388,141.12416521031759,True,True
au,Sydney_North_Sydney_and_Hornsby,Uni,10.0,300.0,0.9,237.93882108158965,138.24603326653988,True,45.240746003473674,237.93882108158962,2.842170943040401e-14,276.8673801576318,192.69807507811595,276.8673801576318,True,True
au,Sydney_North_Sydney_and_Hornsby,Uni,10.0,500.0,0.9,237.93882108158965,138.24603326653988,True,45.240746003473674,237.93882108158962,5.684341886080802e-14,461.32596136531436,192.69807507811595,461.3259613653143,True,True
au,Sydney_North_Sydney_and_Hornsby,Uni,10.0,100.0,1.0,246.70358892432074,138.24603326653988,True,19.84650546707771,206.2165992849127,2.5524999999999975,152.44143305304868,186.37009381783497,149.88893305304867,True,True
au,Sydney_North_Sydney_and_Hornsby,Uni,10.0,300.0,1.0,246.70358892432074,138.24603326653988,True,45.240746003473674,246.7035889243207,2.842170943040401e-14,285.6321480003629,201.46284292084704,285.6321480003629,True,True
au,Sydney_North_Sydney_and_Hornsby,Uni,10.0,500.0,1.0,246.70358892432074,138.24603326653988,True,45.240746003473674,246.7035889243207,5.684341886080802e-14,478.85549705077653,201.46284292084704,478.8554970507765,True,True
au,Sydney_North_Sydney_and_Hornsby,LU,10.0,100.0,0.5,142.75575194671694,139.66182475875877,True,21.01896168121615,102.69289001023077,11.386249999999995,60.70971906996484,81.67392832901461,49.323469069964844,True,True
au,Sydney_North_Sydney_and_Hornsby,LU,10.0,300.0,0.5,142.75575194671694,139.66182475875877,True,46.8260648110428,142.7557519467169,2.842170943040401e-14,181.7040367313984,95.92968713567411,181.70403673139836,True,True
au,Sydney_North_Sydney_and_Hornsby,LU,10.0,500.0,0.5,142.75575194671694,139.66182475875877,True,46.8260648110428,142.75575194671694,5.684341886080802e-14,270.784126095138,95.92968713567414,270.78412609513794,True,True
au,Sydney_North_Sydney_and_Hornsby,LU,10.0,100.0,0.8,240.25282015589693,139.66182475875877,True,21.01896168121615,199.96923618518184,11.386249999999995,158.20678727914483,178.9502745039657,146.82053727914484,True,True
au,Sydney_North_Sydney_and_Hornsby,LU,10.0,300.0,0.8,240.25282015589693,139.66182475875877,True,46.8260648110428,240.252820155897,2.842170943040401e-14,279.2011049405784,193.4267553448542,279.2011049405784,True,True
au,Sydney_North_Sydney_and_Hornsby,LU,10.0,500.0,0.8,240.25282015589693,139.66182475875877,True,46.8260648110428,240.25282015589707,5.684341886080802e-14,465.77826251349796,193.42675534485426,465.7782625134979,True,True
au,Sydney_North_Sydney_and_Hornsby,LU,10.0,100.0,0.9,254.3202400030392,139.66182475875877,True,21.01896168121615,214.03665603232406,11.386249999999995,172.27420712628708,193.0176943511079,160.8879571262871,True,True
au,Sydney_North_Sydney_and_Hornsby,LU,10.0,300.0,0.9,254.3202400030392,139.66182475875877,True,46.8260648110428,254.32024000303915,2.842170943040401e-14,293.26852478772076,207.49417519199636,293.2685247877207,True,True
au,Sydney_North_Sydney_and_Hornsby,LU,10.0,500.0,0.9,254.3202400030392,139.66182475875877,True,46.8260648110428,254.32024000303917,5.684341886080802e-14,492.12134879078747,207.49417519199636,492.1213487907874,True,True
au,Sydney_North_Sydney_and_Hornsby,LU,10.0,100.0,1.0,269.3197281809485,139.66182475875877,True,21.01896168121615,229.03614421023337,11.386249999999995,187.27369530419642,208.01718252901722,175.88744530419643,True,True
au,Sydney_North_Sydney_and_Hornsby,LU,10.0,300.0,1.0,269.3197281809485,139.66182475875877,True,46.8260648110428,269.31972818094846,2.842170943040401e-14,308.26801296563,222.49366336990568,308.26801296562996,True,True
au,Sydney_North_Sydney_and_Hornsby,LU,10.0,500.0,1.0,269.3197281809485,139.66182475875877,True,46.8260648110428,269.31972818094846,5.684341886080802e-14,508.2680129656299,222.49366336990568,508.26801296562985,True,True
au,Sydney_North_Sydney_and_Hornsby,LU-soft,10.0,100.0,0.5,142.75926040426708,138.2738192262305,True,20.79408474881063,102.61459756455183,5.922499999999997,52.110120048119974,81.8205128157412,46.187620048119975,True,True
au,Sydney_North_Sydney_and_Hornsby,LU-soft,10.0,300.0,0.5,142.75926040426708,138.2738192262305,True,46.550568288279074,142.75926040426705,2.842170943040401e-14,181.63079440596235,96.20869211598799,181.63079440596232,True,True
au,Sydney_North_Sydney_and_Hornsby,LU-soft,10.0,500.0,0.5,142.75926040426708,138.2738192262305,True,46.550568288279074,142.75926040426705,5.684341886080802e-14,270.8025102687511,96.20869211598799,270.80251026875106,True,True
au,Sydney_North_Sydney_and_Hornsby,LU-soft,10.0,100.0,0.8,240.09108547934778,138.2738192262305,True,20.79408474881063,199.72451618084085,5.922499999999997,149.44194512320067,178.93043143203022,143.51944512320068,True,True
au,Sydney_North_Sydney_and_Hornsby,LU-soft,10.0,300.0,0.8,240.09108547934778,138.2738192262305,True,46.550568288279074,240.0910854793478,2.842170943040401e-14,278.96261948104313,193.54051719106874,278.96261948104313,True,True
au,Sydney_North_Sydney_and_Hornsby,LU-soft,10.0,500.0,0.8,240.09108547934778,138.2738192262305,True,46.550568288279074,240.09108547934784,5.684341886080802e-14,465.4661604189126,193.54051719106877,465.4661604189125,True,True
au,Sydney_North_Sydney_and_Hornsby,LU-soft,10.0,100.0,0.9,253.26181345444775,138.2738192262305,True,20.79408474881063,212.8952441559408,5.922499999999997,162.61267309830066,192.10115940713015,156.69017309830068,True,True
au,Sydney_North_Sydney_and_Hornsby,LU-soft,10.0,300.0,0.9,253.26181345444775,138.2738192262305,True,46.550568288279074,253.26181345444772,2.842170943040401e-14,292.13334745614304,206.71124516616865,292.13334745614304,True,True
au,Sydney_North_Sydney_and_Hornsby,LU-soft,10.0,500.0,0.9,253.26181345444775,138.2738192262305,True,46.550568288279074,253.26181345444772,5.684341886080802e-14,490.5012608525737,206.71124516616865,490.50126085257364,True,True
au,Sydney_North_Sydney_and_Hornsby,LU-soft,10.0,100.0,1.0,269.3197281809485,138.2738192262305,True,20.79408474881063,228.95315888244153,5.922499999999997,178.6705878248014,208.1590741336309,172.74808782480142,True,True
au,Sydney_North_Sydney_and_Hornsby,LU-soft,10.0,300.0,1.0,269.3197281809485,138.2738192262305,True,46.550568288279074,269.31972818094846,2.842170943040401e-14,308.19126218264375,222.7691598926694,308.19126218264375,True,True
au,Sydney_North_Sydney_and_Hornsby,LU-soft,10.0,500.0,1.0,269.3197281809485,138.2738192262305,True,46.550568288279074,269.31972818094846,5.684341886080802e-14,508.1912621826438,222.7691598926694,508.19126218264375,True,True
au,Sydney_North_Sydney_and_Hornsby,Ref,10.0,100.0,0.5,86.52239311398853,95.75772393568258,False,10.011317568114322,64.69994385752592,0.0,44.186163897303025,54.6886262894116,44.186163897303025,True,True
au,Sydney_North_Sydney_and_Hornsby,Ref,10.0,300.0,0.5,86.52239311398853,95.75772393568258,False,17.23278546713657,86.52239311398854,4.750000000000028,166.7923379918695,69.28960764685198,162.04233799186946,True,True
au,Sydney_North_Sydney_and_Hornsby,Ref,10.0,500.0,0.5,86.52239311398853,95.75772393568258,False,17.23278546713657,86.52239311398854,4.75,166.79233799186946,69.28960764685198,162.04233799186946,True,True
au,Sydney_North_Sydney_and_Hornsby,Ref,10.0,100.0,0.8,130.33695516486736,95.75772393568258,True,10.011317568114322,108.18483990779944,0.0,88.0007259481819,98.17352233968512,88.0007259481819,True,True
au,Sydney_North_Sydney_and_Hornsby,Ref,10.0,300.0,0.8,130.33695516486736,95.75772393568258,True,17.23278546713657,130.33695516486742,4.750000000000028,229.10186526178404,113.10416969773085,224.351865261784,True,True
au,Sydney_North_Sydney_and_Hornsby,Ref,10.0,500.0,0.8,130.33695516486736,95.75772393568258,True,17.23278546713657,130.33695516486745,4.75,254.42146209362718,113.10416969773088,249.67146209362718,True,True
au,Sydney_North_Sydney_and_Hornsby,Ref,10.0,100.0,0.9,135.3020429647287,95.75772393568258,True,10.011317568114322,113.1499277076608,0.0,92.96581374804323,103.13861013954647,92.96581374804323,True,True
au,Sydney_North_Sydney_and_Hornsby,Ref,10.0,300.0,0.9,135.3020429647287,95.75772393568258,True,17.23278546713657,135.3020429647287,4.750000000000028,234.0669530616454,118.06925749759215,229.31695306164536,True,True
au,Sydney_North_Sydney_and_Hornsby,Ref,10.0,500.0,0.9,135.3020429647287,95.75772393568258,True,17.23278546713657,135.3020429647287,4.75,264.35163769334986,118.06925749759215,259.60163769334986,True,True
au,Sydney_North_Sydney_and_Hornsby,Ref,10.0,100.0,1.0,203.16479727623386,95.75772393568258,True,10.011317568114322,181.01268201916594,0.0,160.82856805954833,171.00136445105161,160.82856805954833,True,True
au,Sydney_North_Sydney_and_Hornsby,Ref,10.0,300.0,1.0,203.16479727623386,95.75772393568258,True,17.23278546713657,203.1647972762339,4.750000000000028,301.92970737315056,185.93201180909733,297.17970737315056,True,True
au,Sydney_North_Sydney_and_Hornsby,Ref,10.0,500.0,1.0,203.16479727623386,95.75772393568258,True,17.23278546713657,203.1647972762339,4.75,400.07714631636026,185.93201180909733,395.32714631636026,True,True
au,Sydney_North_Sydney_and_Hornsby,GNN-oof-42,10.0,100.0,0.5,192.77034218722426,136.2597045015895,True,12.644463808172729,158.35238244868737,18.12624999999999,129.45368195124752,145.70791864051463,111.32743195124752,True,True
au,Sydney_North_Sydney_and_Hornsby,GNN-oof-42,10.0,300.0,0.5,192.77034218722426,136.2597045015895,True,31.41929684352572,192.7703421872243,2.3750000000000284,244.00594427631398,161.35104534369856,241.63094427631395,True,True
au,Sydney_North_Sydney_and_Hornsby,GNN-oof-42,10.0,500.0,0.5,192.77034218722426,136.2597045015895,True,31.41929684352572,192.7703421872243,2.375,370.6364508905182,161.35104534369856,368.2614508905182,True,True
au,Sydney_North_Sydney_and_Hornsby,GNN-oof-42,10.0,100.0,0.8,264.461637555957,136.2597045015895,True,12.644463808172729,230.0436778174201,18.12624999999999,201.14497731998017,217.39921400924737,183.01872731998017,True,True
au,Sydney_North_Sydney_and_Hornsby,GNN-oof-42,10.0,300.0,0.8,264.461637555957,136.2597045015895,True,31.41929684352572,264.46163755595705,2.3750000000000284,315.6972396450466,233.04234071243133,313.3222396450466,True,True
au,Sydney_North_Sydney_and_Hornsby,GNN-oof-42,10.0,500.0,0.8,264.461637555957,136.2597045015895,True,31.41929684352572,264.46163755595705,2.375,513.4903627567443,233.04234071243133,511.1153627567443,True,True
au,Sydney_North_Sydney_and_Hornsby,GNN-oof-42,10.0,100.0,0.9,313.51681557884604,136.2597045015895,True,12.644463808172729,279.0988558403091,18.12624999999999,250.2001553428692,266.4543920321364,232.0739053428692,True,True
au,Sydney_North_Sydney_and_Hornsby,GNN-oof-42,10.0,300.0,0.9,313.51681557884604,136.2597045015895,True,31.41929684352572,313.51681557884604,2.3750000000000284,364.75241766793556,282.0975187353203,362.37741766793556,True,True
au,Sydney_North_Sydney_and_Hornsby,GNN-oof-42,10.0,500.0,0.9,313.51681557884604,136.2597045015895,True,31.41929684352572,313.51681557884604,2.375,564.7524176679357,282.0975187353203,562.3774176679357,True,True
au,Sydney_North_Sydney_and_Hornsby,GNN-oof-42,10.0,100.0,1.0,436.1285802671159,136.2597045015895,True,12.644463808172729,401.710620528579,18.12624999999999,372.81192003113904,389.0661567204063,354.68567003113907,True,True
au,Sydney_North_Sydney_and_Hornsby,GNN-oof-42,10.0,300.0,1.0,436.1285802671159,136.2597045015895,True,31.41929684352572,436.12858026711586,2.3750000000000284,487.36418235620556,404.70928342359014,484.98918235620556,True,True
au,Sydney_North_Sydney_and_Hornsby,GNN-oof-42,10.0,500.0,1.0,436.1285802671159,136.2597045015895,True,31.41929684352572,436.128580267116,2.375,687.3641823562056,404.70928342359025,684.9891823562056,True,True
au,Sydney_North_Sydney_and_Hornsby,GNN-oof-123,10.0,100.0,0.5,172.05578472533364,137.82644683446784,True,14.618916684006326,136.28506395662154,33.69999999999999,123.06990214642614,121.66614727261522,89.36990214642616,True,True
au,Sydney_North_Sydney_and_Hornsby,GNN-oof-123,10.0,300.0,0.5,172.05578472533364,137.82644683446784,True,35.198460744953955,172.0557847253336,2.3750000000000284,219.70352428416828,136.85732398037965,217.32852428416825,True,True
au,Sydney_North_Sydney_and_Hornsby,GNN-oof-123,10.0,500.0,0.5,172.05578472533364,137.82644683446784,True,35.19846074495395,172.0557847253336,2.375000000000057,329.8734224938353,136.85732398037965,327.4984224938352,True,True
au,Sydney_North_Sydney_and_Hornsby,GNN-oof-123,10.0,100.0,0.8,254.75754784916555,137.82644683446784,True,14.618916684006326,218.98682708045342,33.69999999999999,205.77166527025807,204.3679103964471,172.07166527025808,True,True
au,Sydney_North_Sydney_and_Hornsby,GNN-oof-123,10.0,300.0,0.8,254.75754784916555,137.82644683446784,True,35.198460744953955,254.75754784916546,2.3750000000000284,302.4052874080001,219.5590871042115,300.03028740800005,True,True
au,Sydney_North_Sydney_and_Hornsby,GNN-oof-123,10.0,500.0,0.8,254.75754784916555,137.82644683446784,True,35.19846074495395,254.75754784916552,2.375000000000057,495.27694874149904,219.55908710421159,492.901948741499,True,True
au,Sydney_North_Sydney_and_Hornsby,GNN-oof-123,10.0,100.0,0.9,290.9247089015021,137.82644683446784,True,14.618916684006326,255.15398813279,33.69999999999999,241.9388263225945,240.53507144878367,208.23882632259452,True,True
au,Sydney_North_Sydney_and_Hornsby,GNN-oof-123,10.0,300.0,0.9,290.9247089015021,137.82644683446784,True,35.198460744953955,290.9247089015021,2.3750000000000284,338.5724484603368,255.7262481565481,336.1974484603368,True,True
au,Sydney_North_Sydney_and_Hornsby,GNN-oof-123,10.0,500.0,0.9,290.9247089015021,137.82644683446784,True,35.19846074495395,290.9247089015021,2.375000000000057,538.5724484603367,255.72624815654814,536.1974484603365,True,True
au,Sydney_North_Sydney_and_Hornsby,GNN-oof-123,10.0,100.0,1.0,442.6281704973476,137.82644683446784,True,14.618916684006326,406.8574497286355,33.69999999999999,393.64228791844005,392.2385330446292,359.94228791844006,True,True
au,Sydney_North_Sydney_and_Hornsby,GNN-oof-123,10.0,300.0,1.0,442.6281704973476,137.82644683446784,True,35.198460744953955,442.6281704973476,2.3750000000000284,490.27591005618217,407.42970975239365,487.90091005618217,True,True
au,Sydney_North_Sydney_and_Hornsby,GNN-oof-123,10.0,500.0,1.0,442.6281704973476,137.82644683446784,True,35.19846074495395,442.62817049734764,2.375000000000057,690.2759100561822,407.4297097523937,687.900910056182,True,True
au,Sydney_North_Sydney_and_Hornsby,GNN-oof-456,10.0,100.0,0.5,188.92292277836574,137.97476979472304,True,12.470964703678387,155.35961610620836,67.4,172.95721666566516,142.88865140252997,105.55721666566515,True,True
au,Sydney_North_Sydney_and_Hornsby,GNN-oof-456,10.0,300.0,0.5,188.92292277836574,137.97476979472304,True,31.558302026843407,188.92292277836577,2.3750000000000284,240.59449743845326,157.36462075152235,238.21949743845323,True,True
au,Sydney_North_Sydney_and_Hornsby,GNN-oof-456,10.0,500.0,0.5,188.92292277836574,137.97476979472304,True,31.558302026843407,188.92292277836577,2.375,364.20738745749,157.36462075152235,361.83238745749,True,True
au,Sydney_North_Sydney_and_Hornsby,GNN-oof-456,10.0,100.0,0.8,252.28125265514592,137.97476979472304,True,12.470964703678387,218.71794598298857,67.4,236.31554654244536,206.24698127931018,168.91554654244536,True,True
au,Sydney_North_Sydney_and_Hornsby,GNN-oof-456,10.0,300.0,0.8,252.28125265514592,137.97476979472304,True,31.558302026843407,252.281252655146,2.3750000000000284,303.95282731523344,220.7229506283026,301.57782731523344,True,True
au,Sydney_North_Sydney_and_Hornsby,GNN-oof-456,10.0,500.0,0.8,252.28125265514592,137.97476979472304,True,31.558302026843407,252.281252655146,2.375,490.9240472110504,220.7229506283026,488.5490472110504,True,True
au,Sydney_North_Sydney_and_Hornsby,GNN-oof-456,10.0,100.0,0.9,349.37134764539786,137.97476979472304,True,12.470964703678387,315.8080409732404,67.4,333.4056415326973,303.33707626956203,266.00564153269727,True,True
au,Sydney_North_Sydney_and_Hornsby,GNN-oof-456,10.0,300.0,0.9,349.37134764539786,137.97476979472304,True,31.558302026843407,349.37134764539775,2.3750000000000284,401.0429223054854,317.8130456185543,398.6679223054854,True,True
au,Sydney_North_Sydney_and_Hornsby,GNN-oof-456,10.0,500.0,0.9,349.37134764539786,137.97476979472304,True,31.558302026843407,349.37134764539775,2.375,601.0429223054854,317.8130456185543,598.6679223054854,True,True
au,Sydney_North_Sydney_and_Hornsby,GNN-oof-456,10.0,100.0,1.0,439.5242924352754,137.97476979472304,True,12.470964703678387,405.960985763118,67.4,423.5585863225748,393.49002105943964,356.1585863225748,True,True
au,Sydney_North_Sydney_and_Hornsby,GNN-oof-456,10.0,300.0,1.0,439.5242924352754,137.97476979472304,True,31.558302026843407,439.5242924352754,2.3750000000000284,491.19586709536287,407.965990408432,488.8208670953628,True,True
au,Sydney_North_Sydney_and_Hornsby,GNN-oof-456,10.0,500.0,1.0,439.5242924352754,137.97476979472304,True,31.558302026843407,439.5242924352754,2.375,691.1958670953629,407.965990408432,688.8208670953629,True,True
au,Sydney_North_Sydney_and_Hornsby,Uni,20.0,100.0,0.5,0.5984362939742836,96.9156781329292,False,0.2716683903152566,0.009275762556602004,0.0,0.0,-0.2623926277586546,0.0,False,True
au,Sydney_North_Sydney_and_Hornsby,Uni,20.0,300.0,0.5,0.5984362939742836,96.9156781329292,False,28.595575407925864,0.5984362939743065,0.0,0.0569862425254712,-27.997139113951558,0.0569862425254712,False,True
au,Sydney_North_Sydney_and_Hornsby,Uni,20.0,500.0,0.5,0.5984362939742836,96.9156781329292,False,28.595575407925917,0.5984362939743125,1.1368683772161603e-13,0.0569862425254712,-27.997139113951604,0.056986242525357514,False,True
au,Sydney_North_Sydney_and_Hornsby,Uni,20.0,100.0,0.8,138.59125642368633,96.9156781329292,True,0.2716683903152566,49.35510820156532,0.0,86.6191627262808,49.08343981125007,86.6191627262808,True,True
au,Sydney_North_Sydney_and_Hornsby,Uni,20.0,300.0,0.8,138.59125642368633,96.9156781329292,True,28.595575407925864,138.5912564236864,0.0,170.52756599126283,109.99568101576052,170.52756599126283,True,True
au,Sydney_North_Sydney_and_Hornsby,Uni,20.0,500.0,0.8,138.59125642368633,96.9156781329292,True,28.595575407925917,138.5912564236864,1.1368683772161603e-13,262.50372607065975,109.99568101576047,262.50372607065964,True,True
au,Sydney_North_Sydney_and_Hornsby,Uni,20.0,100.0,0.9,209.93269221581434,96.9156781329292,True,0.2716683903152566,120.18530183872377,0.0,157.96059851840883,119.91363344840852,157.96059851840883,True,True
au,Sydney_North_Sydney_and_Hornsby,Uni,20.0,300.0,0.9,209.93269221581434,96.9156781329292,True,28.595575407925864,209.9326922158143,0.0,241.86900178339084,181.33711680788844,241.86900178339084,True,True
au,Sydney_North_Sydney_and_Hornsby,Uni,20.0,500.0,0.9,209.93269221581434,96.9156781329292,True,28.595575407925917,209.93269221581437,1.1368683772161603e-13,405.1865976549158,181.33711680788846,405.18659765491566,True,True
au,Sydney_North_Sydney_and_Hornsby,Uni,20.0,100.0,1.0,310.8258374846639,96.9156781329292,True,0.2716683903152566,221.07844710757334,0.0,258.8537437872584,220.80677871725808,258.8537437872584,True,True
au,Sydney_North_Sydney_and_Hornsby,Uni,20.0,300.0,1.0,310.8258374846639,96.9156781329292,True,28.595575407925864,310.8258374846638,0.0,342.7621470522404,282.2302620767379,342.7621470522404,True,True
au,Sydney_North_Sydney_and_Hornsby,Uni,20.0,500.0,1.0,310.8258374846639,96.9156781329292,True,28.595575407925917,310.8258374846638,1.1368683772161603e-13,542.7621470522403,282.23026207673786,542.7621470522402,True,True
au,Sydney_North_Sydney_and_Hornsby,LU,20.0,100.0,0.5,0.5944238165166381,97.45727371773427,False,0.29089130298636273,0.00921356915600758,0.0,0.0,-0.28167773383035516,0.0,False,True
au,Sydney_North_Sydney_and_Hornsby,LU,20.0,300.0,0.5,0.5944238165166381,97.45727371773427,False,28.97601501511467,0.5944238165166235,0.0,0.030881128865843266,-28.381591198598045,0.030881128865843266,False,True
au,Sydney_North_Sydney_and_Hornsby,LU,20.0,500.0,0.5,0.5944238165166381,97.45727371773427,False,28.976015015114722,0.5944238165166287,1.1368683772161603e-13,0.030881128865843266,-28.381591198598095,0.03088112886572958,False,True
au,Sydney_North_Sydney_and_Hornsby,LU,20.0,100.0,0.8,143.1579622271213,97.45727371773427,True,0.29089130298636273,54.064526674364856,0.0,89.71135556342173,53.7736353713785,89.71135556342173,True,True
au,Sydney_North_Sydney_and_Hornsby,LU,20.0,300.0,0.8,143.1579622271213,97.45727371773427,True,28.97601501511467,143.1579622271213,0.0,175.34854387999673,114.18194721200662,175.34854387999673,True,True
au,Sydney_North_Sydney_and_Hornsby,LU,20.0,500.0,0.8,143.1579622271213,97.45727371773427,True,28.976015015114722,143.1579622271213,1.1368683772161603e-13,272.1129764555887,114.18194721200656,272.1129764555886,True,True
au,Sydney_North_Sydney_and_Hornsby,LU,20.0,100.0,0.9,218.9019010727015,97.45727371773427,True,0.29089130298636273,129.42873061484372,0.0,165.45529440900197,129.13783931185736,165.45529440900197,True,True
au,Sydney_North_Sydney_and_Hornsby,LU,20.0,300.0,0.9,218.9019010727015,97.45727371773427,True,28.97601501511467,218.90190107270155,0.0,251.09248272557693,189.92588605758687,251.09248272557693,True,True
au,Sydney_North_Sydney_and_Hornsby,LU,20.0,500.0,0.9,218.9019010727015,97.45727371773427,True,28.976015015114722,218.90190107270155,1.1368683772161603e-13,423.60085414674904,189.92588605758684,423.60085414674893,True,True
au,Sydney_North_Sydney_and_Hornsby,LU,20.0,100.0,1.0,292.74783955525055,97.45727371773427,True,0.29089130298636273,203.27466909739277,0.0,239.30123289155102,202.98377779440642,239.30123289155102,True,True
au,Sydney_North_Sydney_and_Hornsby,LU,20.0,300.0,1.0,292.74783955525055,97.45727371773427,True,28.97601501511467,292.7478395552506,0.0,324.938421208126,263.7718245401359,324.938421208126,True,True
au,Sydney_North_Sydney_and_Hornsby,LU,20.0,500.0,1.0,292.74783955525055,97.45727371773427,True,28.976015015114722,292.7478395552506,1.1368683772161603e-13,524.9384212081261,263.77182454013587,524.938421208126,True,True
au,Sydney_North_Sydney_and_Hornsby,LU-soft,20.0,100.0,0.5,0.5925440428897141,96.35418836785874,False,0.28592102577913386,0.009184432664790904,0.0,0.0,-0.27673659311434295,0.0,False,True
au,Sydney_North_Sydney_and_Hornsby,LU-soft,20.0,300.0,0.5,0.5925440428897141,96.35418836785874,False,28.845694406927766,0.5925440428897438,0.0,0.013716135222790627,-28.25315036403802,0.013716135222790627,False,True
au,Sydney_North_Sydney_and_Hornsby,LU-soft,20.0,500.0,0.5,0.5925440428897141,96.35418836785874,False,28.845694406927826,0.5925440428897487,1.1368683772161603e-13,0.013716135222790627,-28.253150364038078,0.01371613522267694,False,True
au,Sydney_North_Sydney_and_Hornsby,LU-soft,20.0,100.0,0.8,142.93046215085852,96.35418836785874,True,0.28592102577913386,53.80823438772356,0.0,89.67840758593083,53.52231336194443,89.67840758593083,True,True
au,Sydney_North_Sydney_and_Hornsby,LU-soft,20.0,300.0,0.8,142.93046215085852,96.35418836785874,True,28.845694406927766,142.93046215085855,0.0,175.8343813256913,114.08476774393078,175.8343813256913,True,True
au,Sydney_North_Sydney_and_Hornsby,LU-soft,20.0,500.0,0.8,142.93046215085852,96.35418836785874,True,28.845694406927826,142.93046215085857,1.1368683772161603e-13,271.56908561129075,114.08476774393074,271.56908561129063,True,True
au,Sydney_North_Sydney_and_Hornsby,LU-soft,20.0,100.0,0.9,218.73473209705944,96.35418836785874,True,0.28592102577913386,129.2488869642492,0.0,165.48267753213173,128.96296593847006,165.48267753213173,True,True
au,Sydney_North_Sydney_and_Hornsby,LU-soft,20.0,300.0,0.9,218.73473209705944,96.35418836785874,True,28.845694406927766,218.73473209705938,0.0,251.6386512718923,189.8890376901316,251.6386512718923,True,True
au,Sydney_North_Sydney_and_Hornsby,LU-soft,20.0,500.0,0.9,218.73473209705944,96.35418836785874,True,28.845694406927826,218.73473209705944,1.1368683772161603e-13,423.1776255036927,189.8890376901316,423.1776255036926,True,True
au,Sydney_North_Sydney_and_Hornsby,LU-soft,20.0,100.0,1.0,293.7585960842371,96.35418836785874,True,0.28592102577913386,204.27275095142693,0.0,240.50654151930934,203.98682992564778,240.50654151930934,True,True
au,Sydney_North_Sydney_and_Hornsby,LU-soft,20.0,300.0,1.0,293.7585960842371,96.35418836785874,True,28.845694406927766,293.7585960842371,0.0,326.66251525906995,264.9129016773094,326.66251525906995,True,True
au,Sydney_North_Sydney_and_Hornsby,LU-soft,20.0,500.0,1.0,293.7585960842371,96.35418836785874,True,28.845694406927826,293.7585960842371,1.1368683772161603e-13,526.66251525907,264.9129016773093,526.6625152590699,True,True
au,Sydney_North_Sydney_and_Hornsby,Ref,20.0,100.0,0.5,0.6181759319853201,68.62201326297583,False,0.3793046335350118,0.009581726945773198,0.0,0.0,-0.3697229065892386,0.0,False,True
au,Sydney_North_Sydney_and_Hornsby,Ref,20.0,300.0,0.5,0.6181759319853201,68.62201326297583,False,12.665671567967308,0.6181759319853477,0.0,0.0858920457013312,-12.04749563598196,0.0858920457013312,False,True
au,Sydney_North_Sydney_and_Hornsby,Ref,20.0,500.0,0.5,0.6181759319853201,68.62201326297583,False,12.665671567967362,0.6181759319853558,1.1368683772161603e-13,0.0858920457013312,-12.047495635982006,0.08589204570121751,False,True
au,Sydney_North_Sydney_and_Hornsby,Ref,20.0,100.0,0.8,70.59000388527384,68.62201326297583,True,0.3793046335350118,14.113043898796747,0.0,41.98390105107475,13.733739265261734,41.98390105107475,True,True
au,Sydney_North_Sydney_and_Hornsby,Ref,20.0,300.0,0.8,70.59000388527384,68.62201326297583,True,12.665671567967308,70.59000388527387,0.0,128.26759460023214,57.924332317306565,128.26759460023214,True,True
au,Sydney_North_Sydney_and_Hornsby,Ref,20.0,500.0,0.8,70.59000388527384,68.62201326297583,True,12.665671567967362,70.59000388527389,1.1368683772161603e-13,128.60132131040854,57.92433231730652,128.60132131040842,True,True
au,Sydney_North_Sydney_and_Hornsby,Ref,20.0,100.0,0.9,96.30983201104075,68.62201326297583,True,0.3793046335350118,28.169696782750563,0.0,67.70372917684168,27.790392149215553,67.70372917684168,True,True
au,Sydney_North_Sydney_and_Hornsby,Ref,20.0,300.0,0.9,96.30983201104075,68.62201326297583,True,12.665671567967308,96.30983201104077,0.0,155.17189648635994,83.64416044307346,155.17189648635994,True,True
au,Sydney_North_Sydney_and_Hornsby,Ref,20.0,500.0,0.9,96.30983201104075,68.62201326297583,True,12.665671567967362,96.30983201104077,1.1368683772161603e-13,180.04097756194238,83.6441604430734,180.04097756194227,True,True
au,Sydney_North_Sydney_and_Hornsby,Ref,20.0,100.0,1.0,107.25328298047768,68.62201326297583,True,0.3793046335350118,37.47793533480788,0.0,78.6471801462786,37.09863070127287,78.6471801462786,True,True
au,Sydney_North_Sydney_and_Hornsby,Ref,20.0,300.0,1.0,107.25328298047768,68.62201326297583,True,12.665671567967308,107.25328298047769,0.0,166.1153474557969,94.58761141251038,166.1153474557969,True,True
au,Sydney_North_Sydney_and_Hornsby,Ref,20.0,500.0,1.0,107.25328298047768,68.62201326297583,True,12.665671567967362,107.25328298047772,1.1368683772161603e-13,201.92787950081623,94.58761141251036,201.92787950081612,True,True
au,Sydney_North_Sydney_and_Hornsby,GNN-oof-42,20.0,100.0,0.5,0.04315156243043829,103.05621255874843,False,0.35062964382710754,0.0006688492176722036,0.0,0.0,-0.34996079460943535,0.0,False,True
au,Sydney_North_Sydney_and_Hornsby,GNN-oof-42,20.0,300.0,0.5,0.04315156243043829,103.05621255874843,False,24.41711612775522,0.043151562430463544,0.0,0.0,-24.37396456532476,0.0,False,True
au,Sydney_North_Sydney_and_Hornsby,GNN-oof-42,20.0,500.0,0.5,0.04315156243043829,103.05621255874843,False,24.417116127755268,0.04315156243046687,1.1368683772161603e-13,0.0,-24.3739645653248,-1.1368683772161603e-13,False,True
au,Sydney_North_Sydney_and_Hornsby,GNN-oof-42,20.0,100.0,0.8,166.22978649737254,103.05621255874843,True,0.35062964382710754,80.4395809596917,0.0,134.5941490053879,80.08895131586459,134.5941490053879,True,True
au,Sydney_North_Sydney_and_Hornsby,GNN-oof-42,20.0,300.0,0.8,166.22978649737254,103.05621255874843,True,24.41711612775522,166.2297864973725,0.0,188.6574913192516,141.81267036961725,188.6574913192516,True,True
au,Sydney_North_Sydney_and_Hornsby,GNN-oof-42,20.0,500.0,0.8,166.22978649737254,103.05621255874843,True,24.417116127755268,166.22978649737254,1.1368683772161603e-13,321.85070123045136,141.81267036961728,321.85070123045125,True,True
au,Sydney_North_Sydney_and_Hornsby,GNN-oof-42,20.0,100.0,0.9,195.70834715785742,103.05621255874843,True,0.35062964382710754,109.79183447904896,0.0,164.07270966587276,109.44120483522185,164.07270966587276,True,True
au,Sydney_North_Sydney_and_Hornsby,GNN-oof-42,20.0,300.0,0.9,195.70834715785742,103.05621255874843,True,24.41711612775522,195.70834715785745,0.0,218.13605197973644,171.2912310301022,218.13605197973644,True,True
au,Sydney_North_Sydney_and_Hornsby,GNN-oof-42,20.0,500.0,0.9,195.70834715785742,103.05621255874843,True,24.417116127755268,195.70834715785747,1.1368683772161603e-13,380.8078225514211,171.2912310301022,380.807822551421,True,True
au,Sydney_North_Sydney_and_Hornsby,GNN-oof-42,20.0,100.0,1.0,255.99659690438565,103.05621255874843,True,0.35062964382710754,170.0800842255772,0.0,224.360959412401,169.72945458175008,224.360959412401,True,True
au,Sydney_North_Sydney_and_Hornsby,GNN-oof-42,20.0,300.0,1.0,255.99659690438565,103.05621255874843,True,24.41711612775522,255.99659690438563,0.0,278.4243017262647,231.57948077663042,278.4243017262647,True,True
au,Sydney_North_Sydney_and_Hornsby,GNN-oof-42,20.0,500.0,1.0,255.99659690438565,103.05621255874843,True,24.417116127755268,255.99659690438565,1.1368683772161603e-13,478.4243017262646,231.5794807766304,478.4243017262645,True,True
au,Sydney_North_Sydney_and_Hornsby,GNN-oof-123,20.0,100.0,0.5,0.3204618204862594,101.35887750653905,False,0.37038619449453086,0.0049671582175377016,0.0,0.0,-0.3654190362769932,0.0,False,True
au,Sydney_North_Sydney_and_Hornsby,GNN-oof-123,20.0,300.0,0.5,0.3204618204862594,101.35887750653905,False,25.658933508262155,0.3204618204862904,0.0,0.0,-25.338471687775865,0.0,False,True
au,Sydney_North_Sydney_and_Hornsby,GNN-oof-123,20.0,500.0,0.5,0.3204618204862594,101.35887750653905,False,25.6589335082622,0.32046182048629646,1.1368683772161603e-13,0.0,-25.338471687775904,-1.1368683772161603e-13,False,True
au,Sydney_North_Sydney_and_Hornsby,GNN-oof-123,20.0,100.0,0.8,161.12980343767495,101.35887750653905,True,0.37038619449453086,75.41069599920544,0.0,122.93967705316399,75.04030980471092,122.93967705316399,True,True
au,Sydney_North_Sydney_and_Hornsby,GNN-oof-123,20.0,300.0,0.8,161.12980343767495,101.35887750653905,True,25.658933508262155,161.129803437675,0.0,184.35740056598993,135.47086992941286,184.35740056598993,True,True
au,Sydney_North_Sydney_and_Hornsby,GNN-oof-123,20.0,500.0,0.8,161.12980343767495,101.35887750653905,True,25.6589335082622,161.129803437675,1.1368683772161603e-13,311.7149963610299,135.4708699294128,311.71499636102976,True,True
au,Sydney_North_Sydney_and_Hornsby,GNN-oof-123,20.0,100.0,0.9,187.07545906320144,101.35887750653905,True,0.37038619449453086,101.14819385198705,0.0,148.88533267869045,100.77780765749252,148.88533267869045,True,True
au,Sydney_North_Sydney_and_Hornsby,GNN-oof-123,20.0,300.0,0.9,187.07545906320144,101.35887750653905,True,25.658933508262155,187.07545906320138,0.0,210.30305619151636,161.41652555493923,210.30305619151636,True,True
au,Sydney_North_Sydney_and_Hornsby,GNN-oof-123,20.0,500.0,0.9,187.07545906320144,101.35887750653905,True,25.6589335082622,187.07545906320144,1.1368683772161603e-13,363.6063076120829,161.41652555493923,363.6063076120828,True,True
au,Sydney_North_Sydney_and_Hornsby,GNN-oof-123,20.0,100.0,1.0,206.68073711411733,101.35887750653905,True,0.37038619449453086,120.75274269368127,0.0,168.49061072960632,120.38235649918674,168.49061072960632,True,True
au,Sydney_North_Sydney_and_Hornsby,GNN-oof-123,20.0,300.0,1.0,206.68073711411733,101.35887750653905,True,25.658933508262155,206.6807371141173,0.0,229.9083342424323,181.02180360585515,229.9083342424323,True,True
au,Sydney_North_Sydney_and_Hornsby,GNN-oof-123,20.0,500.0,1.0,206.68073711411733,101.35887750653905,True,25.6589335082622,206.6807371141174,1.1368683772161603e-13,402.8168637139146,181.02180360585518,402.8168637139145,True,True
au,Sydney_North_Sydney_and_Hornsby,GNN-oof-456,20.0,100.0,0.5,0.11448866099249229,102.98010032362447,False,0.5055209774141225,0.0030270134975137067,0.0,0.0,-0.5024939639166088,0.0,False,True
au,Sydney_North_Sydney_and_Hornsby,GNN-oof-456,20.0,300.0,0.5,0.11448866099249229,102.98010032362447,False,25.145923070645075,0.11448866099249244,0.0,0.0,-25.031434409652583,0.0,False,True
au,Sydney_North_Sydney_and_Hornsby,GNN-oof-456,20.0,500.0,0.5,0.11448866099249229,102.98010032362447,False,25.14592307064513,0.11448866099249295,1.1368683772161603e-13,0.0,-25.031434409652636,-1.1368683772161603e-13,False,True
au,Sydney_North_Sydney_and_Hornsby,GNN-oof-456,20.0,100.0,0.8,188.6261327531449,102.98010032362447,True,0.5055209774141225,105.51725249374137,0.0,156.67541478466882,105.01173151632725,156.67541478466882,True,True
au,Sydney_North_Sydney_and_Hornsby,GNN-oof-456,20.0,300.0,0.8,188.6261327531449,102.98010032362447,True,25.145923070645075,188.6261327531449,0.0,206.95845007346938,163.48020968249983,206.95845007346938,True,True
au,Sydney_North_Sydney_and_Hornsby,GNN-oof-456,20.0,500.0,0.8,188.6261327531449,102.98010032362447,True,25.14592307064513,188.6261327531449,1.1368683772161603e-13,368.36342909571783,163.48020968249978,368.3634290957177,True,True
au,Sydney_North_Sydney_and_Hornsby,GNN-oof-456,20.0,100.0,0.9,197.4838543513815,102.98010032362447,True,0.5055209774141225,114.37420960819273,0.0,165.5331363829054,113.8686886307786,165.5331363829054,True,True
au,Sydney_North_Sydney_and_Hornsby,GNN-oof-456,20.0,300.0,0.9,197.4838543513815,102.98010032362447,True,25.145923070645075,197.48385435138155,0.0,215.81617167170594,172.33793128073648,215.81617167170594,True,True
au,Sydney_North_Sydney_and_Hornsby,GNN-oof-456,20.0,500.0,0.9,197.4838543513815,102.98010032362447,True,25.14592307064513,197.48385435138155,1.1368683772161603e-13,386.0788722921911,172.33793128073643,386.07887229219097,True,True
au,Sydney_North_Sydney_and_Hornsby,GNN-oof-456,20.0,100.0,1.0,279.0030432671111,102.98010032362447,True,0.5055209774141225,195.89339852392231,0.0,247.05232529863503,195.38787754650818,247.05232529863503,True,True
au,Sydney_North_Sydney_and_Hornsby,GNN-oof-456,20.0,300.0,1.0,279.0030432671111,102.98010032362447,True,25.145923070645075,279.0030432671111,0.0,297.3353605874355,253.857120196466,297.3353605874355,True,True
au,Sydney_North_Sydney_and_Hornsby,GNN-oof-456,20.0,500.0,1.0,279.0030432671111,102.98010032362447,True,25.14592307064513,279.0030432671111,1.1368683772161603e-13,497.3353605874355,253.85712019646596,497.3353605874354,True,True
au,Sydney_Northern_Beaches,Uni,10.0,100.0,0.5,74.6837106666131,137.87588547387668,False,48.40865559628516,58.23315236563986,19.966249999999945,3.2546925640332605,9.824496769354703,-16.711557435966686,True,False
au,Sydney_Northern_Beaches,Uni,10.0,300.0,0.5,74.6837106666131,137.87588547387668,False,65.29529715096157,74.6837106666131,2.691874999999982,134.60269583059153,9.388413515651521,131.91082083059155,True,True
au,Sydney_Northern_Beaches,Uni,10.0,500.0,0.5,74.6837106666131,137.87588547387668,False,65.29529715096157,74.68371066661312,2.691874999999982,134.60269583059153,9.38841351565155,131.91082083059155,True,True
au,Sydney_Northern_Beaches,Uni,10.0,100.0,0.8,118.4643507141781,137.87588547387668,False,48.40865559628516,101.57770915950171,19.966249999999945,43.675005974512615,53.16905356321655,23.70875597451267,True,True
au,Sydney_Northern_Beaches,Uni,10.0,300.0,0.8,118.4643507141781,137.87588547387668,False,65.29529715096157,118.46435071417814,2.691874999999982,219.34443216751006,53.169053563216565,216.65255716751008,True,True
au,Sydney_Northern_Beaches,Uni,10.0,500.0,0.8,118.4643507141781,137.87588547387668,False,65.29529715096157,118.46435071417814,2.691874999999982,222.16397592572147,53.169053563216565,219.4721009257215,True,True
au,Sydney_Northern_Beaches,Uni,10.0,100.0,0.9,123.93601648275238,137.87588547387668,False,48.40865559628516,107.04937492807596,19.966249999999945,49.1466717430869,58.640719331790805,29.180421743086953,True,True
au,Sydney_Northern_Beaches,Uni,10.0,300.0,0.9,123.93601648275238,137.87588547387668,False,65.29529715096157,123.9360164827524,2.691874999999982,224.8160979360843,58.64071933179082,222.12422293608432,True,True
au,Sydney_Northern_Beaches,Uni,10.0,500.0,0.9,123.93601648275238,137.87588547387668,False,65.29529715096157,123.9360164827524,2.691874999999982,233.1073074628701,58.64071933179082,230.41543246287011,True,True
au,Sydney_Northern_Beaches,Uni,10.0,100.0,1.0,132.97749655072155,137.87588547387668,False,48.40865559628516,116.09085499604514,19.966249999999945,58.1881518110561,67.68219939975998,38.221901811056156,True,True
au,Sydney_Northern_Beaches,Uni,10.0,300.0,1.0,132.97749655072155,137.87588547387668,False,65.29529715096157,132.97749655072158,2.691874999999982,233.8575780040535,67.68219939976001,231.1657030040535,True,True
au,Sydney_Northern_Beaches,Uni,10.0,500.0,1.0,132.97749655072155,137.87588547387668,False,65.29529715096157,132.97749655072158,2.691874999999982,251.19026759880848,67.68219939976001,248.4983925988085,True,True
au,Sydney_Northern_Beaches,LU,10.0,100.0,0.5,78.0531723898766,142.13262335273262,False,49.7486752921928,60.64071574061685,19.966249999999945,3.7134309276572024,10.892040448424048,-16.252819072342742,True,False
au,Sydney_Northern_Beaches,LU,10.0,300.0,0.5,78.0531723898766,142.13262335273262,False,67.595739725432,78.05317238987662,2.018906249999958,140.6540803728314,10.457432664444624,138.63517412283144,True,True
au,Sydney_Northern_Beaches,LU,10.0,500.0,0.5,78.0531723898766,142.13262335273262,False,67.595739725432,78.05317238987664,2.0189062499999864,140.65408037283146,10.457432664444639,138.63517412283147,True,True
au,Sydney_Northern_Beaches,LU,10.0,100.0,0.8,110.80122555750026,142.13262335273262,False,49.7486752921928,92.96798274319626,19.966249999999945,33.47063082152396,43.21930745100346,13.504380821524016,True,True
au,Sydney_Northern_Beaches,LU,10.0,300.0,0.8,110.80122555750026,142.13262335273262,False,67.595739725432,110.80122555750029,2.018906249999958,206.03059026732188,43.20548583206829,204.01168401732193,True,True
au,Sydney_Northern_Beaches,LU,10.0,500.0,0.8,110.80122555750026,142.13262335273262,False,67.595739725432,110.80122555750032,2.0189062499999864,206.15018670807882,43.20548583206832,204.13128045807883,True,True
au,Sydney_Northern_Beaches,LU,10.0,100.0,0.9,134.2707273170308,142.13262335273262,False,49.7486752921928,116.42366288379162,19.966249999999945,56.94013258105451,66.67498759159882,36.97388258105457,True,True
au,Sydney_Northern_Beaches,LU,10.0,300.0,0.9,134.2707273170308,142.13262335273262,False,67.595739725432,134.27072731703083,2.018906249999958,231.2866138744636,66.67498759159884,229.26770762446364,True,True
au,Sydney_Northern_Beaches,LU,10.0,500.0,0.9,134.2707273170308,142.13262335273262,False,67.595739725432,134.27072731703083,2.0189062499999864,253.08919022713994,66.67498759159884,251.07028397713995,True,True
au,Sydney_Northern_Beaches,LU,10.0,100.0,1.0,150.51542687497323,142.13262335273262,True,49.7486752921928,132.66836244173402,19.966249999999945,73.18483213899694,82.91968714954122,53.21858213899699,True,True
au,Sydney_Northern_Beaches,LU,10.0,300.0,1.0,150.51542687497323,142.13262335273262,True,67.595739725432,150.5154268749733,2.018906249999958,247.53131343240597,82.91968714954129,245.512407182406,True,True
au,Sydney_Northern_Beaches,LU,10.0,500.0,1.0,150.51542687497323,142.13262335273262,True,67.595739725432,150.51542687497334,2.0189062499999864,285.5785893430247,82.91968714954135,283.5596830930247,True,True
au,Sydney_Northern_Beaches,LU-soft,10.0,100.0,0.5,77.27745407676086,141.5410977157024,False,49.56163406017204,60.02027802647895,19.966249999999945,3.4574079993569597,10.458643966306909,-16.508842000642986,True,False
au,Sydney_Northern_Beaches,LU-soft,10.0,300.0,0.5,77.27745407676086,141.5410977157024,False,67.26817779188198,77.2774540767609,2.018906249999958,139.20776329870606,10.009276284878922,137.1888570487061,True,True
au,Sydney_Northern_Beaches,LU-soft,10.0,500.0,0.5,77.27745407676086,141.5410977157024,False,67.26817779188198,77.27745407676092,2.0189062499999864,139.2077632987059,10.009276284878936,137.18885704870593,True,True
au,Sydney_Northern_Beaches,LU-soft,10.0,100.0,0.8,111.1092680580151,141.5410977157024,False,49.56163406017204,93.41407490339301,19.966249999999945,34.12634686308439,43.852440843220975,14.160096863084448,True,True
au,Sydney_Northern_Beaches,LU-soft,10.0,300.0,0.8,111.1092680580151,141.5410977157024,False,67.26817779188198,111.10926805801512,2.018906249999958,206.76553142946923,43.841090266133136,204.74662517946928,True,True
au,Sydney_Northern_Beaches,LU-soft,10.0,500.0,0.8,111.1092680580151,141.5410977157024,False,67.26817779188198,111.10926805801512,2.0189062499999864,206.87139126121446,43.841090266133136,204.85248501121447,True,True
au,Sydney_Northern_Beaches,LU-soft,10.0,100.0,0.9,134.18033823173914,141.5410977157024,False,49.56163406017204,116.47379450002919,19.966249999999945,57.19741703680843,66.91216043985715,37.231167036808486,True,True
au,Sydney_Northern_Beaches,LU-soft,10.0,300.0,0.9,134.18033823173914,141.5410977157024,False,67.26817779188198,134.1803382317391,2.018906249999958,231.72733510071413,66.91216043985713,229.70842885071417,True,True
au,Sydney_Northern_Beaches,LU-soft,10.0,500.0,0.9,134.18033823173914,141.5410977157024,False,67.26817779188198,134.1803382317391,2.0189062499999864,253.01353160866265,66.91216043985713,250.99462535866266,True,True
au,Sydney_Northern_Beaches,LU-soft,10.0,100.0,1.0,150.51542687497323,141.5410977157024,True,49.56163406017204,132.80888314326327,19.966249999999945,73.53250568004253,83.24724908309123,53.56625568004259,True,True
au,Sydney_Northern_Beaches,LU-soft,10.0,300.0,1.0,150.51542687497323,141.5410977157024,True,67.26817779188198,150.5154268749733,2.018906249999958,248.0624237439482,83.2472490830913,246.04351749394823,True,True
au,Sydney_Northern_Beaches,LU-soft,10.0,500.0,1.0,150.51542687497323,141.5410977157024,True,67.26817779188198,150.51542687497334,2.0189062499999864,285.68370889513074,83.24724908309136,283.66480264513075,True,True
au,Sydney_Northern_Beaches,Ref,10.0,100.0,0.5,48.35499806032205,63.33188179498495,False,12.938347400144412,47.00390967836284,13.459374999999966,41.079122044198556,34.06556227821842,27.61974704419859,True,True
au,Sydney_Northern_Beaches,Ref,10.0,300.0,0.5,48.35499806032205,63.33188179498495,False,14.289435782103617,48.354998060322075,2.009765625,85.90087638258828,34.06556227821846,83.89111075758828,True,True
au,Sydney_Northern_Beaches,Ref,10.0,500.0,0.5,48.35499806032205,63.33188179498495,False,14.28943578210362,48.35499806032208,2.009765625,85.90087638258828,34.065562278218465,83.89111075758828,True,True
au,Sydney_Northern_Beaches,Ref,10.0,100.0,0.8,72.8417579236663,63.33188179498495,True,12.938347400144412,71.49066954170709,13.459374999999966,65.56588190754282,58.552322141562684,52.10650690754285,True,True
au,Sydney_Northern_Beaches,Ref,10.0,300.0,0.8,72.8417579236663,63.33188179498495,True,14.289435782103617,72.84175792366634,2.009765625,134.87439610927672,58.55232214156272,132.86463048427672,True,True
au,Sydney_Northern_Beaches,Ref,10.0,500.0,0.8,72.8417579236663,63.33188179498495,True,14.28943578210362,72.84175792366634,2.009765625,134.87439610927677,58.55232214156271,132.86463048427677,True,True
au,Sydney_Northern_Beaches,Ref,10.0,100.0,0.9,75.6166096388208,63.33188179498495,True,12.938347400144412,74.26552125686162,13.459374999999966,68.3407336226973,61.32717385671721,54.881358622697334,True,True
au,Sydney_Northern_Beaches,Ref,10.0,300.0,0.9,75.6166096388208,63.33188179498495,True,14.289435782103617,75.61660963882082,2.009765625,140.42409953958577,61.3271738567172,138.41433391458577,True,True
au,Sydney_Northern_Beaches,Ref,10.0,500.0,0.9,75.6166096388208,63.33188179498495,True,14.28943578210362,75.61660963882082,2.009765625,140.42409953958563,61.327173856717195,138.41433391458563,True,True
au,Sydney_Northern_Beaches,Ref,10.0,100.0,1.0,113.54324614294225,63.33188179498495,True,12.938347400144412,112.19215776098305,13.459374999999966,106.26737012681875,99.25381036083864,92.80799512681878,True,True
au,Sydney_Northern_Beaches,Ref,10.0,300.0,1.0,113.54324614294225,63.33188179498495,True,14.289435782103617,113.54324614294228,2.009765625,216.2773725478286,99.25381036083866,214.2676069228286,True,True
au,Sydney_Northern_Beaches,Ref,10.0,500.0,1.0,113.54324614294225,63.33188179498495,True,14.28943578210362,113.54324614294228,2.009765625,216.2773725478287,99.25381036083866,214.2676069228287,True,True
au,Sydney_Northern_Beaches,GNN-oof-42,10.0,100.0,0.5,103.5463105563441,112.70143404446519,False,37.11709433423936,96.57337247657762,19.966249999999945,40.55925446136921,59.456278142338256,20.59300446136926,True,True
au,Sydney_Northern_Beaches,GNN-oof-42,10.0,300.0,0.5,103.5463105563441,112.70143404446519,False,44.090032414005826,103.54631055634411,13.996718749999843,198.31988676889264,59.456278142338284,184.3231680188928,True,True
au,Sydney_Northern_Beaches,GNN-oof-42,10.0,500.0,0.5,103.5463105563441,112.70143404446519,False,44.09003241400583,103.54631055634414,13.9967187499999,198.31988676889256,59.456278142338306,184.32316801889266,True,True
au,Sydney_Northern_Beaches,GNN-oof-42,10.0,100.0,0.8,147.8003729531654,112.70143404446519,True,37.11709433423936,140.82743487339891,19.966249999999945,84.81331685819052,103.71034053915955,64.84706685819057,True,True
au,Sydney_Northern_Beaches,GNN-oof-42,10.0,300.0,0.8,147.8003729531654,112.70143404446519,True,44.090032414005826,147.80037295316544,13.996718749999843,275.89363852426777,103.7103405391596,261.89691977426793,True,True
au,Sydney_Northern_Beaches,GNN-oof-42,10.0,500.0,0.8,147.8003729531654,112.70143404446519,True,44.09003241400583,147.80037295316544,13.9967187499999,286.82801156253515,103.7103405391596,272.83129281253525,True,True
au,Sydney_Northern_Beaches,GNN-oof-42,10.0,100.0,0.9,175.21596968799554,112.70143404446519,True,37.11709433423936,168.24303160822905,19.966249999999945,112.22891359302066,131.12593727398968,92.26266359302072,True,True
au,Sydney_Northern_Beaches,GNN-oof-42,10.0,300.0,0.9,175.21596968799554,112.70143404446519,True,44.090032414005826,175.21596968799554,13.996718749999843,303.30923525909805,131.1259372739897,289.3125165090982,True,True
au,Sydney_Northern_Beaches,GNN-oof-42,10.0,500.0,0.9,175.21596968799554,112.70143404446519,True,44.09003241400583,175.21596968799554,13.9967187499999,341.6592050321957,131.1259372739897,327.6624862821958,True,True
au,Sydney_Northern_Beaches,GNN-oof-42,10.0,100.0,1.0,243.7403300332181,112.70143404446519,True,37.11709433423936,236.76739195345158,19.966249999999945,180.75327393824324,199.6502976192122,160.7870239382433,True,True
au,Sydney_Northern_Beaches,GNN-oof-42,10.0,300.0,1.0,243.7403300332181,112.70143404446519,True,44.090032414005826,243.74033003321807,13.996718749999843,371.83359560432046,199.65029761921224,357.8368768543206,True,True
au,Sydney_Northern_Beaches,GNN-oof-42,10.0,500.0,1.0,243.7403300332181,112.70143404446519,True,44.09003241400583,243.74033003321807,13.9967187499999,478.7079257226407,199.65029761921224,464.7112069726408,True,True
au,Sydney_Northern_Beaches,GNN-oof-123,10.0,100.0,0.5,95.46295044070983,128.53596063333342,False,40.55065625544781,87.63827263057802,19.966249999999945,18.55828016066743,47.0876163751302,-1.407969839332516,True,False
au,Sydney_Northern_Beaches,GNN-oof-123,10.0,300.0,0.5,95.46295044070983,128.53596063333342,False,48.37533406557966,95.46295044070986,13.189843749999852,180.71915889111872,47.0876163751302,167.52931514111887,True,True
au,Sydney_Northern_Beaches,GNN-oof-123,10.0,500.0,0.5,95.46295044070983,128.53596063333342,False,48.375334065579665,95.46295044070986,13.189843749999852,180.71915889111864,47.087616375130196,167.5293151411188,True,True
au,Sydney_Northern_Beaches,GNN-oof-123,10.0,100.0,0.8,142.37702274218717,128.53596063333342,True,40.55065625544781,134.5523449320553,19.966249999999945,65.47235246214477,94.00168867660747,45.506102462144824,True,True
au,Sydney_Northern_Beaches,GNN-oof-123,10.0,300.0,0.8,142.37702274218717,128.53596063333342,True,48.37533406557966,142.3770227421872,13.189843749999852,254.3600260614241,94.00168867660753,241.17018231142424,True,True
au,Sydney_Northern_Beaches,GNN-oof-123,10.0,500.0,0.8,142.37702274218717,128.53596063333342,True,48.375334065579665,142.3770227421872,13.189843749999852,274.5473034940733,94.00168867660753,261.3574597440734,True,True
au,Sydney_Northern_Beaches,GNN-oof-123,10.0,100.0,0.9,162.5898594378742,128.53596063333342,True,40.55065625544781,154.76518162774232,19.966249999999945,85.68518915783179,114.2145253722945,65.71893915783184,True,True
au,Sydney_Northern_Beaches,GNN-oof-123,10.0,300.0,0.9,162.5898594378742,128.53596063333342,True,48.37533406557966,162.58985943787417,13.189843749999852,274.5728627571112,114.2145253722945,261.38301900711133,True,True
au,Sydney_Northern_Beaches,GNN-oof-123,10.0,500.0,0.9,162.5898594378742,128.53596063333342,True,48.375334065579665,162.58985943787417,13.189843749999852,314.97297688544745,114.2145253722945,301.7831331354476,True,True
au,Sydney_Northern_Beaches,GNN-oof-123,10.0,100.0,1.0,247.37277316920122,128.53596063333342,True,40.55065625544781,239.54809535906935,19.966249999999945,170.46810288915884,198.99743910362153,150.5018528891589,True,True
au,Sydney_Northern_Beaches,GNN-oof-123,10.0,300.0,1.0,247.37277316920122,128.53596063333342,True,48.37533406557966,247.37277316920122,13.189843749999852,359.3557764884382,198.99743910362156,346.16593273843836,True,True
au,Sydney_Northern_Beaches,GNN-oof-123,10.0,500.0,1.0,247.37277316920122,128.53596063333342,True,48.375334065579665,247.37277316920122,13.189843749999852,484.5388043481015,198.99743910362156,471.34896059810166,True,True
au,Sydney_Northern_Beaches,GNN-oof-456,10.0,100.0,0.5,101.96963178398444,121.68434017097017,False,39.53621563013517,93.80665538433831,19.966249999999945,31.62399918138965,54.270439754203146,11.657749181389704,True,True
au,Sydney_Northern_Beaches,GNN-oof-456,10.0,300.0,0.5,101.96963178398444,121.68434017097017,False,47.69919202978128,101.96963178398444,13.9967187499999,194.60050641724837,54.27043975420316,180.60378766724847,True,True
au,Sydney_Northern_Beaches,GNN-oof-456,10.0,500.0,0.5,101.96963178398444,121.68434017097017,False,47.69919202978129,101.96963178398445,13.9967187499999,194.60050641724843,54.27043975420317,180.60378766724853,True,True
au,Sydney_Northern_Beaches,GNN-oof-456,10.0,100.0,0.8,140.99308911536465,121.68434017097017,True,39.53621563013517,132.83011271571857,19.966249999999945,70.64745651276988,93.29389708558341,50.68120651276993,True,True
au,Sydney_Northern_Beaches,GNN-oof-456,10.0,300.0,0.8,140.99308911536465,121.68434017097017,True,47.69919202978128,140.9930891153647,13.9967187499999,260.8848774980162,93.29389708558344,246.88815874801628,True,True
au,Sydney_Northern_Beaches,GNN-oof-456,10.0,500.0,0.8,140.99308911536465,121.68434017097017,True,47.69919202978129,140.9930891153647,13.9967187499999,272.6474210800087,93.29389708558342,258.6507023300088,True,True
au,Sydney_Northern_Beaches,GNN-oof-456,10.0,100.0,0.9,195.25408659777347,121.68434017097017,True,39.53621563013517,187.09111019812738,19.966249999999945,124.90845399517866,147.55489456799222,104.94220399517872,True,True
au,Sydney_Northern_Beaches,GNN-oof-456,10.0,300.0,0.9,195.25408659777347,121.68434017097017,True,47.69919202978128,195.25408659777347,13.9967187499999,315.14587498042494,147.5548945679922,301.14915623042504,True,True
au,Sydney_Northern_Beaches,GNN-oof-456,10.0,500.0,0.9,195.25408659777347,121.68434017097017,True,47.69919202978129,195.25408659777347,13.9967187499999,381.1694160448264,147.55489456799216,367.1726972948265,True,True
au,Sydney_Northern_Beaches,GNN-oof-456,10.0,100.0,1.0,245.63810064953057,121.68434017097017,True,39.53621563013517,237.4751242498845,19.966249999999945,175.29246804693577,197.93890861974933,155.32621804693582,True,True
au,Sydney_Northern_Beaches,GNN-oof-456,10.0,300.0,1.0,245.63810064953057,121.68434017097017,True,47.69919202978128,245.63810064953063,13.9967187499999,365.52988903218204,197.93890861974936,351.53317028218214,True,True
au,Sydney_Northern_Beaches,GNN-oof-456,10.0,500.0,1.0,245.63810064953057,121.68434017097017,True,47.69919202978129,245.63810064953066,13.9967187499999,481.93744414834066,197.93890861974938,467.94072539834076,True,True
au,Sydney_Northern_Beaches,Uni,20.0,100.0,0.5,0.33444967011290794,70.80028723152594,False,5.067803849470887,0.25925350774872863,7.717187500000023,0.0,-4.8085503417221584,-7.717187500000023,False,False
au,Sydney_Northern_Beaches,Uni,20.0,300.0,0.5,0.33444967011290794,70.80028723152594,False,7.408757998421522,0.3344496701129174,5.787890625000131,0.0,-7.074308328308605,-5.787890625000131,False,False
au,Sydney_Northern_Beaches,Uni,20.0,500.0,0.5,0.33444967011290794,70.80028723152594,False,7.408757998421522,0.3344496701129174,5.787890625000102,0.0,-7.074308328308605,-5.787890625000102,False,False
au,Sydney_Northern_Beaches,Uni,20.0,100.0,0.8,77.45486104060926,70.80028723152594,True,5.067803849470887,75.11390689165864,7.717187500000023,31.73565852859059,70.04610304218775,24.018471028590568,True,True
au,Sydney_Northern_Beaches,Uni,20.0,300.0,0.8,77.45486104060926,70.80028723152594,True,7.408757998421522,77.45486104060933,5.787890625000131,140.67006026626177,70.04610304218781,134.88216964126164,True,True
au,Sydney_Northern_Beaches,Uni,20.0,500.0,0.8,77.45486104060926,70.80028723152594,True,7.408757998421522,77.45486104060932,5.787890625000102,140.67006026626171,70.0461030421878,134.8821696412616,True,True
au,Sydney_Northern_Beaches,Uni,20.0,100.0,0.9,117.32563743954832,70.80028723152594,True,5.067803849470887,114.98468329059762,7.717187500000023,71.60643492752965,109.91687944112672,63.889247427529625,True,True
au,Sydney_Northern_Beaches,Uni,20.0,300.0,0.9,117.32563743954832,70.80028723152594,True,7.408757998421522,117.3256374395483,5.787890625000131,220.41161306413997,109.91687944112678,214.62372243913984,True,True
au,Sydney_Northern_Beaches,Uni,20.0,500.0,0.9,117.32563743954832,70.80028723152594,True,7.408757998421522,117.32563743954832,5.787890625000102,220.41161306413977,109.9168794411268,214.62372243913967,True,True
au,Sydney_Northern_Beaches,Uni,20.0,100.0,1.0,173.71205566248864,70.80028723152594,True,5.067803849470887,171.37110151353798,7.717187500000023,127.99285315046998,166.3032976640671,120.27566565046996,True,True
au,Sydney_Northern_Beaches,Uni,20.0,300.0,1.0,173.71205566248864,70.80028723152594,True,7.408757998421522,173.7120556624886,5.787890625000131,324.34326567510976,166.3032976640671,318.55537505010966,True,True
au,Sydney_Northern_Beaches,Uni,20.0,500.0,1.0,173.71205566248864,70.80028723152594,True,7.408757998421522,173.7120556624886,5.787890625000102,333.18444951002056,166.3032976640671,327.39655888502045,True,True
au,Sydney_Northern_Beaches,LU,20.0,100.0,0.5,0.3322072062524144,74.25495121407516,False,4.99806439150895,0.2531754847117194,7.717187500000023,0.0,-4.744888906797231,-7.717187500000023,False,False
au,Sydney_Northern_Beaches,LU,20.0,300.0,0.5,0.3322072062524144,74.25495121407516,False,7.525863506028881,0.33220720625240574,5.787890625000131,0.0,-7.1936562997764755,-5.787890625000131,False,False
au,Sydney_Northern_Beaches,LU,20.0,500.0,0.5,0.3322072062524144,74.25495121407516,False,7.525863506028879,0.33220720625240574,5.787890625000102,0.0,-7.193656299776474,-5.787890625000102,False,False
au,Sydney_Northern_Beaches,LU,20.0,100.0,0.8,80.00706795860604,74.25495121407516,True,4.99806439150895,77.4792688440861,7.717187500000023,31.322011391031378,72.48120445257716,23.604823891031355,True,True
au,Sydney_Northern_Beaches,LU,20.0,300.0,0.8,80.00706795860604,74.25495121407516,True,7.525863506028881,80.00706795860606,5.787890625000131,145.19766410855055,72.48120445257717,139.40977348355042,True,True
au,Sydney_Northern_Beaches,LU,20.0,500.0,0.8,80.00706795860604,74.25495121407516,True,7.525863506028879,80.00706795860606,5.787890625000102,145.19766410855055,72.48120445257717,139.40977348355045,True,True
au,Sydney_Northern_Beaches,LU,20.0,100.0,0.9,122.3382828515403,74.25495121407516,True,4.99806439150895,119.81048373702035,7.717187500000023,73.65322628396564,114.8124193455114,65.93603878396561,True,True
au,Sydney_Northern_Beaches,LU,20.0,300.0,0.9,122.3382828515403,74.25495121407516,True,7.525863506028881,122.33828285154038,5.787890625000131,229.86009389441898,114.8124193455115,224.07220326941885,True,True
au,Sydney_Northern_Beaches,LU,20.0,500.0,0.9,122.3382828515403,74.25495121407516,True,7.525863506028879,122.33828285154038,5.787890625000102,229.860093894419,114.8124193455115,224.0722032694189,True,True
au,Sydney_Northern_Beaches,LU,20.0,100.0,1.0,163.6087572752188,74.25495121407516,True,4.99806439150895,161.08095816069888,7.717187500000023,114.92370070764416,156.08289376918992,107.20651320764414,True,True
au,Sydney_Northern_Beaches,LU,20.0,300.0,1.0,163.6087572752188,74.25495121407516,True,7.525863506028881,163.6087572752189,5.787890625000131,310.3233020899634,156.08289376919,304.5354114649633,True,True
au,Sydney_Northern_Beaches,LU,20.0,500.0,1.0,163.6087572752188,74.25495121407516,True,7.525863506028879,163.6087572752189,5.787890625000102,312.40104274177594,156.08289376919,306.61315211677584,True,True
au,Sydney_Northern_Beaches,LU-soft,20.0,100.0,0.5,0.3311566522072436,73.78415111289786,False,5.018860060369113,0.2531723446129285,7.717187500000023,0.0,-4.765687715756185,-7.717187500000023,False,False
au,Sydney_Northern_Beaches,LU-soft,20.0,300.0,0.5,0.3311566522072436,73.78415111289786,False,7.514923864606615,0.3311566522072553,5.787890625000131,0.0,-7.18376721239936,-5.787890625000131,False,False
au,Sydney_Northern_Beaches,LU-soft,20.0,500.0,0.5,0.3311566522072436,73.78415111289786,False,7.514923864606613,0.3311566522072553,5.787890625000102,0.0,-7.183767212399358,-5.787890625000102,False,False
au,Sydney_Northern_Beaches,LU-soft,20.0,100.0,0.8,79.87992439090657,73.78415111289786,True,5.018860060369113,77.38386058666906,7.717187500000023,31.614502018188233,72.36500052629995,23.89731451818821,True,True
au,Sydney_Northern_Beaches,LU-soft,20.0,300.0,0.8,79.87992439090657,73.78415111289786,True,7.514923864606615,79.87992439090658,5.787890625000131,145.01615982501127,72.36500052629997,139.22826920001114,True,True
au,Sydney_Northern_Beaches,LU-soft,20.0,500.0,0.8,79.87992439090657,73.78415111289786,True,7.514923864606613,79.87992439090658,5.787890625000102,145.0161598250113,72.36500052629997,139.2282692000112,True,True
au,Sydney_Northern_Beaches,LU-soft,20.0,100.0,0.9,122.24485668518047,73.78415111289786,True,5.018860060369113,119.74879288094299,7.717187500000023,73.97943431246212,114.72993282057388,66.2622468124621,True,True
au,Sydney_Northern_Beaches,LU-soft,20.0,300.0,0.9,122.24485668518047,73.78415111289786,True,7.514923864606615,122.24485668518057,5.787890625000131,229.7460244135591,114.72993282057395,223.95813378855897,True,True
au,Sydney_Northern_Beaches,LU-soft,20.0,500.0,0.9,122.24485668518047,73.78415111289786,True,7.514923864606613,122.24485668518057,5.787890625000102,229.74602441355896,114.72993282057395,223.95813378855885,True,True
au,Sydney_Northern_Beaches,LU-soft,20.0,100.0,1.0,164.17364144265292,73.78415111289786,True,5.018860060369113,161.67757763841539,7.717187500000023,115.90821906993457,156.65871757804626,108.19103156993455,True,True
au,Sydney_Northern_Beaches,LU-soft,20.0,300.0,1.0,164.17364144265292,73.78415111289786,True,7.514923864606615,164.17364144265304,5.787890625000131,311.4023560376263,156.65871757804643,305.61446541262615,True,True
au,Sydney_Northern_Beaches,LU-soft,20.0,500.0,1.0,164.17364144265292,73.78415111289786,True,7.514923864606613,164.17364144265298,5.787890625000102,313.60359392850387,156.65871757804638,307.81570330350377,True,True
au,Sydney_Northern_Beaches,Ref,20.0,100.0,0.5,0.3454816136755139,29.028501418843234,False,2.165784320492735,0.2729997558277635,7.717187500000023,0.0,-1.8927845646649715,-7.717187500000023,False,False
au,Sydney_Northern_Beaches,Ref,20.0,300.0,0.5,0.3454816136755139,29.028501418843234,False,3.2582854392763254,0.34548161367551905,0.7717187500000477,0.011209408282809363,-2.912803825600806,-0.7605093417172384,False,False
au,Sydney_Northern_Beaches,Ref,20.0,500.0,0.5,0.3454816136755139,29.028501418843234,False,3.2582854392763254,0.3454816136755193,0.7717187499999909,0.011209408282809363,-2.912803825600806,-0.7605093417171815,False,False
au,Sydney_Northern_Beaches,Ref,20.0,100.0,0.8,39.45082166709838,29.028501418843234,True,2.165784320492735,38.35832054831473,7.717187500000023,29.45543614891393,36.192536227821996,21.738248648913906,True,True
au,Sydney_Northern_Beaches,Ref,20.0,300.0,0.8,39.45082166709838,29.028501418843234,True,3.2582854392763254,39.45082166709838,0.7717187500000477,73.14507481575988,36.19253622782205,72.37335606575984,True,True
au,Sydney_Northern_Beaches,Ref,20.0,500.0,0.8,39.45082166709838,29.028501418843234,True,3.2582854392763254,39.45082166709838,0.7717187499999909,73.14507481575984,36.19253622782205,72.37335606575985,True,True
au,Sydney_Northern_Beaches,Ref,20.0,100.0,0.9,53.82492985311206,29.028501418843234,True,2.165784320492735,52.73242873432842,7.717187500000023,43.829544334927604,50.56664441383569,36.11235683492758,True,True
au,Sydney_Northern_Beaches,Ref,20.0,300.0,0.9,53.82492985311206,29.028501418843234,True,3.2582854392763254,53.82492985311206,0.7717187500000477,101.89329118778721,50.56664441383573,101.12157243778717,True,True
au,Sydney_Northern_Beaches,Ref,20.0,500.0,0.9,53.82492985311206,29.028501418843234,True,3.2582854392763254,53.82492985311206,0.7717187499999909,101.89329118778718,50.56664441383573,101.1215724377872,True,True
au,Sydney_Northern_Beaches,Ref,20.0,100.0,1.0,59.94092516201664,29.028501418843234,True,2.165784320492735,58.84842404323299,7.717187500000023,49.94553964383219,56.682639722740255,42.22835214383217,True,True
au,Sydney_Northern_Beaches,Ref,20.0,300.0,1.0,59.94092516201664,29.028501418843234,True,3.2582854392763254,59.94092516201663,0.7717187500000477,114.12528180559643,56.682639722740305,113.35356305559638,True,True
au,Sydney_Northern_Beaches,Ref,20.0,500.0,1.0,59.94092516201664,29.028501418843234,True,3.2582854392763254,59.94092516201663,0.7717187499999909,114.12528180559643,56.682639722740305,113.35356305559644,True,True
au,Sydney_Northern_Beaches,GNN-oof-42,20.0,100.0,0.5,0.024116227516670002,54.426205532102415,False,4.37724371472188,0.02095700171199971,7.717187500000023,0.0,-4.35628671300988,-7.717187500000023,False,False
au,Sydney_Northern_Beaches,GNN-oof-42,20.0,300.0,0.5,0.024116227516670002,54.426205532102415,False,4.820934314338252,0.02411622751672627,1.1575781250000432,0.0,-4.796818086821525,-1.1575781250000432,False,False
au,Sydney_Northern_Beaches,GNN-oof-42,20.0,500.0,0.5,0.024116227516670002,54.426205532102415,False,4.820934314338252,0.024116227516726554,1.1575781250000432,0.0,-4.796818086821525,-1.1575781250000432,False,False
au,Sydney_Northern_Beaches,GNN-oof-42,20.0,100.0,0.8,92.90127924522982,54.426205532102415,True,4.37724371472188,92.45758864561346,7.717187500000023,88.90206928807156,88.08034493089157,81.18488178807154,True,True
au,Sydney_Northern_Beaches,GNN-oof-42,20.0,300.0,0.8,92.90127924522982,54.426205532102415,True,4.820934314338252,92.9012792452299,1.1575781250000432,181.40043359654172,88.08034493089166,180.24285547154167,True,True
au,Sydney_Northern_Beaches,GNN-oof-42,20.0,500.0,0.8,92.90127924522982,54.426205532102415,True,4.820934314338252,92.90127924522992,1.1575781250000432,181.40043359654183,88.08034493089167,180.2428554715418,True,True
au,Sydney_Northern_Beaches,GNN-oof-42,20.0,100.0,0.9,109.3760401973558,54.426205532102415,True,4.37724371472188,108.93234959773942,7.717187500000023,105.37683024019752,104.55510588301753,97.6596427401975,True,True
au,Sydney_Northern_Beaches,GNN-oof-42,20.0,300.0,0.9,109.3760401973558,54.426205532102415,True,4.820934314338252,109.37604019735588,1.1575781250000432,214.34995550079375,104.55510588301763,213.1923773757937,True,True
au,Sydney_Northern_Beaches,GNN-oof-42,20.0,500.0,0.9,109.3760401973558,54.426205532102415,True,4.820934314338252,109.37604019735589,1.1575781250000432,214.3499555007937,104.55510588301765,213.19237737579365,True,True
au,Sydney_Northern_Beaches,GNN-oof-42,20.0,100.0,1.0,143.06949335592617,54.426205532102415,True,4.37724371472188,142.62580275630975,7.717187500000023,139.0702833987679,138.24855904158787,131.3530958987679,True,True
au,Sydney_Northern_Beaches,GNN-oof-42,20.0,300.0,1.0,143.06949335592617,54.426205532102415,True,4.820934314338252,143.0694933559262,1.1575781250000432,281.7368618179345,138.24855904158795,280.57928369293444,True,True
au,Sydney_Northern_Beaches,GNN-oof-42,20.0,500.0,1.0,143.06949335592617,54.426205532102415,True,4.820934314338252,143.0694933559262,1.1575781250000432,281.73686181793437,138.24855904158795,280.5792836929343,True,True
au,Sydney_Northern_Beaches,GNN-oof-123,20.0,100.0,0.5,0.17909734289948848,57.53718696539005,False,4.759426375977485,0.1499483391461109,7.717187500000023,0.0,-4.609478036831375,-7.717187500000023,False,False
au,Sydney_Northern_Beaches,GNN-oof-123,20.0,300.0,0.5,0.17909734289948848,57.53718696539005,False,5.541420953248397,0.17909734289946805,2.701015625000082,0.01565086443212067,-5.362323610348929,-2.6853647605679614,False,False
au,Sydney_Northern_Beaches,GNN-oof-123,20.0,500.0,0.5,0.17909734289948848,57.53718696539005,False,5.541420953248396,0.1790973428994682,2.701015625000082,0.01565086443212067,-5.362323610348928,-2.6853647605679614,False,False
au,Sydney_Northern_Beaches,GNN-oof-123,20.0,100.0,0.8,90.05103826039648,57.53718696539005,True,4.759426375977485,89.26904368312553,7.717187500000023,79.40514201027644,84.50961730714805,71.68795451027641,True,True
au,Sydney_Northern_Beaches,GNN-oof-123,20.0,300.0,0.8,90.05103826039648,57.53718696539005,True,5.541420953248397,90.05103826039651,2.701015625000082,174.8060114870323,84.50961730714812,172.1049958620322,True,True
au,Sydney_Northern_Beaches,GNN-oof-123,20.0,500.0,0.8,90.05103826039648,57.53718696539005,True,5.541420953248396,90.05103826039651,2.701015625000082,174.8060114870324,84.50961730714812,172.10499586203233,True,True
au,Sydney_Northern_Beaches,GNN-oof-123,20.0,100.0,0.9,104.55135525686752,57.53718696539005,True,4.759426375977485,103.76936067959655,7.717187500000023,93.90545900674749,99.00993430361906,86.18827150674747,True,True
au,Sydney_Northern_Beaches,GNN-oof-123,20.0,300.0,0.9,104.55135525686752,57.53718696539005,True,5.541420953248397,104.55135525686751,2.701015625000082,203.80664547997435,99.00993430361912,201.10562985497427,True,True
au,Sydney_Northern_Beaches,GNN-oof-123,20.0,500.0,0.9,104.55135525686752,57.53718696539005,True,5.541420953248396,104.55135525686751,2.701015625000082,203.80664547997458,99.00993430361912,201.1056298549745,True,True
au,Sydney_Northern_Beaches,GNN-oof-123,20.0,100.0,1.0,115.50820871415871,57.53718696539005,True,4.759426375977485,114.72621413688772,7.717187500000023,104.8623124640387,109.96678776091024,97.14512496403867,True,True
au,Sydney_Northern_Beaches,GNN-oof-123,20.0,300.0,1.0,115.50820871415871,57.53718696539005,True,5.541420953248397,115.50820871415868,2.701015625000082,225.7203523945568,109.9667877609103,223.01933676955673,True,True
au,Sydney_Northern_Beaches,GNN-oof-123,20.0,500.0,1.0,115.50820871415871,57.53718696539005,True,5.541420953248396,115.50820871415871,2.701015625000082,225.7203523945568,109.96678776091032,223.01933676955673,True,True
au,Sydney_Northern_Beaches,GNN-oof-456,20.0,100.0,0.5,0.06398457995639725,55.74231489445381,False,4.8822141707812445,0.05393713396194167,7.717187500000023,0.0,-4.828277036819303,-7.717187500000023,False,False
au,Sydney_Northern_Beaches,GNN-oof-456,20.0,300.0,0.5,0.06398457995639725,55.74231489445381,False,5.634887949953178,0.06398457995645247,2.701015625000082,0.0,-5.570903369996726,-2.701015625000082,False,False
au,Sydney_Northern_Beaches,GNN-oof-456,20.0,500.0,0.5,0.06398457995639725,55.74231489445381,False,5.634887949953178,0.06398457995645254,2.701015625000025,0.0,-5.570903369996726,-2.701015625000025,False,False
au,Sydney_Northern_Beaches,GNN-oof-456,20.0,100.0,0.8,105.41798435218882,55.74231489445381,True,4.8822141707812445,104.66531057301687,7.717187500000023,93.81880262705585,99.78309640223563,86.10161512705582,True,True
au,Sydney_Northern_Beaches,GNN-oof-456,20.0,300.0,0.8,105.41798435218882,55.74231489445381,True,5.634887949953178,105.41798435218885,2.701015625000082,205.12841025504386,99.78309640223567,202.42739463004378,True,True
au,Sydney_Northern_Beaches,GNN-oof-456,20.0,500.0,0.8,105.41798435218882,55.74231489445381,True,5.634887949953178,105.41798435218885,2.701015625000025,205.12841025504372,99.78309640223567,202.4273946300437,True,True
au,Sydney_Northern_Beaches,GNN-oof-456,20.0,100.0,0.9,110.36832258586806,55.74231489445381,True,4.8822141707812445,109.61564880669613,7.717187500000023,98.76914086073505,104.73343463591489,91.05195336073503,True,True
au,Sydney_Northern_Beaches,GNN-oof-456,20.0,300.0,0.9,110.36832258586806,55.74231489445381,True,5.634887949953178,110.3683225858681,2.701015625000082,215.02908672240218,104.73343463591492,212.3280710974021,True,True
au,Sydney_Northern_Beaches,GNN-oof-456,20.0,500.0,0.9,110.36832258586806,55.74231489445381,True,5.634887949953178,110.3683225858681,2.701015625000025,215.02908672240216,104.73343463591492,212.32807109740213,True,True
au,Sydney_Northern_Beaches,GNN-oof-456,20.0,100.0,1.0,155.92716671892327,55.74231489445381,True,4.8822141707812445,155.1744929397513,7.717187500000023,144.32798499379027,150.29227876897005,136.61079749379024,True,True
au,Sydney_Northern_Beaches,GNN-oof-456,20.0,300.0,1.0,155.92716671892327,55.74231489445381,True,5.634887949953178,155.92716671892325,2.701015625000082,306.1467749885127,150.29227876897008,303.4457593635126,True,True
au,Sydney_Northern_Beaches,GNN-oof-456,20.0,500.0,1.0,155.92716671892327,55.74231489445381,True,5.634887949953178,155.92716671892325,2.701015625000025,306.14677498851256,150.29227876897008,303.44575936351254,True,True
au,Sydney_Parramatta,Uni,10.0,100.0,0.5,46.18858365225178,76.6489641950736,False,9.671836977294824,12.684328440368672,0.0,0.0,3.0124914630738484,0.0,True,True
au,Sydney_Parramatta,Uni,10.0,300.0,0.5,46.18858365225178,76.6489641950736,False,10.538469808333446,13.256123508196266,0.0,0.0,2.7176536998628205,0.0,True,True
au,Sydney_Parramatta,Uni,10.0,500.0,0.5,46.18858365225178,76.6489641950736,False,12.650483290786164,46.18858365225182,0.0,91.46505526624284,33.53810036146566,91.46505526624284,True,True
au,Sydney_Parramatta,Uni,10.0,100.0,0.8,73.26498005966914,76.6489641950736,False,9.671836977294824,20.170952047019572,0.0,0.0,10.499115069724748,0.0,True,True
au,Sydney_Parramatta,Uni,10.0,300.0,0.8,73.26498005966914,76.6489641950736,False,10.538469808333446,21.07470449160523,0.0,0.0,10.536234683271786,0.0,True,True
au,Sydney_Parramatta,Uni,10.0,500.0,0.8,73.26498005966914,76.6489641950736,False,12.650483290786164,73.26498005966916,0.0,145.61784808107757,60.614496768882994,145.61784808107757,True,True
au,Sydney_Parramatta,Uni,10.0,100.0,0.9,82.24072114892635,76.6489641950736,True,9.671836977294824,22.652744458199187,0.0,0.0,12.980907480904364,0.0,True,True
au,Sydney_Parramatta,Uni,10.0,300.0,0.9,82.24072114892635,76.6489641950736,True,10.538469808333446,23.691133019123708,0.0,0.0,13.152663210790262,0.0,True,True
au,Sydney_Parramatta,Uni,10.0,500.0,0.9,82.24072114892635,76.6489641950736,True,12.650483290786164,82.24072114892637,0.0,163.56933025959194,69.5902378581402,163.56933025959194,True,True
au,Sydney_Parramatta,Uni,10.0,100.0,1.0,85.27015882039382,76.6489641950736,True,9.671836977294824,23.490383974359943,0.0,0.0,13.81854699706512,0.0,True,True
au,Sydney_Parramatta,Uni,10.0,300.0,1.0,85.27015882039382,76.6489641950736,True,10.538469808333446,24.574214100356475,0.0,0.0,14.035744292023029,0.0,True,True
au,Sydney_Parramatta,Uni,10.0,500.0,1.0,85.27015882039382,76.6489641950736,True,12.650483290786164,85.27015882039382,0.0,169.62820560252692,72.61967552960765,169.62820560252692,True,True
au,Sydney_Parramatta,LU,10.0,100.0,0.5,48.27244723212597,93.08715813817992,False,12.103863940195001,13.333890772433769,0.0,0.0,1.2300268322387673,0.0,True,True
au,Sydney_Parramatta,LU,10.0,300.0,0.5,48.27244723212597,93.08715813817992,False,13.09014863672325,13.854192355620158,0.0,0.0,0.7640437188969091,0.0,True,True
au,Sydney_Parramatta,LU,10.0,500.0,0.5,48.27244723212597,93.08715813817992,False,15.046768617956278,48.272447232126,0.0,95.74668770962835,33.22567861416972,95.74668770962835,True,True
au,Sydney_Parramatta,LU,10.0,100.0,0.8,68.52567487280032,93.08715813817992,False,12.103863940195001,18.933908215080226,0.0,0.0,6.830044274885225,0.0,True,True
au,Sydney_Parramatta,LU,10.0,300.0,0.8,68.52567487280032,93.08715813817992,False,13.09014863672325,19.69539378501608,0.0,0.0,6.6052451482928305,0.0,True,True
au,Sydney_Parramatta,LU,10.0,500.0,0.8,68.52567487280032,93.08715813817992,False,15.046768617956278,68.52567487280035,0.0,136.25314299097712,53.47890625484408,136.25314299097712,True,True
au,Sydney_Parramatta,LU,10.0,100.0,0.9,83.04052738375562,93.08715813817992,False,12.103863940195001,22.94726493435937,0.0,0.0,10.84340099416437,0.0,True,True
au,Sydney_Parramatta,LU,10.0,300.0,0.9,83.04052738375562,93.08715813817992,False,13.09014863672325,23.926473291959557,0.0,0.0,10.836324655236307,0.0,True,True
au,Sydney_Parramatta,LU,10.0,500.0,0.9,83.04052738375562,93.08715813817992,False,15.046768617956278,83.04052738375563,0.0,165.28284801288768,67.99375876579936,165.28284801288768,True,True
au,Sydney_Parramatta,LU,10.0,100.0,1.0,87.90276359924476,93.08715813817992,False,12.103863940195001,24.291673247942114,0.0,0.0,12.187809307747113,0.0,True,True
au,Sydney_Parramatta,LU,10.0,300.0,1.0,87.90276359924476,93.08715813817992,False,13.09014863672325,25.343815148774635,0.0,0.0,12.253666512051385,0.0,True,True
au,Sydney_Parramatta,LU,10.0,500.0,1.0,87.90276359924476,93.08715813817992,False,15.046768617956278,87.90276359924479,0.0,175.00732044386595,72.85599498128852,175.00732044386595,True,True
au,Sydney_Parramatta,LU-soft,10.0,100.0,0.5,47.792699642241594,93.08715813817992,False,12.103863940195001,13.201240563830739,0.0,0.0,1.0973766236357374,0.0,True,True
au,Sydney_Parramatta,LU-soft,10.0,300.0,0.5,47.792699642241594,93.08715813817992,False,13.09014863672325,13.716504797323338,0.0,0.0,0.6263561606000891,0.0,True,True
au,Sydney_Parramatta,LU-soft,10.0,500.0,0.5,47.792699642241594,93.08715813817992,False,15.046768617956278,47.79269964224158,0.0,94.78719252985964,32.7459310242853,94.78719252985964,True,True
au,Sydney_Parramatta,LU-soft,10.0,100.0,0.8,68.71618558358962,93.08715813817992,False,12.103863940195001,18.986584426613472,0.0,0.0,6.882720486418471,0.0,True,True
au,Sydney_Parramatta,LU-soft,10.0,300.0,0.8,68.71618558358962,93.08715813817992,False,13.09014863672325,19.750927657211165,0.0,0.0,6.660779020487915,0.0,True,True
au,Sydney_Parramatta,LU-soft,10.0,500.0,0.8,68.71618558358962,93.08715813817992,False,15.046768617956278,68.71618558358966,0.0,136.63416441255563,53.66941696563339,136.63416441255563,True,True
au,Sydney_Parramatta,LU-soft,10.0,100.0,0.9,82.98462571805128,93.08715813817992,False,12.103863940195001,22.931808123792113,0.0,0.0,10.827944183597111,0.0,True,True
au,Sydney_Parramatta,LU-soft,10.0,300.0,0.9,82.98462571805128,93.08715813817992,False,13.09014863672325,23.91017795640674,0.0,0.0,10.820029319683492,0.0,True,True
au,Sydney_Parramatta,LU-soft,10.0,500.0,0.9,82.98462571805128,93.08715813817992,False,15.046768617956278,82.9846257180513,0.0,165.17104468147895,67.93785710009503,165.17104468147895,True,True
au,Sydney_Parramatta,LU-soft,10.0,100.0,1.0,87.53693106194108,93.08715813817992,False,12.103863940195001,24.19052055137765,0.0,0.0,12.086656611182647,0.0,True,True
au,Sydney_Parramatta,LU-soft,10.0,300.0,1.0,87.53693106194108,93.08715813817992,False,13.09014863672325,25.237174964150615,0.0,0.0,12.147026327427366,0.0,True,True
au,Sydney_Parramatta,LU-soft,10.0,500.0,1.0,87.53693106194108,93.08715813817992,False,15.046768617956278,87.53693106194115,0.0,174.27565536925857,72.49016244398487,174.27565536925857,True,True
au,Sydney_Parramatta,Ref,10.0,100.0,0.5,29.905435241209936,46.765540552656276,False,4.328235073389739,7.888974099240975,0.0,0.0,3.5607390258512357,0.0,True,True
au,Sydney_Parramatta,Ref,10.0,300.0,0.5,29.905435241209936,46.765540552656276,False,4.812401398729198,8.582859914227255,0.0,0.0,3.770458515498057,0.0,True,True
au,Sydney_Parramatta,Ref,10.0,500.0,0.5,29.905435241209936,46.765540552656276,False,7.588007656506833,29.905435241209947,0.0,55.88703784452862,22.317427584703115,55.88703784452862,True,True
au,Sydney_Parramatta,Ref,10.0,100.0,0.8,39.16797778300378,46.765540552656276,False,4.328235073389739,10.448968703220533,0.0,0.0,6.120733629830794,0.0,True,True
au,Sydney_Parramatta,Ref,10.0,300.0,0.8,39.16797778300378,46.765540552656276,False,4.812401398729198,11.241209623722089,0.0,0.0,6.428808224992891,0.0,True,True
au,Sydney_Parramatta,Ref,10.0,500.0,0.8,39.16797778300378,46.765540552656276,False,7.588007656506833,39.16797778300382,0.0,74.41212292811639,31.57997012649699,74.41212292811639,True,True
au,Sydney_Parramatta,Ref,10.0,100.0,0.9,45.0494170576663,46.765540552656276,False,4.328235073389739,12.07518666266472,0.0,0.0,7.746951589274981,0.0,True,True
au,Sydney_Parramatta,Ref,10.0,300.0,0.9,45.0494170576663,46.765540552656276,False,4.812401398729198,12.929182695550232,0.0,0.0,8.116781296821035,0.0,True,True
au,Sydney_Parramatta,Ref,10.0,500.0,0.9,45.0494170576663,46.765540552656276,False,7.588007656506833,45.04941705766633,0.0,86.17500147744137,37.4614094011595,86.17500147744137,True,True
au,Sydney_Parramatta,Ref,10.0,100.0,1.0,70.22149376096789,46.765540552656276,True,4.328235073389739,19.03526587112761,0.0,0.0,14.707030797737872,0.0,True,True
au,Sydney_Parramatta,Ref,10.0,300.0,1.0,70.22149376096789,46.765540552656276,True,4.812401398729198,20.176838096380045,0.0,0.0,15.364436697650849,0.0,True,True
au,Sydney_Parramatta,Ref,10.0,500.0,1.0,70.22149376096789,46.765540552656276,True,7.588007656506833,70.22149376096792,0.0,136.51915488404455,62.633486104461085,136.51915488404455,True,True
au,Sydney_Parramatta,GNN-oof-42,10.0,100.0,0.5,64.03882967684142,91.40801694301891,False,11.87002510698691,17.694412521409134,0.0,0.0,5.824387414422224,0.0,True,True
au,Sydney_Parramatta,GNN-oof-42,10.0,300.0,0.5,64.03882967684142,91.40801694301891,False,12.867078997876737,18.38766417798935,0.0,0.0,5.520585180112613,0.0,True,True
au,Sydney_Parramatta,GNN-oof-42,10.0,500.0,0.5,64.03882967684142,91.40801694301891,False,16.233103068449125,64.03882967684144,0.0,127.7400284722199,47.80572660839232,127.7400284722199,True,True
au,Sydney_Parramatta,GNN-oof-42,10.0,100.0,0.8,69.75926864920076,91.40801694301891,False,11.87002510698691,19.276113897266487,0.0,0.0,7.406088790279577,0.0,True,True
au,Sydney_Parramatta,GNN-oof-42,10.0,300.0,0.8,69.75926864920076,91.40801694301891,False,12.867078997876737,20.055172138432095,0.0,0.0,7.188093140555358,0.0,True,True
au,Sydney_Parramatta,GNN-oof-42,10.0,500.0,0.8,69.75926864920076,91.40801694301891,False,16.233103068449125,69.75926864920079,0.0,139.18090641693865,53.526165580751666,139.18090641693865,True,True
au,Sydney_Parramatta,GNN-oof-42,10.0,100.0,0.9,108.36335528735734,91.40801694301891,True,11.87002510698691,29.950143852716785,0.0,0.0,18.080118745729877,0.0,True,True
au,Sydney_Parramatta,GNN-oof-42,10.0,300.0,0.9,108.36335528735734,91.40801694301891,True,12.867078997876737,40.232699996165046,0.0,8.512534881682427,27.365620998288307,8.512534881682427,True,True
au,Sydney_Parramatta,GNN-oof-42,10.0,500.0,0.9,108.36335528735734,91.40801694301891,True,16.233103068449125,108.36335528735736,0.0,206.5345537533802,92.13025221890824,206.5345537533802,True,True
au,Sydney_Parramatta,GNN-oof-42,10.0,100.0,1.0,150.74265221531877,91.40801694301891,True,11.87002510698691,41.684983673138895,0.0,0.0,29.814958566151986,0.0,True,True
au,Sydney_Parramatta,GNN-oof-42,10.0,300.0,1.0,150.74265221531877,91.40801694301891,True,12.867078997876737,82.61199692412647,0.0,50.89183180964386,69.74491792624974,50.89183180964386,True,True
au,Sydney_Parramatta,GNN-oof-42,10.0,500.0,1.0,150.74265221531877,91.40801694301891,True,16.233103068449125,150.74265221531874,0.0,248.91385068134167,134.50954914686963,248.91385068134167,True,True
au,Sydney_Parramatta,GNN-oof-123,10.0,100.0,0.5,59.0396276880849,88.05391385066667,False,11.41947501947463,16.303435331421017,0.0,0.0,4.883960311946387,0.0,True,True
au,Sydney_Parramatta,GNN-oof-123,10.0,300.0,0.5,59.0396276880849,88.05391385066667,False,12.401288996015445,16.94437314648037,0.0,0.0,4.543084150464924,0.0,True,True
au,Sydney_Parramatta,GNN-oof-123,10.0,500.0,0.5,59.0396276880849,88.05391385066667,False,16.109192222415096,59.03962768808492,0.0,117.5725357316513,42.930435465669824,117.5725357316513,True,True
au,Sydney_Parramatta,GNN-oof-123,10.0,100.0,0.8,79.49382692750046,88.05391385066667,False,11.41947501947463,21.959021421119424,0.0,0.0,10.539546401644794,0.0,True,True
au,Sydney_Parramatta,GNN-oof-123,10.0,300.0,0.8,79.49382692750046,88.05391385066667,False,12.401288996015445,22.884088301608493,0.0,0.0,10.482799305593048,0.0,True,True
au,Sydney_Parramatta,GNN-oof-123,10.0,500.0,0.8,79.49382692750046,88.05391385066667,False,16.109192222415096,79.49382692750049,0.0,158.48093421048247,63.384634705085396,158.48093421048247,True,True
au,Sydney_Parramatta,GNN-oof-123,10.0,100.0,0.9,100.55466254452351,88.05391385066667,True,11.41947501947463,27.782342469226297,0.0,0.0,16.36286744975167,0.0,True,True
au,Sydney_Parramatta,GNN-oof-123,10.0,300.0,0.9,100.55466254452351,88.05391385066667,True,12.401288996015445,32.23324675333695,0.0,0.4094010944089007,19.831957757321504,0.4094010944089007,True,True
au,Sydney_Parramatta,GNN-oof-123,10.0,500.0,0.9,100.55466254452351,88.05391385066667,True,16.109192222415096,100.55466254452354,0.0,196.8154579957116,84.44547032210843,196.8154579957116,True,True
au,Sydney_Parramatta,GNN-oof-123,10.0,100.0,1.0,152.98915820907368,88.05391385066667,True,11.41947501947463,42.30900332825551,0.0,0.0,30.889528308780875,0.0,True,True
au,Sydney_Parramatta,GNN-oof-123,10.0,300.0,1.0,152.98915820907368,88.05391385066667,True,12.401288996015445,84.49920861215818,0.0,52.531315619341015,72.09791961614275,52.531315619341015,True,True
au,Sydney_Parramatta,GNN-oof-123,10.0,500.0,1.0,152.98915820907368,88.05391385066667,True,16.109192222415096,152.98915820907365,0.0,249.24995366026172,136.87996598665856,249.24995366026172,True,True
au,Sydney_Parramatta,GNN-oof-456,10.0,100.0,0.5,63.06372334214212,87.19801189398697,False,11.346084911121528,17.41423169829794,0.0,0.0,6.068146787176412,0.0,True,True
au,Sydney_Parramatta,GNN-oof-456,10.0,300.0,0.5,63.06372334214212,87.19801189398697,False,12.327201487620428,18.09928859919479,0.0,0.0,5.772087111574361,0.0,True,True
au,Sydney_Parramatta,GNN-oof-456,10.0,500.0,0.5,63.06372334214212,87.19801189398697,False,16.268739603539736,63.06372334214211,0.0,125.67496949901772,46.794983738602376,125.67496949901772,True,True
au,Sydney_Parramatta,GNN-oof-456,10.0,100.0,0.8,75.2564016301415,87.19801189398697,False,11.346084911121528,20.785507244929768,0.0,0.0,9.43942233380824,0.0,True,True
au,Sydney_Parramatta,GNN-oof-456,10.0,300.0,0.8,75.2564016301415,87.19801189398697,False,12.327201487620428,21.647675189837056,0.0,0.0,9.320473702216628,0.0,True,True
au,Sydney_Parramatta,GNN-oof-456,10.0,500.0,0.8,75.2564016301415,87.19801189398697,False,16.268739603539736,75.25640163014155,0.0,150.06032607501646,58.98766202660182,150.06032607501646,True,True
au,Sydney_Parramatta,GNN-oof-456,10.0,100.0,0.9,120.75604749372668,87.19801189398697,True,11.346084911121528,33.36615932621107,0.0,0.0,22.02007441508954,0.0,True,True
au,Sydney_Parramatta,GNN-oof-456,10.0,300.0,0.9,120.75604749372668,87.19801189398697,True,12.327201487620428,52.03005573210894,0.0,19.680229293480977,39.70285424448851,19.680229293480977,True,True
au,Sydney_Parramatta,GNN-oof-456,10.0,500.0,0.9,120.75604749372668,87.19801189398697,True,16.268739603539736,120.75604749372671,0.0,216.67324608807135,104.48730789018697,216.67324608807135,True,True
au,Sydney_Parramatta,GNN-oof-456,10.0,100.0,1.0,151.91633970462453,87.19801189398697,True,11.346084911121528,42.00419123439466,0.0,0.0,30.65810632327313,0.0,True,True
au,Sydney_Parramatta,GNN-oof-456,10.0,300.0,1.0,151.91633970462453,87.19801189398697,True,12.327201487620428,83.1903479430068,0.0,50.84052150437885,70.86314645538637,50.84052150437885,True,True
au,Sydney_Parramatta,GNN-oof-456,10.0,500.0,1.0,151.91633970462453,87.19801189398697,True,16.268739603539736,151.91633970462453,0.0,247.83353829896933,135.6476001010848,247.83353829896933,True,True
au,Sydney_Parramatta,Uni,20.0,100.0,0.5,33.067126636794455,2.842170943040401e-14,True,0.0,0.0,0.0,0.0,0.0,0.0,True,True
au,Sydney_Parramatta,Uni,20.0,300.0,0.5,33.067126636794455,2.842170943040401e-14,True,0.0,0.0,0.0,0.0,0.0,0.0,True,True
au,Sydney_Parramatta,Uni,20.0,500.0,0.5,33.067126636794455,2.842170943040401e-14,True,0.0,33.067126636794455,0.0,66.13425327358887,33.067126636794455,66.13425327358887,True,True
au,Sydney_Parramatta,Uni,20.0,100.0,0.8,47.90241803085758,2.842170943040401e-14,True,0.0,0.0,0.0,0.0,0.0,0.0,True,True
au,Sydney_Parramatta,Uni,20.0,300.0,0.8,47.90241803085758,2.842170943040401e-14,True,0.0,0.0,0.0,0.0,0.0,0.0,True,True
au,Sydney_Parramatta,Uni,20.0,500.0,0.8,47.90241803085758,2.842170943040401e-14,True,0.0,47.902418030857575,0.0,95.80483606171519,47.902418030857575,95.80483606171519,True,True
au,Sydney_Parramatta,Uni,20.0,100.0,0.9,72.56073608368416,2.842170943040401e-14,True,0.0,0.0,0.0,0.0,0.0,0.0,True,True
au,Sydney_Parramatta,Uni,20.0,300.0,0.9,72.56073608368416,2.842170943040401e-14,True,0.0,0.0,0.0,0.0,0.0,0.0,True,True
au,Sydney_Parramatta,Uni,20.0,500.0,0.9,72.56073608368416,2.842170943040401e-14,True,0.0,72.56073608368423,0.0,145.12147216736844,72.56073608368423,145.12147216736844,True,True
au,Sydney_Parramatta,Uni,20.0,100.0,1.0,107.43325074176232,2.842170943040401e-14,True,0.0,0.0,0.0,0.0,0.0,0.0,True,True
au,Sydney_Parramatta,Uni,20.0,300.0,1.0,107.43325074176232,2.842170943040401e-14,True,0.0,16.352000741762254,0.0,16.352000741762254,16.352000741762254,16.352000741762254,True,True
au,Sydney_Parramatta,Uni,20.0,500.0,1.0,107.43325074176232,2.842170943040401e-14,True,0.0,107.43325074176232,0.0,214.86650148352473,107.43325074176232,214.86650148352473,True,True
au,Sydney_Parramatta,LU,20.0,100.0,0.5,33.68494655609994,0.0,True,0.0,0.0,0.0,0.0,0.0,0.0,True,True
au,Sydney_Parramatta,LU,20.0,300.0,0.5,33.68494655609994,0.0,True,0.0,0.0,0.0,0.0,0.0,0.0,True,True
au,Sydney_Parramatta,LU,20.0,500.0,0.5,33.68494655609994,0.0,True,0.0,33.68494655609993,0.0,67.36989311219982,33.68494655609993,67.36989311219982,True,True
au,Sydney_Parramatta,LU,20.0,100.0,0.8,49.4808455310119,0.0,True,0.0,0.0,0.0,0.0,0.0,0.0,True,True
au,Sydney_Parramatta,LU,20.0,300.0,0.8,49.4808455310119,0.0,True,0.0,0.0,0.0,0.0,0.0,0.0,True,True
au,Sydney_Parramatta,LU,20.0,500.0,0.8,49.4808455310119,0.0,True,0.0,49.48084553101193,0.0,98.96169106202383,49.48084553101193,98.96169106202383,True,True
au,Sydney_Parramatta,LU,20.0,100.0,0.9,75.66083635808538,0.0,True,0.0,0.0,0.0,0.0,0.0,0.0,True,True
au,Sydney_Parramatta,LU,20.0,300.0,0.9,75.66083635808538,0.0,True,0.0,0.0,0.0,0.0,0.0,0.0,True,True
au,Sydney_Parramatta,LU,20.0,500.0,0.9,75.66083635808538,0.0,True,0.0,75.66083635808548,0.0,151.32167271617075,75.66083635808548,151.32167271617075,True,True
au,Sydney_Parramatta,LU,20.0,100.0,1.0,101.18480595294855,0.0,True,0.0,0.0,0.0,0.0,0.0,0.0,True,True
au,Sydney_Parramatta,LU,20.0,300.0,1.0,101.18480595294855,0.0,True,0.0,10.103555952948454,0.0,10.103555952948454,10.103555952948454,10.103555952948454,True,True
au,Sydney_Parramatta,LU,20.0,500.0,1.0,101.18480595294855,0.0,True,0.0,101.1848059529485,0.0,202.36961190589696,101.1848059529485,202.36961190589696,True,True
au,Sydney_Parramatta,LU-soft,20.0,100.0,0.5,33.30367823573842,0.0,True,0.0,0.0,0.0,0.0,0.0,0.0,True,True
au,Sydney_Parramatta,LU-soft,20.0,300.0,0.5,33.30367823573842,0.0,True,0.0,0.0,0.0,0.0,0.0,0.0,True,True
au,Sydney_Parramatta,LU-soft,20.0,500.0,0.5,33.30367823573842,0.0,True,0.0,33.3036782357384,0.0,66.6073564714768,33.3036782357384,66.6073564714768,True,True
au,Sydney_Parramatta,LU-soft,20.0,100.0,0.8,49.402212837749666,0.0,True,0.0,0.0,0.0,0.0,0.0,0.0,True,True
au,Sydney_Parramatta,LU-soft,20.0,300.0,0.8,49.402212837749666,0.0,True,0.0,0.0,0.0,0.0,0.0,0.0,True,True
au,Sydney_Parramatta,LU-soft,20.0,500.0,0.8,49.402212837749666,0.0,True,0.0,49.402212837749744,0.0,98.80442567549946,49.402212837749744,98.80442567549946,True,True
au,Sydney_Parramatta,LU-soft,20.0,100.0,0.9,75.60305639158794,0.0,True,0.0,0.0,0.0,0.0,0.0,0.0,True,True
au,Sydney_Parramatta,LU-soft,20.0,300.0,0.9,75.60305639158794,0.0,True,0.0,0.0,0.0,0.0,0.0,0.0,True,True
au,Sydney_Parramatta,LU-soft,20.0,500.0,0.9,75.60305639158794,0.0,True,0.0,75.60305639158797,0.0,151.20611278317594,75.60305639158797,151.20611278317594,True,True
au,Sydney_Parramatta,LU-soft,20.0,100.0,1.0,101.53416191542657,0.0,True,0.0,0.0,0.0,0.0,0.0,0.0,True,True
au,Sydney_Parramatta,LU-soft,20.0,300.0,1.0,101.53416191542657,0.0,True,0.0,10.452911915426512,0.0,10.452911915426512,10.452911915426512,10.452911915426512,True,True
au,Sydney_Parramatta,LU-soft,20.0,500.0,1.0,101.53416191542657,0.0,True,0.0,101.53416191542655,0.0,203.06832383085325,101.53416191542655,203.06832383085325,True,True
au,Sydney_Parramatta,Ref,20.0,100.0,0.5,17.952848808878752,0.0,True,0.0,0.0,0.0,0.0,0.0,0.0,True,True
au,Sydney_Parramatta,Ref,20.0,300.0,0.5,17.952848808878752,0.0,True,0.0,0.0,0.0,0.0,0.0,0.0,True,True
au,Sydney_Parramatta,Ref,20.0,500.0,0.5,17.952848808878752,0.0,True,0.0,17.9528488088788,0.0,35.90569761775755,17.9528488088788,35.90569761775755,True,True
au,Sydney_Parramatta,Ref,20.0,100.0,0.8,24.398594559060044,0.0,True,0.0,0.0,0.0,0.0,0.0,0.0,True,True
au,Sydney_Parramatta,Ref,20.0,300.0,0.8,24.398594559060044,0.0,True,0.0,0.0,0.0,0.0,0.0,0.0,True,True
au,Sydney_Parramatta,Ref,20.0,500.0,0.8,24.398594559060044,0.0,True,0.0,24.39859455906014,0.0,48.79718911812013,24.39859455906014,48.79718911812013,True,True
au,Sydney_Parramatta,Ref,20.0,100.0,0.9,33.28834698901009,0.0,True,0.0,0.0,0.0,0.0,0.0,0.0,True,True
au,Sydney_Parramatta,Ref,20.0,300.0,0.9,33.28834698901009,0.0,True,0.0,0.0,0.0,0.0,0.0,0.0,True,True
au,Sydney_Parramatta,Ref,20.0,500.0,0.9,33.28834698901009,0.0,True,0.0,33.288346989010165,0.0,66.57669397802019,33.288346989010165,66.57669397802019,True,True
au,Sydney_Parramatta,Ref,20.0,100.0,1.0,37.07082054878199,0.0,True,0.0,0.0,0.0,0.0,0.0,0.0,True,True
au,Sydney_Parramatta,Ref,20.0,300.0,1.0,37.07082054878199,0.0,True,0.0,0.0,0.0,0.0,0.0,0.0,True,True
au,Sydney_Parramatta,Ref,20.0,500.0,1.0,37.07082054878199,0.0,True,0.0,37.07082054878208,0.0,74.14164109756402,37.07082054878208,74.14164109756402,True,True
au,Sydney_Parramatta,GNN-oof-42,20.0,100.0,0.5,33.66020949757082,0.0,True,0.0,0.0,0.0,0.0,0.0,0.0,True,True
au,Sydney_Parramatta,GNN-oof-42,20.0,300.0,0.5,33.66020949757082,0.0,True,0.0,0.0,0.0,0.0,0.0,0.0,True,True
au,Sydney_Parramatta,GNN-oof-42,20.0,500.0,0.5,33.66020949757082,0.0,True,0.0,33.66020949757092,0.0,67.3204189951417,33.66020949757092,67.3204189951417,True,True
au,Sydney_Parramatta,GNN-oof-42,20.0,100.0,0.8,57.45534694940855,0.0,True,0.0,0.0,0.0,0.0,0.0,0.0,True,True
au,Sydney_Parramatta,GNN-oof-42,20.0,300.0,0.8,57.45534694940855,0.0,True,0.0,0.0,0.0,0.0,0.0,0.0,True,True
au,Sydney_Parramatta,GNN-oof-42,20.0,500.0,0.8,57.45534694940855,0.0,True,0.0,57.455346949408636,0.0,114.91069389881707,57.455346949408636,114.91069389881707,True,True
au,Sydney_Parramatta,GNN-oof-42,20.0,100.0,0.9,67.64426053707123,0.0,True,0.0,0.0,0.0,0.0,0.0,0.0,True,True
au,Sydney_Parramatta,GNN-oof-42,20.0,300.0,0.9,67.64426053707123,0.0,True,0.0,0.0,0.0,0.0,0.0,0.0,True,True
au,Sydney_Parramatta,GNN-oof-42,20.0,500.0,0.9,67.64426053707123,0.0,True,0.0,67.64426053707133,0.0,135.28852107414244,67.64426053707133,135.28852107414244,True,True
au,Sydney_Parramatta,GNN-oof-42,20.0,100.0,1.0,88.48217640730621,0.0,True,0.0,0.0,0.0,0.0,0.0,0.0,True,True
au,Sydney_Parramatta,GNN-oof-42,20.0,300.0,1.0,88.48217640730621,0.0,True,0.0,0.0,0.0,0.0,0.0,0.0,True,True
au,Sydney_Parramatta,GNN-oof-42,20.0,500.0,1.0,88.48217640730621,0.0,True,0.0,88.48217640730628,0.0,176.96435281461237,88.48217640730628,176.96435281461237,True,True
au,Sydney_Parramatta,GNN-oof-123,20.0,100.0,0.5,35.033489462087786,0.0,True,0.0,0.0,0.0,0.0,0.0,0.0,True,True
au,Sydney_Parramatta,GNN-oof-123,20.0,300.0,0.5,35.033489462087786,0.0,True,0.0,0.0,0.0,0.0,0.0,0.0,True,True
au,Sydney_Parramatta,GNN-oof-123,20.0,500.0,0.5,35.033489462087786,0.0,True,0.0,35.03348946208781,0.0,70.06697892417542,35.03348946208781,70.06697892417542,True,True
au,Sydney_Parramatta,GNN-oof-123,20.0,100.0,0.8,55.69259851361204,0.0,True,0.0,0.0,0.0,0.0,0.0,0.0,True,True
au,Sydney_Parramatta,GNN-oof-123,20.0,300.0,0.8,55.69259851361204,0.0,True,0.0,0.0,0.0,0.0,0.0,0.0,True,True
au,Sydney_Parramatta,GNN-oof-123,20.0,500.0,0.8,55.69259851361204,0.0,True,0.0,55.6925985136121,0.0,111.38519702722408,55.6925985136121,111.38519702722408,True,True
au,Sydney_Parramatta,GNN-oof-123,20.0,100.0,0.9,64.66040553066588,0.0,True,0.0,0.0,0.0,0.0,0.0,0.0,True,True
au,Sydney_Parramatta,GNN-oof-123,20.0,300.0,0.9,64.66040553066588,0.0,True,0.0,0.0,0.0,0.0,0.0,0.0,True,True
au,Sydney_Parramatta,GNN-oof-123,20.0,500.0,0.9,64.66040553066588,0.0,True,0.0,64.66040553066591,0.0,129.32081106133177,64.66040553066591,129.32081106133177,True,True
au,Sydney_Parramatta,GNN-oof-123,20.0,100.0,1.0,71.4367365131568,0.0,True,0.0,0.0,0.0,0.0,0.0,0.0,True,True
au,Sydney_Parramatta,GNN-oof-123,20.0,300.0,1.0,71.4367365131568,0.0,True,0.0,0.0,0.0,0.0,0.0,0.0,True,True
au,Sydney_Parramatta,GNN-oof-123,20.0,500.0,1.0,71.4367365131568,0.0,True,0.0,71.4367365131568,0.0,142.87347302631366,71.4367365131568,142.87347302631366,True,True
au,Sydney_Parramatta,GNN-oof-456,20.0,100.0,0.5,34.47416513576669,0.0,True,0.0,0.0,0.0,0.0,0.0,0.0,True,True
au,Sydney_Parramatta,GNN-oof-456,20.0,300.0,0.5,34.47416513576669,0.0,True,0.0,0.0,0.0,0.0,0.0,0.0,True,True
au,Sydney_Parramatta,GNN-oof-456,20.0,500.0,0.5,34.47416513576669,0.0,True,0.0,34.47416513576673,0.0,68.94833027153327,34.47416513576673,68.94833027153327,True,True
au,Sydney_Parramatta,GNN-oof-456,20.0,100.0,0.8,65.19637743280407,0.0,True,0.0,0.0,0.0,0.0,0.0,0.0,True,True
au,Sydney_Parramatta,GNN-oof-456,20.0,300.0,0.8,65.19637743280407,0.0,True,0.0,0.0,0.0,0.0,0.0,0.0,True,True
au,Sydney_Parramatta,GNN-oof-456,20.0,500.0,0.8,65.19637743280407,0.0,True,0.0,65.19637743280407,0.0,130.39275486560814,65.19637743280407,130.39275486560814,True,True
au,Sydney_Parramatta,GNN-oof-456,20.0,100.0,0.9,68.2579434633662,0.0,True,0.0,0.0,0.0,0.0,0.0,0.0,True,True
au,Sydney_Parramatta,GNN-oof-456,20.0,300.0,0.9,68.2579434633662,0.0,True,0.0,0.0,0.0,0.0,0.0,0.0,True,True
au,Sydney_Parramatta,GNN-oof-456,20.0,500.0,0.9,68.2579434633662,0.0,True,0.0,68.25794346336625,0.0,136.51588692673232,68.25794346336625,136.51588692673232,True,True
au,Sydney_Parramatta,GNN-oof-456,20.0,100.0,1.0,96.4340807302071,0.0,True,0.0,0.0,0.0,0.0,0.0,0.0,True,True
au,Sydney_Parramatta,GNN-oof-456,20.0,300.0,1.0,96.4340807302071,0.0,True,0.0,5.352830730207074,0.0,5.352830730207074,5.352830730207074,5.352830730207074,True,True
au,Sydney_Parramatta,GNN-oof-456,20.0,500.0,1.0,96.4340807302071,0.0,True,0.0,96.43408073020714,0.0,192.86816146041423,96.43408073020714,192.86816146041423,True,True
au,Sydney_Ryde,Uni,10.0,100.0,0.5,91.19444722434743,54.10282630036335,True,0.0,0.0,0.0,0.0,0.0,0.0,True,True
au,Sydney_Ryde,Uni,10.0,300.0,0.5,91.19444722434743,54.10282630036335,True,0.03956316189494089,0.09119444722434747,0.0,0.0,0.05163128532940658,0.0,True,True
au,Sydney_Ryde,Uni,10.0,500.0,0.5,91.19444722434743,54.10282630036335,True,0.11108990784494677,3.885289463486824,0.0,3.0813758566703937,3.774199555641877,3.0813758566703937,True,True
au,Sydney_Ryde,Uni,10.0,100.0,0.8,146.28520420228952,54.10282630036335,True,0.0,0.0074233660972304275,0.0,0.0,0.0074233660972304275,0.0,True,True
au,Sydney_Ryde,Uni,10.0,300.0,0.8,146.28520420228952,54.10282630036335,True,0.03956316189494089,0.15111303454899205,0.0,0.0,0.11154987265405117,0.0,True,True
au,Sydney_Ryde,Uni,10.0,500.0,0.8,146.28520420228952,54.10282630036335,True,0.11108990784494677,15.856833074770291,0.0,42.3065678613957,15.745743166925344,42.3065678613957,True,True
au,Sydney_Ryde,Uni,10.0,100.0,0.9,156.9571202083834,54.10282630036335,True,0.0,0.018095282103324336,0.0,0.0,0.018095282103324336,0.0,True,True
au,Sydney_Ryde,Uni,10.0,300.0,0.9,156.9571202083834,54.10282630036335,True,0.03956316189494089,0.2258622579796322,0.0,0.0,0.1862990960846913,0.0,True,True
au,Sydney_Ryde,Uni,10.0,500.0,0.9,156.9571202083834,54.10282630036335,True,0.11108990784494677,18.72999574150432,0.0,52.978483867489594,18.618905833659376,52.978483867489594,True,True
au,Sydney_Ryde,Uni,10.0,100.0,1.0,162.73882793323753,54.10282630036335,True,0.0,0.02387698982817841,0.0,0.0,0.02387698982817841,0.0,True,True
au,Sydney_Ryde,Uni,10.0,300.0,1.0,162.73882793323753,54.10282630036335,True,0.03956316189494089,0.2920359470997105,0.0,0.0,0.25247278520476957,0.0,True,True
au,Sydney_Ryde,Uni,10.0,500.0,1.0,162.73882793323753,54.10282630036335,True,0.11108990784494677,20.405149354515334,0.0,58.7601915923437,20.29405944667039,58.7601915923437,True,True
au,Sydney_Ryde,LU,10.0,100.0,0.5,94.16929787617873,53.7382567863865,True,0.0,0.0,0.0,0.0,0.0,0.0,True,True
au,Sydney_Ryde,LU,10.0,300.0,0.5,94.16929787617873,53.7382567863865,True,0.04001581704081144,0.09416929787617868,0.0,0.0,0.054153480835367244,0.0,True,True
au,Sydney_Ryde,LU,10.0,500.0,0.5,94.16929787617873,53.7382567863865,True,0.10336697091064456,4.345647721993991,0.0,4.540738090342723,4.242280751083347,4.540738090342723,True,True
au,Sydney_Ryde,LU,10.0,100.0,0.8,158.4835572530706,53.7382567863865,True,0.0,0.020074374293881987,0.0,0.0,0.020074374293881987,0.0,True,True
au,Sydney_Ryde,LU,10.0,300.0,0.8,158.4835572530706,53.7382567863865,True,0.04001581704081144,0.25562523407411863,0.0,0.0,0.2156094170333072,0.0,True,True
au,Sydney_Ryde,LU,10.0,500.0,0.8,158.4835572530706,53.7382567863865,True,0.10336697091064456,19.15613872027588,0.0,54.34923735456639,19.052771749365235,54.34923735456639,True,True
au,Sydney_Ryde,LU,10.0,100.0,0.9,167.76317668605324,53.7382567863865,True,0.0,0.029353993726864643,0.0,0.0,0.029353993726864643,0.0,True,True
au,Sydney_Ryde,LU,10.0,300.0,0.9,167.76317668605324,53.7382567863865,True,0.04001581704081144,0.37048297303095495,0.0,0.0,0.33046715599014354,0.0,True,True
au,Sydney_Ryde,LU,10.0,500.0,0.9,167.76317668605324,53.7382567863865,True,0.10336697091064456,21.977624723771385,0.0,63.62885678754905,21.87425775286074,63.62885678754905,True,True
au,Sydney_Ryde,LU,10.0,100.0,1.0,177.6576380366752,53.7382567863865,True,0.0,0.039248455077486595,0.0,0.0,0.039248455077486595,0.0,True,True
au,Sydney_Ryde,LU,10.0,300.0,1.0,177.6576380366752,53.7382567863865,True,0.04001581704081144,0.4941637399137293,0.0,0.0,0.4541479228729179,0.0,True,True
au,Sydney_Ryde,LU,10.0,500.0,1.0,177.6576380366752,53.7382567863865,True,0.10336697091064456,25.133896265038423,0.0,73.52331813817102,25.030529294127778,73.52331813817102,True,True
au,Sydney_Ryde,LU-soft,10.0,100.0,0.5,94.17161224165697,53.7382567863865,True,0.0,0.0,0.0,0.0,0.0,0.0,True,True
au,Sydney_Ryde,LU-soft,10.0,300.0,0.5,94.17161224165697,53.7382567863865,True,0.04001581704081144,0.09417161224165693,0.0,0.0,0.05415579520084549,0.0,True,True
au,Sydney_Ryde,LU-soft,10.0,500.0,0.5,94.17161224165697,53.7382567863865,True,0.10336697091064456,4.346063150597336,0.0,4.541663836534019,4.242696179686692,4.541663836534019,True,True
au,Sydney_Ryde,LU-soft,10.0,100.0,0.8,158.3768684456133,53.7382567863865,True,0.0,0.01996768548642467,0.0,0.0,0.01996768548642467,0.0,True,True
au,Sydney_Ryde,LU-soft,10.0,300.0,0.8,158.3768684456133,53.7382567863865,True,0.04001581704081144,0.2544516571920883,0.0,0.0,0.21443584015127684,0.0,True,True
au,Sydney_Ryde,LU-soft,10.0,500.0,0.8,158.3768684456133,53.7382567863865,True,0.10336697091064456,19.125230759621203,0.0,54.242548547109095,19.021863788710558,54.242548547109095,True,True
au,Sydney_Ryde,LU-soft,10.0,100.0,0.9,167.06498215746035,53.7382567863865,True,0.0,0.02865579919827178,0.0,0.0,0.02865579919827178,0.0,True,True
au,Sydney_Ryde,LU-soft,10.0,300.0,0.9,167.06498215746035,53.7382567863865,True,0.04001581704081144,0.3617555414235439,0.0,0.0,0.32173972438273246,0.0,True,True
au,Sydney_Ryde,LU-soft,10.0,500.0,0.9,167.06498215746035,53.7382567863865,True,0.10336697091064456,21.76006262201888,0.0,62.93066225895615,21.656695651108233,62.93066225895615,True,True
au,Sydney_Ryde,LU-soft,10.0,100.0,1.0,177.6576380366752,53.7382567863865,True,0.0,0.039248455077486595,0.0,0.0,0.039248455077486595,0.0,True,True
au,Sydney_Ryde,LU-soft,10.0,300.0,1.0,177.6576380366752,53.7382567863865,True,0.04001581704081144,0.4941637399137293,0.0,0.0,0.4541479228729179,0.0,True,True
au,Sydney_Ryde,LU-soft,10.0,500.0,1.0,177.6576380366752,53.7382567863865,True,0.10336697091064456,25.133896265038423,0.0,73.52331813817102,25.030529294127778,73.52331813817102,True,True
au,Sydney_Ryde,Ref,10.0,100.0,0.5,63.16689524783497,49.42510093439756,True,0.0,0.0,0.0,0.0,0.0,0.0,True,True
au,Sydney_Ryde,Ref,10.0,300.0,0.5,63.16689524783497,49.42510093439756,True,0.03502832491844509,0.06316689524783488,0.0,0.0,0.028138570329389788,0.0,True,True
au,Sydney_Ryde,Ref,10.0,500.0,0.5,63.16689524783497,49.42510093439756,True,0.13024879486088764,0.7895861905979372,0.0,0.0,0.6593373957370496,0.0,True,True
au,Sydney_Ryde,Ref,10.0,100.0,0.8,85.9771980310515,49.42510093439756,True,0.0,0.0,0.0,0.0,0.0,0.0,True,True
au,Sydney_Ryde,Ref,10.0,300.0,0.8,85.9771980310515,49.42510093439756,True,0.03502832491844509,0.08597719803105144,0.0,0.0,0.050948873112606353,0.0,True,True
au,Sydney_Ryde,Ref,10.0,500.0,0.8,85.9771980310515,49.42510093439756,True,0.13024879486088764,2.141655120886988,0.0,1.2585111446565236,2.0114063260261004,1.2585111446565236,True,True
au,Sydney_Ryde,Ref,10.0,100.0,0.9,89.25243440948505,49.42510093439756,True,0.0,0.0,0.0,0.0,0.0,0.0,True,True
au,Sydney_Ryde,Ref,10.0,300.0,0.9,89.25243440948505,49.42510093439756,True,0.03502832491844509,0.08925243440948498,0.0,0.0,0.05422410949103989,0.0,True,True
au,Sydney_Ryde,Ref,10.0,500.0,0.9,89.25243440948505,49.42510093439756,True,0.13024879486088764,2.51255313004673,0.0,2.301094521552659,2.382304335185842,2.301094521552659,True,True
au,Sydney_Ryde,Ref,10.0,100.0,1.0,134.01832186628837,49.42510093439756,True,0.0,0.0,0.0,0.0,0.0,0.0,True,True
au,Sydney_Ryde,Ref,10.0,300.0,1.0,134.01832186628837,49.42510093439756,True,0.03502832491844509,0.13401832186628826,0.0,0.0,0.09898999694784316,0.0,True,True
au,Sydney_Ryde,Ref,10.0,500.0,1.0,134.01832186628837,49.42510093439756,True,0.13024879486088764,10.354309404488802,0.0,23.967325057359524,10.224060609627914,23.967325057359524,True,True
au,Sydney_Ryde,GNN-oof-42,10.0,100.0,0.5,122.21865454451219,127.16158562841787,False,0.0,0.0,0.0,0.0,0.0,0.0,True,True
au,Sydney_Ryde,GNN-oof-42,10.0,300.0,0.5,122.21865454451219,127.16158562841787,False,0.02157499999999999,0.11341959561659899,0.0,0.0,0.091844595616599,0.0,True,True
au,Sydney_Ryde,GNN-oof-42,10.0,500.0,0.5,122.21865454451219,127.16158562841787,False,0.6510865589279135,9.963403674840233,0.0,24.844945682777865,9.31231711591232,24.844945682777865,True,True
au,Sydney_Ryde,GNN-oof-42,10.0,100.0,0.8,174.45298269399555,127.16158562841787,True,0.0,0.0,0.0,0.0,0.0,0.0,True,True
au,Sydney_Ryde,GNN-oof-42,10.0,300.0,0.8,174.45298269399555,127.16158562841787,True,0.02157499999999999,0.16565392376608234,0.0,0.0,0.14407892376608236,0.0,True,True
au,Sydney_Ryde,GNN-oof-42,10.0,500.0,0.8,174.45298269399555,127.16158562841787,True,0.6510865589279135,22.29627797810681,0.0,75.53668683629823,21.645191419178897,75.53668683629823,True,True
au,Sydney_Ryde,GNN-oof-42,10.0,100.0,0.9,206.81239104435488,127.16158562841787,True,0.0,0.0,0.0,0.0,0.0,0.0,True,True
au,Sydney_Ryde,GNN-oof-42,10.0,300.0,0.9,206.81239104435488,127.16158562841787,True,0.02157499999999999,0.19801333211644162,0.0,0.0,0.17643833211644164,0.0,True,True
au,Sydney_Ryde,GNN-oof-42,10.0,500.0,0.9,206.81239104435488,127.16158562841787,True,0.6510865589279135,38.278189518958584,0.0,107.89609518665755,37.62710296003067,107.89609518665755,True,True
au,Sydney_Ryde,GNN-oof-42,10.0,100.0,1.0,287.6936419543933,127.16158562841787,True,0.0,0.07889458302648006,0.0,0.0,0.07889458302648006,0.0,True,True
au,Sydney_Ryde,GNN-oof-42,10.0,300.0,1.0,287.6936419543933,127.16158562841787,True,0.02157499999999999,3.2265232478632386,0.0,6.04609019893689,3.2049482478632387,6.04609019893689,True,True
au,Sydney_Ryde,GNN-oof-42,10.0,500.0,1.0,287.6936419543933,127.16158562841787,True,0.6510865589279135,102.94639285133705,0.0,188.77734609669596,102.29530629240914,188.77734609669596,True,True
au,Sydney_Ryde,GNN-oof-123,10.0,100.0,0.5,113.49716016463633,112.67763476096314,True,0.0,0.0,0.0,0.0,0.0,0.0,True,True
au,Sydney_Ryde,GNN-oof-123,10.0,300.0,0.5,113.49716016463633,112.67763476096314,True,0.01834182648008138,0.11349716016463632,0.0,0.0,0.09515533368455494,0.0,True,True
au,Sydney_Ryde,GNN-oof-123,10.0,500.0,0.5,113.49716016463633,112.67763476096314,True,0.6390543264800816,8.081670647857692,0.0,16.433726197225127,7.44261632137761,16.433726197225127,True,True
au,Sydney_Ryde,GNN-oof-123,10.0,100.0,0.8,168.05164823458205,112.67763476096314,True,0.0,0.0,0.0,0.0,0.0,0.0,True,True
au,Sydney_Ryde,GNN-oof-123,10.0,300.0,0.8,168.05164823458205,112.67763476096314,True,0.01834182648008138,0.16805164823458207,0.0,0.0,0.1497098217545007,0.0,True,True
au,Sydney_Ryde,GNN-oof-123,10.0,500.0,0.8,168.05164823458205,112.67763476096314,True,0.6390543264800816,20.81447560304708,0.0,67.7150182292568,20.175421276566997,67.7150182292568,True,True
au,Sydney_Ryde,GNN-oof-123,10.0,100.0,0.9,191.9094341103093,112.67763476096314,True,0.0,0.0,0.0,0.0,0.0,0.0,True,True
au,Sydney_Ryde,GNN-oof-123,10.0,300.0,0.9,191.9094341103093,112.67763476096314,True,0.01834182648008138,0.1919094341103093,0.0,0.0,0.17356760763022794,0.0,True,True
au,Sydney_Ryde,GNN-oof-123,10.0,500.0,0.9,191.9094341103093,112.67763476096314,True,0.6390543264800816,28.231364388876855,0.0,91.57280410498399,27.592310062396773,91.57280410498399,True,True
au,Sydney_Ryde,GNN-oof-123,10.0,100.0,1.0,291.9811178712463,112.67763476096314,True,0.0,0.09521429139116493,0.0,0.0,0.09521429139116493,0.0,True,True
au,Sydney_Ryde,GNN-oof-123,10.0,300.0,1.0,291.9811178712463,112.67763476096314,True,0.01834182648008138,4.06378172379334,0.0,7.127092264601748,4.045439897313258,7.127092264601748,True,True
au,Sydney_Ryde,GNN-oof-123,10.0,500.0,1.0,291.9811178712463,112.67763476096314,True,0.6390543264800816,111.37194416828598,0.0,191.64448786592104,110.7328898418059,191.64448786592104,True,True
au,Sydney_Ryde,GNN-oof-456,10.0,100.0,0.5,120.35765575883518,126.05736525858225,False,0.0,0.0,0.0,0.0,0.0,0.0,True,True
au,Sydney_Ryde,GNN-oof-456,10.0,300.0,0.5,120.35765575883518,126.05736525858225,False,0.02157499999999999,0.11188700671046695,0.0,0.0,0.09031200671046696,0.0,True,True
au,Sydney_Ryde,GNN-oof-456,10.0,500.0,0.5,120.35765575883518,126.05736525858225,False,0.6507581490483685,9.564300204831088,0.0,23.258009093945184,8.91354205578272,23.258009093945184,True,True
au,Sydney_Ryde,GNN-oof-456,10.0,100.0,0.8,166.41815202462183,126.05736525858225,True,0.0,0.0,0.0,0.0,0.0,0.0,True,True
au,Sydney_Ryde,GNN-oof-456,10.0,300.0,0.8,166.41815202462183,126.05736525858225,True,0.02157499999999999,0.15794750297625354,0.0,0.0,0.13637250297625356,0.0,True,True
au,Sydney_Ryde,GNN-oof-456,10.0,500.0,0.8,166.41815202462183,126.05736525858225,True,0.6507581490483685,20.409158189489563,0.0,67.59990943943835,19.758400040441195,67.59990943943835,True,True
au,Sydney_Ryde,GNN-oof-456,10.0,100.0,0.9,230.46395018886028,126.05736525858225,True,0.0,0.021993301140492007,0.0,0.0,0.021993301140492007,0.0,True,True
au,Sydney_Ryde,GNN-oof-456,10.0,300.0,0.9,230.46395018886028,126.05736525858225,True,0.02157499999999999,0.24508096067803403,0.0,0.0,0.22350596067803405,0.0,True,True
au,Sydney_Ryde,GNN-oof-456,10.0,500.0,0.9,230.46395018886028,126.05736525858225,True,0.6507581490483685,56.058021297230795,0.0,131.6457076036768,55.40726314818242,131.6457076036768,True,True
au,Sydney_Ryde,GNN-oof-456,10.0,100.0,1.0,289.9336345732864,126.05736525858225,True,0.0,0.08146298552491817,0.0,0.0,0.08146298552491817,0.0,True,True
au,Sydney_Ryde,GNN-oof-456,10.0,300.0,1.0,289.9336345732864,126.05736525858225,True,0.02157499999999999,3.605945418388238,0.0,7.0119022503965995,3.584370418388238,7.0119022503965995,True,True
au,Sydney_Ryde,GNN-oof-456,10.0,500.0,1.0,289.9336345732864,126.05736525858225,True,0.6507581490483685,105.77038144433968,0.0,191.11539198810294,105.1196232952913,191.11539198810294,True,True
au,Sydney_Ryde,Uni,20.0,100.0,0.5,63.108894206783596,0.0,True,0.0,0.0,0.0,0.0,0.0,0.0,True,True
au,Sydney_Ryde,Uni,20.0,300.0,0.5,63.108894206783596,0.0,True,0.0,0.0,0.0,0.0,0.0,0.0,True,True
au,Sydney_Ryde,Uni,20.0,500.0,0.5,63.108894206783596,0.0,True,0.0,0.0,0.0,0.0,0.0,0.0,True,True
au,Sydney_Ryde,Uni,20.0,100.0,0.8,91.42217480712961,0.0,True,0.0,0.0,0.0,0.0,0.0,0.0,True,True
au,Sydney_Ryde,Uni,20.0,300.0,0.8,91.42217480712961,0.0,True,0.0,0.0,0.0,0.0,0.0,0.0,True,True
au,Sydney_Ryde,Uni,20.0,500.0,0.8,91.42217480712961,0.0,True,0.0,0.0,0.0,0.0,0.0,0.0,True,True
au,Sydney_Ryde,Uni,20.0,100.0,0.9,138.48278586069134,0.0,True,0.0,0.0,0.0,0.0,0.0,0.0,True,True
au,Sydney_Ryde,Uni,20.0,300.0,0.9,138.48278586069134,0.0,True,0.0,0.0,0.0,0.0,0.0,0.0,True,True
au,Sydney_Ryde,Uni,20.0,500.0,0.9,138.48278586069134,0.0,True,0.0,0.0,0.0,0.0,0.0,0.0,True,True
au,Sydney_Ryde,Uni,20.0,100.0,1.0,205.03727855835226,0.0,True,0.0,0.0,0.0,0.0,0.0,0.0,True,True
au,Sydney_Ryde,Uni,20.0,300.0,1.0,205.03727855835226,0.0,True,0.0,0.0,0.0,0.0,0.0,0.0,True,True
au,Sydney_Ryde,Uni,20.0,500.0,1.0,205.03727855835226,0.0,True,0.0,18.343528558352318,0.0,18.343528558352318,18.343528558352318,18.343528558352318,True,True
au,Sydney_Ryde,LU,20.0,100.0,0.5,64.2880088106787,0.0,True,0.0,0.0,0.0,0.0,0.0,0.0,True,True
au,Sydney_Ryde,LU,20.0,300.0,0.5,64.2880088106787,0.0,True,0.0,0.0,0.0,0.0,0.0,0.0,True,True
au,Sydney_Ryde,LU,20.0,500.0,0.5,64.2880088106787,0.0,True,0.0,0.0,0.0,0.0,0.0,0.0,True,True
au,Sydney_Ryde,LU,20.0,100.0,0.8,94.43461720088375,0.0,True,0.0,0.0,0.0,0.0,0.0,0.0,True,True
au,Sydney_Ryde,LU,20.0,300.0,0.8,94.43461720088375,0.0,True,0.0,0.0,0.0,0.0,0.0,0.0,True,True
au,Sydney_Ryde,LU,20.0,500.0,0.8,94.43461720088375,0.0,True,0.0,0.0,0.0,0.0,0.0,0.0,True,True
au,Sydney_Ryde,LU,20.0,100.0,0.9,144.39935376804345,0.0,True,0.0,0.0,0.0,0.0,0.0,0.0,True,True
au,Sydney_Ryde,LU,20.0,300.0,0.9,144.39935376804345,0.0,True,0.0,0.0,0.0,0.0,0.0,0.0,True,True
au,Sydney_Ryde,LU,20.0,500.0,0.9,144.39935376804345,0.0,True,0.0,0.0,0.0,0.0,0.0,0.0,True,True
au,Sydney_Ryde,LU,20.0,100.0,1.0,193.11206819866544,0.0,True,0.0,0.0,0.0,0.0,0.0,0.0,True,True
au,Sydney_Ryde,LU,20.0,300.0,1.0,193.11206819866544,0.0,True,0.0,0.0,0.0,0.0,0.0,0.0,True,True
au,Sydney_Ryde,LU,20.0,500.0,1.0,193.11206819866544,0.0,True,0.0,6.4183181986654745,0.0,6.4183181986654745,6.4183181986654745,6.4183181986654745,True,True
au,Sydney_Ryde,LU-soft,20.0,100.0,0.5,63.56035495800559,0.0,True,0.0,0.0,0.0,0.0,0.0,0.0,True,True
au,Sydney_Ryde,LU-soft,20.0,300.0,0.5,63.56035495800559,0.0,True,0.0,0.0,0.0,0.0,0.0,0.0,True,True
au,Sydney_Ryde,LU-soft,20.0,500.0,0.5,63.56035495800559,0.0,True,0.0,0.0,0.0,0.0,0.0,0.0,True,True
au,Sydney_Ryde,LU-soft,20.0,100.0,0.8,94.28454603277811,0.0,True,0.0,0.0,0.0,0.0,0.0,0.0,True,True
au,Sydney_Ryde,LU-soft,20.0,300.0,0.8,94.28454603277811,0.0,True,0.0,0.0,0.0,0.0,0.0,0.0,True,True
au,Sydney_Ryde,LU-soft,20.0,500.0,0.8,94.28454603277811,0.0,True,0.0,0.0,0.0,0.0,0.0,0.0,True,True
au,Sydney_Ryde,LU-soft,20.0,100.0,0.9,144.28908020744626,0.0,True,0.0,0.0,0.0,0.0,0.0,0.0,True,True
au,Sydney_Ryde,LU-soft,20.0,300.0,0.9,144.28908020744626,0.0,True,0.0,0.0,0.0,0.0,0.0,0.0,True,True
au,Sydney_Ryde,LU-soft,20.0,500.0,0.9,144.28908020744626,0.0,True,0.0,0.0,0.0,0.0,0.0,0.0,True,True
au,Sydney_Ryde,LU-soft,20.0,100.0,1.0,193.77881704318105,0.0,True,0.0,0.0,0.0,0.0,0.0,0.0,True,True
au,Sydney_Ryde,LU-soft,20.0,300.0,1.0,193.77881704318105,0.0,True,0.0,0.0,0.0,0.0,0.0,0.0,True,True
au,Sydney_Ryde,LU-soft,20.0,500.0,1.0,193.77881704318105,0.0,True,0.0,7.085067043181198,0.0,7.085067043181198,7.085067043181198,7.085067043181198,True,True
au,Sydney_Ryde,Ref,20.0,100.0,0.5,34.26316560959414,0.0,True,0.0,0.0,0.0,0.0,0.0,0.0,True,True
au,Sydney_Ryde,Ref,20.0,300.0,0.5,34.26316560959414,0.0,True,0.0,0.0,0.0,0.0,0.0,0.0,True,True
au,Sydney_Ryde,Ref,20.0,500.0,0.5,34.26316560959414,0.0,True,0.0,0.0,0.0,0.0,0.0,0.0,True,True
au,Sydney_Ryde,Ref,20.0,100.0,0.8,46.56492654274336,0.0,True,0.0,0.0,0.0,0.0,0.0,0.0,True,True
au,Sydney_Ryde,Ref,20.0,300.0,0.8,46.56492654274336,0.0,True,0.0,0.0,0.0,0.0,0.0,0.0,True,True
au,Sydney_Ryde,Ref,20.0,500.0,0.8,46.56492654274336,0.0,True,0.0,0.0,0.0,0.0,0.0,0.0,True,True
au,Sydney_Ryde,Ref,20.0,100.0,0.9,63.53109514240493,0.0,True,0.0,0.0,0.0,0.0,0.0,0.0,True,True
au,Sydney_Ryde,Ref,20.0,300.0,0.9,63.53109514240493,0.0,True,0.0,0.0,0.0,0.0,0.0,0.0,True,True
au,Sydney_Ryde,Ref,20.0,500.0,0.9,63.53109514240493,0.0,True,0.0,0.0,0.0,0.0,0.0,0.0,True,True
au,Sydney_Ryde,Ref,20.0,100.0,1.0,70.74997830529777,0.0,True,0.0,0.0,0.0,0.0,0.0,0.0,True,True
au,Sydney_Ryde,Ref,20.0,300.0,1.0,70.74997830529777,0.0,True,0.0,0.0,0.0,0.0,0.0,0.0,True,True
au,Sydney_Ryde,Ref,20.0,500.0,1.0,70.74997830529777,0.0,True,0.0,0.0,0.0,0.0,0.0,0.0,True,True
au,Sydney_Ryde,GNN-oof-42,20.0,100.0,0.5,64.2407979227522,0.0,True,0.0,0.0,0.0,0.0,0.0,0.0,True,True
au,Sydney_Ryde,GNN-oof-42,20.0,300.0,0.5,64.2407979227522,0.0,True,0.0,0.0,0.0,0.0,0.0,0.0,True,True
au,Sydney_Ryde,GNN-oof-42,20.0,500.0,0.5,64.2407979227522,0.0,True,0.0,0.0,0.0,0.0,0.0,0.0,True,True
au,Sydney_Ryde,GNN-oof-42,20.0,100.0,0.8,109.65402141139202,0.0,True,0.0,0.0,0.0,0.0,0.0,0.0,True,True
au,Sydney_Ryde,GNN-oof-42,20.0,300.0,0.8,109.65402141139202,0.0,True,0.0,0.0,0.0,0.0,0.0,0.0,True,True
au,Sydney_Ryde,GNN-oof-42,20.0,500.0,0.8,109.65402141139202,0.0,True,0.0,0.0,0.0,0.0,0.0,0.0,True,True
au,Sydney_Ryde,GNN-oof-42,20.0,100.0,0.9,129.09965020002625,0.0,True,0.0,0.0,0.0,0.0,0.0,0.0,True,True
au,Sydney_Ryde,GNN-oof-42,20.0,300.0,0.9,129.09965020002625,0.0,True,0.0,0.0,0.0,0.0,0.0,0.0,True,True
au,Sydney_Ryde,GNN-oof-42,20.0,500.0,0.9,129.09965020002625,0.0,True,0.0,0.0,0.0,0.0,0.0,0.0,True,True
au,Sydney_Ryde,GNN-oof-42,20.0,100.0,1.0,168.8689909894139,0.0,True,0.0,0.0,0.0,0.0,0.0,0.0,True,True
au,Sydney_Ryde,GNN-oof-42,20.0,300.0,1.0,168.8689909894139,0.0,True,0.0,0.0,0.0,0.0,0.0,0.0,True,True
au,Sydney_Ryde,GNN-oof-42,20.0,500.0,1.0,168.8689909894139,0.0,True,0.0,0.0,0.0,0.0,0.0,0.0,True,True
au,Sydney_Ryde,GNN-oof-123,20.0,100.0,0.5,66.86171448889138,5.684341886080802e-14,True,0.0,0.0,0.0,0.0,0.0,0.0,True,True
au,Sydney_Ryde,GNN-oof-123,20.0,300.0,0.5,66.86171448889138,5.684341886080802e-14,True,0.0,0.0,0.0,0.0,0.0,0.0,True,True
au,Sydney_Ryde,GNN-oof-123,20.0,500.0,0.5,66.86171448889138,5.684341886080802e-14,True,0.0,0.0,0.0,0.0,0.0,0.0,True,True
au,Sydney_Ryde,GNN-oof-123,20.0,100.0,0.8,106.28980093436786,5.684341886080802e-14,True,0.0,0.0,0.0,0.0,0.0,0.0,True,True
au,Sydney_Ryde,GNN-oof-123,20.0,300.0,0.8,106.28980093436786,5.684341886080802e-14,True,0.0,0.0,0.0,0.0,0.0,0.0,True,True
au,Sydney_Ryde,GNN-oof-123,20.0,500.0,0.8,106.28980093436786,5.684341886080802e-14,True,0.0,0.0,0.0,0.0,0.0,0.0,True,True
au,Sydney_Ryde,GNN-oof-123,20.0,100.0,0.9,123.4049373815837,5.684341886080802e-14,True,0.0,0.0,0.0,0.0,0.0,0.0,True,True
au,Sydney_Ryde,GNN-oof-123,20.0,300.0,0.9,123.4049373815837,5.684341886080802e-14,True,0.0,0.0,0.0,0.0,0.0,0.0,True,True
au,Sydney_Ryde,GNN-oof-123,20.0,500.0,0.9,123.4049373815837,5.684341886080802e-14,True,0.0,0.0,0.0,0.0,0.0,0.0,True,True
au,Sydney_Ryde,GNN-oof-123,20.0,100.0,1.0,136.3376230600641,5.684341886080802e-14,True,0.0,0.0,0.0,0.0,0.0,0.0,True,True
au,Sydney_Ryde,GNN-oof-123,20.0,300.0,1.0,136.3376230600641,5.684341886080802e-14,True,0.0,0.0,0.0,0.0,0.0,0.0,True,True
au,Sydney_Ryde,GNN-oof-123,20.0,500.0,1.0,136.3376230600641,5.684341886080802e-14,True,0.0,0.0,0.0,0.0,0.0,0.0,True,True
au,Sydney_Ryde,GNN-oof-456,20.0,100.0,0.5,65.79423922486886,5.684341886080802e-14,True,0.0,0.0,0.0,0.0,0.0,0.0,True,True
au,Sydney_Ryde,GNN-oof-456,20.0,300.0,0.5,65.79423922486886,5.684341886080802e-14,True,0.0,0.0,0.0,0.0,0.0,0.0,True,True
au,Sydney_Ryde,GNN-oof-456,20.0,500.0,0.5,65.79423922486886,5.684341886080802e-14,True,0.0,0.0,0.0,0.0,0.0,0.0,True,True
au,Sydney_Ryde,GNN-oof-456,20.0,100.0,0.8,124.4278443441805,5.684341886080802e-14,True,0.0,0.0,0.0,0.0,0.0,0.0,True,True
au,Sydney_Ryde,GNN-oof-456,20.0,300.0,0.8,124.4278443441805,5.684341886080802e-14,True,0.0,0.0,0.0,0.0,0.0,0.0,True,True
au,Sydney_Ryde,GNN-oof-456,20.0,500.0,0.8,124.4278443441805,5.684341886080802e-14,True,0.0,0.0,0.0,0.0,0.0,0.0,True,True
au,Sydney_Ryde,GNN-oof-456,20.0,100.0,0.9,130.2708693173524,5.684341886080802e-14,True,0.0,0.0,0.0,0.0,0.0,0.0,True,True
au,Sydney_Ryde,GNN-oof-456,20.0,300.0,0.9,130.2708693173524,5.684341886080802e-14,True,0.0,0.0,0.0,0.0,0.0,0.0,True,True
au,Sydney_Ryde,GNN-oof-456,20.0,500.0,0.9,130.2708693173524,5.684341886080802e-14,True,0.0,0.0,0.0,0.0,0.0,0.0,True,True
au,Sydney_Ryde,GNN-oof-456,20.0,100.0,1.0,184.04526844976073,5.684341886080802e-14,True,0.0,0.0,0.0,0.0,0.0,0.0,True,True
au,Sydney_Ryde,GNN-oof-456,20.0,300.0,1.0,184.04526844976073,5.684341886080802e-14,True,0.0,0.0,0.0,0.0,0.0,0.0,True,True
au,Sydney_Ryde,GNN-oof-456,20.0,500.0,1.0,184.04526844976073,5.684341886080802e-14,True,0.0,0.0,0.0,0.0,0.0,0.0,True,True
au,Sydney_Sutherland,Uni,10.0,100.0,0.5,72.2099072423436,128.57278522369026,False,9.071612067158823,18.16247061910299,0.0,54.26516052373641,9.090858551944168,54.26516052373641,True,True
au,Sydney_Sutherland,Uni,10.0,300.0,0.5,72.2099072423436,128.57278522369026,False,19.675152424290562,27.400938283633415,0.0,8.180108859887065,7.725785859342853,8.180108859887065,True,True
au,Sydney_Sutherland,Uni,10.0,500.0,0.5,72.2099072423436,128.57278522369026,False,25.444121612330974,46.91257075172584,6.064375000000058,46.92050835229223,21.468449139394863,40.856133352292176,True,True
au,Sydney_Sutherland,Uni,10.0,100.0,0.8,114.54036898061375,128.57278522369026,False,9.071612067158823,29.873193934667462,0.0,96.59562226200657,20.801581867508638,96.59562226200657,True,True
au,Sydney_Sutherland,Uni,10.0,300.0,0.8,114.54036898061375,128.57278522369026,False,19.675152424290562,45.020185992950225,0.0,16.64620120754109,25.345033568659662,16.64620120754109,True,True
au,Sydney_Sutherland,Uni,10.0,500.0,0.8,114.54036898061375,128.57278522369026,False,25.444121612330974,80.93588282112881,6.064375000000058,89.25097009056235,55.49176120879784,83.18659509056229,True,True
au,Sydney_Sutherland,Uni,10.0,100.0,0.9,119.83079274348239,128.57278522369026,False,9.071612067158823,31.356306643753655,0.0,101.88604602487521,22.28469457659483,101.88604602487521,True,True
au,Sydney_Sutherland,Uni,10.0,300.0,0.9,119.83079274348239,128.57278522369026,False,19.675152424290562,47.226292702066445,0.0,17.704285960114817,27.551140277775882,17.704285960114817,True,True
au,Sydney_Sutherland,Uni,10.0,500.0,0.9,119.83079274348239,128.57278522369026,False,25.444121612330974,85.23699734034103,6.064375000000058,94.541393853431,59.79287572801006,88.47701885343095,True,True
au,Sydney_Sutherland,Uni,10.0,100.0,1.0,133.3089212113211,128.57278522369026,True,9.071612067158823,35.15094932286262,0.0,115.36417449271391,26.0793372557038,115.36417449271391,True,True
au,Sydney_Sutherland,Uni,10.0,300.0,1.0,133.3089212113211,128.57278522369026,True,19.675152424290562,52.8466722731552,0.0,20.39991165368256,33.171519848864634,20.39991165368256,True,True
au,Sydney_Sutherland,Uni,10.0,500.0,1.0,133.3089212113211,128.57278522369026,True,25.444121612330974,96.19471578469391,6.064375000000058,108.01952232126973,70.75059417236294,101.95514732126968,True,True
au,Sydney_Sutherland,LU,10.0,100.0,0.5,75.4677598091451,129.82317935709108,False,9.007779606930042,19.044869013544442,0.0,57.937410683514166,10.0370894066144,57.937410683514166,True,True
au,Sydney_Sutherland,LU,10.0,300.0,0.5,75.4677598091451,129.82317935709108,False,19.594622563038726,28.738965941176378,0.0,8.54622459604322,9.144343378137652,8.54622459604322,True,True
au,Sydney_Sutherland,LU,10.0,500.0,0.5,75.4677598091451,129.82317935709108,False,25.352573861790408,49.29600789265765,6.064375000000058,48.77810492217286,23.94343403086724,42.7137299221728,True,True
au,Sydney_Sutherland,LU,10.0,100.0,0.8,107.13107514918727,129.82317935709108,False,9.007779606930042,27.789115453633073,0.0,89.60072602355636,18.78133584670303,89.60072602355636,True,True
au,Sydney_Sutherland,LU,10.0,300.0,0.8,107.13107514918727,129.82317935709108,False,19.594622563038726,41.92828124427249,0.0,14.87888766405165,22.333658681233764,14.87888766405165,True,True
au,Sydney_Sutherland,LU,10.0,500.0,0.8,107.13107514918727,129.82317935709108,False,25.352573861790408,74.75369958688484,6.064375000000058,80.44142026221505,49.40112572509443,74.37704526221499,True,True
au,Sydney_Sutherland,LU,10.0,100.0,0.9,137.4246600336634,129.82317935709108,True,9.007779606930042,36.292872748842036,0.0,119.89431090803251,27.285093141911993,119.89431090803251,True,True
au,Sydney_Sutherland,LU,10.0,300.0,0.9,137.4246600336634,129.82317935709108,True,19.594622563038726,54.56070614109904,0.0,20.937604640946876,34.966083578060314,20.937604640946876,True,True
au,Sydney_Sutherland,LU,10.0,500.0,0.9,137.4246600336634,129.82317935709108,True,25.352573861790408,99.38238409796392,6.064375000000058,110.73500514669118,74.02981023617352,104.67063014669112,True,True
au,Sydney_Sutherland,LU,10.0,100.0,1.0,145.52979379534713,129.82317935709108,True,9.007779606930042,38.60170357020171,0.0,127.99944466971621,29.593923963271664,127.99944466971621,True,True
au,Sydney_Sutherland,LU,10.0,300.0,1.0,145.52979379534713,129.82317935709108,True,19.594622563038726,57.95301108499995,0.0,22.696066526240564,38.358388521961224,22.696066526240564,True,True
au,Sydney_Sutherland,LU,10.0,500.0,1.0,145.52979379534713,129.82317935709108,True,25.352573861790408,105.97185784621277,6.064375000000058,118.84013890837494,80.61928398442237,112.77576390837488,True,True
au,Sydney_Sutherland,LU-soft,10.0,100.0,0.5,74.71773618369453,129.73578429588733,False,9.020329593449809,18.84315021767315,0.0,57.245758098199815,9.82282062422334,57.245758098199815,True,True
au,Sydney_Sutherland,LU-soft,10.0,300.0,0.5,74.71773618369453,129.73578429588733,False,19.614546576594353,28.430788262587534,0.0,8.428779013361254,8.81624168599318,8.428779013361254,True,True
au,Sydney_Sutherland,LU-soft,10.0,500.0,0.5,74.71773618369453,129.73578429588733,False,25.372831611072957,48.7274586312502,6.064375000000058,48.19514266369682,23.354627020177244,42.130767663696766,True,True
au,Sydney_Sutherland,LU-soft,10.0,100.0,0.8,107.42891413161506,129.73578429588733,False,9.020329593449809,27.877198067006976,0.0,89.95693604612036,18.856868473557167,89.95693604612036,True,True
au,Sydney_Sutherland,LU-soft,10.0,300.0,0.8,107.42891413161506,129.73578429588733,False,19.614546576594353,42.05388076622391,0.0,14.97101460294536,22.43933418962956,14.97101460294536,True,True
au,Sydney_Sutherland,LU-soft,10.0,500.0,0.8,107.42891413161506,129.73578429588733,False,25.372831611072957,75.00996885175788,6.064375000000058,80.90632061161736,49.63713724068492,74.8419456116173,True,True
au,Sydney_Sutherland,LU-soft,10.0,100.0,0.9,136.85272793494784,129.73578429588733,True,9.020329593449809,36.137003948879425,0.0,119.38074984945311,27.116674355429616,119.38074984945311,True,True
au,Sydney_Sutherland,LU-soft,10.0,300.0,0.9,136.85272793494784,129.73578429588733,True,19.614546576594353,54.32361112221367,0.0,20.855777363611914,34.70906454561931,20.855777363611914,True,True
au,Sydney_Sutherland,LU-soft,10.0,500.0,0.9,136.85272793494784,129.73578429588733,True,25.372831611072957,98.93152947386741,6.064375000000058,110.33013441495014,73.55869786279446,104.26575941495008,True,True
au,Sydney_Sutherland,LU-soft,10.0,100.0,1.0,145.52979379534713,129.73578429588733,True,9.020329593449809,38.60838184418141,0.0,128.05781570985243,29.5880522507316,128.05781570985243,True,True
au,Sydney_Sutherland,LU-soft,10.0,300.0,1.0,145.52979379534713,129.73578429588733,True,19.614546576594353,57.954703032224174,0.0,22.743872511706183,38.340156455629824,22.743872511706183,True,True
au,Sydney_Sutherland,LU-soft,10.0,500.0,1.0,145.52979379534713,129.73578429588733,True,25.372831611072957,105.98598401837202,6.064375000000058,119.00720027534945,80.61315240729907,112.94282527534939,True,True
au,Sydney_Sutherland,Ref,10.0,100.0,0.5,46.75329992943841,109.78226977200451,False,6.792037469038329,9.026398803422246,0.0,36.618829567250685,2.2343613343839177,36.618829567250685,True,True
au,Sydney_Sutherland,Ref,10.0,300.0,0.5,46.75329992943841,109.78226977200451,False,14.599325596662096,15.53940613816143,0.0,3.1807332655006264,0.9400805414993343,3.1807332655006264,True,True
au,Sydney_Sutherland,Ref,10.0,500.0,0.5,46.75329992943841,109.78226977200451,False,21.218635220906776,34.6469883102883,6.064375000000058,19.66963887675057,13.428353089381524,13.605263876750513,True,True
au,Sydney_Sutherland,Ref,10.0,100.0,0.8,61.2340933394911,109.78226977200451,False,6.792037469038329,12.532644060727621,0.0,51.09962297730337,5.740606591689293,51.09962297730337,True,True
au,Sydney_Sutherland,Ref,10.0,300.0,0.8,61.2340933394911,109.78226977200451,False,14.599325596662096,21.088256849881063,0.0,6.076891947511163,6.488931253218967,6.076891947511163,True,True
au,Sydney_Sutherland,Ref,10.0,500.0,0.8,61.2340933394911,109.78226977200451,False,21.218635220906776,46.30359793260342,6.064375000000058,34.12904761929137,25.08496271169664,28.06467261929131,True,True
au,Sydney_Sutherland,Ref,10.0,100.0,0.9,70.42896685352561,109.78226977200451,False,6.792037469038329,14.9666220536856,0.0,60.294496491337874,8.17458458464727,60.294496491337874,True,True
au,Sydney_Sutherland,Ref,10.0,300.0,0.9,70.42896685352561,109.78226977200451,False,14.599325596662096,24.794294692397404,0.0,7.915866650318074,10.194969095735308,7.915866650318074,True,True
au,Sydney_Sutherland,Ref,10.0,500.0,0.9,70.42896685352561,109.78226977200451,False,21.218635220906776,53.757480193740506,6.064375000000058,43.32392113332588,32.53884497283373,37.25954613332583,True,True
au,Sydney_Sutherland,Ref,10.0,100.0,1.0,73.11190511642235,109.78226977200451,False,6.792037469038329,15.69906106799433,0.0,62.977434754234615,8.907023598956002,62.977434754234615,True,True
au,Sydney_Sutherland,Ref,10.0,300.0,1.0,73.11190511642235,109.78226977200451,False,14.599325596662096,25.89568463345693,0.0,8.452454302897413,11.296359036794835,8.452454302897413,True,True
au,Sydney_Sutherland,Ref,10.0,500.0,1.0,73.11190511642235,109.78226977200451,False,21.218635220906776,55.93334312494975,6.064375000000058,46.00685939622263,34.714707904042974,39.942484396222575,True,True
au,Sydney_Sutherland,GNN-oof-42,10.0,100.0,0.5,100.11647002835775,169.41216237938744,False,2.5502036849462772,21.614183637016097,0.0,65.18364514026577,19.063979952069822,65.18364514026577,True,True
au,Sydney_Sutherland,GNN-oof-42,10.0,300.0,0.5,100.11647002835775,169.41216237938744,False,9.765059514369113,36.97022631565365,0.7324999999999988,44.01831863504131,27.205166801284534,43.28581863504131,True,True
au,Sydney_Sutherland,GNN-oof-42,10.0,500.0,0.5,100.11647002835775,169.41216237938744,False,16.711808995503006,65.4128097159813,26.081875000000082,38.73746421622592,48.70100072047829,12.655589216225842,True,True
au,Sydney_Sutherland,GNN-oof-42,10.0,100.0,0.8,109.05964028639224,169.41216237938744,False,2.5502036849462772,24.07168297851561,0.0,74.12681539830025,21.521479293569335,74.12681539830025,True,True
au,Sydney_Sutherland,GNN-oof-42,10.0,300.0,0.8,109.05964028639224,169.41216237938744,False,9.765059514369113,40.485786258945694,0.7324999999999988,49.831379302763715,30.72072674457658,49.09887930276371,True,True
au,Sydney_Sutherland,GNN-oof-42,10.0,500.0,0.8,109.05964028639224,169.41216237938744,False,16.711808995503006,72.32408206813354,26.081875000000082,47.6806344742604,55.61227307263053,21.59875947426032,True,True
au,Sydney_Sutherland,GNN-oof-42,10.0,100.0,0.9,142.90467259955003,169.41216237938744,False,2.5502036849462772,33.41338357060549,0.0,107.97184771145805,30.863179885659214,107.97184771145805,True,True
au,Sydney_Sutherland,GNN-oof-42,10.0,300.0,0.9,142.90467259955003,169.41216237938744,False,9.765059514369113,54.34456510116813,0.7324999999999988,71.83065030631629,44.579505586799016,71.09815030631628,True,True
au,Sydney_Sutherland,GNN-oof-42,10.0,500.0,0.9,142.90467259955003,169.41216237938744,False,16.711808995503006,98.93658349560097,26.081875000000082,81.52566678741819,82.22477450009796,55.44379178741811,True,True
au,Sydney_Sutherland,GNN-oof-42,10.0,100.0,1.0,235.6667399867838,169.41216237938744,True,2.5502036849462772,63.55152033283145,0.0,200.73391509869182,61.001316647885176,200.73391509869182,True,True
au,Sydney_Sutherland,GNN-oof-42,10.0,300.0,1.0,235.6667399867838,169.41216237938744,True,9.765059514369113,97.92573658864613,0.7324999999999988,132.25162198657193,88.16067707427702,131.51912198657195,True,True
au,Sydney_Sutherland,GNN-oof-42,10.0,500.0,1.0,235.6667399867838,169.41216237938744,True,16.711808995503006,175.09332075119343,26.081875000000082,174.287734174652,158.38151175569044,148.20585917465192,True,True
au,Sydney_Sutherland,GNN-oof-123,10.0,100.0,0.5,92.30086098929927,157.20427605645398,False,2.587264083801381,20.443454532119972,0.0,64.84485878658546,17.856190448318593,64.84485878658546,True,True
au,Sydney_Sutherland,GNN-oof-123,10.0,300.0,0.5,92.30086098929927,157.20427605645398,False,9.955619776282928,34.18586245849432,0.3290624999999977,46.031038677216316,24.23024268221139,45.701976177216316,True,True
au,Sydney_Sutherland,GNN-oof-123,10.0,500.0,0.5,92.30086098929927,157.20427605645398,False,16.594104200641553,59.97867476000427,26.081875000000082,43.98531602423921,43.384570559362714,17.90344102423913,True,True
au,Sydney_Sutherland,GNN-oof-123,10.0,100.0,0.8,124.2783695640314,157.20427605645398,False,2.587264083801381,29.25446528177096,0.0,96.82236736131759,26.667201197969575,96.82236736131759,True,True
au,Sydney_Sutherland,GNN-oof-123,10.0,300.0,0.8,124.2783695640314,157.20427605645398,False,9.955619776282928,47.10564670934389,0.3290624999999977,66.8164192507922,37.15002693306096,66.4873567507922,True,True
au,Sydney_Sutherland,GNN-oof-123,10.0,500.0,0.8,124.2783695640314,157.20427605645398,False,16.594104200641553,85.06213960297043,26.081875000000082,75.96282459897137,68.46803540232888,49.880949598971284,True,True
au,Sydney_Sutherland,GNN-oof-123,10.0,100.0,0.9,137.660964002562,157.20427605645398,False,2.587264083801381,32.948061346805396,0.0,110.2049617998482,30.360797263004017,110.2049617998482,True,True
au,Sydney_Sutherland,GNN-oof-123,10.0,300.0,0.9,137.660964002562,157.20427605645398,False,9.955619776282928,52.67113085358943,0.3290624999999977,75.5151056358371,42.7155110773065,75.18604313583711,True,True
au,Sydney_Sutherland,GNN-oof-123,10.0,500.0,0.9,137.660964002562,157.20427605645398,False,16.594104200641553,95.7901257565185,26.081875000000082,89.34541903750196,79.19602155587695,63.26354403750187,True,True
au,Sydney_Sutherland,GNN-oof-123,10.0,100.0,1.0,239.17886303973873,157.20427605645398,True,2.587264083801381,65.82386519628578,0.0,211.72286083702497,63.2366011124844,211.72286083702497,True,True
au,Sydney_Sutherland,GNN-oof-123,10.0,300.0,1.0,239.17886303973873,157.20427605645398,True,9.955619776282928,100.64399315299163,0.3290624999999977,146.89580433559865,90.6883733767087,146.56674183559866,True,True
au,Sydney_Sutherland,GNN-oof-123,10.0,500.0,1.0,239.17886303973873,157.20427605645398,True,16.594104200641553,179.8458807055347,26.081875000000082,190.86331807467872,163.25177650489314,164.78144307467863,True,True
au,Sydney_Sutherland,GNN-oof-456,10.0,100.0,0.5,98.59201674548197,188.78654201921904,False,3.0089819500872355,20.721025656106725,0.0,61.93472813335209,17.71204370601949,61.93472813335209,True,True
au,Sydney_Sutherland,GNN-oof-456,10.0,300.0,0.5,98.59201674548197,188.78654201921904,False,10.63930536681896,36.15914884079057,2.7834375000000025,52.416214909594466,25.519843473971612,49.63277740959446,True,True
au,Sydney_Sutherland,GNN-oof-456,10.0,500.0,0.5,98.59201674548197,188.78654201921904,False,17.999530216983697,62.33808871494635,26.081875000000082,23.59969565149721,44.33855849796265,-2.4821793485028714,True,False
au,Sydney_Sutherland,GNN-oof-456,10.0,100.0,0.8,117.6537003606549,188.78654201921904,False,3.0089819500872355,25.89322645686682,0.0,80.99641174852499,22.884244506779584,80.99641174852499,True,True
au,Sydney_Sutherland,GNN-oof-456,10.0,300.0,0.8,117.6537003606549,188.78654201921904,False,10.63930536681896,43.634475259573435,2.7834375000000025,67.6655618017328,32.995169892754475,64.8821243017328,True,True
au,Sydney_Sutherland,GNN-oof-456,10.0,500.0,0.8,117.6537003606549,188.78654201921904,False,17.999530216983697,76.9099837366251,26.081875000000082,42.66137926667012,58.91045351964139,16.579504266670035,True,True
au,Sydney_Sutherland,GNN-oof-456,10.0,100.0,0.9,136.3228714261431,188.78654201921904,False,3.0089819500872355,31.043651181361152,0.0,99.66558281401326,28.034669231273917,99.66558281401326,True,True
au,Sydney_Sutherland,GNN-oof-456,10.0,300.0,0.9,136.3228714261431,188.78654201921904,False,10.63930536681896,51.21943798332961,2.7834375000000025,82.60089865412337,40.58013261651065,79.81746115412336,True,True
au,Sydney_Sutherland,GNN-oof-456,10.0,500.0,0.9,136.3228714261431,188.78654201921904,False,17.999530216983697,91.38945667214182,26.081875000000082,61.330550332158325,73.38992645515812,35.24867533215824,True,True
au,Sydney_Sutherland,GNN-oof-456,10.0,100.0,1.0,237.5016493525343,188.78654201921904,True,3.0089819500872355,63.85816806119286,0.0,200.8443607404044,60.84918611110563,200.8443607404044,True,True
au,Sydney_Sutherland,GNN-oof-456,10.0,300.0,1.0,237.5016493525343,188.78654201921904,True,10.63930536681896,98.16233743750551,2.7834375000000025,163.5439209952363,87.52303207068655,160.76048349523631,True,True
au,Sydney_Sutherland,GNN-oof-456,10.0,500.0,1.0,237.5016493525343,188.78654201921904,True,17.999530216983697,173.39382389898395,26.081875000000082,162.50932825854954,155.39429368200027,136.42745325854946,True,True
au,Sydney_Sutherland,Uni,20.0,100.0,0.5,0.3233714479438938,51.69619759702999,False,0.0,0.0,0.0,0.0,0.0,0.0,True,True
au,Sydney_Sutherland,Uni,20.0,300.0,0.5,0.3233714479438938,51.69619759702999,False,0.0,0.0,0.0,0.0,0.0,0.0,True,True
au,Sydney_Sutherland,Uni,20.0,500.0,0.5,0.3233714479438938,51.69619759702999,False,0.06675862895540877,0.0014551715157476793,0.0,0.0,-0.06530345743966108,0.0,False,True
au,Sydney_Sutherland,Uni,20.0,100.0,0.8,74.88926676632485,51.69619759702999,True,0.0,0.0,0.0,0.0,0.0,0.0,True,True
au,Sydney_Sutherland,Uni,20.0,300.0,0.8,74.88926676632485,51.69619759702999,True,0.0,0.0,0.0,0.0,0.0,0.0,True,True
au,Sydney_Sutherland,Uni,20.0,500.0,0.8,74.88926676632485,51.69619759702999,True,0.06675862895540877,0.3741120024889934,0.0,0.0,0.3073533735335846,0.0,True,True
au,Sydney_Sutherland,Uni,20.0,100.0,0.9,113.43937414247965,51.69619759702999,True,0.0,0.0,0.0,0.0,0.0,0.0,True,True
au,Sydney_Sutherland,Uni,20.0,300.0,0.9,113.43937414247965,51.69619759702999,True,0.0,0.0,0.0,0.0,0.0,0.0,True,True
au,Sydney_Sutherland,Uni,20.0,500.0,0.9,113.43937414247965,51.69619759702999,True,0.06675862895540877,0.5668625393697673,0.0,0.0,0.5001039104143585,0.0,True,True
au,Sydney_Sutherland,Uni,20.0,100.0,1.0,167.95806360318858,51.69619759702999,True,0.0,0.0,0.0,0.0,0.0,0.0,True,True
au,Sydney_Sutherland,Uni,20.0,300.0,1.0,167.95806360318858,51.69619759702999,True,0.0,0.0,0.0,0.0,0.0,0.0,True,True
au,Sydney_Sutherland,Uni,20.0,500.0,1.0,167.95806360318858,51.69619759702999,True,0.06675862895540877,1.0462693865946753,0.0,0.1533051104373783,0.9795107576392665,0.1533051104373783,True,True
au,Sydney_Sutherland,LU,20.0,100.0,0.5,0.32120326286156187,53.07173144303738,False,0.0,0.0,0.0,0.0,0.0,0.0,True,True
au,Sydney_Sutherland,LU,20.0,300.0,0.5,0.32120326286156187,53.07173144303738,False,0.0,0.0,0.0,0.0,0.0,0.0,True,True
au,Sydney_Sutherland,LU,20.0,500.0,0.5,0.32120326286156187,53.07173144303738,False,0.06700251827015984,0.0014454146828770148,0.0,0.0,-0.06555710358728283,0.0,False,True
au,Sydney_Sutherland,LU,20.0,100.0,0.8,77.35693505927435,53.07173144303738,True,0.0,0.0,0.0,0.0,0.0,0.0,True,True
au,Sydney_Sutherland,LU,20.0,300.0,0.8,77.35693505927435,53.07173144303738,True,0.0,0.0,0.0,0.0,0.0,0.0,True,True
au,Sydney_Sutherland,LU,20.0,500.0,0.8,77.35693505927435,53.07173144303738,True,0.06700251827015984,0.38585035089381226,0.0,0.0,0.3188478326236524,0.0,True,True
au,Sydney_Sutherland,LU,20.0,100.0,0.9,118.28598201731457,53.07173144303738,True,0.0,0.0,0.0,0.0,0.0,0.0,True,True
au,Sydney_Sutherland,LU,20.0,300.0,0.9,118.28598201731457,53.07173144303738,True,0.0,0.0,0.0,0.0,0.0,0.0,True,True
au,Sydney_Sutherland,LU,20.0,500.0,0.9,118.28598201731457,53.07173144303738,True,0.06700251827015984,0.5904955856840134,0.0,0.0,0.5234930674138536,0.0,True,True
au,Sydney_Sutherland,LU,20.0,100.0,1.0,158.1894241920697,53.07173144303738,True,0.0,0.0,0.0,0.0,0.0,0.0,True,True
au,Sydney_Sutherland,LU,20.0,300.0,1.0,158.1894241920697,53.07173144303738,True,0.0,0.0,0.0,0.0,0.0,0.0,True,True
au,Sydney_Sutherland,LU,20.0,500.0,1.0,158.1894241920697,53.07173144303738,True,0.06700251827015984,0.8257597851591729,0.0,0.0,0.7587572668890131,0.0,True,True
au,Sydney_Sutherland,LU-soft,20.0,100.0,0.5,0.32018750708995203,52.944124496026944,False,0.0,0.0,0.0,0.0,0.0,0.0,True,True
au,Sydney_Sutherland,LU-soft,20.0,300.0,0.5,0.32018750708995203,52.944124496026944,False,0.0,0.0,0.0,0.0,0.0,0.0,True,True
au,Sydney_Sutherland,LU-soft,20.0,500.0,0.5,0.32018750708995203,52.944124496026944,False,0.06682495361825988,0.0014408437819047322,0.0,0.0,-0.06538410983635515,0.0,False,True
au,Sydney_Sutherland,LU-soft,20.0,100.0,0.8,77.23400296138992,52.944124496026944,True,0.0,0.0,0.0,0.0,0.0,0.0,True,True
au,Sydney_Sutherland,LU-soft,20.0,300.0,0.8,77.23400296138992,52.944124496026944,True,0.0,0.0,0.0,0.0,0.0,0.0,True,True
au,Sydney_Sutherland,LU-soft,20.0,500.0,0.8,77.23400296138992,52.944124496026944,True,0.06682495361825988,0.3852924210539633,0.0,0.0,0.3184674674357034,0.0,True,True
au,Sydney_Sutherland,LU-soft,20.0,100.0,0.9,118.19565047451046,52.944124496026944,True,0.0,0.0,0.0,0.0,0.0,0.0,True,True
au,Sydney_Sutherland,LU-soft,20.0,300.0,0.9,118.19565047451046,52.944124496026944,True,0.0,0.0,0.0,0.0,0.0,0.0,True,True
au,Sydney_Sutherland,LU-soft,20.0,500.0,0.9,118.19565047451046,52.944124496026944,True,0.06682495361825988,0.5901006586195658,0.0,0.0,0.5232757050013059,0.0,True,True
au,Sydney_Sutherland,LU-soft,20.0,100.0,1.0,158.73559728616212,52.944124496026944,True,0.0,0.0,0.0,0.0,0.0,0.0,True,True
au,Sydney_Sutherland,LU-soft,20.0,300.0,1.0,158.73559728616212,52.944124496026944,True,0.0,0.0,0.0,0.0,0.0,0.0,True,True
au,Sydney_Sutherland,LU-soft,20.0,500.0,1.0,158.73559728616212,52.944124496026944,True,0.06682495361825988,0.8316429869740127,0.0,0.0,0.7648180333557528,0.0,True,True
au,Sydney_Sutherland,Ref,20.0,100.0,0.5,0.3340379723338592,38.14406311346988,False,0.0,0.0,0.0,0.0,0.0,0.0,True,True
au,Sydney_Sutherland,Ref,20.0,300.0,0.5,0.3340379723338592,38.14406311346988,False,0.0,0.0,0.0,0.0,0.0,0.0,True,True
au,Sydney_Sutherland,Ref,20.0,500.0,0.5,0.3340379723338592,38.14406311346988,False,0.163365261250291,0.001670189861669428,0.0,0.0,-0.16169507138862158,0.0,False,True
au,Sydney_Sutherland,Ref,20.0,100.0,0.8,37.434497607933345,38.14406311346988,False,0.0,0.0,0.0,0.0,0.0,0.0,True,True
au,Sydney_Sutherland,Ref,20.0,300.0,0.8,37.434497607933345,38.14406311346988,False,0.0,0.0,0.0,0.0,0.0,0.0,True,True
au,Sydney_Sutherland,Ref,20.0,500.0,0.8,37.434497607933345,38.14406311346988,False,0.163365261250291,0.1871724880396668,0.0,0.0,0.0238072267893758,0.0,True,True
au,Sydney_Sutherland,Ref,20.0,100.0,0.9,52.04204715227676,38.14406311346988,True,0.0,0.0,0.0,0.0,0.0,0.0,True,True
au,Sydney_Sutherland,Ref,20.0,300.0,0.9,52.04204715227676,38.14406311346988,True,0.0,0.0,0.0,0.0,0.0,0.0,True,True
au,Sydney_Sutherland,Ref,20.0,500.0,0.9,52.04204715227676,38.14406311346988,True,0.163365261250291,0.26021023576138375,0.0,0.0,0.09684497451109275,0.0,True,True
au,Sydney_Sutherland,Ref,20.0,100.0,1.0,57.95545785467293,38.14406311346988,True,0.0,0.0,0.0,0.0,0.0,0.0,True,True
au,Sydney_Sutherland,Ref,20.0,300.0,1.0,57.95545785467293,38.14406311346988,True,0.0,0.0,0.0,0.0,0.0,0.0,True,True
au,Sydney_Sutherland,Ref,20.0,500.0,1.0,57.95545785467293,38.14406311346988,True,0.163365261250291,0.2897772892733647,0.0,0.0,0.12641202802307372,0.0,True,True
au,Sydney_Sutherland,GNN-oof-42,20.0,100.0,0.5,0.023317407992590432,89.82404191108375,False,0.0,0.0,0.0,0.0,0.0,0.0,True,True
au,Sydney_Sutherland,GNN-oof-42,20.0,300.0,0.5,0.023317407992590432,89.82404191108375,False,0.0,0.0,0.0,0.0,0.0,0.0,True,True
au,Sydney_Sutherland,GNN-oof-42,20.0,500.0,0.5,0.023317407992590432,89.82404191108375,False,0.010823437500000067,0.0,0.0,0.0,-0.010823437500000067,0.0,False,True
au,Sydney_Sutherland,GNN-oof-42,20.0,100.0,0.8,73.10760401345809,89.82404191108375,False,0.0,0.0,0.0,0.0,0.0,0.0,True,True
au,Sydney_Sutherland,GNN-oof-42,20.0,300.0,0.8,73.10760401345809,89.82404191108375,False,0.0,0.0,0.0,0.0,0.0,0.0,True,True
au,Sydney_Sutherland,GNN-oof-42,20.0,500.0,0.8,73.10760401345809,89.82404191108375,False,0.010823437500000067,0.23661390021524387,0.0,0.0,0.2257904627152438,0.0,True,True
au,Sydney_Sutherland,GNN-oof-42,20.0,100.0,0.9,105.75309725092005,89.82404191108375,True,0.0,0.0,0.0,0.0,0.0,0.0,True,True
au,Sydney_Sutherland,GNN-oof-42,20.0,300.0,0.9,105.75309725092005,89.82404191108375,True,0.0,0.0,0.0,0.0,0.0,0.0,True,True
au,Sydney_Sutherland,GNN-oof-42,20.0,500.0,0.9,105.75309725092005,89.82404191108375,True,0.010823437500000067,0.39984136640255374,0.0,0.0,0.38901792890255366,0.0,True,True
au,Sydney_Sutherland,GNN-oof-42,20.0,100.0,1.0,138.3304974033508,89.82404191108375,True,0.0,0.0,0.0,0.0,0.0,0.0,True,True
au,Sydney_Sutherland,GNN-oof-42,20.0,300.0,1.0,138.3304974033508,89.82404191108375,True,0.0,0.0,0.0,0.0,0.0,0.0,True,True
au,Sydney_Sutherland,GNN-oof-42,20.0,500.0,1.0,138.3304974033508,89.82404191108375,True,0.010823437500000067,0.5627283671647074,0.0,0.0,0.5519049296647074,0.0,True,True
au,Sydney_Sutherland,GNN-oof-123,20.0,100.0,0.5,0.17316497001405307,87.06821155268204,False,0.0,0.0,0.0,0.0,0.0,0.0,True,True
au,Sydney_Sutherland,GNN-oof-123,20.0,300.0,0.5,0.17316497001405307,87.06821155268204,False,0.0,0.0,0.0,0.0,0.0,0.0,True,True
au,Sydney_Sutherland,GNN-oof-123,20.0,500.0,0.5,0.17316497001405307,87.06821155268204,False,0.010823437500000067,0.0,0.0,0.0,-0.010823437500000067,0.0,False,True
au,Sydney_Sutherland,GNN-oof-123,20.0,100.0,0.8,70.26136579181019,87.06821155268204,False,0.0,0.0,0.0,0.0,0.0,0.0,True,True
au,Sydney_Sutherland,GNN-oof-123,20.0,300.0,0.8,70.26136579181019,87.06821155268204,False,0.0,0.0,0.0,0.0,0.0,0.0,True,True
au,Sydney_Sutherland,GNN-oof-123,20.0,500.0,0.8,70.26136579181019,87.06821155268204,False,0.010823437500000067,0.2710571872653073,0.0,0.0,0.2602337497653072,0.0,True,True
au,Sydney_Sutherland,GNN-oof-123,20.0,100.0,0.9,101.0882238947822,87.06821155268204,True,0.0,0.0,0.0,0.0,0.0,0.0,True,True
au,Sydney_Sutherland,GNN-oof-123,20.0,300.0,0.9,101.0882238947822,87.06821155268204,True,0.0,0.0,0.0,0.0,0.0,0.0,True,True
au,Sydney_Sutherland,GNN-oof-123,20.0,500.0,0.9,101.0882238947822,87.06821155268204,True,0.010823437500000067,0.4251914777801673,0.0,0.0,0.4143680402801672,0.0,True,True
au,Sydney_Sutherland,GNN-oof-123,20.0,100.0,1.0,111.68214544416561,87.06821155268204,True,0.0,0.0,0.0,0.0,0.0,0.0,True,True
au,Sydney_Sutherland,GNN-oof-123,20.0,300.0,1.0,111.68214544416561,87.06821155268204,True,0.0,0.0,0.0,0.0,0.0,0.0,True,True
au,Sydney_Sutherland,GNN-oof-123,20.0,500.0,1.0,111.68214544416561,87.06821155268204,True,0.010823437500000067,0.4781610855270844,0.0,0.0,0.46733764802708433,0.0,True,True
au,Sydney_Sutherland,GNN-oof-456,20.0,100.0,0.5,0.06186517170011546,101.9261469978002,False,0.0,0.0,0.0,0.0,0.0,0.0,True,True
au,Sydney_Sutherland,GNN-oof-456,20.0,300.0,0.5,0.06186517170011546,101.9261469978002,False,0.0,0.0,0.0,0.0,0.0,0.0,True,True
au,Sydney_Sutherland,GNN-oof-456,20.0,500.0,0.5,0.06186517170011546,101.9261469978002,False,0.010823437500000067,0.0,0.0,0.0,-0.010823437500000067,0.0,False,True
au,Sydney_Sutherland,GNN-oof-456,20.0,100.0,0.8,70.81333410123351,101.9261469978002,False,0.0,0.0,0.0,0.0,0.0,0.0,True,True
au,Sydney_Sutherland,GNN-oof-456,20.0,300.0,0.8,70.81333410123351,101.9261469978002,False,0.0,0.0,0.0,0.0,0.0,0.0,True,True
au,Sydney_Sutherland,GNN-oof-456,20.0,500.0,0.8,70.81333410123351,101.9261469978002,False,0.010823437500000067,0.1709488327510587,0.0,0.0,0.16012539525105865,0.0,True,True
au,Sydney_Sutherland,GNN-oof-456,20.0,100.0,0.9,106.7125115407715,101.9261469978002,True,0.0,0.0,0.0,0.0,0.0,0.0,True,True
au,Sydney_Sutherland,GNN-oof-456,20.0,300.0,0.9,106.7125115407715,101.9261469978002,True,0.0,0.0,0.0,0.0,0.0,0.0,True,True
au,Sydney_Sutherland,GNN-oof-456,20.0,500.0,0.9,106.7125115407715,101.9261469978002,True,0.010823437500000067,0.35044471994874865,0.0,0.0,0.33962128244874856,0.0,True,True
au,Sydney_Sutherland,GNN-oof-456,20.0,100.0,1.0,150.762276604025,101.9261469978002,True,0.0,0.0,0.0,0.0,0.0,0.0,True,True
au,Sydney_Sutherland,GNN-oof-456,20.0,300.0,1.0,150.762276604025,101.9261469978002,True,0.0,0.0,0.0,0.0,0.0,0.0,True,True
au,Sydney_Sutherland,GNN-oof-456,20.0,500.0,1.0,150.762276604025,101.9261469978002,True,0.010823437500000067,0.5706935452650161,0.0,0.0,0.5598701077650161,0.0,True,True
