arm,region,seed,in_sample,corr,rmse,mae
Uni,London,,False,0.33826943932556686,21.0850619872057,13.583812193616128
UniN,London,,False,0.38258255501533167,19.797616932882345,12.727629032523819
UniP,London,,False,0.43895780533968404,17.94234121816461,11.513349159123102
UniNP,London,,False,0.4903818589074443,16.825344339871926,10.734470045934458
UniAddN,London,,False,0.33826943932556697,21.085061987205698,13.583812193616122
UniAddP,London,,False,0.33826943932556697,21.085061987205698,13.583812193616124
UniAddNP,London,,False,0.33826943932556697,21.085061987205698,13.583812193616124
GPM,London,,False,0.5112149848824254,16.467384316941015,11.267357381921105
GPMpostN,London,,False,0.546471361489546,15.811724148597824,10.715354515439046
GPMpostP,London,,False,0.5675868335606304,15.259250192983663,10.247410045112165
GPMpostNP,London,,False,0.5875308319503609,14.951493270340555,9.880039090749117
GPMaddN,London,,False,0.5768554296337971,15.771358604676955,10.581687018855959
GPMaddP,London,,False,0.568522989253649,15.309907790628046,10.279436155164017
GPMaddNP,London,,False,0.575851131152497,15.272670946370823,10.205939479157308
Uni,TLH2,,False,0.02204482450227272,8.804778021678656,6.260454653426346
UniN,TLH2,,False,0.15833467420618313,7.107797731002926,5.238799275761923
UniP,TLH2,,False,0.07714405029235775,6.529293920396291,5.003366297095838
UniNP,TLH2,,False,0.30847656046520383,5.647259623347147,4.247021571992739
UniAddN,TLH2,,False,0.022044824502272683,8.804778021678656,6.260454653426345
UniAddP,TLH2,,False,0.022044824502272627,8.804778021678656,6.260454653426345
UniAddNP,TLH2,,False,0.022044824502272627,8.804778021678656,6.260454653426345
GPM,TLH2,,False,0.1857057761259447,6.7909557657856725,5.1848668780020395
GPMpostN,TLH2,,False,0.3770950685058702,5.81764390385732,4.4636237882078635
GPMpostP,TLH2,,False,0.23996443926298294,6.026663707731407,4.531018592879189
GPMpostNP,TLH2,,False,0.3585596735304946,5.903336867114072,4.522115784192317
GPMaddN,TLH2,,False,0.40430396812931585,6.106478695246988,4.80653490798747
GPMaddP,TLH2,,False,0.298186759843106,5.96834838232923,4.560156829519584
GPMaddNP,TLH2,,False,0.36378819012500685,5.8603486149286885,4.459075387420198
Uni,TLH3,,False,0.004171184157689714,9.268579480345444,6.666529587727888
UniN,TLH3,,False,0.10806747506928839,7.931320271459571,5.500485404171517
UniP,TLH3,,False,0.028600390632242963,7.601562728989257,5.117359460864149
UniNP,TLH3,,False,0.2730231649614982,6.713866384552484,4.386600681948274
UniAddN,TLH3,,False,0.004171184157689786,9.268579480345444,6.666529587727889
UniAddP,TLH3,,False,0.004171184157689762,9.268579480345444,6.666529587727889
UniAddNP,TLH3,,False,0.004171184157689779,9.268579480345444,6.666529587727889
GPM,TLH3,,False,0.009265213558900153,8.848079596165963,6.167431120676618
GPMpostN,TLH3,,False,0.13039126909897927,7.672339627045691,5.243371067844223
GPMpostP,TLH3,,False,0.0510714340578005,7.516334011941544,5.050451258283933
GPMpostNP,TLH3,,False,0.264181262406175,6.825742280125717,4.75378930437328
GPMaddN,TLH3,,False,0.008150562020659734,8.545267013297714,6.15771573453619
GPMaddP,TLH3,,False,-0.02921259029176217,8.535183200188506,5.991875522073499
GPMaddNP,TLH3,,False,-0.0165970419809726,8.505325462177236,6.0209373037356615
Uni,TLJ1,,False,-0.24954236098536942,15.831153944056064,11.376923531184321
UniN,TLJ1,,False,-0.13705843985794525,12.905217295576314,9.404117148503614
UniP,TLJ1,,False,-0.12957988708377643,10.686793938317416,8.349506763196116
UniNP,TLJ1,,False,0.3160918788225305,7.942481401109974,6.021769459146471
UniAddN,TLJ1,,False,-0.24954236098536936,15.831153944056062,11.376923531184321
UniAddP,TLJ1,,False,-0.24954236098536942,15.831153944056062,11.37692353118432
UniAddNP,TLJ1,,False,-0.24954236098536942,15.831153944056062,11.37692353118432
GPM,TLJ1,,False,-0.2006143170835253,14.76113139653914,10.685218015269943
GPMpostN,TLJ1,,False,-0.03757567931117305,11.69915157020971,8.644443676810178
GPMpostP,TLJ1,,False,0.02964270335304689,9.647692246157396,7.452801118017552
GPMpostNP,TLJ1,,False,0.5073727787377915,7.042814595450884,5.312112429502584
GPMaddN,TLJ1,,False,-0.0034384198833547594,11.204524816802305,8.526417035963409
GPMaddP,TLJ1,,False,-0.14081935569146328,12.121853591064719,9.190128787336901
GPMaddNP,TLJ1,,False,-0.09286366175608325,11.815795022966654,8.920904139408613
Uni,TLF1,,False,-0.0761408418763492,11.965775000039855,9.335506067153995
UniN,TLF1,,False,0.041923660297900574,10.495912254827577,8.140944720238648
UniP,TLF1,,False,0.08723505502107898,8.944498465538016,6.9431552122398275
UniNP,TLF1,,False,0.3584767159444802,7.435897217467134,5.604852554176049
UniAddN,TLF1,,False,-0.076140841876349,11.965775000039855,9.335506067153997
UniAddP,TLF1,,False,-0.07614084187634904,11.965775000039855,9.335506067153997
UniAddNP,TLF1,,False,-0.07614084187634902,11.965775000039855,9.335506067153997
GPM,TLF1,,False,-0.0766186945189033,12.140714235770552,9.477075363266533
GPMpostN,TLF1,,False,0.04323576980172019,10.615119113292048,8.247538091262841
GPMpostP,TLF1,,False,0.08863710662957931,9.04407191672261,6.99179058206088
GPMpostNP,TLF1,,False,0.3547798124964924,7.517173983979914,5.607099654644428
GPMaddN,TLF1,,False,0.017238216685080368,10.825943352916308,8.419008904660583
GPMaddP,TLF1,,False,-0.04509400902492521,11.182582407734817,8.710033017674565
GPMaddNP,TLF1,,False,-0.025539325161458595,11.054185583356858,8.593595675270537
Uni,TLF2,,False,-0.16946303642716326,12.57375255834781,9.944836029498667
UniN,TLF2,,False,-0.08030946318461721,10.63941097847273,8.338588985987542
UniP,TLF2,,False,-0.024869307770492812,8.834871140618056,7.016673049091823
UniNP,TLF2,,False,0.2689787552366652,6.905054337859276,5.238715080284125
UniAddN,TLF2,,False,-0.16946303642716326,12.57375255834781,9.944836029498667
UniAddP,TLF2,,False,-0.1694630364271632,12.57375255834781,9.944836029498667
UniAddNP,TLF2,,False,-0.1694630364271632,12.57375255834781,9.944836029498667
GPM,TLF2,,False,-0.19267963038031805,12.72452146582481,10.040857092633132
GPMpostN,TLF2,,False,-0.10627599916260888,10.8082395050692,8.411817784009274
GPMpostP,TLF2,,False,-0.057550816781030384,9.127207510411427,7.171491109722314
GPMpostNP,TLF2,,False,0.22296415045482038,7.191670341709317,5.2576837285551195
GPMaddN,TLF2,,False,-0.12652700600478978,11.226160654902447,8.810089683068753
GPMaddP,TLF2,,False,-0.1661710394243645,11.6289735805401,9.208810279959842
GPMaddNP,TLF2,,False,-0.15276838482275362,11.53979272760846,9.076986017860193
Uni,TLC1,,False,0.096102031815537,18.30203688058664,10.942943485900273
UniN,TLC1,,False,0.12898869897993742,14.580722552095226,9.184478005893135
UniP,TLC1,,False,0.4026920362045503,6.904654270262217,5.405765916867047
UniNP,TLC1,,False,0.4557701444303048,5.8560337097579405,4.635908911673693
UniAddN,TLC1,,False,0.0961020318155371,18.302036880586634,10.942943485900273
UniAddP,TLC1,,False,0.09610203181553699,18.302036880586634,10.942943485900273
UniAddNP,TLC1,,False,0.09610203181553698,18.302036880586638,10.942943485900273
GPM,TLC1,,False,0.029790816018620273,19.148865765091944,11.40423692973825
GPMpostN,TLC1,,False,0.05256503981416448,15.383043580310336,9.652870146979293
GPMpostP,TLC1,,False,0.2494582178084548,7.575062269420899,6.0112688458096075
GPMpostNP,TLC1,,False,0.2366300921703497,6.898430427760949,5.108092036460646
GPMaddN,TLC1,,False,0.01245838157994876,16.303741680207583,10.087830619612893
GPMaddP,TLC1,,False,0.02803984169481856,16.749735446705465,10.178624292611856
GPMaddNP,TLC1,,False,0.011681915949110906,17.187434148588757,10.404449456432756
Uni,TLC2,,False,0.218200469759471,13.317599564658364,9.191164274865848
UniN,TLC2,,False,0.24428016522070753,11.442806777687695,7.983177316115181
UniP,TLC2,,False,0.3664565544362727,7.634797840993414,5.873263816352887
UniNP,TLC2,,False,0.43693324717070015,6.382524596075061,5.008641863004736
UniAddN,TLC2,,False,0.2182004697594709,13.317599564658359,9.191164274865846
UniAddP,TLC2,,False,0.21820046975947094,13.317599564658359,9.191164274865844
UniAddNP,TLC2,,False,0.21820046975947094,13.317599564658359,9.191164274865844
GPM,TLC2,,False,0.267914200222287,11.701775769186229,8.097173526180335
GPMpostN,TLC2,,False,0.3044719309570273,10.06866200430988,7.311001218876254
GPMpostP,TLC2,,False,0.39118018720596504,7.117893208353164,5.6193030425943435
GPMpostNP,TLC2,,False,0.432814418494042,6.341465555429474,4.971643099245109
GPMaddN,TLC2,,False,0.3474264317830168,8.848930875772682,6.672571812983514
GPMaddP,TLC2,,False,0.3434403509131697,8.72443609974315,6.5167688166544515
GPMaddNP,TLC2,,False,0.3426176735384687,8.709505368492625,6.417322458932232
Uni,TLD6,,False,0.013709290246847772,8.673844783309297,6.403057144334889
UniN,TLD6,,False,0.10102635655325844,7.631512736471185,5.797879100724078
UniP,TLD6,,False,0.026471097387652236,6.942972120003007,5.381263598584913
UniNP,TLD6,,False,0.250604108526788,6.004353112136175,4.767999855121651
UniAddN,TLD6,,False,0.013709290246847824,8.673844783309297,6.403057144334889
UniAddP,TLD6,,False,0.013709290246847817,8.673844783309297,6.403057144334889
UniAddNP,TLD6,,False,0.013709290246847817,8.673844783309297,6.403057144334889
GPM,TLD6,,False,0.002890283232465171,8.447788634658092,6.293947154486886
GPMpostN,TLD6,,False,0.09321089855963482,7.44255376664808,5.682223097832913
GPMpostP,TLD6,,False,-0.002391624319394593,6.913986294533455,5.400291017722922
GPMpostNP,TLD6,,False,0.21085405664918688,6.09040411360986,4.7993913977812825
GPMaddN,TLD6,,False,0.05710062494724591,7.887811712199849,5.902038768984553
GPMaddP,TLD6,,False,0.006079192771057744,8.048606556258884,5.996270032142343
GPMaddNP,TLD6,,False,0.018924335835825125,7.995736614185126,5.9424090445422
Uni,TLG1,,False,-0.027713383052956186,15.492465737137275,12.481453635483652
UniN,TLG1,,False,0.13201762009624124,13.249591658442089,10.848543176726745
UniP,TLG1,,False,0.15673452309666208,11.63686714182453,9.567159725062233
UniNP,TLG1,,False,0.5855395525619987,8.831962594220181,7.1075170801979235
UniAddN,TLG1,,False,-0.02771338305295593,15.492465737137275,12.481453635483653
UniAddP,TLG1,,False,-0.027713383052956033,15.492465737137277,12.481453635483655
UniAddNP,TLG1,,False,-0.027713383052956,15.492465737137277,12.481453635483655
GPM,TLG1,,False,-0.016362901510117014,15.247563256563058,12.294419086608428
GPMpostN,TLG1,,False,0.14738858596937354,13.052242525591582,10.682845181868435
GPMpostP,TLG1,,False,0.19142271510635311,11.355997617736305,9.302178117934877
GPMpostNP,TLG1,,False,0.5712318535819116,8.929263069488233,7.197212406343116
GPMaddN,TLG1,,False,0.04397366867960009,14.3242482219397,11.610695589921141
GPMaddP,TLG1,,False,-0.004776140728443583,14.788483550652703,11.973594855944988
GPMaddNP,TLG1,,False,0.006395778249507435,14.706315219059487,11.886049625727116
Uni,TLG2,,False,0.3040790347287553,13.90947830996045,9.850877834753284
UniN,TLG2,,False,0.47199439536683,12.130864656508901,8.566957547539475
UniP,TLG2,,False,0.3571255635168827,12.699968282692623,9.134619187046402
UniNP,TLG2,,False,0.6047090414310136,10.791804304852064,7.683838744474674
UniAddN,TLG2,,False,0.3040790347287554,13.90947830996045,9.850877834753284
UniAddP,TLG2,,False,0.3040790347287554,13.90947830996045,9.850877834753284
UniAddNP,TLG2,,False,0.3040790347287554,13.90947830996045,9.850877834753284
GPM,TLG2,,False,0.3044802100621725,13.94441350917547,9.884715348629198
GPMpostN,TLG2,,False,0.47205858752304386,12.149695286218064,8.615522443264423
GPMpostP,TLG2,,False,0.3605660690542023,12.685416746384732,9.182016794520335
GPMpostNP,TLG2,,False,0.5978778818362708,10.835885216859099,7.758352864698011
GPMaddN,TLG2,,False,0.41913576644982764,12.732916866904414,8.915322272799257
GPMaddP,TLG2,,False,0.3170775138076615,13.597093528051099,9.6497216226905
GPMaddNP,TLG2,,False,0.33949600942685926,13.436194141312722,9.47706426188654
Uni,TLE4,,False,-0.1975782333678063,13.76950684998619,9.988267485389983
UniN,TLE4,,False,-0.13955724003355666,11.370949741928284,8.300047247490442
UniP,TLE4,,False,-0.1041226346498078,8.450252333683531,6.457730208460205
UniNP,TLE4,,False,0.040651929330512725,6.584136449614097,5.033120646828593
UniAddN,TLE4,,False,-0.19757823336780625,13.769506849986186,9.988267485389983
UniAddP,TLE4,,False,-0.19757823336780625,13.769506849986186,9.988267485389983
UniAddNP,TLE4,,False,-0.1975782333678063,13.769506849986186,9.988267485389983
GPM,TLE4,,False,-0.13862161460969344,13.393759309818233,9.009948633828147
GPMpostN,TLE4,,False,-0.06954108607656768,10.914462330892437,7.430019196507649
GPMpostP,TLE4,,False,0.019864778513524115,7.709449586305793,5.583045189560259
GPMpostNP,TLE4,,False,0.1851345053801788,6.052361417613732,4.558697304791143
GPMaddN,TLE4,,False,0.06735198722309699,8.9122193977848,6.1340026043636255
GPMaddP,TLE4,,False,-0.04537084873435008,9.36752330960231,6.389897493653331
GPMaddNP,TLE4,,False,-0.01618496834576909,9.23483219925366,6.195390752327993
Uni,TLH1,,False,0.20718545215348189,7.532178864009573,6.0800472674345585
UniN,TLH1,,False,0.34511759824299637,6.368122237932796,5.157345909397541
UniP,TLH1,,False,0.35863811279220387,5.893921147901689,4.745529892475579
UniNP,TLH1,,False,0.5754245663895486,4.908345465616802,3.7971160117610125
UniAddN,TLH1,,False,0.20718545215348186,7.532178864009573,6.0800472674345585
UniAddP,TLH1,,False,0.20718545215348183,7.532178864009574,6.0800472674345585
UniAddNP,TLH1,,False,0.20718545215348183,7.532178864009574,6.0800472674345585
GPM,TLH1,,False,0.19122093321580644,7.52498746689967,6.110924352724362
GPMpostN,TLH1,,False,0.309660911948954,6.540280153928284,5.355276368688015
GPMpostP,TLH1,,False,0.31015443838474543,6.131256560786193,5.027468592808529
GPMpostNP,TLH1,,False,0.470791207941195,5.4003183193788376,4.18235959698328
GPMaddN,TLH1,,False,0.2969678698535081,6.662871384052311,5.380781194634008
GPMaddP,TLH1,,False,0.2211633020753304,7.075274616308084,5.773961103897629
GPMaddNP,TLH1,,False,0.2494902406307362,6.878684926109045,5.580002583100427
Uni,TLE3,,False,-0.19533877062360222,17.33637832120459,10.251931121832179
UniN,TLE3,,False,-0.17143745630566506,14.158544272724688,8.716752843214794
UniP,TLE3,,False,-0.11807221635855834,8.982504448819505,6.132858100263945
UniNP,TLE3,,False,-0.029586928885633267,6.814941086093491,5.008905191840421
UniAddN,TLE3,,False,-0.19533877062360225,17.33637832120459,10.251931121832177
UniAddP,TLE3,,False,-0.1953387706236022,17.33637832120459,10.251931121832177
UniAddNP,TLE3,,False,-0.1953387706236022,17.33637832120459,10.251931121832177
GPM,TLE3,,False,-0.14545230962906538,15.573190950210515,8.971124315626774
GPMpostN,TLE3,,False,-0.10676526319216999,12.188428747384158,7.516160582953975
GPMpostP,TLE3,,False,0.022662045127841923,6.934918277977593,5.210231977063227
GPMpostNP,TLE3,,False,0.15135627285752104,5.641279099448997,4.49185675010781
GPMaddN,TLE3,,False,-0.05353828511583924,9.921018685257536,6.375020321114928
GPMaddP,TLE3,,False,-0.08759805100358534,9.944707600493661,6.288762185222124
GPMaddNP,TLE3,,False,-0.08555850870887277,10.17298647137203,6.252266721690711
Uni,TLD3,,False,0.012672834222050863,10.199783053314222,7.160517114819695
UniN,TLD3,,False,0.024283929539892803,8.942517708216029,6.355673973499611
UniP,TLD3,,False,0.04005800125892875,7.0404760875838575,5.251266941055643
UniNP,TLD3,,False,0.060572062836236604,6.18692512773958,4.581329661473234
UniAddN,TLD3,,False,0.012672834222050807,10.199783053314222,7.160517114819695
UniAddP,TLD3,,False,0.012672834222050787,10.199783053314222,7.160517114819695
UniAddNP,TLD3,,False,0.012672834222050787,10.199783053314222,7.160517114819695
GPM,TLD3,,False,0.01165366350780258,9.77212681734512,6.57397720067168
GPMpostN,TLD3,,False,0.0248726352772601,8.455340316882468,5.805594131188687
GPMpostP,TLD3,,False,0.03566793506293698,6.61927967657917,4.867909811427266
GPMpostNP,TLD3,,False,0.060574302006093914,5.87983441402627,4.3210169201794475
GPMaddN,TLD3,,False,0.04931833552538533,6.874118639547558,4.8761398001057845
GPMaddP,TLD3,,False,0.0284063370065036,6.870079106640573,4.946292808878521
GPMaddNP,TLD3,,False,0.034707451055308355,6.734532237434786,4.7695646960160465
Uni,TLD4,,False,-0.16337247675590652,11.53724266910517,8.158716147946977
UniN,TLD4,,False,-0.11164348540544375,9.846441876179052,7.072593829641146
UniP,TLD4,,False,-0.054976909454986005,6.948014261960371,5.472694293238087
UniNP,TLD4,,False,0.11142121240859933,5.350277959188455,4.203119418370073
UniAddN,TLD4,,False,-0.16337247675590644,11.537242669105169,8.158716147946977
UniAddP,TLD4,,False,-0.16337247675590644,11.537242669105169,8.158716147946977
UniAddNP,TLD4,,False,-0.16337247675590644,11.537242669105169,8.158716147946977
GPM,TLD4,,False,-0.1830803825677804,11.781318167485765,8.376575287941169
GPMpostN,TLD4,,False,-0.13409779476206543,9.970925483455911,7.224445532929154
GPMpostP,TLD4,,False,-0.0703924782613248,7.050389084381844,5.554124966026631
GPMpostNP,TLD4,,False,0.09421011209657632,5.447051904582501,4.29689803720098
GPMaddN,TLD4,,False,-0.1433550008920866,10.164169085394576,7.113055711803421
GPMaddP,TLD4,,False,-0.18856534918226184,10.482690448513216,7.516815668650012
GPMaddNP,TLD4,,False,-0.1775347741577475,10.497592726071153,7.438847155430193
GNN,London,42.0,False,0.5003106053590131,17.058093573641884,11.613259958585871
GNNonehot,London,42.0,False,0.46448555579811995,17.508744899981654,11.714846251144774
GNNfusion,London,42.0,False,0.38236917507786156,26.492918766657354,18.261179165654447
GNNpriorN,London,42.0,False,0.38657807431141367,19.727878782360772,13.686995846890452
GNNpriorP,London,42.0,False,0.4082125310132674,19.516331158557808,13.394094199882758
GNNpriorNP,London,42.0,False,0.467541520162974,18.213387610361238,12.350903505248233
MLP,London,42.0,False,0.4255701812289637,22.48436197350469,14.043601511250497
MLPfusion,London,42.0,False,0.29462022065358345,27.96566662946499,20.714553603518375
MLPpriorN,London,42.0,False,0.4666603804415438,19.68387029801938,12.690301116054561
MLPpriorP,London,42.0,False,0.47224797560428156,19.557436795970133,12.621612309811622
MLPpriorNP,London,42.0,False,0.4392964839748097,20.51623227662487,12.768098291373294
GNNpostN,London,42.0,False,0.5379210895812084,16.345302174259842,11.102310448192123
GNNaddN,London,42.0,False,0.5869389146933521,16.669837736543368,11.845138129041437
GNNpostP,London,42.0,False,0.5882276439288421,15.096176727886055,10.37121844936751
GNNaddP,London,42.0,False,0.6374590254257888,14.062326274803215,9.568369917340236
GNNpostNP,London,42.0,False,0.6036063471769487,14.908110171096732,10.197261801460403
GNNaddNP,London,42.0,False,0.6382189669534578,14.215743059405408,9.871428354228941
MLPpostN,London,42.0,False,0.44951749784928413,21.81740691605426,13.795910280784662
MLPaddN,London,42.0,False,0.5703463222612414,18.323177566593102,13.100668994466114
MLPpostP,London,42.0,False,0.48126465786199213,20.655143753925962,13.257450472942743
MLPaddP,London,42.0,False,0.6112499686017637,14.69003697773739,10.132435418438254
MLPpostNP,London,42.0,False,0.5014672379335472,20.194799509049787,13.162492890142905
MLPaddNP,London,42.0,False,0.6202873651075645,14.85107685350589,10.539422448233555
GNN,TLH2,42.0,False,0.44179673677611864,6.579864351187832,5.079048055026433
GNNonehot,TLH2,42.0,False,0.38645869316924464,6.744173772509286,5.316977470446979
GNNfusion,TLH2,42.0,False,0.3858298832154734,12.405668764312678,9.565828106790727
GNNpriorN,TLH2,42.0,False,0.44018593757461827,7.687997973561268,6.001055302502297
GNNpriorP,TLH2,42.0,False,0.4413463740295529,7.837987504230737,6.095212146740384
GNNpriorNP,TLH2,42.0,False,0.367385032999404,8.034566955374647,6.182341905988544
MLP,TLH2,42.0,False,0.29545054711622043,13.299666848177324,7.477815380462727
MLPfusion,TLH2,42.0,False,0.17513206035604575,19.135457615197662,9.161323601440298
MLPpriorN,TLH2,42.0,False,0.4023940627686994,8.788040613166094,6.7643742037356684
MLPpriorP,TLH2,42.0,False,0.43143997442313614,8.340056429694625,6.400811721430511
MLPpriorNP,TLH2,42.0,False,0.2997497698788292,11.629317784069524,6.873611457767334
GNNpostN,TLH2,42.0,False,0.498436067879233,7.592635610692606,5.6121358997878215
GNNaddN,TLH2,42.0,False,0.45372075321879984,8.130540758874202,6.385180638485121
GNNpostP,TLH2,42.0,False,0.34564312667347774,8.069953376276183,5.870141541963628
GNNaddP,TLH2,42.0,False,0.4221761178362637,5.592767533689717,4.287282089488153
GNNpostNP,TLH2,42.0,False,0.35955806726149875,10.274739545322262,6.816599953973261
GNNaddNP,TLH2,42.0,False,0.4102949322579491,6.787616002104616,5.254986811833909
MLPpostN,TLH2,42.0,False,0.41713411129275757,11.851039318617484,7.920276894515351
MLPaddN,TLH2,42.0,False,0.4426909322863685,8.436056562400841,6.763873015449894
MLPpostP,TLH2,42.0,False,0.21042011715840572,17.4742686536247,8.459533838299059
MLPaddP,TLH2,42.0,False,0.3292707306578986,5.793121937607291,4.3492588796931315
MLPpostNP,TLH2,42.0,False,0.300629176896227,14.987864802881532,8.87994217713704
MLPaddNP,TLH2,42.0,False,0.3828393172390058,6.929876755456852,5.196493525050801
GNN,TLF2,42.0,False,0.21299949383372743,10.02232510649116,7.507233130434675
GNNonehot,TLF2,42.0,False,0.11053767555819735,9.51613194995173,7.213433556217046
GNNfusion,TLF2,42.0,False,0.2689040155107727,16.98344611955054,10.64670148598616
GNNpriorN,TLF2,42.0,False,0.2270281640671408,10.839800751974858,7.494441990748382
GNNpriorP,TLF2,42.0,False,0.2136694205782359,10.92194768067872,7.705908884496111
GNNpriorNP,TLF2,42.0,False,0.20257513731325352,10.575396467346515,7.3924997176789855
MLP,TLF2,42.0,False,0.3157018797222697,9.04728826610631,6.6708353653522465
MLPfusion,TLF2,42.0,False,0.31530081187806563,11.726087987646768,7.9611892482083695
MLPpriorN,TLF2,42.0,False,0.4271277448545246,8.440907501620101,6.161245258025297
MLPpriorP,TLF2,42.0,False,0.41834613543971777,8.358093968036583,6.106548667614601
MLPpriorNP,TLF2,42.0,False,0.43619688350422914,8.531317381181847,6.278388550772717
GNNpostN,TLF2,42.0,False,0.3253059348024147,11.156516334291123,7.891228398706492
GNNaddN,TLF2,42.0,False,0.42670605040635506,10.257977502421948,7.0915740770228926
GNNpostP,TLF2,42.0,False,0.40625380330669436,9.707200759816823,7.047408764001945
GNNaddP,TLF2,42.0,False,0.42711606394619195,6.726815197932024,4.954487898374651
GNNpostNP,TLF2,42.0,False,0.4000187371898852,12.094371579014103,8.693965051978127
GNNaddNP,TLF2,42.0,False,0.49915539649709273,7.43982924880251,5.6010504084656265
MLPpostN,TLF2,42.0,False,0.44498218551769114,8.904082376907317,6.387854651295727
MLPaddN,TLF2,42.0,False,0.4749362004129813,9.257887869931315,6.447516774959457
MLPpostP,TLF2,42.0,False,0.5082005443525219,8.530447883747915,6.300173427311374
MLPaddP,TLF2,42.0,False,0.48140621336218814,6.14881751538191,4.641498015825293
MLPpostNP,TLF2,42.0,False,0.5233367425096095,9.827487869723788,7.345312404574462
MLPaddNP,TLF2,42.0,False,0.5824936781244812,6.269494945894631,4.606409162772793
GNN,TLD3,42.0,False,0.042789286490069384,7.1091502805709945,5.340118130923563
GNNonehot,TLD3,42.0,False,0.06152843103452189,6.841630818613869,5.085769946372295
GNNfusion,TLD3,42.0,False,0.009347536922283463,13.002484896623466,9.06803728088865
GNNpriorN,TLD3,42.0,False,0.030417510474198547,7.799272726338651,5.785477109387878
GNNpriorP,TLD3,42.0,False,0.01611634974217234,7.778133145923694,5.678318533299522
GNNpriorNP,TLD3,42.0,False,0.07169373658916543,7.399734426145746,5.585562675861813
MLP,TLD3,42.0,False,0.18929532870982685,7.2903501009420255,5.599323808560147
MLPfusion,TLD3,42.0,False,0.05936364248244976,16.19631573260171,10.149640502047903
MLPpriorN,TLD3,42.0,False,0.1338745918185975,6.668745956298503,5.085609875354024
MLPpriorP,TLD3,42.0,False,0.12906985126871756,6.879633145816433,5.097648081277265
MLPpriorNP,TLD3,42.0,False,0.13026653913543843,7.586142571416229,5.111094606682998
GNNpostN,TLD3,42.0,False,0.055391414465733965,6.955407417738342,5.153455116761584
GNNaddN,TLD3,42.0,False,0.06244306206821066,7.5827241655150335,5.661707793061297
GNNpostP,TLD3,42.0,False,0.07013712439065724,6.570157624885382,4.954134268340188
GNNaddP,TLD3,42.0,False,0.09139869481287997,5.616152486880637,4.343422106822959
GNNpostNP,TLD3,42.0,False,0.07319526070683348,6.989025785534691,5.206108851832422
GNNaddNP,TLD3,42.0,False,0.09857086726784606,5.972079231861552,4.579923959668473
MLPpostN,TLD3,42.0,False,0.18577099583632684,7.316020302147443,5.636774786550539
MLPaddN,TLD3,42.0,False,0.08652986181590114,8.24936853916516,6.157019632414215
MLPpostP,TLD3,42.0,False,0.17622444898363737,7.571951442645935,5.87393552079834
MLPaddP,TLD3,42.0,False,0.15496736246302575,5.354551068573462,4.146704581939311
MLPpostNP,TLD3,42.0,False,0.16567231229092036,7.859493264029735,6.1264041069028785
MLPaddNP,TLD3,42.0,False,0.16082785205192482,5.944379060959936,4.666358053889185
GNN,TLD6,42.0,False,0.5063861824738655,6.120454001314393,4.598810555173427
GNNonehot,TLD6,42.0,False,0.35453073775443844,6.4358613847587876,4.916439072463869
GNNfusion,TLD6,42.0,False,0.45067631924680307,7.880661874675389,5.813757084844043
GNNpriorN,TLD6,42.0,False,0.5235779648120726,6.056791225078313,4.543500214942839
GNNpriorP,TLD6,42.0,False,0.5188004140286296,6.178125351334156,4.571525784820807
GNNpriorNP,TLD6,42.0,False,0.49457586767701844,6.258466997873606,4.642727199302208
MLP,TLD6,42.0,False,0.40988386931745474,6.362890431654327,4.596515876640383
MLPfusion,TLD6,42.0,False,0.2111218618880648,10.430056272372193,6.270298421351058
MLPpriorN,TLD6,42.0,False,0.5279872094316282,5.512926718244316,3.9165752429298992
MLPpriorP,TLD6,42.0,False,0.5330840117090622,5.490178735146046,3.956641365407192
MLPpriorNP,TLD6,42.0,False,0.5681295006405389,5.348097386595155,3.7855257689648782
GNNpostN,TLD6,42.0,False,0.5369010126918294,6.947350024575616,4.845831516836239
GNNaddN,TLD6,42.0,False,0.5627583730067851,6.021645296012818,4.358195947981532
GNNpostP,TLD6,42.0,False,0.4147666767098908,7.7625252179009845,5.6057311476710945
GNNaddP,TLD6,42.0,False,0.4252592510303186,5.533917730213002,4.315213401436505
GNNpostNP,TLD6,42.0,False,0.4163069068942146,9.216428994981614,6.321361617036159
GNNaddNP,TLD6,42.0,False,0.5111863086172016,5.486223677350645,4.0237018207349875
MLPpostN,TLD6,42.0,False,0.5002011798311695,6.183921917918049,4.297470651122345
MLPaddN,TLD6,42.0,False,0.5456207037512116,5.960766275820481,4.316217929602571
MLPpostP,TLD6,42.0,False,0.4035769082122792,6.804376906310356,4.7700767800662565
MLPaddP,TLD6,42.0,False,0.3663949552833433,5.665969350342796,4.4865783510628825
MLPpostNP,TLD6,42.0,False,0.43194041805730576,7.376666961801108,5.110481100078012
MLPaddNP,TLD6,42.0,False,0.4969255566707212,5.384048510299125,3.9713321453382666
GNN,TLG1,42.0,False,0.5285714675960621,11.65743683995513,7.883691898503504
GNNonehot,TLG1,42.0,False,0.5660835209828221,10.488721075163648,7.50513743082895
GNNfusion,TLG1,42.0,False,0.5916175104491527,14.519396368208106,9.385187712067706
GNNpriorN,TLG1,42.0,False,0.44204076699542444,12.079522092259282,8.811127654660096
GNNpriorP,TLG1,42.0,False,0.4073364946809837,12.538189579312048,9.265121539219802
GNNpriorNP,TLG1,42.0,False,0.4527854028136099,11.764294332456206,8.781030787183235
MLP,TLG1,42.0,False,0.45565296414453593,16.359133909406754,8.841586955403288
MLPfusion,TLG1,42.0,False,0.28656663701494184,20.359586715533432,12.324453804654118
MLPpriorN,TLG1,42.0,False,0.4465717490532384,15.630335345661134,9.003246034528702
MLPpriorP,TLG1,42.0,False,0.353164605687045,21.147984552357844,9.785659629554093
MLPpriorNP,TLG1,42.0,False,0.20948008847734198,28.66893484616846,11.477308654180327
GNNpostN,TLG1,42.0,False,0.5557640486874342,13.480649382556157,8.332642535410944
GNNaddN,TLG1,42.0,False,0.638648580650547,11.535758676375556,7.722557244861009
GNNpostP,TLG1,42.0,False,0.6539115281054498,12.905851824524117,9.267956878475957
GNNaddP,TLG1,42.0,False,0.653212145575842,8.23036375914589,6.105282224769631
GNNpostNP,TLG1,42.0,False,0.6181308873062993,16.08551369059674,11.642828180845171
GNNaddNP,TLG1,42.0,False,0.7257869088841028,7.929617599512034,5.741752501764792
MLPpostN,TLG1,42.0,False,0.43809968260400006,20.292895069236867,10.284138668430662
MLPaddN,TLG1,42.0,False,0.622495168481975,11.890097690447494,8.115565839785914
MLPpostP,TLG1,42.0,False,0.6367988172348765,15.018425194258764,9.11845317796167
MLPaddP,TLG1,42.0,False,0.6035718136242724,8.666652046203042,6.5836706485206085
MLPpostNP,TLG1,42.0,False,0.5985901812358693,17.712003936553536,10.85260888547034
MLPaddNP,TLG1,42.0,False,0.7071282867210753,8.127549306233822,5.703707966221799
GNN,TLE4,42.0,False,0.13319014250036307,8.031595412890615,5.9183121177910465
GNNonehot,TLE4,42.0,False,0.11590388205837414,7.559258636486707,5.829525588166252
GNNfusion,TLE4,42.0,False,0.37454727336857957,7.765628777451317,5.9894938308205345
GNNpriorN,TLE4,42.0,False,0.1446847895966455,7.754475075865592,5.667265042981652
GNNpriorP,TLE4,42.0,False,0.14662816692331135,7.913533841799939,5.70714858917717
GNNpriorNP,TLE4,42.0,False,0.13565112275731175,7.941685008304398,5.71043581385283
MLP,TLE4,42.0,False,0.2717518224589538,8.23997397240414,5.835253841513866
MLPfusion,TLE4,42.0,False,0.0033391697332880543,16.019034322835946,10.175175141981168
MLPpriorN,TLE4,42.0,False,0.25247023254456186,8.548265107952652,5.594436391787574
MLPpriorP,TLE4,42.0,False,0.28113834450886266,8.18717535754122,5.536442428015044
MLPpriorNP,TLE4,42.0,False,0.2694791670298816,8.209737005939832,5.384331204244426
GNNpostN,TLE4,42.0,False,0.2180964815559982,7.972295025248113,5.6941597747442145
GNNaddN,TLE4,42.0,False,0.3890413417540528,7.149179615277248,5.311919441057578
GNNpostP,TLE4,42.0,False,0.23812749307951434,7.781210324588426,5.740432169577962
GNNaddP,TLE4,42.0,False,0.31643920512564305,5.623942750381933,4.083484582996309
GNNpostNP,TLE4,42.0,False,0.2325347801831999,9.008942770525493,6.704573382804325
GNNaddNP,TLE4,42.0,False,0.3499402719732685,6.25068706795819,4.597621703018375
MLPpostN,TLE4,42.0,False,0.28711622505377116,9.022558045780801,6.205949906458557
MLPaddN,TLE4,42.0,False,0.401056562932851,7.189545227051865,5.414024837137684
MLPpostP,TLE4,42.0,False,0.27847143402180613,8.031138220567751,5.9815264051219215
MLPaddP,TLE4,42.0,False,0.3192717588278701,5.377899441258355,4.00414090570304
MLPpostNP,TLE4,42.0,False,0.27216916695255566,8.991805079880224,6.819561290077204
MLPaddNP,TLE4,42.0,False,0.3615721144514138,6.052908127333957,4.590198626385186
GNN,TLE3,42.0,False,-0.004719552168206586,8.382013687077915,6.055191561136642
GNNonehot,TLE3,42.0,False,-0.04385390812904237,8.073227733247341,5.9526424591037115
GNNfusion,TLE3,42.0,False,0.15094347427549576,10.349548906488113,7.1532599552150895
GNNpriorN,TLE3,42.0,False,0.05249287096149513,7.671247247975545,5.870365369423645
GNNpriorP,TLE3,42.0,False,0.052574073131514465,7.603475806337156,5.747439312970932
GNNpriorNP,TLE3,42.0,False,0.07727857753122404,7.748267366391606,5.871170151436962
MLP,TLE3,42.0,False,-0.003162940592189651,10.167940757317917,6.771533777410122
MLPfusion,TLE3,42.0,False,0.0668939468933626,15.28127774532978,9.739388338921687
MLPpriorN,TLE3,42.0,False,0.12983107852260367,6.992256267187091,5.5578013235568795
MLPpriorP,TLE3,42.0,False,0.05968171806378275,8.015042115780254,6.042366085119554
MLPpriorNP,TLE3,42.0,False,0.1344438621815012,7.071157366451614,5.516545488303944
GNNpostN,TLE3,42.0,False,0.0910973216816159,7.8987484871446965,5.746328933918571
GNNaddN,TLE3,42.0,False,0.22610553041760947,7.0524609291018425,5.147200320052208
GNNpostP,TLE3,42.0,False,0.14136720979857467,7.454072755671826,5.555020720194414
GNNaddP,TLE3,42.0,False,0.1836948767503923,5.326678721181966,4.182416699024975
GNNpostNP,TLE3,42.0,False,0.1567363772311687,8.760697522718242,6.30001056958411
GNNaddNP,TLE3,42.0,False,0.21909204335590782,5.867943463948374,4.420964298167101
MLPpostN,TLE3,42.0,False,0.024166538455598047,11.449596851948142,7.00251613714206
MLPaddN,TLE3,42.0,False,0.22725054732339997,7.17829298301892,5.251373383707026
MLPpostP,TLE3,42.0,False,0.012253489916179978,10.426723937411472,6.617091408672996
MLPaddP,TLE3,42.0,False,0.13296936827653802,5.2750343090963625,4.160147762890431
MLPpostNP,TLE3,42.0,False,0.02856308643193787,11.703384421815597,7.315336787432102
MLPaddNP,TLE3,42.0,False,0.20539631787352852,5.821984460376539,4.295596532948022
GNN,TLH3,42.0,False,0.27092203098171774,7.685655724239916,5.521581272033488
GNNonehot,TLH3,42.0,False,0.35529883697462317,7.511057602582289,5.007337923482485
GNNfusion,TLH3,42.0,False,0.34271490886308414,10.43744613107421,7.491395444668819
GNNpriorN,TLH3,42.0,False,0.35623653730178306,8.055810484261047,5.601004290021122
GNNpriorP,TLH3,42.0,False,0.3782394031268718,7.678164156258872,5.421967666889925
GNNpriorNP,TLH3,42.0,False,0.398886656325085,7.335121909876286,5.289192823748775
MLP,TLH3,42.0,False,0.39586029885709456,7.808861133859566,5.670290948856461
MLPfusion,TLH3,42.0,False,0.10597540172522224,11.69041089078363,7.66101091857964
MLPpriorN,TLH3,42.0,False,0.1722828893915777,11.43804778641013,6.491683192026141
MLPpriorP,TLH3,42.0,False,0.1808885568257229,11.20243874014148,6.488679073161591
MLPpriorNP,TLH3,42.0,False,-0.023078529482541785,21.912711584225963,8.999860447330912
GNNpostN,TLH3,42.0,False,0.3575171848518583,7.808418389839914,5.477062923246073
GNNaddN,TLH3,42.0,False,0.3830825945773061,8.03722015768602,5.717394089717051
GNNpostP,TLH3,42.0,False,0.31668108003023954,7.963544786695683,5.637065169560511
GNNaddP,TLH3,42.0,False,0.27932483464420876,6.955785889281051,4.85554914951769
GNNpostNP,TLH3,42.0,False,0.34233727118157037,9.165946916538433,6.393421493581602
GNNaddNP,TLH3,42.0,False,0.3472993464768663,7.271353603019377,5.143070557430403
MLPpostN,TLH3,42.0,False,0.4416698432639315,8.606478848247203,6.255544607571763
MLPaddN,TLH3,42.0,False,0.4050514498794945,8.595508167447107,6.325112879304445
MLPpostP,TLH3,42.0,False,0.3435166776642114,9.474789594641686,6.895231515023401
MLPaddP,TLH3,42.0,False,0.3464779781144613,6.62558984186693,4.589054909484512
MLPpostNP,TLH3,42.0,False,0.3634513559742874,10.801350528617442,7.78723485443399
MLPaddNP,TLH3,42.0,False,0.3690085637640436,7.554576548438453,5.578759709726427
GNN,TLF1,42.0,False,0.28275951972941593,9.325544356057216,7.00172030007222
GNNonehot,TLF1,42.0,False,0.23135420415574068,9.266652595630259,7.199828966443803
GNNfusion,TLF1,42.0,False,0.4371587002206651,11.891055138392673,8.259474172920248
GNNpriorN,TLF1,42.0,False,0.3222894702361253,9.622027818834868,7.310019815472327
GNNpriorP,TLF1,42.0,False,0.3517881420852708,9.000473944333459,6.8651665297548785
GNNpriorNP,TLF1,42.0,False,0.34840854910202723,9.009027858572166,6.473889983350722
MLP,TLF1,42.0,False,0.38591269143571466,9.055651415401647,6.5374009595910225
MLPfusion,TLF1,42.0,False,0.14603946526652342,12.524521808139612,9.464255570438308
MLPpriorN,TLF1,42.0,False,0.4907379290718735,7.689294914027861,5.629179907618299
MLPpriorP,TLF1,42.0,False,0.48879113553336534,7.70413520366952,5.631053356179201
MLPpriorNP,TLF1,42.0,False,0.4543242002183438,8.108008639332118,5.839126424225448
GNNpostN,TLF1,42.0,False,0.40652338418383455,9.095680795387583,6.773021603974909
GNNaddN,TLF1,42.0,False,0.5473427528068678,8.62887689119437,6.18257375229788
GNNpostP,TLF1,42.0,False,0.3945440955443346,9.861556908752252,7.112844244314028
GNNaddP,TLF1,42.0,False,0.4394504202473702,7.403207419259678,5.257402860727199
GNNpostNP,TLF1,42.0,False,0.4172282670664751,11.564928400002536,7.92977849888555
GNNaddNP,TLF1,42.0,False,0.5417386535881599,7.331779205259377,5.31072520144374
MLPpostN,TLF1,42.0,False,0.49216947560969443,8.751020739829402,6.443699054993936
MLPaddN,TLF1,42.0,False,0.5948802126098586,8.156167676138306,5.836988345594401
MLPpostP,TLF1,42.0,False,0.46121955400201714,9.69163980871039,7.136665202497699
MLPaddP,TLF1,42.0,False,0.5082838663697249,6.833454652231997,4.897131307003607
MLPpostNP,TLF1,42.0,False,0.49525898867679313,10.850139020347457,7.745890577296446
MLPaddNP,TLF1,42.0,False,0.6104817987147929,6.6681338035460245,4.896019100474798
GNN,TLC2,42.0,False,0.23507185098000952,10.297070206312695,8.159291784725502
GNNonehot,TLC2,42.0,False,0.17511288097322275,12.022414232493478,8.356302436328534
GNNfusion,TLC2,42.0,False,0.16955332392830857,11.179548701985555,8.632124588620968
GNNpriorN,TLC2,42.0,False,0.2273748784708972,11.165375493382259,8.16921597537315
GNNpriorP,TLC2,42.0,False,0.23755416923895345,10.67293961796077,8.053393792590148
GNNpriorNP,TLC2,42.0,False,0.21061367258433963,11.853452299720756,8.26446571110499
MLP,TLC2,42.0,False,0.20346202995702778,11.035870424540056,8.308411993743645
MLPfusion,TLC2,42.0,False,0.19497668589202388,11.765093039391619,9.548822566774124
MLPpriorN,TLC2,42.0,False,0.2549811268179661,9.618330683357675,7.39596294278238
MLPpriorP,TLC2,42.0,False,0.2552647430156872,9.582820367434856,7.3373246504923335
MLPpriorNP,TLC2,42.0,False,0.21150828817368522,9.456728132928617,7.298918834289764
GNNpostN,TLC2,42.0,False,0.2620667822523475,9.291736125175344,7.459654087422237
GNNaddN,TLC2,42.0,False,0.33467196543471434,8.109683896637115,6.398149394700203
GNNpostP,TLC2,42.0,False,0.2272992006658789,9.576823688869338,7.8253194354115685
GNNaddP,TLC2,42.0,False,0.31839787897936345,6.89689939352739,5.6864583032555425
GNNpostNP,TLC2,42.0,False,0.21095423111878797,10.674352560664497,8.587596801191237
GNNaddNP,TLC2,42.0,False,0.3237243739491199,7.067980249447644,5.848814777931551
MLPpostN,TLC2,42.0,False,0.22108424663225834,10.144862122202827,7.820470437654968
MLPaddN,TLC2,42.0,False,0.32354175261258644,8.204640650730425,6.459066167563594
MLPpostP,TLC2,42.0,False,0.17005788454261622,11.319583926667686,8.79865589615937
MLPaddP,TLC2,42.0,False,0.3340984048345269,6.618760529117844,5.3218595760868554
MLPpostNP,TLC2,42.0,False,0.16397650794673896,11.797813526871282,9.223117990272288
MLPaddNP,TLC2,42.0,False,0.3333062789544267,6.889568769833109,5.7080997208372475
GNN,TLD4,42.0,False,0.20160705553817654,7.841123225819745,5.670242098539422
GNNonehot,TLD4,42.0,False,0.10496062029210441,6.577571132701711,4.593826985286266
GNNfusion,TLD4,42.0,False,0.39225489921071943,7.2533947944296004,5.267264868376621
GNNpriorN,TLD4,42.0,False,0.23968096495543947,7.31490162351987,5.2940547224785
GNNpriorP,TLD4,42.0,False,0.2576154506832895,7.109991116254453,5.347101363065482
GNNpriorNP,TLD4,42.0,False,0.32197127524949265,5.8871352426768455,4.558248121927204
MLP,TLD4,42.0,False,0.26629556494533174,6.081347303991764,4.817374614143319
MLPfusion,TLD4,42.0,False,0.2323242652444626,8.314449944000499,5.986871246127694
MLPpriorN,TLD4,42.0,False,0.40884122390111516,5.260322464454331,4.0072042814139115
MLPpriorP,TLD4,42.0,False,0.41296505652877796,5.264240837606739,3.979596455520218
MLPpriorNP,TLD4,42.0,False,0.40777193968156317,4.9243734330128754,3.8223444583711554
GNNpostN,TLD4,42.0,False,0.3014891500550808,7.3148256505063145,5.411417616001219
GNNaddN,TLD4,42.0,False,0.49388439699831055,5.727865126118969,4.119425306245002
GNNpostP,TLD4,42.0,False,0.28680374625262384,7.339547667242872,5.287057431330658
GNNaddP,TLD4,42.0,False,0.2935776518669357,4.945788554764005,3.7010819098799552
GNNpostNP,TLD4,42.0,False,0.3158466062128154,7.998024575299306,5.790499197866153
GNNaddNP,TLD4,42.0,False,0.42592511757178,4.8556477593403455,3.591147632431766
MLPpostN,TLD4,42.0,False,0.37307848324094006,5.817434152203971,4.68558643119304
MLPaddN,TLD4,42.0,False,0.5730837436472352,4.778029922973453,3.6099687094610444
MLPpostP,TLD4,42.0,False,0.30054128672887453,6.330105143066805,5.102900740215822
MLPaddP,TLD4,42.0,False,0.3677883296919415,3.9672042739359674,3.1988969851522233
MLPpostNP,TLD4,42.0,False,0.3228905793815527,7.025260619876342,5.554512023130496
MLPaddNP,TLD4,42.0,False,0.5273774408902954,3.8025510833338325,3.0792972606442883
GNN,TLJ1,42.0,False,0.2951099435758495,10.192382886021665,7.153796860230415
GNNonehot,TLJ1,42.0,False,0.05618627992451216,11.170741250058194,8.165539294510669
GNNfusion,TLJ1,42.0,False,0.39413355713324166,12.580157561236327,8.532970431573847
GNNpriorN,TLJ1,42.0,False,0.29197488076698447,10.100771579867303,7.257020078041698
GNNpriorP,TLJ1,42.0,False,0.2900023424753316,10.176647355744883,7.406531350125973
GNNpriorNP,TLJ1,42.0,False,0.2762772790339293,10.132162174456791,7.5115735334366605
MLP,TLJ1,42.0,False,0.26542192996418157,10.796606011443396,7.710680075931783
MLPfusion,TLJ1,42.0,False,0.1568741553929783,12.474051261313296,8.91034038697161
MLPpriorN,TLJ1,42.0,False,0.29359054071205015,10.427163636194736,7.1143518430906365
MLPpriorP,TLJ1,42.0,False,0.3253868855331647,10.530451069439735,7.102128272724192
MLPpriorNP,TLJ1,42.0,False,0.4158668077848245,9.610588548754906,6.825471844605424
GNNpostN,TLJ1,42.0,False,0.41060885661128116,11.342701537192628,7.116215635359736
GNNaddN,TLJ1,42.0,False,0.5345694025146823,9.83940429685101,6.507087573164221
GNNpostP,TLJ1,42.0,False,0.5134904126195693,9.51087692664718,6.5793700374807536
GNNaddP,TLJ1,42.0,False,0.5020663116227874,7.254342582622917,5.350678165225936
GNNpostNP,TLJ1,42.0,False,0.5381211673020924,11.712904368727544,7.935598875862474
GNNaddNP,TLJ1,42.0,False,0.6233188532059036,7.17426453460627,5.041475369459162
MLPpostN,TLJ1,42.0,False,0.38288035136814397,11.37127202985236,7.5734999395698415
MLPaddN,TLJ1,42.0,False,0.541528548331957,9.660126589744694,6.523599991288598
MLPpostP,TLJ1,42.0,False,0.4629370523732942,10.561713853055569,7.450266430634772
MLPaddP,TLJ1,42.0,False,0.48327870550860935,7.210802950459204,5.455172708936688
MLPpostNP,TLJ1,42.0,False,0.5047883315396551,12.215398136926886,8.475229235287744
MLPaddNP,TLJ1,42.0,False,0.6558019923032739,6.615704179515939,4.869686375073925
GNN,TLC1,42.0,False,0.14495060782981994,11.429338616116459,8.199656218439971
GNNonehot,TLC1,42.0,False,0.10746960278925219,12.33932702771307,7.926497544782015
GNNfusion,TLC1,42.0,False,0.06223001805936716,12.804927171701944,8.717837990406986
GNNpriorN,TLC1,42.0,False,0.125190283111618,12.829112121882453,8.355980066658642
GNNpriorP,TLC1,42.0,False,0.13166684334638676,12.26509111823603,8.253235816151337
GNNpriorNP,TLC1,42.0,False,0.15371527986775746,11.030581173163363,7.809846283374036
MLP,TLC1,42.0,False,0.2520575379429457,9.95478069677377,7.941448256049437
MLPfusion,TLC1,42.0,False,0.10652065628611686,10.892423998781052,8.12618250278307
MLPpriorN,TLC1,42.0,False,0.25312141137123556,9.042677935848827,7.164217540380582
MLPpriorP,TLC1,42.0,False,0.2650483916311026,8.92108570207328,7.070278113791055
MLPpriorNP,TLC1,42.0,False,0.185651150756122,9.659430321798803,7.228419561746259
GNNpostN,TLC1,42.0,False,0.1548793084010075,11.219175621320229,8.387962533371246
GNNaddN,TLC1,42.0,False,0.15849816660891258,10.729492388740857,7.920073352193357
GNNpostP,TLC1,42.0,False,0.08450424567139811,12.400025075617073,9.216335921316238
GNNaddP,TLC1,42.0,False,0.23116010907233495,7.645268144603463,5.577510506963848
GNNpostNP,TLC1,42.0,False,0.05910867558744128,13.932894407809199,10.61488973804717
GNNaddNP,TLC1,42.0,False,0.13497759655388106,9.15116041216496,6.647608538007494
MLPpostN,TLC1,42.0,False,0.23641432642934135,10.486701995618136,8.24571416918486
MLPaddN,TLC1,42.0,False,0.18573041972602614,10.023276512387174,7.555187190842213
MLPpostP,TLC1,42.0,False,0.15854115046408432,11.296092761898453,8.07543566252429
MLPaddP,TLC1,42.0,False,0.3247709140547719,6.647877240992913,4.866212619117989
MLPpostNP,TLC1,42.0,False,0.1276213222266585,12.694888008677191,9.39756287697768
MLPaddNP,TLC1,42.0,False,0.17901709500619944,8.184611792336138,5.914471187561947
GNN,TLG2,42.0,False,0.762711705392087,8.880562739315076,5.705854871532097
GNNonehot,TLG2,42.0,False,0.5144213345803943,12.02247814180479,7.912968474685679
GNNfusion,TLG2,42.0,False,0.7491240705343452,9.59097337210132,6.504220224563085
GNNpriorN,TLG2,42.0,False,0.7267305348408807,9.587509242661175,6.20034521379601
GNNpriorP,TLG2,42.0,False,0.7406093206042044,9.338990452617411,5.989818004210548
GNNpriorNP,TLG2,42.0,False,0.7179320518727034,9.718920794553028,6.282995870306588
MLP,TLG2,42.0,False,0.707409123435632,10.12706799877772,6.708449001959252
MLPfusion,TLG2,42.0,False,0.5841734746031038,11.827462202889581,7.668880281059944
MLPpriorN,TLG2,42.0,False,0.7525703713499682,9.232955533596234,6.05093973028741
MLPpriorP,TLG2,42.0,False,0.7586723555358482,9.182367095970962,6.090541397376778
MLPpriorNP,TLG2,42.0,False,0.7471325676696936,9.413356680475488,6.209252291086301
GNNpostN,TLG2,42.0,False,0.7538287550095535,9.94899423258316,6.194609178744018
GNNaddN,TLG2,42.0,False,0.8126811551869434,9.13714718013772,6.1037292341289175
GNNpostP,TLG2,42.0,False,0.6376776018866035,11.510783297452386,7.110959369237459
GNNaddP,TLG2,42.0,False,0.6957117928755964,9.760759252669194,7.051368703593151
GNNpostNP,TLG2,42.0,False,0.5919316815964875,14.215132973867668,8.169842964710346
GNNaddNP,TLG2,42.0,False,0.7633470223161376,8.692362768432002,5.856121562463723
MLPpostN,TLG2,42.0,False,0.7428077611315643,10.39969201214439,6.717365098040141
MLPaddN,TLG2,42.0,False,0.8159286917220938,9.025399350035816,5.75881716264318
MLPpostP,TLG2,42.0,False,0.6556578097394936,11.089924885705187,7.3667409200683345
MLPaddP,TLG2,42.0,False,0.6464612100481528,10.313492478279827,7.416221078574921
MLPpostNP,TLG2,42.0,False,0.6572459779100117,12.27652525752033,7.907669733616458
MLPaddNP,TLG2,42.0,False,0.7509785803160017,8.87947735259967,5.900786227624327
GNN,TLH1,42.0,False,0.5011321867873496,6.507317563236434,4.398156952174943
GNNonehot,TLH1,42.0,False,0.46507926385523746,6.1596482883644565,4.657580455154689
GNNfusion,TLH1,42.0,False,0.4272701069117231,9.795428624833407,6.878852710410621
GNNpriorN,TLH1,42.0,False,0.4697007204378823,6.862530492600461,5.175277805256138
GNNpriorP,TLH1,42.0,False,0.503299225275671,6.788070107345191,5.038896456725095
GNNpriorNP,TLH1,42.0,False,0.500221914823522,6.821322205026751,5.124495146639103
MLP,TLH1,42.0,False,0.5706539681791745,7.543503526368108,5.138679813108712
MLPfusion,TLH1,42.0,False,0.3014275274662155,9.040450328985022,6.36465060681521
MLPpriorN,TLH1,42.0,False,0.5220897635620376,6.6319673978770535,4.555602337779937
MLPpriorP,TLH1,42.0,False,0.5411241441052563,6.709280934493918,4.549652873219268
MLPpriorNP,TLH1,42.0,False,0.354477066140581,11.666223051403945,5.538059755971151
GNNpostN,TLH1,42.0,False,0.4893473670594339,8.504910218883431,5.554884293477202
GNNaddN,TLH1,42.0,False,0.5689634106846602,7.402066063937321,5.0871879026363604
GNNpostP,TLH1,42.0,False,0.3590111284982225,9.149543920017045,5.9583638410208515
GNNaddP,TLH1,42.0,False,0.550615540433255,5.33361525837044,3.827247110472843
GNNpostNP,TLH1,42.0,False,0.3283764559595216,12.48548511391232,7.7753071483882685
GNNaddNP,TLH1,42.0,False,0.5133871230312764,6.673352814440024,4.492488230231315
MLPpostN,TLH1,42.0,False,0.5972836195645174,8.625941017441486,5.773896785607292
MLPaddN,TLH1,42.0,False,0.6033463884554138,6.841208291300407,4.638362523492968
MLPpostP,TLH1,42.0,False,0.4770614767166026,8.968632039916805,5.934695742559231
MLPaddP,TLH1,42.0,False,0.6480718705759689,4.6011424802668826,3.456078393466915
MLPpostNP,TLH1,42.0,False,0.4461948652580916,11.532753836428943,7.205407252331887
MLPaddNP,TLH1,42.0,False,0.5642238547685372,5.946609841234243,4.157565031393855
GNN,London,123.0,False,0.549369443476574,16.397690497668744,11.147711746724857
GNNonehot,London,123.0,False,0.55099524975265,15.992379263708594,10.926060730653898
GNNfusion,London,123.0,False,0.47322729271111896,20.537845415379106,15.242700992147503
GNNpriorN,London,123.0,False,0.5201071014796431,16.53101369591979,11.50491708884711
GNNpriorP,London,123.0,False,0.49878749875820916,17.71207388643511,12.068431473159045
GNNpriorNP,London,123.0,False,0.4245020843774081,19.11709238633603,13.154787223565092
MLP,London,123.0,False,0.3786290885624252,27.54643722833434,15.214478711770717
MLPfusion,London,123.0,False,0.3143305198476511,31.82230170316875,23.074019174594312
MLPpriorN,London,123.0,False,0.44749919428158064,21.417518936247017,13.142545694123047
MLPpriorP,London,123.0,False,0.44750314928513396,21.5865125020979,13.044275399326787
MLPpriorNP,London,123.0,False,0.4734854706745881,18.732279321351992,12.356469109053892
GNNpostN,London,123.0,False,0.5728554697774584,15.95898127756146,10.76708392707404
GNNaddN,London,123.0,False,0.5883321107479288,17.2006279297359,12.47452553791684
GNNpostP,London,123.0,False,0.6027705287193492,15.13096390193244,10.185891097033826
GNNaddP,London,123.0,False,0.6547091738708187,13.821810958311547,9.481016426921558
GNNpostNP,London,123.0,False,0.6044367317892383,15.233969121217706,10.23419997029995
GNNaddNP,London,123.0,False,0.6469196454387668,14.206721852998035,9.951392951640985
MLPpostN,London,123.0,False,0.395379387691826,27.01774281079016,15.092317813768037
MLPaddN,London,123.0,False,0.5648003612646412,18.801633658962896,13.483793556365232
MLPpostP,London,123.0,False,0.41284746096060276,26.046807770164563,14.640182592222324
MLPaddP,London,123.0,False,0.6083809211318632,14.765261668413112,9.985191694991414
MLPpostNP,London,123.0,False,0.42865614342574315,25.585957904217665,14.62639749160819
MLPaddNP,London,123.0,False,0.6161621926986794,14.988212805459705,10.607368444437137
GNN,TLF1,123.0,False,0.3192652693733235,8.917598809305833,6.657699272651147
GNNonehot,TLF1,123.0,False,0.16777735592054865,9.710023900255651,7.602920923666962
GNNfusion,TLF1,123.0,False,0.40235590711241204,12.622855807969293,9.126811019978676
GNNpriorN,TLF1,123.0,False,0.4032176239427998,8.316531397594169,6.122093549264336
GNNpriorP,TLF1,123.0,False,0.3343164112757968,9.13980385275308,6.6658076399938855
GNNpriorNP,TLF1,123.0,False,0.2995682083683291,9.328573768088773,7.024441207658759
MLP,TLF1,123.0,False,0.3047326737004225,9.560729042283054,7.070135590588013
MLPfusion,TLF1,123.0,False,0.4612850529222396,12.345846771113345,9.272195583487678
MLPpriorN,TLF1,123.0,False,0.40569939952354434,8.379486151465894,6.060270604244424
MLPpriorP,TLF1,123.0,False,0.39277224140689565,8.543550585834454,6.063572098689572
MLPpriorNP,TLF1,123.0,False,0.36585425509960595,8.861259644500434,6.117446266590127
GNNpostN,TLF1,123.0,False,0.43121554139096974,9.070909334810576,6.6610249755768125
GNNaddN,TLF1,123.0,False,0.5536706767363063,8.674102689413578,6.132603957136962
GNNpostP,TLF1,123.0,False,0.39496236081337,10.464330279878967,7.087830467692321
GNNaddP,TLF1,123.0,False,0.45110271401210755,7.306189966117052,5.268827672297654
GNNpostNP,TLF1,123.0,False,0.39730505097909263,12.928655686538034,8.164170547149435
GNNaddNP,TLF1,123.0,False,0.5500129426445642,7.323378509045224,5.250234269920004
MLPpostN,TLF1,123.0,False,0.3951131423612844,9.538166253703626,7.007584368593217
MLPaddN,TLF1,123.0,False,0.5563802944806638,8.574070062271517,5.957503386779318
MLPpostP,TLF1,123.0,False,0.35613271200439367,10.769758051862992,7.677888676337588
MLPaddP,TLF1,123.0,False,0.4488803398947794,7.237779555607515,5.1424882682990996
MLPpostNP,TLF1,123.0,False,0.39406548112876794,12.004047381689261,8.41311610924422
MLPaddNP,TLF1,123.0,False,0.5608767825537293,7.110285141394733,5.131320569541157
GNN,TLC2,123.0,False,0.22163503703729404,11.620837161981243,8.552170132036377
GNNonehot,TLC2,123.0,False,0.1670075578397825,12.420529546100935,8.399661360823274
GNNfusion,TLC2,123.0,False,0.22670219321139592,9.090632468125083,7.038791711580469
GNNpriorN,TLC2,123.0,False,0.22291389079855836,10.782618872325454,7.99607664135724
GNNpriorP,TLC2,123.0,False,0.20709584214885737,11.792231717244052,8.437139278873275
GNNpriorNP,TLC2,123.0,False,0.21988820147395285,11.072451677303116,8.183828458183935
MLP,TLC2,123.0,False,0.17060232503749756,12.40174284445481,9.285258438334855
MLPfusion,TLC2,123.0,False,0.1964133062950473,14.848262255254703,10.044204245224075
MLPpriorN,TLC2,123.0,False,0.2320514354203391,11.143629325809478,7.793012793283693
MLPpriorP,TLC2,123.0,False,0.2391663776835151,10.694079210671228,7.593052885714389
MLPpriorNP,TLC2,123.0,False,0.21458882143431188,11.347980504505216,8.161680269839831
GNNpostN,TLC2,123.0,False,0.2572009756446252,9.944710162403709,7.723294072084417
GNNaddN,TLC2,123.0,False,0.33643743037105966,8.163053754448324,6.412928732624696
GNNpostP,TLC2,123.0,False,0.27100537448130496,9.103124239380818,7.518467830220938
GNNaddP,TLC2,123.0,False,0.3260466858523231,6.967439865984621,5.774053015452463
GNNpostNP,TLC2,123.0,False,0.25748575514956806,9.998355763437395,8.067162167851412
GNNaddNP,TLC2,123.0,False,0.33448952507872143,7.088528437136582,5.82838582430853
MLPpostN,TLC2,123.0,False,0.17970246887091898,11.926941170210286,8.897266755431291
MLPaddN,TLC2,123.0,False,0.3060183458822903,8.443437239360655,6.644728219635799
MLPpostP,TLC2,123.0,False,0.15507816200226676,14.910270314473362,9.649881999700204
MLPaddP,TLC2,123.0,False,0.2951943326259115,7.058449124124222,5.570336502994938
MLPpostNP,TLC2,123.0,False,0.15198303553730796,15.480804833067511,10.244043539571766
MLPaddNP,TLC2,123.0,False,0.294594831068197,7.369473880227781,5.996666417137344
GNN,TLG2,123.0,False,0.7373654147092082,9.365828429739055,5.900550237286168
GNNonehot,TLG2,123.0,False,0.496540647496512,12.34819577578099,7.995288173186592
GNNfusion,TLG2,123.0,False,0.4417060423336854,12.361762363519507,8.62406498870322
GNNpriorN,TLG2,123.0,False,0.7260954396523133,9.636773132233186,6.168966880916226
GNNpriorP,TLG2,123.0,False,0.7093475923964704,9.924778594028819,6.354130927011556
GNNpriorNP,TLG2,123.0,False,0.6895291502787703,10.388677038936377,6.569544496166365
MLP,TLG2,123.0,False,0.7010055522586678,10.634064717255121,6.808760880215864
MLPfusion,TLG2,123.0,False,0.5687056521908405,14.552819120314705,9.597983631817973
MLPpriorN,TLG2,123.0,False,0.7579765188796307,9.41830323824983,6.023639270923401
MLPpriorP,TLG2,123.0,False,0.7540056439272733,9.428653640652888,6.125153485627948
MLPpriorNP,TLG2,123.0,False,0.7382757235374334,10.23012432787508,6.495444537891572
GNNpostN,TLG2,123.0,False,0.7235587820649622,10.818760426577619,6.504339801820386
GNNaddN,TLG2,123.0,False,0.8084848460958478,9.333502894015243,6.188432171755205
GNNpostP,TLG2,123.0,False,0.5847533709554509,12.963782311692608,7.600419875106842
GNNaddP,TLG2,123.0,False,0.671304640933031,10.024400241528864,7.1778017142310135
GNNpostNP,TLG2,123.0,False,0.5459099024200694,16.03696608413627,9.082097597255006
GNNaddNP,TLG2,123.0,False,0.7459852815846435,8.982176614737536,6.016509614469734
MLPpostN,TLG2,123.0,False,0.7289161728454966,11.277879178061015,7.042768754495427
MLPaddN,TLG2,123.0,False,0.814146238881446,9.219650473299545,5.935628912837736
MLPpostP,TLG2,123.0,False,0.6073530867433587,12.063763258687667,8.058727329344487
MLPaddP,TLG2,123.0,False,0.6329149313113195,10.442567754438318,7.635365454028917
MLPpostNP,TLG2,123.0,False,0.5936058225741023,13.834740796089262,8.8143735412346
MLPaddNP,TLG2,123.0,False,0.744569860645079,8.985198508903736,6.09983510493683
GNN,TLF2,123.0,False,0.23560641325196732,9.85976697469067,7.319652593662342
GNNonehot,TLF2,123.0,False,0.11950213563737126,9.434384407812852,6.970554378603825
GNNfusion,TLF2,123.0,False,0.2919504479647919,15.247089299000837,10.277742617657696
GNNpriorN,TLF2,123.0,False,0.25346240924685554,10.650862176620691,7.446103257107177
GNNpriorP,TLF2,123.0,False,0.27910601966193294,10.24564299401748,7.282926943204583
GNNpriorNP,TLF2,123.0,False,0.30589982119514314,10.224016738530464,7.14808469534388
MLP,TLF2,123.0,False,0.349990455541029,8.60697783062206,6.594583135221015
MLPfusion,TLF2,123.0,False,0.2517989284817633,15.086949543507105,9.384917537394157
MLPpriorN,TLF2,123.0,False,0.43159016397237504,8.505206131113795,6.058863597761772
MLPpriorP,TLF2,123.0,False,0.4542157230432329,8.231866752120798,5.94666519127523
MLPpriorNP,TLF2,123.0,False,0.45432027306718675,8.393519629247473,6.156858782230189
GNNpostN,TLF2,123.0,False,0.35852355214818,10.936987780612359,7.368629238635289
GNNaddN,TLF2,123.0,False,0.45714579874587397,10.070122359008131,7.015620411243774
GNNpostP,TLF2,123.0,False,0.4466625609465594,9.849088198206621,6.80970639152246
GNNaddP,TLF2,123.0,False,0.4784261836477715,6.364912204333665,4.747398765539548
GNNpostNP,TLF2,123.0,False,0.4431414104192237,12.566200414912226,8.612497743139198
GNNaddNP,TLF2,123.0,False,0.547075272292267,7.062820029651165,5.317476218546469
MLPpostN,TLF2,123.0,False,0.4916352809905483,8.338727189433982,6.338308807342731
MLPaddN,TLF2,123.0,False,0.48006916849144543,9.224200595206444,6.4392461021507845
MLPpostP,TLF2,123.0,False,0.5573681100146821,7.8684288289281135,5.810117160832546
MLPaddP,TLF2,123.0,False,0.5092850480540678,5.875600569455419,4.572919673276912
MLPpostNP,TLF2,123.0,False,0.5717147802466616,9.151039949848228,6.991405477371516
MLPaddNP,TLF2,123.0,False,0.6027846236506759,6.032439897889401,4.546930160118528
GNN,TLD6,123.0,False,0.4372415341881584,6.497891348742994,4.8820179916074435
GNNonehot,TLD6,123.0,False,0.34318253103661933,6.3015821736724,4.893047067755441
GNNfusion,TLD6,123.0,False,0.37254134878885115,10.397787614549982,6.819891633839894
GNNpriorN,TLD6,123.0,False,0.4736454797830152,6.404254487602466,4.720646003867354
GNNpriorP,TLD6,123.0,False,0.5011456503616565,6.141759571442804,4.441496162869184
GNNpriorNP,TLD6,123.0,False,0.5067442567876399,6.344160031724789,4.62845036232125
MLP,TLD6,123.0,False,0.4608334740399471,6.075146237744971,4.541501253366012
MLPfusion,TLD6,123.0,False,0.32615938306429465,9.753923580267818,6.236314881567493
MLPpriorN,TLD6,123.0,False,0.5508900712558535,5.478678346432611,3.97915639284523
MLPpriorP,TLD6,123.0,False,0.5588449667720146,5.403067542000202,3.9095778813182056
MLPpriorNP,TLD6,123.0,False,0.5947753381642092,5.139996311065916,3.7741233892444654
GNNpostN,TLD6,123.0,False,0.4927248416536873,7.135251038943559,5.032022847624864
GNNaddN,TLD6,123.0,False,0.5464419949671295,6.142879324958536,4.392856290506134
GNNpostP,TLD6,123.0,False,0.3652576553621453,7.926171689056343,5.5690126704141205
GNNaddP,TLD6,123.0,False,0.39415386981738243,5.6377260152701565,4.41335460470684
GNNpostNP,TLD6,123.0,False,0.3766633085946178,9.384844803053058,6.343691800548188
GNNaddNP,TLD6,123.0,False,0.4872966307049627,5.60281713874795,4.063629408254307
MLPpostN,TLD6,123.0,False,0.5398870392742504,5.990681528980537,4.281319628602531
MLPaddN,TLD6,123.0,False,0.5572182288558767,5.847745122988966,4.218353292419881
MLPpostP,TLD6,123.0,False,0.427852765232993,6.763134584772465,4.814054391875147
MLPaddP,TLD6,123.0,False,0.4020266082573581,5.5609845136151685,4.434974024654153
MLPpostNP,TLD6,123.0,False,0.4534408094639327,7.362204601837523,5.074556439260238
MLPaddNP,TLD6,123.0,False,0.5168267353109502,5.293732486691085,3.908297604074492
GNN,TLG1,123.0,False,0.4403683334785842,12.081040934382651,8.542068853701917
GNNonehot,TLG1,123.0,False,0.5312041458221073,10.344874507298115,7.691887815499161
GNNfusion,TLG1,123.0,False,0.6575002220326732,12.816468868938545,8.578620726509318
GNNpriorN,TLG1,123.0,False,0.4550240411398825,11.987216231030839,8.66854720116305
GNNpriorP,TLG1,123.0,False,0.4261906378180436,12.567540101765942,8.85364845999075
GNNpriorNP,TLG1,123.0,False,0.4770564995300659,11.339136370715414,8.191410529043212
MLP,TLG1,123.0,False,0.5382011947051548,13.354670124627432,8.046378771261015
MLPfusion,TLG1,123.0,False,0.41291395661020497,17.811899310142564,11.48990255595837
MLPpriorN,TLG1,123.0,False,0.5032538544304048,13.700342152845465,8.16585364672704
MLPpriorP,TLG1,123.0,False,0.5320708604397177,13.542390124613844,8.04699440584934
MLPpriorNP,TLG1,123.0,False,0.5624851738723228,11.881211543874008,7.543742747038344
GNNpostN,TLG1,123.0,False,0.49325676680982766,13.648769941808926,8.464206867329095
GNNaddN,TLG1,123.0,False,0.6314764205341363,11.474481257464847,7.837592141583788
GNNpostP,TLG1,123.0,False,0.6166912023788396,12.193567804527213,8.692886667580444
GNNaddP,TLG1,123.0,False,0.6365636295788282,8.383081604774931,6.223012713220269
GNNpostNP,TLG1,123.0,False,0.5942976842728707,15.491010601318294,11.272923120821982
GNNaddNP,TLG1,123.0,False,0.7142639157988658,7.982709617547241,5.865649389583908
MLPpostN,TLG1,123.0,False,0.5395607900641273,16.350090683252834,9.479601811412998
MLPaddN,TLG1,123.0,False,0.6351973888599989,11.560480782674215,7.843929710624854
MLPpostP,TLG1,123.0,False,0.6237301687221602,16.032883393999583,9.993485542181473
MLPaddP,TLG1,123.0,False,0.6287867761735627,8.45213970124014,6.34649527478615
MLPpostNP,TLG1,123.0,False,0.5920116931330157,18.885008506495335,12.172148080782655
MLPaddNP,TLG1,123.0,False,0.719942479143581,7.9711537062638875,5.682801499769729
GNN,TLE4,123.0,False,0.10605319588397252,8.35467901974887,6.0796243118495275
GNNonehot,TLE4,123.0,False,0.12033228189253327,7.466704107780756,5.770237066493642
GNNfusion,TLE4,123.0,False,0.34639669758870795,9.193680844479807,6.775248325471197
GNNpriorN,TLE4,123.0,False,0.16652420110395072,8.020521056607691,5.859810709542678
GNNpriorP,TLE4,123.0,False,0.15872337480521445,7.886055123780372,5.847329193925438
GNNpriorNP,TLE4,123.0,False,0.14695363681952683,7.7911499779372795,5.732211400655277
MLP,TLE4,123.0,False,0.20874411628362483,11.150326361763586,6.131838255744729
MLPfusion,TLE4,123.0,False,0.2062573352902135,11.109706042678875,8.732783848440752
MLPpriorN,TLE4,123.0,False,0.2386506946281708,7.586621514144512,5.673122689254457
MLPpriorP,TLE4,123.0,False,0.2477263636561131,7.458649909724815,5.601551086415356
MLPpriorNP,TLE4,123.0,False,0.27910618559437333,7.045887649302365,5.130428264132791
GNNpostN,TLE4,123.0,False,0.20517019781829537,7.997025218006473,5.668019469243613
GNNaddN,TLE4,123.0,False,0.38957777963359586,7.102107787941644,5.242428524373355
GNNpostP,TLE4,123.0,False,0.2457092930537698,7.586925765211968,5.502512818955757
GNNaddP,TLE4,123.0,False,0.3156717374627052,5.598635666088136,4.073795390494009
GNNpostNP,TLE4,123.0,False,0.2519453525697915,8.63447751125336,6.480695849423197
GNNaddNP,TLE4,123.0,False,0.3533774553039279,6.173005778878079,4.5446917538749485
MLPpostN,TLE4,123.0,False,0.22561202962347848,13.042472811998003,6.396193432747803
MLPaddN,TLE4,123.0,False,0.4089751070771222,6.949251729995067,5.29915106222626
MLPpostP,TLE4,123.0,False,0.19615044605324597,14.352689332325767,6.606418860478272
MLPaddP,TLE4,123.0,False,0.33034246714098175,5.221146689207183,3.9078707855058123
MLPpostNP,TLE4,123.0,False,0.1962462180103409,16.705323088840824,7.5723959793376086
MLPaddNP,TLE4,123.0,False,0.36723123486964165,5.898352128820129,4.5305565427717776
GNN,TLH2,123.0,False,0.42670788581174196,6.99461413441837,5.3070864626823075
GNNonehot,TLH2,123.0,False,0.40341725125598576,6.543432952173937,5.141976606098535
GNNfusion,TLH2,123.0,False,0.36047332500020507,9.538028412062278,7.594554403729724
GNNpriorN,TLH2,123.0,False,0.37127087338428305,7.760004263854836,6.0401710204703445
GNNpriorP,TLH2,123.0,False,0.3651200383202887,7.574852442439645,5.886777034063892
GNNpriorNP,TLH2,123.0,False,0.3640523556706168,7.481617004901319,5.834046290767506
MLP,TLH2,123.0,False,0.41302846941585253,7.624828626826249,5.7430286709086555
MLPfusion,TLH2,123.0,False,0.28172354157560914,10.106657777894561,7.471744313620592
MLPpriorN,TLH2,123.0,False,0.4783620142775077,7.1976666616435905,5.490196865370475
MLPpriorP,TLH2,123.0,False,0.4637651594614113,7.312459206315395,5.568713267010148
MLPpriorNP,TLH2,123.0,False,0.4002686115984512,7.735652054162883,5.831990318281332
GNNpostN,TLH2,123.0,False,0.47045166688683654,8.372099663624041,6.097584460489201
GNNaddN,TLH2,123.0,False,0.4448230557583711,8.4686845365761,6.611578036482186
GNNpostP,TLH2,123.0,False,0.31168362512272274,9.024223063472098,6.180174977864638
GNNaddP,TLH2,123.0,False,0.3993046874181446,5.782247847722867,4.348360271778963
GNNpostNP,TLH2,123.0,False,0.32721023683464195,11.391415313717527,7.347029600654877
GNNaddNP,TLH2,123.0,False,0.3968355626710735,7.093127270112069,5.35923991392869
MLPpostN,TLH2,123.0,False,0.48318065402869576,9.236783240026105,6.311855579520251
MLPaddN,TLH2,123.0,False,0.4451417493111585,8.464599091347399,6.6368123302572535
MLPpostP,TLH2,123.0,False,0.3714983073581058,8.83782426848598,6.0885961456030016
MLPaddP,TLH2,123.0,False,0.36636063313882067,5.628632319343671,4.181223277616517
MLPpostNP,TLH2,123.0,False,0.40575325100928267,10.952326627970631,7.278912397793059
MLPaddNP,TLH2,123.0,False,0.3827888866992346,6.924129086023445,5.041017987618875
GNN,TLJ1,123.0,False,0.32467833670564356,10.758050960237883,7.258511812285871
GNNonehot,TLJ1,123.0,False,0.08276380392565175,10.963541653032902,8.020015566088995
GNNfusion,TLJ1,123.0,False,0.4566836426355802,12.459161832219474,8.530249314656762
GNNpriorN,TLJ1,123.0,False,0.3521023215218376,11.040898653720758,7.542092578758391
GNNpriorP,TLJ1,123.0,False,0.33532804587067694,10.616305875157632,7.454925329525933
GNNpriorNP,TLJ1,123.0,False,0.3008082654870628,10.584343169235632,7.627390866255972
MLP,TLJ1,123.0,False,0.14676543526082622,11.429448468662086,8.02729353166899
MLPfusion,TLJ1,123.0,False,0.35470556013678295,13.47579306964806,9.099384005088487
MLPpriorN,TLJ1,123.0,False,0.2381607807921402,11.8043818869382,7.317047367340799
MLPpriorP,TLJ1,123.0,False,0.20543221834688286,12.468135664333696,7.453327623468126
MLPpriorNP,TLJ1,123.0,False,0.2425709957809866,12.7320564186742,7.767919790818043
GNNpostN,TLJ1,123.0,False,0.4152437875434746,12.736457468707622,7.561332110726944
GNNaddN,TLJ1,123.0,False,0.5466646528495502,9.996495315621406,6.6068137187357605
GNNpostP,TLJ1,123.0,False,0.4904927874987923,10.558929499240211,7.050408907989843
GNNaddP,TLJ1,123.0,False,0.5070484127239201,7.3356725766365365,5.407328951251973
GNNpostNP,TLJ1,123.0,False,0.508368848617404,13.219156535366553,8.500688850191791
GNNaddNP,TLJ1,123.0,False,0.6234207589290999,7.4497436866209235,5.145436059972423
MLPpostN,TLJ1,123.0,False,0.359756539153907,10.993395426918978,7.703745066783898
MLPaddN,TLJ1,123.0,False,0.5237551875414861,9.60006422607121,6.325386926041205
MLPpostP,TLJ1,123.0,False,0.43161017272992264,10.589753627054597,7.697248337738181
MLPaddP,TLJ1,123.0,False,0.4606022154910421,7.29885554039485,5.554359729393365
MLPpostNP,TLJ1,123.0,False,0.5081599457922917,12.28206404323685,8.426874614225058
MLPaddNP,TLJ1,123.0,False,0.6435424721881613,6.5422721779644615,4.677666488722877
GNN,TLC1,123.0,False,0.21202722317557135,11.273637048928329,8.560380070033975
GNNonehot,TLC1,123.0,False,0.10626265352822875,12.766685555511808,8.434976320191277
GNNfusion,TLC1,123.0,False,0.04470181730655912,11.645986034001682,8.898647244064637
GNNpriorN,TLC1,123.0,False,0.14827446816579276,12.09330921227553,8.438294792609048
GNNpriorP,TLC1,123.0,False,0.1267097532077298,13.390402166007316,9.085657758749814
GNNpriorNP,TLC1,123.0,False,0.14435342643419316,12.677648727977253,8.741966358439335
MLP,TLC1,123.0,False,0.12432622746823097,12.004463021557195,8.629888360300264
MLPfusion,TLC1,123.0,False,0.07128409674275214,12.825178509581432,9.469386724133171
MLPpriorN,TLC1,123.0,False,0.1631238170131702,10.397174112068047,7.681652672406834
MLPpriorP,TLC1,123.0,False,0.1494138886925594,10.751163568231721,7.793083856259929
MLPpriorNP,TLC1,123.0,False,0.11047176219211985,12.343136732851729,7.976345001708936
GNNpostN,TLC1,123.0,False,0.2226275949050348,11.446500719527732,8.953024578456965
GNNaddN,TLC1,123.0,False,0.17793936049522285,10.82726897805148,8.114943287684959
GNNpostP,TLC1,123.0,False,0.19015251422963134,12.213878135804066,9.268920478189093
GNNaddP,TLC1,123.0,False,0.23891197958090496,7.5616610903837485,5.525830409188464
GNNpostNP,TLC1,123.0,False,0.1612746408097841,14.1060488108411,10.451117399032716
GNNaddNP,TLC1,123.0,False,0.14678101150211714,9.02621525187667,6.697834932825421
MLPpostN,TLC1,123.0,False,0.10230712481772015,13.257425736195627,8.881338358603974
MLPaddN,TLC1,123.0,False,0.13828468321813034,10.977622746870763,7.812988140147013
MLPpostP,TLC1,123.0,False,0.0568743601087187,12.31876446684707,8.446578622693776
MLPaddP,TLC1,123.0,False,0.2405937362778849,7.105943218725574,5.07442858338687
MLPpostNP,TLC1,123.0,False,0.02727729807594978,14.34548742397841,10.046144834873678
MLPaddNP,TLC1,123.0,False,0.10519085367507702,8.883982368116156,6.184862723514291
GNN,TLD4,123.0,False,0.21266449393118733,6.600800685200522,5.053303420812957
GNNonehot,TLD4,123.0,False,0.07792662544268156,6.9957644953507,5.0673395574354645
GNNfusion,TLD4,123.0,False,0.42135565765943567,6.665210790435887,5.095451424769629
GNNpriorN,TLD4,123.0,False,0.2925392448303484,6.0740164029056585,4.698536110888312
GNNpriorP,TLD4,123.0,False,0.32173134400655357,5.902658179885973,4.575132371745931
GNNpriorNP,TLD4,123.0,False,0.2564313672528802,6.187126378808622,4.6731902849859495
MLP,TLD4,123.0,False,0.3464344825080502,5.702756619935672,4.390487179194079
MLPfusion,TLD4,123.0,False,0.2870064533399026,8.353103825603664,5.906570069018339
MLPpriorN,TLD4,123.0,False,0.4260297071403714,5.007581288220734,3.7969458894154458
MLPpriorP,TLD4,123.0,False,0.41647472457852186,5.080232433407308,3.865668318225685
MLPpriorNP,TLD4,123.0,False,0.3689706499554239,5.5548524920727775,4.080020373058176
GNNpostN,TLD4,123.0,False,0.32200387181013207,6.643401670088494,5.062493287965534
GNNaddN,TLD4,123.0,False,0.5307847013936255,5.206058255182112,4.021920546876649
GNNpostP,TLD4,123.0,False,0.30635811660009454,7.080606457732992,5.2543232584213655
GNNaddP,TLD4,123.0,False,0.3131420115830273,4.534480888774786,3.5257568217260276
GNNpostNP,TLD4,123.0,False,0.31745968392703405,8.185926188364384,6.031442299124504
GNNaddNP,TLD4,123.0,False,0.45119470671357725,4.503155760334518,3.520165424375582
MLPpostN,TLD4,123.0,False,0.4219866216882544,5.703928584458384,4.40723893487255
MLPaddN,TLD4,123.0,False,0.5914259818323707,4.659086106723822,3.536448331141079
MLPpostP,TLD4,123.0,False,0.3316644440924837,6.264671763700569,4.832525810482511
MLPaddP,TLD4,123.0,False,0.4115418739914214,3.8236447389165797,2.9778113346851813
MLPpostNP,TLD4,123.0,False,0.33911776493258766,7.0893619675316355,5.434509910044659
MLPaddNP,TLD4,123.0,False,0.5586560934022364,3.6647049641252343,2.906738324236831
GNN,TLH3,123.0,False,0.30438042510632496,7.680674638865176,5.3853093308283375
GNNonehot,TLH3,123.0,False,0.3476847940306846,7.420292683481376,4.97388585896452
GNNfusion,TLH3,123.0,False,0.2692496296898522,10.279700878572791,7.22454041232683
GNNpriorN,TLH3,123.0,False,0.35117670408973484,7.760115814551712,5.4889036780442675
GNNpriorP,TLH3,123.0,False,0.35184609056948046,7.58211876276808,5.453641147564287
GNNpriorNP,TLH3,123.0,False,0.34853740894049984,7.583288888862492,5.388104227184064
MLP,TLH3,123.0,False,0.42723986122417085,7.567086349919197,5.367739357405863
MLPfusion,TLH3,123.0,False,0.24196887447823098,12.078977285646573,7.699065680324679
MLPpriorN,TLH3,123.0,False,0.37649716548634793,9.759443012679187,6.319499966777695
MLPpriorP,TLH3,123.0,False,0.3717904837742039,9.982299275037882,6.4679771888187725
MLPpriorNP,TLH3,123.0,False,0.4020666381175161,8.823051778830639,5.769429753888587
GNNpostN,TLH3,123.0,False,0.33328891079079326,8.509351675326606,5.843725010691499
GNNaddN,TLH3,123.0,False,0.37158591929666046,8.553510375908916,6.287260624204043
GNNpostP,TLH3,123.0,False,0.3036020219806594,8.656427367966282,5.939705826190514
GNNaddP,TLH3,123.0,False,0.27683389409895676,7.05899626306586,4.898955010630154
GNNpostNP,TLH3,123.0,False,0.3002542106807692,10.534895697810635,7.042368582167077
GNNaddNP,TLH3,123.0,False,0.32790089354013574,7.717500906984148,5.620154621575084
MLPpostN,TLH3,123.0,False,0.46416503276653426,8.38821732432128,6.172226953360791
MLPaddN,TLH3,123.0,False,0.41271684943537973,8.488134161911576,6.276492130145692
MLPpostP,TLH3,123.0,False,0.3983759965716676,9.118226666797172,6.362939067937313
MLPaddP,TLH3,123.0,False,0.36381170727605633,6.556016844031968,4.56346544245651
MLPpostNP,TLH3,123.0,False,0.40089989652042574,10.594656643209454,7.366866560358763
MLPaddNP,TLH3,123.0,False,0.38384091120142105,7.4096717291705305,5.518988771324162
GNN,TLH1,123.0,False,0.4788062521535165,6.73816873335998,4.636792372370842
GNNonehot,TLH1,123.0,False,0.49781877758187126,6.017018405827873,4.514059612704266
GNNfusion,TLH1,123.0,False,0.41502039778727245,9.656275455239426,6.557003547582641
GNNpriorN,TLH1,123.0,False,0.5035515441334797,6.791033369798317,5.026737167331878
GNNpriorP,TLH1,123.0,False,0.48831617234594793,6.913815107573463,5.098415578094275
GNNpriorNP,TLH1,123.0,False,0.477619007242871,6.88326700358389,5.145044170154008
MLP,TLH1,123.0,False,0.502646506606607,7.338130600311306,4.990577554127918
MLPfusion,TLH1,123.0,False,0.4363818656151929,9.301908739936346,6.606537715492086
MLPpriorN,TLH1,123.0,False,0.4466127263419676,15.953005622533096,5.191768815658895
MLPpriorP,TLH1,123.0,False,0.46018378446266445,14.81132705178206,5.246522387999632
MLPpriorNP,TLH1,123.0,False,0.4179131534886117,21.05541431104317,5.979507264070749
GNNpostN,TLH1,123.0,False,0.48185177193647794,8.331982934835159,5.3625124582229455
GNNaddN,TLH1,123.0,False,0.5672645836619846,7.391215374660044,5.1309196773456645
GNNpostP,TLH1,123.0,False,0.33705049406256316,8.997370154081565,5.720793226438464
GNNaddP,TLH1,123.0,False,0.5357651165316989,5.4063659002730065,3.943533657290412
GNNpostNP,TLH1,123.0,False,0.3118624149898703,12.197272211933637,7.394389821103152
GNNaddNP,TLH1,123.0,False,0.5022744056243696,6.734262301311552,4.595545912987358
MLPpostN,TLH1,123.0,False,0.5159346999159082,8.960840231170307,5.646405484641217
MLPaddN,TLH1,123.0,False,0.5860685444146996,7.0188503851183475,4.585549544744401
MLPpostP,TLH1,123.0,False,0.32959684731889527,10.941268456594743,6.337725699415779
MLPaddP,TLH1,123.0,False,0.5800783329552969,5.045274649506928,3.535190213784198
MLPpostNP,TLH1,123.0,False,0.3154659970657345,14.041060083058849,7.763276058510151
MLPaddNP,TLH1,123.0,False,0.5236824116923189,6.395915720176417,4.157783127280068
GNN,TLE3,123.0,False,-0.025075092289032694,9.597765611890548,6.467543119510238
GNNonehot,TLE3,123.0,False,0.0017869306561281023,7.639839843968247,5.761793932546811
GNNfusion,TLE3,123.0,False,0.10730542002712007,10.592394714948787,7.181322345735894
GNNpriorN,TLE3,123.0,False,0.04253420045500059,7.764911120369367,5.918844165783333
GNNpriorP,TLE3,123.0,False,0.08238397266100608,7.5014753917450605,5.751391716462511
GNNpriorNP,TLE3,123.0,False,0.0823422463632391,7.474928034534581,5.699124962660395
MLP,TLE3,123.0,False,0.11913881878117116,8.580180682146347,6.458938932405105
MLPfusion,TLE3,123.0,False,0.1044103193190157,11.616843995617225,8.214031567899045
MLPpriorN,TLE3,123.0,False,0.1228735430089339,6.956589711816085,5.31686128963712
MLPpriorP,TLE3,123.0,False,0.11858224176437854,7.0679808770604895,5.33830736439868
MLPpriorNP,TLE3,123.0,False,0.09987953046863997,7.160944765417543,5.422442989383614
GNNpostN,TLE3,123.0,False,0.06432585217723877,8.133783040447481,6.065387122572399
GNNaddN,TLE3,123.0,False,0.22097784222946382,6.910959814388305,5.122695214745886
GNNpostP,TLE3,123.0,False,0.14500115189694993,6.877949671612737,5.519165852437621
GNNaddP,TLE3,123.0,False,0.1901221931173939,5.12377633229325,4.0125141608831845
GNNpostNP,TLE3,123.0,False,0.16332014569548742,8.168303196493286,6.271493368749491
GNNaddNP,TLE3,123.0,False,0.2263424155679157,5.526250813446668,4.272340604126582
MLPpostN,TLE3,123.0,False,0.16334535092153837,8.895335672621977,6.47269049886549
MLPaddN,TLE3,123.0,False,0.2532184970095466,7.061878966966241,5.103941111515624
MLPpostP,TLE3,123.0,False,0.1755599884477873,8.743154994379125,6.587869874633937
MLPaddP,TLE3,123.0,False,0.1854533650526033,5.070282220764694,4.079702974737293
MLPpostNP,TLE3,123.0,False,0.19795677710740506,9.589094867215886,7.05415336382961
MLPaddNP,TLE3,123.0,False,0.24673347766898127,5.626340447965027,4.247873597874742
GNN,TLD3,123.0,False,0.10939915274810624,7.124832062983946,5.194115472434757
GNNonehot,TLD3,123.0,False,0.09885417372207378,6.622594458681822,4.978941557168522
GNNfusion,TLD3,123.0,False,0.003582469259177832,10.682673946939206,7.814448868530436
GNNpriorN,TLD3,123.0,False,0.1042733741114246,7.046008740177792,5.331170911721499
GNNpriorP,TLD3,123.0,False,0.1277194289122732,7.108536025763011,5.362194304645645
GNNpriorNP,TLD3,123.0,False,0.14638317574297066,7.208631914202163,5.462179261645922
MLP,TLD3,123.0,False,0.204119602432094,7.148977058590697,5.5781766835652835
MLPfusion,TLD3,123.0,False,0.03772505062202454,15.255395512240586,8.97299044915018
MLPpriorN,TLD3,123.0,False,0.17108531525056048,6.669104058576181,4.996571260864364
MLPpriorP,TLD3,123.0,False,0.16603069663681266,6.813625632159934,5.028846375008545
MLPpriorNP,TLD3,123.0,False,0.15650741225873646,7.202857186312465,5.460560914485325
GNNpostN,TLD3,123.0,False,0.13008969209733742,6.856938278268259,5.13704387840994
GNNaddN,TLD3,123.0,False,0.09539591819570767,7.75228741943833,5.868956874628297
GNNpostP,TLD3,123.0,False,0.15925629842491743,6.389160145695432,4.908763854484246
GNNaddP,TLD3,123.0,False,0.15374751563608144,5.4594735657635605,4.234878140244252
GNNpostNP,TLD3,123.0,False,0.1556089692341218,6.870808605157856,5.229722494151082
GNNaddNP,TLD3,123.0,False,0.15210996247764888,5.948423783376032,4.60041621234838
MLPpostN,TLD3,123.0,False,0.20693087003962443,7.198912680850421,5.639460029363879
MLPaddN,TLD3,123.0,False,0.10240286536120621,7.808615113338597,5.914305237670117
MLPpostP,TLD3,123.0,False,0.19181689937268917,7.474811145380699,5.752387004707221
MLPaddP,TLD3,123.0,False,0.17116058843481638,5.352884284556981,4.2010581194150545
MLPpostNP,TLD3,123.0,False,0.18690727235876728,7.826027226510564,6.025757324146842
MLPaddNP,TLD3,123.0,False,0.1759538594836472,5.841201514448601,4.610265645196011
GNN,TLH3,456.0,False,0.34138027017327927,7.639402861701216,5.389298643461692
GNNonehot,TLH3,456.0,False,0.37105346436505643,7.554483799149688,5.040276724596214
GNNfusion,TLH3,456.0,False,0.30728685869578826,9.485214758964629,6.681582440978706
GNNpriorN,TLH3,456.0,False,0.3420083003231702,8.095899292337887,5.879030603517398
GNNpriorP,TLH3,456.0,False,0.35598266619283503,8.008634293196927,5.755262703392533
GNNpriorNP,TLH3,456.0,False,0.3951762972966206,7.654325347869024,5.571293923537292
MLP,TLH3,456.0,False,0.019151756310632744,13.472366995200867,7.605746599045766
MLPfusion,TLH3,456.0,False,0.14376389097179826,10.521329850181193,7.314202489606281
MLPpriorN,TLH3,456.0,False,0.12258801357828432,10.753265858792778,6.594883288983024
MLPpriorP,TLH3,456.0,False,0.0990585710687039,11.394617379848603,6.815435866488793
MLPpriorNP,TLH3,456.0,False,0.1510214953966739,9.848774138957168,6.3826900726796385
GNNpostN,TLH3,456.0,False,0.3796294535401639,8.535806069143188,5.888947005675462
GNNaddN,TLH3,456.0,False,0.3858135844128099,8.552062669496973,6.2427539184559855
GNNpostP,TLH3,456.0,False,0.32419819635526026,8.668319352808053,5.954106413812493
GNNaddP,TLH3,456.0,False,0.3159503475885429,6.908033245401545,4.7590883975031915
GNNpostNP,TLH3,456.0,False,0.33695464628328886,10.34069197932117,7.080872216381239
GNNaddNP,TLH3,456.0,False,0.35194194671571716,7.6221859297557675,5.48122815595767
MLPpostN,TLH3,456.0,False,0.1550862148952001,12.183130079844197,7.219331396390257
MLPaddN,TLH3,456.0,False,0.35763823348281204,8.976349707037997,6.53043022124775
MLPpostP,TLH3,456.0,False,0.11498148189294695,12.267372200883555,7.6501050167097695
MLPaddP,TLH3,456.0,False,0.16825816674824537,7.1707672326217065,4.926560890383703
MLPpostNP,TLH3,456.0,False,0.22800760969910663,12.00152087283979,8.03292567158419
MLPaddNP,TLH3,456.0,False,0.29221623264121716,7.8707469142025195,5.73706180089886
GNN,TLC1,456.0,False,0.18191652816650172,11.13877326791984,8.273199988305857
GNNonehot,TLC1,456.0,False,0.1330126579806336,11.523395877583335,7.594199266462466
GNNfusion,TLC1,456.0,False,0.1337525741449946,11.841265415744017,9.577733698072175
GNNpriorN,TLC1,456.0,False,0.1569507618401475,11.146514737785836,8.01127909147653
GNNpriorP,TLC1,456.0,False,0.11742841524675235,12.415362289496588,8.728915934133086
GNNpriorNP,TLC1,456.0,False,0.15593822275426336,11.517217670981193,7.7551716061499
MLP,TLC1,456.0,False,0.19336290454550362,12.628776020403825,8.359927509581677
MLPfusion,TLC1,456.0,False,0.13734320967363395,10.555618451018336,7.520792287559666
MLPpriorN,TLC1,456.0,False,0.1742856357639821,12.460143544520765,8.474215855031936
MLPpriorP,TLC1,456.0,False,0.17780614483464696,12.773301042263261,8.57744149538217
MLPpriorNP,TLC1,456.0,False,0.19096289708315373,11.837846358512536,8.577129159857682
GNNpostN,TLC1,456.0,False,0.22250400469549902,10.281688702123216,8.073942807117433
GNNaddN,TLC1,456.0,False,0.18907779701315894,10.2408599591746,7.523758277972408
GNNpostP,TLC1,456.0,False,0.17113089992130542,10.787394844622591,8.247933739715018
GNNaddP,TLC1,456.0,False,0.28415054345771174,7.050980925483351,5.16081091454
GNNpostNP,TLC1,456.0,False,0.14255641275039613,12.302734747055892,9.598034777891257
GNNaddNP,TLC1,456.0,False,0.17851537213794533,8.399139235940755,6.066393391774953
MLPpostN,TLC1,456.0,False,0.22341951829818177,10.985356357929733,8.253716152059466
MLPaddN,TLC1,456.0,False,0.1759750141354773,10.13025263078693,7.657161487969813
MLPpostP,TLC1,456.0,False,0.15052075335895984,10.568753029367713,7.969076023657192
MLPaddP,TLC1,456.0,False,0.29626291940049976,6.68995014007875,4.899080243474334
MLPpostNP,TLC1,456.0,False,0.11730402947318899,12.02340657681141,9.02168565834111
MLPaddNP,TLC1,456.0,False,0.135051555532368,8.371365959590635,6.2505629856307685
GNN,TLC2,456.0,False,0.2728930403049323,9.698824185554377,7.7628292977946645
GNNonehot,TLC2,456.0,False,0.1476888397424684,12.151237670610154,8.1859426103721
GNNfusion,TLC2,456.0,False,0.2209790693546829,10.034384573332126,7.654686420407868
GNNpriorN,TLC2,456.0,False,0.20463065326042695,10.81273523699376,8.01999109334391
GNNpriorP,TLC2,456.0,False,0.23255043096087694,10.476272258145984,7.955171849057964
GNNpriorNP,TLC2,456.0,False,0.2042561245881371,11.458711449715857,8.184932070538066
MLP,TLC2,456.0,False,0.23148026135896574,10.314720562800971,7.970098844338837
MLPfusion,TLC2,456.0,False,0.1951048954970651,10.015337002836569,8.059891339313639
MLPpriorN,TLC2,456.0,False,0.23769196987827954,10.415437233688555,7.675655209770044
MLPpriorP,TLC2,456.0,False,0.22731520540827713,10.387083491603324,7.728285752633486
MLPpriorNP,TLC2,456.0,False,0.2510470171015211,9.333595298843456,7.25396624497513
GNNpostN,TLC2,456.0,False,0.2891688303218414,8.96709158302299,7.184110735779927
GNNaddN,TLC2,456.0,False,0.3427159819618067,8.002832572357429,6.29529357503729
GNNpostP,TLC2,456.0,False,0.25989255640229386,9.291476627267595,7.449583984703157
GNNaddP,TLC2,456.0,False,0.3413495569468047,6.708002288960999,5.531297975747991
GNNpostNP,TLC2,456.0,False,0.23959767565046958,10.313256489915789,8.049141866611654
GNNaddNP,TLC2,456.0,False,0.3451759015398255,6.873923689785273,5.700483281041363
MLPpostN,TLC2,456.0,False,0.22138222428050425,10.136412327333835,7.999576296315036
MLPaddN,TLC2,456.0,False,0.3208916239830514,8.19638779028327,6.490127996623418
MLPpostP,TLC2,456.0,False,0.1508633631701538,15.188304162454045,9.676249568717777
MLPaddP,TLC2,456.0,False,0.30856473644326227,6.846241436466372,5.686398096225019
MLPpostNP,TLC2,456.0,False,0.14846427520467176,15.225589565973067,10.133313408415583
MLPaddNP,TLC2,456.0,False,0.30594046660285384,7.128991083635617,5.970970339508071
GNN,TLD6,456.0,False,0.5101748228532311,5.767410641683572,4.28480876024097
GNNonehot,TLD6,456.0,False,0.4235277678499845,6.000593055869051,4.6286310985361325
GNNfusion,TLD6,456.0,False,0.42815429431335456,11.550345424216742,7.695876996212673
GNNpriorN,TLD6,456.0,False,0.5275212777377768,5.7252137299112515,4.194053741001465
GNNpriorP,TLD6,456.0,False,0.5015147638625074,6.104057051143291,4.378651697847409
GNNpriorNP,TLD6,456.0,False,0.4781042724383044,6.342139295359821,4.521528736646023
MLP,TLD6,456.0,False,0.49813002012169677,6.235748449055795,4.448220733135028
MLPfusion,TLD6,456.0,False,0.33373548142067094,7.31940830015119,5.594770922374963
MLPpriorN,TLD6,456.0,False,0.5451171310385304,5.576475751779858,3.988065266440811
MLPpriorP,TLD6,456.0,False,0.5394869417425868,5.634926827043403,4.048421915944241
MLPpriorNP,TLD6,456.0,False,0.5702579577359437,5.37536186443678,3.767397487849701
GNNpostN,TLD6,456.0,False,0.5615477079136971,6.168826566293999,4.35267895941265
GNNaddN,TLD6,456.0,False,0.5672613796919957,5.84732169152213,4.172495844104164
GNNpostP,TLD6,456.0,False,0.4503569171504224,6.934831018336322,5.059347073047774
GNNaddP,TLD6,456.0,False,0.4346073468807005,5.479272087323204,4.263351779785563
GNNpostNP,TLD6,456.0,False,0.44955082332792967,8.33328660426692,5.735767984051985
GNNaddNP,TLD6,456.0,False,0.5234346737700931,5.34497656525953,3.902724484156266
MLPpostN,TLD6,456.0,False,0.537979378602166,6.480354484961286,4.599015969346642
MLPaddN,TLD6,456.0,False,0.550661082675067,6.095277865794569,4.384744743424571
MLPpostP,TLD6,456.0,False,0.4405306029941526,7.007757321473348,4.9371903896910405
MLPaddP,TLD6,456.0,False,0.40228538114830553,5.578745216190453,4.372112771911369
MLPpostNP,TLD6,456.0,False,0.4475807012680361,7.709434672505589,5.500648969585925
MLPaddNP,TLD6,456.0,False,0.5032269287051683,5.460231452526634,3.9776346752114327
GNN,London,456.0,False,0.4730377145719999,18.11064628110216,11.818697619532198
GNNonehot,London,456.0,False,0.491903823104407,16.809403211543835,11.43554627390569
GNNfusion,London,456.0,False,0.3776261823544407,24.06487775591791,16.497353871418895
GNNpriorN,London,456.0,False,0.4514510352256289,18.61901903780456,12.736329758102025
GNNpriorP,London,456.0,False,0.48066948542112087,17.77101635103685,12.180660911800937
GNNpriorNP,London,456.0,False,0.3716816637366789,20.421383251207224,13.74816642981361
MLP,London,456.0,False,0.42547666797272826,22.23282042693411,13.998732355707046
MLPfusion,London,456.0,False,0.4135470414070147,20.948186882325253,15.566107981282512
MLPpriorN,London,456.0,False,0.44875282228456215,20.570780625015818,13.06279557292349
MLPpriorP,London,456.0,False,0.46416311936422533,19.93507569236974,12.79285120542195
MLPpriorNP,London,456.0,False,0.47327928804246305,18.911918737750124,11.978558767117999
GNNpostN,London,456.0,False,0.5068497625262005,17.5248270680458,11.678116111063297
GNNaddN,London,456.0,False,0.5666966367581331,17.774353989301027,13.014071548224011
GNNpostP,London,456.0,False,0.5426850275908888,16.47415741243716,11.23570307875425
GNNaddP,London,456.0,False,0.6143342983124473,14.561488246559481,10.109572575279016
GNNpostNP,London,456.0,False,0.5530428768690252,16.52820230751753,11.36191469828478
GNNaddNP,London,456.0,False,0.6123069375087616,14.895354996325047,10.599613059885394
MLPpostN,London,456.0,False,0.45040612078218467,21.492011042438822,13.676225466716806
MLPaddN,London,456.0,False,0.5676483312435355,18.324602636830605,13.107805321942669
MLPpostP,London,456.0,False,0.47902672021266135,20.288736684043965,13.227998599759117
MLPaddP,London,456.0,False,0.5996560805049427,14.897951133025758,10.321338503344728
MLPpostNP,London,456.0,False,0.49678670292682603,19.90700134882815,13.176250839639337
MLPaddNP,London,456.0,False,0.610359255958162,15.036757904010564,10.679452353773424
GNN,TLH2,456.0,False,0.4744829126383596,6.573955238520268,5.056246872074099
GNNonehot,TLH2,456.0,False,0.39367497299553444,6.6488659264469145,5.225074997532479
GNNfusion,TLH2,456.0,False,0.4290132654803854,9.871801197339648,8.07274170919024
GNNpriorN,TLH2,456.0,False,0.40995759882304417,7.1082765143340705,5.512354068088284
GNNpriorP,TLH2,456.0,False,0.4167626831569186,7.213556928729577,5.6937097041469285
GNNpriorNP,TLH2,456.0,False,0.4160579940980779,7.476795560146595,5.804617905666357
MLP,TLH2,456.0,False,0.19851014597117703,15.629860466548546,7.506649660339306
MLPfusion,TLH2,456.0,False,0.34576602240350574,12.249299404115913,8.254849306428357
MLPpriorN,TLH2,456.0,False,0.3047505553709407,11.027166587211376,6.384983890541885
MLPpriorP,TLH2,456.0,False,0.24748164805874504,13.604216768644982,6.516931341956071
MLPpriorNP,TLH2,456.0,False,0.09362215763647597,37.57605036766242,10.197682411529012
GNNpostN,TLH2,456.0,False,0.5127289605704124,7.865428596807955,5.724855471517692
GNNaddN,TLH2,456.0,False,0.4657827947964344,8.125486717493622,6.352472548887031
GNNpostP,TLH2,456.0,False,0.36449033594185604,8.549315396564197,5.903991686904854
GNNaddP,TLH2,456.0,False,0.45623286419676945,5.4652382195492555,4.220218959143136
GNNpostNP,TLH2,456.0,False,0.3669822008226389,11.00907336794066,6.906090790696822
GNNaddNP,TLH2,456.0,False,0.43367421410964546,6.732113579494238,5.16239887561362
MLPpostN,TLH2,456.0,False,0.3016086583316175,14.023942733651522,7.73514278766272
MLPaddN,TLH2,456.0,False,0.43865340292819316,8.469978600082545,6.77902721197945
MLPpostP,TLH2,456.0,False,0.09877596899299962,33.53158240261586,10.166554188410458
MLPaddP,TLH2,456.0,False,0.261355836633248,5.95764657954176,4.5346238104797445
MLPpostNP,TLH2,456.0,False,0.13883108137074507,29.539340387208053,10.075677705003676
MLPaddNP,TLH2,456.0,False,0.35369054492779783,7.002978722494947,5.280692840097893
GNN,TLJ1,456.0,False,0.1640425502876533,10.844226102151898,7.56703169236863
GNNonehot,TLJ1,456.0,False,0.0605980620592821,11.486077765111961,8.362608643972415
GNNfusion,TLJ1,456.0,False,0.3180457350026424,13.978693855052747,9.334542160432202
GNNpriorN,TLJ1,456.0,False,0.26148242278228356,10.044469192899918,7.241213840834418
GNNpriorP,TLJ1,456.0,False,0.25995299918369613,9.929235323835348,7.117747761023663
GNNpriorNP,TLJ1,456.0,False,0.37182809011813245,9.56261721980203,6.87485559407158
MLP,TLJ1,456.0,False,0.19065961838513415,17.741524329245618,8.387195834445018
MLPfusion,TLJ1,456.0,False,0.36876174128239825,13.516578247780012,9.110386326098947
MLPpriorN,TLJ1,456.0,False,0.3450821138334116,10.225909845498263,6.877646497063785
MLPpriorP,TLJ1,456.0,False,0.36641592054767314,9.952027560783693,6.668409127171915
MLPpriorNP,TLJ1,456.0,False,0.3236553339484625,11.833102788148377,7.5047141152081105
GNNpostN,TLJ1,456.0,False,0.3861808564600828,10.42992553964612,6.722556666751619
GNNaddN,TLJ1,456.0,False,0.537453139351193,9.548252304491902,6.346214703476738
GNNpostP,TLJ1,456.0,False,0.5100098994357956,8.667468848706507,6.223214866166117
GNNaddP,TLJ1,456.0,False,0.5099271801596496,7.147557856353884,5.371508547024721
GNNpostNP,TLJ1,456.0,False,0.5523822240178115,10.673475984812113,7.326860892203482
GNNaddNP,TLJ1,456.0,False,0.6274165658640715,6.954134014889492,4.888407212521249
MLPpostN,TLJ1,456.0,False,0.3615826330638029,13.873623281705159,7.77932724504067
MLPaddN,TLJ1,456.0,False,0.5525771990239275,9.670026515242263,6.626846611381389
MLPpostP,TLJ1,456.0,False,0.3998043349695468,13.980750081603004,7.72446718008853
MLPaddP,TLJ1,456.0,False,0.4590908491193528,7.462750292627212,5.630797113015278
MLPpostNP,TLJ1,456.0,False,0.5504308284106737,12.082982182956043,8.479823423047197
MLPaddNP,TLJ1,456.0,False,0.6483014280889903,6.885662441886695,4.823053238022647
GNN,TLH1,456.0,False,0.4990968477221914,6.367472213513119,4.313776703458195
GNNonehot,TLH1,456.0,False,0.4401438721498831,6.338361648329203,4.827582098701974
GNNfusion,TLH1,456.0,False,0.3697498626647171,9.357324815551202,6.3258695341624405
GNNpriorN,TLH1,456.0,False,0.5119290403882711,6.594714759924464,4.916033048179813
GNNpriorP,TLH1,456.0,False,0.4982458262593269,6.823214390075939,5.065658470203496
GNNpriorNP,TLH1,456.0,False,0.5005190680217834,7.023687521466717,5.175794604464371
MLP,TLH1,456.0,False,0.4863537575596362,10.867929848275873,6.009815008915021
MLPfusion,TLH1,456.0,False,0.34079863496907425,12.140768586734684,7.467805580093458
MLPpriorN,TLH1,456.0,False,0.5714435699356312,8.473858670469385,4.675453815658689
MLPpriorP,TLH1,456.0,False,0.574888547895657,8.13118234763234,4.702793156827008
MLPpriorNP,TLH1,456.0,False,0.49673186627815813,9.960501612211589,5.23000005151187
GNNpostN,TLH1,456.0,False,0.4892509875619594,8.364351296892194,5.19905430413356
GNNaddN,TLH1,456.0,False,0.5698814516716219,7.315229594943991,4.947841019825484
GNNpostP,TLH1,456.0,False,0.36227833158775846,8.847721423980746,5.676829447896682
GNNaddP,TLH1,456.0,False,0.554982778482218,5.277903701211449,3.7724069533662936
GNNpostNP,TLH1,456.0,False,0.33440793282767256,12.256601876858738,7.3668594355170205
GNNaddNP,TLH1,456.0,False,0.516887709652211,6.566882620766426,4.385830356929754
MLPpostN,TLH1,456.0,False,0.5213565401672208,11.16839133038505,6.685503673935809
MLPaddN,TLH1,456.0,False,0.6016262783266437,7.2893857765152354,5.007572515098503
MLPpostP,TLH1,456.0,False,0.42572957721738935,11.390243167987052,7.203988337205507
MLPaddP,TLH1,456.0,False,0.6089819350851483,4.855788072182949,3.6305715283867777
MLPpostNP,TLH1,456.0,False,0.3778423833656699,14.143760318585795,8.583320982272253
MLPaddNP,TLH1,456.0,False,0.5418082737414823,6.411858035398435,4.428868738530994
GNN,TLF1,456.0,False,0.27488304745202247,9.213308277676482,6.8263325476740615
GNNonehot,TLF1,456.0,False,0.2019150759925828,9.359009513610932,7.266261119482663
GNNfusion,TLF1,456.0,False,0.3704778405374546,13.325015623253938,9.496244751395066
GNNpriorN,TLF1,456.0,False,0.3702187102167712,8.922869527766295,6.5906825341727915
GNNpriorP,TLF1,456.0,False,0.35077744935339855,8.716899880789468,6.3966047459672355
GNNpriorNP,TLF1,456.0,False,0.33288909211681467,9.169146260309402,6.6337976569963875
MLP,TLF1,456.0,False,0.3259785426329357,9.653784277882169,6.882440699582426
MLPfusion,TLF1,456.0,False,0.2248453292304144,11.846622362889718,8.810499068367772
MLPpriorN,TLF1,456.0,False,0.4327846072617685,8.117645420561688,5.868811657656833
MLPpriorP,TLF1,456.0,False,0.451240294123142,7.976841817401556,5.824099541898565
MLPpriorNP,TLF1,456.0,False,0.45524815868049784,8.016626983288301,5.7464408258299216
GNNpostN,TLF1,456.0,False,0.3931576536920813,9.263882940808776,6.750900851787984
GNNaddN,TLF1,456.0,False,0.5443826418633615,8.718608256589222,6.1841053674187725
GNNpostP,TLF1,456.0,False,0.3767621811254806,10.146287140365002,6.9883186660336785
GNNaddP,TLF1,456.0,False,0.4410977716560237,7.407669346439634,5.332350253604809
GNNpostNP,TLF1,456.0,False,0.3928184930548628,12.234210497042211,7.931353506592654
GNNaddNP,TLF1,456.0,False,0.5385451795126063,7.41574401405847,5.3464759752798985
MLPpostN,TLF1,456.0,False,0.4083089693695956,9.816057968690801,6.999381768613382
MLPaddN,TLF1,456.0,False,0.5641233470047157,8.572094690440641,5.968256395377047
MLPpostP,TLF1,456.0,False,0.36850855401788335,11.586084803897462,7.8694959577642765
MLPaddP,TLF1,456.0,False,0.4580259402995491,7.2068661032183,5.1382951245115995
MLPpostNP,TLF1,456.0,False,0.38722797278590293,13.522177744317014,8.676451358675958
MLPaddNP,TLF1,456.0,False,0.5670941988998691,7.132091398359722,5.1409827513461215
GNN,TLG2,456.0,False,0.688297647043534,10.166020038103834,6.5319269534048745
GNNonehot,TLG2,456.0,False,0.5543363179205639,11.619920219580557,7.594541042166964
GNNfusion,TLG2,456.0,False,0.6620101959004556,10.644796039339827,7.224396663448199
GNNpriorN,TLG2,456.0,False,0.6864331677945138,10.40885979141468,6.612585859305182
GNNpriorP,TLG2,456.0,False,0.6985954690550392,10.094056854610603,6.372373925162292
GNNpriorNP,TLG2,456.0,False,0.7098327746265587,9.94379123986219,6.3442254882289335
MLP,TLG2,456.0,False,0.6933145372379732,10.660582985749313,6.981221852142034
MLPfusion,TLG2,456.0,False,0.5610289387555842,12.589780783366793,8.486959243940357
MLPpriorN,TLG2,456.0,False,0.742844599299653,9.576010255579417,6.167205944749912
MLPpriorP,TLG2,456.0,False,0.7365745346584219,9.648918659869823,6.144631430788954
MLPpriorNP,TLG2,456.0,False,0.748173610793298,9.558250110837845,6.176471467908434
GNNpostN,TLG2,456.0,False,0.6873768905677403,11.461446000703196,6.837926169795261
GNNaddN,TLG2,456.0,False,0.7993152793234017,9.51011350349726,6.28850668992516
GNNpostP,TLG2,456.0,False,0.548727873881087,13.808890469877234,7.835406979873208
GNNaddP,TLG2,456.0,False,0.6432197919808238,10.312656733691687,7.338293516356192
GNNpostNP,TLG2,456.0,False,0.5074048066179194,17.37542747899566,9.276784719943308
GNNaddNP,TLG2,456.0,False,0.7258663068371021,9.303702134163037,6.242985713147777
MLPpostN,TLG2,456.0,False,0.6995486326959114,12.095098518220679,7.525068452733325
MLPaddN,TLG2,456.0,False,0.8098811984238888,9.4215318966125,6.151043982337607
MLPpostP,TLG2,456.0,False,0.5498463694514928,14.099841528841818,8.874288992555337
MLPaddP,TLG2,456.0,False,0.6296984560980987,10.468275572348457,7.540007526789225
MLPpostNP,TLG2,456.0,False,0.5320187787877618,16.657234239297864,10.159956626410112
MLPaddNP,TLG2,456.0,False,0.7338147832973385,9.165889481220896,6.2332296162253575
GNN,TLE3,456.0,False,-0.001337665263330786,7.974211623952143,5.946570829741701
GNNonehot,TLE3,456.0,False,0.016609530942377736,7.549675536732409,5.678783666235817
GNNfusion,TLE3,456.0,False,0.11908278794703996,9.359085455830277,6.55740805959004
GNNpriorN,TLE3,456.0,False,0.05850744839004675,8.188699398800983,6.086396281149534
GNNpriorP,TLE3,456.0,False,0.061727944026271846,7.71005587588672,5.744066248718926
GNNpriorNP,TLE3,456.0,False,0.022848949880729406,8.244508325032275,6.177291198009477
MLP,TLE3,456.0,False,0.07093175638810209,9.139878082572134,6.717464710437896
MLPfusion,TLE3,456.0,False,0.12389285805713565,10.087452404477837,7.562257103191665
MLPpriorN,TLE3,456.0,False,0.09436279436988039,6.998375678397793,5.37863083190751
MLPpriorP,TLE3,456.0,False,0.03860776671815898,7.564222562250907,5.62596864961483
MLPpriorNP,TLE3,456.0,False,0.034047013547098895,8.054598625353002,6.223241096744422
GNNpostN,TLE3,456.0,False,0.06363759200421618,8.416569188658697,6.217189501518254
GNNaddN,TLE3,456.0,False,0.1973469660398657,7.1920387902592875,5.233306987505905
GNNpostP,TLE3,456.0,False,0.08983600064186677,8.315461321392844,6.060129194008706
GNNaddP,TLE3,456.0,False,0.13951606709210967,5.460232741937649,4.14710331248515
GNNpostNP,TLE3,456.0,False,0.1072125208439966,9.740234595347058,6.941859971524902
GNNaddNP,TLE3,456.0,False,0.1789125276823528,6.073469974147953,4.529391441322665
MLPpostN,TLE3,456.0,False,0.09966039707507907,10.010161496595114,7.168024293477638
MLPaddN,TLE3,456.0,False,0.24310600659627274,7.158810682269571,5.244173510286889
MLPpostP,TLE3,456.0,False,0.029104098016796177,12.577571125949968,7.538193514561425
MLPaddP,TLE3,456.0,False,0.15354270128725123,5.217202844559534,4.181167663214208
MLPpostNP,TLE3,456.0,False,0.04474240309674524,13.707878477309709,8.260987588269282
MLPaddNP,TLE3,456.0,False,0.21824661998222838,5.898549510898896,4.421050528980158
GNN,TLD3,456.0,False,0.08102259560157979,6.942300781960506,5.23334364941445
GNNonehot,TLD3,456.0,False,0.11272589721048328,6.3732740721637695,4.849784835693991
GNNfusion,TLD3,456.0,False,0.0496696974736649,8.597565121076775,6.479344691471345
GNNpriorN,TLD3,456.0,False,0.0990347343148503,7.293708002588392,5.567242420455862
GNNpriorP,TLD3,456.0,False,0.10302011521877731,6.949057154746757,5.344753807205513
GNNpriorNP,TLD3,456.0,False,0.09289913203581587,7.40220827959046,5.540283497295105
MLP,TLD3,456.0,False,0.1761191342417202,7.1785785382891145,5.571178822149252
MLPfusion,TLD3,456.0,False,0.08589926418868933,12.50957731283252,8.440442110586387
MLPpriorN,TLD3,456.0,False,0.17754378354549738,6.457075427265421,4.852949645412309
MLPpriorP,TLD3,456.0,False,0.17543588623009773,6.700267043108705,4.945859008812006
MLPpriorNP,TLD3,456.0,False,0.13238672748289795,7.664879403325148,5.420148537650281
GNNpostN,TLD3,456.0,False,0.091439961693262,6.915003475423662,5.252210499522937
GNNaddN,TLD3,456.0,False,0.07689476618192848,7.791131415589227,5.915445444215398
GNNpostP,TLD3,456.0,False,0.104035413129665,6.696810021321217,5.113566587950137
GNNaddP,TLD3,456.0,False,0.11619779721427435,5.700699735519241,4.344308973347956
GNNpostNP,TLD3,456.0,False,0.10290259257575961,7.158079713588286,5.387160523971881
GNNaddNP,TLD3,456.0,False,0.1221545749348492,6.151556473606715,4.7003530523829
MLPpostN,TLD3,456.0,False,0.17630205623057368,7.343570909139036,5.677987115789328
MLPaddN,TLD3,456.0,False,0.08956658452644978,7.9360414290399905,6.082754528933599
MLPpostP,TLD3,456.0,False,0.16069116646934872,7.7189985502112695,5.943249831744367
MLPaddP,TLD3,456.0,False,0.13952003812065034,5.485012330301829,4.3056532279184
MLPpostNP,TLD3,456.0,False,0.15611407180469764,8.16575586299752,6.248065476212751
MLPaddNP,TLD3,456.0,False,0.1460566029201987,6.044423504155843,4.777974189641428
GNN,TLF2,456.0,False,0.23145538101774482,10.014969663269477,7.419730290203002
GNNonehot,TLF2,456.0,False,0.1531196813293798,9.421116407672686,7.04636574252322
GNNfusion,TLF2,456.0,False,0.33873625677689734,14.077495293291527,9.605769833565173
GNNpriorN,TLF2,456.0,False,0.3067726946087755,9.655017949194733,6.888261467636198
GNNpriorP,TLF2,456.0,False,0.3000800570462882,9.679935624597857,7.045511454218694
GNNpriorNP,TLF2,456.0,False,0.23826587720156217,9.788793919585384,6.964392306709292
MLP,TLF2,456.0,False,0.38900801469179624,8.895200398701279,6.665534584319965
MLPfusion,TLF2,456.0,False,0.35761697928113606,11.526973885553655,8.211800187318419
MLPpriorN,TLF2,456.0,False,0.44302282879940746,8.324027906017013,6.171876465188237
MLPpriorP,TLF2,456.0,False,0.43450589018343366,8.655797304612928,6.244490269776277
MLPpriorNP,TLF2,456.0,False,0.4745473614474272,8.062298854413532,6.129945349285849
GNNpostN,TLF2,456.0,False,0.33458916479362155,11.4607377856777,7.9087717944528215
GNNaddN,TLF2,456.0,False,0.4368389099450767,10.211150107986722,7.097294382801646
GNNpostP,TLF2,456.0,False,0.41007963140442016,10.232479872961738,7.3307404139585906
GNNaddP,TLF2,456.0,False,0.4439633343261018,6.592578325408017,4.863873427661472
GNNpostNP,TLF2,456.0,False,0.4069420865059929,12.77800734238116,8.985931281403532
GNNaddNP,TLF2,456.0,False,0.5164468877045624,7.30309983971525,5.510949947185604
MLPpostN,TLF2,456.0,False,0.4892730544803807,9.118244948174917,6.688920602550615
MLPaddN,TLF2,456.0,False,0.47723570060593606,9.69525352425931,6.74998596207469
MLPpostP,TLF2,456.0,False,0.5495407651083893,8.513919813076338,6.550744413430798
MLPaddP,TLF2,456.0,False,0.5100559279473061,5.9886501770566705,4.549668610383009
MLPpostNP,TLF2,456.0,False,0.5627704298613885,9.581847920330205,7.4018605915423406
MLPaddNP,TLF2,456.0,False,0.5978626576214628,6.366116656104492,4.7235528151327415
GNN,TLG1,456.0,False,0.5689628911164575,10.608700475981971,7.737937825157636
GNNonehot,TLG1,456.0,False,0.5487863780622109,10.134850695692357,7.687222899714927
GNNfusion,TLG1,456.0,False,0.6637968990322444,11.95687460033891,8.232895866359067
GNNpriorN,TLG1,456.0,False,0.38481406416224784,12.051951784124554,9.115830390838703
GNNpriorP,TLG1,456.0,False,0.4105209486442583,11.78058452469379,8.739855701730674
GNNpriorNP,TLG1,456.0,False,0.4514399451628038,11.885543034123035,8.678330513079304
MLP,TLG1,456.0,False,0.5720901483075339,13.442574762079225,8.858619274816862
MLPfusion,TLG1,456.0,False,0.5109279917165848,14.204224962702106,9.749939814127908
MLPpriorN,TLG1,456.0,False,0.5072330858651593,14.510397106534858,8.509816418082334
MLPpriorP,TLG1,456.0,False,0.4990556764419611,14.220286357216072,8.518993239517739
MLPpriorNP,TLG1,456.0,False,0.5963198005793998,11.903218120647143,8.159843633050706
GNNpostN,TLG1,456.0,False,0.6093975537160541,11.808129711716454,7.767543258190593
GNNaddN,TLG1,456.0,False,0.6502470390406391,11.179234161553664,7.5713652399683165
GNNpostP,TLG1,456.0,False,0.6628802336565793,11.91769749472762,8.777014845370953
GNNaddP,TLG1,456.0,False,0.6847917987746619,7.936349649915062,5.9699576935633525
GNNpostNP,TLG1,456.0,False,0.6329163364911787,15.001300415545899,11.293212111510845
GNNaddNP,TLG1,456.0,False,0.7475871193024736,7.5291879453159165,5.65938709661157
MLPpostN,TLG1,456.0,False,0.5592173202781965,16.16445588944099,10.0467973864869
MLPaddN,TLG1,456.0,False,0.6420537400936388,11.566388973829604,7.913505077976935
MLPpostP,TLG1,456.0,False,0.662459136162697,14.955012692405449,9.555033536600504
MLPaddP,TLG1,456.0,False,0.6335328212518421,8.433529238649793,6.687069256651227
MLPpostNP,TLG1,456.0,False,0.6308898831865474,17.144521862067247,11.27589362017223
MLPaddNP,TLG1,456.0,False,0.7408888758033635,7.596858330057142,5.564872894836795
GNN,TLE4,456.0,False,0.12782481203031645,8.128764860510822,5.953791129189724
GNNonehot,TLE4,456.0,False,0.08303636525161256,7.747307613341976,5.9338255611073
GNNfusion,TLE4,456.0,False,0.3368555198751259,9.149663973668387,6.934485405266415
GNNpriorN,TLE4,456.0,False,0.09891953534678613,9.038131783284761,6.246615318702011
GNNpriorP,TLE4,456.0,False,0.11635513584496984,8.604090769382438,6.333887528448726
GNNpriorNP,TLE4,456.0,False,0.15530404880705143,7.930447505384544,5.874703080776248
MLP,TLE4,456.0,False,0.23752238562412717,8.437301443400084,6.138756225958571
MLPfusion,TLE4,456.0,False,0.1792896058064662,11.213726419508907,8.383810497697182
MLPpriorN,TLE4,456.0,False,0.28054442555230585,7.628854763252826,5.68456450693214
MLPpriorP,TLE4,456.0,False,0.2594430560727669,8.29310169188697,6.105035455762302
MLPpriorNP,TLE4,456.0,False,0.23587708265275972,7.457536841653876,5.33886123803684
GNNpostN,TLE4,456.0,False,0.20685992280459237,8.097883626150763,5.776625530041301
GNNaddN,TLE4,456.0,False,0.38674591107732814,7.146969075958022,5.320152329988748
GNNpostP,TLE4,456.0,False,0.22276115642520675,7.998806260098064,5.931416391179921
GNNaddP,TLE4,456.0,False,0.3107937725930659,5.642555351912169,4.077000789782837
GNNpostNP,TLE4,456.0,False,0.2155886409992387,9.313668097892627,6.911569928989318
GNNaddNP,TLE4,456.0,False,0.34539111207757217,6.265830267095707,4.620172158588985
MLPpostN,TLE4,456.0,False,0.26443940380361375,8.90518653243015,6.507723127896056
MLPaddN,TLE4,456.0,False,0.38673126676943004,7.273445581026227,5.54438486782835
MLPpostP,TLE4,456.0,False,0.2347277570853588,8.871164095447782,6.64227169607872
MLPaddP,TLE4,456.0,False,0.30173034943566984,5.502736423410002,4.104264693364374
MLPpostNP,TLE4,456.0,False,0.23713381393402042,9.70836338967711,7.444920819446801
MLPaddNP,TLE4,456.0,False,0.3449255710914873,6.1778506343699675,4.710140619299114
GNN,TLD4,456.0,False,0.21259945241989386,7.272873518048838,5.5830774156829115
GNNonehot,TLD4,456.0,False,0.044523576560113416,7.391102487688533,5.332097188532522
GNNfusion,TLD4,456.0,False,0.4744492959766831,6.884389191216301,5.2268875156305485
GNNpriorN,TLD4,456.0,False,0.26457166956519473,6.434339306700339,4.99037857011128
GNNpriorP,TLD4,456.0,False,0.3005098890212428,6.026075205794743,4.661174989832505
GNNpriorNP,TLD4,456.0,False,0.28394734259463156,6.415677507274759,4.850200375747136
MLP,TLD4,456.0,False,0.2985524304178274,6.008994576126611,4.736047846535006
MLPfusion,TLD4,456.0,False,0.3657656621585716,8.080654961778817,6.123703614745804
MLPpriorN,TLD4,456.0,False,0.4245477433942184,5.485673925619573,4.236755917650747
MLPpriorP,TLD4,456.0,False,0.41227134119654774,5.764692555946491,4.417560101707878
MLPpriorNP,TLD4,456.0,False,0.4253583974966391,5.960489769836306,4.358760803327111
GNNpostN,TLD4,456.0,False,0.29447516722713196,7.780556927978712,5.659217678714978
GNNaddN,TLD4,456.0,False,0.5229705387904634,5.4287087057089245,4.141873163348116
GNNpostP,TLD4,456.0,False,0.2812644109945708,8.353924296920878,5.7903326440558995
GNNaddP,TLD4,456.0,False,0.29465886854897927,4.693301369129921,3.5748043055010634
GNNpostNP,TLD4,456.0,False,0.28708726652444627,9.947644696167375,6.555768489162541
GNNaddNP,TLD4,456.0,False,0.43258337283117304,4.7071173677013,3.589652373016712
MLPpostN,TLD4,456.0,False,0.37260695425953655,5.969742921507938,4.701046013921476
MLPaddN,TLD4,456.0,False,0.5568203960699444,4.867833253126706,3.6594507751953937
MLPpostP,TLD4,456.0,False,0.31501897668569445,6.1353551939599935,4.952514247960261
MLPaddP,TLD4,456.0,False,0.35312289961945303,4.005159453846402,3.1953536150054895
MLPpostNP,TLD4,456.0,False,0.3225805970911807,6.7509342116748,5.390558553202541
MLPaddNP,TLD4,456.0,False,0.5143698794239028,3.855216015121209,3.079160434879784
