region,mode,method,weight_source,solver,eval_weight,k,WSD,LWFL,LBI,DCR_1km,DCR_2km,DCR_5km,D_region_mva,low_conf_frac,match_dist_median_km,n_matched,TUR_mean,TUR_median,TUR_aggregate,CE_mean,CE_median,OPR,UPR,RSD_mean,RSD_median,FCE_mean,FCE_median,TUR_actual_observed,collision_rate_many_to_one
London,a1a,Uni,uniform,greedy,real,219,0.9924118878944129,0.9924118878944129,0.7857131289953393,0.5971397527710018,0.9066209319600393,1.0,,,,,,,,,,,,,,,,,
London,a1a,Uni,uniform,greedy,uniform,219,0.9672764495709181,0.9672764495709181,0.2458919153682167,0.6094306004939619,0.908787132543443,1.0,,,,,,,,,,,,,,,,,
London,a1a,Uni,uniform,greedy,gpm,219,0.9675566026432884,0.9675566026432882,0.5446961942926246,0.6089816660622699,0.910663034058658,1.0,,,,,,,,,,,,,,,,,
London,a1a,Uni,uniform,greedy,gpm_soft,219,0.9584433876305937,0.9584433876305936,0.5260731111380695,0.6105919780444005,0.914536795986435,1.0,,,,,,,,,,,,,,,,,
London,a1a,Uni,uniform,greedy,SIZING,219,,,,,,,5280.712168432902,0.0,1.0572961786023165,219.0,81.40737779543296,68.91425190141564,78.26916857419239,117.64559909631923,54.762075720822686,0.3105022831050228,0.2785388127853881,71.36510166177673,40.55627120355447,78.68877189743723,43.373370201721336,73.83000000000001,
London,a1a,Uni,uniform,greedy,SIZING_1TO1,219,,,,,,,5280.712168432902,0.045662100456621,1.6071619426381025,208.0,72.93602027380031,58.576629308897395,68.97672778698191,150.55379123012142,70.7166641329737,0.44711538461538464,0.23076923076923078,88.56616932329871,48.9691519273178,98.3231121499214,54.7473771671456,71.68,0.3424657534246575
London,a1a,LU,gpm,greedy,real,219,0.9575141418495374,0.9575141418495374,0.5706333010689111,0.6113244674014326,0.9287131079503053,0.9998534492210192,,,,,,,,,,,,,,,,,
London,a1a,LU,gpm,greedy,uniform,219,0.9890368950584121,0.9890368950584121,0.4451191843776272,0.6031387984649361,0.9166699184590592,0.9995868562769541,,,,,,,,,,,,,,,,,
London,a1a,LU,gpm,greedy,gpm,219,0.8991036621192283,0.8991036621192282,0.34519059095630467,0.6379198007396573,0.9359825868941524,0.9998764626030974,,,,,,,,,,,,,,,,,
London,a1a,LU,gpm,greedy,gpm_soft,219,0.9069045927526324,0.9069045927526322,0.467295291255914,0.6335869333552789,0.941252450485606,0.9999673728926743,,,,,,,,,,,,,,,,,
London,a1a,LU,gpm,greedy,SIZING,219,,,,,,,5280.712168432902,0.0,1.0551371715028153,217.0,81.91791133341776,73.59310146655295,77.82191878637373,121.57577319950217,48.652294904769064,0.31336405529953915,0.3087557603686636,76.40147739900584,42.831817204573156,79.04595743990757,46.741842296019726,71.8,
London,a1a,LU,gpm,greedy,SIZING_1TO1,219,,,,,,,5280.712168432902,0.0410958904109589,1.5993116886643854,209.0,71.87274696307672,58.20517371525584,68.1924137882896,139.2816727324607,71.80603306710782,0.4354066985645933,0.22488038277511962,82.09548195466485,51.38926297409948,88.79320475262604,58.4540887191021,71.8,0.3013698630136986
London,a1a,LU-soft,gpm_soft,greedy,real,219,0.9828313348449795,0.9828313348449795,0.7251883679605357,0.5933649515956965,0.9296377480278943,0.9998884422351613,,,,,,,,,,,,,,,,,
London,a1a,LU-soft,gpm_soft,greedy,uniform,219,0.9821902565522844,0.9821902565522844,0.35932565846727854,0.6102430430110815,0.918731329047885,0.9997283206729132,,,,,,,,,,,,,,,,,
London,a1a,LU-soft,gpm_soft,greedy,gpm,219,0.9208843845477953,0.9208843845477952,0.49002081196148944,0.628092093060239,0.9386684249930322,0.9998633187813408,,,,,,,,,,,,,,,,,
London,a1a,LU-soft,gpm_soft,greedy,gpm_soft,219,0.8637053113726038,0.8637053113726036,0.37804708906342865,0.6573252475597817,0.9504325553810891,0.9999742908330279,,,,,,,,,,,,,,,,,
London,a1a,LU-soft,gpm_soft,greedy,SIZING,219,,,,,,,5280.712168432902,0.0,1.0170704728992106,218.0,83.62239038103141,72.63541390601497,78.0324114664826,119.79529066024904,50.70009095573201,0.30275229357798167,0.25229357798165136,74.2643003805031,38.16915334376674,73.95063272020504,40.87802617869499,73.85,
London,a1a,LU-soft,gpm_soft,greedy,SIZING_1TO1,219,,,,,,,5280.712168432902,0.0365296803652968,1.6517789623914434,210.0,71.24539392133246,57.59614396047749,67.78916291638122,143.5916246794151,73.62365319287736,0.4095238095238095,0.19523809523809524,83.71935891503279,42.870399270061924,89.02969330813603,46.03929331781974,72.0850520226586,0.3059360730593607
London,a1a,GNN-oof-42,gnn_oof_42,greedy,real,219,0.9482885784162188,0.9482885784162188,0.6148959234279223,0.5991464356788454,0.9400826003404438,0.9998692968270586,,,,,,,,,,,,,,,,,
London,a1a,GNN-oof-42,gnn_oof_42,greedy,uniform,219,0.9883561076511025,0.9883561076511025,0.42300811423310714,0.5871426121240709,0.9290612209595752,0.9996135329406333,,,,,,,,,,,,,,,,,
London,a1a,GNN-oof-42,gnn_oof_42,greedy,gpm,219,0.9391858380417892,0.9391858380417891,0.44361914155638366,0.5948927874948434,0.9400781181546104,0.9999053348130427,,,,,,,,,,,,,,,,,
London,a1a,GNN-oof-42,gnn_oof_42,greedy,gpm_soft,219,0.9546457347808016,0.9546457347808015,0.48673823492194607,0.5806493001064499,0.9415241162216144,0.9999691671708042,,,,,,,,,,,,,,,,,
London,a1a,GNN-oof-42,gnn_oof_42,greedy,SIZING,219,,,,,,,5280.712168432902,0.0,0.988526949838437,217.0,78.9027995608733,72.08099981416773,76.52583039721648,103.70290114850147,45.45927356570196,0.2903225806451613,0.28110599078341014,63.40984906295514,40.30942536899351,68.99145385263411,44.39711674613447,71.56,
London,a1a,GNN-oof-42,gnn_oof_42,greedy,SIZING_1TO1,219,,,,,,,5280.712168432902,0.0228310502283105,1.441148485533135,213.0,70.19420150468214,58.48703309816566,67.65370235643893,139.1222702473768,70.97806933061257,0.39906103286384975,0.22535211267605634,81.44329884844056,43.66151672748922,90.85195880214233,50.113378533376675,73.00000000000001,0.2785388127853881
London,a1a,GNN-oof-123,gnn_oof_123,greedy,real,219,0.9432093343492036,0.9432093343492036,0.64263397926508,0.6085787728843322,0.9396325593334092,0.999822330221829,,,,,,,,,,,,,,,,,
London,a1a,GNN-oof-123,gnn_oof_123,greedy,uniform,219,0.9959416282798118,0.9959416282798118,0.49737088390211004,0.5765481073082477,0.9304734558395112,0.99951050392939,,,,,,,,,,,,,,,,,
London,a1a,GNN-oof-123,gnn_oof_123,greedy,gpm,219,0.9365964268844821,0.936596426884482,0.49590295801369555,0.5946208244615522,0.9429134709043198,0.9998521100618695,,,,,,,,,,,,,,,,,
London,a1a,GNN-oof-123,gnn_oof_123,greedy,gpm_soft,219,0.9456748295366607,0.9456748295366606,0.5370615058567348,0.5830355060588254,0.9425654882029973,0.999960917481315,,,,,,,,,,,,,,,,,
London,a1a,GNN-oof-123,gnn_oof_123,greedy,SIZING,219,,,,,,,5280.712168432902,0.0,1.0428415340059358,218.0,78.17180739365884,66.721916136467,74.81619530701671,112.34137173200885,52.214638691459335,0.3440366972477064,0.28440366972477066,68.06162630403537,40.879939566340425,66.65566142599266,41.18779479001814,70.80000000000001,
London,a1a,GNN-oof-123,gnn_oof_123,greedy,SIZING_1TO1,219,,,,,,,5280.712168432902,0.0273972602739726,1.441355302127144,212.0,70.14848896785456,57.293235601881776,67.0811325423805,122.83435061762034,74.55595095379574,0.41037735849056606,0.19339622641509435,69.58269071526061,40.560499225040104,72.47480046520087,42.85668658829419,73.805,0.2648401826484018
London,a1a,GNN-oof-456,gnn_oof_456,greedy,real,219,0.9667217394925984,0.9667217394925984,0.6623763282182159,0.5835593750916522,0.9360792101351707,0.99993998711554,,,,,,,,,,,,,,,,,
London,a1a,GNN-oof-456,gnn_oof_456,greedy,uniform,219,1.012272501382961,1.012272501382961,0.5078826671823802,0.5622984337958947,0.9239906851578658,0.999868351818967,,,,,,,,,,,,,,,,,
London,a1a,GNN-oof-456,gnn_oof_456,greedy,gpm,219,0.9655577784462872,0.9655577784462871,0.4811092653299589,0.5791890827327956,0.9337877123756563,0.9998908446044261,,,,,,,,,,,,,,,,,
London,a1a,GNN-oof-456,gnn_oof_456,greedy,gpm_soft,219,0.9932432382299592,0.9932432382299591,0.5755729508779363,0.5607965980929326,0.9358669320483876,0.9999891035199315,,,,,,,,,,,,,,,,,
London,a1a,GNN-oof-456,gnn_oof_456,greedy,SIZING,219,,,,,,,5280.712168432902,0.0,1.038648314654027,219.0,78.4394595354201,71.87309680966332,73.3858101993717,116.727060767057,47.913731602982836,0.2922374429223744,0.2374429223744292,70.88921178668349,35.77534424341404,69.95713583576975,39.95163819009726,70.11999999999999,
London,a1a,GNN-oof-456,gnn_oof_456,greedy,SIZING_1TO1,219,,,,,,,5280.712168432902,0.0319634703196347,1.373591376794696,211.0,71.9437551150782,62.03591256203713,67.41182330580529,133.61599687716333,62.40429353674756,0.3886255924170616,0.2132701421800948,78.06516836282844,45.06064799364189,82.9108790060239,44.776778750447555,72.18,0.2785388127853881
TLH2,a1a,Uni,uniform,greedy,real,94,2.1640176760668717,2.1640176760668717,0.5569785506712184,0.11825555847145026,0.42284435506337387,0.9998861220837304,,,,,,,,,,,,,,,,,
TLH2,a1a,Uni,uniform,greedy,uniform,94,2.139599461724442,2.1395994617244423,0.19764947464371713,0.1294944976828465,0.43624141607535494,0.9998531713460335,,,,,,,,,,,,,,,,,
TLH2,a1a,Uni,uniform,greedy,gpm,94,2.1477404709713452,2.1477404709713452,0.3674427416628327,0.12755452797692207,0.4319003699179907,0.9998215736006325,,,,,,,,,,,,,,,,,
TLH2,a1a,Uni,uniform,greedy,gpm_soft,94,2.142928446451804,2.1429284464518035,0.39482415196419357,0.12946022651617575,0.43197644870109875,0.9998787232217302,,,,,,,,,,,,,,,,,
TLH2,a1a,Uni,uniform,greedy,SIZING,94,,,,,,,1164.6809615864781,0.0,2.3592715179631734,94.0,68.68782851477114,56.456203745435104,65.18919587207176,96.24854803090925,77.16443070150328,0.3829787234042553,0.13829787234042554,47.27463647089788,35.11682182018662,75.89561553763842,58.60034497920041,93.75999999999999,
TLH2,a1a,Uni,uniform,greedy,SIZING_1TO1,94,,,,,,,1164.6809615864781,0.1595744680851064,5.466843782345269,79.0,68.05078492365934,60.707014249132904,65.4445482116216,90.14015576790372,64.72561076651589,0.31645569620253167,0.11392405063291139,43.63604177076537,28.371779620883274,71.06317360242738,51.706758822074804,93.97999999999999,0.2872340425531915
TLH2,a1a,LU,gpm,greedy,real,94,2.1685592231218127,2.1685592231218127,0.498298554022543,0.12191876221092464,0.43576558422474015,0.9982010432466975,,,,,,,,,,,,,,,,,
TLH2,a1a,LU,gpm,greedy,uniform,94,2.1923855518843363,2.1923855518843367,0.3084909491936715,0.12232690086612091,0.42595376847279975,0.9986321522996273,,,,,,,,,,,,,,,,,
TLH2,a1a,LU,gpm,greedy,gpm,94,2.0398386589497908,2.0398386589497908,0.31420308647705447,0.16098358380691258,0.48719968101312866,0.9990013177541097,,,,,,,,,,,,,,,,,
TLH2,a1a,LU,gpm,greedy,gpm_soft,94,2.0732651707474723,2.073265170747472,0.393171636975259,0.15397627613201578,0.47845443801855275,0.998507053417438,,,,,,,,,,,,,,,,,
TLH2,a1a,LU,gpm,greedy,SIZING,94,,,,,,,1164.6809615864781,0.0,2.396738686230017,94.0,74.0577297842398,64.3132326003913,67.10208424249011,92.23672297779953,57.98475866078883,0.2765957446808511,0.18085106382978725,48.5662266942543,29.62566093053446,71.85277441689688,52.47863297563258,93.06,
TLH2,a1a,LU,gpm,greedy,SIZING_1TO1,94,,,,,,,1164.6809615864781,0.1276595744680851,4.564890897955568,82.0,72.3736208185013,62.777393410258874,66.15888063200116,95.42046141779215,59.3220905621408,0.32926829268292684,0.17073170731707318,50.2325600304819,33.38513425884156,75.3212821784216,51.85051649540861,93.75999999999999,0.26595744680851063
TLH2,a1a,LU-soft,gpm_soft,greedy,real,94,2.175276859046258,2.175276859046258,0.5010979542180048,0.129014559015749,0.4503562348230684,0.9904361735599849,,,,,,,,,,,,,,,,,
TLH2,a1a,LU-soft,gpm_soft,greedy,uniform,94,2.243795907663304,2.2437959076633045,0.31264443648449786,0.12295691996507813,0.43045220066687073,0.9839706233079337,,,,,,,,,,,,,,,,,
TLH2,a1a,LU-soft,gpm_soft,greedy,gpm,94,2.149468141733274,2.149468141733274,0.34018989491561896,0.15663254357315348,0.48310027365147157,0.9804889305817316,,,,,,,,,,,,,,,,,
TLH2,a1a,LU-soft,gpm_soft,greedy,gpm_soft,94,1.9117253437295256,1.9117253437295254,0.2992569598898286,0.1984927332544196,0.54796439003033,0.9960807769882475,,,,,,,,,,,,,,,,,
TLH2,a1a,LU-soft,gpm_soft,greedy,SIZING,94,,,,,,,1164.6809615864781,0.010638297872340425,2.068243706434713,93.0,74.8552009565067,62.217728030214744,69.23306485634639,83.57128328353632,60.72589463799945,0.3333333333333333,0.20430107526881722,44.01375406408179,38.39877139178023,73.5575538490342,47.83567788803189,93.22,
TLH2,a1a,LU-soft,gpm_soft,greedy,SIZING_1TO1,94,,,,,,,1164.6809615864781,0.1702127659574468,4.4184400033131634,78.0,74.00816607294797,60.04792749796477,67.69753231177397,88.42804329957276,66.53395933336091,0.358974358974359,0.21794871794871795,46.80055524686852,39.563126978715346,76.59196928772097,57.20221024714587,93.96,0.2553191489361702
TLH2,a1a,GNN-oof-42,gnn_oof_42,greedy,real,94,2.257446812503018,2.257446812503018,0.44301804736221995,0.14886912824303705,0.4711024772062342,0.973235274570601,,,,,,,,,,,,,,,,,
TLH2,a1a,GNN-oof-42,gnn_oof_42,greedy,uniform,94,2.479771767407268,2.4797717674072683,0.4979691670172323,0.12463276285505986,0.40642451134051577,0.952537642588389,,,,,,,,,,,,,,,,,
TLH2,a1a,GNN-oof-42,gnn_oof_42,greedy,gpm,94,2.2157834048309115,2.2157834048309115,0.33298331453808255,0.17043684500131423,0.4959035673233839,0.9687602944657923,,,,,,,,,,,,,,,,,
TLH2,a1a,GNN-oof-42,gnn_oof_42,greedy,gpm_soft,94,2.179607667280667,2.1796076672806666,0.4367355291403097,0.1771125333683376,0.5138889070466757,0.968906237908168,,,,,,,,,,,,,,,,,
TLH2,a1a,GNN-oof-42,gnn_oof_42,greedy,SIZING,94,,,,,,,1164.6809615864781,0.0,1.922728051101815,94.0,81.73431723144134,66.34243381775308,72.08504263525572,77.02223530053325,55.185371902087894,0.3191489361702128,0.24468085106382978,43.5844060379187,39.938735720414726,67.6191735506368,47.24426268936796,93.75999999999999,
TLH2,a1a,GNN-oof-42,gnn_oof_42,greedy,SIZING_1TO1,94,,,,,,,1164.6809615864781,0.05319148936170213,2.7186370018251624,89.0,76.70726447989853,67.31558918705994,67.06049108012947,86.59384009966766,60.68217916360402,0.33707865168539325,0.20224719101123595,47.945046095140356,38.82165214843459,71.208678421782,47.43727147494714,93.38999999999999,0.20212765957446807
TLH2,a1a,GNN-oof-123,gnn_oof_123,greedy,real,94,2.2744154074238057,2.2744154074238057,0.42975860320595216,0.14865863451696146,0.46112652132747534,0.9711844310911157,,,,,,,,,,,,,,,,,
TLH2,a1a,GNN-oof-123,gnn_oof_123,greedy,uniform,94,2.4948987349783596,2.49489873497836,0.48507534222068893,0.1209766066665626,0.3943476606185087,0.9528991671526634,,,,,,,,,,,,,,,,,
TLH2,a1a,GNN-oof-123,gnn_oof_123,greedy,gpm,94,2.23822570479932,2.23822570479932,0.3274001525138481,0.1696695765461549,0.48127573968791526,0.9685734833965348,,,,,,,,,,,,,,,,,
TLH2,a1a,GNN-oof-123,gnn_oof_123,greedy,gpm_soft,94,2.2307610696686333,2.230761069668633,0.42129037191694446,0.1688891469459708,0.48563292573169375,0.9682269718078184,,,,,,,,,,,,,,,,,
TLH2,a1a,GNN-oof-123,gnn_oof_123,greedy,SIZING,94,,,,,,,1164.6809615864781,0.010638297872340425,1.963504789869015,93.0,81.47287558184209,75.53769274545446,72.97189318431683,71.44492414439488,38.213085090047265,0.2903225806451613,0.27956989247311825,44.28643732385116,36.52013239077962,63.56013211560242,41.68691234643889,93.94,
TLH2,a1a,GNN-oof-123,gnn_oof_123,greedy,SIZING_1TO1,94,,,,,,,1164.6809615864781,0.0425531914893617,2.7183675610537863,90.0,77.22488910760109,70.2363926013318,67.02056909673709,85.78581120899055,54.605689541093355,0.28888888888888886,0.2,48.68813157165529,32.53701368328681,68.12477120774837,43.139620779785986,93.30499999999999,0.2553191489361702
TLH2,a1a,GNN-oof-456,gnn_oof_456,greedy,real,94,2.2706371559200758,2.2706371559200758,0.43532145619368756,0.14515967732543084,0.4654907753711969,0.9728305880379982,,,,,,,,,,,,,,,,,
TLH2,a1a,GNN-oof-456,gnn_oof_456,greedy,uniform,94,2.5394271590425097,2.53942715904251,0.5390831528271549,0.1210457841278666,0.39400471872093823,0.9468921244242727,,,,,,,,,,,,,,,,,
TLH2,a1a,GNN-oof-456,gnn_oof_456,greedy,gpm,94,2.264162208666455,2.264162208666455,0.3576318193490685,0.16402960859241378,0.48265138303634775,0.9667566149030441,,,,,,,,,,,,,,,,,
TLH2,a1a,GNN-oof-456,gnn_oof_456,greedy,gpm_soft,94,2.2382522172317048,2.2382522172317043,0.4483094440960171,0.1715139658052008,0.4983943611016013,0.9627326638490733,,,,,,,,,,,,,,,,,
TLH2,a1a,GNN-oof-456,gnn_oof_456,greedy,SIZING,94,,,,,,,1164.6809615864781,0.0,1.9718852606604007,94.0,81.31038012176171,68.0110976544812,72.7677651321974,74.02374772953848,51.09758129152542,0.2553191489361702,0.2765957446808511,41.57851360435287,35.56146658781755,66.8456768474,46.59708670385557,93.75999999999999,
TLH2,a1a,GNN-oof-456,gnn_oof_456,greedy,SIZING_1TO1,94,,,,,,,1164.6809615864781,0.10638297872340426,3.0426909660257833,84.0,76.76439806512028,63.406329035344896,67.27360125516132,85.44852053406277,62.13651970821874,0.32142857142857145,0.21428571428571427,46.206678940271615,34.7072787641505,71.19303397538883,58.68448736208599,93.75999999999999,0.23404255319148937
TLH3,a1a,Uni,uniform,greedy,real,97,2.377238964889899,2.377238964889899,0.6222900722082705,0.09732423584826935,0.36291793830563013,0.997367009663118,,,,,,,,,,,,,,,,,
TLH3,a1a,Uni,uniform,greedy,uniform,97,2.3819193310760753,2.3819193310760753,0.2528506007915047,0.09776961735300263,0.3629651360142283,0.9974583557618738,,,,,,,,,,,,,,,,,
TLH3,a1a,Uni,uniform,greedy,gpm,97,2.3869957010708394,2.3869957010708394,0.3188138346862022,0.09688898312592877,0.3619002468933301,0.997318420903583,,,,,,,,,,,,,,,,,
TLH3,a1a,Uni,uniform,greedy,gpm_soft,97,2.371469308875491,2.371469308875491,0.33467636567609327,0.09892552358460943,0.3640432876353062,0.9983510902588376,,,,,,,,,,,,,,,,,
TLH3,a1a,Uni,uniform,greedy,SIZING,97,,,,,,,1126.53606,0.0,2.5938731258396643,97.0,73.17609621967634,58.5112133256698,69.1540129956724,96.10526938668029,70.90741127415386,0.36082474226804123,0.16494845360824742,49.19194742010755,35.79815958442536,83.53819501442081,61.72561288848113,93.24,
TLH3,a1a,Uni,uniform,greedy,SIZING_1TO1,97,,,,,,,1126.53606,0.13402061855670103,4.939044947489429,84.0,73.0603025344323,58.29201687975116,67.55366785755002,95.68324460796005,71.55250302021662,0.39285714285714285,0.16666666666666666,48.08484534099043,41.65602820361546,82.80837237824197,65.47753320205871,93.325,0.27835051546391754
TLH3,a1a,LU,gpm,greedy,real,97,2.3685863850099507,2.3685863850099507,0.6162162352562957,0.10753199890505949,0.39072343251585745,0.9894198668109206,,,,,,,,,,,,,,,,,
TLH3,a1a,LU,gpm,greedy,uniform,97,2.438551676424624,2.438551676424624,0.2721666826522225,0.0981785766209319,0.35841982615799506,0.9922486724723372,,,,,,,,,,,,,,,,,
TLH3,a1a,LU,gpm,greedy,gpm,97,2.348930192055797,2.348930192055797,0.24195503353468195,0.12352643760359318,0.39896739814673954,0.9920377694381162,,,,,,,,,,,,,,,,,
TLH3,a1a,LU,gpm,greedy,gpm_soft,97,2.33948508456675,2.33948508456675,0.30588365579591437,0.12264027802645379,0.3961415968339277,0.9948397141919381,,,,,,,,,,,,,,,,,
TLH3,a1a,LU,gpm,greedy,SIZING,97,,,,,,,1126.53606,0.0,2.791255827973923,97.0,71.0811729651668,54.302679547163066,68.57457777842161,100.15965995587946,84.15297520106316,0.4020618556701031,0.13402061855670103,49.207500803131545,37.459160338357606,87.28656094768108,66.20874372312508,93.24,
TLH3,a1a,LU,gpm,greedy,SIZING_1TO1,97,,,,,,,1126.53606,0.10309278350515463,4.270708604611851,87.0,67.88899906235409,57.66763794280529,63.92939932827204,98.06740953251074,73.88856751089946,0.41379310344827586,0.09195402298850575,45.52415984593186,35.15007260486443,83.80103285345726,63.650473662016594,93.02,0.26804123711340205
TLH3,a1a,LU-soft,gpm_soft,greedy,real,97,2.4415085225361555,2.4415085225361555,0.6433026484905018,0.09743718878351046,0.3677349278779996,0.9853211194060603,,,,,,,,,,,,,,,,,
TLH3,a1a,LU-soft,gpm_soft,greedy,uniform,97,2.437154271182704,2.437154271182704,0.29710245620828907,0.09921862227735259,0.3629890917472831,0.9879459875449226,,,,,,,,,,,,,,,,,
TLH3,a1a,LU-soft,gpm_soft,greedy,gpm,97,2.359606361014622,2.359606361014622,0.2938867301907183,0.11843243755469121,0.3954271414970913,0.9885260614579064,,,,,,,,,,,,,,,,,
TLH3,a1a,LU-soft,gpm_soft,greedy,gpm_soft,97,2.2745513073499977,2.2745513073499977,0.2589796110543742,0.13730276613954379,0.41853949046709965,0.9934772220698258,,,,,,,,,,,,,,,,,
TLH3,a1a,LU-soft,gpm_soft,greedy,SIZING,97,,,,,,,1126.53606,0.0,2.9612866310719035,97.0,69.60993992325416,60.317198492348645,65.01130317420404,104.38265925044763,72.95323832325047,0.3711340206185567,0.13402061855670103,53.91877025432633,34.225047066259904,90.89472999109397,56.923125315126946,92.9,
TLH3,a1a,LU-soft,gpm_soft,greedy,SIZING_1TO1,97,,,,,,,1126.53606,0.1134020618556701,4.583728815042101,86.0,71.93831677710033,55.467600538288934,66.50731512100757,98.42234937085297,80.83906382257376,0.36046511627906974,0.11627906976744186,47.689349433694694,31.0017695042918,84.72919831387463,67.15807484573726,93.325,0.27835051546391754
TLH3,a1a,GNN-oof-42,gnn_oof_42,greedy,real,97,2.453433752224894,2.453433752224894,0.5228314392116122,0.11636584816199252,0.4207940413060356,0.9510946058180558,,,,,,,,,,,,,,,,,
TLH3,a1a,GNN-oof-42,gnn_oof_42,greedy,uniform,97,2.7247880739881833,2.7247880739881833,0.44932825388639663,0.09600388817293509,0.3488907267512304,0.92196111438638,,,,,,,,,,,,,,,,,
TLH3,a1a,GNN-oof-42,gnn_oof_42,greedy,gpm,97,2.6429812905070156,2.6429812905070156,0.40685660577955174,0.11164133758238276,0.3817411899440081,0.9222997736238954,,,,,,,,,,,,,,,,,
TLH3,a1a,GNN-oof-42,gnn_oof_42,greedy,gpm_soft,97,2.76047376275513,2.76047376275513,0.5426507128797142,0.09287882378049214,0.3451311380133286,0.914329686607247,,,,,,,,,,,,,,,,,
TLH3,a1a,GNN-oof-42,gnn_oof_42,greedy,SIZING,97,,,,,,,1126.53606,0.0,2.0807771669318877,97.0,79.03107212765478,61.42647780832182,67.30877719676957,101.51048051602812,67.63820529517545,0.35051546391752575,0.1958762886597938,55.082568094117896,43.0057275540792,88.45522087569613,56.40314773695424,92.9,
TLH3,a1a,GNN-oof-42,gnn_oof_42,greedy,SIZING_1TO1,97,,,,,,,1126.53606,0.061855670103092786,3.3525093890597484,91.0,75.73912445761793,59.55786772646752,65.40743264759979,92.74025074097227,67.90392909845563,0.34065934065934067,0.16483516483516483,47.87410892387181,33.85558288644106,81.31972624797446,59.46760673165132,93.24,0.20618556701030927
TLH3,a1a,GNN-oof-123,gnn_oof_123,greedy,real,97,2.5571140543895807,2.5571140543895807,0.5074619192203006,0.12732618062845766,0.41729374885038983,0.9275948182231177,,,,,,,,,,,,,,,,,
TLH3,a1a,GNN-oof-123,gnn_oof_123,greedy,uniform,97,2.7928265078962498,2.7928265078962498,0.4716635021939628,0.09932461513378509,0.34350160822390774,0.9116063823978039,,,,,,,,,,,,,,,,,
TLH3,a1a,GNN-oof-123,gnn_oof_123,greedy,gpm,97,2.6839382445285858,2.6839382445285858,0.41244067301053183,0.12347728935028818,0.3890134502129636,0.9130821830556228,,,,,,,,,,,,,,,,,
TLH3,a1a,GNN-oof-123,gnn_oof_123,greedy,gpm_soft,97,2.782055550570079,2.782055550570079,0.5563506455736785,0.11540393366947575,0.3622326462859317,0.9026850637680237,,,,,,,,,,,,,,,,,
TLH3,a1a,GNN-oof-123,gnn_oof_123,greedy,SIZING,97,,,,,,,1126.53606,0.0,2.019887375768731,97.0,78.42351984438072,64.39991237689026,70.9935818654576,91.80781840307456,58.73611576809551,0.32989690721649484,0.20618556701030927,50.182784043425656,38.43784526415616,81.05870249450277,50.29130368176487,93.24,
TLH3,a1a,GNN-oof-123,gnn_oof_123,greedy,SIZING_1TO1,97,,,,,,,1126.53606,0.041237113402061855,2.5781525645337484,93.0,76.23502690463033,64.39991237689026,66.42433965055633,98.4892890767367,60.732821755149246,0.34408602150537637,0.20430107526881722,54.11873729953844,37.08074964938147,85.83455169104474,49.9759554345347,93.02,0.1958762886597938
TLH3,a1a,GNN-oof-456,gnn_oof_456,greedy,real,97,2.5104668068133336,2.5104668068133336,0.5266077331981035,0.11989794492462302,0.4123830399712012,0.9396333215795776,,,,,,,,,,,,,,,,,
TLH3,a1a,GNN-oof-456,gnn_oof_456,greedy,uniform,97,2.776029185649379,2.776029185649379,0.4757487926475463,0.09797118483861329,0.3446480342703752,0.9087851505948303,,,,,,,,,,,,,,,,,
TLH3,a1a,GNN-oof-456,gnn_oof_456,greedy,gpm,97,2.6917166280554468,2.6917166280554468,0.4348017486934291,0.118582252013789,0.38236170851065354,0.9097417899378142,,,,,,,,,,,,,,,,,
TLH3,a1a,GNN-oof-456,gnn_oof_456,greedy,gpm_soft,97,2.7949732590773797,2.7949732590773797,0.5470491570988583,0.10932748303647134,0.3520781037984192,0.8993248864246072,,,,,,,,,,,,,,,,,
TLH3,a1a,GNN-oof-456,gnn_oof_456,greedy,SIZING,97,,,,,,,1126.53606,0.0,2.1976387081518793,97.0,81.00414089951688,59.31166173270371,68.58276630162496,96.28905612589463,73.66967404112084,0.3711340206185567,0.2268041237113402,52.55742383601724,41.90145987696774,84.56133563420279,60.62635859249394,93.24,
TLH3,a1a,GNN-oof-456,gnn_oof_456,greedy,SIZING_1TO1,97,,,,,,,1126.53606,0.07216494845360824,2.7362970928911277,90.0,80.42579298450612,60.644784990505016,64.94881642411218,98.45621302478479,71.13529082563502,0.35555555555555557,0.18888888888888888,52.220476723634356,39.20222923976523,85.68596502791368,56.13139838362541,93.21,0.1958762886597938
TLJ1,a1a,Uni,uniform,greedy,real,153,2.4742408035713668,2.4742408035713668,1.0939499775989439,0.10823439111174821,0.4012631573571527,0.9720793271695465,,,,,,,,,,,,,,,,,
TLJ1,a1a,Uni,uniform,greedy,uniform,153,2.4420055063086568,2.442005506308657,0.272395287801612,0.10680067067895008,0.40140442762070333,0.9748560974449907,,,,,,,,,,,,,,,,,
TLJ1,a1a,Uni,uniform,greedy,gpm,153,2.4418857221096117,2.4418857221096117,0.3249776445295843,0.10770187310020374,0.4057491689234852,0.9742547630858912,,,,,,,,,,,,,,,,,
TLJ1,a1a,Uni,uniform,greedy,gpm_soft,153,2.412652262772393,2.412652262772393,0.6180145055501386,0.11505199730349705,0.41637897241131605,0.9752594544167419,,,,,,,,,,,,,,,,,
TLJ1,a1a,Uni,uniform,greedy,SIZING,153,,,,,,,2110.2814967889685,0.006535947712418301,2.8548525160577922,152.0,64.76852039837881,56.30943930392273,59.835428600425445,149.48354412444218,77.63748712292902,0.4473684210526316,0.13815789473684212,84.09595899782362,43.21868478940236,86.7880404044612,41.04123448190933,67.6916652694233,
TLJ1,a1a,Uni,uniform,greedy,SIZING_1TO1,153,,,,,,,2110.2814967889685,0.32679738562091504,5.195259606072496,102.0,71.92675235913153,64.62648017303333,68.14916665409237,140.7126223749116,60.981159394928,0.3333333333333333,0.19607843137254902,82.32829592109952,35.85857901815852,72.62813882305288,37.445117945700844,66.76143509300482,0.3333333333333333
TLJ1,a1a,LU,gpm,greedy,real,153,2.396654398117527,2.396654398117527,1.0547677967590348,0.11745743944291563,0.42729592729156307,0.9796062419084066,,,,,,,,,,,,,,,,,
TLJ1,a1a,LU,gpm,greedy,uniform,153,2.45690581050802,2.4569058105080206,0.2759407884201531,0.10845194308437733,0.3971459018820362,0.9752981440447598,,,,,,,,,,,,,,,,,
TLJ1,a1a,LU,gpm,greedy,gpm,153,2.3461210650879285,2.3461210650879285,0.22239432548627608,0.13667600463032611,0.439513436670849,0.9768822922498357,,,,,,,,,,,,,,,,,
TLJ1,a1a,LU,gpm,greedy,gpm_soft,153,2.3690320679752452,2.3690320679752452,0.5719832721391117,0.13664859302930743,0.43333661333747897,0.9763726450653809,,,,,,,,,,,,,,,,,
TLJ1,a1a,LU,gpm,greedy,SIZING,153,,,,,,,2110.2814967889685,0.006535947712418301,2.7966142391874724,151.0,66.81312057399455,55.640068490691974,63.674943898183336,139.87140068101033,79.72659400433518,0.44370860927152317,0.17880794701986755,77.14302272197743,44.45524440217612,70.6841330180429,45.71421188063849,67.6916652694233,
TLJ1,a1a,LU,gpm,greedy,SIZING_1TO1,153,,,,,,,2110.2814967889685,0.3464052287581699,5.105352593027478,99.0,73.92776959592139,64.00435477731551,71.10179208065516,123.50139424904285,56.65871432021349,0.35353535353535354,0.2222222222222222,72.4286610735811,42.043674197514235,67.54460379600586,39.87356614007197,65.02095140727138,0.3333333333333333
TLJ1,a1a,LU-soft,gpm_soft,greedy,real,153,2.2787627186090504,2.2787627186090504,0.8186639564340915,0.13576766062594242,0.46481255727654586,0.9780352429456148,,,,,,,,,,,,,,,,,
TLJ1,a1a,LU-soft,gpm_soft,greedy,uniform,153,2.6134238270881243,2.6134238270881247,0.5265685939756964,0.10028183281395603,0.35911335614998685,0.9510478066690137,,,,,,,,,,,,,,,,,
TLJ1,a1a,LU-soft,gpm_soft,greedy,gpm,153,2.5683948859708834,2.5683948859708834,0.5043597478686261,0.11871047770712595,0.37920050893749113,0.9491997486861964,,,,,,,,,,,,,,,,,
TLJ1,a1a,LU-soft,gpm_soft,greedy,gpm_soft,153,2.0469492337428425,2.0469492337428425,0.2855686288941238,0.21262754488196128,0.5414957922436827,0.9861816767829409,,,,,,,,,,,,,,,,,
TLJ1,a1a,LU-soft,gpm_soft,greedy,SIZING,153,,,,,,,2110.2814967889685,0.006535947712418301,2.2791617275053606,151.0,74.1691233833348,67.53466694068001,70.03561185334691,117.7993802800848,50.52367547048201,0.2980132450331126,0.19205298013245034,68.06902298654168,31.921434224064548,64.94743583329574,36.65014717578368,67.42544880173224,
TLJ1,a1a,LU-soft,gpm_soft,greedy,SIZING_1TO1,153,,,,,,,2110.2814967889685,0.13071895424836602,3.3850634547114535,132.0,70.45893309181922,60.738668926039054,67.20729569414247,121.37635918000726,64.6397851314587,0.3560606060606061,0.18181818181818182,69.20537462576985,35.48726401222956,69.91712667595124,43.241011122829086,66.88691197797334,0.2875816993464052
TLJ1,a1a,GNN-oof-42,gnn_oof_42,greedy,real,153,2.2687468600435916,2.2687468600435916,0.615842463874656,0.15966602925783463,0.4930713627285283,0.9580982105839388,,,,,,,,,,,,,,,,,
TLJ1,a1a,GNN-oof-42,gnn_oof_42,greedy,uniform,153,2.816542106550818,2.8165421065508185,0.6444872986878057,0.09587092356756372,0.3351804924844132,0.9130942967328193,,,,,,,,,,,,,,,,,
TLJ1,a1a,GNN-oof-42,gnn_oof_42,greedy,gpm,153,2.718538980045569,2.718538980045569,0.5924788010735735,0.1167461831566978,0.3645648149056955,0.9211324547310062,,,,,,,,,,,,,,,,,
TLJ1,a1a,GNN-oof-42,gnn_oof_42,greedy,gpm_soft,153,2.334260081477949,2.334260081477949,0.45818890072667856,0.18288451646540654,0.4863298584065939,0.9406912318825631,,,,,,,,,,,,,,,,,
TLJ1,a1a,GNN-oof-42,gnn_oof_42,greedy,SIZING,153,,,,,,,2110.2814967889685,0.0,1.3978679853257125,152.0,72.27452214073317,64.67421851319736,67.16005088720738,144.3508743877851,55.59862353653592,0.34210526315789475,0.2236842105263158,87.43956370384853,38.596578527468665,74.97572658393563,40.311188412262794,66.88691197797334,
TLJ1,a1a,GNN-oof-42,gnn_oof_42,greedy,SIZING_1TO1,153,,,,,,,2110.2814967889685,0.13725490196078433,2.215043289015994,131.0,71.88486728511987,64.53306091010008,67.59118553191146,122.78431896917104,57.59539533776081,0.31297709923664124,0.1984732824427481,71.58422724931029,33.898493062303075,64.33915518739614,37.33365808515953,66.87461683014783,0.24836601307189543
TLJ1,a1a,GNN-oof-123,gnn_oof_123,greedy,real,153,2.280196827823338,2.280196827823338,0.6530493784708434,0.1548631816029294,0.48310573682401126,0.9611095989016358,,,,,,,,,,,,,,,,,
TLJ1,a1a,GNN-oof-123,gnn_oof_123,greedy,uniform,153,2.803576026549825,2.8035760265498255,0.6615202968762885,0.09400699949079144,0.3276564841562124,0.921819573475001,,,,,,,,,,,,,,,,,
TLJ1,a1a,GNN-oof-123,gnn_oof_123,greedy,gpm,153,2.6915746082650696,2.6915746082650696,0.6066253437832588,0.11597429463356665,0.36137337169013595,0.9304438298830746,,,,,,,,,,,,,,,,,
TLJ1,a1a,GNN-oof-123,gnn_oof_123,greedy,gpm_soft,153,2.339405237756354,2.339405237756354,0.4588101861528174,0.18152729155000363,0.4799244482936313,0.942437886658573,,,,,,,,,,,,,,,,,
TLJ1,a1a,GNN-oof-123,gnn_oof_123,greedy,SIZING,153,,,,,,,2110.2814967889685,0.0,1.363464462115245,152.0,74.42325889013277,66.46969243662417,67.5248565983229,135.28417923071757,55.39713172710603,0.34210526315789475,0.2631578947368421,82.46698671087384,38.9235375420693,72.15919782968949,37.56335144685893,67.6916652694233,
TLJ1,a1a,GNN-oof-123,gnn_oof_123,greedy,SIZING_1TO1,153,,,,,,,2110.2814967889685,0.13071895424836602,2.178636588154024,132.0,74.40039494755793,62.84208950506558,66.5890592215137,119.64635258249542,62.141127932126665,0.3333333333333333,0.24242424242424243,70.83812874101102,37.962400242907464,68.19944012733131,37.37740948053022,66.97134269333421,0.23529411764705882
TLJ1,a1a,GNN-oof-456,gnn_oof_456,greedy,real,153,2.2367350118027636,2.2367350118027636,0.7213550201623584,0.16012691745796398,0.49428943314016693,0.9649845155068444,,,,,,,,,,,,,,,,,
TLJ1,a1a,GNN-oof-456,gnn_oof_456,greedy,uniform,153,2.6843935226882465,2.684393522688247,0.5318873015163704,0.09660616666200067,0.35302639987952283,0.9347360741938107,,,,,,,,,,,,,,,,,
TLJ1,a1a,GNN-oof-456,gnn_oof_456,greedy,gpm,153,2.5631298013888517,2.5631298013888517,0.4732973270864233,0.12024952257719386,0.3908251681465527,0.9419052121089582,,,,,,,,,,,,,,,,,
TLJ1,a1a,GNN-oof-456,gnn_oof_456,greedy,gpm_soft,153,2.4110429814797922,2.4110429814797922,0.5140535014536121,0.15056189725293445,0.44652555725670856,0.9471534211018143,,,,,,,,,,,,,,,,,
TLJ1,a1a,GNN-oof-456,gnn_oof_456,greedy,SIZING,153,,,,,,,2110.2814967889685,0.0,1.8044545612313905,152.0,73.93176856770694,62.38794578324551,68.13563199856094,145.09023181883921,60.287409379174775,0.3881578947368421,0.23026315789473684,88.83921275322643,44.51192110860369,79.4206700021947,42.73308189183247,68.28333860876333,
TLJ1,a1a,GNN-oof-456,gnn_oof_456,greedy,SIZING_1TO1,153,,,,,,,2110.2814967889685,0.1568627450980392,3.0432393069193893,128.0,74.00124276406451,68.15706150264211,67.83540195348631,140.5958562105879,50.93532424361527,0.34375,0.2578125,86.09824876263016,40.08574562424874,80.60146498496437,40.05308064501658,67.99919582312415,0.2549019607843137
TLF1,a1a,Uni,uniform,greedy,real,135,2.240444135110466,2.240444135110466,0.8580788287882294,0.21020828207357756,0.45374214906601246,0.9941596566583089,,,,,,,,,,,,,,,,,
TLF1,a1a,Uni,uniform,greedy,uniform,135,2.226176599360863,2.226176599360863,0.20829003325792178,0.233736010775341,0.46741524599672074,0.9918786250311039,,,,,,,,,,,,,,,,,
TLF1,a1a,Uni,uniform,greedy,gpm,135,2.2315802346183697,2.2315802346183697,0.25041709906623527,0.23435783935157825,0.46538309417539203,0.9917710905746999,,,,,,,,,,,,,,,,,
TLF1,a1a,Uni,uniform,greedy,gpm_soft,135,2.197667593626061,2.197667593626061,0.5387452426761675,0.2412765852202885,0.47692755252609975,0.9922618162587482,,,,,,,,,,,,,,,,,
TLF1,a1a,Uni,uniform,greedy,SIZING,135,,,,,,,1900.4313900466434,0.02962962962962963,2.2652807096077177,131.0,66.3432716005246,55.95298018053513,63.453529280172695,134.13239001200424,78.72149021793822,0.4122137404580153,0.16793893129770993,75.97071560000116,40.48004401713521,69.87367573341251,34.72920309104648,67.46666666666667,
TLF1,a1a,Uni,uniform,greedy,SIZING_1TO1,135,,,,,,,1900.4313900466434,0.16296296296296298,4.136572626779286,113.0,68.97819891339397,62.52628935810218,66.9703708257596,123.69595984735199,59.932727540055055,0.3893805309734513,0.17699115044247787,72.21450801745958,38.40700230039149,59.70735848264005,33.735850749393045,66.37580370030179,0.34814814814814815
TLF1,a1a,LU,gpm,greedy,real,135,2.26236286788058,2.26236286788058,0.7877949194040492,0.20349253176900933,0.442435184685651,0.9914756252397354,,,,,,,,,,,,,,,,,
TLF1,a1a,LU,gpm,greedy,uniform,135,2.229023400256643,2.229023400256643,0.262195756403953,0.22906920216799756,0.4632724365804234,0.9912573860617895,,,,,,,,,,,,,,,,,
TLF1,a1a,LU,gpm,greedy,gpm,135,2.190733386380724,2.190733386380724,0.2462203794097876,0.24092822522943455,0.4736803254355821,0.9921472883832543,,,,,,,,,,,,,,,,,
TLF1,a1a,LU,gpm,greedy,gpm_soft,135,2.1956071370610033,2.1956071370610033,0.5966106971918094,0.23600631414070983,0.4729376073564128,0.9933157660155153,,,,,,,,,,,,,,,,,
TLF1,a1a,LU,gpm,greedy,SIZING,135,,,,,,,1900.4313900466434,0.022222222222222223,2.1475694179556903,132.0,69.18343999618915,60.84392480919554,65.3702436106368,135.91122075516978,64.35744049770456,0.3787878787878788,0.1893939393939394,78.57574251148702,44.20143862469328,63.03788210450108,30.647758200855506,66.625,
TLF1,a1a,LU,gpm,greedy,SIZING_1TO1,135,,,,,,,1900.4313900466434,0.1925925925925926,4.116625990501431,109.0,72.17601435960971,63.7484292252845,67.97117780305342,127.95013798602828,59.48080916545856,0.3211009174311927,0.1834862385321101,73.11204727269131,34.3456689380248,63.24913264192071,32.41524175376429,66.37580370030179,0.34814814814814815
TLF1,a1a,LU-soft,gpm_soft,greedy,real,135,2.2414552211051166,2.2414552211051166,0.7616469399077221,0.20401007859564793,0.5007696545451976,0.957948373242858,,,,,,,,,,,,,,,,,
TLF1,a1a,LU-soft,gpm_soft,greedy,uniform,135,2.5234697250152602,2.5234697250152602,0.4426080883983319,0.20062420188833682,0.46271238524150426,0.9123526904660647,,,,,,,,,,,,,,,,,
TLF1,a1a,LU-soft,gpm_soft,greedy,gpm,135,2.5359649302545857,2.5359649302545857,0.4568234738197453,0.20755291344464893,0.46329796290471137,0.9081035379977647,,,,,,,,,,,,,,,,,
TLF1,a1a,LU-soft,gpm_soft,greedy,gpm_soft,135,1.8092152174133673,1.8092152174133673,0.3462245388193721,0.2989407043754506,0.620646706550429,0.9874491693989293,,,,,,,,,,,,,,,,,
TLF1,a1a,LU-soft,gpm_soft,greedy,SIZING,135,,,,,,,1900.4313900466434,0.014814814814814815,1.84391154655051,133.0,71.37272697064766,61.02329359312066,66.66959192281163,113.83519694201614,63.871849767337515,0.3609022556390977,0.22556390977443608,65.13326594473455,40.87493690535904,57.247910414777444,37.597305990080685,66.08571428571429,
TLF1,a1a,LU-soft,gpm_soft,greedy,SIZING_1TO1,135,,,,,,,1900.4313900466434,0.16296296296296298,3.1470747587324563,113.0,72.50217732922987,63.94078808657323,67.18997440450258,112.88458638137462,56.39469420458825,0.35398230088495575,0.25663716814159293,66.26979285502588,42.05558745622827,58.208840408185836,35.51658033713712,66.625,0.2814814814814815
TLF1,a1a,GNN-oof-42,gnn_oof_42,greedy,real,135,2.182179343928014,2.182179343928014,0.6099719700145759,0.19977294504902243,0.5232559893949458,0.9634278502152797,,,,,,,,,,,,,,,,,
TLF1,a1a,GNN-oof-42,gnn_oof_42,greedy,uniform,135,2.524887589742248,2.524887589742248,0.4847177893844497,0.17113987336355535,0.44686679122818207,0.9222727393989331,,,,,,,,,,,,,,,,,
TLF1,a1a,GNN-oof-42,gnn_oof_42,greedy,gpm,135,2.5154042991144694,2.5154042991144694,0.5038478155496718,0.17258960264828865,0.45160270332022984,0.9222261816621602,,,,,,,,,,,,,,,,,
TLF1,a1a,GNN-oof-42,gnn_oof_42,greedy,gpm_soft,135,2.1305404504690153,2.1305404504690153,0.6159647274769547,0.22357024930312447,0.5470136178952033,0.9659530137819616,,,,,,,,,,,,,,,,,
TLF1,a1a,GNN-oof-42,gnn_oof_42,greedy,SIZING,135,,,,,,,1900.4313900466434,0.007407407407407408,1.6303796583211674,134.0,80.64403397961354,63.26585234173259,66.65623847486476,122.57995966260238,64.54638164473658,0.31343283582089554,0.23134328358208955,71.89046467595082,37.79945206123705,57.208323079962,35.54364906108188,66.08571428571429,
TLF1,a1a,GNN-oof-42,gnn_oof_42,greedy,SIZING_1TO1,135,,,,,,,1900.4313900466434,0.1111111111111111,2.6153464245141067,120.0,74.58044838901988,62.48805248266392,66.42315277065481,110.90513424812121,61.257818457236674,0.3416666666666667,0.2,64.0870030876987,40.614669083038514,55.12551354572877,33.26096457307165,67.04583333333333,0.22962962962962963
TLF1,a1a,GNN-oof-123,gnn_oof_123,greedy,real,135,2.1943602068554533,2.1943602068554533,0.6245237080594712,0.1968825534044255,0.516746978604285,0.9656666745266672,,,,,,,,,,,,,,,,,
TLF1,a1a,GNN-oof-123,gnn_oof_123,greedy,uniform,135,2.4825249262569464,2.4825249262569464,0.46254655780350684,0.17937889210655053,0.45060519302994695,0.9338851149113204,,,,,,,,,,,,,,,,,
TLF1,a1a,GNN-oof-123,gnn_oof_123,greedy,gpm,135,2.4783111710974723,2.4783111710974723,0.4762778584031695,0.18132193537694757,0.45333440283027604,0.9331904960326158,,,,,,,,,,,,,,,,,
TLF1,a1a,GNN-oof-123,gnn_oof_123,greedy,gpm_soft,135,2.2216288514017775,2.2216288514017775,0.6450784514743676,0.20824219450142936,0.5148232127660917,0.9641029271216383,,,,,,,,,,,,,,,,,
TLF1,a1a,GNN-oof-123,gnn_oof_123,greedy,SIZING,135,,,,,,,1900.4313900466434,0.014814814814814815,1.472825598549459,133.0,78.7054765231954,65.37071154887425,67.33441601925759,111.890401678897,60.85263394818172,0.2631578947368421,0.20300751879699247,66.52877674798135,32.60562431954969,54.10807567873633,34.75507242454184,65.83333333333333,
TLF1,a1a,GNN-oof-123,gnn_oof_123,greedy,SIZING_1TO1,135,,,,,,,1900.4313900466434,0.13333333333333333,2.4017736157908103,117.0,76.9239320985338,68.4925916031111,66.61158929528794,101.17110015890039,54.09985648968893,0.28205128205128205,0.20512820512820512,59.64164680148756,33.098811720972144,49.64605391508081,35.896514757618355,66.08571428571429,0.2222222222222222
TLF1,a1a,GNN-oof-456,gnn_oof_456,greedy,real,135,2.151638136890532,2.151638136890532,0.6561888021778665,0.1912625455061869,0.5200855456166682,0.9752520852319246,,,,,,,,,,,,,,,,,
TLF1,a1a,GNN-oof-456,gnn_oof_456,greedy,uniform,135,2.434580796314899,2.434580796314899,0.4777787128153359,0.16523697872644577,0.44862959124224383,0.947446970961728,,,,,,,,,,,,,,,,,
TLF1,a1a,GNN-oof-456,gnn_oof_456,greedy,gpm,135,2.4278579117059818,2.4278579117059818,0.5006587739129271,0.16524952149248948,0.45199892745412673,0.9476987705172704,,,,,,,,,,,,,,,,,
TLF1,a1a,GNN-oof-456,gnn_oof_456,greedy,gpm_soft,135,2.2142464840770244,2.2142464840770244,0.6847874225829118,0.1982643556444415,0.519770407523708,0.9608423694245128,,,,,,,,,,,,,,,,,
TLF1,a1a,GNN-oof-456,gnn_oof_456,greedy,SIZING,135,,,,,,,1900.4313900466434,0.014814814814814815,1.5658285706426907,133.0,80.93676240565563,64.53999034261724,68.7816600122618,112.57351323140945,62.070690140890235,0.3007518796992481,0.23308270676691728,66.68450720294693,34.11280604060119,51.57264290840924,34.76422960302646,65.6525,
TLF1,a1a,GNN-oof-456,gnn_oof_456,greedy,SIZING_1TO1,135,,,,,,,1900.4313900466434,0.14074074074074075,2.173982461699627,116.0,74.55594381078706,63.78519918043636,65.99783715689249,99.760085983016,59.22172585041645,0.3103448275862069,0.1810344827586207,55.400149617383526,33.15560390131651,49.91471320520207,33.27839213633712,67.4375,0.22962962962962963
TLF2,a1a,Uni,uniform,greedy,real,105,2.593359466357362,2.5933594663573625,0.8628045648059839,0.1527380285494423,0.3572244554758209,0.9807717119887052,,,,,,,,,,,,,,,,,
TLF2,a1a,Uni,uniform,greedy,uniform,105,2.4973487350466015,2.4973487350466015,0.33740939259688846,0.18649433245709168,0.3991166445320603,0.9814301778436323,,,,,,,,,,,,,,,,,
TLF2,a1a,Uni,uniform,greedy,gpm,105,2.504999046914226,2.504999046914226,0.3592568858667444,0.18611792983533265,0.3979513356661967,0.9805481395403255,,,,,,,,,,,,,,,,,
TLF2,a1a,Uni,uniform,greedy,gpm_soft,105,2.508748118723911,2.5087481187239105,0.6562586379817463,0.18700422248800194,0.39680228262468203,0.981791562586939,,,,,,,,,,,,,,,,,
TLF2,a1a,Uni,uniform,greedy,SIZING,105,,,,,,,1531.92,0.047619047619047616,3.4509463006518453,100.0,62.48296180151556,57.27124193586039,60.267121326549486,107.90972339838065,74.67360789805738,0.35,0.13,55.503991131933844,32.35669741276252,53.12339844329021,27.92331038312014,73.34935897435898,
TLF2,a1a,Uni,uniform,greedy,SIZING_1TO1,105,,,,,,,1531.92,0.2857142857142857,4.742939690379737,75.0,66.29410008959023,63.31061894682385,62.305920271920876,104.23824824695538,57.95138582358903,0.3466666666666667,0.16,53.92032836134552,33.56142250717467,50.51018177559398,28.599960994404,72.51282051282053,0.3523809523809524
TLF2,a1a,LU,gpm,greedy,real,105,2.580304360448617,2.5803043604486176,0.9846969568751911,0.15027135663267072,0.37166088577539363,0.9787132772823178,,,,,,,,,,,,,,,,,
TLF2,a1a,LU,gpm,greedy,uniform,105,2.4877063925975573,2.4877063925975573,0.30295283963653974,0.18662447576065258,0.4015950821172616,0.9816348712572855,,,,,,,,,,,,,,,,,
TLF2,a1a,LU,gpm,greedy,gpm,105,2.4501925504357116,2.4501925504357116,0.2875443909343237,0.19567539178658566,0.41205887162778787,0.9833184890979225,,,,,,,,,,,,,,,,,
TLF2,a1a,LU,gpm,greedy,gpm_soft,105,2.418577588104567,2.4185775881045664,0.5884963898550746,0.205374328073482,0.4225791103997987,0.9846307002740325,,,,,,,,,,,,,,,,,
TLF2,a1a,LU,gpm,greedy,SIZING,105,,,,,,,1531.92,0.05714285714285714,3.347082281626429,99.0,65.05392240199036,61.757891929004806,62.86010588203814,109.08722519105127,61.9226253949168,0.3333333333333333,0.13131313131313133,58.48538483372554,31.308907743925985,57.48143810453663,30.5882163266734,74.49781659388645,
TLF2,a1a,LU,gpm,greedy,SIZING_1TO1,105,,,,,,,1531.92,0.3047619047619048,4.470772296682359,73.0,67.01199994567463,59.50992804723043,64.37860287016663,104.10197127715374,68.0391882185345,0.3424657534246575,0.1232876712328767,57.401069746906536,31.308907743925985,54.012110301635644,27.40840628109687,74.1304347826087,0.37142857142857144
TLF2,a1a,LU-soft,gpm_soft,greedy,real,105,2.6290688195366334,2.629068819536634,0.8844863623077501,0.1538782501250411,0.4140930199077003,0.9150672884203437,,,,,,,,,,,,,,,,,
TLF2,a1a,LU-soft,gpm_soft,greedy,uniform,105,2.775046052761151,2.775046052761151,0.5244804211788835,0.15978855535065173,0.40080638473085206,0.8888648299815664,,,,,,,,,,,,,,,,,
TLF2,a1a,LU-soft,gpm_soft,greedy,gpm,105,2.750333546439987,2.750333546439987,0.5215578322216313,0.1656851582691692,0.40723677473376263,0.8901470574448064,,,,,,,,,,,,,,,,,
TLF2,a1a,LU-soft,gpm_soft,greedy,gpm_soft,105,2.0034503862923585,2.003450386292358,0.46004066567009577,0.2459859874299818,0.56184512410609,0.9799559968368358,,,,,,,,,,,,,,,,,
TLF2,a1a,LU-soft,gpm_soft,greedy,SIZING,105,,,,,,,1531.92,0.047619047619047616,3.026043522488508,100.0,67.45729935420982,62.026255586306746,58.6674763654916,123.41325072160156,61.2335549704123,0.39,0.16,69.10377288575724,37.589934674933076,64.66204734704513,43.200217806816845,68.3157894736842,
TLF2,a1a,LU-soft,gpm_soft,greedy,SIZING_1TO1,105,,,,,,,1531.92,0.3523809523809524,5.534167987847423,68.0,69.81590557774672,65.12141844759438,61.24279337344212,98.59042719828751,53.56944322211283,0.3235294117647059,0.17647058823529413,54.71864767134856,33.778135959257895,52.89620751389947,36.78171483724891,68.22607655502392,0.3238095238095238
TLF2,a1a,GNN-oof-42,gnn_oof_42,greedy,real,105,2.5180553521194544,2.518055352119455,0.6260209172727993,0.1961065733418871,0.4485310839562963,0.9296281462680208,,,,,,,,,,,,,,,,,
TLF2,a1a,GNN-oof-42,gnn_oof_42,greedy,uniform,105,2.7918345052300237,2.7918345052300237,0.4611909195237762,0.1641717560109075,0.3935956761534215,0.8938911997313201,,,,,,,,,,,,,,,,,
TLF2,a1a,GNN-oof-42,gnn_oof_42,greedy,gpm,105,2.8001028976117857,2.8001028976117857,0.4783105708871166,0.15967234598072078,0.39211893558856625,0.8932889320445053,,,,,,,,,,,,,,,,,
TLF2,a1a,GNN-oof-42,gnn_oof_42,greedy,gpm_soft,105,2.4561142187389833,2.456114218738983,0.5829534630373565,0.19377365460605472,0.47118871025303377,0.9382255668826164,,,,,,,,,,,,,,,,,
TLF2,a1a,GNN-oof-42,gnn_oof_42,greedy,SIZING,105,,,,,,,1531.92,0.02857142857142857,1.7874687952119361,102.0,78.64663149715379,66.4143232761757,65.32144303179919,92.42877085333555,53.16148853304458,0.3431372549019608,0.24509803921568626,53.076979171321874,40.26587749345212,45.40239694668144,36.687575087259205,72.41025641025641,
TLF2,a1a,GNN-oof-42,gnn_oof_42,greedy,SIZING_1TO1,105,,,,,,,1531.92,0.2571428571428571,3.198728771497113,78.0,72.53086791410553,59.31299134052307,62.95935025007282,88.67877126063743,68.60916905749295,0.32051282051282054,0.1794871794871795,45.689119915794855,33.20346146131966,43.99010005033539,36.12296372036338,72.02770885028949,0.29523809523809524
TLF2,a1a,GNN-oof-123,gnn_oof_123,greedy,real,105,2.5170339108494573,2.5170339108494577,0.7115942521879647,0.18073347010838817,0.44180755104474667,0.936440055547814,,,,,,,,,,,,,,,,,
TLF2,a1a,GNN-oof-123,gnn_oof_123,greedy,uniform,105,2.7080771434762974,2.7080771434762974,0.4782403483567936,0.15862848019043402,0.38844764127235626,0.9204052053072638,,,,,,,,,,,,,,,,,
TLF2,a1a,GNN-oof-123,gnn_oof_123,greedy,gpm,105,2.7224884718261437,2.7224884718261437,0.49640189587310724,0.15508024236882054,0.3855894160456254,0.9189480174149709,,,,,,,,,,,,,,,,,
TLF2,a1a,GNN-oof-123,gnn_oof_123,greedy,gpm_soft,105,2.694405387226054,2.6944053872260536,0.6893397643367676,0.1685097492231867,0.4157054984850318,0.9070891011704377,,,,,,,,,,,,,,,,,
TLF2,a1a,GNN-oof-123,gnn_oof_123,greedy,SIZING,105,,,,,,,1531.92,0.05714285714285714,1.8486488142532593,99.0,71.77250245184625,64.832733565258,61.85728238922882,93.3760733005961,54.500508194251765,0.2828282828282828,0.23232323232323232,51.494349672476254,34.492777290764295,44.14752216249904,32.48501888038617,72.41025641025641,
TLF2,a1a,GNN-oof-123,gnn_oof_123,greedy,SIZING_1TO1,105,,,,,,,1531.92,0.20952380952380953,2.649899814707106,83.0,72.91635716146978,62.0816540259181,62.76145949682418,84.10539713989367,61.078182546894766,0.30120481927710846,0.20481927710843373,43.59574073243866,33.663439312055296,39.55817969749264,28.059136159719202,68.3157894736842,0.2761904761904762
TLF2,a1a,GNN-oof-456,gnn_oof_456,greedy,real,105,2.5579862556300603,2.5579862556300608,0.7465916857692737,0.1712418629453938,0.43529829945986076,0.9302209531187585,,,,,,,,,,,,,,,,,
TLF2,a1a,GNN-oof-456,gnn_oof_456,greedy,uniform,105,2.766264212080025,2.766264212080025,0.5126558909094551,0.15454014658152454,0.3944312208693992,0.8985472510988195,,,,,,,,,,,,,,,,,
TLF2,a1a,GNN-oof-456,gnn_oof_456,greedy,gpm,105,2.7940908124109813,2.7940908124109813,0.542393758817214,0.14965136379753258,0.3889670170093923,0.894358794797814,,,,,,,,,,,,,,,,,
TLF2,a1a,GNN-oof-456,gnn_oof_456,greedy,gpm_soft,105,2.5896936719323675,2.589693671932367,0.6613175322090283,0.17383635206997136,0.44823493786250207,0.9083546560713617,,,,,,,,,,,,,,,,,
TLF2,a1a,GNN-oof-456,gnn_oof_456,greedy,SIZING,105,,,,,,,1531.92,0.047619047619047616,2.1259609322573314,100.0,74.44634240074247,62.69007848844596,62.39829145065923,89.9291829566792,59.53825781422837,0.32,0.21,50.78238100869535,34.3375760689766,44.70896491435259,38.467592414420785,68.3157894736842,
TLF2,a1a,GNN-oof-456,gnn_oof_456,greedy,SIZING_1TO1,105,,,,,,,1531.92,0.2857142857142857,4.2707273934616,75.0,69.89658931280732,58.47304660136521,59.79779126523399,94.50952255844929,71.01896653639598,0.38666666666666666,0.17333333333333334,49.16013082087582,37.93761439230567,49.349123549408944,45.205674631360424,71.64516129032258,0.3238095238095238
TLC1,a1a,Uni,uniform,greedy,real,50,2.895954749926806,2.8959547499268057,0.7899396615998444,0.06650099872575498,0.2723477101722899,0.9219001995035397,,,,,,,,,,,,,,,,,
TLC1,a1a,Uni,uniform,greedy,uniform,50,2.853521137358056,2.853521137358056,0.2367577893049692,0.06736932309430202,0.28031654715860727,0.9277992963436907,,,,,,,,,,,,,,,,,
TLC1,a1a,Uni,uniform,greedy,gpm,50,2.872565878131039,2.872565878131039,0.2837228691184801,0.06391587425769993,0.2727672529132099,0.9277696543419569,,,,,,,,,,,,,,,,,
TLC1,a1a,Uni,uniform,greedy,gpm_soft,50,2.8413008681401175,2.841300868140117,0.5841032883689867,0.064037845940641,0.28190472237672276,0.9274737071836219,,,,,,,,,,,,,,,,,
TLC1,a1a,Uni,uniform,greedy,SIZING,50,,,,,,,808.0813037109375,0.18,3.7128356997106833,40.0,72.31329901559654,68.83212542599574,70.50211828947454,56.15059434523239,45.29775046550469,0.15,0.125,25.220575420596937,23.18778646165842,21.602863952200487,20.853807237440478,57.77477294921876,
TLC1,a1a,Uni,uniform,greedy,SIZING_1TO1,50,,,,,,,808.0813037109375,0.44,6.803133171597917,27.0,69.55332072458557,71.3530748082749,67.50615359226319,60.43442219659942,40.148129942121145,0.2222222222222222,0.07407407407407407,26.001653159983587,22.25324739732456,25.163243930074835,19.31316665652672,64.6086956521739,0.36
TLC1,a1a,LU,gpm,greedy,real,50,2.841729324147299,2.8417293241472987,0.7916672013496959,0.06616339094571429,0.27657429908279235,0.9380953142236668,,,,,,,,,,,,,,,,,
TLC1,a1a,LU,gpm,greedy,uniform,50,2.8988315202361745,2.8988315202361745,0.2833469401401061,0.06530944843925496,0.27306729535537383,0.923806540895828,,,,,,,,,,,,,,,,,
TLC1,a1a,LU,gpm,greedy,gpm,50,2.777462498627005,2.777462498627005,0.300526492055206,0.08279153118441454,0.31495111027382483,0.9287299424255592,,,,,,,,,,,,,,,,,
TLC1,a1a,LU,gpm,greedy,gpm_soft,50,2.8697348040777015,2.869734804077701,0.6007688975762852,0.0745035917404699,0.2951808380414659,0.9133170192253295,,,,,,,,,,,,,,,,,
TLC1,a1a,LU,gpm,greedy,SIZING,50,,,,,,,808.0813037109375,0.2,2.7415666991567504,38.0,72.71674886286907,68.15010954959752,67.41036359256749,64.06061487495658,46.74088176825144,0.15789473684210525,0.18421052631578946,30.70262222326097,27.47160301475037,30.126384433010877,31.797805212913083,57.77477294921876,
TLC1,a1a,LU,gpm,greedy,SIZING_1TO1,50,,,,,,,808.0813037109375,0.5,8.05017099725153,25.0,73.72412450560091,69.32682057338046,66.96168178291474,66.31968718168439,44.24431868205014,0.24,0.2,35.15380031459348,31.99448507949421,30.95125426617061,32.87229883483363,58.426273501016254,0.32
TLC1,a1a,LU-soft,gpm_soft,greedy,real,50,2.858200287515508,2.8582002875155075,0.7229335801102805,0.0733497111991581,0.30221564852840505,0.914656437547114,,,,,,,,,,,,,,,,,
TLC1,a1a,LU-soft,gpm_soft,greedy,uniform,50,3.1823591105179743,3.1823591105179743,0.4141071184480832,0.06422709022929422,0.2659752042168936,0.8612594097386916,,,,,,,,,,,,,,,,,
TLC1,a1a,LU-soft,gpm_soft,greedy,gpm,50,3.2568754428287163,3.2568754428287163,0.5141251293854984,0.06763023355075526,0.27366933454888437,0.8411047259390823,,,,,,,,,,,,,,,,,
TLC1,a1a,LU-soft,gpm_soft,greedy,gpm_soft,50,2.4154438118092276,2.415443811809227,0.4006183634528664,0.11904407966244256,0.4167093645086315,0.9568294417846807,,,,,,,,,,,,,,,,,
TLC1,a1a,LU-soft,gpm_soft,greedy,SIZING,50,,,,,,,808.0813037109375,0.16,2.947933235631363,42.0,76.01722975827889,73.53490544344922,67.63894625710691,172.74487572536225,41.30755043964159,0.23809523809523808,0.19047619047619047,110.1271044136092,31.465223632521635,35.84793914394767,32.04238133715786,57.77477294921876,
TLC1,a1a,LU-soft,gpm_soft,greedy,SIZING_1TO1,50,,,,,,,808.0813037109375,0.36,5.294541790032208,32.0,70.80631903427616,62.30774440863371,63.069028128311324,220.236962165234,60.52984563400557,0.3125,0.1875,136.54149669062656,34.995009599882806,36.73142678835795,33.390960081124035,59.67675087124694,0.34
TLC1,a1a,GNN-oof-42,gnn_oof_42,greedy,real,50,2.910553397233379,2.9105533972333784,0.6478263052448374,0.08194468627115341,0.31409473869502946,0.9065806796136933,,,,,,,,,,,,,,,,,
TLC1,a1a,GNN-oof-42,gnn_oof_42,greedy,uniform,50,3.3295708706629226,3.3295708706629226,0.5280389452046979,0.06228367985115466,0.25148355025637814,0.8405095180122424,,,,,,,,,,,,,,,,,
TLC1,a1a,GNN-oof-42,gnn_oof_42,greedy,gpm,50,3.3028588284607254,3.3028588284607254,0.5311774823497845,0.06774093693791369,0.27411401234174865,0.8352438359861765,,,,,,,,,,,,,,,,,
TLC1,a1a,GNN-oof-42,gnn_oof_42,greedy,gpm_soft,50,2.749238666093817,2.7492386660938166,0.502225933594616,0.09805156792563352,0.3550174500379055,0.9192446245413947,,,,,,,,,,,,,,,,,
TLC1,a1a,GNN-oof-42,gnn_oof_42,greedy,SIZING,50,,,,,,,808.0813037109375,0.1,1.9385515160877984,45.0,83.61586142606512,76.37920916764442,68.05501070771646,66.00224912370275,43.17348922181017,0.2222222222222222,0.3333333333333333,40.54216197554811,36.11202900804001,43.47726585971478,39.587195948650155,57.291666666666664,
TLC1,a1a,GNN-oof-42,gnn_oof_42,greedy,SIZING_1TO1,50,,,,,,,808.0813037109375,0.34,4.003604099306603,32.0,74.0722473895905,67.75961958302159,59.85544775685147,313.0699800323126,48.116831135198794,0.34375,0.1875,199.73097460487412,45.769824599456484,42.99607485521116,36.19078906247601,59.67641393149771,0.32
TLC1,a1a,GNN-oof-123,gnn_oof_123,greedy,real,50,2.888917054132715,2.8889170541327145,0.6283592720496962,0.08457850796522036,0.3147751525166789,0.9078689129883742,,,,,,,,,,,,,,,,,
TLC1,a1a,GNN-oof-123,gnn_oof_123,greedy,uniform,50,3.2927925221887167,3.2927925221887167,0.49482782001140513,0.06529754890974732,0.25147489247492194,0.8391899745295828,,,,,,,,,,,,,,,,,
TLC1,a1a,GNN-oof-123,gnn_oof_123,greedy,gpm,50,3.230131943920094,3.230131943920094,0.49842174721239874,0.07213205380588741,0.2761702870905367,0.8404440637470119,,,,,,,,,,,,,,,,,
TLC1,a1a,GNN-oof-123,gnn_oof_123,greedy,gpm_soft,50,2.832269590642379,2.8322695906423787,0.4581795580565865,0.09879346761431512,0.33991667852297375,0.901849002422815,,,,,,,,,,,,,,,,,
TLC1,a1a,GNN-oof-123,gnn_oof_123,greedy,SIZING,50,,,,,,,808.0813037109375,0.12,1.5823603804666484,44.0,81.94702130031396,67.52571605759088,65.97411173017319,70.5407201045038,55.55225757729531,0.29545454545454547,0.2727272727272727,40.87415732074958,37.1360681148489,47.07515459165472,47.37940097926389,57.1574945359003,
TLC1,a1a,GNN-oof-123,gnn_oof_123,greedy,SIZING_1TO1,50,,,,,,,808.0813037109375,0.32,3.78259876707068,32.0,78.28066008072079,59.24438346956751,62.968620705280564,85.48036396574389,68.7924284928075,0.3125,0.28125,46.013215331300394,43.9871753263005,41.376376339738385,44.14232750240554,61.56355271112352,0.28
TLC1,a1a,GNN-oof-456,gnn_oof_456,greedy,real,50,2.826120897563163,2.8261208975631624,0.6074827113362717,0.08147176253887858,0.3155922528932677,0.927148646275706,,,,,,,,,,,,,,,,,
TLC1,a1a,GNN-oof-456,gnn_oof_456,greedy,uniform,50,3.2837931447268516,3.2837931447268516,0.47509080927352987,0.06441474782284652,0.2608908821743161,0.8570278025469669,,,,,,,,,,,,,,,,,
TLC1,a1a,GNN-oof-456,gnn_oof_456,greedy,gpm,50,3.264194158693839,3.264194158693839,0.5107398857250461,0.07128045763387932,0.2853294996128497,0.8482712940281039,,,,,,,,,,,,,,,,,
TLC1,a1a,GNN-oof-456,gnn_oof_456,greedy,gpm_soft,50,2.7523929299224505,2.75239292992245,0.46103033070250343,0.09095235891017998,0.3387499628194851,0.9323734824901091,,,,,,,,,,,,,,,,,
TLC1,a1a,GNN-oof-456,gnn_oof_456,greedy,SIZING,50,,,,,,,808.0813037109375,0.1,2.1447850190323643,45.0,79.59615338521698,70.40108476886793,67.248852124957,65.06035656408143,42.04326585067194,0.2222222222222222,0.26666666666666666,38.05223097774941,31.449610443409785,41.456813499060516,36.199498158853125,57.291666666666664,
TLC1,a1a,GNN-oof-456,gnn_oof_456,greedy,SIZING_1TO1,50,,,,,,,808.0813037109375,0.26,3.58999018169079,35.0,68.94051563479802,61.83702143738572,59.87009249521938,74.34575590929585,61.715421725570906,0.22857142857142856,0.14285714285714285,33.34370952843184,19.66936750873367,33.41266071816891,28.826784968455943,58.426273501016254,0.3
TLC2,a1a,Uni,uniform,greedy,real,73,2.197538310969354,2.197538310969354,1.075594524026261,0.17954477966213664,0.6332985986642665,0.9025680099082785,,,,,,,,,,,,,,,,,
TLC2,a1a,Uni,uniform,greedy,uniform,73,2.168594486325329,2.1685944863253286,0.5545624856972711,0.1842106540561098,0.6303717382968004,0.9031394775687206,,,,,,,,,,,,,,,,,
TLC2,a1a,Uni,uniform,greedy,gpm,73,2.1686544767566938,2.1686544767566938,0.6765077302252261,0.18105945527242118,0.6269836607886385,0.9039403591088198,,,,,,,,,,,,,,,,,
TLC2,a1a,Uni,uniform,greedy,gpm_soft,73,2.1570670452249554,2.157067045224955,0.7341993251679241,0.18608975500481204,0.6250418299174,0.9058007266112759,,,,,,,,,,,,,,,,,
TLC2,a1a,Uni,uniform,greedy,SIZING,73,,,,,,,1028.8323168907345,0.3424657534246575,3.5769289056591975,47.0,69.22382256604568,53.588203076927876,56.76815060505904,106.49891004648897,86.60823513049365,0.3829787234042553,0.19148936170212766,52.79837923609887,44.19517792965589,36.24111410171203,32.97948878844763,63.1360399590164,
TLC2,a1a,Uni,uniform,greedy,SIZING_1TO1,73,,,,,,,1028.8323168907345,0.547945205479452,7.327554698159787,33.0,60.99300597161492,51.83827161898298,53.17519908281304,167.11465630267074,92.90766624128798,0.3939393939393939,0.12121212121212122,88.5902306827936,34.441095065818885,38.4268148193632,27.196620303942726,65.36811116536458,0.4520547945205479
TLC2,a1a,LU,gpm,greedy,real,73,2.154534549414682,2.154534549414682,1.000373227274772,0.2181747734960632,0.6621782223449862,0.9017604230222959,,,,,,,,,,,,,,,,,
TLC2,a1a,LU,gpm,greedy,uniform,73,2.2949033084964334,2.294903308496433,0.6022899362526611,0.1868768747999684,0.6110549124470953,0.9016839340688566,,,,,,,,,,,,,,,,,
TLC2,a1a,LU,gpm,greedy,gpm,73,2.0518863687482525,2.0518863687482525,0.5753718413670196,0.2319142787101584,0.6801875433365074,0.9175750459309159,,,,,,,,,,,,,,,,,
TLC2,a1a,LU,gpm,greedy,gpm_soft,73,2.019964798961294,2.0199647989612934,0.6256955887763543,0.2381645473215255,0.6844418663085877,0.9244656020654648,,,,,,,,,,,,,,,,,
TLC2,a1a,LU,gpm,greedy,SIZING,73,,,,,,,1028.8323168907345,0.3698630136986301,2.878791474682037,46.0,70.00416064194138,52.88174845066483,56.58029580269316,122.68342053033682,89.10186091316513,0.43478260869565216,0.17391304347826086,63.57437255038913,39.52045805544926,41.37174340443091,33.89708820804736,65.77279052734374,
TLC2,a1a,LU,gpm,greedy,SIZING_1TO1,73,,,,,,,1028.8323168907345,0.5616438356164384,6.785029799288685,32.0,54.53204108620797,51.74033754884016,49.04610127680083,205.07477928727837,93.34973780678,0.46875,0.09375,111.34876227794845,38.19537934026897,55.57853494596189,34.39127468508978,63.26187780828425,0.4246575342465753
TLC2,a1a,LU-soft,gpm_soft,greedy,real,73,2.2434142242923576,2.2434142242923576,0.8935822463761681,0.21008313739056222,0.6604075975072741,0.8968823596514538,,,,,,,,,,,,,,,,,
TLC2,a1a,LU-soft,gpm_soft,greedy,uniform,73,2.367541757531467,2.3675417575314666,0.585580360435977,0.1944402357717777,0.6123091288314925,0.896402850723536,,,,,,,,,,,,,,,,,
TLC2,a1a,LU-soft,gpm_soft,greedy,gpm,73,2.1092183024665276,2.1092183024665276,0.5717974564986511,0.24328920021052763,0.6732818565758298,0.9165199517480923,,,,,,,,,,,,,,,,,
TLC2,a1a,LU-soft,gpm_soft,greedy,gpm_soft,73,1.9069793202307692,1.906979320230769,0.5344992700840733,0.28795285207734994,0.7188422557114418,0.9330699241914919,,,,,,,,,,,,,,,,,
TLC2,a1a,LU-soft,gpm_soft,greedy,SIZING,73,,,,,,,1028.8323168907345,0.3561643835616438,2.616932271899304,47.0,68.71213804289579,55.451279811585906,57.879648456293495,104.30467412477054,80.33848874143776,0.3829787234042553,0.10638297872340426,51.574852851663344,31.831131224491312,40.836823596112794,31.97765601575364,66.04166666666667,
TLC2,a1a,LU-soft,gpm_soft,greedy,SIZING_1TO1,73,,,,,,,1028.8323168907345,0.4794520547945205,4.576497891171111,38.0,53.69800465134021,51.04421023628322,49.3725261571053,156.03738609576934,95.96020756464185,0.47368421052631576,0.05263157894736842,80.2347235063589,39.429537708958954,36.4526166295826,26.424396077588817,64.2520755621905,0.3972602739726027
TLC2,a1a,GNN-oof-42,gnn_oof_42,greedy,real,73,2.117165002754042,2.117165002754042,0.9799541068633812,0.22982471122890646,0.6403697914669412,0.9272543433400673,,,,,,,,,,,,,,,,,
TLC2,a1a,GNN-oof-42,gnn_oof_42,greedy,uniform,73,2.454782819242345,2.4547828192423444,0.6532650743422764,0.17525363906308414,0.5509576506777969,0.8915848236189474,,,,,,,,,,,,,,,,,
TLC2,a1a,GNN-oof-42,gnn_oof_42,greedy,gpm,73,2.2540865137858694,2.2540865137858694,0.6547206695638167,0.20264641777677983,0.6123047746106511,0.90230237445955,,,,,,,,,,,,,,,,,
TLC2,a1a,GNN-oof-42,gnn_oof_42,greedy,gpm_soft,73,2.1993976507516604,2.19939765075166,0.698554665217967,0.20153674595885146,0.6158845168930854,0.911478453680409,,,,,,,,,,,,,,,,,
TLC2,a1a,GNN-oof-42,gnn_oof_42,greedy,SIZING,73,,,,,,,1028.8323168907345,0.3150684931506849,1.7086154714143702,49.0,79.18107860975012,60.31518704943335,56.816988462314555,116.36461127789421,68.88159209365006,0.40816326530612246,0.24489795918367346,67.88203045461597,48.375828931017736,54.04202584290633,46.66190645152753,63.20507812499999,
TLC2,a1a,GNN-oof-42,gnn_oof_42,greedy,SIZING_1TO1,73,,,,,,,1028.8323168907345,0.5068493150684932,6.271046389188548,35.0,59.02365151823694,52.27435285095555,45.94439778036353,158.40076623993076,91.29839882498335,0.45714285714285713,0.08571428571428572,82.95609706769186,36.77200179008909,51.09554225243919,36.3385826444094,65.36811116536458,0.3835616438356164
TLC2,a1a,GNN-oof-123,gnn_oof_123,greedy,real,73,2.1218031501501615,2.1218031501501615,0.8960575308392335,0.22635226275171616,0.6131131077162904,0.9286036520079168,,,,,,,,,,,,,,,,,
TLC2,a1a,GNN-oof-123,gnn_oof_123,greedy,uniform,73,2.4315592449020946,2.431559244902094,0.6372136526547434,0.17680825435481057,0.541156275984242,0.891574444863756,,,,,,,,,,,,,,,,,
TLC2,a1a,GNN-oof-123,gnn_oof_123,greedy,gpm,73,2.228687734439797,2.228687734439797,0.613590404597941,0.2084470487593592,0.6032572591168415,0.9027047995368163,,,,,,,,,,,,,,,,,
TLC2,a1a,GNN-oof-123,gnn_oof_123,greedy,gpm_soft,73,2.1974044416853755,2.197404441685375,0.6525172619833481,0.20995415758727784,0.609178416535733,0.907719057084919,,,,,,,,,,,,,,,,,
TLC2,a1a,GNN-oof-123,gnn_oof_123,greedy,SIZING,73,,,,,,,1028.8323168907345,0.3150684931506849,1.9302884642610452,50.0,71.75778825211691,59.52518593500033,57.99271792673104,108.19778482787636,68.02634020775326,0.4,0.16,57.83821815459048,38.9139241238964,39.427549747410964,29.15230599527777,63.20507812499999,
TLC2,a1a,GNN-oof-123,gnn_oof_123,greedy,SIZING_1TO1,73,,,,,,,1028.8323168907345,0.4931506849315068,6.125173848378903,37.0,49.87455021214858,47.70168449649135,46.813277672812454,335.9396134605608,109.63620269501257,0.5405405405405406,0.02702702702702703,199.7993747334927,39.757468463341716,39.25887744988949,24.68530534401152,58.54722764756944,0.3972602739726027
TLC2,a1a,GNN-oof-456,gnn_oof_456,greedy,real,73,2.1291375350201904,2.1291375350201904,0.9272527550794797,0.22279505568007885,0.6351278575911615,0.9230595325632027,,,,,,,,,,,,,,,,,
TLC2,a1a,GNN-oof-456,gnn_oof_456,greedy,uniform,73,2.4674432830032345,2.467443283003234,0.6040638593224856,0.181928598276822,0.5642768903799344,0.888253487730161,,,,,,,,,,,,,,,,,
TLC2,a1a,GNN-oof-456,gnn_oof_456,greedy,gpm,73,2.2366059749677962,2.2366059749677962,0.5949008248009594,0.21471323861712843,0.6302827690429275,0.9002433996385383,,,,,,,,,,,,,,,,,
TLC2,a1a,GNN-oof-456,gnn_oof_456,greedy,gpm_soft,73,2.1602852415612075,2.160285241561207,0.6256888431472619,0.22237713889655422,0.6337379300726166,0.9098754058300451,,,,,,,,,,,,,,,,,
TLC2,a1a,GNN-oof-456,gnn_oof_456,greedy,SIZING,73,,,,,,,1028.8323168907345,0.3013698630136986,1.6005529339947309,51.0,72.89246122105288,59.475554171165726,57.25528670761884,107.74748051995572,68.1363064095347,0.35294117647058826,0.21568627450980393,62.11538534218369,40.79718406022202,47.43871915324024,36.82431023894808,63.1360399590164,
TLC2,a1a,GNN-oof-456,gnn_oof_456,greedy,SIZING_1TO1,73,,,,,,,1028.8323168907345,0.5205479452054794,6.590674564407128,35.0,57.735107639677274,55.099876985993944,45.420184708729785,208.3237813984525,81.48860845083082,0.45714285714285713,0.11428571428571428,121.46355812162406,50.34865756251507,49.71096128427717,31.573412298917525,60.21428571428571,0.4246575342465753
TLD6,a1a,Uni,uniform,greedy,real,94,1.94400076727339,1.9440007672733899,0.8629614169591855,0.1413222210926818,0.5327931147011518,0.9998942653923343,,,,,,,,,,,,,,,,,
TLD6,a1a,Uni,uniform,greedy,uniform,94,1.8997686463923553,1.8997686463923553,0.23946128120462867,0.14434364448538028,0.5541611394696759,0.999803764753709,,,,,,,,,,,,,,,,,
TLD6,a1a,Uni,uniform,greedy,gpm,94,1.913292457237003,1.913292457237003,0.34103170392338583,0.1357861684186602,0.5506616327325087,0.9998151121227639,,,,,,,,,,,,,,,,,
TLD6,a1a,Uni,uniform,greedy,gpm_soft,94,1.9262773200826722,1.9262773200826717,0.6095366223940446,0.13583771987574214,0.5419322323791772,0.999932837696535,,,,,,,,,,,,,,,,,
TLD6,a1a,Uni,uniform,greedy,SIZING,94,,,,,,,800.7169080033767,0.031914893617021274,2.481672820225759,91.0,69.37691928301989,49.0807023753308,66.69828272740823,151.35565311025735,103.74606548064097,0.5384615384615384,0.2087912087912088,88.12707521710759,58.47348644786546,55.546804229583536,51.154415773229154,56.64645126727861,
TLD6,a1a,Uni,uniform,greedy,SIZING_1TO1,94,,,,,,,800.7169080033767,0.26595744680851063,3.7054237828485883,69.0,70.48782168624749,46.69757339216491,66.88385963792521,169.35002137960467,114.14388957687973,0.5652173913043478,0.2608695652173913,100.88057520904667,56.656775285522265,55.5092230258691,49.64202645172913,55.610811638625634,0.3404255319148936
TLD6,a1a,LU,gpm,greedy,real,94,1.9435792449465599,1.9435792449465596,0.9222566067414698,0.15623282557185864,0.5281463989385365,0.9999041287553083,,,,,,,,,,,,,,,,,
TLD6,a1a,LU,gpm,greedy,uniform,94,1.91038448373042,1.91038448373042,0.20419423752443863,0.1464413786432036,0.54462631955098,0.9998950914104376,,,,,,,,,,,,,,,,,
TLD6,a1a,LU,gpm,greedy,gpm,94,1.8460648551632786,1.8460648551632786,0.20484242718984033,0.17216108718404477,0.5729285013071046,0.999982987550998,,,,,,,,,,,,,,,,,
TLD6,a1a,LU,gpm,greedy,gpm_soft,94,1.8126638074922383,1.8126638074922379,0.5537995612776205,0.18538591531419887,0.5882196595487786,0.9999892787316518,,,,,,,,,,,,,,,,,
TLD6,a1a,LU,gpm,greedy,SIZING,94,,,,,,,800.7169080033767,0.02127659574468085,2.3600345610151092,92.0,66.58743680088226,47.95317573522632,67.14536541312262,134.16431023767652,108.53926654029597,0.5217391304347826,0.2391304347826087,76.51264679139864,51.46467891521229,54.76341523844676,49.922151456667656,56.923225633639305,
TLD6,a1a,LU,gpm,greedy,SIZING_1TO1,94,,,,,,,800.7169080033767,0.23404255319148937,3.4559387953988248,72.0,63.29445677123595,49.522316072605534,63.51186708807146,156.7036453592365,101.9556257863035,0.5,0.18055555555555555,89.52200350231708,49.575629128746044,52.8268135189105,50.401810558934244,56.12863145295212,0.32978723404255317
TLD6,a1a,LU-soft,gpm_soft,greedy,real,94,1.8361074546793172,1.836107454679317,0.759507573006122,0.190061258932739,0.633061110038516,0.9920698544953849,,,,,,,,,,,,,,,,,
TLD6,a1a,LU-soft,gpm_soft,greedy,uniform,94,2.1167693736878803,2.1167693736878803,0.4235797518916667,0.15037573416304728,0.5257109788546509,0.9791483544116937,,,,,,,,,,,,,,,,,
TLD6,a1a,LU-soft,gpm_soft,greedy,gpm,94,2.0440712921298894,2.0440712921298894,0.39663124964647156,0.17932027749555407,0.5528662976270884,0.9803696333697687,,,,,,,,,,,,,,,,,
TLD6,a1a,LU-soft,gpm_soft,greedy,gpm_soft,94,1.5307150173495725,1.530715017349572,0.3093114667914519,0.2802212428003285,0.741087637563956,0.9980445290400524,,,,,,,,,,,,,,,,,
TLD6,a1a,LU-soft,gpm_soft,greedy,SIZING,94,,,,,,,800.7169080033767,0.0,1.7796178416161235,94.0,75.64266709286537,49.6777044016641,68.30210595288568,140.84841821226271,101.42043095062914,0.5,0.26595744680851063,82.25198332202278,57.022236361657036,57.64945377419492,52.505726777813805,58.960819305344344,
TLD6,a1a,LU-soft,gpm_soft,greedy,SIZING_1TO1,94,,,,,,,800.7169080033767,0.20212765957446807,3.080776798534181,75.0,78.38754211288631,53.52797383246405,71.35622450261289,148.64888382531163,86.81820521170415,0.4533333333333333,0.28,90.0968383892766,52.4535495001347,59.29153015705775,54.293373633338646,58.411294927348365,0.32978723404255317
TLD6,a1a,GNN-oof-42,gnn_oof_42,greedy,real,94,1.87893413784268,1.8789341378426798,0.6485204944955617,0.22569988674764607,0.6122386185725354,0.9908924807740905,,,,,,,,,,,,,,,,,
TLD6,a1a,GNN-oof-42,gnn_oof_42,greedy,uniform,94,2.235515401295074,2.235515401295074,0.5214464548328167,0.13711111552329364,0.4697093922375066,0.9855950377648849,,,,,,,,,,,,,,,,,
TLD6,a1a,GNN-oof-42,gnn_oof_42,greedy,gpm,94,2.1638993646247444,2.1638993646247444,0.4933504561404028,0.16156847103094335,0.4980738232873572,0.9864459554819858,,,,,,,,,,,,,,,,,
TLD6,a1a,GNN-oof-42,gnn_oof_42,greedy,gpm_soft,94,1.9541816510720746,1.9541816510720742,0.61194961098946,0.20955862964950883,0.5695443709439811,0.9926154693464382,,,,,,,,,,,,,,,,,
TLD6,a1a,GNN-oof-42,gnn_oof_42,greedy,SIZING,94,,,,,,,800.7169080033767,0.02127659574468085,1.5272211272889331,92.0,90.1196513716895,73.54329836218423,79.26907487432342,102.35212433862516,47.75161808840157,0.2608695652173913,0.30434782608695654,63.84086537704717,40.22641383167967,47.87157425038162,38.46907994627957,57.199999999999996,
TLD6,a1a,GNN-oof-42,gnn_oof_42,greedy,SIZING_1TO1,94,,,,,,,800.7169080033767,0.18085106382978725,2.2802317547710373,77.0,78.41922374074588,58.316802030537765,64.87505707704364,182.65199927758587,71.47716698805723,0.38961038961038963,0.23376623376623376,111.81112892009175,47.34990954131069,60.175256307577875,38.81071921839653,58.359840068715265,0.32978723404255317
TLD6,a1a,GNN-oof-123,gnn_oof_123,greedy,real,94,1.853859351242892,1.8538593512428918,0.6442217350899817,0.2048831849841718,0.6078776775123925,0.9973822119884687,,,,,,,,,,,,,,,,,
TLD6,a1a,GNN-oof-123,gnn_oof_123,greedy,uniform,94,2.149184069155413,2.149184069155413,0.4728463510481591,0.13769148788071106,0.47649463359080524,0.9954336741258869,,,,,,,,,,,,,,,,,
TLD6,a1a,GNN-oof-123,gnn_oof_123,greedy,gpm,94,2.082495147225448,2.082495147225448,0.4319356911909727,0.1583833722244363,0.5040014519398022,0.9956921909580851,,,,,,,,,,,,,,,,,
TLD6,a1a,GNN-oof-123,gnn_oof_123,greedy,gpm_soft,94,1.8923095263968277,1.8923095263968273,0.5754833986848276,0.2012979686175335,0.5832832345601878,0.9968278844761839,,,,,,,,,,,,,,,,,
TLD6,a1a,GNN-oof-123,gnn_oof_123,greedy,SIZING,94,,,,,,,800.7169080033767,0.010638297872340425,1.5832028566680232,93.0,77.49414638415304,68.22098222645265,69.60574472667612,153.08323355916065,57.07342591852185,0.3225806451612903,0.25806451612903225,94.63233445516852,38.368038078636786,48.07592048680137,35.523740511987064,55.44235425615146,
TLD6,a1a,GNN-oof-123,gnn_oof_123,greedy,SIZING_1TO1,94,,,,,,,800.7169080033767,0.19148936170212766,2.0492609378422744,76.0,80.27798596605275,64.78293859679825,67.37549707842754,172.33176809087985,63.079196685885435,0.35526315789473684,0.23684210526315788,105.83801350906904,40.12016604735581,57.58859170470682,37.012534865581245,57.50314566799693,0.2765957446808511
TLD6,a1a,GNN-oof-456,gnn_oof_456,greedy,real,94,1.828748012762763,1.8287480127627629,0.6536100882691787,0.21369140489785063,0.6227369624812332,0.9977557780117206,,,,,,,,,,,,,,,,,
TLD6,a1a,GNN-oof-456,gnn_oof_456,greedy,uniform,94,2.1690190323743694,2.1690190323743694,0.505283313563014,0.1406703189356231,0.48045653833843305,0.9927272807873089,,,,,,,,,,,,,,,,,
TLD6,a1a,GNN-oof-456,gnn_oof_456,greedy,gpm,94,2.0937212510757606,2.0937212510757606,0.477736258873318,0.16614915655104961,0.5079897059793155,0.9933720564767039,,,,,,,,,,,,,,,,,
TLD6,a1a,GNN-oof-456,gnn_oof_456,greedy,gpm_soft,94,1.868883333860292,1.8688833338602915,0.5958245142200801,0.21322516853854673,0.5880974973703547,0.9967608781033968,,,,,,,,,,,,,,,,,
TLD6,a1a,GNN-oof-456,gnn_oof_456,greedy,SIZING,94,,,,,,,800.7169080033767,0.0,1.5486606818742792,94.0,87.66716730618174,61.209397843277316,74.3351796032829,124.3187466475906,66.03326832113197,0.3404255319148936,0.26595744680851063,73.64672225690622,41.04112196279442,44.39591082780568,31.254000959362603,54.89377247544664,
TLD6,a1a,GNN-oof-456,gnn_oof_456,greedy,SIZING_1TO1,94,,,,,,,800.7169080033767,0.2127659574468085,2.292653925244352,74.0,72.09242007844674,57.95152149618472,61.81760068843304,182.49602068504583,72.56023288469885,0.43243243243243246,0.17567567567567569,107.1366382602559,49.684514347444015,55.726788013809234,31.948065620623012,55.2159300324868,0.26595744680851063
TLG1,a1a,Uni,uniform,greedy,real,65,3.680099019538662,3.680099019538662,0.9163959391452614,0.03624728366415117,0.1543347609454783,0.810542000710736,,,,,,,,,,,,,,,,,
TLG1,a1a,Uni,uniform,greedy,uniform,65,3.654894229010772,3.654894229010771,0.19484639151881994,0.03691746269183205,0.15524529504208573,0.8171497894622852,,,,,,,,,,,,,,,,,
TLG1,a1a,Uni,uniform,greedy,gpm,65,3.659310786146955,3.659310786146955,0.19933162631025517,0.03628399092042216,0.15358831936935227,0.8170174848252615,,,,,,,,,,,,,,,,,
TLG1,a1a,Uni,uniform,greedy,gpm_soft,65,3.6489990877445564,3.6489990877445564,0.20293347380167642,0.037023799859839626,0.1555284603438092,0.8183104353587085,,,,,,,,,,,,,,,,,
TLG1,a1a,Uni,uniform,greedy,SIZING,65,,,,,,,1033.29,0.0,4.82144633666266,65.0,60.99646619758061,43.612299638368775,59.91928693783959,170.95014475412083,129.29311416548887,0.6,0.13846153846153847,96.97874138835257,57.72683798686374,82.6474418759088,48.64630173794045,67.6875,
TLG1,a1a,Uni,uniform,greedy,SIZING_1TO1,65,,,,,,,1033.29,0.16923076923076924,7.674043487935606,54.0,68.67633460088956,51.53199162744367,68.71184002852306,170.796413322123,94.08982912762785,0.46296296296296297,0.2037037037037037,100.59489628361037,50.086929908319306,75.37253138662908,49.26577761618556,69.76923076923077,0.2923076923076923
TLG1,a1a,LU,gpm,greedy,real,65,3.590242237026766,3.590242237026766,0.8535283266005601,0.035042401298088055,0.15295763434976678,0.8403514097724385,,,,,,,,,,,,,,,,,
TLG1,a1a,LU,gpm,greedy,uniform,65,3.6402353496780533,3.640235349678052,0.20992760758908602,0.03655955611971953,0.1532725809749714,0.8276612374495077,,,,,,,,,,,,,,,,,
TLG1,a1a,LU,gpm,greedy,gpm,65,3.6256675806604854,3.6256675806604854,0.2167240634628864,0.03727866455004156,0.1551543388605496,0.8304053861033673,,,,,,,,,,,,,,,,,
TLG1,a1a,LU,gpm,greedy,gpm_soft,65,3.6305792058633912,3.6305792058633912,0.2115281736075666,0.03692122218492385,0.15304148621096533,0.8306379289498742,,,,,,,,,,,,,,,,,
TLG1,a1a,LU,gpm,greedy,SIZING,65,,,,,,,1033.29,0.0,4.737449619815737,65.0,68.20903272122878,45.87124483710273,67.4750876649671,128.80169080769986,118.0014960464197,0.5692307692307692,0.24615384615384617,71.97690995422734,60.18451939945578,82.57598421331444,60.68500356660784,75.1,
TLG1,a1a,LU,gpm,greedy,SIZING_1TO1,65,,,,,,,1033.29,0.24615384615384617,7.284791206460533,49.0,70.41439513916806,47.59592802985416,68.35392496822331,132.66149876792196,110.10200691385998,0.5714285714285714,0.24489795918367346,74.1970196389133,53.49015505001896,73.7480218417136,53.8422822764684,67.6875,0.26153846153846155
TLG1,a1a,LU-soft,gpm_soft,greedy,real,65,3.8622198309580527,3.8622198309580527,0.8153891576948584,0.031713098084796866,0.12785419301044504,0.7771923720849712,,,,,,,,,,,,,,,,,
TLG1,a1a,LU-soft,gpm_soft,greedy,uniform,65,3.65354223981622,3.6535422398162187,0.23017994571735645,0.036044629436029076,0.15125543397546418,0.8191427896909271,,,,,,,,,,,,,,,,,
TLG1,a1a,LU-soft,gpm_soft,greedy,gpm,65,3.6534942376505244,3.6534942376505244,0.2373424132296726,0.035979110105170346,0.15037929595545765,0.8187943890374172,,,,,,,,,,,,,,,,,
TLG1,a1a,LU-soft,gpm_soft,greedy,gpm_soft,65,3.6140270964628027,3.6140270964628027,0.22765619964898204,0.03864228379865922,0.15659790580947297,0.8275653062501618,,,,,,,,,,,,,,,,,
TLG1,a1a,LU-soft,gpm_soft,greedy,SIZING,65,,,,,,,1033.29,0.0,4.646383495563633,65.0,61.05627045607427,45.421531020915,60.493504566320524,223.01412951169257,120.15990600130489,0.6,0.2,131.21918016934546,52.36495397882963,86.50580700835765,55.755110536633644,67.6875,
TLG1,a1a,LU-soft,gpm_soft,greedy,SIZING_1TO1,65,,,,,,,1033.29,0.26153846153846155,7.896694064447877,48.0,68.04023207367204,45.989992639398544,63.60840470982411,196.6472373703558,117.47183444726484,0.5833333333333334,0.22916666666666666,117.43752554420355,58.40938676508996,78.59411968682748,52.89581289658369,65.0,0.27692307692307694
TLG1,a1a,GNN-oof-42,gnn_oof_42,greedy,real,65,3.6033167001622703,3.6033167001622703,0.6957879407768822,0.059444810958601726,0.23334723703181304,0.7762212619197457,,,,,,,,,,,,,,,,,
TLG1,a1a,GNN-oof-42,gnn_oof_42,greedy,uniform,65,4.423727316587857,4.423727316587855,0.502518900540484,0.03513667232278021,0.14113626860266004,0.6195750984992245,,,,,,,,,,,,,,,,,
TLG1,a1a,GNN-oof-42,gnn_oof_42,greedy,gpm,65,4.39077581858536,4.39077581858536,0.4888994222022447,0.03776329123399931,0.14776842882107333,0.623950572839302,,,,,,,,,,,,,,,,,
TLG1,a1a,GNN-oof-42,gnn_oof_42,greedy,gpm_soft,65,4.482356267077773,4.482356267077773,0.5365984684323507,0.033804467097448894,0.1346905666786388,0.6088828397618322,,,,,,,,,,,,,,,,,
TLG1,a1a,GNN-oof-42,gnn_oof_42,greedy,SIZING,65,,,,,,,1033.29,0.0,2.715670791992058,65.0,100.35440207144224,68.426104423497,83.18864984660638,99.23094331706264,65.56401708835133,0.35384615384615387,0.35384615384615387,60.43806452007521,47.61402130237868,65.97899601625865,59.390879000240126,63.37931034482758,
TLG1,a1a,GNN-oof-42,gnn_oof_42,greedy,SIZING_1TO1,65,,,,,,,1033.29,0.26153846153846155,5.022751537698273,48.0,75.36115697872852,62.90791076415863,65.06292220070877,114.76307005299107,63.89074936569649,0.3958333333333333,0.1875,60.10155715174479,44.7638910424311,64.91651611150101,45.759950685399915,63.689655172413794,0.27692307692307694
TLG1,a1a,GNN-oof-123,gnn_oof_123,greedy,real,65,3.564823810348218,3.564823810348218,0.7388743126413708,0.05555978551970556,0.218991028531485,0.7970062491575507,,,,,,,,,,,,,,,,,
TLG1,a1a,GNN-oof-123,gnn_oof_123,greedy,uniform,65,4.194276683611712,4.19427668361171,0.4449136297438035,0.035345613419883556,0.14395403282418487,0.6751309261090875,,,,,,,,,,,,,,,,,
TLG1,a1a,GNN-oof-123,gnn_oof_123,greedy,gpm,65,4.163514262695889,4.163514262695889,0.43211244627591056,0.0378175241128266,0.15060226417678693,0.6785356522111381,,,,,,,,,,,,,,,,,
TLG1,a1a,GNN-oof-123,gnn_oof_123,greedy,gpm_soft,65,4.2425955011482905,4.2425955011482905,0.47707720366588424,0.03438229143955373,0.13951737151296617,0.6664009717996942,,,,,,,,,,,,,,,,,
TLG1,a1a,GNN-oof-123,gnn_oof_123,greedy,SIZING,65,,,,,,,1033.29,0.0,2.7760673739449877,65.0,88.29318512187854,59.82617649564496,75.1296022091249,131.92783999329416,71.3907986003642,0.4,0.2923076923076923,80.74161965513765,51.69771933458448,68.8609775809382,44.890274077525,65.99999999999999,
TLG1,a1a,GNN-oof-123,gnn_oof_123,greedy,SIZING_1TO1,65,,,,,,,1033.29,0.24615384615384617,5.022751537698273,49.0,71.67088529088991,51.39673996045926,62.239882810860934,151.8834362073229,94.56486943905855,0.46938775510204084,0.16326530612244897,87.32814353411918,49.6290798695187,70.38654127064406,51.46211598021581,65.99999999999999,0.24615384615384617
TLG1,a1a,GNN-oof-456,gnn_oof_456,greedy,real,65,3.549556283852512,3.549556283852512,0.6831848962086562,0.05583468565528444,0.2270724722764586,0.7899461878769762,,,,,,,,,,,,,,,,,
TLG1,a1a,GNN-oof-456,gnn_oof_456,greedy,uniform,65,4.311411307256778,4.311411307256776,0.46898513097632627,0.03464650517688822,0.1407421905737968,0.6427175787233775,,,,,,,,,,,,,,,,,
TLG1,a1a,GNN-oof-456,gnn_oof_456,greedy,gpm,65,4.284053655492423,4.284053655492423,0.45610698787424214,0.03676497320856983,0.1466967732221024,0.6457874032324886,,,,,,,,,,,,,,,,,
TLG1,a1a,GNN-oof-456,gnn_oof_456,greedy,gpm_soft,65,4.370317245398939,4.370317245398939,0.4918362975919845,0.032186336040293397,0.1342422714972567,0.6326472861974264,,,,,,,,,,,,,,,,,
TLG1,a1a,GNN-oof-456,gnn_oof_456,greedy,SIZING,65,,,,,,,1033.29,0.0,2.7760673739449877,65.0,98.63165865172459,71.80470969096699,81.59632500717765,97.48874169064935,64.9396663160652,0.36923076923076925,0.3230769230769231,60.26609950586306,50.32245690617786,64.53268076827182,51.566157070600596,65.99999999999999,
TLG1,a1a,GNN-oof-456,gnn_oof_456,greedy,SIZING_1TO1,65,,,,,,,1033.29,0.26153846153846155,7.812466262869233,48.0,76.28150318855208,56.095032968707564,64.50255128032539,200.28679962533568,78.41212061259179,0.4583333333333333,0.22916666666666666,121.6364089737868,52.7210389034883,62.0397970883586,52.87997995720178,63.689655172413794,0.27692307692307694
TLG2,a1a,Uni,uniform,greedy,real,96,3.0625755458309776,3.062575545830977,0.7978992185237118,0.05625339068654044,0.22663392212621908,0.9154855954936315,,,,,,,,,,,,,,,,,
TLG2,a1a,Uni,uniform,greedy,uniform,96,2.949474709107731,2.9494747091077302,0.26410540283387113,0.06975449196832564,0.262237962988212,0.9259753603317061,,,,,,,,,,,,,,,,,
TLG2,a1a,Uni,uniform,greedy,gpm,96,2.9473724933526833,2.947372493352683,0.27668851630036656,0.06926667987125826,0.26238406297008315,0.9268223266223383,,,,,,,,,,,,,,,,,
TLG2,a1a,Uni,uniform,greedy,gpm_soft,96,2.97279379266911,2.97279379266911,0.5946571514660669,0.0647683513409904,0.25265155163041036,0.9248616247315187,,,,,,,,,,,,,,,,,
TLG2,a1a,Uni,uniform,greedy,SIZING,96,,,,,,,1300.6183079398284,0.0,3.7139032658127116,96.0,66.91842317325936,45.934674032022244,68.64823463199883,191.37508816427749,117.71225970794222,0.53125,0.1875,111.4598959649709,64.10873242778376,108.26844196278226,58.43419926162474,68.84615384615384,
TLG2,a1a,Uni,uniform,greedy,SIZING_1TO1,96,,,,,,,1300.6183079398284,0.17708333333333334,6.167447236873793,78.0,65.28271574243448,47.15011823157262,66.34718284919288,251.1063250547352,112.10145921183715,0.5128205128205128,0.21794871794871795,152.95425471773189,57.484250654672934,102.72065372965855,54.203150877057894,63.408026755852845,0.3125
TLG2,a1a,LU,gpm,greedy,real,96,3.0336267179399874,3.033626717939987,0.7979036756961594,0.0604410973968795,0.23551967289415773,0.9228589326743631,,,,,,,,,,,,,,,,,
TLG2,a1a,LU,gpm,greedy,uniform,96,2.960212187604431,2.96021218760443,0.2956397458467868,0.06974542050791108,0.2589742445056283,0.9271661532384942,,,,,,,,,,,,,,,,,
TLG2,a1a,LU,gpm,greedy,gpm,96,2.933748193913675,2.9337481939136745,0.29289803498584455,0.0748339688450638,0.264572152490761,0.9307849804854498,,,,,,,,,,,,,,,,,
TLG2,a1a,LU,gpm,greedy,gpm_soft,96,2.970893167781509,2.970893167781509,0.625684665108235,0.06621776232645002,0.24893483410406098,0.9349791255795379,,,,,,,,,,,,,,,,,
TLG2,a1a,LU,gpm,greedy,SIZING,96,,,,,,,1300.6183079398284,0.010416666666666666,3.7933385295746422,94.0,74.13316661923847,60.36802702492638,76.46554644039222,248.30481632568586,65.66179665605374,0.44680851063829785,0.2765957446808511,155.4698744406881,50.96036294647186,98.02445420310013,49.10131950523777,67.38461538461539,
TLG2,a1a,LU,gpm,greedy,SIZING_1TO1,96,,,,,,,1300.6183079398284,0.16666666666666666,6.344115957889226,79.0,68.14994904648923,47.08436350907505,68.38159422987758,268.4023322770332,112.38473358724706,0.5316455696202531,0.21518987341772153,165.24757157562112,63.933717529280585,107.05856505802868,55.79940413156079,62.747742526012004,0.3541666666666667
TLG2,a1a,LU-soft,gpm_soft,greedy,real,96,2.8582653993396487,2.8582653993396483,0.7152370463539676,0.0840604168081734,0.3158624664474831,0.8955892897928563,,,,,,,,,,,,,,,,,
TLG2,a1a,LU-soft,gpm_soft,greedy,uniform,96,3.2234075822664128,3.223407582266412,0.49582182010514203,0.07035074165381913,0.26292977002779283,0.8416911452059869,,,,,,,,,,,,,,,,,
TLG2,a1a,LU-soft,gpm_soft,greedy,gpm,96,3.2173343073623633,3.2173343073623624,0.5046861917818146,0.07144121258113426,0.26159709797137404,0.8445058459830138,,,,,,,,,,,,,,,,,
TLG2,a1a,LU-soft,gpm_soft,greedy,gpm_soft,96,2.5774178981754723,2.5774178981754723,0.34023591312651363,0.12176214268022009,0.38016034429400947,0.926059480552273,,,,,,,,,,,,,,,,,
TLG2,a1a,LU-soft,gpm_soft,greedy,SIZING,96,,,,,,,1300.6183079398284,0.0,3.0015809563465172,95.0,94.13524730029543,60.73068413365783,90.91425097769884,249.6143509752888,69.62268205074349,0.4631578947368421,0.3368421052631579,160.92828970068598,64.43144755319584,104.45516627219662,67.91648058296659,67.3076923076923,
TLG2,a1a,LU-soft,gpm_soft,greedy,SIZING_1TO1,96,,,,,,,1300.6183079398284,0.3020833333333333,7.777303079374146,66.0,82.44815669303799,56.11304732502977,77.03347794134578,254.46784703359663,80.47984304268726,0.48484848484848486,0.25757575757575757,161.64992037538113,64.39622866941542,119.9502513217692,63.788302735234915,62.553461538461534,0.3020833333333333
TLG2,a1a,GNN-oof-42,gnn_oof_42,greedy,real,96,2.9321583458811884,2.932158345881188,0.6107540852476042,0.09058298900997831,0.3239000052853755,0.8880945142774417,,,,,,,,,,,,,,,,,
TLG2,a1a,GNN-oof-42,gnn_oof_42,greedy,uniform,96,3.38550563296539,3.3855056329653888,0.544491299277149,0.06999917117625719,0.24472573991277216,0.8191916697659605,,,,,,,,,,,,,,,,,
TLG2,a1a,GNN-oof-42,gnn_oof_42,greedy,gpm,96,3.4014282542325835,3.4014282542325827,0.546621031565427,0.06881136434922396,0.24559222770050837,0.8154383242066611,,,,,,,,,,,,,,,,,
TLG2,a1a,GNN-oof-42,gnn_oof_42,greedy,gpm_soft,96,2.9749995587524163,2.9749995587524163,0.5951208591376735,0.10055175320588088,0.3239300682243671,0.8763786805275763,,,,,,,,,,,,,,,,,
TLG2,a1a,GNN-oof-42,gnn_oof_42,greedy,SIZING,96,,,,,,,1300.6183079398284,0.0,2.0446409525993055,96.0,95.22963984990896,67.9703906502744,94.89908597750993,180.1205309533323,56.40431142304362,0.3229166666666667,0.3958333333333333,117.45481247384639,49.20525056481172,74.92946951868724,58.13279530052558,66.57489878542509,
TLG2,a1a,GNN-oof-42,gnn_oof_42,greedy,SIZING_1TO1,96,,,,,,,1300.6183079398284,0.22916666666666666,5.615649171144792,73.0,71.36524783684189,50.49192630624966,69.5823217082415,241.32407691767716,98.05146548275474,0.4794520547945205,0.2465753424657534,147.00624270526586,57.20003104012602,97.4194859492328,53.090084741361245,62.747742526012004,0.2916666666666667
TLG2,a1a,GNN-oof-123,gnn_oof_123,greedy,real,96,2.887411330010564,2.8874113300105635,0.5956213967247819,0.09751790390613682,0.33271832726614864,0.8965894445835304,,,,,,,,,,,,,,,,,
TLG2,a1a,GNN-oof-123,gnn_oof_123,greedy,uniform,96,3.319423001031654,3.319423001031653,0.4815262402828664,0.06933448789148851,0.24697218581036137,0.8355198223095673,,,,,,,,,,,,,,,,,
TLG2,a1a,GNN-oof-123,gnn_oof_123,greedy,gpm,96,3.3402447731519214,3.3402447731519205,0.4839197681788767,0.06869673281282766,0.24604459945332588,0.8306625135870371,,,,,,,,,,,,,,,,,
TLG2,a1a,GNN-oof-123,gnn_oof_123,greedy,gpm_soft,96,2.9879495640892957,2.9879495640892957,0.6221454905589776,0.09724594021259861,0.3169582926010467,0.8741529789349081,,,,,,,,,,,,,,,,,
TLG2,a1a,GNN-oof-123,gnn_oof_123,greedy,SIZING,96,,,,,,,1300.6183079398284,0.0,2.1648482912014515,96.0,103.69284922641056,74.86620493013976,100.65619823427141,146.7991536585781,58.22023387217753,0.2708333333333333,0.3541666666666667,94.86111784197921,49.50770865914236,64.08770912132377,50.013555560612076,64.02341137123744,
TLG2,a1a,GNN-oof-123,gnn_oof_123,greedy,SIZING_1TO1,96,,,,,,,1300.6183079398284,0.17708333333333334,5.600706133640912,78.0,71.93285471456076,53.876424390292144,67.72983714984578,252.24952382457653,85.62256665900263,0.4358974358974359,0.21794871794871795,154.62613308006655,56.547315032070095,108.73553382528458,54.451869903325715,62.91233280146754,0.2916666666666667
TLG2,a1a,GNN-oof-456,gnn_oof_456,greedy,real,96,2.994520322833794,2.9945203228337935,0.6868926748644334,0.08106822534061146,0.297359020449176,0.8796631412449961,,,,,,,,,,,,,,,,,
TLG2,a1a,GNN-oof-456,gnn_oof_456,greedy,uniform,96,3.290573813402961,3.2905738134029603,0.4181675407934105,0.0676614619655477,0.24253483381381913,0.8420562025365484,,,,,,,,,,,,,,,,,
TLG2,a1a,GNN-oof-456,gnn_oof_456,greedy,gpm,96,3.312187795586334,3.312187795586333,0.41810788832700546,0.06498653333482447,0.24012564183858834,0.8378225529064127,,,,,,,,,,,,,,,,,
TLG2,a1a,GNN-oof-456,gnn_oof_456,greedy,gpm_soft,96,3.095329815302654,3.095329815302654,0.6523901514805182,0.08991059788914761,0.2958588463147285,0.8567234460779214,,,,,,,,,,,,,,,,,
TLG2,a1a,GNN-oof-456,gnn_oof_456,greedy,SIZING,96,,,,,,,1300.6183079398284,0.0,2.4356236724549465,95.0,89.95866287618313,64.15049226166802,89.42711536445861,180.41183925720506,64.1556705227088,0.3263157894736842,0.3157894736842105,111.48768293739107,48.97240694563283,69.91483325203767,54.31696955095452,64.30769230769229,
TLG2,a1a,GNN-oof-456,gnn_oof_456,greedy,SIZING_1TO1,96,,,,,,,1300.6183079398284,0.1875,5.802541816546119,77.0,69.33887266382162,54.65686620538731,63.811542877561244,254.18361113955726,82.95962967255409,0.4675324675324675,0.15584415584415584,152.10876487653948,60.37982291448317,102.21721642362209,56.92891510376372,61.86956521739131,0.25
TLE4,a1a,Uni,uniform,greedy,real,151,1.495373494282075,1.4953734942820753,1.1523712218939224,0.21718294546972391,0.7649179662776651,1.0,,,,,,,,,,,,,,,,,
TLE4,a1a,Uni,uniform,greedy,uniform,151,1.5127281149841443,1.5127281149841443,0.2366692147401746,0.22282185039007785,0.7438215829734824,1.0,,,,,,,,,,,,,,,,,
TLE4,a1a,Uni,uniform,greedy,gpm,151,1.500289252826612,1.5002892528266119,0.42617537113521947,0.2282357641370542,0.7511310034085062,1.0,,,,,,,,,,,,,,,,,
TLE4,a1a,Uni,uniform,greedy,gpm_soft,151,1.4863893250376516,1.4863893250376516,0.6645726839884191,0.2326173833065326,0.7567624727679038,1.0,,,,,,,,,,,,,,,,,
TLE4,a1a,Uni,uniform,greedy,SIZING,151,,,,,,,1928.4314380491912,0.052980132450331126,1.8861969804489136,143.0,68.12456832385367,66.32829220444347,63.78896136118447,121.87157145282798,50.76522653677006,0.32167832167832167,0.13986013986013987,69.11126888946592,30.713751128694845,40.537498056403685,25.877545382923294,57.21976902173913,
TLE4,a1a,Uni,uniform,greedy,SIZING_1TO1,151,,,,,,,1928.4314380491912,0.4105960264900662,4.118028118399774,89.0,69.83213326901998,68.21422450068494,65.42774245136668,89.04971233789028,46.596990190800916,0.29213483146067415,0.16853932584269662,47.80994843118821,31.02036618655327,32.46142885859659,23.002765939572992,55.87724202473958,0.4105960264900662
TLE4,a1a,LU,gpm,greedy,real,151,1.491162067166594,1.4911620671665942,1.054279798403918,0.23558796201784868,0.7485005011253575,0.9999391223784299,,,,,,,,,,,,,,,,,
TLE4,a1a,LU,gpm,greedy,uniform,151,1.543283748565255,1.543283748565255,0.3051178491676697,0.21807262555750756,0.7318836809709756,0.9998095938720847,,,,,,,,,,,,,,,,,
TLE4,a1a,LU,gpm,greedy,gpm,151,1.3854474803214434,1.3854474803214432,0.2668047096255955,0.29398506219070897,0.7956112769367417,0.9999743175752548,,,,,,,,,,,,,,,,,
TLE4,a1a,LU,gpm,greedy,gpm_soft,151,1.4332515886652952,1.4332515886652952,0.6457280330503815,0.2829715348318963,0.7670109918610357,0.9999166643193189,,,,,,,,,,,,,,,,,
TLE4,a1a,LU,gpm,greedy,SIZING,151,,,,,,,1928.4314380491912,0.0728476821192053,1.5284337471840157,140.0,71.92988997264553,66.92368742927557,67.95491020577077,80.28509160766204,50.54475777408497,0.2357142857142857,0.17142857142857143,43.196465397183374,28.23428914930913,31.496543425806912,22.890679538357762,57.46804531816124,
TLE4,a1a,LU,gpm,greedy,SIZING_1TO1,151,,,,,,,1928.4314380491912,0.3841059602649007,3.8980273475941734,93.0,69.32017489276357,67.66125852870915,66.22727389647979,82.91583597700364,47.948858794559165,0.22580645161290322,0.11827956989247312,42.55437860559573,22.851344907670452,31.381427229231637,20.47071976525437,58.79261067708333,0.3841059602649007
TLE4,a1a,LU-soft,gpm_soft,greedy,real,151,1.3998866107706862,1.3998866107706864,0.8289113292031062,0.28017230504024043,0.8353694478959951,0.9941096510654055,,,,,,,,,,,,,,,,,
TLE4,a1a,LU-soft,gpm_soft,greedy,uniform,151,1.7641970428383813,1.7641970428383813,0.6120313773293697,0.21463272847825232,0.6875627684423475,0.973424377051709,,,,,,,,,,,,,,,,,
TLE4,a1a,LU-soft,gpm_soft,greedy,gpm,151,1.7775043470939904,1.7775043470939902,0.7987617947717275,0.2603145301629361,0.6992701564011884,0.961373133013206,,,,,,,,,,,,,,,,,
TLE4,a1a,LU-soft,gpm_soft,greedy,gpm_soft,151,1.2041817445740994,1.2041817445740994,0.2714880392176294,0.38564021315026464,0.8820646770173236,0.9999407185182912,,,,,,,,,,,,,,,,,
TLE4,a1a,LU-soft,gpm_soft,greedy,SIZING,151,,,,,,,1928.4314380491912,0.026490066225165563,1.1722381506404023,147.0,71.1920924284886,65.69810912802019,67.13870685935063,74.08393186575044,52.21138222583954,0.23129251700680273,0.17006802721088435,38.62003049664388,28.801569033705256,30.34313574003331,23.054977772731178,59.09884440104166,
TLE4,a1a,LU-soft,gpm_soft,greedy,SIZING_1TO1,151,,,,,,,1928.4314380491912,0.2052980132450331,2.269259576514505,120.0,66.880289876503,63.74512297137679,64.0952556900595,102.0759038678996,56.90896200430568,0.2916666666666667,0.11666666666666667,54.58512318689023,27.927838826157654,28.728988663003967,20.791909037265548,57.46804531816124,0.2847682119205298
TLE4,a1a,GNN-oof-42,gnn_oof_42,greedy,real,151,1.3560945751675277,1.356094575167528,0.575046639291774,0.3443087987807562,0.7997027082523446,0.9997656810898812,,,,,,,,,,,,,,,,,
TLE4,a1a,GNN-oof-42,gnn_oof_42,greedy,uniform,151,1.7395598118901399,1.7395598118901399,0.592841998160287,0.20513565615111287,0.6403013921765449,0.9986326350988187,,,,,,,,,,,,,,,,,
TLE4,a1a,GNN-oof-42,gnn_oof_42,greedy,gpm,151,1.5658404790401605,1.5658404790401603,0.5229961461246951,0.2715801554399743,0.7113832213270069,0.9990052321169023,,,,,,,,,,,,,,,,,
TLE4,a1a,GNN-oof-42,gnn_oof_42,greedy,gpm_soft,151,1.4197605918438263,1.4197605918438263,0.5010351966102428,0.31472141259892983,0.785222816908705,0.9988171913797763,,,,,,,,,,,,,,,,,
TLE4,a1a,GNN-oof-42,gnn_oof_42,greedy,SIZING,151,,,,,,,1928.4314380491912,0.046357615894039736,0.980841713863936,144.0,75.62824337587685,68.56527713364042,66.91254724842238,86.78060959205156,47.71437164356158,0.2569444444444444,0.20833333333333334,48.56277334733496,32.19991509165944,34.74299177495343,28.568594050751184,59.059727057857785,
TLE4,a1a,GNN-oof-42,gnn_oof_42,greedy,SIZING_1TO1,151,,,,,,,1928.4314380491912,0.19205298013245034,2.0820223513931597,122.0,72.89353367655366,64.07195997391139,64.64818288864677,103.04743451387355,56.080168332277296,0.2540983606557377,0.1721311475409836,55.389289021253354,29.26334231035763,31.555670032518087,25.197050251740173,57.97366267549819,0.2980132450331126
TLE4,a1a,GNN-oof-123,gnn_oof_123,greedy,real,151,1.3714613543480703,1.3714613543480705,0.5836956331285719,0.33817905735739057,0.7944373610392749,0.9998128248261083,,,,,,,,,,,,,,,,,
TLE4,a1a,GNN-oof-123,gnn_oof_123,greedy,uniform,151,1.704757590304669,1.704757590304669,0.5405705872755323,0.20915368333947276,0.6530182438094293,0.9996296416468388,,,,,,,,,,,,,,,,,
TLE4,a1a,GNN-oof-123,gnn_oof_123,greedy,gpm,151,1.5499987535434823,1.549998753543482,0.4916203108529797,0.2738692938814374,0.7174305363216423,0.9999438154679902,,,,,,,,,,,,,,,,,
TLE4,a1a,GNN-oof-123,gnn_oof_123,greedy,gpm_soft,151,1.4036051230599005,1.4036051230599005,0.47961354598588196,0.3212896952503028,0.7861970429534606,0.9998886618161029,,,,,,,,,,,,,,,,,
TLE4,a1a,GNN-oof-123,gnn_oof_123,greedy,SIZING,151,,,,,,,1928.4314380491912,0.046357615894039736,1.0987897779035538,144.0,76.42106420705328,71.73266301154301,67.14955062584086,85.55181150663148,44.47931977769004,0.2638888888888889,0.20833333333333334,49.675510419741265,30.854184895120696,37.997198419581004,31.013671433863372,59.115989795629524,
TLE4,a1a,GNN-oof-123,gnn_oof_123,greedy,SIZING_1TO1,151,,,,,,,1928.4314380491912,0.2185430463576159,2.221807765127997,118.0,76.4492688015617,71.89840259542025,66.07544028193487,96.0972845703866,50.11238026110702,0.2627118644067797,0.19491525423728814,55.233992497907806,30.170744538937264,33.80728726323947,29.240438884838905,58.51180720674819,0.2847682119205298
TLE4,a1a,GNN-oof-456,gnn_oof_456,greedy,real,151,1.3582043529137584,1.3582043529137586,0.5565840416305435,0.3471980276390531,0.796776575066057,0.9995273775951099,,,,,,,,,,,,,,,,,
TLE4,a1a,GNN-oof-456,gnn_oof_456,greedy,uniform,151,1.7457400940895123,1.7457400940895123,0.6561448991965602,0.20475705597669852,0.6402292165051182,0.9980928645891657,,,,,,,,,,,,,,,,,
TLE4,a1a,GNN-oof-456,gnn_oof_456,greedy,gpm,151,1.573835796837692,1.5738357968376917,0.5464287418740286,0.2662427723501118,0.710931178942874,0.9995713872780403,,,,,,,,,,,,,,,,,
TLE4,a1a,GNN-oof-456,gnn_oof_456,greedy,gpm_soft,151,1.4453804633015273,1.4453804633015273,0.5565350319638203,0.30248947249225816,0.775933112214648,0.9993909736344306,,,,,,,,,,,,,,,,,
TLE4,a1a,GNN-oof-456,gnn_oof_456,greedy,SIZING,151,,,,,,,1928.4314380491912,0.033112582781456956,1.0828154460605781,146.0,75.32841428891444,69.8492737929428,66.7872428152932,85.85226307266987,44.95114933741671,0.2671232876712329,0.19863013698630136,50.44479098115024,31.54971375231709,35.628959462571665,26.58666960897346,59.115989795629524,
TLE4,a1a,GNN-oof-456,gnn_oof_456,greedy,SIZING_1TO1,151,,,,,,,1928.4314380491912,0.19205298013245034,1.9633567445972397,122.0,75.28201508707188,66.14047872034492,65.8331826349055,91.0518933506987,52.717591049071224,0.28688524590163933,0.20491803278688525,50.65578211076809,33.14341336374336,32.47807947857576,27.7310713996287,57.46804531816124,0.2980132450331126
TLH1,a1a,Uni,uniform,greedy,real,183,3.360638474760206,3.360638474760206,0.7446076646267529,0.051771408700455185,0.2163383191547316,0.8240242330755643,,,,,,,,,,,,,,,,,
TLH1,a1a,Uni,uniform,greedy,uniform,183,3.3820519611684774,3.3820519611684774,0.2501140341656894,0.05362316161014406,0.21500578653930805,0.8208269145011629,,,,,,,,,,,,,,,,,
TLH1,a1a,Uni,uniform,greedy,gpm,183,3.3743542446517076,3.3743542446517076,0.27114292283615943,0.054324064468902505,0.21736151404995196,0.8215172003860605,,,,,,,,,,,,,,,,,
TLH1,a1a,Uni,uniform,greedy,gpm_soft,183,3.3803111580431304,3.3803111580431304,0.4795233229763947,0.05359802993500003,0.21546100752417408,0.8207799225932229,,,,,,,,,,,,,,,,,
TLH1,a1a,Uni,uniform,greedy,SIZING,183,,,,,,,1857.1011,0.0,3.4301288141302786,183.0,75.2560035932782,62.07654826020374,70.3406213766892,130.5041809700755,62.981404455875044,0.36065573770491804,0.2185792349726776,76.93372030265357,44.78912247878231,118.4480935298465,52.259167135623194,94.74,
TLH1,a1a,Uni,uniform,greedy,SIZING_1TO1,183,,,,,,,1857.1011,0.15300546448087432,7.661701688279998,155.0,71.03841837193819,58.451569621608314,65.47426434496899,135.37757955676588,71.08180438499654,0.4064516129032258,0.21935483870967742,78.420634420898,46.96668592733057,127.96681356212524,59.902833764309925,95.44999999999999,0.28415300546448086
TLH1,a1a,LU,gpm,greedy,real,183,3.3838969974988005,3.3838969974988005,0.734817784262647,0.05276089642434962,0.21630711401303998,0.8222486053854856,,,,,,,,,,,,,,,,,
TLH1,a1a,LU,gpm,greedy,uniform,183,3.392513574406561,3.392513574406561,0.29471979096812495,0.04990810588576164,0.20312519550013441,0.8308620086810482,,,,,,,,,,,,,,,,,
TLH1,a1a,LU,gpm,greedy,gpm,183,3.278529279245138,3.278529279245138,0.27315010749251667,0.05607809262405487,0.22311624496655297,0.8497708678330474,,,,,,,,,,,,,,,,,
TLH1,a1a,LU,gpm,greedy,gpm_soft,183,3.189509238353318,3.189509238353318,0.46579788211195344,0.05792855796798173,0.23323821283340743,0.8686976642578159,,,,,,,,,,,,,,,,,
TLH1,a1a,LU,gpm,greedy,SIZING,183,,,,,,,1857.1011,0.0,3.5790661364251197,183.0,73.80347111135713,61.67794759084124,70.33406528056003,125.33986601530019,65.21042884109585,0.34972677595628415,0.19672131147540983,73.56787515108105,38.12767539235873,113.4117883105486,55.85716640402323,95.24000000000001,
TLH1,a1a,LU,gpm,greedy,SIZING_1TO1,183,,,,,,,1857.1011,0.07103825136612021,5.926973129504835,170.0,73.0912404716587,59.500924868946086,66.8043523833113,134.97879682670487,68.07224379058164,0.3411764705882353,0.20588235294117646,78.70993864685954,39.93839929248173,126.6979789244959,63.95039912252953,95.325,0.26229508196721313
TLH1,a1a,LU-soft,gpm_soft,greedy,real,183,3.579545509325471,3.579545509325471,0.8040399516780613,0.050108533755548856,0.2029024433869291,0.7818079988852367,,,,,,,,,,,,,,,,,
TLH1,a1a,LU-soft,gpm_soft,greedy,uniform,183,3.5267083989280947,3.5267083989280947,0.35686594526840154,0.05032253831116003,0.20395911449286586,0.8016815696514393,,,,,,,,,,,,,,,,,
TLH1,a1a,LU-soft,gpm_soft,greedy,gpm,183,3.3901345997888868,3.3901345997888868,0.2992523735309783,0.05544907764228038,0.2204963917059602,0.8264306318326571,,,,,,,,,,,,,,,,,
TLH1,a1a,LU-soft,gpm_soft,greedy,gpm_soft,183,2.9721891676954932,2.9721891676954932,0.28580003377234053,0.07830498845867884,0.2881143835545081,0.8940605142991653,,,,,,,,,,,,,,,,,
TLH1,a1a,LU-soft,gpm_soft,greedy,SIZING,183,,,,,,,1857.1011,0.0,3.4211413320259165,183.0,73.05083655233466,59.126429747972594,68.7607860085449,119.36453553348429,69.13028458938476,0.366120218579235,0.16393442622950818,65.58163686692214,36.26133486057491,109.59415618197015,59.719982727612944,94.05000000000001,
TLH1,a1a,LU-soft,gpm_soft,greedy,SIZING_1TO1,183,,,,,,,1857.1011,0.09836065573770492,7.794891347719666,165.0,72.36261254937958,65.26752158128072,67.64160334232346,117.301320315189,57.311945575282586,0.3515151515151515,0.18181818181818182,66.20084345808007,36.30066342260629,111.31514135775916,51.839714527005654,95.31,0.3114754098360656
TLH1,a1a,GNN-oof-42,gnn_oof_42,greedy,real,183,3.2788249623648777,3.2788249623648777,0.479759165913365,0.08014014567945875,0.27807675412038846,0.8121029173549725,,,,,,,,,,,,,,,,,
TLH1,a1a,GNN-oof-42,gnn_oof_42,greedy,uniform,183,3.7753772203799754,3.7753772203799754,0.5065146175671105,0.04845176517221096,0.18521900570912378,0.7372089022949859,,,,,,,,,,,,,,,,,
TLH1,a1a,GNN-oof-42,gnn_oof_42,greedy,gpm,183,3.754099148822724,3.754099148822724,0.5006567321801528,0.046788954340805086,0.1839687854453651,0.7435048486957292,,,,,,,,,,,,,,,,,
TLH1,a1a,GNN-oof-42,gnn_oof_42,greedy,gpm_soft,183,3.6403168364811394,3.6403168364811394,0.6303283355395649,0.051901875397618036,0.19544980893523162,0.7680020743650278,,,,,,,,,,,,,,,,,
TLH1,a1a,GNN-oof-42,gnn_oof_42,greedy,SIZING,183,,,,,,,1857.1011,0.0,2.5493634054735446,183.0,86.98657760317069,72.2676444130897,77.32557191779527,86.77095287418754,50.02442584974377,0.30601092896174864,0.273224043715847,52.58601467711401,38.29377711566069,79.91735876623034,45.0079939337694,95.24000000000001,
TLH1,a1a,GNN-oof-42,gnn_oof_42,greedy,SIZING_1TO1,183,,,,,,,1857.1011,0.08196721311475409,5.249415676296979,168.0,75.25299041287778,67.95663249604193,67.24054773575739,113.95134424109591,53.75895179060086,0.3630952380952381,0.23214285714285715,68.46216147115486,39.36200698383734,108.16873767850765,48.49636449504368,95.345,0.23497267759562843
TLH1,a1a,GNN-oof-123,gnn_oof_123,greedy,real,183,3.33114594173355,3.33114594173355,0.5591306719214543,0.07301279536239452,0.2564897610312826,0.8114586711233496,,,,,,,,,,,,,,,,,
TLH1,a1a,GNN-oof-123,gnn_oof_123,greedy,uniform,183,3.692356362992902,3.692356362992902,0.45363572200847696,0.04718284861961071,0.18127716503986335,0.7604909552031247,,,,,,,,,,,,,,,,,
TLH1,a1a,GNN-oof-123,gnn_oof_123,greedy,gpm,183,3.698935255400958,3.698935255400958,0.4645040446818706,0.04382494015147694,0.17568287055022036,0.7622969339170288,,,,,,,,,,,,,,,,,
TLH1,a1a,GNN-oof-123,gnn_oof_123,greedy,gpm_soft,183,3.579124319787764,3.579124319787764,0.5848320909924535,0.05170555959107961,0.19606851291152053,0.7828698454358858,,,,,,,,,,,,,,,,,
TLH1,a1a,GNN-oof-123,gnn_oof_123,greedy,SIZING,183,,,,,,,1857.1011,0.0,2.7188388773986536,183.0,80.88728144781156,70.66432597471865,75.36072573898464,90.95615899521239,47.43656794980415,0.2786885245901639,0.26229508196721313,53.49080968530775,39.07224286567619,84.01679249387298,43.49206218347427,95.34,
TLH1,a1a,GNN-oof-123,gnn_oof_123,greedy,SIZING_1TO1,183,,,,,,,1857.1011,0.04918032786885246,5.60778434051274,174.0,73.79315008524382,64.00137555904385,66.69778125119815,116.13115227879152,57.99375024747782,0.3448275862068966,0.2413793103448276,67.69291478047046,38.93879103267701,107.98443658580588,52.913714997372495,95.47999999999999,0.26229508196721313
TLH1,a1a,GNN-oof-456,gnn_oof_456,greedy,real,183,3.327325593932785,3.327325593932785,0.5643863848081997,0.07176088156256578,0.25801011325540574,0.8123533534123846,,,,,,,,,,,,,,,,,
TLH1,a1a,GNN-oof-456,gnn_oof_456,greedy,uniform,183,3.7622000222016547,3.7622000222016547,0.4866638032235457,0.04696777953880706,0.18182452326345477,0.7396059926843392,,,,,,,,,,,,,,,,,
TLH1,a1a,GNN-oof-456,gnn_oof_456,greedy,gpm,183,3.7495626362518992,3.7495626362518992,0.4915947400701898,0.044465199217774434,0.17960172348818138,0.7437418818807773,,,,,,,,,,,,,,,,,
TLH1,a1a,GNN-oof-456,gnn_oof_456,greedy,gpm_soft,183,3.705321645904232,3.705321645904232,0.6379280964086517,0.04814194465059736,0.18798084904699117,0.7503608466285671,,,,,,,,,,,,,,,,,
TLH1,a1a,GNN-oof-456,gnn_oof_456,greedy,SIZING,183,,,,,,,1857.1011,0.0,2.7188388773986536,183.0,83.05055531996865,69.13856220256952,76.10784858903662,92.09974188469646,54.398148063239184,0.28415300546448086,0.273224043715847,54.09337907017608,38.11844852843753,84.73804875040317,47.04106351878332,95.24000000000001,
TLH1,a1a,GNN-oof-456,gnn_oof_456,greedy,SIZING_1TO1,183,,,,,,,1857.1011,0.04918032786885246,5.429369972030307,174.0,74.08272604840163,63.87928165735547,66.23128977923464,114.4232415340487,57.94494901726878,0.3103448275862069,0.20689655172413793,65.51002670545691,35.22154894165276,106.6953701293295,50.75564094513201,95.325,0.2677595628415301
TLE3,a1a,Uni,uniform,greedy,real,92,1.5856528623279036,1.5856528623279036,1.1523685278546945,0.2054819621717623,0.7253440869968152,0.9999479686398413,,,,,,,,,,,,,,,,,
TLE3,a1a,Uni,uniform,greedy,uniform,92,1.588956730442657,1.588956730442657,0.21306830165894516,0.20649454572735684,0.7187348917351796,0.9999002666468623,,,,,,,,,,,,,,,,,
TLE3,a1a,Uni,uniform,greedy,gpm,92,1.5979715884818175,1.597971588481817,0.3714834704956173,0.20516761401411546,0.7140818563410537,0.9998265466249108,,,,,,,,,,,,,,,,,
TLE3,a1a,Uni,uniform,greedy,gpm_soft,92,1.5524340707527564,1.5524340707527562,0.6433281002006324,0.21163112219676447,0.7391060791823202,0.9999959716128433,,,,,,,,,,,,,,,,,
TLE3,a1a,Uni,uniform,greedy,SIZING,92,,,,,,,1140.6911115718906,0.14130434782608695,2.3689487850981528,79.0,66.6961802436058,69.00721438041256,64.9301016904237,90.02500409762804,44.91238473811606,0.21518987341772153,0.0759493670886076,46.1605781777874,24.0535016148813,42.14694246062606,27.576420572449667,54.82812499999999,
TLE3,a1a,Uni,uniform,greedy,SIZING_1TO1,92,,,,,,,1140.6911115718906,0.44565217391304346,4.101335908924321,51.0,68.19207353823352,67.38880415127392,66.68769658150715,84.63342535496726,48.392602093844395,0.23529411764705882,0.13725490196078433,44.09933329664741,23.728141212479905,31.14882568567756,27.779572267898605,54.82812499999999,0.42391304347826086
TLE3,a1a,LU,gpm,greedy,real,92,1.500342007758358,1.500342007758358,1.0506132697466182,0.22828617819280742,0.7683067255231595,1.0,,,,,,,,,,,,,,,,,
TLE3,a1a,LU,gpm,greedy,uniform,92,1.622589383717582,1.622589383717582,0.2787705249646327,0.200171743252421,0.6988619236328166,1.0,,,,,,,,,,,,,,,,,
TLE3,a1a,LU,gpm,greedy,gpm,92,1.505259128982056,1.5052591289820556,0.30066276218901006,0.24202724371847234,0.7619368173860341,1.0,,,,,,,,,,,,,,,,,
TLE3,a1a,LU,gpm,greedy,gpm_soft,92,1.5005911413254658,1.5005911413254656,0.6287208405289713,0.24165733652616436,0.7655670799091808,1.0,,,,,,,,,,,,,,,,,
TLE3,a1a,LU,gpm,greedy,SIZING,92,,,,,,,1140.6911115718906,0.17391304347826086,1.9154166870969653,76.0,74.14582458377546,75.00168096584488,70.9556175405788,62.19280499100584,33.58750405846244,0.2236842105263158,0.18421052631578946,36.311723821763415,29.520455716621832,36.776735970893,30.79511136263888,55.40760375976563,
TLE3,a1a,LU,gpm,greedy,SIZING_1TO1,92,,,,,,,1140.6911115718906,0.3695652173913043,3.4965171374832207,58.0,75.92426106500852,70.58416876831822,69.93581012423998,85.18351671600752,41.67486124316993,0.25862068965517243,0.20689655172413793,50.51755338435433,31.417678065281997,34.63206149461937,30.1272360448205,54.73725260416666,0.358695652173913
TLE3,a1a,LU-soft,gpm_soft,greedy,real,92,1.5033129270813579,1.5033129270813579,0.8874603101976113,0.25177009991406674,0.785067959058797,0.9940782266732096,,,,,,,,,,,,,,,,,
TLE3,a1a,LU-soft,gpm_soft,greedy,uniform,92,1.9728338248741242,1.9728338248741242,0.7250877285970094,0.19641348873921977,0.621878383002941,0.9520255128755222,,,,,,,,,,,,,,,,,
TLE3,a1a,LU-soft,gpm_soft,greedy,gpm,92,2.0819486546764563,2.081948654676456,0.7629288852690017,0.22412535586489873,0.6224503688245765,0.9256921613467004,,,,,,,,,,,,,,,,,
TLE3,a1a,LU-soft,gpm_soft,greedy,gpm_soft,92,1.3516526802373285,1.3516526802373283,0.3673420181879206,0.334965823499155,0.8111192540522696,0.9997902784885466,,,,,,,,,,,,,,,,,
TLE3,a1a,LU-soft,gpm_soft,greedy,SIZING,92,,,,,,,1140.6911115718906,0.03260869565217391,1.6938978440206172,89.0,72.98216931652313,66.09386884055512,65.20460049867117,86.78803514446705,51.29996436014369,0.29213483146067415,0.23595505617977527,49.40924559732378,35.63782108440942,38.42212530661336,33.524998628507596,55.22317057291667,
TLE3,a1a,LU-soft,gpm_soft,greedy,SIZING_1TO1,92,,,,,,,1140.6911115718906,0.31521739130434784,2.825379260972772,63.0,68.53173393931422,60.44841586139755,62.07263493662602,87.86942707362053,65.43030710563276,0.2857142857142857,0.19047619047619047,44.942716955249686,30.175339289780993,37.03410981567842,33.08550463364466,55.02440592447917,0.358695652173913
TLE3,a1a,GNN-oof-42,gnn_oof_42,greedy,real,92,1.4910971383487688,1.4910971383487688,0.6755339108481065,0.33051420108986884,0.7621034391491741,0.9949609964845956,,,,,,,,,,,,,,,,,
TLE3,a1a,GNN-oof-42,gnn_oof_42,greedy,uniform,92,1.8896896824988152,1.8896896824988152,0.604982124783812,0.19758922589063121,0.5989254893138923,0.9874905879921594,,,,,,,,,,,,,,,,,
TLE3,a1a,GNN-oof-42,gnn_oof_42,greedy,gpm,92,1.7074507010687074,1.707450701068707,0.5062216509067698,0.24503618581419193,0.6817175751530017,0.9893583341376213,,,,,,,,,,,,,,,,,
TLE3,a1a,GNN-oof-42,gnn_oof_42,greedy,gpm_soft,92,1.6401944117005733,1.6401944117005731,0.5506751954776172,0.2802654994447966,0.709908927616746,0.9912386507278864,,,,,,,,,,,,,,,,,
TLE3,a1a,GNN-oof-42,gnn_oof_42,greedy,SIZING,92,,,,,,,1140.6911115718906,0.09782608695652174,1.1632415704158356,83.0,80.422318439734,68.15958581633168,67.51591778188967,97.39378320347028,47.22459505814631,0.2891566265060241,0.26506024096385544,58.42050803765851,36.37727342983588,34.77198293428568,29.643799844671676,55.592036946614584,
TLE3,a1a,GNN-oof-42,gnn_oof_42,greedy,SIZING_1TO1,92,,,,,,,1140.6911115718906,0.20652173913043478,2.0612624187119124,73.0,72.63861529162038,63.10785131006149,61.22713150155516,122.89248919870604,59.81339032120854,0.3150684931506849,0.2054794520547945,70.07300903337314,36.24049633312396,33.78991800395781,28.937415553499584,54.82812499999999,0.30434782608695654
TLE3,a1a,GNN-oof-123,gnn_oof_123,greedy,real,92,1.4905080806513353,1.4905080806513353,0.7465557518492278,0.2955988508048732,0.7683030473320883,0.9980437048098464,,,,,,,,,,,,,,,,,
TLE3,a1a,GNN-oof-123,gnn_oof_123,greedy,uniform,92,1.8170888256495978,1.8170888256495978,0.5573351354152588,0.19385342428376512,0.6246457700281971,0.9936313130210652,,,,,,,,,,,,,,,,,
TLE3,a1a,GNN-oof-123,gnn_oof_123,greedy,gpm,92,1.6450308537699916,1.6450308537699911,0.4629536263549652,0.2333920069873894,0.7024845750863947,0.9959507024982819,,,,,,,,,,,,,,,,,
TLE3,a1a,GNN-oof-123,gnn_oof_123,greedy,gpm_soft,92,1.6467316697288121,1.646731669728812,0.6130201033886388,0.2480001054946564,0.7047490154325704,0.9945383955419705,,,,,,,,,,,,,,,,,
TLE3,a1a,GNN-oof-123,gnn_oof_123,greedy,SIZING,92,,,,,,,1140.6911115718906,0.08695652173913043,1.4230889946462826,84.0,78.60703798037002,72.16689838772243,64.60300681388452,89.88441488645732,41.118203897353375,0.2976190476190476,0.25,54.55687726154117,35.119303729010085,42.080985492197996,34.14505260421348,55.22317057291667,
TLE3,a1a,GNN-oof-123,gnn_oof_123,greedy,SIZING_1TO1,92,,,,,,,1140.6911115718906,0.30434782608695654,2.5674798180097227,64.0,74.45754431580508,61.92040593194713,58.67727541330808,131.261698786925,63.16451405172721,0.3125,0.234375,79.71072334026087,36.5267332819069,41.547541623031364,33.24306099025006,54.73725260416666,0.33695652173913043
TLE3,a1a,GNN-oof-456,gnn_oof_456,greedy,real,92,1.4588648063027259,1.4588648063027259,0.6231551579292816,0.3319574438228304,0.7698280489421592,0.996893254059859,,,,,,,,,,,,,,,,,
TLE3,a1a,GNN-oof-456,gnn_oof_456,greedy,uniform,92,1.871661470344769,1.871661470344769,0.6612782824386787,0.19188696239486014,0.5904385705914807,0.991522664983297,,,,,,,,,,,,,,,,,
TLE3,a1a,GNN-oof-456,gnn_oof_456,greedy,gpm,92,1.721637342191236,1.7216373421912357,0.5899968684523536,0.22815021521122397,0.661953024678588,0.991923958852529,,,,,,,,,,,,,,,,,
TLE3,a1a,GNN-oof-456,gnn_oof_456,greedy,gpm_soft,92,1.6137302390814878,1.6137302390814876,0.5755171153914372,0.2691987804966713,0.7155180231076171,0.994677521231919,,,,,,,,,,,,,,,,,
TLE3,a1a,GNN-oof-456,gnn_oof_456,greedy,SIZING,92,,,,,,,1140.6911115718906,0.05434782608695652,1.257941921833352,87.0,80.24414564938084,74.34843535462687,66.21737060854768,78.21153117398929,34.80685223311214,0.27586206896551724,0.3103448275862069,49.496144582254466,37.67323625002118,40.242809605965014,33.656862210245244,55.592036946614584,
TLE3,a1a,GNN-oof-456,gnn_oof_456,greedy,SIZING_1TO1,92,,,,,,,1140.6911115718906,0.21739130434782608,1.8889961085760998,72.0,70.87671223297859,66.4043399540198,59.69679711595008,97.32994216148272,50.623565368988224,0.3333333333333333,0.19444444444444445,54.416774480288844,34.6850949864223,41.788791984641406,33.450047588087436,53.89486897786458,0.33695652173913043
TLD3,a1a,Uni,uniform,greedy,real,173,1.1159960098593493,1.1159960098593493,0.8489355736686888,0.47549654770468264,0.9210326025003532,1.0,,,,,,,,,,,,,,,,,
TLD3,a1a,Uni,uniform,greedy,uniform,173,1.0890624431562272,1.089062443156227,0.2314516198493572,0.4935237976550849,0.9293765127243125,1.0,,,,,,,,,,,,,,,,,
TLD3,a1a,Uni,uniform,greedy,gpm,173,1.0983123053521402,1.0983123053521402,0.35734069822837494,0.4862336241942113,0.9268382118958649,1.0,,,,,,,,,,,,,,,,,
TLD3,a1a,Uni,uniform,greedy,gpm_soft,173,1.1040601133371124,1.1040601133371124,0.5177308560253584,0.48223942032603806,0.924882263261023,1.0,,,,,,,,,,,,,,,,,
TLD3,a1a,Uni,uniform,greedy,SIZING,173,,,,,,,2140.76541996126,0.028901734104046242,1.165351063631158,168.0,69.69524713596459,64.34713989019563,66.16710053852404,85.8423045292363,55.407957945168256,0.20833333333333334,0.15476190476190477,44.780269790929005,25.614326465003145,40.15306210484896,24.99730236242536,60.422228363329644,
TLD3,a1a,Uni,uniform,greedy,SIZING_1TO1,173,,,,,,,2140.76541996126,0.17341040462427745,2.0012953270714475,143.0,71.25122469904039,66.79047633556412,67.61917060923221,79.16676377745573,49.86858104405697,0.21678321678321677,0.15384615384615385,41.61391410615083,26.762515977734214,33.25499826657987,25.224389521623564,60.45628416573021,0.3583815028901734
TLD3,a1a,LU,gpm,greedy,real,173,1.0732346145321754,1.0732346145321754,0.6413871573938971,0.5144955758920338,0.9279134208787263,1.0,,,,,,,,,,,,,,,,,
TLD3,a1a,LU,gpm,greedy,uniform,173,1.1402245973421512,1.140224597342151,0.31731304527215604,0.4786738452885181,0.9006541838550488,1.0,,,,,,,,,,,,,,,,,
TLD3,a1a,LU,gpm,greedy,gpm,173,1.004231572170171,1.004231572170171,0.2454070639612901,0.5542060330427139,0.9559426301547251,1.0,,,,,,,,,,,,,,,,,
TLD3,a1a,LU,gpm,greedy,gpm_soft,173,1.0019521342542785,1.0019521342542785,0.4569527943166435,0.5563009811369792,0.9562311756922452,1.0,,,,,,,,,,,,,,,,,
TLD3,a1a,LU,gpm,greedy,SIZING,173,,,,,,,2140.76541996126,0.046242774566473986,0.9107598656249103,165.0,69.54483598707304,65.23925355688118,65.55842723517486,85.89195867073663,53.28194997328015,0.26666666666666666,0.16363636363636364,44.43535985533236,27.62069655780971,36.45436025754464,22.146869797941907,62.321141476949585,
TLD3,a1a,LU,gpm,greedy,SIZING_1TO1,173,,,,,,,2140.76541996126,0.18497109826589594,1.6947452004794823,141.0,71.43771528460071,65.23925355688118,66.00034953130002,84.98691394608903,56.11162345470717,0.2978723404255319,0.1702127659574468,44.009599015915654,30.08982151339848,31.477811514511426,24.479353943146386,59.44078124004608,0.3236994219653179
TLD3,a1a,LU-soft,gpm_soft,greedy,real,173,1.0966000725817322,1.0966000725817322,0.658884883214714,0.5011727938803433,0.9349991335983616,0.9990149708793878,,,,,,,,,,,,,,,,,
TLD3,a1a,LU-soft,gpm_soft,greedy,uniform,173,1.2365456905701209,1.2365456905701206,0.4501251777220054,0.46681569354543095,0.873240409679145,0.9950050439685321,,,,,,,,,,,,,,,,,
TLD3,a1a,LU-soft,gpm_soft,greedy,gpm,173,1.1832062864348378,1.1832062864348378,0.4813196796712083,0.5264043493378681,0.8925312326047172,0.9921564502244085,,,,,,,,,,,,,,,,,
TLD3,a1a,LU-soft,gpm_soft,greedy,gpm_soft,173,0.8960428918873169,0.8960428918873169,0.2698269585885693,0.625891450114674,0.9800124755321565,0.9999926630733681,,,,,,,,,,,,,,,,,
TLD3,a1a,LU-soft,gpm_soft,greedy,SIZING,173,,,,,,,2140.76541996126,0.0,0.8802474929002294,173.0,74.05390550417009,66.619676955752,68.77634443203362,79.29834864158032,50.2370297530475,0.23699421965317918,0.15606936416184972,41.824026576463176,26.457292109793464,36.76588894153775,23.134186453722265,61.40367548661321,
TLD3,a1a,LU-soft,gpm_soft,greedy,SIZING_1TO1,173,,,,,,,2140.76541996126,0.1329479768786127,1.6460084063401963,150.0,69.97950798014924,63.48389688659661,65.49402548054957,82.4590425963464,57.520261828670144,0.24666666666666667,0.11333333333333333,39.57706169452762,23.184731327195827,33.4743936097954,24.33073967960719,59.2515093418199,0.2832369942196532
TLD3,a1a,GNN-oof-42,gnn_oof_42,greedy,real,173,1.0699564234851442,1.0699564234851442,0.607175811436006,0.5582254701774958,0.9088097102295163,0.9999563754219812,,,,,,,,,,,,,,,,,
TLD3,a1a,GNN-oof-42,gnn_oof_42,greedy,uniform,173,1.2481760509605129,1.2481760509605127,0.47988470861635263,0.4571645818188398,0.8428509982652382,0.9997489640328711,,,,,,,,,,,,,,,,,
TLD3,a1a,GNN-oof-42,gnn_oof_42,greedy,gpm,173,1.125009238998536,1.125009238998536,0.4323920723410602,0.5191296985344985,0.8927531472695212,0.9998921186894738,,,,,,,,,,,,,,,,,
TLD3,a1a,GNN-oof-42,gnn_oof_42,greedy,gpm_soft,173,1.036936997072068,1.036936997072068,0.42201330042020296,0.554014423463663,0.9322968515909682,0.9999251657349205,,,,,,,,,,,,,,,,,
TLD3,a1a,GNN-oof-42,gnn_oof_42,greedy,SIZING,173,,,,,,,2140.76541996126,0.023121387283236993,0.8983667080181018,169.0,74.31508780668865,67.64497942388589,67.50357557662086,85.22491762677548,49.22714569781801,0.22485207100591717,0.16568047337278108,46.38243664890131,26.70331462678646,39.470110216402716,26.66405449875603,59.44078124004608,
TLD3,a1a,GNN-oof-42,gnn_oof_42,greedy,SIZING_1TO1,173,,,,,,,2140.76541996126,0.1329479768786127,1.2930046950576164,150.0,71.1013271710835,64.7859437322108,65.31020343879247,84.82557190611037,54.95470066465816,0.22,0.16,43.375346621392126,25.55733933534314,33.312325157344446,24.57514893781902,59.948532702888144,0.28901734104046245
TLD3,a1a,GNN-oof-123,gnn_oof_123,greedy,real,173,1.0658570447321798,1.0658570447321798,0.5925674498785496,0.5483894293802518,0.9139338980985088,1.0,,,,,,,,,,,,,,,,,
TLD3,a1a,GNN-oof-123,gnn_oof_123,greedy,uniform,173,1.213232722511228,1.2132327225112278,0.47082065051921124,0.4503791712548634,0.8646841708954381,1.0,,,,,,,,,,,,,,,,,
TLD3,a1a,GNN-oof-123,gnn_oof_123,greedy,gpm,173,1.0946975924912632,1.0946975924912632,0.40068232674697135,0.5123858453069767,0.9140152564542677,1.0,,,,,,,,,,,,,,,,,
TLD3,a1a,GNN-oof-123,gnn_oof_123,greedy,gpm_soft,173,1.049748028102719,1.049748028102719,0.4845359407980095,0.5334999272234111,0.9361492139449151,1.0,,,,,,,,,,,,,,,,,
TLD3,a1a,GNN-oof-123,gnn_oof_123,greedy,SIZING,173,,,,,,,2140.76541996126,0.04046242774566474,0.8657252408844954,166.0,73.6567560873633,64.01183147380611,67.06040083720787,82.99766920639927,56.260100889884264,0.24096385542168675,0.18072289156626506,42.55454070191049,24.69394058267384,38.76203132423361,27.480448977566034,61.105688422387814,
TLD3,a1a,GNN-oof-123,gnn_oof_123,greedy,SIZING_1TO1,173,,,,,,,2140.76541996126,0.1329479768786127,1.5967785066777815,150.0,68.7941079673919,61.58865883638098,64.00597954816955,84.49642438856955,62.36891708037717,0.2733333333333333,0.12666666666666668,41.93058390534985,27.721624717713173,34.82194499492247,28.779174916878425,59.948532702888144,0.28901734104046245
TLD3,a1a,GNN-oof-456,gnn_oof_456,greedy,real,173,1.0748333174327729,1.0748333174327729,0.5405687273281681,0.547115238193014,0.9078153587851495,0.9999587481872398,,,,,,,,,,,,,,,,,
TLD3,a1a,GNN-oof-456,gnn_oof_456,greedy,uniform,173,1.2694757682614666,1.2694757682614664,0.5613751154759977,0.4358190087824498,0.8413203027113062,0.9997615247822302,,,,,,,,,,,,,,,,,
TLD3,a1a,GNN-oof-456,gnn_oof_456,greedy,gpm,173,1.1498117597349824,1.1498117597349824,0.4991734367446308,0.5036643782979804,0.8861130921108422,0.9998294548028973,,,,,,,,,,,,,,,,,
TLD3,a1a,GNN-oof-456,gnn_oof_456,greedy,gpm_soft,173,1.0413334734539499,1.0413334734539499,0.5065269051097077,0.5445895696841094,0.9382918410215249,0.9999760527652464,,,,,,,,,,,,,,,,,
TLD3,a1a,GNN-oof-456,gnn_oof_456,greedy,SIZING,173,,,,,,,2140.76541996126,0.017341040462427744,0.7856205686943126,170.0,75.36922256376569,68.16978667695918,67.4058726505537,79.22449347812993,47.80090974639139,0.21764705882352942,0.16470588235294117,42.72061660387294,26.503847706295318,39.30206425469371,30.810483438085452,59.20849940838284,
TLD3,a1a,GNN-oof-456,gnn_oof_456,greedy,SIZING_1TO1,173,,,,,,,2140.76541996126,0.15028901734104047,1.3771050589279643,147.0,70.56334759617047,64.07153364336679,63.775980466307836,87.32077071131685,56.07555229849383,0.2653061224489796,0.1292517006802721,47.0534249807267,27.448585467345765,38.34920346497624,29.67280376500765,59.44078124004608,0.27167630057803466
TLD4,a1a,Uni,uniform,greedy,real,111,2.100322226828154,2.100322226828154,1.0362781808803379,0.15480859307974607,0.4726783881919341,0.9987223932592766,,,,,,,,,,,,,,,,,
TLD4,a1a,Uni,uniform,greedy,uniform,111,2.016385424354039,2.0163854243540387,0.25579682916971064,0.16738181062445665,0.5058659572382264,0.9989629762477674,,,,,,,,,,,,,,,,,
TLD4,a1a,Uni,uniform,greedy,gpm,111,2.0126806209650603,2.0126806209650603,0.3148106308667749,0.1689538205498115,0.5071967446598983,0.9989866450651418,,,,,,,,,,,,,,,,,
TLD4,a1a,Uni,uniform,greedy,gpm_soft,111,2.0130402880451497,2.0130402880451497,0.8235459428218571,0.16713400689759034,0.5033327466833015,0.999302956838495,,,,,,,,,,,,,,,,,
TLD4,a1a,Uni,uniform,greedy,SIZING,111,,,,,,,1176.5439485779798,0.23423423423423423,3.0136046059540047,85.0,61.90148450273177,58.56965707697711,60.10995149847028,122.98704726451517,70.73687125839184,0.35294117647058826,0.07058823529411765,67.73603677857486,28.84724641363865,61.16919538957472,31.596045841340636,55.641112033830545,
TLD4,a1a,Uni,uniform,greedy,SIZING_1TO1,111,,,,,,,1176.5439485779798,0.44144144144144143,4.454930058905247,62.0,61.82449158643202,59.27958990954747,60.22841832138226,119.421380296162,68.71632325107174,0.3870967741935484,0.06451612903225806,62.41283680190372,31.19427714956812,51.04801383125593,26.70936653080716,58.253790775508335,0.42342342342342343
TLD4,a1a,LU,gpm,greedy,real,111,2.0521571208010263,2.0521571208010263,1.0094222317367527,0.15375959442421705,0.506036574606263,0.9979103742006072,,,,,,,,,,,,,,,,,
TLD4,a1a,LU,gpm,greedy,uniform,111,2.0378271638700216,2.037827163870021,0.29198494723528323,0.16105363029273648,0.5060174723798679,0.9982608148337754,,,,,,,,,,,,,,,,,
TLD4,a1a,LU,gpm,greedy,gpm,111,1.975153583502754,1.975153583502754,0.2922302501012203,0.18342783110413813,0.5316703495357913,0.9985928612209811,,,,,,,,,,,,,,,,,
TLD4,a1a,LU,gpm,greedy,gpm_soft,111,1.9996049784345715,1.9996049784345715,0.819935069210442,0.17410796472370665,0.5266914840121841,0.9988002557017991,,,,,,,,,,,,,,,,,
TLD4,a1a,LU,gpm,greedy,SIZING,111,,,,,,,1176.5439485779798,0.21621621621621623,2.908901733992199,87.0,67.6771462010909,64.4818283792279,62.56730662379992,122.85824636623042,55.082451154896006,0.28735632183908044,0.14942528735632185,69.1661367228934,30.226530141731534,66.12992268637682,31.428597347197044,55.101973856922804,
TLD4,a1a,LU,gpm,greedy,SIZING_1TO1,111,,,,,,,1176.5439485779798,0.46846846846846846,4.755681861686735,59.0,66.75227084975943,61.5307696915254,61.71119657451545,115.41108081650734,62.52031382239144,0.3389830508474576,0.1694915254237288,65.98166743448857,33.530938038786694,61.222331451022015,36.515740315361846,56.13,0.38738738738738737
TLD4,a1a,LU-soft,gpm_soft,greedy,real,111,1.9984906105718432,1.9984906105718432,0.6561706909712196,0.19601997401940435,0.5947878720748423,0.9713087821283234,,,,,,,,,,,,,,,,,
TLD4,a1a,LU-soft,gpm_soft,greedy,uniform,111,2.5716299068132393,2.571629906813239,0.6801949541499436,0.1597323312290698,0.4637051858309796,0.8985599542391717,,,,,,,,,,,,,,,,,
TLD4,a1a,LU-soft,gpm_soft,greedy,gpm,111,2.6278864306271545,2.6278864306271545,0.7687207336094405,0.17102991096399903,0.45344240908916045,0.8885571116358426,,,,,,,,,,,,,,,,,
TLD4,a1a,LU-soft,gpm_soft,greedy,gpm_soft,111,1.4648763505398856,1.4648763505398856,0.34731277834731317,0.3633936055605283,0.7717117705156746,0.9926043505268183,,,,,,,,,,,,,,,,,
TLD4,a1a,LU-soft,gpm_soft,greedy,SIZING,111,,,,,,,1176.5439485779798,0.13513513513513514,1.6391080552218247,96.0,70.68409570891214,70.96657422769397,65.23075221002053,100.94967976969652,44.51197368731056,0.2916666666666667,0.14583333333333334,57.259438596741795,29.750006438083684,39.56641562646632,28.98703605252509,54.59016616842392,
TLD4,a1a,LU-soft,gpm_soft,greedy,SIZING_1TO1,111,,,,,,,1176.5439485779798,0.3063063063063063,2.493123682846574,77.0,67.88902004152172,65.26658623927507,62.47576620665248,92.63594702157636,53.217757756454574,0.2597402597402597,0.14285714285714285,47.62080184958521,26.308217454132038,39.786570045246044,27.53945512892851,54.7503142017174,0.3333333333333333
TLD4,a1a,GNN-oof-42,gnn_oof_42,greedy,real,111,1.9306160759385864,1.9306160759385864,0.6677088722470538,0.22035911398140345,0.601337928496702,0.985648970037636,,,,,,,,,,,,,,,,,
TLD4,a1a,GNN-oof-42,gnn_oof_42,greedy,uniform,111,2.40572392728565,2.4057239272856497,0.5964888887530115,0.15003258609007483,0.4422821427817076,0.9632024625922609,,,,,,,,,,,,,,,,,
TLD4,a1a,GNN-oof-42,gnn_oof_42,greedy,gpm,111,2.4382578973057822,2.4382578973057822,0.6752423330705613,0.1502808660705462,0.43742845890786064,0.9603395478941759,,,,,,,,,,,,,,,,,
TLD4,a1a,GNN-oof-42,gnn_oof_42,greedy,gpm_soft,111,1.761317926889233,1.761317926889233,0.5577812905113745,0.27539695486513016,0.664364109751234,0.993060312231289,,,,,,,,,,,,,,,,,
TLD4,a1a,GNN-oof-42,gnn_oof_42,greedy,SIZING,111,,,,,,,1176.5439485779798,0.14414414414414414,1.817362335469778,95.0,76.54934035484862,66.29075462798177,66.97044028998452,87.93858418942307,52.172672556187905,0.3368421052631579,0.23157894736842105,51.36523271094483,36.03233466489659,42.36271032449254,35.32395693920175,56.22960472510622,
TLD4,a1a,GNN-oof-42,gnn_oof_42,greedy,SIZING_1TO1,111,,,,,,,1176.5439485779798,0.27927927927927926,2.720703647544407,80.0,71.22819702963011,60.930283930517604,62.202433528077506,97.24798012727045,64.17720057257746,0.3875,0.2,53.12007229410252,37.892176564140435,43.67462953468278,34.21616556218194,56.08675174756032,0.2972972972972973
TLD4,a1a,GNN-oof-123,gnn_oof_123,greedy,real,111,1.9011951632433954,1.9011951632433954,0.6412843649928862,0.21231878724804343,0.5912697267835854,0.9941204511373757,,,,,,,,,,,,,,,,,
TLD4,a1a,GNN-oof-123,gnn_oof_123,greedy,uniform,111,2.3791165393334035,2.379116539333403,0.6179845606013881,0.14213919128193023,0.43110300016848785,0.9733100437206728,,,,,,,,,,,,,,,,,
TLD4,a1a,GNN-oof-123,gnn_oof_123,greedy,gpm,111,2.3843658977416387,2.3843658977416387,0.6719634285777581,0.14355412149345842,0.43182760938039505,0.9738389433388916,,,,,,,,,,,,,,,,,
TLD4,a1a,GNN-oof-123,gnn_oof_123,greedy,gpm_soft,111,1.7954480323186774,1.7954480323186774,0.6248485415502235,0.258324453598055,0.6379082421011271,0.9931229943588444,,,,,,,,,,,,,,,,,
TLD4,a1a,GNN-oof-123,gnn_oof_123,greedy,SIZING,111,,,,,,,1176.5439485779798,0.13513513513513514,1.2844902961720033,96.0,77.0651698148111,68.12831530649632,67.20308762492138,85.29644418864116,50.398531765170205,0.2916666666666667,0.23958333333333334,48.76662392973159,36.85944491287915,39.559627687416814,36.110343552330704,56.0268423406041,
TLD4,a1a,GNN-oof-123,gnn_oof_123,greedy,SIZING_1TO1,111,,,,,,,1176.5439485779798,0.2702702702702703,1.9188441096815638,81.0,71.64459507261142,58.833251820630615,62.5102640228331,95.55296172456839,69.97190688163482,0.32098765432098764,0.20987654320987653,52.54174289915319,37.787305158528,39.86665437058932,33.916188284641194,55.641112033830545,0.27927927927927926
TLD4,a1a,GNN-oof-456,gnn_oof_456,greedy,real,111,1.9236101360818392,1.9236101360818392,0.6746108316038647,0.21168024040491012,0.5966872802930397,0.9909938923207894,,,,,,,,,,,,,,,,,
TLD4,a1a,GNN-oof-456,gnn_oof_456,greedy,uniform,111,2.3320177195207905,2.33201771952079,0.5813094333298274,0.14432550490075127,0.45042657140058606,0.9779366900256704,,,,,,,,,,,,,,,,,
TLD4,a1a,GNN-oof-456,gnn_oof_456,greedy,gpm,111,2.3556364945525186,2.3556364945525186,0.6626425872612164,0.14383687029760797,0.44589310339205124,0.9765982575510815,,,,,,,,,,,,,,,,,
TLD4,a1a,GNN-oof-456,gnn_oof_456,greedy,gpm_soft,111,1.794955819836204,1.794955819836204,0.6223075611700276,0.24668354662267067,0.6366478080706761,0.996622851532795,,,,,,,,,,,,,,,,,
TLD4,a1a,GNN-oof-456,gnn_oof_456,greedy,SIZING,111,,,,,,,1176.5439485779798,0.12612612612612611,1.6836429580876626,97.0,76.20294495374148,68.05489031362445,64.5289914294802,97.6924531867598,52.74127796639591,0.31958762886597936,0.24742268041237114,55.32099111680703,42.06374112398918,46.9851346323951,41.566917300155566,56.13,
TLD4,a1a,GNN-oof-456,gnn_oof_456,greedy,SIZING_1TO1,111,,,,,,,1176.5439485779798,0.2702702702702703,2.128110209437922,81.0,69.58547609584318,64.88551938451549,59.8836905390984,103.89323900941525,54.117591950515155,0.35802469135802467,0.16049382716049382,56.131293493361184,36.23818853992449,41.57900142852086,30.042371931171203,56.109785911193775,0.2972972972972973
