country,region,arm,radius_km,dc_mw,eta,e_budget_mva,eps_max_mva,budget_realised,L_E,L_E_bound,L_S,L_S_bound,slack_E,slack_S,valid_E,valid_S
uk,London,Uni,10.0,100.0,0.5,671.0998332175944,754.268445445033,False,8376725.912598722,175090187.5263133,155399.63499999885,255751051.89946112,166713461.61371458,255595652.26446113,True,True
uk,London,Uni,10.0,300.0,0.5,671.0998332175944,754.268445445033,False,17540784.965200804,199279943.35881826,0.0,104688698.0290829,181739158.39361745,104688698.0290829,True,True
uk,London,Uni,10.0,500.0,0.5,671.0998332175944,754.268445445033,False,21638907.715446766,211215288.6155068,0.0,32361792.43576181,189576380.90006003,32361792.43576181,True,True
uk,London,Uni,10.0,100.0,0.8,1052.6304521548975,754.268445445033,True,8376725.912598722,298892606.5979692,155399.63499999885,419809218.04250133,290515880.68537045,419653818.40750134,True,True
uk,London,Uni,10.0,300.0,0.8,1052.6304521548975,754.268445445033,True,17540784.965200804,326247471.8264437,0.0,178995616.46024925,308706686.8612429,178995616.46024925,True,True
uk,London,Uni,10.0,500.0,0.8,1052.6304521548975,754.268445445033,True,21638907.715446766,340875700.4188997,0.0,73560505.6784288,319236792.70345294,73560505.6784288,True,True
uk,London,Uni,10.0,100.0,0.9,1352.4808446009122,754.268445445033,True,8376725.912598722,400211708.0444824,155399.63499999885,548744886.7942877,391834982.1318837,548589487.1592877,True,True
uk,London,Uni,10.0,300.0,0.9,1352.4808446009122,754.268445445033,True,17540784.965200804,429550467.47321,0.0,245794405.98063856,412009682.5080092,245794405.98063856,True,True
uk,London,Uni,10.0,500.0,0.9,1352.4808446009122,754.268445445033,True,21638907.715446766,446169271.6981171,0.0,115639923.31741035,424530363.9826703,115639923.31741035,True,True
uk,London,Uni,10.0,100.0,1.0,1528.6421924021042,754.268445445033,True,8376725.912598722,461144090.1150858,155399.63499999885,624494266.3488002,452767364.20248705,624338866.7138002,True,True
uk,London,Uni,10.0,300.0,1.0,1528.6421924021042,754.268445445033,True,17540784.965200804,491630565.9274391,0.0,289830219.70451736,474089780.9622383,289830219.70451736,True,True
uk,London,Uni,10.0,500.0,1.0,1528.6421924021042,754.268445445033,True,21638907.715446766,509389454.4847068,0.0,150650197.12432092,487750546.76926005,150650197.12432092,True,True
uk,London,LU,10.0,100.0,0.5,632.0703984081495,446.74403104239263,True,5421914.626636927,159499112.845921,155399.63499999885,242936384.02747098,154077198.2192841,242780984.392471,True,True
uk,London,LU,10.0,300.0,0.5,632.0703984081495,446.74403104239263,True,13131733.231655024,184322945.53436688,643715.2712339064,206443184.60462224,171191212.30271184,205799469.33338833,True,True
uk,London,LU,10.0,500.0,0.5,632.0703984081495,446.74403104239263,True,15982354.85502236,197017850.2382393,0.0,94975364.04286334,181035495.38321692,94975364.04286334,True,True
uk,London,LU,10.0,100.0,0.8,937.0403006582351,446.74403104239263,True,5421914.626636927,256938778.09359956,155399.63499999885,374073441.9950077,251516863.46696264,373918042.3600077,True,True
uk,London,LU,10.0,300.0,0.8,937.0403006582351,446.74403104239263,True,13131733.231655024,284825515.5405561,643715.2712339064,324466536.77540535,271693782.3089011,323822821.50417143,True,True
uk,London,LU,10.0,500.0,0.8,937.0403006582351,446.74403104239263,True,15982354.85502236,300148442.2925388,0.0,154341335.8403208,284166087.43751645,154341335.8403208,True,True
uk,London,LU,10.0,100.0,0.9,1146.052563982069,446.74403104239263,True,5421914.626636927,326280877.68629485,155399.63499999885,463948715.22425634,320858963.05965793,463793315.58925635,True,True
uk,London,LU,10.0,300.0,0.9,1146.052563982069,446.74403104239263,True,13131733.231655024,356072333.78316414,643715.2712339064,405354282.68172896,342940600.55150914,404710567.41049504,True,True
uk,London,LU,10.0,500.0,0.9,1146.052563982069,446.74403104239263,True,15982354.85502236,372982293.39522535,0.0,200663698.39386123,356999938.540203,200663698.39386123,True,True
uk,London,LU,10.0,100.0,1.0,1342.9024554789614,446.74403104239263,True,5421914.626636927,393406734.12497026,155399.63499999885,548594168.5679202,387984819.49833333,548438768.9329202,True,True
uk,London,LU,10.0,300.0,1.0,1342.9024554789614,446.74403104239263,True,13131733.231655024,424685006.00448436,643715.2712339064,481535190.6910265,411553272.77282935,480891475.4197926,True,True
uk,London,LU,10.0,500.0,1.0,1342.9024554789614,446.74403104239263,True,15982354.85502236,442917258.50364214,0.0,249280544.72131285,426934903.6486198,249280544.72131285,True,True
uk,London,LU-soft,10.0,100.0,0.5,595.1511614649123,556.5551330710423,True,6231823.777885925,151689105.4111037,788696.9699999989,229669848.2878813,145457281.63321778,228881151.31788132,True,True
uk,London,LU-soft,10.0,300.0,0.5,595.1511614649123,556.5551330710423,True,15653155.8765716,174362740.33640972,0.0,127059109.92052214,158709584.45983812,127059109.92052214,True,True
uk,London,LU-soft,10.0,500.0,0.5,595.1511614649123,556.5551330710423,True,19410159.820997678,185604264.88641718,0.0,37727635.83059259,166194105.0654195,37727635.83059259,True,True
uk,London,LU-soft,10.0,100.0,0.8,746.2287368770478,556.5551330710423,True,6231823.777885925,198890048.30170238,788696.9699999989,294633205.71509963,192658224.52381647,293844508.7450996,True,True
uk,London,LU-soft,10.0,300.0,0.8,746.2287368770478,556.5551330710423,True,15653155.8765716,223431982.67695314,0.0,166037124.37685314,207778826.80038154,166037124.37685314,True,True
uk,London,LU-soft,10.0,500.0,0.8,746.2287368770478,556.5551330710423,True,19410159.820997678,235860679.34564582,0.0,50720307.31603624,216450519.52464813,50720307.31603624,True,True
uk,London,LU-soft,10.0,100.0,0.9,789.3630541104086,556.5551330710423,True,6231823.777885925,212741725.23767766,788696.9699999989,313180962.12544477,206509901.45979175,312392265.15544474,True,True
uk,London,LU-soft,10.0,300.0,0.9,789.3630541104086,556.5551330710423,True,15653155.8765716,237611601.46140125,0.0,177165778.2230602,221958445.58482966,177165778.2230602,True,True
uk,London,LU-soft,10.0,500.0,0.9,789.3630541104086,556.5551330710423,True,19410159.820997678,250388221.45105642,0.0,54429858.598105274,230978061.63005874,54429858.598105274,True,True
uk,London,LU-soft,10.0,100.0,1.0,885.4345675397078,556.5551330710423,True,6231823.777885925,243830027.73512092,788696.9699999989,354491712.9000433,237598203.957235,353703015.9300433,True,True
uk,London,LU-soft,10.0,300.0,1.0,885.4345675397078,556.5551330710423,True,15653155.8765716,269440545.87827665,0.0,201952228.68781936,253787390.00170505,201952228.68781936,True,True
uk,London,LU-soft,10.0,500.0,1.0,885.4345675397078,556.5551330710423,True,19410159.820997678,283063598.93388766,0.0,65437657.931897186,263653439.11288998,65437657.931897186,True,True
uk,London,Ref,10.0,100.0,0.5,291.78589221092733,208.60486953235977,True,1411439.4155313564,54279151.12367971,495667.4499999989,97434288.4115378,52867711.70814835,96938620.9615378,True,True
uk,London,Ref,10.0,300.0,0.5,291.78589221092733,208.60486953235977,True,4471079.837722389,76851233.66891028,446620.8641559321,80368845.32311794,72380153.83118789,79922224.45896201,True,True
uk,London,Ref,10.0,500.0,0.5,291.78589221092733,208.60486953235977,True,6149154.490166431,86337764.54114817,660595.6052604958,34148012.85504975,80188610.05098175,33487417.249789257,True,True
uk,London,Ref,10.0,100.0,0.8,366.28804295398464,208.60486953235977,True,1411439.4155313564,73931650.55098663,495667.4499999989,129470213.23105247,72520211.13545528,128974545.78105247,True,True
uk,London,Ref,10.0,300.0,0.8,366.28804295398464,208.60486953235977,True,4471079.837722389,98779448.90156478,446620.8641559321,108340732.30591568,94308369.06384239,107894111.44175975,True,True
uk,London,Ref,10.0,500.0,0.8,366.28804295398464,208.60486953235977,True,6149154.490166431,109989106.63570812,660595.6052604958,48564179.02383134,103839952.1455417,47903583.41857084,True,True
uk,London,Ref,10.0,100.0,0.9,462.7096532651495,208.60486953235977,True,1411439.4155313564,100766223.89939757,495667.4499999989,170931505.6648533,99354784.48386621,170435838.21485332,True,True
uk,London,Ref,10.0,300.0,0.9,462.7096532651495,208.60486953235977,True,4471079.837722389,128147233.85458097,446620.8641559321,147520805.13777107,123676154.01685858,147074184.27361515,True,True
uk,London,Ref,10.0,500.0,0.9,462.7096532651495,208.60486953235977,True,6149154.490166431,141180795.63500068,660595.6052604958,67221760.61904174,135031641.14483425,66561165.01378124,True,True
uk,London,Ref,10.0,100.0,1.0,477.5502757598935,208.60486953235977,True,1411439.4155313564,105011861.98570345,495667.4499999989,177312973.33759326,103600422.5701721,176817305.88759327,True,True
uk,London,Ref,10.0,300.0,1.0,477.5502757598935,208.60486953235977,True,4471079.837722389,132765813.50167923,446620.8641559321,153583199.426874,128294733.66395684,153136578.5627181,True,True
uk,London,Ref,10.0,500.0,1.0,477.5502757598935,208.60486953235977,True,6149154.490166431,146041526.65195033,660595.6052604958,70093421.0717747,139892372.1617839,69432825.46651421,True,True
uk,London,GNN-oof-42,10.0,100.0,0.5,428.57942488787484,494.177508776118,False,5978522.694669184,98749516.12377286,155399.63499999885,154792756.29310092,92770993.42910367,154637356.65810093,True,True
uk,London,GNN-oof-42,10.0,300.0,0.5,428.57942488787484,494.177508776118,False,12935658.323908143,120364965.36285123,0.0,84648348.73763102,107429307.03894308,84648348.73763102,True,True
uk,London,GNN-oof-42,10.0,500.0,0.5,428.57942488787484,494.177508776118,False,16348001.767050954,130786168.34672587,0.0,33022002.190201968,114438166.57967491,33022002.190201968,True,True
uk,London,GNN-oof-42,10.0,100.0,0.8,610.2579509566278,494.177508776118,True,5978522.694669184,152299622.73059368,155399.63499999885,232914522.50266474,146321100.0359245,232759122.86766475,True,True
uk,London,GNN-oof-42,10.0,300.0,0.8,610.2579509566278,494.177508776118,True,12935658.323908143,178019044.1090501,0.0,135427496.77384752,165083385.78514194,135427496.77384752,True,True
uk,London,GNN-oof-42,10.0,500.0,0.8,610.2579509566278,494.177508776118,True,16348001.767050954,190232141.22269717,0.0,52552443.74259291,173884139.45564622,52552443.74259291,True,True
uk,London,GNN-oof-42,10.0,100.0,0.9,702.2275197837782,494.177508776118,True,5978522.694669184,180916708.82202604,155399.63499999885,272461437.0983394,174938186.12735686,272306037.4633394,True,True
uk,London,GNN-oof-42,10.0,300.0,0.9,702.2275197837782,494.177508776118,True,12935658.323908143,207864386.41077626,0.0,161132991.26103604,194928728.0868681,161132991.26103604,True,True
uk,London,GNN-oof-42,10.0,500.0,0.9,702.2275197837782,494.177508776118,True,16348001.767050954,220872039.92506287,0.0,62439172.39151156,204524038.1580119,62439172.39151156,True,True
uk,London,GNN-oof-42,10.0,100.0,1.0,724.8426875667022,494.177508776118,True,5978522.694669184,188122246.66152486,155399.63499999885,282185959.2449967,182143723.96685567,282030559.60999674,True,True
uk,London,GNN-oof-42,10.0,300.0,1.0,724.8426875667022,494.177508776118,True,12935658.323908143,215258068.18344325,0.0,167453930.65636334,202322409.8595351,167453930.65636334,True,True
uk,London,GNN-oof-42,10.0,500.0,1.0,724.8426875667022,494.177508776118,True,16348001.767050954,228440140.13278884,0.0,64870302.928175904,212092138.3657379,64870302.928175904,True,True
uk,London,GNN-oof-123,10.0,100.0,0.5,407.3943766787556,428.56890659364353,False,4776069.4454561295,90337692.11153498,155399.63499999885,144744575.73003793,85561622.66607885,144589176.09503794,True,True
uk,London,GNN-oof-123,10.0,300.0,0.5,407.3943766787556,428.56890659364353,False,10783669.801030433,113217763.98888756,906511.3799999998,84112895.92102605,102434094.18785714,83206384.54102606,True,True
uk,London,GNN-oof-123,10.0,500.0,0.5,407.3943766787556,428.56890659364353,False,13870619.065818928,123516409.29471855,0.0,28253584.16036163,109645790.22889963,28253584.16036163,True,True
uk,London,GNN-oof-123,10.0,100.0,0.8,591.8996227903282,428.56890659364353,True,4776069.4454561295,144038091.10313764,155399.63499999885,224081831.55801415,139262021.65768152,223926431.92301416,True,True
uk,London,GNN-oof-123,10.0,300.0,0.8,591.8996227903282,428.56890659364353,True,10783669.801030433,171285838.42943463,906511.3799999998,139648975.00060946,160502168.6284042,138742463.62060946,True,True
uk,London,GNN-oof-123,10.0,500.0,0.8,591.8996227903282,428.56890659364353,True,13870619.065818928,183770580.62389588,0.0,48087898.11735569,169899961.55807695,48087898.11735569,True,True
uk,London,GNN-oof-123,10.0,100.0,0.9,696.537215522818,428.56890659364353,True,4776069.4454561295,176307184.58245924,155399.63499999885,269075996.4329847,171531115.13700312,268920596.7979847,True,True
uk,London,GNN-oof-123,10.0,300.0,0.9,696.537215522818,428.56890659364353,True,10783669.801030433,205192150.39754355,906511.3799999998,171144890.41308886,194408480.59651312,170238379.03308886,True,True
uk,London,GNN-oof-123,10.0,500.0,0.9,696.537215522818,428.56890659364353,True,13870619.065818928,218560056.58676195,0.0,59336439.33609833,204689437.52094302,59336439.33609833,True,True
uk,London,GNN-oof-123,10.0,100.0,1.0,916.2635890841983,428.56890659364353,True,4776069.4454561295,247149689.88112262,155399.63499999885,363558337.06437826,242373620.4356665,363402937.4293783,True,True
uk,London,GNN-oof-123,10.0,300.0,1.0,916.2635890841983,428.56890659364353,True,10783669.801030433,277922728.2492318,906511.3799999998,237282528.85506433,267139058.4482014,236376017.47506434,True,True
uk,London,GNN-oof-123,10.0,500.0,1.0,916.2635890841983,428.56890659364353,True,13870619.065818928,293229111.71572024,0.0,87472600.72223698,279358492.64990133,87472600.72223698,True,True
uk,London,GNN-oof-456,10.0,100.0,0.5,401.4867134565502,449.01850611829104,False,6245150.146206123,89949401.1936987,495667.4499999989,143867288.39283204,83704251.04749258,143371620.94283205,True,True
uk,London,GNN-oof-456,10.0,300.0,0.5,401.4867134565502,449.01850611829104,False,12862311.824235579,112058514.83630665,0.0,70704546.68133256,99196203.01207107,70704546.68133256,True,True
uk,London,GNN-oof-456,10.0,500.0,0.5,401.4867134565502,449.01850611829104,False,16233101.112075059,122429465.4454917,0.0,29751233.726541203,106196364.33341664,29751233.726541203,True,True
uk,London,GNN-oof-456,10.0,100.0,0.8,575.453392674794,449.01850611829104,True,6245150.146206123,140661919.03932506,495667.4499999989,218672960.4566769,134416768.89311895,218177293.0066769,True,True
uk,London,GNN-oof-456,10.0,300.0,0.8,575.453392674794,449.01850611829104,True,12862311.824235579,167059495.04219335,0.0,119328233.52283172,154197183.21795776,119328233.52283172,True,True
uk,London,GNN-oof-456,10.0,500.0,0.8,575.453392674794,449.01850611829104,True,16233101.112075059,179251042.62968048,0.0,48452651.74250239,163017941.51760542,48452651.74250239,True,True
uk,London,GNN-oof-456,10.0,100.0,0.9,642.42587071572,449.01850611829104,True,6245150.146206123,161222181.9541843,495667.4499999989,247471126.01427507,154977031.80797818,246975458.5642751,True,True
uk,London,GNN-oof-456,10.0,300.0,0.9,642.42587071572,449.01850611829104,True,12862311.824235579,188698328.58037764,0.0,138047041.13527054,175836016.75614205,138047041.13527054,True,True
uk,London,GNN-oof-456,10.0,500.0,0.9,642.42587071572,449.01850611829104,True,16233101.112075059,201532641.21476698,0.0,55652193.131901935,185299540.10269192,55652193.131901935,True,True
uk,London,GNN-oof-456,10.0,100.0,1.0,728.5129832491216,449.01850611829104,True,6245150.146206123,188502259.11452156,495667.4499999989,284488584.4036377,182257108.96831545,283992916.9536377,True,True
uk,London,GNN-oof-456,10.0,300.0,1.0,728.5129832491216,449.01850611829104,True,12862311.824235579,216805140.53722206,0.0,162108389.08835632,203942828.71298647,162108389.08835632,True,True
uk,London,GNN-oof-456,10.0,500.0,1.0,728.5129832491216,449.01850611829104,True,16233101.112075059,230358395.93603298,0.0,65378080.03617213,214125294.82395792,65378080.03617213,True,True
uk,London,Uni,20.0,100.0,0.5,852.7830790248079,668.8899583493853,True,289616.36898101604,36967915.60993661,0.0,13386628.981979337,36678299.24095559,13386628.981979337,True,True
uk,London,Uni,20.0,300.0,0.5,852.7830790248079,668.8899583493853,True,2092962.848831185,52038420.289269194,0.0,32703522.945458878,49945457.44043801,32703522.945458878,True,True
uk,London,Uni,20.0,500.0,0.5,852.7830790248079,668.8899583493853,True,5679296.403840454,64761186.956055924,0.0,58308085.983482644,59081890.55221547,58308085.983482644,True,True
uk,London,Uni,20.0,100.0,0.8,1319.9067264769988,668.8899583493853,True,289616.36898101604,80134285.26563947,0.0,69120451.33215648,79844668.89665845,69120451.33215648,True,True
uk,London,Uni,20.0,300.0,0.8,1319.9067264769988,668.8899583493853,True,2092962.848831185,99612505.47645015,0.0,107950487.56085654,97519542.62761895,107950487.56085654,True,True
uk,London,Uni,20.0,500.0,0.8,1319.9067264769988,668.8899583493853,True,5679296.403840454,116384322.79271893,0.0,150950487.5608566,110705026.38887848,150950487.5608566,True,True
uk,London,Uni,20.0,100.0,0.9,1723.0989105415135,668.8899583493853,True,289616.36898101604,125358402.19246878,0.0,151636807.13472715,125068785.82348776,151636807.13472715,True,True
uk,London,Uni,20.0,300.0,0.9,1723.0989105415135,668.8899583493853,True,2092962.848831185,148185562.94334215,0.0,206736648.8978104,146092600.09451097,206736648.8978104,True,True
uk,London,Uni,20.0,500.0,0.9,1723.0989105415135,668.8899583493853,True,5679296.403840454,168668942.8042036,0.0,283645748.701918,162989646.40036315,283645748.701918,True,True
uk,London,Uni,20.0,100.0,1.0,1830.6194789705987,668.8899583493853,True,289616.36898101604,138487546.81568024,0.0,177699099.96716827,138197930.44669923,177699099.96716827,True,True
uk,London,Uni,20.0,300.0,1.0,1830.6194789705987,668.8899583493853,True,2092962.848831185,162501060.1182523,0.0,247856208.6839741,160408097.26942113,247856208.6839741,True,True
uk,London,Uni,20.0,500.0,1.0,1830.6194789705987,668.8899583493853,True,5679296.403840454,184142888.8021578,0.0,326419942.31694764,178463592.39831734,326419942.31694764,True,True
uk,London,LU,20.0,100.0,0.5,831.8949549895864,386.28340460304935,True,95.50011919338303,30054258.47768657,0.0,10731890.872081097,30054162.977567375,10731890.872081097,True,True
uk,London,LU,20.0,300.0,0.5,831.8949549895864,386.28340460304935,True,810701.3163983355,45421958.29022512,0.0,29885675.31729565,44611256.97382678,29885675.31729565,True,True
uk,London,LU,20.0,500.0,0.5,831.8949549895864,386.28340460304935,True,3038293.4877678687,58781095.49873378,0.0,57357909.26433011,55742802.01096591,57357909.26433011,True,True
uk,London,LU,20.0,100.0,0.8,1356.206831416777,386.28340460304935,True,95.50011919338303,77729900.15161127,0.0,81030816.76809855,77729804.65149207,81030816.76809855,True,True
uk,London,LU,20.0,300.0,0.8,1356.206831416777,386.28340460304935,True,810701.3163983355,98966271.79954378,0.0,123636027.9224892,98155570.48314545,123636027.9224892,True,True
uk,London,LU,20.0,500.0,0.8,1356.206831416777,386.28340460304935,True,3038293.4877678687,117831226.80010426,0.0,176358559.2183625,114792933.31233639,176358559.2183625,True,True
uk,London,LU,20.0,100.0,0.9,1582.3739622621888,386.28340460304935,True,95.50011919338303,103056834.24997993,0.0,129261961.05425265,103056738.74986073,129261961.05425265,True,True
uk,London,LU,20.0,300.0,0.9,1582.3739622621888,386.28340460304935,True,810701.3163983355,126267763.78870118,0.0,186117850.98068392,125457062.47230284,186117850.98068392,True,True
uk,London,LU,20.0,500.0,0.9,1582.3739622621888,386.28340460304935,True,3038293.4877678687,147712797.67360336,0.0,263673824.65976128,144674504.18583548,263673824.65976128,True,True
uk,London,LU,20.0,100.0,1.0,1856.1286496450587,386.28340460304935,True,95.50011919338303,136806619.14051852,0.0,214660914.9978546,136806523.64039934,214660914.9978546,True,True
uk,London,LU,20.0,300.0,1.0,1856.1286496450587,386.28340460304935,True,810701.3163983355,163259418.74267995,0.0,293802614.45566356,162448717.42628163,293802614.45566356,True,True
uk,London,LU,20.0,500.0,1.0,1856.1286496450587,386.28340460304935,True,3038293.4877678687,188140349.55365023,0.0,375502614.4556636,185102056.06588235,375502614.4556636,True,True
uk,London,LU-soft,20.0,100.0,0.5,762.5802795284089,474.8921785004841,True,41512.2864440369,27376116.98219731,0.0,5805004.3903170135,27334604.695753273,5805004.3903170135,True,True
uk,London,LU-soft,20.0,300.0,0.5,762.5802795284089,474.8921785004841,True,1381004.7537694792,41702678.82988562,0.0,23680447.54586018,40321674.07611614,23680447.54586018,True,True
uk,London,LU-soft,20.0,500.0,0.5,762.5802795284089,474.8921785004841,True,4249292.7854334,53762562.92234973,0.0,47819081.18231879,49513270.136916324,47819081.18231879,True,True
uk,London,LU-soft,20.0,100.0,0.8,896.3172788348194,474.8921785004841,True,41512.2864440369,37817966.43747638,0.0,17306386.330668323,37776454.15103234,17306386.330668323,True,True
uk,London,LU-soft,20.0,300.0,0.8,896.3172788348194,474.8921785004841,True,1381004.7537694792,53474728.5139307,0.0,39271154.092845745,52093723.76016122,39271154.092845745,True,True
uk,London,LU-soft,20.0,500.0,0.8,896.3172788348194,474.8921785004841,True,4249292.7854334,67035563.36938053,0.0,72221227.26056051,62786270.58394714,72221227.26056051,True,True
uk,London,LU-soft,20.0,100.0,0.9,971.7002288343483,474.8921785004841,True,41512.2864440369,44072056.627030715,0.0,24660842.096248657,44030544.34058668,24660842.096248657,True,True
uk,London,LU-soft,20.0,300.0,0.9,971.7002288343483,474.8921785004841,True,1381004.7537694792,60420909.94700156,0.0,49115224.29416256,59039905.19323208,49115224.29416256,True,True
uk,London,LU-soft,20.0,500.0,0.9,971.7002288343483,474.8921785004841,True,4249292.7854334,75016049.22169621,0.0,87555476.80530486,70766756.43626282,87555476.80530486,True,True
uk,London,LU-soft,20.0,100.0,1.0,1423.166140508007,474.8921785004841,True,41512.2864440369,88044519.34600168,0.0,98620647.81514154,88003007.05955765,98620647.81514154,True,True
uk,London,LU-soft,20.0,300.0,1.0,1423.166140508007,474.8921785004841,True,1381004.7537694792,109222150.72568454,0.0,142058845.263693,107841145.97191507,142058845.263693,True,True
uk,London,LU-soft,20.0,500.0,1.0,1423.166140508007,474.8921785004841,True,4249292.7854334,128045059.26349358,0.0,207788229.97375068,123795766.47806019,207788229.97375068,True,True
uk,London,Ref,20.0,100.0,0.5,360.3488323037696,183.33371548624905,True,0.0,2807184.0217985,0.0,0.0,2807184.0217985,0.0,True,True
uk,London,Ref,20.0,300.0,0.5,360.3488323037696,183.33371548624905,True,184548.487983164,9391883.721136972,0.0,0.0,9207335.233153809,0.0,True,True
uk,London,Ref,20.0,500.0,0.5,360.3488323037696,183.33371548624905,True,844762.862277876,16787701.97106255,0.0,3395148.290125166,15942939.108784672,3395148.290125166,True,True
uk,London,Ref,20.0,100.0,0.8,433.1151373764049,183.33371548624905,True,0.0,4816587.172588011,0.0,0.0,4816587.172588011,0.0,True,True
uk,London,Ref,20.0,300.0,0.8,433.1151373764049,183.33371548624905,True,184548.487983164,12987857.011238223,0.0,0.0,12803308.52325506,0.0,True,True
uk,London,Ref,20.0,500.0,0.8,433.1151373764049,183.33371548624905,True,844762.862277876,21896130.584119394,0.0,9187794.8531627,21051367.721841518,9187794.8531627,True,True
uk,London,Ref,20.0,100.0,0.9,516.6707581175402,183.33371548624905,True,0.0,7816780.9422190515,0.0,0.0,7816780.9422190515,0.0,True,True
uk,London,Ref,20.0,300.0,0.9,516.6707581175402,183.33371548624905,True,184548.487983164,17495348.69156626,0.0,1516991.100117299,17310800.203583095,1516991.100117299,True,True
uk,London,Ref,20.0,500.0,0.9,516.6707581175402,183.33371548624905,True,844762.862277876,28304886.298888825,0.0,16373578.236900324,27460123.43661095,16373578.236900324,True,True
uk,London,Ref,20.0,100.0,1.0,811.3756221857578,183.33371548624905,True,0.0,24178764.92181849,0.0,7318196.546767056,24178764.92181849,7318196.546767056,True,True
uk,London,Ref,20.0,300.0,1.0,811.3756221857578,183.33371548624905,True,184548.487983164,39504978.16145843,0.0,25647801.545179784,39320429.673475266,25647801.545179784,True,True
uk,London,Ref,20.0,500.0,1.0,811.3756221857578,183.33371548624905,True,844762.862277876,54203772.518793225,0.0,54800365.63465965,53359009.65651535,54800365.63465965,True,True
uk,London,GNN-oof-42,20.0,100.0,0.5,511.53438097186694,471.6101632315672,True,56503.05073325127,11419872.20144341,0.0,0.0,11363369.150710158,0.0,True,True
uk,London,GNN-oof-42,20.0,300.0,0.5,511.53438097186694,471.6101632315672,True,1101798.9580205095,21192263.958219524,0.0,2480811.616418616,20090465.000199016,2480811.616418616,True,True
uk,London,GNN-oof-42,20.0,500.0,0.5,511.53438097186694,471.6101632315672,True,3398349.208136615,31101143.94689872,0.0,18378307.52156694,27702794.738762107,18378307.52156694,True,True
uk,London,GNN-oof-42,20.0,100.0,0.8,672.6844638213146,471.6101632315672,True,56503.05073325127,20083140.55778315,0.0,810265.1789448627,20026637.5070499,810265.1789448627,True,True
uk,London,GNN-oof-42,20.0,300.0,0.8,672.6844638213146,471.6101632315672,True,1101798.9580205095,33213895.757422127,0.0,15037214.646619434,32112096.79940162,15037214.646619434,True,True
uk,London,GNN-oof-42,20.0,500.0,0.8,672.6844638213146,471.6101632315672,True,3398349.208136615,44951101.10320106,0.0,34906162.857044905,41552751.89506444,34906162.857044905,True,True
uk,London,GNN-oof-42,20.0,100.0,0.9,711.6257664086271,471.6101632315672,True,56503.05073325127,22561060.143836923,0.0,2484741.1901993,22504557.093103673,2484741.1901993,True,True
uk,London,GNN-oof-42,20.0,300.0,0.9,711.6257664086271,471.6101632315672,True,1101798.9580205095,36350225.84911743,0.0,18386166.669128314,35248426.89109692,18386166.669128314,True,True
uk,London,GNN-oof-42,20.0,500.0,0.9,711.6257664086271,471.6101632315672,True,3398349.208136615,48492515.69981735,0.0,39929590.89080821,45094166.491680734,39929590.89080821,True,True
uk,London,GNN-oof-42,20.0,100.0,1.0,1041.7258877381614,471.6101632315672,True,56503.05073325127,48791653.87456626,0.0,31439202.10488401,48735150.823833,31439202.10488401,True,True
uk,London,GNN-oof-42,20.0,300.0,1.0,1041.7258877381614,471.6101632315672,True,1101798.9580205095,66283911.90687886,0.0,58337717.74626732,65182112.94885835,58337717.74626732,True,True
uk,London,GNN-oof-42,20.0,500.0,1.0,1041.7258877381614,471.6101632315672,True,3398349.208136615,82072444.8877006,0.0,95016108.97855428,78674095.67956398,95016108.97855428,True,True
uk,London,GNN-oof-123,20.0,100.0,0.5,541.1211079175232,421.3027836885294,True,22329.0624142351,12040114.638699604,0.0,0.0,12017785.57628537,0.0,True,True
uk,London,GNN-oof-123,20.0,300.0,0.5,541.1211079175232,421.3027836885294,True,747065.4821171153,22346335.298491564,0.0,2260477.601394046,21599269.816374447,2260477.601394046,True,True
uk,London,GNN-oof-123,20.0,500.0,0.5,541.1211079175232,421.3027836885294,True,2623409.118808621,32991666.989242397,0.0,17635690.322678737,30368257.870433778,17635690.322678737,True,True
uk,London,GNN-oof-123,20.0,100.0,0.8,780.7416136475558,421.3027836885294,True,22329.0624142351,26240276.507404465,0.0,4128623.0292144967,26217947.44499023,4128623.0292144967,True,True
uk,London,GNN-oof-123,20.0,300.0,0.8,780.7416136475558,421.3027836885294,True,747065.4821171153,41138053.339214265,0.0,21342859.173594374,40390987.85709715,21342859.173594374,True,True
uk,London,GNN-oof-123,20.0,500.0,0.8,780.7416136475558,421.3027836885294,True,2623409.118808621,54365173.84864832,0.0,45526016.32181879,51741764.7298397,45526016.32181879,True,True
uk,London,GNN-oof-123,20.0,100.0,0.9,937.3539856874131,421.3027836885294,True,22329.0624142351,38535844.78966831,0.0,17311717.810889274,38513515.72725407,17311717.810889274,True,True
uk,London,GNN-oof-123,20.0,300.0,0.9,937.3539856874131,421.3027836885294,True,747065.4821171153,55073220.23538496,0.0,39647078.95444654,54326154.75326785,39647078.95444654,True,True
uk,London,GNN-oof-123,20.0,500.0,0.9,937.3539856874131,421.3027836885294,True,2623409.118808621,70216540.84210803,0.0,72180392.80687994,67593131.7232994,72180392.80687994,True,True
uk,London,GNN-oof-123,20.0,100.0,1.0,973.5344137760532,421.3027836885294,True,22329.0624142351,41565237.362035826,0.0,20568085.18740783,41542908.29962159,20568085.18740783,True,True
uk,London,GNN-oof-123,20.0,300.0,1.0,973.5344137760532,421.3027836885294,True,747065.4821171153,58488939.50029222,0.0,44441332.74115764,57741874.0181751,44441332.74115764,True,True
uk,London,GNN-oof-123,20.0,500.0,1.0,973.5344137760532,421.3027836885294,True,2623409.118808621,74060178.87442206,0.0,79181305.64203177,71436769.75561343,79181305.64203177,True,True
uk,London,GNN-oof-456,20.0,100.0,0.5,571.2771779957613,470.4592428001665,True,50786.21744085943,13671875.423492333,0.0,0.0,13621089.206051473,0.0,True,True
uk,London,GNN-oof-456,20.0,300.0,0.5,571.2771779957613,470.4592428001665,True,1000845.6920173138,24791588.88909479,0.0,7742568.705264253,23790743.197077475,7742568.705264253,True,True
uk,London,GNN-oof-456,20.0,500.0,0.5,571.2771779957613,470.4592428001665,True,2928341.972009613,35784085.01571279,0.0,25261993.202732977,32855743.043703176,25261993.202732977,True,True
uk,London,GNN-oof-456,20.0,100.0,0.8,630.198015317712,470.4592428001665,True,50786.21744085943,16861569.721995283,0.0,0.0,16810783.504554424,0.0,True,True
uk,London,GNN-oof-456,20.0,300.0,0.8,630.198015317712,470.4592428001665,True,1000845.6920173138,29247348.108722646,0.0,12809760.714952009,28246502.416705333,12809760.714952009,True,True
uk,London,GNN-oof-456,20.0,500.0,0.8,630.198015317712,470.4592428001665,True,2928341.972009613,40924759.83836122,0.0,31595983.214842677,37996417.866351604,31595983.214842677,True,True
uk,London,GNN-oof-456,20.0,100.0,0.9,674.4434951283436,470.4592428001665,True,50786.21744085943,19445474.16060035,0.0,1785921.0884349707,19394687.94315949,1785921.0884349707,True,True
uk,London,GNN-oof-456,20.0,300.0,0.9,674.4434951283436,470.4592428001665,True,1000845.6920173138,32697263.718084875,0.0,16614871.978666332,31696418.026067562,16614871.978666332,True,True
uk,London,GNN-oof-456,20.0,500.0,0.9,674.4434951283436,470.4592428001665,True,2928341.972009613,44906555.54465598,0.0,36352372.294485584,41978213.572646365,36352372.294485584,True,True
uk,London,GNN-oof-456,20.0,100.0,1.0,1069.6042243233985,470.4592428001665,True,50786.21744085943,50595897.28000986,0.0,35832150.68295401,50545111.062569,35832150.68295401,True,True
uk,London,GNN-oof-456,20.0,300.0,1.0,1069.6042243233985,470.4592428001665,True,1000845.6920173138,68674025.25476614,0.0,63291635.606692754,67673179.56274882,63291635.606692754,True,True
uk,London,GNN-oof-456,20.0,500.0,1.0,1069.6042243233985,470.4592428001665,True,2928341.972009613,85123859.98714158,0.0,99273612.92799976,82195518.01513197,99273612.92799976,True,True
uk,TLH2,Uni,10.0,100.0,0.5,148.01359629952046,150.42303857888987,False,12139429.929026607,62843344.66503542,2158069.35809879,53511602.58095949,50703914.73600881,51353533.2228607,True,True
uk,TLH2,Uni,10.0,300.0,0.5,148.01359629952046,150.42303857888987,False,12941931.672784999,63645846.40879381,1916313.2182407826,120918565.61335726,50703914.73600881,119002252.39511648,True,True
uk,TLH2,Uni,10.0,500.0,0.5,148.01359629952046,150.42303857888987,False,12941931.672784999,63645846.40879381,1916313.2182407975,120918565.61335722,50703914.73600881,119002252.39511642,True,True
uk,TLH2,Uni,10.0,100.0,0.8,232.16161156058527,150.42303857888987,True,12139429.929026607,99026991.2272933,2158069.35809879,89695249.14321736,86887561.2982667,87537179.78511856,True,True
uk,TLH2,Uni,10.0,300.0,0.8,232.16161156058527,150.42303857888987,True,12941931.672784999,99829492.9710517,1916313.2182407826,162966366.52258956,86887561.2982667,161050053.30434877,True,True
uk,TLH2,Uni,10.0,500.0,0.8,232.16161156058527,150.42303857888987,True,12941931.672784999,99829492.9710517,1916313.2182407975,193285858.73787305,86887561.2982667,191369545.51963225,True,True
uk,TLH2,Uni,10.0,100.0,0.9,298.2947451734601,150.42303857888987,True,12139429.929026607,127464238.68082947,2158069.35809879,118132496.59675352,115324808.75180286,115974427.23865473,True,True
uk,TLH2,Uni,10.0,300.0,0.9,298.2947451734601,150.42303857888987,True,12941931.672784999,128266740.42458786,1916313.2182407826,191672624.92458472,115324808.75180286,189756311.70634395,True,True
uk,TLH2,Uni,10.0,500.0,0.9,298.2947451734601,150.42303857888987,True,12941931.672784999,128266740.42458786,1916313.2182407975,250160353.64494532,115324808.75180286,248244040.42670453,True,True
uk,TLH2,Uni,10.0,100.0,1.0,337.14779404401594,150.42303857888987,True,12139429.929026607,144171049.6951685,2158069.35809879,134839307.61109257,132031619.76614189,132681238.25299378,True,True
uk,TLH2,Uni,10.0,300.0,1.0,337.14779404401594,150.42303857888987,True,12941931.672784999,144973551.43892688,1916313.2182407826,208379435.93892375,132031619.76614188,206463122.72068298,True,True
uk,TLH2,Uni,10.0,500.0,1.0,337.14779404401594,150.42303857888987,True,12941931.672784999,144973551.43892688,1916313.2182407975,283573975.67362326,132031619.76614188,281657662.45538247,True,True
uk,TLH2,LU,10.0,100.0,0.5,139.40550742549067,111.53401033546331,True,8458116.089123711,59874794.35945628,2044015.737043243,55048862.01001288,51416678.27033257,53004846.27296963,True,True
uk,TLH2,LU,10.0,300.0,0.5,139.40550742549067,111.53401033546331,True,8527689.922628418,59944368.192961,2277896.4666914046,112908606.4230282,51416678.27033258,110630709.9563368,True,True
uk,TLH2,LU,10.0,500.0,0.5,139.40550742549067,111.53401033546331,True,8527689.922628418,59944368.19296099,2277896.4666914046,112908606.42302819,51416678.270332575,110630709.95633678,True,True
uk,TLH2,LU,10.0,100.0,0.8,206.66776821123057,111.53401033546331,True,8458116.089123711,88797566.49732444,2044015.737043243,83971634.14788106,80339450.40820073,81927618.41083781,True,True
uk,TLH2,LU,10.0,300.0,0.8,206.66776821123057,111.53401033546331,True,8527689.922628418,88867140.33082913,2277896.4666914046,168165593.79523015,80339450.40820071,165887697.32853875,True,True
uk,TLH2,LU,10.0,500.0,0.8,206.66776821123057,111.53401033546331,True,8527689.922628418,88867140.33082913,2277896.4666914046,170754150.69876456,80339450.40820071,168476254.23207316,True,True
uk,TLH2,LU,10.0,100.0,0.9,252.76621025216645,111.53401033546331,True,8458116.089123711,108619896.57492685,2044015.737043243,103793964.22548346,100161780.48580314,101749948.48844022,True,True
uk,TLH2,LU,10.0,300.0,0.9,252.76621025216645,111.53401033546331,True,8527689.922628418,108689470.40843154,2277896.4666914046,187987923.87283257,100161780.48580313,185710027.40614116,True,True
uk,TLH2,LU,10.0,500.0,0.9,252.76621025216645,111.53401033546331,True,8527689.922628418,108689470.40843154,2277896.4666914046,210398810.8539694,100161780.48580313,208120914.387278,True,True
uk,TLH2,LU,10.0,100.0,1.0,296.182195370104,111.53401033546331,True,8458116.089123711,127288770.17564005,2044015.737043243,122462837.82619663,118830654.08651634,120418822.08915338,True,True
uk,TLH2,LU,10.0,300.0,1.0,296.182195370104,111.53401033546331,True,8527689.922628418,127358344.00914474,2277896.4666914046,206925808.4220048,118830654.08651632,204647911.95531338,True,True
uk,TLH2,LU,10.0,500.0,1.0,296.182195370104,111.53401033546331,True,8527689.922628418,127358344.00914474,2277896.4666914046,247736558.0553956,118830654.08651632,245458661.5887042,True,True
uk,TLH2,LU-soft,10.0,100.0,0.5,131.26283064012654,111.78219931599583,True,10142823.405812435,56337730.56887805,1595229.629296314,50950027.146586984,46194907.16306561,49354797.51729067,True,True
uk,TLH2,LU-soft,10.0,300.0,0.5,131.26283064012654,111.78219931599583,True,10248110.01218881,56443017.17525444,2249722.8666913956,106664089.28128354,46194907.16306563,104414366.41459215,True,True
uk,TLH2,LU-soft,10.0,500.0,0.5,131.26283064012654,111.78219931599583,True,10248110.01218881,56443017.17525444,2249722.8666914403,106664089.28128354,46194907.16306563,104414366.4145921,True,True
uk,TLH2,LU-soft,10.0,100.0,0.8,164.58355901782497,111.78219931599583,True,10142823.405812435,70665643.77128837,1595229.629296314,65277940.34899731,60522820.36547593,63682710.71970099,True,True
uk,TLH2,LU-soft,10.0,300.0,0.8,164.58355901782497,111.78219931599583,True,10248110.01218881,70770930.37766476,2249722.8666913956,135319915.6861042,60522820.36547595,133070192.81941281,True,True
uk,TLH2,LU-soft,10.0,500.0,0.8,164.58355901782497,111.78219931599583,True,10248110.01218881,70770930.37766476,2249722.8666914403,135319915.68610418,60522820.36547595,133070192.81941274,True,True
uk,TLH2,LU-soft,10.0,100.0,0.9,174.09699517384922,111.78219931599583,True,10142823.405812435,74756421.31837879,1595229.629296314,69368717.89608774,64613597.91256636,67773488.26679142,True,True
uk,TLH2,LU-soft,10.0,300.0,0.9,174.09699517384922,111.78219931599583,True,10248110.01218881,74861707.92475519,2249722.8666913956,143501470.78028506,64613597.91256638,141251747.91359365,True,True
uk,TLH2,LU-soft,10.0,500.0,0.9,174.09699517384922,111.78219931599583,True,10248110.01218881,74861707.92475519,2249722.8666914403,143501470.78028506,64613597.91256638,141251747.91359362,True,True
uk,TLH2,LU-soft,10.0,100.0,1.0,195.28592936927416,111.78219931599583,True,10142823.405812435,83867663.02241153,1595229.629296314,78479959.60012046,73724839.61659908,76884729.97082414,True,True
uk,TLH2,LU-soft,10.0,300.0,1.0,195.28592936927416,111.78219931599583,True,10248110.01218881,83972949.6287879,2249722.8666913956,161306529.61394662,73724839.6165991,159056806.7472552,True,True
uk,TLH2,LU-soft,10.0,500.0,1.0,195.28592936927416,111.78219931599583,True,10248110.01218881,83972949.6287879,2249722.8666914403,161723954.18835053,73724839.6165991,159474231.3216591,True,True
uk,TLH2,Ref,10.0,100.0,0.5,64.3544777064494,53.14590057087611,True,4565132.4573401185,27672425.413773242,4033498.843240794,44517572.958226435,23107292.956433125,40484074.114985645,True,True
uk,TLH2,Ref,10.0,300.0,0.5,64.3544777064494,53.14590057087611,True,4565132.457340119,27672425.413773246,4033498.8432407826,50611727.92551307,23107292.956433125,46578229.082272284,True,True
uk,TLH2,Ref,10.0,500.0,0.5,64.3544777064494,53.14590057087611,True,4565132.4573401185,27672425.41377326,4033498.8432408273,50611727.92551305,23107292.956433143,46578229.082272224,True,True
uk,TLH2,Ref,10.0,100.0,0.8,80.78620770801751,53.14590057087611,True,4565132.4573401185,34738069.31444752,4033498.843240794,51641502.5644002,30172936.857107405,47608003.72115941,True,True
uk,TLH2,Ref,10.0,300.0,0.8,80.78620770801751,53.14590057087611,True,4565132.457340119,34738069.31444753,4033498.8432407826,64743015.72686164,30172936.85710741,60709516.88362086,True,True
uk,TLH2,Ref,10.0,500.0,0.8,80.78620770801751,53.14590057087611,True,4565132.4573401185,34738069.31444754,4033498.8432408273,64743015.72686169,30172936.85710742,60709516.883620866,True,True
uk,TLH2,Ref,10.0,100.0,0.9,102.05235708957912,53.14590057087611,True,4565132.4573401185,43882513.548519015,4033498.843240794,60808364.37750994,39317381.091178894,56774865.53426914,True,True
uk,TLH2,Ref,10.0,300.0,0.9,102.05235708957912,53.14590057087611,True,4565132.457340119,43882513.54851903,4033498.8432407826,83031904.19500457,39317381.09117891,78998405.35176378,True,True
uk,TLH2,Ref,10.0,500.0,0.9,102.05235708957912,53.14590057087611,True,4565132.4573401185,43882513.54851903,4033498.8432408273,83031904.19500461,39317381.09117891,78998405.35176378,True,True
uk,TLH2,Ref,10.0,100.0,1.0,105.32551228653236,53.14590057087611,True,4565132.4573401185,45289970.28320892,4033498.843240794,62215821.11219984,40724837.8258688,58182322.268959045,True,True
uk,TLH2,Ref,10.0,300.0,1.0,105.32551228653236,53.14590057087611,True,4565132.457340119,45289970.28320894,4033498.8432407826,85846817.66438441,40724837.825868815,81813318.82114363,True,True
uk,TLH2,Ref,10.0,500.0,1.0,105.32551228653236,53.14590057087611,True,4565132.4573401185,45289970.28320892,4033498.8432408273,85846817.66438441,40724837.8258688,81813318.82114358,True,True
uk,TLH2,GNN-oof-42,10.0,100.0,0.5,102.6703054271974,73.98524863676636,True,7262462.919872169,44148231.33369488,3056735.82704325,54692176.030440465,36885768.41382271,51635440.203397214,True,True
uk,TLH2,GNN-oof-42,10.0,300.0,0.5,102.6703054271974,73.98524863676636,True,7262462.919872169,44148231.3336949,3056735.82704325,83476075.88734846,36885768.413822725,80419340.06030521,True,True
uk,TLH2,GNN-oof-42,10.0,500.0,0.5,102.6703054271974,73.98524863676636,True,7262462.91987217,44148231.3336949,3056735.827043295,83485042.91896382,36885768.413822725,80428307.09192052,True,True
uk,TLH2,GNN-oof-42,10.0,100.0,0.8,134.59468997093285,73.98524863676636,True,7262462.919872169,57875716.68750112,3056735.82704325,68419661.3842467,50613253.767628945,65362925.55720346,True,True
uk,TLH2,GNN-oof-42,10.0,300.0,0.8,134.59468997093285,73.98524863676636,True,7262462.919872169,57875716.68750115,3056735.82704325,110931046.59496096,50613253.767628975,107874310.76791771,True,True
uk,TLH2,GNN-oof-42,10.0,500.0,0.8,134.59468997093285,73.98524863676636,True,7262462.91987217,57875716.68750115,3056735.827043295,110940013.62657626,50613253.767628975,107883277.79953296,True,True
uk,TLH2,GNN-oof-42,10.0,100.0,0.9,154.87892483202106,73.98524863676636,True,7262462.919872169,66597937.67776906,3056735.82704325,77141882.37451462,59335474.757896885,74085146.54747137,True,True
uk,TLH2,GNN-oof-42,10.0,300.0,0.9,154.87892483202106,73.98524863676636,True,7262462.919872169,66597937.67776907,3056735.82704325,128375488.57549676,59335474.7578969,125318752.74845351,True,True
uk,TLH2,GNN-oof-42,10.0,500.0,0.9,154.87892483202106,73.98524863676636,True,7262462.91987217,66597937.67776906,3056735.827043295,128384455.607112,59335474.757896885,125327719.78006871,True,True
uk,TLH2,GNN-oof-42,10.0,100.0,1.0,159.86678527957733,73.98524863676636,True,7262462.919872169,68742717.67021823,3056735.82704325,79286662.36696385,61480254.75034606,76229926.5399206,True,True
uk,TLH2,GNN-oof-42,10.0,300.0,1.0,159.86678527957733,73.98524863676636,True,7262462.919872169,68742717.67021826,3056735.82704325,132665048.5603952,61480254.75034609,129608312.73335195,True,True
uk,TLH2,GNN-oof-42,10.0,500.0,1.0,159.86678527957733,73.98524863676636,True,7262462.91987217,68742717.67021823,3056735.827043295,132674015.5920105,61480254.75034606,129617279.7649672,True,True
uk,TLH2,GNN-oof-123,10.0,100.0,0.5,94.52248680042645,80.13560808462367,True,7023124.616969259,40644669.32418337,3756236.1770432517,51373303.80213182,33621544.70721411,47617067.625088565,True,True
uk,TLH2,GNN-oof-123,10.0,300.0,0.5,94.52248680042645,80.13560808462367,True,7023124.616969259,40644669.32418338,3756236.1770432293,76652028.54200742,33621544.707214125,72895792.36496419,True,True
uk,TLH2,GNN-oof-123,10.0,500.0,0.5,94.52248680042645,80.13560808462367,True,7023124.616969259,40644669.32418338,3756236.177043289,76652028.54200742,33621544.707214125,72895792.36496413,True,True
uk,TLH2,GNN-oof-123,10.0,100.0,0.8,130.54569153665707,80.13560808462367,True,7023124.616969259,56134647.360762544,3756236.1770432517,66863281.838710986,49111522.74379329,63107045.661667734,True,True
uk,TLH2,GNN-oof-123,10.0,300.0,0.8,130.54569153665707,80.13560808462367,True,7023124.616969259,56134647.36076257,3756236.1770432293,107631984.61516574,49111522.74379331,103875748.43812251,True,True
uk,TLH2,GNN-oof-123,10.0,500.0,0.8,130.54569153665707,80.13560808462367,True,7023124.616969259,56134647.36076257,3756236.177043289,107631984.61516571,49111522.74379331,103875748.43812242,True,True
uk,TLH2,GNN-oof-123,10.0,100.0,0.9,153.62390679146355,80.13560808462367,True,7023124.616969259,66058279.92032933,3756236.1770432517,76786914.39827779,59035155.303360075,73030678.22123453,True,True
uk,TLH2,GNN-oof-123,10.0,300.0,0.9,153.62390679146355,80.13560808462367,True,7023124.616969259,66058279.92032933,3756236.1770432293,127479249.73429927,59035155.303360075,123723013.55725604,True,True
uk,TLH2,GNN-oof-123,10.0,500.0,0.9,153.62390679146355,80.13560808462367,True,7023124.616969259,66058279.92032933,3756236.177043289,127479249.7342993,59035155.303360075,123723013.55725601,True,True
uk,TLH2,GNN-oof-123,10.0,100.0,1.0,202.08538620614678,80.13560808462367,True,7023124.616969259,86896716.0686431,3756236.1770432517,97625350.54659157,79873591.45167384,93869114.36954832,True,True
uk,TLH2,GNN-oof-123,10.0,300.0,1.0,202.08538620614678,80.13560808462367,True,7023124.616969259,86896716.06864312,3756236.1770432293,169156122.03092685,79873591.45167387,165399885.85388362,True,True
uk,TLH2,GNN-oof-123,10.0,500.0,1.0,202.08538620614678,80.13560808462367,True,7023124.616969259,86896716.06864311,3756236.177043289,169156122.03092685,79873591.45167385,165399885.85388356,True,True
uk,TLH2,GNN-oof-456,10.0,100.0,0.5,99.03272301076183,75.02229644403025,True,6813531.635091856,42584070.89462758,3414514.9620432593,53980783.30263381,35770539.25953572,50566268.34059055,True,True
uk,TLH2,GNN-oof-456,10.0,300.0,0.5,99.03272301076183,75.02229644403025,True,6813531.635091857,42584070.894627586,3414514.9620432407,80519314.7897061,35770539.25953573,77104799.82766286,True,True
uk,TLH2,GNN-oof-456,10.0,500.0,0.5,99.03272301076183,75.02229644403025,True,6813531.635091857,42584070.894627586,3414514.9620432556,80528281.82132141,35770539.25953573,77113766.85927816,True,True
uk,TLH2,GNN-oof-456,10.0,100.0,0.8,126.91841353049429,75.02229644403025,True,6813531.635091856,54574917.818112545,3414514.9620432593,65971630.22611878,47761386.18302069,62557115.26407552,True,True
uk,TLH2,GNN-oof-456,10.0,300.0,0.8,126.91841353049429,75.02229644403025,True,6813531.635091857,54574917.81811257,3414514.9620432407,104501008.63667604,47761386.18302071,101086493.6746328,True,True
uk,TLH2,GNN-oof-456,10.0,500.0,0.8,126.91841353049429,75.02229644403025,True,6813531.635091857,54574917.81811257,3414514.9620432556,104509975.66829138,47761386.18302071,101095460.70624812,True,True
uk,TLH2,GNN-oof-456,10.0,100.0,0.9,141.6894458527658,75.02229644403025,True,6813531.635091856,60926461.7166893,3414514.9620432593,72323174.12469552,54112930.08159745,68908659.16265227,True,True
uk,TLH2,GNN-oof-456,10.0,300.0,0.9,141.6894458527658,75.02229644403025,True,6813531.635091857,60926461.716689326,3414514.9620432407,117204096.43382952,54112930.08159747,113789581.47178628,True,True
uk,TLH2,GNN-oof-456,10.0,500.0,0.9,141.6894458527658,75.02229644403025,True,6813531.635091857,60926461.716689326,3414514.9620432556,117213063.4654449,54112930.08159747,113798548.50340164,True,True
uk,TLH2,GNN-oof-456,10.0,100.0,1.0,160.67628281861388,75.02229644403025,True,6813531.635091856,69090801.61200397,3414514.9620432593,80487514.0200102,62277269.97691211,77072999.05796695,True,True
uk,TLH2,GNN-oof-456,10.0,300.0,1.0,160.67628281861388,75.02229644403025,True,6813531.635091857,69090801.612004,3414514.9620432407,133532776.22445889,62277269.97691214,130118261.26241565,True,True
uk,TLH2,GNN-oof-456,10.0,500.0,1.0,160.67628281861388,75.02229644403025,True,6813531.635091857,69090801.612004,3414514.9620432556,133541743.25607419,62277269.97691214,130127228.29403093,True,True
uk,TLH2,Uni,20.0,100.0,0.5,188.08452057670806,170.7296480830703,True,20279706.3963863,74364180.35654105,9382166.551055536,48591198.293405786,54084473.96015476,39209031.74235025,True,True
uk,TLH2,Uni,20.0,300.0,0.5,188.08452057670806,170.7296480830703,True,26791869.887829736,80876343.8479845,4093891.509154305,117771061.11721487,54084473.96015476,113677169.60806057,True,True
uk,TLH2,Uni,20.0,500.0,0.5,188.08452057670806,170.7296480830703,True,26791869.887829732,80876343.8479845,4093891.5091543198,157866310.15896088,54084473.96015476,153772418.64980656,True,True
uk,TLH2,Uni,20.0,100.0,0.8,291.1104007120862,170.7296480830703,True,20279706.3963863,118665308.81475367,9382166.551055536,92892326.75161836,98385602.41836737,83510160.20056282,True,True
uk,TLH2,Uni,20.0,300.0,0.8,291.1104007120862,170.7296480830703,True,26791869.887829736,125177472.30619709,4093891.509154305,162341200.5238865,98385602.41836736,158247309.01473218,True,True
uk,TLH2,Uni,20.0,500.0,0.8,291.1104007120862,170.7296480830703,True,26791869.887829732,125177472.30619709,4093891.5091543198,246468567.075386,98385602.41836736,242374675.56623167,True,True
uk,TLH2,Uni,20.0,100.0,0.9,380.03595576269714,170.7296480830703,True,20279706.3963863,156903297.48651636,9382166.551055536,131130315.42338106,136623591.09013006,121748148.87232552,True,True
uk,TLH2,Uni,20.0,300.0,0.9,380.03595576269714,170.7296480830703,True,26791869.887829736,163415460.97795978,4093891.509154305,200579189.1956492,136623591.09013003,196485297.6864949,True,True
uk,TLH2,Uni,20.0,500.0,0.9,380.03595576269714,170.7296480830703,True,26791869.887829732,163415460.97795978,4093891.5091543198,286310178.2471901,136623591.09013006,282216286.7380358,True,True
uk,TLH2,Uni,20.0,100.0,1.0,403.7500221677733,170.7296480830703,True,20279706.3963863,167100346.04069912,9382166.551055536,141327363.97756386,146820639.64431283,131945197.42650832,True,True
uk,TLH2,Uni,20.0,300.0,1.0,403.7500221677733,170.7296480830703,True,26791869.887829736,173612509.53214258,4093891.509154305,210776237.74983194,146820639.64431286,206682346.24067765,True,True
uk,TLH2,Uni,20.0,500.0,1.0,403.7500221677733,170.7296480830703,True,26791869.887829732,173612509.53214258,4093891.5091543198,296507226.8013729,146820639.64431286,292413335.29221857,True,True
uk,TLH2,LU,20.0,100.0,0.5,183.47756613361088,108.77046604302342,True,12955725.54328859,77512288.71314065,9243192.486055534,68302423.40494916,64556563.16985206,59059230.91889362,True,True
uk,TLH2,LU,20.0,300.0,0.5,183.47756613361088,108.77046604302342,True,14338790.267600624,78895353.4374527,2970039.4460555315,141142787.7213967,64556563.16985208,138172748.27534118,True,True
uk,TLH2,LU,20.0,500.0,0.5,183.47756613361088,108.77046604302342,True,14338790.267600624,78895353.4374527,2970039.4460555315,151717859.80384797,64556563.16985208,148747820.35779244,True,True
uk,TLH2,LU,20.0,100.0,0.8,299.1165256017708,108.77046604302342,True,12955725.54328859,127237041.28444938,9243192.486055534,118027175.97625789,114281315.7411608,108783983.49020235,True,True
uk,TLH2,LU,20.0,300.0,0.8,299.1165256017708,108.77046604302342,True,14338790.267600624,128620106.00876142,2970039.4460555315,191136551.2411645,114281315.7411608,188166511.79510897,True,True
uk,TLH2,LU,20.0,500.0,0.8,299.1165256017708,108.77046604302342,True,14338790.267600624,128620106.00876145,2970039.4460555315,251167364.9464654,114281315.74116082,248197325.50040987,True,True
uk,TLH2,LU,20.0,100.0,0.9,348.9985382982626,108.77046604302342,True,12955725.54328859,148686306.74394086,9243192.486055534,139476441.43574938,135730581.20065227,130233248.94969384,True,True
uk,TLH2,LU,20.0,300.0,0.9,348.9985382982626,108.77046604302342,True,14338790.267600624,150069371.46825287,2970039.4460555315,212585816.700656,135730581.20065224,209615777.25460047,True,True
uk,TLH2,LU,20.0,500.0,0.9,348.9985382982626,108.77046604302342,True,14338790.267600624,150069371.46825293,2970039.4460555315,294065895.8654484,135730581.2006523,291095856.4193929,True,True
uk,TLH2,LU,20.0,100.0,1.0,409.37616585498364,108.77046604302342,True,12955725.54328859,174648686.59333092,9243192.486055534,165438821.28513944,161692961.05004233,156195628.79908392,True,True
uk,TLH2,LU,20.0,300.0,1.0,409.37616585498364,108.77046604302342,True,14338790.267600624,176031751.31764302,2970039.4460555315,238548196.55004606,161692961.0500424,235578157.10399053,True,True
uk,TLH2,LU,20.0,500.0,1.0,409.37616585498364,108.77046604302342,True,14338790.267600624,176031751.31764302,2970039.4460555315,324279185.60158694,161692961.0500424,321309146.1555314,True,True
uk,TLH2,LU-soft,20.0,100.0,0.5,168.1899533470696,136.75823545264524,True,17225134.016648304,69335482.60940205,9243192.486055534,57626443.085689485,52110348.59275374,48383250.59963395,True,True
uk,TLH2,LU-soft,20.0,300.0,0.5,168.1899533470696,136.75823545264524,True,20211331.346486215,72321679.93923996,2321342.5210555196,122771696.99602935,52110348.59275375,120450354.47497383,True,True
uk,TLH2,LU-soft,20.0,500.0,0.5,168.1899533470696,136.75823545264524,True,20211331.346486215,72321679.93923996,2321342.521055579,138889667.20498282,52110348.59275375,136568324.68392724,True,True
uk,TLH2,LU-soft,20.0,100.0,0.8,197.6861523414003,136.75823545264524,True,17225134.016648304,82018848.17696421,9243192.486055534,70309808.65325168,64793714.1603159,61066616.16719614,True,True
uk,TLH2,LU-soft,20.0,300.0,0.8,197.6861523414003,136.75823545264524,True,20211331.346486215,85005045.50680213,2321342.5210555196,135455062.56359154,64793714.160315916,133133720.04253602,True,True
uk,TLH2,LU-soft,20.0,500.0,0.8,197.6861523414003,136.75823545264524,True,20211331.346486215,85005045.50680213,2321342.521055579,164256398.3401072,64793714.160315916,161935055.81905162,True,True
uk,TLH2,LU-soft,20.0,100.0,0.9,214.31214593702003,136.75823545264524,True,17225134.016648304,89168025.42308071,9243192.486055534,77458985.89936818,71942891.4064324,68215793.41331264,True,True
uk,TLH2,LU-soft,20.0,300.0,0.9,214.31214593702003,136.75823545264524,True,20211331.346486215,92154222.75291865,2321342.5210555196,142604239.80970806,71942891.40643243,140282897.28865254,True,True
uk,TLH2,LU-soft,20.0,500.0,0.9,214.31214593702003,136.75823545264524,True,20211331.346486215,92154222.75291865,2321342.521055579,178554752.83234006,71942891.40643243,176233410.31128448,True,True
uk,TLH2,LU-soft,20.0,100.0,1.0,313.8846534625784,136.75823545264524,True,17225134.016648304,131984203.65907083,9243192.486055534,120275164.13535829,114759069.64242253,111031971.64930275,True,True
uk,TLH2,LU-soft,20.0,300.0,1.0,313.8846534625784,136.75823545264524,True,20211331.346486215,134970400.98890874,2321342.5210555196,185689428.99415717,114759069.64242253,183368086.47310165,True,True
uk,TLH2,LU-soft,20.0,500.0,1.0,313.8846534625784,136.75823545264524,True,20211331.346486215,134970400.98890874,2321342.521055579,264187109.30432028,114759069.64242253,261865766.7832647,True,True
uk,TLH2,Ref,20.0,100.0,0.5,79.47629242566084,58.1961299533242,True,5657574.71835381,34139029.63675949,2194461.934296323,30882771.769348495,28481454.91840568,28688309.83505217,True,True
uk,TLH2,Ref,20.0,300.0,0.5,79.47629242566084,58.1961299533242,True,5693350.82462849,34174805.74303418,2615090.084296316,63640150.42218812,28481454.918405686,61025060.3378918,True,True
uk,TLH2,Ref,20.0,500.0,0.5,79.47629242566084,58.1961299533242,True,5693350.824628493,34174805.743034184,2615090.0842963457,63640150.42218809,28481454.91840569,61025060.33789174,True,True
uk,TLH2,Ref,20.0,100.0,0.8,95.52517512555663,58.1961299533242,True,5657574.71835381,41040049.19771467,2194461.934296323,37783791.330303684,35382474.47936086,35589329.39600736,True,True
uk,TLH2,Ref,20.0,300.0,0.8,95.52517512555663,58.1961299533242,True,5693350.82462849,41075825.303989366,2615090.084296316,77442189.54409845,35382474.47936088,74827099.45980214,True,True
uk,TLH2,Ref,20.0,500.0,0.8,95.52517512555663,58.1961299533242,True,5693350.824628493,41075825.30398937,2615090.0842963457,77442189.54409845,35382474.47936088,74827099.4598021,True,True
uk,TLH2,Ref,20.0,100.0,0.9,113.95368204030102,58.1961299533242,True,5657574.71835381,48964307.171054766,2194461.934296323,45708049.30364378,43306732.45270096,43513587.36934745,True,True
uk,TLH2,Ref,20.0,300.0,0.9,113.95368204030102,58.1961299533242,True,5693350.82462849,49000083.27732945,2615090.084296316,93290705.49077868,43306732.452700965,90675615.40648237,True,True
uk,TLH2,Ref,20.0,500.0,0.9,113.95368204030102,58.1961299533242,True,5693350.824628493,49000083.27732946,2615090.0842963457,93290705.49077865,43306732.452700965,90675615.40648231,True,True
uk,TLH2,Ref,20.0,100.0,1.0,178.9519499858616,58.1961299533242,True,5657574.71835381,76913562.38764581,2194461.934296323,73657304.52023478,71255987.669292,71462842.58593845,True,True
uk,TLH2,Ref,20.0,300.0,1.0,178.9519499858616,58.1961299533242,True,5693350.82462849,76949338.4939205,2615090.084296316,149189215.92396072,71255987.66929202,146574125.8396644,True,True
uk,TLH2,Ref,20.0,500.0,1.0,178.9519499858616,58.1961299533242,True,5693350.824628493,76949338.4939205,2615090.0842963457,149189215.92396063,71255987.66929202,146574125.83966428,True,True
uk,TLH2,GNN-oof-42,20.0,100.0,0.5,112.820834711705,86.6904110855379,True,8447660.431907866,48364922.25203323,4039727.871055525,43081511.74159868,39917261.82012537,39041783.87054315,True,True
uk,TLH2,GNN-oof-42,20.0,300.0,0.5,112.820834711705,86.6904110855379,True,8595697.10590778,48512958.926033154,3572156.34035185,92590519.22073042,39917261.82012537,89018362.88037857,True,True
uk,TLH2,GNN-oof-42,20.0,500.0,0.5,112.820834711705,86.6904110855379,True,8595697.10590778,48512958.92603317,3572156.3403519094,92590519.2207304,39917261.820125386,89018362.88037848,True,True
uk,TLH2,GNN-oof-42,20.0,100.0,0.8,148.36309254859324,86.6904110855379,True,8447660.431907866,63648093.12189519,4039727.871055525,58364682.61146061,55200432.68998732,54324954.74040508,True,True
uk,TLH2,GNN-oof-42,20.0,300.0,0.8,148.36309254859324,86.6904110855379,True,8595697.10590778,63796129.79589511,3572156.34035185,123156860.96045427,55200432.68998733,119584704.62010242,True,True
uk,TLH2,GNN-oof-42,20.0,500.0,0.8,148.36309254859324,86.6904110855379,True,8595697.10590778,63796129.795895115,3572156.3403519094,123156860.9604543,55200432.68998733,119584704.62010239,True,True
uk,TLH2,GNN-oof-42,20.0,100.0,0.9,156.95174352903106,86.6904110855379,True,8447660.431907866,67341213.04348347,4039727.871055525,62057802.53304887,58893552.6115756,58018074.66199334,True,True
uk,TLH2,GNN-oof-42,20.0,300.0,0.9,156.95174352903106,86.6904110855379,True,8595697.10590778,67489249.71748339,3572156.34035185,130543100.80363086,58893552.6115756,126970944.46327901,True,True
uk,TLH2,GNN-oof-42,20.0,500.0,0.9,156.95174352903106,86.6904110855379,True,8595697.10590778,67489249.71748339,3572156.3403519094,130543100.80363083,58893552.6115756,126970944.46327892,True,True
uk,TLH2,GNN-oof-42,20.0,100.0,1.0,229.7565688001625,86.6904110855379,True,8447660.431907866,98647287.91006997,4039727.871055525,93363877.3996354,90199627.47816211,89324149.52857988,True,True
uk,TLH2,GNN-oof-42,20.0,300.0,1.0,229.7565688001625,86.6904110855379,True,8595697.10590778,98795324.58406992,3572156.34035185,175970977.80334288,90199627.47816214,172398821.46299103,True,True
uk,TLH2,GNN-oof-42,20.0,500.0,1.0,229.7565688001625,86.6904110855379,True,8595697.10590778,98795324.58406991,3572156.3403519094,193155250.53680393,90199627.47816212,189583094.19645202,True,True
uk,TLH2,GNN-oof-123,20.0,100.0,0.5,119.34629879498785,82.75909734519189,True,7919303.083474787,51220965.470641255,2569759.5410555303,47572133.10948806,43301662.38716647,45002373.56843253,True,True
uk,TLH2,GNN-oof-123,20.0,300.0,0.5,119.34629879498785,82.75909734519189,True,8017246.094678313,51318908.48184479,4817485.86500001,98554727.10360846,43301662.38716648,93737241.23860845,True,True
uk,TLH2,GNN-oof-123,20.0,500.0,0.5,119.34629879498785,82.75909734519189,True,8017246.094678311,51318908.48184479,4817485.86500001,98554727.10360849,43301662.38716648,93737241.23860848,True,True
uk,TLH2,GNN-oof-123,20.0,100.0,0.8,172.19550400215454,82.75909734519189,True,7919303.083474787,73946123.70972292,2569759.5410555303,70297291.3485697,66026820.626248136,67727531.80751418,True,True
uk,TLH2,GNN-oof-123,20.0,300.0,0.8,172.19550400215454,82.75909734519189,True,8017246.094678313,74044066.72092646,4817485.86500001,144005043.5817718,66026820.62624815,139187557.71677178,True,True
uk,TLH2,GNN-oof-123,20.0,500.0,0.8,172.19550400215454,82.75909734519189,True,8017246.094678311,74044066.72092646,4817485.86500001,144005043.5817718,66026820.62624815,139187557.71677178,True,True
uk,TLH2,GNN-oof-123,20.0,100.0,0.9,206.7369526260908,82.75909734519189,True,7919303.083474787,88798946.61801551,2569759.5410555303,85150114.25686233,80879643.53454073,82580354.7158068,True,True
uk,TLH2,GNN-oof-123,20.0,300.0,0.9,206.7369526260908,82.75909734519189,True,8017246.094678313,88896889.62921906,4817485.86500001,168086877.31116062,80879643.53454074,163269391.4461606,True,True
uk,TLH2,GNN-oof-123,20.0,500.0,0.9,206.7369526260908,82.75909734519189,True,8017246.094678311,88896889.62921906,4817485.86500001,173710689.3983569,80879643.53454074,168893203.5333569,True,True
uk,TLH2,GNN-oof-123,20.0,100.0,1.0,214.71668233542522,82.75909734519189,True,7919303.083474787,92230230.39302933,2569759.5410555303,88581398.03187612,84310927.30955455,86011638.49082059,True,True
uk,TLH2,GNN-oof-123,20.0,300.0,1.0,214.71668233542522,82.75909734519189,True,8017246.094678313,92328173.40423287,4817485.86500001,171518161.0861744,84310927.30955456,166700675.2211744,True,True
uk,TLH2,GNN-oof-123,20.0,500.0,1.0,214.71668233542522,82.75909734519189,True,8017246.094678311,92328173.40423286,4817485.86500001,180573256.94838458,84310927.30955455,175755771.08338457,True,True
uk,TLH2,GNN-oof-456,20.0,100.0,0.5,125.99733365091987,84.3834112961755,True,8165650.953203283,54026812.75514598,3276822.516055532,47838789.0416464,45861161.8019427,44561966.52559087,True,True
uk,TLH2,GNN-oof-456,20.0,300.0,0.5,125.99733365091987,84.3834112961755,True,8317691.667952847,54178853.46989557,3280568.825351864,104229605.16503242,45861161.80194272,100949036.33968055,True,True
uk,TLH2,GNN-oof-456,20.0,500.0,0.5,125.99733365091987,84.3834112961755,True,8317691.667952849,54178853.46989557,3280568.825351864,104229605.16503243,45861161.80194272,100949036.33968057,True,True
uk,TLH2,GNN-oof-456,20.0,100.0,0.8,138.99254628148722,84.3834112961755,True,8165650.953203283,59614754.18628993,3276822.516055532,53426730.47279033,51449103.233086646,50149907.9567348,True,True
uk,TLH2,GNN-oof-456,20.0,300.0,0.8,138.99254628148722,84.3834112961755,True,8317691.667952847,59766794.90103951,3280568.825351864,115405488.02732034,51449103.23308666,112124919.20196848,True,True
uk,TLH2,GNN-oof-456,20.0,500.0,0.8,138.99254628148722,84.3834112961755,True,8317691.667952849,59766794.90103951,3280568.825351864,115405488.02732031,51449103.23308666,112124919.20196845,True,True
uk,TLH2,GNN-oof-456,20.0,100.0,0.9,148.75105352976126,84.3834112961755,True,8165650.953203283,63810912.30304779,3276822.516055532,57622888.58954817,55645261.34984451,54346066.07349264,True,True
uk,TLH2,GNN-oof-456,20.0,300.0,0.9,148.75105352976126,84.3834112961755,True,8317691.667952847,63962953.01779736,3280568.825351864,123797804.26083605,55645261.349844515,120517235.43548419,True,True
uk,TLH2,GNN-oof-456,20.0,500.0,0.9,148.75105352976126,84.3834112961755,True,8317691.667952849,63962953.017797366,3280568.825351864,123797804.26083598,55645261.349844515,120517235.43548411,True,True
uk,TLH2,GNN-oof-456,20.0,100.0,1.0,235.90524095382034,84.3834112961755,True,8165650.953203283,101287212.89539316,3276822.516055532,95099189.18189356,93121561.94218987,91822366.66583803,True,True
uk,TLH2,GNN-oof-456,20.0,300.0,1.0,235.90524095382034,84.3834112961755,True,8317691.667952847,101439253.61014274,3280568.825351864,178595747.6038887,93121561.94218989,175315178.77853683,True,True
uk,TLH2,GNN-oof-456,20.0,500.0,1.0,235.90524095382034,84.3834112961755,True,8317691.667952849,101439253.61014274,3280568.825351864,198750405.44552675,93121561.94218989,195469836.62017488,True,True
uk,TLH3,Uni,10.0,100.0,0.5,145.496477407052,87.59065364036927,True,11471672.538118046,62553017.00874205,1064574.864999991,61682664.57540627,51081344.470624,60618089.71040627,True,True
uk,TLH3,Uni,10.0,300.0,0.5,145.496477407052,87.59065364036927,True,11482140.814408367,62563485.28503238,1064574.8650000095,120955458.2938498,51081344.47062401,119890883.42884979,True,True
uk,TLH3,Uni,10.0,500.0,0.5,145.496477407052,87.59065364036927,True,11482140.814408367,62563485.28503238,1064574.8649999797,120955458.29384974,51081344.47062401,119890883.42884976,True,True
uk,TLH3,Uni,10.0,100.0,0.8,224.55799982722806,87.59065364036927,True,11471672.538118046,96549471.64941776,1064574.864999991,95679119.21608196,85077799.11129971,94614544.35108197,True,True
uk,TLH3,Uni,10.0,300.0,0.8,224.55799982722806,87.59065364036927,True,11482140.814408367,96559939.92570807,1064574.8650000095,181679119.216082,85077799.11129971,180614544.351082,True,True
uk,TLH3,Uni,10.0,500.0,0.8,224.55799982722806,87.59065364036927,True,11482140.814408367,96559939.92570807,1064574.8649999797,188948367.57520115,85077799.11129971,187883792.71020117,True,True
uk,TLH3,Uni,10.0,100.0,0.9,288.52518245741294,87.59065364036927,True,11471672.538118046,124055360.18039726,1064574.864999991,123185007.74706146,112583687.64227921,122120432.88206147,True,True
uk,TLH3,Uni,10.0,300.0,0.9,288.52518245741294,87.59065364036927,True,11482140.814408367,124065828.45668757,1064574.8650000095,209185007.74706146,112583687.64227921,208120432.88206145,True,True
uk,TLH3,Uni,10.0,500.0,0.9,288.52518245741294,87.59065364036927,True,11482140.814408367,124065828.45668755,1064574.8649999797,243960144.63716012,112583687.6422792,242895569.77216014,True,True
uk,TLH3,Uni,10.0,100.0,1.0,326.1057405992775,87.59065364036927,True,11471672.538118046,140215000.181399,1064574.864999991,139344647.74806324,128743327.64328094,138280072.88306326,True,True
uk,TLH3,Uni,10.0,300.0,1.0,326.1057405992775,87.59065364036927,True,11482140.814408367,140225468.45768932,1064574.8650000095,225344647.74806324,128743327.64328095,224280072.88306323,True,True
uk,TLH3,Uni,10.0,500.0,1.0,326.1057405992775,87.59065364036927,True,11482140.814408367,140225468.45768934,1064574.8649999797,276279424.6391636,128743327.64328098,275214849.7741636,True,True
uk,TLH3,LU,10.0,100.0,0.5,134.83978553533888,87.61963647531631,True,10386201.819124116,57974103.21878606,1495624.4949999936,57770045.920875624,47587901.39966194,56274421.425875634,True,True
uk,TLH3,LU,10.0,300.0,0.5,134.83978553533888,87.61963647531631,True,10393206.38053376,57981107.78019573,1495624.494999975,111867059.32043214,47587901.399661966,110371434.82543217,True,True
uk,TLH3,LU,10.0,500.0,0.5,134.83978553533888,87.61963647531631,True,10393206.380533757,57981107.78019573,1495624.4949999452,111867059.32043211,47587901.39966197,110371434.82543217,True,True
uk,TLH3,LU,10.0,100.0,0.8,199.8991148722285,87.61963647531631,True,10386201.819124116,85949614.8336486,1495624.4949999936,85745557.53573816,75563413.01452449,84249933.04073817,True,True
uk,TLH3,LU,10.0,300.0,0.8,199.8991148722285,87.61963647531631,True,10393206.38053376,85956619.39505826,1495624.494999975,167818082.5501572,75563413.0145245,166322458.0551572,True,True
uk,TLH3,LU,10.0,500.0,0.8,199.8991148722285,87.61963647531631,True,10393206.380533757,85956619.39505826,1495624.4949999452,167818082.55015713,75563413.0145245,166322458.05515718,True,True
uk,TLH3,LU,10.0,100.0,0.9,244.4877696040748,87.61963647531631,True,10386201.819124116,105122736.36834252,1495624.4949999936,104918679.07043207,94736534.5492184,103423054.57543208,True,True
uk,TLH3,LU,10.0,300.0,0.9,244.4877696040748,87.61963647531631,True,10393206.38053376,105129740.92975217,1495624.494999975,190918679.070432,94736534.54921842,189423054.57543203,True,True
uk,TLH3,LU,10.0,500.0,0.9,244.4877696040748,87.61963647531631,True,10393206.380533757,105129740.92975214,1495624.4949999452,206164325.619545,94736534.54921839,204668701.12454507,True,True
uk,TLH3,LU,10.0,100.0,1.0,286.48182156243894,87.61963647531631,True,10386201.819124116,123180178.71043909,1495624.4949999936,122976121.41252863,112793976.89131497,121480496.91752864,True,True
uk,TLH3,LU,10.0,300.0,1.0,286.48182156243894,87.61963647531631,True,10393206.38053376,123187183.27184872,1495624.494999975,208976121.41252866,112793976.89131497,207480496.9175287,True,True
uk,TLH3,LU,10.0,500.0,1.0,286.48182156243894,87.61963647531631,True,10393206.380533757,123187183.27184872,1495624.4949999452,242279210.30373818,112793976.89131497,240783585.80873823,True,True
uk,TLH3,LU-soft,10.0,100.0,0.5,126.96379260149503,94.93603761660472,True,11577661.213420104,54580842.29586478,2279872.4699999914,53639935.76815458,43003181.08244468,51360063.298154585,True,True
uk,TLH3,LU-soft,10.0,300.0,0.5,126.96379260149503,94.93603761660472,True,11591249.736198174,54594430.81864287,2279872.469999999,104537761.55853409,43003181.0824447,102257889.08853409,True,True
uk,TLH3,LU-soft,10.0,500.0,0.5,126.96379260149503,94.93603761660472,True,11591249.736198174,54594430.81864287,2279872.469999939,104537761.55853406,43003181.0824447,102257889.08853412,True,True
uk,TLH3,LU-soft,10.0,100.0,0.8,159.19322134721034,94.93603761660472,True,11577661.213420104,68439496.65652236,2279872.4699999914,67498590.12881216,56861835.443102255,65218717.65881217,True,True
uk,TLH3,LU-soft,10.0,300.0,0.8,159.19322134721034,94.93603761660472,True,11591249.736198174,68453085.17930046,2279872.469999999,132255070.27984926,56861835.443102285,129975197.80984926,True,True
uk,TLH3,LU-soft,10.0,500.0,0.8,159.19322134721034,94.93603761660472,True,11591249.736198174,68453085.17930046,2279872.469999939,132255070.2798492,56861835.443102285,129975197.80984926,True,True
uk,TLH3,LU-soft,10.0,100.0,0.9,168.39507939911027,94.93603761660472,True,11577661.213420104,72396295.61883935,2279872.4699999914,71455389.09112914,60818634.405419245,69175516.62112916,True,True
uk,TLH3,LU-soft,10.0,300.0,0.9,168.39507939911027,94.93603761660472,True,11591249.736198174,72409884.14161743,2279872.469999999,140168668.2044832,60818634.40541926,137888795.7344832,True,True
uk,TLH3,LU-soft,10.0,500.0,0.9,168.39507939911027,94.93603761660472,True,11591249.736198174,72409884.14161743,2279872.469999939,140168668.20448312,60818634.40541926,137888795.73448318,True,True
uk,TLH3,LU-soft,10.0,100.0,1.0,188.89004688926178,94.93603761660472,True,11577661.213420104,81209131.63960452,2279872.4699999914,80268225.1118943,69631470.42618442,77988352.64189431,True,True
uk,TLH3,LU-soft,10.0,300.0,1.0,188.89004688926178,94.93603761660472,True,11591249.736198174,81222720.1623826,2279872.469999999,157794340.24601346,69631470.42618443,155514467.77601346,True,True
uk,TLH3,LU-soft,10.0,500.0,1.0,188.89004688926178,94.93603761660472,True,11591249.736198174,81222720.1623826,2279872.469999939,157794340.2460134,69631470.42618443,155514467.77601346,True,True
uk,TLH3,Ref,10.0,100.0,0.5,62.246780148297596,61.77532276391,True,4254921.5622313535,26766115.463767968,610950.0199999809,39550282.31517659,22511193.901536614,38939332.29517661,True,True
uk,TLH3,Ref,10.0,300.0,0.5,62.246780148297596,61.77532276391,True,4254921.5622313535,26766115.463767976,610950.0199999958,47873560.56099971,22511193.90153662,47262610.54099971,True,True
uk,TLH3,Ref,10.0,500.0,0.5,62.246780148297596,61.77532276391,True,4254921.562231353,26766115.463767983,610950.0199999511,47873560.56099968,22511193.90153663,47262610.540999725,True,True
uk,TLH3,Ref,10.0,100.0,0.8,78.14034841761621,61.77532276391,True,4254921.5622313535,33600349.81957497,610950.0199999809,46384516.670983575,29345428.257343613,45773566.650983594,True,True
uk,TLH3,Ref,10.0,300.0,0.8,78.14034841761621,61.77532276391,True,4254921.5622313535,33600349.81957497,610950.0199999958,61542029.27261373,29345428.257343613,60931079.25261373,True,True
uk,TLH3,Ref,10.0,500.0,0.8,78.14034841761621,61.77532276391,True,4254921.562231353,33600349.819574974,610950.0199999511,61542029.27261372,29345428.25734362,60931079.25261377,True,True
uk,TLH3,Ref,10.0,100.0,0.9,98.71000219047649,61.77532276391,True,4254921.5622313535,42445300.9419049,610950.0199999809,55229467.79331352,38190379.37967355,54618517.77331354,True,True
uk,TLH3,Ref,10.0,300.0,0.9,98.71000219047649,61.77532276391,True,4254921.5622313535,42445300.9419049,610950.0199999958,79231931.51727358,38190379.37967355,78620981.49727358,True,True
uk,TLH3,Ref,10.0,500.0,0.9,98.71000219047649,61.77532276391,True,4254921.562231353,42445300.94190491,610950.0199999511,79231931.51727359,38190379.379673555,78620981.49727364,True,True
uk,TLH3,Ref,10.0,100.0,1.0,101.87595705791203,61.77532276391,True,4254921.5622313535,43806661.53490218,610950.0199999809,56590828.38631079,39551739.97267082,55979878.36631081,True,True
uk,TLH3,Ref,10.0,300.0,1.0,101.87595705791203,61.77532276391,True,4254921.5622313535,43806661.53490219,610950.0199999958,81954652.70326811,39551739.97267084,81343702.68326811,True,True
uk,TLH3,Ref,10.0,500.0,1.0,101.87595705791203,61.77532276391,True,4254921.562231353,43806661.53490219,610950.0199999511,81954652.70326813,39551739.97267084,81343702.68326817,True,True
uk,TLH3,GNN-oof-42,10.0,100.0,0.5,99.30771187107072,91.42898936935065,True,7158753.270266065,42696401.59830888,1614451.339999985,44322611.778601475,35537648.32804282,42708160.438601494,True,True
uk,TLH3,GNN-oof-42,10.0,300.0,0.5,99.30771187107072,91.42898936935065,True,7164667.776517585,42702316.10456043,1614451.3400000036,79919939.66226265,35537648.32804284,78305488.32226264,True,True
uk,TLH3,GNN-oof-42,10.0,500.0,0.5,99.30771187107072,91.42898936935065,True,7164667.776517582,42702316.10456043,1614451.339999944,79919939.66226268,35537648.32804284,78305488.32226273,True,True
uk,TLH3,GNN-oof-42,10.0,100.0,0.8,130.18652896174942,91.42898936935065,True,7158753.270266065,55974292.947300725,1614451.339999985,57600503.12759332,48815539.67703466,55986051.787593335,True,True
uk,TLH3,GNN-oof-42,10.0,300.0,0.8,130.18652896174942,91.42898936935065,True,7164667.776517585,55980207.45355225,1614451.3400000036,106475722.36024635,48815539.67703467,104861271.02024634,True,True
uk,TLH3,GNN-oof-42,10.0,500.0,0.8,130.18652896174942,91.42898936935065,True,7164667.776517582,55980207.45355225,1614451.339999944,106475722.36024633,48815539.67703467,104861271.02024639,True,True
uk,TLH3,GNN-oof-42,10.0,100.0,0.9,149.80642726368302,91.42898936935065,True,7158753.270266065,64410849.21713217,1614451.339999985,66037059.39742477,57252095.94686611,64422608.05742478,True,True
uk,TLH3,GNN-oof-42,10.0,300.0,0.9,149.80642726368302,91.42898936935065,True,7164667.776517585,64416763.723383695,1614451.3400000036,123348834.89990921,57252095.94686611,121734383.55990921,True,True
uk,TLH3,GNN-oof-42,10.0,500.0,0.9,149.80642726368302,91.42898936935065,True,7164667.776517582,64416763.723383695,1614451.339999944,123348834.89990921,57252095.94686611,121734383.55990927,True,True
uk,TLH3,GNN-oof-42,10.0,100.0,1.0,154.63092842902012,91.42898936935065,True,7158753.270266065,66485384.71822712,1614451.339999985,68111594.89851972,59326631.447961055,66497143.558519736,True,True
uk,TLH3,GNN-oof-42,10.0,300.0,1.0,154.63092842902012,91.42898936935065,True,7164667.776517585,66491299.22447868,1614451.3400000036,127497905.90209909,59326631.44796109,125883454.56209908,True,True
uk,TLH3,GNN-oof-42,10.0,500.0,1.0,154.63092842902012,91.42898936935065,True,7164667.776517582,66491299.22447867,1614451.339999944,127497905.90209916,59326631.447961085,125883454.56209922,True,True
uk,TLH3,GNN-oof-123,10.0,100.0,0.5,91.42674549819023,86.90957608205277,True,6963883.709539869,39309749.34750995,1963426.6549999863,43360472.907917835,32345865.637970082,41397046.25291785,True,True
uk,TLH3,GNN-oof-123,10.0,300.0,0.5,91.42674549819023,86.90957608205277,True,6967634.92625172,39313500.564221814,1963426.655000016,71901001.26141208,32345865.637970094,69937574.60641207,True,True
uk,TLH3,GNN-oof-123,10.0,500.0,0.5,91.42674549819023,86.90957608205277,True,6967634.926251716,39313500.564221814,1963426.6549999714,71901001.26141211,32345865.637970097,69937574.60641214,True,True
uk,TLH3,GNN-oof-123,10.0,100.0,0.8,126.27014078890427,86.90957608205277,True,6963883.709539869,54292409.322516985,1963426.6549999863,58343132.88292488,47328525.61297712,56379706.22792489,True,True
uk,TLH3,GNN-oof-123,10.0,300.0,0.8,126.27014078890427,86.90957608205277,True,6967634.92625172,54296160.53922884,1963426.655000016,101866321.21142618,47328525.612977125,99902894.55642617,True,True
uk,TLH3,GNN-oof-123,10.0,500.0,0.8,126.27014078890427,86.90957608205277,True,6967634.926251716,54296160.53922885,1963426.6549999714,101866321.21142617,47328525.61297713,99902894.5564262,True,True
uk,TLH3,GNN-oof-123,10.0,100.0,0.9,148.5925127881577,86.90957608205277,True,6963883.709539869,63891029.282195956,1963426.6549999863,67941752.84260383,56927145.57265609,65978326.187603846,True,True
uk,TLH3,GNN-oof-123,10.0,300.0,0.9,148.5925127881577,86.90957608205277,True,6967634.92625172,63894780.49890782,1963426.655000016,121063561.13078418,56927145.5726561,119100134.47578417,True,True
uk,TLH3,GNN-oof-123,10.0,500.0,0.9,148.5925127881577,86.90957608205277,True,6967634.926251716,63894780.49890781,1963426.6549999714,121063561.13078408,56927145.572656095,119100134.47578411,True,True
uk,TLH3,GNN-oof-123,10.0,100.0,1.0,195.46681217330718,86.90957608205277,True,6963883.709539869,84046978.01781024,1963426.6549999863,88097701.57821812,77083094.30827036,86134274.92321813,True,True
uk,TLH3,GNN-oof-123,10.0,300.0,1.0,195.46681217330718,86.90957608205277,True,6967634.92625172,84050729.2345221,1963426.655000016,161375458.60201272,77083094.30827038,159412031.94701272,True,True
uk,TLH3,GNN-oof-123,10.0,500.0,1.0,195.46681217330718,86.90957608205277,True,6967634.926251716,84050729.23452209,1963426.6549999714,161375458.6020127,77083094.30827038,159412031.94701272,True,True
uk,TLH3,GNN-oof-456,10.0,100.0,0.5,95.78926527625848,85.6492923479887,True,6949233.969064434,41186867.30166597,1921483.8099999875,47324115.64202233,34237633.33260153,45402631.83202234,True,True
uk,TLH3,GNN-oof-456,10.0,300.0,0.5,95.78926527625848,85.6492923479887,True,6951750.736189621,41189384.06879115,1921483.8100000024,74754787.37514506,34237633.33260153,72833303.56514506,True,True
uk,TLH3,GNN-oof-456,10.0,500.0,0.5,95.78926527625848,85.6492923479887,True,6951750.736189617,41189384.06879115,1921483.8099999726,74754787.37514505,34237633.33260153,72833303.56514508,True,True
uk,TLH3,GNN-oof-456,10.0,100.0,0.8,122.76166112077168,85.6492923479887,True,6949233.969064434,52784997.51480664,1921483.8099999875,58922245.855163015,45835763.54574221,57000762.04516303,True,True
uk,TLH3,GNN-oof-456,10.0,300.0,0.8,122.76166112077168,85.6492923479887,True,6951750.736189621,52787514.28193184,1921483.8100000024,97951047.80142643,45835763.54574222,96029563.99142642,True,True
uk,TLH3,GNN-oof-456,10.0,500.0,0.8,122.76166112077168,85.6492923479887,True,6951750.736189617,52787514.28193185,1921483.8099999726,97951047.80142641,45835763.54574223,96029563.99142644,True,True
uk,TLH3,GNN-oof-456,10.0,100.0,0.9,137.04892184133672,85.6492923479887,True,6949233.969064434,58928519.6246496,1921483.8099999875,65065767.965006016,51979285.65558516,63144284.15500603,True,True
uk,TLH3,GNN-oof-456,10.0,300.0,0.9,137.04892184133672,85.6492923479887,True,6951750.736189621,58931036.391774796,1921483.8100000024,110238092.02111237,51979285.65558518,108316608.21111237,True,True
uk,TLH3,GNN-oof-456,10.0,500.0,0.9,137.04892184133672,85.6492923479887,True,6951750.736189617,58931036.391774796,1921483.8099999726,110238092.02111237,51979285.65558518,108316608.2111124,True,True
uk,TLH3,GNN-oof-456,10.0,100.0,1.0,155.4139138115267,85.6492923479887,True,6949233.969064434,66825466.1718313,1921483.8099999875,72962714.51218769,59876232.202766865,71041230.7021877,True,True
uk,TLH3,GNN-oof-456,10.0,300.0,1.0,155.4139138115267,85.6492923479887,True,6951750.736189621,66827982.9389565,1921483.8100000024,126031985.11547574,59876232.20276688,124110501.30547574,True,True
uk,TLH3,GNN-oof-456,10.0,500.0,1.0,155.4139138115267,85.6492923479887,True,6951750.736189617,66827982.9389565,1921483.8099999726,126031985.1154758,59876232.20276688,124110501.30547583,True,True
uk,TLH3,Uni,20.0,100.0,0.5,181.92449412829276,153.28239541006508,True,17408703.51305923,76889858.72447407,3138149.675000049,62710316.9454584,59481155.211414844,59572167.27045835,True,True
uk,TLH3,Uni,20.0,300.0,0.5,181.92449412829276,153.28239541006508,True,18746377.26375103,78227532.47516589,1911946.1949999928,130331004.1276478,59481155.21141486,128419057.93264781,True,True
uk,TLH3,Uni,20.0,500.0,0.5,181.92449412829276,153.28239541006508,True,18746377.263751026,78227532.47516589,1911946.1950000226,146931300.31659356,59481155.21141486,145019354.12159353,True,True
uk,TLH3,Uni,20.0,100.0,0.8,281.5761351473457,153.28239541006508,True,17408703.51305923,119740064.3626669,3138149.675000049,105560522.58365119,102331360.84960768,102422372.90865114,True,True
uk,TLH3,Uni,20.0,300.0,0.8,281.5761351473457,153.28239541006508,True,18746377.26375103,121077738.1133587,1911946.1949999928,173181209.76584056,102331360.84960768,171269263.57084057,True,True
uk,TLH3,Uni,20.0,500.0,0.8,281.5761351473457,153.28239541006508,True,18746377.263751026,121077738.1133587,1911946.1950000226,232631711.592979,102331360.84960768,230719765.397979,True,True
uk,TLH3,Uni,20.0,100.0,0.9,367.58925609986,153.28239541006508,True,17408703.51305923,156725706.37224802,3138149.675000049,142546164.59323233,139317002.8591888,139408014.9182323,True,True
uk,TLH3,Uni,20.0,300.0,0.9,367.58925609986,153.28239541006508,True,18746377.26375103,158063380.12293983,1911946.1949999928,210166851.77542177,139317002.8591888,208254905.58042178,True,True
uk,TLH3,Uni,20.0,500.0,0.9,367.58925609986,153.28239541006508,True,18746377.263751026,158063380.12293983,1911946.1950000226,296166851.7754217,139317002.8591888,294254905.5804217,True,True
uk,TLH3,Uni,20.0,100.0,1.0,390.52665425064896,153.28239541006508,True,17408703.51305923,166588787.57708725,3138149.675000049,152409245.79807156,149180084.06402802,149271096.12307152,True,True
uk,TLH3,Uni,20.0,300.0,1.0,390.52665425064896,153.28239541006508,True,18746377.26375103,167926461.32777905,1911946.1949999928,220029932.98026103,149180084.06402802,218117986.78526103,True,True
uk,TLH3,Uni,20.0,500.0,1.0,390.52665425064896,153.28239541006508,True,18746377.263751026,167926461.32777905,1911946.1950000226,306029932.9802609,149180084.06402802,304117986.7852609,True,True
uk,TLH3,LU,20.0,100.0,0.5,177.4684237724618,141.99299798227685,True,15589593.325686648,75189480.95353623,1809542.5550000556,66315148.3891902,59599887.62784958,64505605.834190145,True,True
uk,TLH3,LU,20.0,300.0,0.5,177.4684237724618,141.99299798227685,True,16711534.594309,76311422.22215858,2646807.8099999726,131202527.11958845,59599887.62784958,128555719.30958848,True,True
uk,TLH3,LU,20.0,500.0,0.5,177.4684237724618,141.99299798227685,True,16711534.594309002,76311422.22215858,2646807.8100000024,144983520.17635268,59599887.62784958,142336712.36635268,True,True
uk,TLH3,LU,20.0,100.0,0.8,289.32004844769506,141.99299798227685,True,15589593.325686648,123285679.56388651,1809542.5550000556,114411346.9995405,107696086.23819986,112601804.44454044,True,True
uk,TLH3,LU,20.0,300.0,0.8,289.32004844769506,141.99299798227685,True,16711534.594309,124407620.83250886,2646807.8099999726,179298725.7299388,107696086.23819986,176651917.91993883,True,True
uk,TLH3,LU,20.0,500.0,0.8,289.32004844769506,141.99299798227685,True,16711534.594309002,124407620.83250886,2646807.8100000024,241175917.3970533,107696086.23819986,238529109.5870533,True,True
uk,TLH3,LU,20.0,100.0,0.9,337.56835669807725,141.99299798227685,True,15589593.325686648,144032452.11155087,1809542.5550000556,135158119.54720488,128442858.78586422,133348576.99220483,True,True
uk,TLH3,LU,20.0,300.0,0.9,337.56835669807725,141.99299798227685,True,16711534.594309,145154393.3801732,2646807.8099999726,200045498.2776031,128442858.7858642,197398690.46760312,True,True
uk,TLH3,LU,20.0,500.0,0.9,337.56835669807725,141.99299798227685,True,16711534.594309002,145154393.3801732,2646807.8100000024,282669462.4923819,128442858.7858642,280022654.68238187,True,True
uk,TLH3,LU,20.0,100.0,1.0,395.9685340026374,141.99299798227685,True,15589593.325686648,169144528.35251176,1809542.5550000556,160270195.78816572,153554935.02682513,158460653.23316565,True,True
uk,TLH3,LU,20.0,300.0,1.0,395.9685340026374,141.99299798227685,True,16711534.594309,170266469.6211341,2646807.8099999726,225157574.518564,153554935.0268251,222510766.708564,True,True
uk,TLH3,LU,20.0,500.0,1.0,395.9685340026374,141.99299798227685,True,16711534.594309002,170266469.6211341,2646807.8100000024,311157574.5185639,153554935.0268251,308510766.7085639,True,True
uk,TLH3,LU-soft,20.0,100.0,0.5,162.68150130753486,139.1871688431222,True,18027995.082031634,68709888.62319618,3678222.365000047,57641503.09184573,50681893.54116455,53963280.72684568,True,True
uk,TLH3,LU-soft,20.0,300.0,0.5,162.68150130753486,139.1871688431222,True,19271152.021075446,69953045.56224002,1850802.5600000024,125683249.00543866,50681893.54116458,123832446.44543865,True,True
uk,TLH3,LU-soft,20.0,500.0,0.5,162.68150130753486,139.1871688431222,True,19271152.021075446,69953045.56224002,1850802.5600000322,132260015.55878158,50681893.54116458,130409212.99878155,True,True
uk,TLH3,LU-soft,20.0,100.0,0.8,191.21165926150945,139.1871688431222,True,18027995.082031634,80977856.54340526,3678222.365000047,69909471.0120548,62949861.46137363,66231248.647054754,True,True
uk,TLH3,LU-soft,20.0,300.0,0.8,191.21165926150945,139.1871688431222,True,19271152.021075446,82221013.48244907,1850802.5600000024,137951216.92564774,62949861.46137363,136100414.36564773,True,True
uk,TLH3,LU-soft,20.0,500.0,0.8,191.21165926150945,139.1871688431222,True,19271152.021075446,82221013.48244907,1850802.5600000322,156795951.39919972,62949861.46137363,154945148.8391997,True,True
uk,TLH3,LU-soft,20.0,100.0,0.9,207.29312872528587,139.1871688431222,True,18027995.082031634,87892888.41282912,3678222.365000047,76824502.88147867,69864893.33079748,73146280.51647863,True,True
uk,TLH3,LU-soft,20.0,300.0,0.9,207.29312872528587,139.1871688431222,True,19271152.021075446,89136045.35187292,1850802.5600000024,144866248.7950716,69864893.33079748,143015446.2350716,True,True
uk,TLH3,LU-soft,20.0,500.0,0.9,207.29312872528587,139.1871688431222,True,19271152.021075446,89136045.35187292,1850802.5600000322,170626015.13804755,69864893.33079748,168775212.5780475,True,True
uk,TLH3,LU-soft,20.0,100.0,1.0,303.60449983189943,139.1871688431222,True,18027995.082031634,129306777.98867294,3678222.365000047,118238392.45732248,111278782.9066413,114560170.09232244,True,True
uk,TLH3,LU-soft,20.0,300.0,1.0,303.60449983189943,139.1871688431222,True,19271152.021075446,130549934.92771673,1850802.5600000024,186280138.3709154,111278782.90664129,184429335.8109154,True,True
uk,TLH3,LU-soft,20.0,500.0,1.0,303.60449983189943,139.1871688431222,True,19271152.021075446,130549934.92771673,1850802.5600000322,253453794.28973517,111278782.90664129,251602991.72973514,True,True
uk,TLH3,Ref,20.0,100.0,0.5,76.8733346603811,72.96478352313324,True,5471671.85518499,33010882.06776597,1652842.3850000538,28672761.754989855,27539210.21258098,27019919.3699898,True,True
uk,TLH3,Ref,20.0,300.0,0.5,76.8733346603811,72.96478352313324,True,5516323.691382893,33055533.90396389,1652842.38500005,58008117.25029836,27539210.212580997,56355274.86529831,True,True
uk,TLH3,Ref,20.0,500.0,0.5,76.8733346603811,72.96478352313324,True,5516323.691382892,33055533.903963897,1652842.3850001097,58008117.250298336,27539210.212581005,56355274.86529823,True,True
uk,TLH3,Ref,20.0,100.0,0.8,92.39659440313112,72.96478352313324,True,5471671.85518499,39685883.75714847,1652842.3850000538,35347763.44437235,34214211.90196348,33694921.05937229,True,True
uk,TLH3,Ref,20.0,300.0,0.8,92.39659440313112,72.96478352313324,True,5516323.691382893,39730535.59334639,1652842.38500005,71358120.62906334,34214211.901963495,69705278.24406329,True,True
uk,TLH3,Ref,20.0,500.0,0.8,92.39659440313112,72.96478352313324,True,5516323.691382892,39730535.5933464,1652842.3850001097,71358120.62906337,34214211.90196351,69705278.24406326,True,True
uk,TLH3,Ref,20.0,100.0,0.9,110.22154239845166,72.96478352313324,True,5471671.85518499,47350611.395136304,1652842.3850000538,43012491.08236019,41878939.53995132,41359648.69736014,True,True
uk,TLH3,Ref,20.0,300.0,0.9,110.22154239845166,72.96478352313324,True,5516323.691382893,47395263.23133423,1652842.38500005,86687575.90503904,41878939.53995134,85034733.52003899,True,True
uk,TLH3,Ref,20.0,500.0,0.9,110.22154239845166,72.96478352313324,True,5516323.691382892,47395263.23133423,1652842.3850001097,86687575.905039,41878939.53995134,85034733.52003889,True,True
uk,TLH3,Ref,20.0,100.0,1.0,173.09102777105966,72.96478352313324,True,5471671.85518499,74384490.10535774,1652842.3850000538,70046369.79258162,68912818.25017275,68393527.40758157,True,True
uk,TLH3,Ref,20.0,300.0,1.0,173.09102777105966,72.96478352313324,True,5516323.691382893,74429141.94155566,1652842.38500005,140755333.3254819,68912818.25017276,139102490.94048184,True,True
uk,TLH3,Ref,20.0,500.0,1.0,173.09102777105966,72.96478352313324,True,5516323.691382892,74429141.94155566,1652842.3850001097,140755333.3254819,68912818.25017276,139102490.94048178,True,True
uk,TLH3,GNN-oof-42,20.0,100.0,0.5,109.12579737622713,89.40879502627718,True,10504892.778023371,46704698.315464854,1729303.2650000192,39320427.72401998,36199805.537441485,37591124.45901996,True,True
uk,TLH3,GNN-oof-42,20.0,300.0,0.5,109.12579737622713,89.40879502627718,True,10724287.334336182,46924092.871777676,1650785.0499999672,88569602.65977351,36199805.53744149,86918817.60977355,True,True
uk,TLH3,GNN-oof-42,20.0,500.0,0.5,109.12579737622713,89.40879502627718,True,10724287.334336182,46924092.871777676,1650785.0499999821,88569602.65977347,36199805.53744149,86918817.60977349,True,True
uk,TLH3,GNN-oof-42,20.0,100.0,0.8,143.50399743930012,89.40879502627718,True,10504892.778023371,61487324.34258626,1729303.2650000192,54103053.75114137,50982431.56456289,52373750.486141354,True,True
uk,TLH3,GNN-oof-42,20.0,300.0,0.8,143.50399743930012,89.40879502627718,True,10724287.334336182,61706718.89889908,1650785.0499999672,118134854.71401624,50982431.564562894,116484069.66401628,True,True
uk,TLH3,GNN-oof-42,20.0,500.0,0.8,143.50399743930012,89.40879502627718,True,10724287.334336182,61706718.89889908,1650785.0499999821,118134854.71401624,50982431.564562894,116484069.66401626,True,True
uk,TLH3,GNN-oof-42,20.0,100.0,0.9,151.81135830062829,89.40879502627718,True,10504892.778023371,65059489.51295734,1729303.2650000192,57675218.921512485,54554596.73493397,55945915.65651247,True,True
uk,TLH3,GNN-oof-42,20.0,300.0,0.9,151.81135830062829,89.40879502627718,True,10724287.334336182,65278884.06927017,1650785.0499999672,125279185.05475846,54554596.73493399,123628400.00475849,True,True
uk,TLH3,GNN-oof-42,20.0,500.0,0.9,151.81135830062829,89.40879502627718,True,10724287.334336182,65278884.06927017,1650785.0499999821,125279185.05475855,54554596.73493399,123628400.00475857,True,True
uk,TLH3,GNN-oof-42,20.0,100.0,1.0,222.23172552137217,89.40879502627718,True,10504892.778023371,95340247.41787721,1729303.2650000192,87955976.82643235,84835354.63985384,86226673.56143233,True,True
uk,TLH3,GNN-oof-42,20.0,300.0,1.0,222.23172552137217,89.40879502627718,True,10724287.334336182,95559641.97419003,1650785.0499999672,169797218.31612763,84835354.63985385,168146433.26612765,True,True
uk,TLH3,GNN-oof-42,20.0,500.0,1.0,222.23172552137217,89.40879502627718,True,10724287.334336182,95559641.97419003,1650785.0499999821,185840700.86459818,84835354.63985385,184189915.8145982,True,True
uk,TLH3,GNN-oof-123,20.0,100.0,0.5,115.43754354578716,80.60002561008145,True,9204741.928194955,49588015.2034706,2007160.6650000252,46577597.96260482,40383273.27527565,44570437.2976048,True,True
uk,TLH3,GNN-oof-123,20.0,300.0,0.5,115.43754354578716,80.60002561008145,True,9254870.449412838,49638143.72468851,3952756.5099999905,94823791.71358538,40383273.27527567,90871035.20358539,True,True
uk,TLH3,GNN-oof-123,20.0,500.0,0.5,115.43754354578716,80.60002561008145,True,9254870.449412838,49638143.72468851,3952756.5100000203,94823791.71358538,40383273.27527567,90871035.20358536,True,True
uk,TLH3,GNN-oof-123,20.0,100.0,0.8,166.5558646756483,80.60002561008145,True,9204741.928194955,71568893.28931089,2007160.6650000252,68558476.04844512,62364151.36111593,66551315.3834451,True,True
uk,TLH3,GNN-oof-123,20.0,300.0,0.8,166.5558646756483,80.60002561008145,True,9254870.449412838,71619021.81052878,3952756.5099999905,138785547.88526598,62364151.36111595,134832791.375266,True,True
uk,TLH3,GNN-oof-123,20.0,500.0,0.8,166.5558646756483,80.60002561008145,True,9254870.449412838,71619021.81052874,3952756.5100000203,138785547.88526598,62364151.3611159,134832791.37526596,True,True
uk,TLH3,GNN-oof-123,20.0,100.0,0.9,199.96603340245318,80.60002561008145,True,9204741.928194955,85935265.84183697,2007160.6650000252,82924848.6009712,76730523.91364202,80917687.93597119,True,True
uk,TLH3,GNN-oof-123,20.0,300.0,0.9,199.96603340245318,80.60002561008145,True,9254870.449412838,85985394.36305487,3952756.5099999905,167132622.63027912,76730523.91364203,163179866.12027913,True,True
uk,TLH3,GNN-oof-123,20.0,500.0,0.9,199.96603340245318,80.60002561008145,True,9254870.449412838,85985394.36305487,3952756.5100000203,167518292.99031818,76730523.91364203,163565536.48031816,True,True
uk,TLH3,GNN-oof-123,20.0,100.0,1.0,207.68441600087178,80.60002561008145,True,9204741.928194955,89254170.35915701,2007160.6650000252,86243753.11829121,80049428.43096206,84236592.4532912,True,True
uk,TLH3,GNN-oof-123,20.0,300.0,1.0,207.68441600087178,80.60002561008145,True,9254870.449412838,89304298.88037491,3952756.5099999905,170685150.21894556,80049428.43096207,166732393.70894557,True,True
uk,TLH3,GNN-oof-123,20.0,500.0,1.0,207.68441600087178,80.60002561008145,True,9254870.449412838,89304298.88037488,3952756.5100000203,174156102.02495804,80049428.43096204,170203345.51495802,True,True
uk,TLH3,GNN-oof-456,20.0,100.0,0.5,121.87074787267699,83.8748404627791,True,8317841.784411339,52399822.898600906,5634275.164999999,53252720.296664014,44081981.114189565,47618445.131664015,True,True
uk,TLH3,GNN-oof-456,20.0,300.0,0.5,121.87074787267699,83.8748404627791,True,8322440.471061535,52404421.585251115,5634275.164999977,100700347.82479326,44081981.11418958,95066072.65979329,True,True
uk,TLH3,GNN-oof-456,20.0,500.0,0.5,121.87074787267699,83.8748404627791,True,8322440.471061535,52404421.585251115,5634275.164999992,100700347.82479326,44081981.11418958,95066072.65979327,True,True
uk,TLH3,GNN-oof-456,20.0,100.0,0.8,134.4403494361474,83.8748404627791,True,8317841.784411339,57804751.570893176,5634275.164999999,58657648.96895631,49486909.786481835,53023373.80395631,True,True
uk,TLH3,GNN-oof-456,20.0,300.0,0.8,134.4403494361474,83.8748404627791,True,8322440.471061535,57809350.25754339,5634275.164999977,111510205.16937776,49486909.78648186,105875930.00437778,True,True
uk,TLH3,GNN-oof-456,20.0,500.0,0.8,134.4403494361474,83.8748404627791,True,8322440.471061535,57809350.257543385,5634275.164999992,111510205.1693778,49486909.78648185,105875930.00437781,True,True
uk,TLH3,GNN-oof-456,20.0,100.0,0.9,143.87925216533552,83.8748404627791,True,8317841.784411339,61863479.74444408,5634275.164999999,62716377.142507195,53545637.96003274,57082101.9775072,True,True
uk,TLH3,GNN-oof-456,20.0,300.0,0.9,143.87925216533552,83.8748404627791,True,8322440.471061535,61868078.43109429,5634275.164999977,119627661.51647961,53545637.96003275,113993386.35147963,True,True
uk,TLH3,GNN-oof-456,20.0,500.0,0.9,143.87925216533552,83.8748404627791,True,8322440.471061535,61868078.43109429,5634275.164999992,119627661.51647957,53545637.96003275,113993386.35147958,True,True
uk,TLH3,GNN-oof-456,20.0,100.0,1.0,228.17902021465719,83.8748404627791,True,8317841.784411339,98112380.0056524,5634275.164999999,98965277.40371552,89794538.22124106,93331002.23871553,True,True
uk,TLH3,GNN-oof-456,20.0,300.0,1.0,228.17902021465719,83.8748404627791,True,8322440.471061535,98116978.69230261,5634275.164999977,184965277.4037155,89794538.22124109,179331002.23871553,True,True
uk,TLH3,GNN-oof-456,20.0,500.0,1.0,228.17902021465719,83.8748404627791,True,8322440.471061535,98116978.69230261,5634275.164999992,192125462.03889626,89794538.22124109,186491186.87389627,True,True
uk,TLJ1,Uni,10.0,100.0,0.5,272.55099505654175,259.13760540762786,True,11375126.896070747,100881335.18574359,1485578.6200000015,78375982.8297148,89506208.28967284,76890404.2097148,True,True
uk,TLJ1,Uni,10.0,300.0,0.5,272.55099505654175,259.13760540762786,True,22918174.738180563,116451628.62789218,5010552.765663683,137998305.4991608,93533453.88971162,132987752.73349711,True,True
uk,TLJ1,Uni,10.0,500.0,0.5,272.55099505654175,259.13760540762786,True,23663473.98460131,117196927.87431292,23072563.37988922,211341680.92699832,93533453.88971162,188269117.5471091,True,True
uk,TLJ1,Uni,10.0,100.0,0.8,420.65283910338366,259.13760540762786,True,11375126.896070747,164452227.0387984,1485578.6200000015,142059775.7698568,153077100.14272764,140574197.1498568,True,True
uk,TLJ1,Uni,10.0,300.0,0.8,420.65283910338366,259.13760540762786,True,22918174.738180563,180135421.56803423,5010552.765663683,201682098.43930274,157217246.82985365,196671545.67363906,True,True
uk,TLJ1,Uni,10.0,500.0,0.8,420.65283910338366,259.13760540762786,True,23663473.98460131,180880720.814455,23072563.37988922,275025473.8671404,157217246.82985368,251952910.4872512,True,True
uk,TLJ1,Uni,10.0,100.0,0.9,540.4792403161418,259.13760540762786,True,11375126.896070747,215977579.5602844,1485578.6200000015,193585128.29134288,204602452.66421366,192099549.67134288,True,True
uk,TLJ1,Uni,10.0,300.0,0.9,540.4792403161418,259.13760540762786,True,22918174.738180563,231660774.08952022,5010552.765663683,253207450.9607888,208742599.35133964,248196898.1951251,True,True
uk,TLJ1,Uni,10.0,500.0,0.9,540.4792403161418,259.13760540762786,True,23663473.98460131,232406073.33594096,23072563.37988922,326550826.3886264,208742599.35133964,303478263.0087372,True,True
uk,TLJ1,Uni,10.0,100.0,1.0,610.8769482117764,259.13760540762786,True,11375126.896070747,246248593.9554073,1485578.6200000015,223856142.68646568,234873467.05933654,222370564.06646568,True,True
uk,TLJ1,Uni,10.0,300.0,1.0,610.8769482117764,259.13760540762786,True,22918174.738180563,261931788.48464307,5010552.765663683,283478465.3559117,239013613.74646252,278467912.590248,True,True
uk,TLJ1,Uni,10.0,500.0,1.0,610.8769482117764,259.13760540762786,True,23663473.98460131,262677087.73106384,23072563.37988922,356821840.7837492,239013613.74646252,333749277.40386,True,True
uk,TLJ1,LU,10.0,100.0,0.5,238.9006023485393,252.58836760735247,False,11155712.147553185,86961611.34520474,1485578.6200000015,67789002.50442736,75805899.19765155,66303423.884427354,True,True
uk,TLJ1,LU,10.0,300.0,0.5,238.9006023485393,252.58836760735247,False,22291277.306721747,101971103.98353624,8965958.008650288,126105191.34528705,79679826.6768145,117139233.33663677,True,True
uk,TLJ1,LU,10.0,500.0,0.5,238.9006023485393,252.58836760735247,False,23047432.33305745,102727259.00987191,24732769.5356445,185454961.47844478,79679826.67681447,160722191.94280028,True,True
uk,TLJ1,LU,10.0,100.0,0.8,374.46063052731427,252.58836760735247,True,11155712.147553185,144989903.5063167,1485578.6200000015,126079814.62130055,133834191.3587635,124594236.00130054,True,True
uk,TLJ1,LU,10.0,300.0,0.8,374.46063052731427,252.58836760735247,True,22291277.306721747,160261916.10040948,8965958.008650288,184396003.4621603,137970638.79368773,175430045.45351,True,True
uk,TLJ1,LU,10.0,500.0,0.8,374.46063052731427,252.58836760735247,True,23047432.33305745,161018071.12674516,24732769.5356445,259052522.27175778,137970638.7936877,234319752.73611328,True,True
uk,TLJ1,LU,10.0,100.0,0.9,457.9862418134077,252.58836760735247,True,11155712.147553185,180905866.1266767,1485578.6200000015,161995827.4743207,169750153.97912353,160510248.8543207,True,True
uk,TLJ1,LU,10.0,300.0,0.9,457.9862418134077,252.58836760735247,True,22291277.306721747,196177928.95342964,8965958.008650288,220312016.31518048,173886651.6467079,211346058.30653018,True,True
uk,TLJ1,LU,10.0,500.0,0.9,457.9862418134077,252.58836760735247,True,23047432.33305745,196934083.9797654,24732769.5356445,294968535.124778,173886651.64670795,270235765.5891335,True,True
uk,TLJ1,LU,10.0,100.0,1.0,536.6515184694699,252.58836760735247,True,11155712.147553185,214731935.08878344,1485578.6200000015,195821896.4364275,203576222.94123027,194336317.8164275,True,True
uk,TLJ1,LU,10.0,300.0,1.0,536.6515184694699,252.58836760735247,True,22291277.306721747,230003997.91553637,8965958.008650288,254138085.2772872,207712720.60881463,245172127.26863688,True,True
uk,TLJ1,LU,10.0,500.0,1.0,536.6515184694699,252.58836760735247,True,23047432.33305745,230760152.94187206,24732769.5356445,328794604.0868848,207712720.6088146,304061834.5512403,True,True
uk,TLJ1,LU-soft,10.0,100.0,0.5,237.8346790684065,210.22902678464894,True,8521403.37239141,91029434.71346405,0.0,85654197.1578555,82508031.34107265,85654197.1578555,True,True
uk,TLJ1,LU-soft,10.0,300.0,0.5,237.8346790684065,210.22902678464894,True,16069741.920767194,102061815.9784335,15225858.301730677,113754399.3204566,85992074.05766632,98528541.01872592,True,True
uk,TLJ1,LU-soft,10.0,500.0,0.5,237.8346790684065,210.22902678464894,True,16276837.941748492,102268911.99941483,33813792.00934428,178363353.09143668,85992074.05766633,144549561.0820924,True,True
uk,TLJ1,LU-soft,10.0,100.0,0.8,298.2083941664936,210.22902678464894,True,8521403.37239141,116921684.26570927,0.0,111614894.65003295,108400280.89331785,111614894.65003295,True,True
uk,TLJ1,LU-soft,10.0,300.0,0.8,298.2083941664936,210.22902678464894,True,16069741.920767194,128022513.47061093,15225858.301730677,139715096.81263405,111952771.54984374,124489238.51090337,True,True
uk,TLJ1,LU-soft,10.0,500.0,0.8,298.2083941664936,210.22902678464894,True,16276837.941748492,128229609.49159223,33813792.00934428,230284748.0757916,111952771.54984373,196470956.06644732,True,True
uk,TLJ1,LU-soft,10.0,100.0,0.9,315.4457569749269,210.22902678464894,True,8521403.37239141,124327025.68141748,0.0,119026960.65765926,115805622.30902606,119026960.65765926,True,True
uk,TLJ1,LU-soft,10.0,300.0,0.9,315.4457569749269,210.22902678464894,True,16069741.920767194,135434579.47823724,15225858.301730677,147127162.82026038,119364837.55747005,131901304.5185297,True,True
uk,TLJ1,LU-soft,10.0,500.0,0.9,315.4457569749269,210.22902678464894,True,16276837.941748492,135641675.49921852,33813792.00934428,244728070.9522361,119364837.55747002,210914278.9428918,True,True
uk,TLJ1,LU-soft,10.0,100.0,1.0,353.83791520886587,210.22902678464894,True,8521403.37239141,140832022.5498142,0.0,135535588.69825304,132310619.17742279,135535588.69825304,True,True
uk,TLJ1,LU-soft,10.0,300.0,1.0,353.83791520886587,210.22902678464894,True,16069741.920767194,151943207.51883104,15225858.301730677,163635790.86085412,135873465.59806386,148409932.55912346,True,True
uk,TLJ1,LU-soft,10.0,500.0,1.0,353.83791520886587,210.22902678464894,True,16276837.941748492,152150303.53981233,33813792.00934428,266360730.4954494,135873465.59806383,232546938.4861051,True,True
uk,TLJ1,Ref,10.0,100.0,0.5,116.60366058911892,74.8415280797822,True,3280479.838995324,44486708.53748122,283800.0000000015,29624779.142422497,41206228.698485896,29340979.142422497,True,True
uk,TLJ1,Ref,10.0,300.0,0.5,116.60366058911892,74.8415280797822,True,5427588.562490367,50139574.05332114,1291554.4276234508,92144471.19196105,44711985.49083077,90852916.7643376,True,True
uk,TLJ1,Ref,10.0,500.0,0.5,116.60366058911892,74.8415280797822,True,5427588.562490368,50139574.05332115,1046835.0000000298,91803539.52726658,44711985.49083079,90756704.52726655,True,True
uk,TLJ1,Ref,10.0,100.0,0.8,146.37625662718568,74.8415280797822,True,3280479.838995324,57195898.666411385,283800.0000000015,42426995.4387912,53915418.82741606,42143195.4387912,True,True
uk,TLJ1,Ref,10.0,300.0,0.8,146.37625662718568,74.8415280797822,True,5427588.562490367,62941790.34968985,1291554.4276234508,107627528.55276231,57514201.78719948,106335974.12513886,True,True
uk,TLJ1,Ref,10.0,500.0,0.8,146.37625662718568,74.8415280797822,True,5427588.562490368,62941790.34968986,1046835.0000000298,117407972.12000406,57514201.7871995,116361137.12000403,True,True
uk,TLJ1,Ref,10.0,100.0,0.9,184.9083207958395,74.8415280797822,True,3280479.838995324,73743733.99011646,283800.0000000015,58995783.03131236,70463254.15112114,58711983.03131236,True,True
uk,TLJ1,Ref,10.0,300.0,0.9,184.9083207958395,74.8415280797822,True,5427588.562490367,79510577.942211,1291554.4276234508,124196316.14528349,74082989.37972063,122904761.71766004,True,True
uk,TLJ1,Ref,10.0,500.0,0.9,184.9083207958395,74.8415280797822,True,5427588.562490368,79510577.942211,1046835.0000000298,150545547.3050464,74082989.37972063,149498712.30504638,True,True
uk,TLJ1,Ref,10.0,100.0,1.0,190.83893963143913,74.8415280797822,True,3280479.838995324,76293900.08942431,283800.0000000015,61545949.13062017,73013420.25042899,61262149.13062017,True,True
uk,TLJ1,Ref,10.0,300.0,1.0,190.83893963143913,74.8415280797822,True,5427588.562490367,82060744.04151882,1291554.4276234508,126746482.24459131,76633155.47902845,125454927.81696786,True,True
uk,TLJ1,Ref,10.0,500.0,1.0,190.83893963143913,74.8415280797822,True,5427588.562490368,82060744.04151887,1046835.0000000298,155645879.50366196,76633155.4790285,154599044.50366193,True,True
uk,TLJ1,GNN-oof-42,10.0,100.0,0.5,186.02797929963359,120.44591592290571,True,6169490.409571976,71167018.7329327,0.0,62153658.992809966,64997528.323360726,62153658.992809966,True,True
uk,TLJ1,GNN-oof-42,10.0,300.0,0.5,186.02797929963359,120.44591592290571,True,11230527.048853595,79984793.68562266,17774147.4210103,120474008.13897356,68754266.63676907,102699860.71796326,True,True
uk,TLJ1,GNN-oof-42,10.0,500.0,0.5,186.02797929963359,120.44591592290571,True,11237764.462073373,79992031.09884244,10640277.209059298,150535429.94345847,68754266.63676907,139895152.73439917,True,True
uk,TLJ1,GNN-oof-42,10.0,100.0,0.8,243.87166372566983,120.44591592290571,True,6169490.409571976,96024959.64050311,0.0,87026443.29600555,89855469.23093113,87026443.29600555,True,True
uk,TLJ1,GNN-oof-42,10.0,300.0,0.8,243.87166372566983,120.44591592290571,True,11230527.048853595,104857577.98881829,17774147.4210103,145346792.44216913,93627050.9399647,127572645.02115883,True,True
uk,TLJ1,GNN-oof-42,10.0,500.0,0.8,243.87166372566983,120.44591592290571,True,11237764.462073373,104864815.40203805,10640277.209059298,200076518.09958625,93627050.93996468,189436240.89052695,True,True
uk,TLJ1,GNN-oof-42,10.0,100.0,0.9,280.6246002942975,120.44591592290571,True,6169490.409571976,111828722.36501303,0.0,102830206.02051546,105659231.95544106,102830206.02051546,True,True
uk,TLJ1,GNN-oof-42,10.0,300.0,0.9,280.6246002942975,120.44591592290571,True,11230527.048853595,120661340.71332815,17774147.4210103,161150555.16667908,109430813.66447456,143376407.74566877,True,True
uk,TLJ1,GNN-oof-42,10.0,500.0,0.9,280.6246002942975,120.44591592290571,True,11237764.462073373,120668578.12654798,10640277.209059298,231684043.54860607,109430813.6644746,221043766.33954677,True,True
uk,TLJ1,GNN-oof-42,10.0,100.0,1.0,289.66208777645386,120.44591592290571,True,6169490.409571976,115714841.98234028,0.0,106716325.63784268,109545351.5727683,106716325.63784268,True,True
uk,TLJ1,GNN-oof-42,10.0,300.0,1.0,289.66208777645386,120.44591592290571,True,11230527.048853595,124547460.3306554,17774147.4210103,165036674.7840063,113316933.2818018,147262527.36299598,True,True
uk,TLJ1,GNN-oof-42,10.0,500.0,1.0,289.66208777645386,120.44591592290571,True,11237764.462073373,124554697.7438752,10640277.209059298,239456282.78326043,113316933.28180183,228816005.57420114,True,True
uk,TLJ1,GNN-oof-123,10.0,100.0,0.5,171.26497427562592,128.25517850201965,True,6373574.363658731,65263552.52152453,0.0,57570989.23271972,58889978.1578658,57570989.23271972,True,True
uk,TLJ1,GNN-oof-123,10.0,300.0,0.5,171.26497427562592,128.25517850201965,True,11529540.038512794,73643938.93851915,23461970.336082205,118331432.17818215,62114398.900006354,94869461.84209995,True,True
uk,TLJ1,GNN-oof-123,10.0,500.0,0.5,171.26497427562592,128.25517850201965,True,11529540.038512794,73643938.93851916,7706258.8892430365,137613543.90579814,62114398.90000637,129907285.0165551,True,True
uk,TLJ1,GNN-oof-123,10.0,100.0,0.8,236.53529715130708,128.25517850201965,True,6373574.363658731,93325658.71808612,0.0,85637228.06926262,86952084.3544274,85637228.06926262,True,True
uk,TLJ1,GNN-oof-123,10.0,300.0,0.8,236.53529715130708,128.25517850201965,True,11529540.038512794,101710177.77506207,23461970.336082205,146397671.01472506,90180637.73654927,122935700.67864285,True,True
uk,TLJ1,GNN-oof-123,10.0,500.0,0.8,236.53529715130708,128.25517850201965,True,11529540.038512794,101710177.77506207,7706258.8892430365,193417170.09085763,90180637.73654927,185710911.2016146,True,True
uk,TLJ1,GNN-oof-123,10.0,100.0,0.9,278.35063734952917,128.25517850201965,True,6373574.363658731,111306255.00332159,0.0,103617824.35449809,104932680.63966286,103617824.35449809,True,True
uk,TLJ1,GNN-oof-123,10.0,300.0,0.9,278.35063734952917,128.25517850201965,True,11529540.038512794,119690774.06029752,23461970.336082205,164378267.29996052,108161234.02178472,140916296.96387833,True,True
uk,TLJ1,GNN-oof-123,10.0,500.0,0.9,278.35063734952917,128.25517850201965,True,11529540.038512794,119690774.06029752,7706258.8892430365,229378362.6613286,108161234.02178472,221672103.77208558,True,True
uk,TLJ1,GNN-oof-123,10.0,100.0,1.0,366.15782806424755,128.25517850201965,True,6373574.363658731,149063347.01065055,0.0,141374916.36182702,142689772.64699182,141374916.36182702,True,True
uk,TLJ1,GNN-oof-123,10.0,300.0,1.0,366.15782806424755,128.25517850201965,True,11529540.038512794,157447866.06762648,23461970.336082205,202135359.30728942,145918326.02911368,178673388.9712072,True,True
uk,TLJ1,GNN-oof-123,10.0,500.0,1.0,366.15782806424755,128.25517850201965,True,11529540.038512794,157447866.06762648,7706258.8892430365,296140227.3810798,145918326.02911368,288433968.4918368,True,True
uk,TLJ1,GNN-oof-456,10.0,100.0,0.5,179.43705601709573,158.18012598020195,True,8069770.079653258,66296760.67511392,0.0,59279588.59738915,58226990.59546066,59279588.59738915,True,True
uk,TLJ1,GNN-oof-456,10.0,300.0,0.5,179.43705601709573,158.18012598020195,True,14960575.04585548,77076995.85276596,14453652.902142525,100559229.12290776,62116420.806910485,86105576.22076523,True,True
uk,TLJ1,GNN-oof-456,10.0,500.0,0.5,179.43705601709573,158.18012598020195,True,15041513.280440684,77157934.08735119,30325161.280137658,143019547.4024938,62116420.8069105,112694386.12235615,True,True
uk,TLJ1,GNN-oof-456,10.0,100.0,0.8,229.96304439490572,158.18012598020195,True,8069770.079653258,87837697.00397061,0.0,81005763.59984747,79767926.92431735,81005763.59984747,True,True
uk,TLJ1,GNN-oof-456,10.0,300.0,0.8,229.96304439490572,158.18012598020195,True,14960575.04585548,98803170.85522424,14453652.902142525,122285404.12536606,83842595.80936876,107831751.22322354,True,True
uk,TLJ1,GNN-oof-456,10.0,500.0,0.8,229.96304439490572,158.18012598020195,True,15041513.280440684,98884109.08980945,30325161.280137658,182551273.5322296,83842595.80936876,152226112.25209194,True,True
uk,TLJ1,GNN-oof-456,10.0,100.0,0.9,256.7266279222792,158.18012598020195,True,8069770.079653258,99328943.6838639,0.0,92514104.51661806,91259173.60421063,92514104.51661806,True,True
uk,TLJ1,GNN-oof-456,10.0,300.0,0.9,256.7266279222792,158.18012598020195,True,14960575.04585548,110311511.77199487,14453652.902142525,133793745.04213662,95350936.7261394,119340092.1399941,True,True
uk,TLJ1,GNN-oof-456,10.0,500.0,0.9,256.7266279222792,158.18012598020195,True,15041513.280440684,110392450.00658011,30325161.280137658,205567955.36577082,95350936.72613943,175242794.08563316,True,True
uk,TLJ1,GNN-oof-456,10.0,100.0,1.0,291.12881363071534,158.18012598020195,True,8069770.079653258,114118079.02009635,0.0,107307044.37124561,106048308.94044308,107307044.37124561,True,True
uk,TLJ1,GNN-oof-456,10.0,300.0,1.0,291.12881363071534,158.18012598020195,True,14960575.04585548,125104451.62662238,14453652.902142525,148586684.89676422,110143876.5807669,134133031.9946217,True,True
uk,TLJ1,GNN-oof-456,10.0,500.0,1.0,291.12881363071534,158.18012598020195,True,15041513.280440684,125185389.8612076,30325161.280137658,235153835.07502586,110143876.58076692,204828673.7948882,True,True
uk,TLJ1,Uni,20.0,100.0,0.5,332.32375409092737,403.76235725955,False,15029951.017394733,84982984.74291317,0.0,107380654.80846243,69953033.72551844,107380654.80846243,True,True
uk,TLJ1,Uni,20.0,300.0,0.5,332.32375409092737,403.76235725955,False,25983607.969873298,118955212.4957901,3657033.92799023,61497368.83079797,92971604.5259168,57840334.90280774,True,True
uk,TLJ1,Uni,20.0,500.0,0.5,332.32375409092737,403.76235725955,False,38982104.29985657,133974991.84675522,51972087.784432456,142651216.58439323,94992887.54689865,90679128.79996078,True,True
uk,TLJ1,Uni,20.0,100.0,0.8,527.4619508751399,403.76235725955,True,15029951.017394733,159261628.327617,0.0,191290079.4256738,144231677.31022227,191290079.4256738,True,True
uk,TLJ1,Uni,20.0,300.0,0.8,527.4619508751399,403.76235725955,True,25983607.969873298,199365815.79620874,3657033.92799023,145406793.4480094,173382207.82633543,141749759.52001917,True,True
uk,TLJ1,Uni,20.0,500.0,0.8,527.4619508751399,403.76235725955,True,38982104.29985657,217439344.14325288,51972087.784432456,226560641.20160466,178457239.8433963,174588553.4171722,True,True
uk,TLJ1,Uni,20.0,100.0,0.9,688.5858634351714,403.76235725955,True,15029951.017394733,225334324.27178484,0.0,260573361.82648736,210304373.25439012,260573361.82648736,True,True
uk,TLJ1,Uni,20.0,300.0,0.9,688.5858634351714,403.76235725955,True,25983607.969873298,268162214.36865267,3657033.92799023,214690075.8488229,242178606.39877936,211033041.92083266,True,True
uk,TLJ1,Uni,20.0,500.0,0.9,688.5858634351714,403.76235725955,True,38982104.29985657,286722626.54406637,51972087.784432456,295843923.6024181,247740522.2442098,243871835.81798565,True,True
uk,TLJ1,Uni,20.0,100.0,1.0,731.5533001829054,403.76235725955,True,15029951.017394733,243339003.97095513,0.0,279049359.628013,228309052.9535604,279049359.628013,True,True
uk,TLJ1,Uni,20.0,300.0,1.0,731.5533001829054,403.76235725955,True,25983607.969873298,286638212.1701784,3657033.92799023,233166073.6503485,260654604.2003051,229509039.7223583,True,True
uk,TLJ1,Uni,20.0,500.0,1.0,731.5533001829054,403.76235725955,True,38982104.29985657,305198624.345592,51972087.784432456,314319921.4039439,266216520.04573545,262347833.61951143,True,True
uk,TLJ1,LU,20.0,100.0,0.5,320.5387943220003,394.55518920239564,False,14351953.983393952,81244281.97185999,0.0,107744016.59965864,66892327.98846604,107744016.59965864,True,True
uk,TLJ1,LU,20.0,300.0,0.5,320.5387943220003,394.55518920239564,False,25579709.84512126,114260153.52202779,5570621.493443755,59778436.78039862,88680443.67690653,54207815.286954865,True,True
uk,TLJ1,LU,20.0,500.0,0.5,320.5387943220003,394.55518920239564,False,38561157.37281598,129006941.3644616,51972087.784432456,141591533.5104536,90445783.99164562,89619445.72602116,True,True
uk,TLJ1,LU,20.0,100.0,0.8,541.9682214959537,394.55518920239564,True,14351953.983393952,165452754.16523764,0.0,202958670.28445858,151100800.1818437,202958670.28445858,True,True
uk,TLJ1,LU,20.0,300.0,0.8,541.9682214959537,394.55518920239564,True,25579709.84512126,205501262.80739582,5570621.493443755,154993090.46519858,179921552.96227455,149422468.97175482,True,True
uk,TLJ1,LU,20.0,500.0,0.8,541.9682214959537,394.55518920239564,True,38561157.37281598,223760676.7995201,51972087.784432456,236806187.19525355,185199519.4267041,184834099.41082108,True,True
uk,TLJ1,LU,20.0,100.0,0.9,632.3492716614955,394.55518920239564,True,14351953.983393952,202343631.39522395,0.0,241822521.85564154,187991677.41183,241822521.85564154,True,True
uk,TLJ1,LU,20.0,300.0,0.9,632.3492716614955,394.55518920239564,True,25579709.84512126,244081164.99757802,5570621.493443755,193856942.03638154,218501455.15245676,188286320.5429378,True,True
uk,TLJ1,LU,20.0,500.0,0.9,632.3492716614955,394.55518920239564,True,38561157.37281598,262624528.37070316,51972087.784432456,275670038.7664366,224063370.9978872,223697950.9820041,True,True
uk,TLJ1,LU,20.0,100.0,1.0,741.747290909107,394.55518920239564,True,14351953.983393952,248040866.46418145,0.0,288863670.1321145,233688912.48078752,288863670.1321145,True,True
uk,TLJ1,LU,20.0,300.0,1.0,741.747290909107,394.55518920239564,True,25579709.84512126,291122313.274051,5570621.493443755,240898090.3128546,265542603.42892975,235327468.81941083,True,True
uk,TLJ1,LU,20.0,500.0,1.0,741.747290909107,394.55518920239564,True,38561157.37281598,309665676.6471761,51972087.784432456,322711187.04290956,271104519.2743601,270739099.2584771,True,True
uk,TLJ1,LU-soft,20.0,100.0,0.5,304.74280785928966,237.09931572733177,True,6839354.02315629,78023617.04335208,0.0,116424661.9850888,71184263.0201958,116424661.9850888,True,True
uk,TLJ1,LU-soft,20.0,300.0,0.5,304.74280785928966,237.09931572733177,True,17340869.39041427,114770452.87399371,5523294.618443755,73940391.75403121,97429583.48357944,68417097.13558745,True,True
uk,TLJ1,LU-soft,20.0,500.0,0.5,304.74280785928966,237.09931572733177,True,26263461.51875016,128196392.4424611,44991911.3071129,153090659.44835356,101932930.92371094,108098748.14124066,True,True
uk,TLJ1,LU-soft,20.0,100.0,0.8,358.1868710974777,237.09931572733177,True,6839354.02315629,98246933.58747138,0.0,139405609.17750967,91407579.5643151,139405609.17750967,True,True
uk,TLJ1,LU-soft,20.0,300.0,0.8,358.1868710974777,237.09931572733177,True,17340869.39041427,137216170.22440574,5523294.618443755,96921338.9464521,119875300.83399147,91398044.32800834,True,True
uk,TLJ1,LU-soft,20.0,500.0,0.8,358.1868710974777,237.09931572733177,True,26263461.51875016,151177339.63488194,44991911.3071129,176318200.0101952,124913878.11613178,131326288.7030823,True,True
uk,TLJ1,LU-soft,20.0,100.0,0.9,388.31145268484755,237.09931572733177,True,6839354.02315629,110084652.80592608,0.0,152359179.26007867,103245298.7827698,152359179.26007867,True,True
uk,TLJ1,LU-soft,20.0,300.0,0.9,388.31145268484755,237.09931572733177,True,17340869.39041427,150009178.43609917,5523294.618443755,109874909.02902114,132668309.0456849,104351614.41057739,True,True
uk,TLJ1,LU-soft,20.0,500.0,0.9,388.31145268484755,237.09931572733177,True,26263461.51875016,164130909.71745098,44991911.3071129,189271770.09276423,137867448.19870082,144279858.78565133,True,True
uk,TLJ1,LU-soft,20.0,100.0,1.0,568.72654243942,237.09931572733177,True,6839354.02315629,184594480.8608186,0.0,229937667.85454482,177755126.8376623,229937667.85454482,True,True
uk,TLJ1,LU-soft,20.0,300.0,1.0,568.72654243942,237.09931572733177,True,17340869.39041427,227537486.62874192,5523294.618443755,187453397.6234873,210196617.23832765,181930103.00504354,True,True
uk,TLJ1,LU-soft,20.0,500.0,1.0,568.72654243942,237.09931572733177,True,26263461.51875016,241709398.31191707,44991911.3071129,266850258.68723044,215445936.7931669,221858347.38011754,True,True
uk,TLJ1,Ref,20.0,100.0,0.5,144.00282555559593,97.17166005459939,True,1276042.2196466306,25325937.952814102,0.0,32853445.91545797,24049895.733167473,32853445.91545797,True,True
uk,TLJ1,Ref,20.0,300.0,0.5,144.00282555559593,97.17166005459939,True,5253623.123043639,56540510.36002922,1351430.864176279,62296853.67868246,51286887.23698558,60945422.81450618,True,True
uk,TLJ1,Ref,20.0,500.0,0.5,144.00282555559593,97.17166005459939,True,6450126.715131048,61571921.564557664,623426.1914262772,74605683.02213383,55121794.84942661,73982256.83070755,True,True
uk,TLJ1,Ref,20.0,100.0,0.8,173.08174186207833,97.17166005459939,True,1276042.2196466306,33791906.11387622,0.0,45357379.92724541,32515863.894229595,45357379.92724541,True,True
uk,TLJ1,Ref,20.0,300.0,0.8,173.08174186207833,97.17166005459939,True,5253623.123043639,68596599.21244918,1351430.864176279,74800787.69046989,63342976.08940554,73449356.82629362,True,True
uk,TLJ1,Ref,20.0,500.0,0.8,173.08174186207833,97.17166005459939,True,6450126.715131048,74075855.57634509,623426.1914262772,99283686.26196328,67625728.86121404,98660260.070537,True,True
uk,TLJ1,Ref,20.0,100.0,0.9,206.47229123850093,97.17166005459939,True,1276042.2196466306,45110618.880692475,0.0,59715316.15910713,43834576.66104584,59715316.15910713,True,True
uk,TLJ1,Ref,20.0,300.0,0.9,206.47229123850093,97.17166005459939,True,5253623.123043639,82553901.00746515,1351430.864176279,89158723.9223316,77300277.88442151,87807293.05815533,True,True
uk,TLJ1,Ref,20.0,500.0,0.9,206.47229123850093,97.17166005459939,True,6450126.715131048,88433791.80820678,623426.1914262772,124053339.63713804,81983665.09307574,123429913.44571176,True,True
uk,TLJ1,Ref,20.0,100.0,1.0,324.24243318536355,97.17166005459939,True,1276042.2196466306,91203710.08782795,0.0,110356477.19625804,89927667.86818132,110356477.19625804,True,True
uk,TLJ1,Ref,20.0,300.0,1.0,324.24243318536355,97.17166005459939,True,5253623.123043639,132913565.84659314,1351430.864176279,139799884.95948252,127659942.7235495,138448454.09530625,True,True
uk,TLJ1,Ref,20.0,500.0,1.0,324.24243318536355,97.17166005459939,True,6450126.715131048,139074952.8453577,623426.1914262772,176670742.38318747,132624826.13022664,176047316.1917612,True,True
uk,TLJ1,GNN-oof-42,20.0,100.0,0.5,204.41968899370545,169.28475036075668,True,5819460.995131892,42403148.0514453,0.0,66854067.87530093,36583687.0563134,66854067.87530093,True,True
uk,TLJ1,GNN-oof-42,20.0,300.0,0.5,204.41968899370545,169.28475036075668,True,14642579.896678168,76910934.79453497,3384866.6358651277,70466921.86692122,62268354.8978568,67082055.23105609,True,True
uk,TLJ1,GNN-oof-42,20.0,500.0,0.5,204.41968899370545,169.28475036075668,True,20029999.108797822,86013399.24022114,18677460.3878742,119123989.66286449,65983400.131423324,100446529.27499029,True,True
uk,TLJ1,GNN-oof-42,20.0,100.0,0.8,268.8185858084353,169.28475036075668,True,5819460.995131892,64353365.43821878,0.0,94545593.50563477,58533904.443086885,94545593.50563477,True,True
uk,TLJ1,GNN-oof-42,20.0,300.0,0.8,268.8185858084353,169.28475036075668,True,14642579.896678168,103517386.21982563,3384866.6358651277,98158447.49725506,88874806.32314746,94773580.86138994,True,True
uk,TLJ1,GNN-oof-42,20.0,500.0,0.8,268.8185858084353,169.28475036075668,True,20029999.108797822,113704924.87055494,18677460.3878742,147581680.5439004,93674925.76175712,128904220.1560262,True,True
uk,TLJ1,GNN-oof-42,20.0,100.0,0.9,284.3803334837025,169.28475036075668,True,5819460.995131892,70211579.21913098,0.0,101237145.00599967,64392118.22399908,101237145.00599967,True,True
uk,TLJ1,GNN-oof-42,20.0,300.0,0.9,284.3803334837025,169.28475036075668,True,14642579.896678168,110003950.63881607,3384866.6358651277,104849998.99761993,95361370.74213791,101465132.3617548,True,True
uk,TLJ1,GNN-oof-42,20.0,500.0,0.9,284.3803334837025,169.28475036075668,True,20029999.108797822,120396476.3709199,18677460.3878742,154340484.78138006,100366477.26212208,135663024.39350587,True,True
uk,TLJ1,GNN-oof-42,20.0,100.0,1.0,416.29515025665177,169.28475036075668,True,5819460.995131892,122841582.01039323,0.0,157960516.21836787,117022121.01526134,157960516.21836787,True,True
uk,TLJ1,GNN-oof-42,20.0,300.0,1.0,416.29515025665177,169.28475036075668,True,14642579.896678168,166223301.80498347,3384866.6358651277,161573370.20998812,151580721.9083053,158188503.574123,True,True
uk,TLJ1,GNN-oof-42,20.0,500.0,1.0,416.29515025665177,169.28475036075668,True,20029999.108797822,177119847.583288,18677460.3878742,211355284.52124548,157089848.4744902,192677824.1333713,True,True
uk,TLJ1,GNN-oof-123,20.0,100.0,0.5,216.24315530516216,160.59843345709618,True,5484802.829622662,46468648.031392306,0.0,77435285.41176122,40983845.20176964,77435285.41176122,True,True
uk,TLJ1,GNN-oof-123,20.0,300.0,0.5,216.24315530516216,160.59843345709618,True,14417280.480154544,82017915.18171619,3561169.6763298083,84899524.77810904,67600634.70156164,81338355.10177924,True,True
uk,TLJ1,GNN-oof-123,20.0,500.0,0.5,216.24315530516216,160.59843345709618,True,19625729.663901124,91529993.72327554,4760850.879768454,113839909.06625101,71904264.05937442,109079058.18648255,True,True
uk,TLJ1,GNN-oof-123,20.0,100.0,0.8,312.00045154942313,160.59843345709618,True,5484802.829622662,81403756.4332221,0.0,118610922.79679343,75918953.60359944,118610922.79679343,True,True
uk,TLJ1,GNN-oof-123,20.0,300.0,0.8,312.00045154942313,160.59843345709618,True,14417280.480154544,122099503.322407,3561169.6763298083,126075162.16314122,107682222.84225246,122513992.48681141,True,True
uk,TLJ1,GNN-oof-123,20.0,500.0,0.8,312.00045154942313,160.59843345709618,True,19625729.663901124,132705631.10830773,4760850.879768454,155463898.03204826,113079901.44440661,150703047.1522798,True,True
uk,TLJ1,GNN-oof-123,20.0,100.0,0.9,374.5859855347034,160.59843345709618,True,5484802.829622662,106412311.98539822,0.0,145522702.41046396,100927509.15577556,145522702.41046396,True,True
uk,TLJ1,GNN-oof-123,20.0,300.0,0.9,374.5859855347034,160.59843345709618,True,14417280.480154544,148954845.61717296,3561169.6763298083,152986941.77681178,134537565.1370184,149425772.10048196,True,True
uk,TLJ1,GNN-oof-123,20.0,500.0,0.9,374.5859855347034,160.59843345709618,True,19625729.663901124,159617410.7219783,4760850.879768454,182375677.64571875,139991681.0580772,177614826.7659503,True,True
uk,TLJ1,GNN-oof-123,20.0,100.0,1.0,389.0444308174765,160.59843345709618,True,5484802.829622662,112314244.3269798,0.0,151739833.8820564,106829441.49735714,151739833.8820564,True,True
uk,TLJ1,GNN-oof-123,20.0,300.0,1.0,389.0444308174765,160.59843345709618,True,14417280.480154544,155171977.08876535,3561169.6763298083,159204073.24840426,140754696.6086108,155642903.57207444,True,True
uk,TLJ1,GNN-oof-123,20.0,500.0,1.0,389.0444308174765,160.59843345709618,True,19625729.663901124,165834542.1935707,4760850.879768454,188592809.11731118,146208812.52966958,183831958.23754272,True,True
uk,TLJ1,GNN-oof-456,20.0,100.0,0.5,225.53795805590664,278.490944900037,False,9417275.453585245,51660326.31437774,0.0,77842885.32721621,42243050.860792495,77842885.32721621,True,True
uk,TLJ1,GNN-oof-456,20.0,300.0,0.5,225.53795805590664,278.490944900037,False,19469599.59891339,81924684.41941746,4412459.127927752,61275069.43250036,62455084.82050407,56862610.30457261,True,True
uk,TLJ1,GNN-oof-456,20.0,500.0,0.5,225.53795805590664,278.490944900037,False,28089705.91969523,92263395.5012747,47066279.633700386,133523578.76556396,64173689.58157948,86457299.13186358,True,True
uk,TLJ1,GNN-oof-456,20.0,100.0,0.8,250.6232753893894,278.490944900037,False,9417275.453585245,59935624.3387679,0.0,88629571.78061378,50518348.88518266,88629571.78061378,True,True
uk,TLJ1,GNN-oof-456,20.0,300.0,0.8,250.6232753893894,278.490944900037,False,19469599.59891339,91935646.51445624,4412459.127927752,72061755.88589798,72466046.91554286,67649296.75797023,True,True
uk,TLJ1,GNN-oof-456,20.0,500.0,0.8,250.6232753893894,278.490944900037,False,28089705.91969523,102887415.25608121,47066279.633700386,144401390.5207821,74797709.33638598,97335110.88708173,True,True
uk,TLJ1,GNN-oof-456,20.0,100.0,0.9,253.95376742656256,278.490944900037,False,9417275.453585245,61065501.442809716,0.0,90061683.35659821,51648225.98922447,90061683.35659821,True,True
uk,TLJ1,GNN-oof-456,20.0,300.0,0.9,253.95376742656256,278.490944900037,False,19469599.59891339,93271502.74728926,4412459.127927752,73493867.46188246,73801903.14837587,69081408.3339547,True,True
uk,TLJ1,GNN-oof-456,20.0,500.0,0.9,253.95376742656256,278.490944900037,False,28089705.91969523,104305163.36986615,47066279.633700386,145833502.09676656,76215457.45017092,98767222.46306618,True,True
uk,TLJ1,GNN-oof-456,20.0,100.0,1.0,427.43590854466487,278.490944900037,True,9417275.453585245,126414274.96400058,0.0,164659004.03738222,116996999.51041535,164659004.03738222,True,True
uk,TLJ1,GNN-oof-456,20.0,300.0,1.0,427.43590854466487,278.490944900037,True,19469599.59891339,164880398.41850922,4412459.127927752,148091188.14266646,145410798.8195958,143678729.0147387,True,True
uk,TLJ1,GNN-oof-456,20.0,500.0,1.0,427.43590854466487,278.490944900037,True,28089705.91969523,178822947.6617313,47066279.633700386,220879174.35831562,150733241.74203607,173812894.72461522,True,True
uk,TLF1,Uni,10.0,100.0,0.5,245.44804434007543,212.3284098928625,True,10316517.153025845,94036494.72901937,7638735.00000001,97112297.01210089,83719977.57599352,89473562.01210088,True,True
uk,TLF1,Uni,10.0,300.0,0.5,245.44804434007543,212.3284098928625,True,19095866.014491986,105086801.67707516,6702410.0,88416825.84211764,85990935.66258317,81714415.84211764,True,True
uk,TLF1,Uni,10.0,500.0,0.5,245.44804434007543,212.3284098928625,True,19551723.403649263,105542659.06623246,1041460.0,158073327.35724503,85990935.6625832,157031867.35724503,True,True
uk,TLF1,Uni,10.0,100.0,0.8,378.8223803131104,212.3284098928625,True,10316517.153025845,151247801.54436573,7638735.00000001,154463261.4805059,140931284.3913399,146824526.4805059,True,True
uk,TLF1,Uni,10.0,300.0,0.8,378.8223803131104,212.3284098928625,True,19095866.014491986,162437766.14548016,6702410.0,145767790.31052265,143341900.13098818,139065380.31052265,True,True
uk,TLF1,Uni,10.0,500.0,0.8,378.8223803131104,212.3284098928625,True,19551723.403649263,162893623.53463745,1041460.0,215424291.82565004,143341900.13098818,214382831.82565004,True,True
uk,TLF1,Uni,10.0,100.0,0.9,486.7330332603847,212.3284098928625,True,10316517.153025845,197649382.31169367,7638735.00000001,200864842.24783382,187332865.15866783,193226107.24783382,True,True
uk,TLF1,Uni,10.0,300.0,0.9,486.7330332603847,212.3284098928625,True,19095866.014491986,208839346.91280812,6702410.0,192169371.0778506,189743480.89831614,185466961.0778506,True,True
uk,TLF1,Uni,10.0,500.0,0.9,486.7330332603847,212.3284098928625,True,19551723.403649263,209295204.3019654,1041460.0,261825872.592978,189743480.89831612,260784412.592978,True,True
uk,TLF1,Uni,10.0,100.0,1.0,550.130269162689,212.3284098928625,True,10316517.153025845,224910193.74968457,7638735.00000001,228125653.68582472,214593676.59665874,220486918.68582472,True,True
uk,TLF1,Uni,10.0,300.0,1.0,550.130269162689,212.3284098928625,True,19095866.014491986,236100158.35079908,6702410.0,219430182.51584148,217004292.3363071,212727772.51584148,True,True
uk,TLF1,Uni,10.0,500.0,1.0,550.130269162689,212.3284098928625,True,19551723.403649263,236556015.73995632,1041460.0,289086684.0309689,217004292.33630705,288045224.0309689,True,True
uk,TLF1,LU,10.0,100.0,0.5,227.47053570439226,210.97351286487805,True,10503349.690816581,86371226.39893012,8298785.000000012,87832309.17129666,75867876.70811354,79533524.17129664,True,True
uk,TLF1,LU,10.0,300.0,0.5,227.47053570439226,210.97351286487805,True,19295739.344052266,97367542.19595724,6469565.0,79668226.20883845,78071802.85190497,73198661.20883845,True,True
uk,TLF1,LU,10.0,500.0,0.5,227.47053570439226,210.97351286487805,True,19740527.50098368,97812330.35288869,1825135.0,151423077.462353,78071802.851905,149597942.462353,True,True
uk,TLF1,LU,10.0,100.0,0.8,337.2236062694015,210.97351286487805,True,10503349.690816581,133346128.57296167,8298785.000000012,135026129.51425064,122842778.88214509,126727344.51425062,True,True
uk,TLF1,LU,10.0,300.0,0.8,337.2236062694015,210.97351286487805,True,19295739.344052266,144561362.53891125,6469565.0,126862046.55179243,125265623.19485898,120392481.55179243,True,True
uk,TLF1,LU,10.0,500.0,0.8,337.2236062694015,210.97351286487805,True,19740527.50098368,145006150.69584268,1825135.0,198616897.80530697,125265623.194859,196791762.80530697,True,True
uk,TLF1,LU,10.0,100.0,0.9,412.4432837401365,210.97351286487805,True,10503349.690816581,165690589.88537773,8298785.000000012,167370590.82666668,155187240.19456115,159071805.82666668,True,True
uk,TLF1,LU,10.0,300.0,0.9,412.4432837401365,210.97351286487805,True,19295739.344052266,176905823.85132733,6469565.0,159206507.8642085,157610084.50727507,152736942.8642085,True,True
uk,TLF1,LU,10.0,500.0,0.9,412.4432837401365,210.97351286487805,True,19740527.50098368,177350612.00825876,1825135.0,230961359.117723,157610084.50727507,229136224.117723,True,True
uk,TLF1,LU,10.0,100.0,1.0,483.2859468120357,210.97351286487805,True,10503349.690816581,196152935.00629434,8298785.000000012,197832935.94758335,185649585.31547776,189534150.94758335,True,True
uk,TLF1,LU,10.0,300.0,1.0,483.2859468120357,210.97351286487805,True,19295739.344052266,207368168.9722439,6469565.0,189668852.98512512,188072429.62819165,183199287.98512512,True,True
uk,TLF1,LU,10.0,500.0,1.0,483.2859468120357,210.97351286487805,True,19740527.50098368,207812957.12917536,1825135.0,261423704.23863965,188072429.62819168,259598569.23863965,True,True
uk,TLF1,LU-soft,10.0,100.0,0.5,214.18397992448902,199.26901523146694,True,9902351.370656108,82026574.25137343,3771960.0000000014,59487877.734900676,72124222.88071732,55715917.734900676,True,True
uk,TLF1,LU-soft,10.0,300.0,0.5,214.18397992448902,199.26901523146694,True,17472732.431680214,91913110.36618866,3980725.0,76885233.49488746,74440377.93450844,72904508.49488746,True,True
uk,TLF1,LU-soft,10.0,500.0,0.5,214.18397992448902,199.26901523146694,True,17658733.433021855,92099111.3675303,7194974.99999997,160753696.63968045,74440377.93450844,153558721.63968047,True,True
uk,TLF1,LU-soft,10.0,100.0,0.8,268.5540265181409,199.26901523146694,True,9902351.370656108,105294301.22961432,3771960.0000000014,82866997.77017099,95391949.85895821,79095037.77017099,True,True
uk,TLF1,LU-soft,10.0,300.0,0.8,268.5540265181409,199.26901523146694,True,17472732.431680214,115292230.40145895,3980725.0,100264353.53015777,97819497.96977873,96283628.53015777,True,True
uk,TLF1,LU-soft,10.0,500.0,0.8,268.5540265181409,199.26901523146694,True,17658733.433021855,115478231.4028006,7194974.99999997,184132816.6749507,97819497.96977875,176937841.67495072,True,True
uk,TLF1,LU-soft,10.0,100.0,0.9,284.0772756261935,199.26901523146694,True,9902351.370656108,111968228.36950317,3771960.0000000014,89541994.8866336,102065876.99884707,85770034.8866336,True,True
uk,TLF1,LU-soft,10.0,300.0,0.9,284.0772756261935,199.26901523146694,True,17472732.431680214,121967227.5179216,3980725.0,106939350.64662038,104494495.08624138,102958625.64662038,True,True
uk,TLF1,LU-soft,10.0,500.0,0.9,284.0772756261935,199.26901523146694,True,17658733.433021855,122153228.51926324,7194974.99999997,190807813.79141334,104494495.08624138,183612838.79141337,True,True
uk,TLF1,LU-soft,10.0,100.0,1.0,318.65165006412263,199.26901523146694,True,9902351.370656108,126835209.37781265,3771960.0000000014,104408975.89494312,116932858.00715655,100637015.89494312,True,True
uk,TLF1,LU-soft,10.0,300.0,1.0,318.65165006412263,199.26901523146694,True,17472732.431680214,136834208.52623105,3980725.0,121806331.6549299,119361476.09455083,117825606.6549299,True,True
uk,TLF1,LU-soft,10.0,500.0,1.0,318.65165006412263,199.26901523146694,True,17658733.433021855,137020209.52757272,7194974.99999997,205674794.79972285,119361476.09455086,198479819.79972288,True,True
uk,TLF1,Ref,10.0,100.0,0.5,104.21305334051848,105.00838732419894,False,3490381.528523082,41329772.57217288,5372850.000000009,37303931.51901114,37839391.0436498,31931081.519011132,True,True
uk,TLF1,Ref,10.0,300.0,0.5,104.21305334051848,105.00838732419894,False,5179227.761965959,44811612.936422944,1296450.0,66094327.29549754,39632385.174456984,64797877.29549754,True,True
uk,TLF1,Ref,10.0,500.0,0.5,104.21305334051848,105.00838732419894,False,5179227.761965959,44811612.93642296,1296450.0,70858758.85206498,39632385.174457,69562308.85206498,True,True
uk,TLF1,Ref,10.0,100.0,0.8,131.82034400391888,105.00838732419894,True,3490381.528523082,53069273.26009086,5372850.000000009,49175066.50427331,49578891.73156778,43802216.5042733,True,True
uk,TLF1,Ref,10.0,300.0,0.8,131.82034400391888,105.00838732419894,True,5179227.761965959,56682747.921685115,1296450.0,77976439.39373156,51503520.159719154,76679989.39373156,True,True
uk,TLF1,Ref,10.0,500.0,0.8,131.82034400391888,105.00838732419894,True,5179227.761965959,56682747.92168513,1296450.0,94601028.82258935,51503520.15971917,93304578.82258935,True,True
uk,TLF1,Ref,10.0,100.0,0.9,166.52071188414018,105.00838732419894,True,3490381.528523082,67910386.48694201,5372850.000000009,64096224.692768455,64420004.95841893,58723374.69276845,True,True
uk,TLF1,Ref,10.0,300.0,0.9,166.52071188414018,105.00838732419894,True,5179227.761965959,71603906.1101803,1296450.0,92897597.58222672,66424678.34821434,91601147.58222672,True,True
uk,TLF1,Ref,10.0,500.0,0.9,166.52071188414018,105.00838732419894,True,5179227.761965959,71603906.1101803,1296450.0,124443345.19957967,66424678.34821434,123146895.19957967,True,True
uk,TLF1,Ref,10.0,100.0,1.0,171.86157954313504,105.00838732419894,True,3490381.528523082,70202505.38525936,5372850.000000009,66392797.786136255,66712123.85673628,61019947.78613625,True,True
uk,TLF1,Ref,10.0,300.0,1.0,171.86157954313504,105.00838732419894,True,5179227.761965959,73900479.20354806,1296450.0,95194170.6755945,68721251.4415821,93897720.6755945,True,True
uk,TLF1,Ref,10.0,500.0,1.0,171.86157954313504,105.00838732419894,True,5179227.761965959,73900479.20354806,1296450.0,129036491.38631526,68721251.4415821,127740041.38631526,True,True
uk,TLF1,GNN-oof-42,10.0,100.0,0.5,167.52902957539638,134.94291434128985,True,6793780.856898526,65614851.88733111,1864050.0000000033,56364627.90690205,58821071.03043259,54500577.90690205,True,True
uk,TLF1,GNN-oof-42,10.0,300.0,0.5,167.52902957539638,134.94291434128985,True,11136602.833502224,71990955.85569754,1041460.0,71029866.41611251,60854353.02219532,69988406.41611251,True,True
uk,TLF1,GNN-oof-42,10.0,500.0,0.5,167.52902957539638,134.94291434128985,True,11183129.695225134,72037482.71742046,1041460.0,122359563.42971532,60854353.022195324,121318103.42971532,True,True
uk,TLF1,GNN-oof-42,10.0,100.0,0.8,219.62063620060692,134.94291434128985,True,6793780.856898526,87872947.89469095,1864050.0000000033,78764018.75574261,81079167.03779241,76899968.75574261,True,True
uk,TLF1,GNN-oof-42,10.0,300.0,0.8,219.62063620060692,134.94291434128985,True,11136602.833502224,94390346.70453809,1041460.0,93429257.264953,83253743.87103587,92387797.264953,True,True
uk,TLF1,GNN-oof-42,10.0,500.0,0.8,219.62063620060692,134.94291434128985,True,11183129.695225134,94436873.56626102,1041460.0,167158345.12739635,83253743.87103589,166116885.12739635,True,True
uk,TLF1,GNN-oof-42,10.0,100.0,0.9,252.71879606112435,134.94291434128985,True,6793780.856898526,102096750.14035526,1864050.0000000033,92996227.49576508,95302969.28345673,91132177.49576508,True,True
uk,TLF1,GNN-oof-42,10.0,300.0,0.9,252.71879606112435,134.94291434128985,True,11136602.833502224,108622555.44456056,1041460.0,107661466.00497551,97485952.61105834,106620006.00497551,True,True
uk,TLF1,GNN-oof-42,10.0,500.0,0.9,252.71879606112435,134.94291434128985,True,11183129.695225134,108669082.30628347,1041460.0,192885214.64860547,97485952.61105834,191843754.64860547,True,True
uk,TLF1,GNN-oof-42,10.0,100.0,1.0,260.85757987948097,134.94291434128985,True,6793780.856898526,105596427.18224859,1864050.0000000033,96495904.53765844,98802646.32535006,94631854.53765844,True,True
uk,TLF1,GNN-oof-42,10.0,300.0,1.0,260.85757987948097,134.94291434128985,True,11136602.833502224,112122232.48645389,1041460.0,111161143.04686888,100985629.65295167,110119683.04686888,True,True
uk,TLF1,GNN-oof-42,10.0,500.0,1.0,260.85757987948097,134.94291434128985,True,11183129.695225134,112168759.34817684,1041460.0,197115357.58228138,100985629.6529517,196073897.58228138,True,True
uk,TLF1,GNN-oof-123,10.0,100.0,0.5,154.23408375810567,118.76750934366581,True,5652271.324208042,60962838.07915461,2408430.000000003,52111116.96312603,55310566.75494657,49702686.96312603,True,True
uk,TLF1,GNN-oof-123,10.0,300.0,0.5,154.23408375810567,118.76750934366581,True,9021574.717738902,66315885.16874728,2265885.0,74476535.14664479,57294310.45100838,72210650.14664479,True,True
uk,TLF1,GNN-oof-123,10.0,500.0,0.5,154.23408375810567,118.76750934366581,True,9026345.56497708,66320656.015985474,2265885.0,113907241.90145338,57294310.451008394,111641356.90145338,True,True
uk,TLF1,GNN-oof-123,10.0,100.0,0.8,213.0138108325114,118.76750934366581,True,5652271.324208042,86122886.07261553,2408430.000000003,77386399.60512052,80470614.7484075,74977969.60512052,True,True
uk,TLF1,GNN-oof-123,10.0,300.0,0.8,213.0138108325114,118.76750934366581,True,9021574.717738902,91591167.81074177,2265885.0,99751817.78863928,82569593.09300287,97485932.78863928,True,True
uk,TLF1,GNN-oof-123,10.0,500.0,0.8,213.0138108325114,118.76750934366581,True,9026345.56497708,91595938.65797994,2265885.0,164457807.18544233,82569593.09300286,162191922.18544233,True,True
uk,TLF1,GNN-oof-123,10.0,100.0,0.9,250.67095999441173,118.76750934366581,True,5652271.324208042,102315460.21223265,2408430.000000003,93578973.74473765,96663188.88802461,91170543.74473765,True,True
uk,TLF1,GNN-oof-123,10.0,300.0,0.9,250.67095999441173,118.76750934366581,True,9021574.717738902,107783741.95035887,2265885.0,115944391.92825642,98762167.23261997,113678506.92825642,True,True
uk,TLF1,GNN-oof-123,10.0,500.0,0.9,250.67095999441173,118.76750934366581,True,9026345.56497708,107788512.79759708,2265885.0,196696296.10853872,98762167.23262,194430411.10853872,True,True
uk,TLF1,GNN-oof-123,10.0,100.0,1.0,329.74644909857955,118.76750934366581,True,5652271.324208042,136317920.5270248,2408430.000000003,127581434.05952981,130665649.20281677,125173004.05952981,True,True
uk,TLF1,GNN-oof-123,10.0,300.0,1.0,329.74644909857955,118.76750934366581,True,9021574.717738902,141786202.265151,2265885.0,149946852.24304852,132764627.5474121,147680967.24304852,True,True
uk,TLF1,GNN-oof-123,10.0,500.0,1.0,329.74644909857955,118.76750934366581,True,9026345.56497708,141790973.1123892,2265885.0,235946852.24304852,132764627.54741213,233680967.24304852,True,True
uk,TLF1,GNN-oof-456,10.0,100.0,0.5,161.59351930599237,119.84750612406543,True,6303241.854007135,63492835.95220575,4209485.000000005,59248101.08376398,57189594.098198615,55038616.08376397,True,True
uk,TLF1,GNN-oof-456,10.0,300.0,0.5,161.59351930599237,119.84750612406543,True,10215940.228242688,69475572.19220889,1258610.0,75568114.78551814,59259631.9639662,74309504.78551814,True,True
uk,TLF1,GNN-oof-456,10.0,500.0,0.5,161.59351930599237,119.84750612406543,True,10225581.337610539,69485213.30157673,1258609.9999999702,120217698.4102343,59259631.96396619,118959088.41023433,True,True
uk,TLF1,GNN-oof-456,10.0,100.0,0.8,207.09511445925938,119.84750612406543,True,6303241.854007135,82956487.63510379,4209485.000000005,78813786.99966879,76653245.78109665,74604301.99966879,True,True
uk,TLF1,GNN-oof-456,10.0,300.0,0.8,207.09511445925938,119.84750612406543,True,10215940.228242688,89041258.1081137,1258610.0,95133800.70142296,78825317.87987101,93875190.70142296,True,True
uk,TLF1,GNN-oof-456,10.0,500.0,0.8,207.09511445925938,119.84750612406543,True,10225581.337610539,89050899.21748157,1258609.9999999702,159349070.24204388,78825317.87987103,158090460.2420439,True,True
uk,TLF1,GNN-oof-456,10.0,100.0,0.9,231.19728012907578,119.84750612406543,True,6303241.854007135,93317039.30107157,4209485.000000005,89177718.23768984,87013797.44706443,84968233.23768984,True,True
uk,TLF1,GNN-oof-456,10.0,300.0,0.9,231.19728012907578,119.84750612406543,True,10215940.228242688,99405189.34613472,1258610.0,105497731.939444,89189249.11789203,104239121.939444,True,True
uk,TLF1,GNN-oof-456,10.0,500.0,0.9,231.19728012907578,119.84750612406543,True,10225581.337610539,99414830.4555026,1258609.9999999702,180076932.718086,89189249.11789206,178818322.71808603,True,True
uk,TLF1,GNN-oof-456,10.0,100.0,1.0,262.17845193293584,119.84750612406543,True,6303241.854007135,106638943.17673141,4209485.000000005,102499622.11334968,100335701.32272427,98290137.11334968,True,True
uk,TLF1,GNN-oof-456,10.0,300.0,1.0,262.17845193293584,119.84750612406543,True,10215940.228242688,112727093.22179459,1258610.0,118819635.81510386,102511152.99355191,117561025.81510386,True,True
uk,TLF1,GNN-oof-456,10.0,500.0,1.0,262.17845193293584,119.84750612406543,True,10225581.337610539,112736734.33116244,1258609.9999999702,203913797.17392486,102511152.9935519,202655187.1739249,True,True
uk,TLF1,Uni,20.0,100.0,0.5,299.2768949988556,404.1592410174478,False,12398351.624736346,74510331.7417511,2143120.0000000065,115328025.81559329,62111980.11701476,113184905.81559329,True,True
uk,TLF1,Uni,20.0,300.0,0.5,299.2768949988556,404.1592410174478,False,21086299.731660087,98953221.91804849,31540070.0,106113098.94869815,77866922.1863884,74573028.94869815,True,True
uk,TLF1,Uni,20.0,500.0,0.5,299.2768949988556,404.1592410174478,False,35661038.12429376,117723080.51237257,60712130.00000003,115370207.03317265,82062042.38807881,54658077.03317262,True,True
uk,TLF1,Uni,20.0,100.0,0.8,475.0102059955646,404.1592410174478,True,12398351.624736346,134970643.48424226,2143120.0000000065,190893349.54417807,122572291.85950592,188750229.54417807,True,True
uk,TLF1,Uni,20.0,300.0,0.8,475.0102059955646,404.1592410174478,True,21086299.731660087,169993631.55317828,31540070.0,181678422.67728305,148907331.82151818,150138352.67728305,True,True
uk,TLF1,Uni,20.0,500.0,0.8,475.0102059955646,404.1592410174478,True,35661038.12429376,193091539.70487767,60712130.00000003,190935530.76175755,157430501.58058393,130223400.76175752,True,True
uk,TLF1,Uni,20.0,100.0,0.9,620.1116730662563,404.1592410174478,True,12398351.624736346,192600322.52326655,2143120.0000000065,253286980.3845756,180201970.89853022,251143860.3845756,True,True
uk,TLF1,Uni,20.0,300.0,0.9,620.1116730662563,404.1592410174478,True,21086299.731660087,231959002.03904775,31540070.0,244072053.5176805,210872702.30738765,212531983.5176805,True,True
uk,TLF1,Uni,20.0,500.0,0.9,620.1116730662563,404.1592410174478,True,35661038.12429376,255485170.54527518,60712130.00000003,253329161.60215497,219824132.4209814,192617031.60215494,True,True
uk,TLF1,Uni,20.0,100.0,1.0,658.8063522687643,404.1592410174478,True,12398351.624736346,208547007.91078913,2143120.0000000065,269925692.44165397,196148656.2860528,267782572.44165397,True,True
uk,TLF1,Uni,20.0,300.0,1.0,658.8063522687643,404.1592410174478,True,21086299.731660087,248597714.09612617,31540070.0,260710765.57475892,227511414.36446607,229170695.57475892,True,True
uk,TLF1,Uni,20.0,500.0,1.0,658.8063522687643,404.1592410174478,True,35661038.12429376,272123882.6023536,60712130.00000003,269967873.65923333,236462844.47805983,209255743.6592333,True,True
uk,TLF1,LU,20.0,100.0,0.5,288.66385237426516,398.94387000660447,False,12513831.085326998,71268031.49448389,3571365.0000000075,112305538.94415934,58754200.40915689,108734173.94415933,True,True
uk,TLF1,LU,20.0,300.0,0.5,288.66385237426516,398.94387000660447,False,21204728.312531706,94837405.39704822,31443320.0,101779102.3234044,73632677.08451651,70335782.3234044,True,True
uk,TLF1,LU,20.0,500.0,0.5,288.66385237426516,398.94387000660447,False,35848259.28328576,113373615.18988165,60712130.00000003,111539279.96948668,77525355.90659589,50827149.969486654,True,True
uk,TLF1,LU,20.0,100.0,0.8,488.07394753064136,398.94387000660447,True,12513831.085326998,139983515.39468986,3571365.0000000075,198051879.86140117,127469684.30936286,194480514.86140117,True,True
uk,TLF1,LU,20.0,300.0,0.8,488.07394753064136,398.94387000660447,True,21204728.312531706,175533178.97724074,31443320.0,187525443.24064615,154328450.66470903,156082123.24064615,True,True
uk,TLF1,LU,20.0,500.0,0.8,488.07394753064136,398.94387000660447,True,35848259.28328576,198857118.6376955,60712130.00000003,197285620.8867285,163008859.35440972,136573490.88672847,True,True
uk,TLF1,LU,20.0,100.0,0.9,569.4673469711108,398.94387000660447,True,12513831.085326998,172115264.98267296,3571365.0000000075,233051041.62080297,159601433.89734596,229479676.62080297,True,True
uk,TLF1,LU,20.0,300.0,0.9,569.4673469711108,398.94387000660447,True,21204728.312531706,210265710.75847083,31443320.0,222524605.000048,189060982.44593912,191081285.000048,True,True
uk,TLF1,LU,20.0,500.0,0.9,569.4673469711108,398.94387000660447,True,35848259.28328576,233856280.39709735,60712130.00000003,232284782.64613032,198008021.11381158,171572652.6461303,True,True
uk,TLF1,LU,20.0,100.0,1.0,667.9866346128005,398.94387000660447,True,12513831.085326998,212490051.94443366,3571365.0000000075,275414335.3067295,199976220.85910666,271842970.3067295,True,True
uk,TLF1,LU,20.0,300.0,1.0,667.9866346128005,398.94387000660447,True,21204728.312531706,252627596.94194478,31443320.0,264887898.6859746,231422868.62941307,233444578.6859746,True,True
uk,TLF1,LU,20.0,500.0,1.0,667.9866346128005,398.94387000660447,True,35848259.28328576,276219574.0830239,60712130.00000003,274648076.3320569,240371314.79973814,213935946.33205685,True,True
uk,TLF1,LU-soft,20.0,100.0,0.5,272.8253774500276,339.9091052225107,False,9183992.61391628,65939529.6745086,0.0,84241959.39766783,56755537.06059232,84241959.39766783,True,True
uk,TLF1,LU-soft,20.0,300.0,0.5,272.8253774500276,339.9091052225107,False,16458738.02043827,90565133.87813506,6178670.000000005,96580400.69947559,74106395.85769679,90401730.69947559,True,True
uk,TLF1,LU-soft,20.0,500.0,0.5,272.8253774500276,339.9091052225107,False,29746775.91432338,108544085.74809927,37937395.000000015,100679808.71148755,78797309.8337759,62742413.71148753,True,True
uk,TLF1,LU-soft,20.0,100.0,0.8,305.5697196698597,339.9091052225107,False,9183992.61391628,76243817.12263806,0.0,98322026.55219562,67059824.508721784,98322026.55219562,True,True
uk,TLF1,LU-soft,20.0,300.0,0.8,305.5697196698597,339.9091052225107,False,16458738.02043827,103256477.69460556,6178670.000000005,110660467.85400335,86797739.67416729,104481797.85400335,True,True
uk,TLF1,LU-soft,20.0,500.0,0.8,305.5697196698597,339.9091052225107,False,29746775.91432338,122567834.60991965,37937395.000000015,114759875.86601534,92821058.69559628,76822480.86601533,True,True
uk,TLF1,LU-soft,20.0,100.0,0.9,341.02659474078825,339.9091052225107,True,9183992.61391628,87895557.32638131,0.0,113568482.83269493,78711564.71246503,113568482.83269493,True,True
uk,TLF1,LU-soft,20.0,300.0,0.9,341.02659474078825,339.9091052225107,True,16458738.02043827,117407858.06639062,6178670.000000005,125906924.13450265,100949120.04595235,119728254.13450265,True,True
uk,TLF1,LU-soft,20.0,500.0,0.9,341.02659474078825,339.9091052225107,True,29746775.91432338,137814290.8904189,37937395.000000015,130006332.14651465,108067514.97609551,92068937.14651464,True,True
uk,TLF1,LU-soft,20.0,100.0,1.0,512.1713739371579,339.9091052225107,True,9183992.61391628,150384954.26222265,0.0,187160737.8871339,141200961.64830637,187160737.8871339,True,True
uk,TLF1,LU-soft,20.0,300.0,1.0,512.1713739371579,339.9091052225107,True,16458738.02043827,189162780.31556955,6178670.000000005,199499179.18894157,172704042.29513127,193320509.18894157,True,True
uk,TLF1,LU-soft,20.0,500.0,1.0,512.1713739371579,339.9091052225107,True,29746775.91432338,211406545.94485778,37937395.000000015,203598587.20095354,181659770.0305344,165661192.20095354,True,True
uk,TLF1,Ref,20.0,100.0,0.5,129.68293109600847,100.49404390128154,True,1213662.1559238518,23413652.629979897,202960.00000000602,45490175.40284164,22199990.474056046,45287215.402841635,True,True
uk,TLF1,Ref,20.0,300.0,0.5,129.68293109600847,100.49404390128154,True,4347701.219060507,46360619.94069721,3957719.9999999986,40992925.86093436,42012918.7216367,37035205.86093436,True,True
uk,TLF1,Ref,20.0,500.0,0.5,129.68293109600847,100.49404390128154,True,6832688.717315775,55589894.243796445,8836930.000000007,44740535.023355916,48757205.52648067,35903605.02335591,True,True
uk,TLF1,Ref,20.0,100.0,0.8,155.87018877772843,100.49404390128154,True,1213662.1559238518,30378854.882477414,202960.00000000602,56750696.20598123,29165192.726553563,56547736.205981225,True,True
uk,TLF1,Ref,20.0,300.0,0.8,155.87018877772843,100.49404390128154,True,4347701.219060507,56922747.189193435,3957719.9999999986,52253446.66407395,52575045.97013293,48295726.66407395,True,True
uk,TLF1,Ref,20.0,500.0,0.8,155.87018877772843,100.49404390128154,True,6832688.717315775,66850415.04693602,8836930.000000007,56001055.82649545,60017726.32962024,47164125.826495446,True,True
uk,TLF1,Ref,20.0,100.0,0.9,185.94032314720096,100.49404390128154,True,1213662.1559238518,39160684.42069587,202960.00000000602,69680853.9848544,37947022.26477202,69477893.9848544,True,True
uk,TLF1,Ref,20.0,300.0,0.9,185.94032314720096,100.49404390128154,True,4347701.219060507,69344144.10789588,3957719.9999999986,65183604.44294715,64996442.88883537,61225884.44294715,True,True
uk,TLF1,Ref,20.0,500.0,0.9,185.94032314720096,100.49404390128154,True,6832688.717315775,79780572.82580921,8836930.000000007,68931213.60536872,72947884.10849343,60094283.60536871,True,True
uk,TLF1,Ref,20.0,100.0,1.0,291.9991948695873,100.49404390128154,True,1213662.1559238518,75271828.1722525,202960.00000000602,115286168.82548055,74058166.01632865,115083208.82548055,True,True
uk,TLF1,Ref,20.0,300.0,1.0,291.9991948695873,100.49404390128154,True,4347701.219060507,114639533.45523429,3957719.9999999986,110788919.2835733,110291832.23617378,106831199.2835733,True,True
uk,TLF1,Ref,20.0,500.0,1.0,291.9991948695873,100.49404390128154,True,6832688.717315775,125385887.66643536,8836930.000000007,114536528.44599482,118553198.94911958,105699598.44599482,True,True
uk,TLF1,GNN-oof-42,20.0,100.0,0.5,180.42676850739605,221.73503351461284,False,4612104.579208694,38782744.7632394,126850.00000000317,50136447.25474252,34170640.184030704,50009597.25474252,True,True
uk,TLF1,GNN-oof-42,20.0,300.0,0.5,180.42676850739605,221.73503351461284,False,11120511.556149548,61599243.79762743,3807650.000000001,64620105.11847912,50478732.24147788,60812455.11847912,True,True
uk,TLF1,GNN-oof-42,20.0,500.0,0.5,180.42676850739605,221.73503351461284,False,18984889.915855374,74573484.91414648,28471159.99999995,60425537.97949759,55588594.998291105,31954377.979497638,True,True
uk,TLF1,GNN-oof-42,20.0,100.0,0.8,242.08679243771311,221.73503351461284,True,4612104.579208694,57411140.47330778,126850.00000000317,76650257.54477884,52799035.89409909,76523407.54477884,True,True
uk,TLF1,GNN-oof-42,20.0,300.0,0.8,242.08679243771311,221.73503351461284,True,11120511.556149548,86010115.1052585,3807650.000000001,91133915.40851548,74889603.54910895,87326265.40851548,True,True
uk,TLF1,GNN-oof-42,20.0,500.0,0.8,242.08679243771311,221.73503351461284,True,18984889.915855374,101067056.38774359,28471159.99999995,86939348.2695339,82082166.47188821,58468188.26953395,True,True
uk,TLF1,GNN-oof-42,20.0,100.0,0.9,256.1010525310056,221.73503351461284,True,4612104.579208694,61917486.1836722,126850.00000000317,82676389.38489462,57305381.6044635,82549539.38489462,True,True
uk,TLF1,GNN-oof-42,20.0,300.0,0.9,256.1010525310056,221.73503351461284,True,11120511.556149548,91693794.06510358,3807650.000000001,97160047.24863125,80573282.50895403,93352397.24863125,True,True
uk,TLF1,GNN-oof-42,20.0,500.0,0.9,256.1010525310056,221.73503351461284,True,18984889.915855374,107093188.22785938,28471159.99999995,92965480.10964969,88108298.312004,64494320.10964973,True,True
uk,TLF1,GNN-oof-42,20.0,100.0,1.0,374.8980277160817,221.73503351461284,True,4612104.579208694,103953172.61170788,126850.00000000317,133759088.7144773,99341068.0324992,133632238.7144773,True,True
uk,TLF1,GNN-oof-42,20.0,300.0,1.0,374.8980277160817,221.73503351461284,True,11120511.556149548,141421746.2553006,3807650.000000001,148242746.57821396,130301234.69915107,144435096.57821396,True,True
uk,TLF1,GNN-oof-42,20.0,500.0,1.0,374.8980277160817,221.73503351461284,True,18984889.915855374,158175887.55744207,28471159.99999995,144048179.4392324,139190997.6415867,115577019.43923245,True,True
uk,TLF1,GNN-oof-123,20.0,100.0,0.5,194.73955529154588,175.937131274281,True,4562899.135482586,42726760.351840906,1119290.0000000063,73821012.9220711,38163861.21635832,72701722.9220711,True,True
uk,TLF1,GNN-oof-123,20.0,300.0,0.5,194.73955529154588,175.937131274281,True,10624634.635414988,68611454.59838924,5034870.000000006,69209475.70143108,57986819.96297425,64174605.70143107,True,True
uk,TLF1,GNN-oof-123,20.0,500.0,0.5,194.73955529154588,175.937131274281,True,17011643.241106845,81923796.56091458,28442994.99999995,69145546.17322546,64912153.31980773,40702551.17322551,True,True
uk,TLF1,GNN-oof-123,20.0,100.0,0.8,280.97457743692905,175.937131274281,True,4562899.135482586,70385305.90776569,1119290.0000000063,110902072.44458587,65822406.7722831,109782782.44458587,True,True
uk,TLF1,GNN-oof-123,20.0,300.0,0.8,280.97457743692905,175.937131274281,True,10624634.635414988,103951187.49472179,5034870.000000006,106290535.22394586,93326552.8593068,101255665.22394586,True,True
uk,TLF1,GNN-oof-123,20.0,500.0,0.8,280.97457743692905,175.937131274281,True,17011643.241106845,119004856.08342932,28442994.99999995,106226605.69574025,101993212.84232247,77783610.6957403,True,True
uk,TLF1,GNN-oof-123,20.0,100.0,0.9,337.3364957541951,175.937131274281,True,4562899.135482586,90602704.32932013,1119290.0000000063,135137697.32101023,86039805.19383755,134018407.32101023,True,True
uk,TLF1,GNN-oof-123,20.0,300.0,0.9,337.3364957541951,175.937131274281,True,10624634.635414988,127962200.0474138,5034870.000000006,130526160.10037024,117337565.41199881,125491290.10037024,True,True
uk,TLF1,GNN-oof-123,20.0,500.0,0.9,337.3364957541951,175.937131274281,True,17011643.241106845,143240480.95985374,28442994.99999995,130462230.57216458,126228837.7187469,102019235.57216462,True,True
uk,TLF1,GNN-oof-123,20.0,100.0,1.0,350.35716778703215,175.937131274281,True,4562899.135482586,95520611.6048521,1119290.0000000063,140736586.29513022,90957712.46936952,139617296.29513022,True,True
uk,TLF1,GNN-oof-123,20.0,300.0,1.0,350.35716778703215,175.937131274281,True,10624634.635414988,133554438.86521119,5034870.000000006,136125049.07449013,122929804.2297962,131090179.07449013,True,True
uk,TLF1,GNN-oof-123,20.0,500.0,1.0,350.35716778703215,175.937131274281,True,17011643.241106845,148839369.93397367,28442994.99999995,136061119.5462846,131827726.69286683,107618124.54628463,True,True
uk,TLF1,GNN-oof-456,20.0,100.0,0.5,205.59217144429053,203.11006649523347,True,5916105.50938469,45965951.00702655,1119290.0000000063,77422614.746982,40049845.49764186,76303324.746982,True,True
uk,TLF1,GNN-oof-456,20.0,300.0,0.5,205.59217144429053,203.11006649523347,True,12462196.164811514,71620371.42946315,5034870.000000006,68053743.55901407,59158175.264651634,63018873.55901406,True,True
uk,TLF1,GNN-oof-456,20.0,500.0,0.5,205.59217144429053,203.11006649523347,True,20142858.65835194,85813859.38434902,34210584.999999985,77169776.7888797,65671000.725997075,42959191.78887971,True,True
uk,TLF1,GNN-oof-456,20.0,100.0,0.8,226.79669939486362,203.11006649523347,True,5916105.50938469,52365236.46298171,1119290.0000000063,86540561.76572843,46449130.95359702,85421271.76572843,True,True
uk,TLF1,GNN-oof-456,20.0,300.0,0.8,226.79669939486362,203.11006649523347,True,12462196.164811514,80087065.14273886,5034870.000000006,77171690.57776043,67624868.97792736,72136820.57776043,True,True
uk,TLF1,GNN-oof-456,20.0,500.0,0.8,226.79669939486362,203.11006649523347,True,20142858.65835194,94931806.40309544,34210584.999999985,86287723.80762616,74788947.7447435,52077138.80762617,True,True
uk,TLF1,GNN-oof-456,20.0,100.0,0.9,242.71983552079118,203.11006649523347,True,5916105.50938469,57354418.664643876,1119290.0000000063,93387510.29987726,51438313.155259185,92268220.29987726,True,True
uk,TLF1,GNN-oof-456,20.0,300.0,0.9,242.71983552079118,203.11006649523347,True,12462196.164811514,86511227.65652283,5034870.000000006,84018639.11190931,74049031.49171132,78983769.11190931,True,True
uk,TLF1,GNN-oof-456,20.0,500.0,0.9,242.71983552079118,203.11006649523347,True,20142858.65835194,101778754.9372443,34210584.999999985,93134672.34177497,81635896.27889235,58924087.341774985,True,True
uk,TLF1,GNN-oof-456,20.0,100.0,1.0,384.9309293889999,203.11006649523347,True,5916105.50938469,107789153.45500633,1119290.0000000063,154538280.66320702,101873047.94562164,153418990.66320702,True,True
uk,TLF1,GNN-oof-456,20.0,300.0,1.0,384.9309293889999,203.11006649523347,True,12462196.164811514,146334547.82051492,5034870.000000006,145169409.47523907,133872351.6557034,140134539.47523907,True,True
uk,TLF1,GNN-oof-456,20.0,500.0,1.0,384.9309293889999,203.11006649523347,True,20142858.65835194,162929525.30057403,34210584.999999985,154285442.70510477,142786666.6422221,120074857.70510478,True,True
uk,TLF2,Uni,10.0,100.0,0.5,197.853376898926,172.78929445899087,True,10300432.658265904,78161207.43747509,3789374.9999999986,42443403.58225021,67860774.77920918,38654028.58225021,True,True
uk,TLF2,Uni,10.0,300.0,0.5,197.853376898926,172.78929445899087,True,16325398.52906285,85050091.36821741,2538075.0,85389851.65178218,68724692.83915456,82851776.65178218,True,True
uk,TLF2,Uni,10.0,500.0,0.5,197.853376898926,172.78929445899087,True,16352259.227383643,85076952.06653821,2538075.0,161245907.5069088,68724692.83915457,158707832.5069088,True,True
uk,TLF2,Uni,10.0,100.0,0.8,305.3651838675517,172.78929445899087,True,10300432.658265904,124360731.54392947,3789374.9999999986,88673480.57875927,114060298.88566357,84884105.57875927,True,True
uk,TLF2,Uni,10.0,300.0,0.8,305.3651838675517,172.78929445899087,True,16325398.52906285,131280168.36472641,2538075.0,131619928.64829127,114954769.83566356,129081853.64829127,True,True
uk,TLF2,Uni,10.0,500.0,0.8,305.3651838675517,172.78929445899087,True,16352259.227383643,131307029.06304723,2538075.0,217619928.64829126,114954769.83566359,215081853.64829126,True,True
uk,TLF2,Uni,10.0,100.0,0.9,392.35095369264974,172.78929445899087,True,10300432.658265904,161764612.56872165,3789374.9999999986,126077361.60355143,151464179.91045576,122287986.60355143,True,True
uk,TLF2,Uni,10.0,300.0,0.9,392.35095369264974,172.78929445899087,True,16325398.52906285,168684049.38951862,2538075.0,169023809.67308345,152358650.86045578,166485734.67308345,True,True
uk,TLF2,Uni,10.0,500.0,0.9,392.35095369264974,172.78929445899087,True,16352259.227383643,168710910.08783942,2538075.0,255023809.6730834,152358650.86045578,252485734.6730834,True,True
uk,TLF2,Uni,10.0,100.0,1.0,443.45487364056976,172.78929445899087,True,10300432.658265904,183739298.14632723,3789374.9999999986,148052047.18115702,173438865.4880613,144262672.18115702,True,True
uk,TLF2,Uni,10.0,300.0,1.0,443.45487364056976,172.78929445899087,True,16325398.52906285,190658734.96712416,2538075.0,190998495.25068903,174333336.43806133,188460420.25068903,True,True
uk,TLF2,Uni,10.0,500.0,1.0,443.45487364056976,172.78929445899087,True,16352259.227383643,190685595.665445,2538075.0,276998495.250689,174333336.43806136,274460420.250689,True,True
uk,TLF2,LU,10.0,100.0,0.5,183.36187503602537,171.8820365513464,True,10533714.456188492,71802350.40993612,3789374.9999999986,37041954.05847332,61268635.95374762,33252579.05847332,True,True
uk,TLF2,LU,10.0,300.0,0.5,183.36187503602537,171.8820365513464,True,16720517.551780557,78823487.43753108,2592685.0,80010120.21437971,62102969.885750525,77417435.21437971,True,True
uk,TLF2,LU,10.0,500.0,0.5,183.36187503602537,171.8820365513464,True,16742636.379740383,78845606.2654909,2592685.0,149155465.95442024,62102969.88575052,146562780.95442024,True,True
uk,TLF2,LU,10.0,100.0,0.8,271.83280050091275,171.8820365513464,True,10533714.456188492,109784840.34184061,3789374.9999999986,75084452.00837488,99251125.88565212,71295077.00837488,True,True
uk,TLF2,LU,10.0,300.0,0.8,271.83280050091275,171.8820365513464,True,16720517.551780557,116865985.3874327,2592685.0,118052618.16428132,100145467.83565214,115459933.16428132,True,True
uk,TLF2,LU,10.0,500.0,0.8,271.83280050091275,171.8820365513464,True,16742636.379740383,116888104.21539252,2592685.0,204052618.16428134,100145467.83565213,201459933.16428134,True,True
uk,TLF2,LU,10.0,100.0,0.9,332.4666802160548,171.8820365513464,True,10533714.456188492,135857408.61935166,3789374.9999999986,101157020.28588599,125323694.16316316,97367645.28588599,True,True
uk,TLF2,LU,10.0,300.0,0.9,332.4666802160548,171.8820365513464,True,16720517.551780557,142938553.6649437,2592685.0,144125186.44179243,126218036.11316314,141532501.44179243,True,True
uk,TLF2,LU,10.0,500.0,0.9,332.4666802160548,171.8820365513464,True,16742636.379740383,142960672.49290356,2592685.0,230125186.44179234,126218036.11316317,227532501.44179234,True,True
uk,TLF2,LU,10.0,100.0,1.0,389.5722894906103,171.8820365513464,True,10533714.456188492,160412820.60741052,3789374.9999999986,125712432.27394482,149879106.15122202,121923057.27394482,True,True
uk,TLF2,LU,10.0,300.0,1.0,389.5722894906103,171.8820365513464,True,16720517.551780557,167493965.65300256,2592685.0,168680598.42985123,150773448.101222,166087913.42985123,True,True
uk,TLF2,LU,10.0,500.0,1.0,389.5722894906103,171.8820365513464,True,16742636.379740383,167516084.4809624,2592685.0,254680598.42985123,150773448.101222,252087913.42985123,True,True
uk,TLF2,LU-soft,10.0,100.0,0.5,161.45510534561234,172.65170647274468,False,11574656.85978677,62484795.50006351,3789374.9999999986,30239319.118106924,50910138.64027674,26449944.118106924,True,True
uk,TLF2,LU-soft,10.0,300.0,0.5,161.45510534561234,172.65170647274468,False,17709517.65692396,69414884.7358473,2441325.0,76175684.02715267,51705367.07892333,73734359.02715267,True,True
uk,TLF2,LU-soft,10.0,500.0,0.5,161.45510534561234,172.65170647274468,False,17720328.219689988,69425695.29861331,2441325.0,126969292.51673493,51705367.07892332,124527967.51673493,True,True
uk,TLF2,LU-soft,10.0,100.0,0.8,216.47889340197287,172.65170647274468,True,11574656.85978677,86047152.38856989,3789374.9999999986,53899547.98234196,74472495.52878313,50110172.98234196,True,True
uk,TLF2,LU-soft,10.0,300.0,0.8,216.47889340197287,172.65170647274468,True,17709517.65692396,93075113.60008232,2441325.0,99835912.89138773,75365595.94315836,97394587.89138773,True,True
uk,TLF2,LU-soft,10.0,500.0,0.8,216.47889340197287,172.65170647274468,True,17720328.219689988,93085924.16284835,2441325.0,174289750.24520493,75365595.94315836,171848425.24520493,True,True
uk,TLF2,LU-soft,10.0,100.0,0.9,228.99203957402398,172.65170647274468,True,11574656.85978677,91426563.70692709,3789374.9999999986,59280200.83632394,79851906.84714033,55490825.83632394,True,True
uk,TLF2,LU-soft,10.0,300.0,0.9,228.99203957402398,172.65170647274468,True,17709517.65692396,98455766.4540643,2441325.0,105216565.7453697,80746248.79714033,102775240.7453697,True,True
uk,TLF2,LU-soft,10.0,500.0,0.9,228.99203957402398,172.65170647274468,True,17720328.219689988,98466577.01683034,2441325.0,185051055.95316884,80746248.79714036,182609730.95316884,True,True
uk,TLF2,LU-soft,10.0,100.0,1.0,256.86212000226425,172.65170647274468,True,11574656.85978677,103410698.2910704,3789374.9999999986,71264335.42046726,91836041.43128364,67474960.42046726,True,True
uk,TLF2,LU-soft,10.0,300.0,1.0,256.86212000226425,172.65170647274468,True,17709517.65692396,110439901.03820758,2441325.0,117200700.32951303,92730383.38128361,114759375.32951303,True,True
uk,TLF2,LU-soft,10.0,500.0,1.0,256.86212000226425,172.65170647274468,True,17720328.219689988,110450711.60097364,2441325.0,203200700.32951298,92730383.38128364,200759375.32951298,True,True
uk,TLF2,Ref,10.0,100.0,0.5,84.64628060355216,72.25941620135893,True,4515470.243477013,34019430.61600698,2030244.9999999988,21041127.784747012,29503960.372529965,19010882.784747012,True,True
uk,TLF2,Ref,10.0,300.0,0.5,84.64628060355216,72.25941620135893,True,6095022.934088652,36397900.659527436,4590035.0,65165805.081548356,30302877.725438785,60575770.081548356,True,True
uk,TLF2,Ref,10.0,500.0,0.5,84.64628060355216,72.25941620135893,True,6095022.934088652,36397900.659527436,4590035.0,65165805.081548415,30302877.725438785,60575770.081548415,True,True
uk,TLF2,Ref,10.0,100.0,0.8,106.25914855128084,72.25941620135893,True,4515470.243477013,43301467.815918714,2030244.9999999988,30334661.00227036,38785997.5724417,28304416.00227036,True,True
uk,TLF2,Ref,10.0,300.0,0.8,106.25914855128084,72.25941620135893,True,6095022.934088652,45691433.877050765,4590035.0,83752871.51659502,39596410.94296211,79162836.51659502,True,True
uk,TLF2,Ref,10.0,500.0,0.8,106.25914855128084,72.25941620135893,True,6095022.934088652,45691433.877050765,4590035.0,83752871.51659504,39596410.94296211,79162836.51659504,True,True
uk,TLF2,Ref,10.0,100.0,0.9,134.23079111700585,72.25941620135893,True,4515470.243477013,55329274.11918047,2030244.9999999988,42362467.305532105,50813803.875703454,40332222.305532105,True,True
uk,TLF2,Ref,10.0,300.0,0.9,134.23079111700585,72.25941620135893,True,6095022.934088652,57719240.180312514,4590035.0,107078115.95204291,51624217.24622386,102488080.95204291,True,True
uk,TLF2,Ref,10.0,500.0,0.9,134.23079111700585,72.25941620135893,True,6095022.934088652,57719240.180312514,4590035.0,107808484.12311855,51624217.24622386,103218449.12311855,True,True
uk,TLF2,Ref,10.0,100.0,1.0,138.53601467152026,72.25941620135893,True,4515470.243477013,57180520.24762167,2030244.9999999988,44213713.4339733,52665050.00414465,42183468.4339733,True,True
uk,TLF2,Ref,10.0,300.0,1.0,138.53601467152026,72.25941620135893,True,6095022.934088652,59570486.30875372,4590035.0,109402227.12800106,53475463.37466507,104812192.12800106,True,True
uk,TLF2,Ref,10.0,500.0,1.0,138.53601467152026,72.25941620135893,True,6095022.934088652,59570486.30875372,4590035.0,111510976.38000095,53475463.37466507,106920941.38000095,True,True
uk,TLF2,GNN-oof-42,10.0,100.0,0.5,135.04358659369564,97.8464833286123,True,6624995.176283321,54594515.48699024,1667540.0,29198590.470122647,47969520.31070692,27531050.470122647,True,True
uk,TLF2,GNN-oof-42,10.0,300.0,0.5,135.04358659369564,97.8464833286123,True,9327798.986205924,58068742.23528912,539220.0,90164587.25871864,48740943.24908319,89625367.25871864,True,True
uk,TLF2,GNN-oof-42,10.0,500.0,0.5,135.04358659369564,97.8464833286123,True,9327798.986205924,58068742.23528913,539220.0,106343374.4419358,48740943.249083206,105804154.4419358,True,True
uk,TLF2,GNN-oof-42,10.0,100.0,0.8,177.03414433718456,97.8464833286123,True,6624995.176283321,72635066.68387735,1667540.0,47254530.29982288,66010071.50759403,45586990.29982288,True,True
uk,TLF2,GNN-oof-42,10.0,300.0,0.8,177.03414433718456,97.8464833286123,True,9327798.986205924,76124682.06498934,539220.0,108220527.08841887,66796883.07878342,107681307.08841887,True,True
uk,TLF2,GNN-oof-42,10.0,500.0,0.8,177.03414433718456,97.8464833286123,True,9327798.986205924,76124682.06498936,539220.0,142455254.10133624,66796883.07878344,141916034.10133624,True,True
uk,TLF2,GNN-oof-42,10.0,100.0,0.9,203.71426197735857,97.8464833286123,True,6624995.176283321,84107517.26915218,1667540.0,58726980.8850977,77482522.09286886,57059440.8850977,True,True
uk,TLF2,GNN-oof-42,10.0,300.0,0.9,203.71426197735857,97.8464833286123,True,9327798.986205924,87597132.6502642,539220.0,119692977.6736937,78269333.66405828,119153757.6736937,True,True
uk,TLF2,GNN-oof-42,10.0,500.0,0.9,203.71426197735857,97.8464833286123,True,9327798.986205924,87597132.65026422,539220.0,165400155.27188593,78269333.6640583,164860935.27188593,True,True
uk,TLF2,GNN-oof-42,10.0,100.0,1.0,210.27485962498574,97.8464833286123,True,6624995.176283321,86928574.25763187,1667540.0,61548037.8735774,80303579.08134855,59880497.8735774,True,True
uk,TLF2,GNN-oof-42,10.0,300.0,1.0,210.27485962498574,97.8464833286123,True,9327798.986205924,90418189.63874386,539220.0,122514034.66217336,81090390.65253794,121974814.66217336,True,True
uk,TLF2,GNN-oof-42,10.0,500.0,1.0,210.27485962498574,97.8464833286123,True,9327798.986205924,90418189.63874386,539220.0,171042269.24884528,81090390.65253794,170503049.24884528,True,True
uk,TLF2,GNN-oof-123,10.0,100.0,0.5,124.3266548996111,112.676153068764,True,6377513.191582153,49772832.89785672,2775864.9999999986,26359952.824469928,43395319.70627457,23584087.824469928,True,True
uk,TLF2,GNN-oof-123,10.0,300.0,0.5,124.3266548996111,112.676153068764,True,9406762.520608215,53460461.60683278,1470170.0,79316855.56742923,44053699.08622456,77846685.56742923,True,True
uk,TLF2,GNN-oof-123,10.0,500.0,0.5,124.3266548996111,112.676153068764,True,9406762.520608217,53460461.60683278,1470170.0,97549108.29044634,44053699.08622456,96078938.29044634,True,True
uk,TLF2,GNN-oof-123,10.0,100.0,0.8,171.7084440930708,112.676153068764,True,6377513.191582153,70081616.63982223,2775864.9999999986,46695353.41538686,63704103.44824008,43919488.41538686,True,True
uk,TLF2,GNN-oof-123,10.0,300.0,0.8,171.7084440930708,112.676153068764,True,9406762.520608215,73834630.96002045,1470170.0,99691024.9206169,64427868.439412236,98220854.9206169,True,True
uk,TLF2,GNN-oof-123,10.0,500.0,0.8,171.7084440930708,112.676153068764,True,9406762.520608217,73834630.96002045,1470170.0,138297446.9968217,64427868.439412236,136827276.9968217,True,True
uk,TLF2,GNN-oof-123,10.0,100.0,0.9,202.06352044375268,112.676153068764,True,6377513.191582153,83132702.09567223,2775864.9999999986,59748036.24618006,76755188.90409008,56972171.24618006,True,True
uk,TLF2,GNN-oof-123,10.0,300.0,0.9,202.06352044375268,112.676153068764,True,9406762.520608215,86887313.79081365,1470170.0,112743707.75141013,77480551.27020544,111273537.75141013,True,True
uk,TLF2,GNN-oof-123,10.0,500.0,0.9,202.06352044375268,112.676153068764,True,9406762.520608217,86887313.79081368,1470170.0,164402812.6584081,77480551.27020547,162932642.6584081,True,True
uk,TLF2,GNN-oof-123,10.0,100.0,1.0,265.80553391653774,112.676153068764,True,6377513.191582153,110541767.8889698,2775864.9999999986,87157102.03947765,104164254.69738764,84381237.03947765,True,True
uk,TLF2,GNN-oof-123,10.0,300.0,1.0,265.80553391653774,112.676153068764,True,9406762.520608215,114296379.5841112,1470170.0,140152773.54470772,104889617.06350298,138682603.54470772,True,True
uk,TLF2,GNN-oof-123,10.0,500.0,1.0,265.80553391653774,112.676153068764,True,9406762.520608217,114296379.58411124,1470170.0,219220944.24500328,104889617.06350303,217750774.24500328,True,True
uk,TLF2,GNN-oof-456,10.0,100.0,0.5,130.2590271828546,105.19907794171331,True,6299863.498415914,52586045.59171866,1667540.0,27384930.667647026,46286182.09330274,25717390.667647026,True,True
uk,TLF2,GNN-oof-456,10.0,300.0,0.5,130.2590271828546,105.19907794171331,True,9026859.493793452,56011381.68862749,627155.0,85501048.9521614,46984522.19483404,84873893.9521614,True,True
uk,TLF2,GNN-oof-456,10.0,500.0,0.5,130.2590271828546,105.19907794171331,True,9026859.493793452,56011381.68862749,627155.0,101110627.09908302,46984522.19483404,100483472.09908302,True,True
uk,TLF2,GNN-oof-456,10.0,100.0,0.8,166.9374382069337,105.19907794171331,True,6299863.498415914,68327288.03923936,1667540.0,43156647.40800105,62027424.540823445,41489107.40800105,True,True
uk,TLF2,GNN-oof-456,10.0,300.0,0.8,166.9374382069337,105.19907794171331,True,9026859.493793452,71783098.42898151,627155.0,101272765.69251543,62756238.93518806,100645610.69251543,True,True
uk,TLF2,GNN-oof-456,10.0,500.0,0.8,166.9374382069337,105.19907794171331,True,9026859.493793452,71783098.42898153,627155.0,132654060.57979102,62756238.93518808,132026905.57979102,True,True
uk,TLF2,GNN-oof-456,10.0,100.0,0.9,186.365968921741,105.19907794171331,True,6299863.498415914,76680887.24406351,1667540.0,51510915.61536819,70381023.7456476,49843375.61536819,True,True
uk,TLF2,GNN-oof-456,10.0,300.0,0.9,186.365968921741,105.19907794171331,True,9026859.493793452,80137366.63634863,627155.0,109627033.89988256,71110507.14255518,108999878.89988256,True,True
uk,TLF2,GNN-oof-456,10.0,500.0,0.9,186.365968921741,105.19907794171331,True,9026859.493793452,80137366.63634866,627155.0,149362596.99452528,71110507.1425552,148735441.99452528,True,True
uk,TLF2,GNN-oof-456,10.0,100.0,1.0,211.33960225485728,105.19907794171331,True,6299863.498415914,87419549.5773035,1667540.0,62249577.94860818,81119686.07888758,60582037.94860818,True,True
uk,TLF2,GNN-oof-456,10.0,300.0,1.0,211.33960225485728,105.19907794171331,True,9026859.493793452,90876028.96958865,627155.0,120365696.23312256,81849169.4757952,119738541.23312256,True,True
uk,TLF2,GNN-oof-456,10.0,500.0,1.0,211.33960225485728,105.19907794171331,True,9026859.493793452,90876028.96958865,627155.0,170839921.66100526,81849169.4757952,170212766.66100526,True,True
uk,TLF2,Uni,20.0,100.0,0.5,247.39001345861425,213.22897183316195,True,11179941.593218166,68781969.11689533,0.0,71231360.98597293,57602027.52367717,71231360.98597293,True,True
uk,TLF2,Uni,20.0,300.0,0.5,247.39001345861425,213.22897183316195,True,25455969.67149417,99952188.22650006,31991785.0,82150971.32484762,74496218.5550059,50159186.32484762,True,True
uk,TLF2,Uni,20.0,500.0,0.5,247.39001345861425,213.22897183316195,True,31781458.158534337,106345375.91354023,1750530.0,107027504.12399763,74563917.7550059,105276974.12399763,True,True
uk,TLF2,Uni,20.0,100.0,0.8,382.901292085512,213.22897183316195,True,11179941.593218166,124014846.97423507,0.0,129501210.79553898,112834905.38101691,129501210.79553898,True,True
uk,TLF2,Uni,20.0,300.0,0.8,382.901292085512,213.22897183316195,True,25455969.67149417,158222038.03606611,31991785.0,140420821.13441366,132766068.36457194,108429036.13441366,True,True
uk,TLF2,Uni,20.0,500.0,0.8,382.901292085512,213.22897183316195,True,31781458.158534337,164615225.72310632,1750530.0,165297353.93356365,132833767.56457199,163546823.93356365,True,True
uk,TLF2,Uni,20.0,100.0,0.9,499.866229940742,213.22897183316195,True,11179941.593218166,174232901.62446764,0.0,179796134.0732878,163052960.03124946,179796134.0732878,True,True
uk,TLF2,Uni,20.0,300.0,0.9,499.866229940742,213.22897183316195,True,25455969.67149417,208516961.31381497,31991785.0,190715744.4121626,183060991.6423208,158723959.4121626,True,True
uk,TLF2,Uni,20.0,500.0,0.9,499.866229940742,213.22897183316195,True,31781458.158534337,214910149.00085515,1750530.0,215592277.21131253,183128690.8423208,213841747.21131253,True,True
uk,TLF2,Uni,20.0,100.0,1.0,531.0576495701827,213.22897183316195,True,11179941.593218166,187645212.06512713,0.0,193208444.5139473,176465270.47190896,193208444.5139473,True,True
uk,TLF2,Uni,20.0,300.0,1.0,531.0576495701827,213.22897183316195,True,25455969.67149417,221929271.75447443,31991785.0,204128054.85282207,196473302.08298028,172136269.85282207,True,True
uk,TLF2,Uni,20.0,500.0,1.0,531.0576495701827,213.22897183316195,True,31781458.158534337,228322459.4415146,1750530.0,229004587.651972,196541001.28298026,227254057.651972,True,True
uk,TLF2,LU,20.0,100.0,0.5,241.33042642728162,212.45395905399056,True,11643223.09218587,66228406.85934285,0.0,70345158.99782854,54585183.76715698,70345158.99782854,True,True
uk,TLF2,LU,20.0,300.0,0.5,241.33042642728162,212.45395905399056,True,26142519.779601865,97254008.1928544,31991785.0,80681427.06068908,71111488.41325253,48689642.06068908,True,True
uk,TLF2,LU,20.0,500.0,0.5,241.33042642728162,212.45395905399056,True,32578318.483798563,103757506.09705113,1948975.0,108883226.42258132,71179187.61325257,106934251.42258132,True,True
uk,TLF2,LU,20.0,100.0,0.8,393.43185216635953,212.45395905399056,True,11643223.09218587,128225208.8947477,0.0,135748772.06563208,116581985.80256183,135748772.06563208,True,True
uk,TLF2,LU,20.0,300.0,0.8,393.43185216635953,212.45395905399056,True,26142519.779601865,162657621.2606579,31991785.0,146085040.12849262,136515101.48105603,114093255.12849262,True,True
uk,TLF2,LU,20.0,500.0,0.8,393.43185216635953,212.45395905399056,True,32578318.483798563,169161119.16485462,1948975.0,174286839.4903848,136582800.68105605,172337864.4903848,True,True
uk,TLF2,LU,20.0,100.0,0.9,459.042311519898,212.45395905399056,True,11643223.09218587,156412554.47669804,0.0,163961269.58765358,144769331.3845122,163961269.58765358,True,True
uk,TLF2,LU,20.0,300.0,0.9,459.042311519898,212.45395905399056,True,26142519.779601865,190870118.78267938,31991785.0,174297537.6505141,164727599.0030775,142305752.6505141,True,True
uk,TLF2,LU,20.0,500.0,0.9,459.042311519898,212.45395905399056,True,32578318.483798563,197373616.6868761,1948975.0,202499337.01240638,164795298.20307752,200550362.01240638,True,True
uk,TLF2,LU,20.0,100.0,1.0,538.457789455333,212.45395905399056,True,11643223.09218587,190561209.98893505,0.0,198109925.09989062,178917986.8967492,198109925.09989062,True,True
uk,TLF2,LU,20.0,300.0,1.0,538.457789455333,212.45395905399056,True,26142519.779601865,225018774.29491645,31991785.0,208446193.16275114,198876254.51531458,176454408.16275114,True,True
uk,TLF2,LU,20.0,500.0,1.0,538.457789455333,212.45395905399056,True,32578318.483798563,231522272.19911316,1948975.0,236647992.52464336,198943953.7153146,234699017.52464336,True,True
uk,TLF2,LU-soft,20.0,100.0,0.5,219.9219895083865,256.52456654228615,False,9647258.984548451,57479478.939790286,1232594.9999999972,57734309.89140594,47832219.95524184,56501714.89140594,True,True
uk,TLF2,LU-soft,20.0,300.0,0.5,219.9219895083865,256.52456654228615,False,24161576.698454883,87382820.45156106,34327115.0,77394081.0538992,63221243.75310618,43066966.0538992,True,True
uk,TLF2,LU-soft,20.0,500.0,0.5,219.9219895083865,256.52456654228615,False,31238794.219677135,94510232.6518571,2707925.0,91436616.14174691,63271438.43217996,88728691.14174691,True,True
uk,TLF2,LU-soft,20.0,100.0,0.8,249.81149597012248,256.52456654228615,False,9647258.984548451,68176202.80984959,1232594.9999999972,70586797.66995241,58528943.82530114,69354202.66995241,True,True
uk,TLF2,LU-soft,20.0,300.0,0.8,249.81149597012248,256.52456654228615,False,24161576.698454883,100217803.7091813,34327115.0,90246568.83244571,76056227.0107264,55919453.83244571,True,True
uk,TLF2,LU-soft,20.0,500.0,0.8,249.81149597012248,256.52456654228615,False,31238794.219677135,107362720.43040356,2707925.0,104289103.92029336,76123926.21072643,101581178.92029336,True,True
uk,TLF2,LU-soft,20.0,100.0,0.9,281.887549837366,256.52456654228615,True,9647258.984548451,80265927.116621,1232594.9999999972,84379500.83286712,70618668.13207255,83146905.83286712,True,True
uk,TLF2,LU-soft,20.0,300.0,0.9,281.887549837366,256.52456654228615,True,24161576.698454883,114010506.87209599,34327115.0,104039271.9953604,89848930.1736411,69712156.9953604,True,True
uk,TLF2,LU-soft,20.0,500.0,0.9,281.887549837366,256.52456654228615,True,31238794.219677135,121155423.59331827,2707925.0,118081807.08320808,89916629.37364113,115373882.08320808,True,True
uk,TLF2,LU-soft,20.0,100.0,1.0,412.85656260526935,256.52456654228615,True,9647258.984548451,135001714.64419678,1232594.9999999972,140696176.32306558,125354455.65964833,139463581.32306558,True,True
uk,TLF2,LU-soft,20.0,300.0,1.0,412.85656260526935,256.52456654228615,True,24161576.698454883,170327182.36229444,34327115.0,160355947.48555887,146165605.66383955,126028832.48555887,True,True
uk,TLF2,LU-soft,20.0,500.0,1.0,412.85656260526935,256.52456654228615,True,31238794.219677135,177472099.08351666,2707925.0,174398482.57340652,146233304.8638395,171690557.57340652,True,True
uk,TLF2,Ref,20.0,100.0,0.5,99.22115691064366,106.12507565662486,False,2096972.752259997,21225030.423003826,689934.9999999995,26281760.398262598,19128057.67074383,25591825.398262598,True,True
uk,TLF2,Ref,20.0,300.0,0.5,99.22115691064366,106.12507565662486,False,7811747.271140049,42174420.50148013,3429250.000000005,34513142.30834602,34362673.230340086,31083892.308346014,True,True
uk,TLF2,Ref,20.0,500.0,0.5,99.22115691064366,106.12507565662486,False,8234725.0412367005,42665097.4715768,37410.0,70553736.43146208,34430372.430340104,70516326.43146208,True,True
uk,TLF2,Ref,20.0,100.0,0.8,125.64550388031489,106.12507565662486,True,2096972.752259997,29615713.823103998,689934.9999999995,37644229.59522124,27518741.070844002,36954294.59522124,True,True
uk,TLF2,Ref,20.0,300.0,0.8,125.64550388031489,106.12507565662486,True,7811747.271140049,53536889.69843875,3429250.000000005,45875611.50530463,45725142.4272987,42446361.50530462,True,True
uk,TLF2,Ref,20.0,500.0,0.8,125.64550388031489,106.12507565662486,True,8234725.0412367005,54027566.668535426,37410.0,93278674.82537933,45792841.62729873,93241264.82537933,True,True
uk,TLF2,Ref,20.0,100.0,0.9,149.88475844353894,106.12507565662486,True,2096972.752259997,38233595.7009236,689934.9999999995,48067109.057407565,36136622.9486636,47377174.057407565,True,True
uk,TLF2,Ref,20.0,300.0,0.9,149.88475844353894,106.12507565662486,True,7811747.271140049,63959769.16062511,3429250.000000005,56298490.96749097,56148021.88948506,52869240.96749096,True,True
uk,TLF2,Ref,20.0,500.0,0.9,149.88475844353894,106.12507565662486,True,8234725.0412367005,64450446.13072177,37410.0,114124433.749752,56215721.08948507,114087023.749752,True,True
uk,TLF2,Ref,20.0,100.0,1.0,235.3778247125456,106.12507565662486,True,2096972.752259997,72944050.41362274,689934.9999999995,84829127.55308041,70847077.66136274,84139192.55308041,True,True
uk,TLF2,Ref,20.0,300.0,1.0,235.3778247125456,106.12507565662486,True,7811747.271140049,100721787.65629794,3429250.000000005,93060509.46316382,92910040.38515788,89631259.46316382,True,True
uk,TLF2,Ref,20.0,500.0,1.0,235.3778247125456,106.12507565662486,True,8234725.0412367005,101212464.62639461,37410.0,160587888.7783981,92977739.58515792,160550478.7783981,True,True
uk,TLF2,GNN-oof-42,20.0,100.0,0.5,148.3947096345854,131.41156212547293,True,5160166.8498480255,36051315.8173824,431290.0000000001,40253486.15881803,30891148.96753438,39822196.15881803,True,True
uk,TLF2,GNN-oof-42,20.0,300.0,0.5,148.3947096345854,131.41156212547293,True,14123266.854832474,61343522.67772398,24325100.000000015,50948309.29061508,47220255.8228915,26623209.290615067,True,True
uk,TLF2,GNN-oof-42,20.0,500.0,0.5,148.3947096345854,131.41156212547293,True,16522265.083426539,63809725.14287175,1047695.0,92492268.04910612,47287460.05944522,91444573.04910612,True,True
uk,TLF2,GNN-oof-42,20.0,100.0,0.8,195.14390312300583,131.41156212547293,True,5160166.8498480255,52855027.357726544,431290.0000000001,60355639.35883881,47694860.50787852,59924349.35883881,True,True
uk,TLF2,GNN-oof-42,20.0,300.0,0.8,195.14390312300583,131.41156212547293,True,14123266.854832474,81445180.91429843,24325100.000000015,71050462.49063586,67321914.05946596,46725362.49063584,True,True
uk,TLF2,GNN-oof-42,20.0,500.0,0.8,195.14390312300583,131.41156212547293,True,16522265.083426539,83911878.34289251,1047695.0,112594421.24912696,67389613.25946598,111546726.24912696,True,True
uk,TLF2,GNN-oof-42,20.0,100.0,0.9,206.44066733904506,131.41156212547293,True,5160166.8498480255,57148507.775593705,431290.0000000001,65213247.97173569,51988340.92574568,64781957.97173569,True,True
uk,TLF2,GNN-oof-42,20.0,300.0,0.9,206.44066733904506,131.41156212547293,True,14123266.854832474,86302789.52719532,24325100.000000015,75908071.10353276,72179522.67236285,51582971.10353275,True,True
uk,TLF2,GNN-oof-42,20.0,500.0,0.9,206.44066733904506,131.41156212547293,True,16522265.083426539,88769486.95578939,1047695.0,117452029.86202383,72247221.87236285,116404334.86202383,True,True
uk,TLF2,GNN-oof-42,20.0,100.0,1.0,302.2017998790917,131.41156212547293,True,5160166.8498480255,96303618.27703945,431290.0000000001,106390534.96395573,91143451.42719142,105959244.96395573,True,True
uk,TLF2,GNN-oof-42,20.0,300.0,1.0,302.2017998790917,131.41156212547293,True,14123266.854832474,127480076.5194154,24325100.000000015,117085358.09575279,113356809.66458292,92760258.09575278,True,True
uk,TLF2,GNN-oof-42,20.0,500.0,1.0,302.2017998790917,131.41156212547293,True,16522265.083426539,129946773.94800946,1047695.0,158629316.85424384,113424508.86458293,157581621.85424384,True,True
uk,TLF2,GNN-oof-123,20.0,100.0,0.5,156.97773732042123,140.67776595061548,True,5346662.968172779,39988822.84473723,0.0,38216597.31624925,34642159.87656445,38216597.31624925,True,True
uk,TLF2,GNN-oof-123,20.0,300.0,0.5,156.97773732042123,140.67776595061548,True,14175121.61990071,64538110.3526438,24325100.000000015,47468871.39573982,50362988.73274309,23143771.39573981,True,True
uk,TLF2,GNN-oof-123,20.0,500.0,0.5,156.97773732042123,140.67776595061548,True,17069978.651177708,67500427.04778114,1182285.0,93418761.64850721,50430448.396603435,92236476.64850721,True,True
uk,TLF2,GNN-oof-123,20.0,100.0,0.8,226.49098353222635,140.67776595061548,True,5346662.968172779,66165936.02268799,0.0,68107293.18732545,60819273.054515205,68107293.18732545,True,True
uk,TLF2,GNN-oof-123,20.0,300.0,0.8,226.49098353222635,140.67776595061548,True,14175121.61990071,94428566.68758032,24325100.000000015,77359567.26681605,80253445.06767961,53034467.266816035,True,True
uk,TLF2,GNN-oof-123,20.0,500.0,0.8,226.49098353222635,140.67776595061548,True,17069978.651177708,97391122.91885734,1182285.0,123309457.51958339,80321144.26767963,122127172.51958339,True,True
uk,TLF2,GNN-oof-123,20.0,100.0,0.9,271.92379966060395,140.67776595061548,True,5346662.968172779,84427706.2815141,0.0,87643404.12252782,79081043.31334132,87643404.12252782,True,True
uk,TLF2,GNN-oof-123,20.0,300.0,0.9,271.92379966060395,140.67776595061548,True,14175121.61990071,113964677.62278268,24325100.000000015,96895678.20201841,99789556.00288197,72570578.2020184,True,True
uk,TLF2,GNN-oof-123,20.0,500.0,0.9,271.92379966060395,140.67776595061548,True,17069978.651177708,116927233.8540597,1182285.0,142845568.45478576,99857255.20288199,141663283.45478576,True,True
uk,TLF2,GNN-oof-123,20.0,100.0,1.0,282.41964181781765,140.67776595061548,True,5346662.968172779,88781227.37069982,0.0,92156616.25012971,83434564.40252705,92156616.25012971,True,True
uk,TLF2,GNN-oof-123,20.0,300.0,1.0,282.41964181781765,140.67776595061548,True,14175121.61990071,118477889.75038457,24325100.000000015,101408890.32962029,104302768.13048387,77083790.32962027,True,True
uk,TLF2,GNN-oof-123,20.0,500.0,1.0,282.41964181781765,140.67776595061548,True,17069978.651177708,121440445.98166159,1182285.0,147358780.58238763,104370467.33048388,146176495.58238763,True,True
uk,TLF2,GNN-oof-456,20.0,100.0,0.5,165.72592987490464,142.9392648497652,True,5644220.819869593,43017579.45386193,0.0,44226444.583550796,37373358.63399234,44226444.583550796,True,True
uk,TLF2,GNN-oof-456,20.0,300.0,0.5,165.72592987490464,142.9392648497652,True,14038677.284834746,68483149.43094216,24355415.00000001,54283439.260645315,54444472.14610742,29928024.260645304,True,True
uk,TLF2,GNN-oof-456,20.0,500.0,0.5,165.72592987490464,142.9392648497652,True,16749978.50010159,71262149.84620902,1047695.0,97561166.42376795,54512171.34610743,96513471.42376795,True,True
uk,TLF2,GNN-oof-456,20.0,100.0,0.8,182.8187018782363,142.9392648497652,True,5644220.819869593,49340176.51435316,0.0,51576336.5449834,43695955.69448357,51576336.5449834,True,True
uk,TLF2,GNN-oof-456,20.0,300.0,0.8,182.8187018782363,142.9392648497652,True,14038677.284834746,75833041.39237477,24355415.00000001,61633331.22207793,61794364.10754003,37277916.22207792,True,True
uk,TLF2,GNN-oof-456,20.0,500.0,0.8,182.8187018782363,142.9392648497652,True,16749978.50010159,78612041.80764163,1047695.0,104911058.3852006,61862063.30754004,103863363.3852006,True,True
uk,TLF2,GNN-oof-456,20.0,100.0,0.9,195.65419324182204,142.9392648497652,True,5644220.819869593,54191855.119666405,0.0,57095597.83132528,48547634.29979681,57095597.83132528,True,True
uk,TLF2,GNN-oof-456,20.0,300.0,0.9,195.65419324182204,142.9392648497652,True,14038677.284834746,81352302.67871663,24355415.00000001,67152592.5084198,67313625.39388189,42797177.50841978,True,True
uk,TLF2,GNN-oof-456,20.0,500.0,0.9,195.65419324182204,142.9392648497652,True,16749978.50010159,84131303.09398349,1047695.0,110430319.67154244,67381324.59388189,109382624.67154244,True,True
uk,TLF2,GNN-oof-456,20.0,100.0,1.0,310.28922824471124,142.9392648497652,True,5644220.819869593,100615384.06630945,0.0,106388662.88256763,94971163.24643986,106388662.88256763,True,True
uk,TLF2,GNN-oof-456,20.0,300.0,1.0,310.28922824471124,142.9392648497652,True,14038677.284834746,130645367.72995897,24355415.00000001,116445657.55966215,116606690.44512422,92090242.55966213,True,True
uk,TLF2,GNN-oof-456,20.0,500.0,1.0,310.28922824471124,142.9392648497652,True,16749978.50010159,133424368.14522582,1047695.0,159723384.7227848,116674389.64512423,158675689.7227848,True,True
uk,TLC1,Uni,10.0,100.0,0.5,102.69509317104091,133.04949766023023,False,9504871.955550045,35819432.49885466,1874459.0234374995,33187233.58980108,26314560.543304615,31312774.56636358,True,True
uk,TLC1,Uni,10.0,300.0,0.5,102.69509317104091,133.04949766023023,False,15599748.24434955,44158890.063547604,11339440.47265625,58445453.62032306,28559141.819198053,47106013.14766681,True,True
uk,TLC1,Uni,10.0,500.0,0.5,102.69509317104091,133.04949766023023,False,15599748.244349554,44158890.063547604,11339440.47265625,78593079.64340514,28559141.81919805,67253639.17074889,True,True
uk,TLC1,Uni,10.0,100.0,0.8,161.07883955273206,133.04949766023023,True,9504871.955550045,60331096.96463677,1874459.0234374995,58292244.53392829,50826225.00908673,56417785.51049079,True,True
uk,TLC1,Uni,10.0,300.0,0.8,161.07883955273206,133.04949766023023,True,15599748.24434955,69263901.0076748,11339440.47265625,83550464.56445025,53664152.763325244,72211024.091794,True,True
uk,TLC1,Uni,10.0,500.0,0.8,161.07883955273206,133.04949766023023,True,15599748.244349554,69263901.0076748,11339440.47265625,128803101.53165953,53664152.763325244,117463661.05900328,True,True
uk,TLC1,Uni,10.0,100.0,0.9,206.9634642619628,133.04949766023023,True,9504871.955550045,80035554.8293801,1874459.0234374995,78022633.15889749,70530682.87383005,76148174.13545999,True,True
uk,TLC1,Uni,10.0,300.0,0.9,206.9634642619628,133.04949766023023,True,15599748.24434955,88994289.632644,11339440.47265625,103280853.18941946,73394541.38829444,91941412.71676321,True,True
uk,TLC1,Uni,10.0,500.0,0.9,206.9634642619628,133.04949766023023,True,15599748.244349554,88994289.63264401,11339440.47265625,168263878.78159797,73394541.38829446,156924438.30894172,True,True
uk,TLC1,Uni,10.0,100.0,1.0,233.92056532223657,133.04949766023023,True,9504871.955550045,91627108.28529784,1874459.0234374995,89614186.61481524,82122236.3297478,87739727.59137774,True,True
uk,TLC1,Uni,10.0,300.0,1.0,233.92056532223657,133.04949766023023,True,15599748.24434955,100585843.08856174,11339440.47265625,114872406.64533718,84986094.84421219,103532966.17268093,True,True
uk,TLC1,Uni,10.0,500.0,1.0,233.92056532223657,133.04949766023023,True,15599748.244349554,100585843.08856177,11339440.47265625,191446985.69343343,84986094.84421222,180107545.22077718,True,True
uk,TLC1,LU,10.0,100.0,0.5,91.48121257608757,134.1888746054056,False,9741758.565078238,30981361.949990217,1574390.2841796868,31271106.931234796,21239603.384911977,29696716.647055108,True,True
uk,TLC1,LU,10.0,300.0,0.5,91.48121257608757,134.1888746054056,False,15987923.427011391,39336921.40771767,13156415.676757812,53575481.87890642,23348997.980706275,40419066.20214861,True,True
uk,TLC1,LU,10.0,500.0,0.5,91.48121257608757,134.1888746054056,False,15987923.427011393,39336921.40771769,13156415.676757812,67695462.84506506,23348997.980706297,54539047.168307245,True,True
uk,TLC1,LU,10.0,100.0,0.8,143.39064952489213,134.1888746054056,True,9741758.565078238,52546364.966845945,1574390.2841796868,53592164.81922075,42804606.40176771,52017774.535041064,True,True
uk,TLC1,LU,10.0,300.0,0.8,143.39064952489213,134.1888746054056,True,15987923.427011391,61657979.29570363,13156415.676757812,75896539.7668924,45670055.868692234,62740124.09013459,True,True
uk,TLC1,LU,10.0,500.0,0.8,143.39064952489213,134.1888746054056,True,15987923.427011393,61657979.29570364,13156415.676757812,112337578.62103698,45670055.86869225,99181162.94427916,True,True
uk,TLC1,LU,10.0,100.0,0.9,175.37476394944704,134.1888746054056,True,9741758.565078238,66189336.73791785,1574390.2841796868,67345334.02177939,56447578.17283961,65770943.7375997,True,True
uk,TLC1,LU,10.0,300.0,0.9,175.37476394944704,134.1888746054056,True,15987923.427011391,75411148.49826224,13156415.676757812,89649708.96945098,59423225.07125085,76493293.29269317,True,True
uk,TLC1,LU,10.0,500.0,0.9,175.37476394944704,134.1888746054056,True,15987923.427011393,75411148.49826224,13156415.676757812,139843917.02615422,59423225.07125085,126687501.34939641,True,True
uk,TLC1,LU,10.0,100.0,1.0,205.4977306786432,134.1888746054056,True,9741758.565078238,79136599.71051957,1574390.2841796868,80298209.71533372,69394841.14544132,78723819.43115403,True,True
uk,TLC1,LU,10.0,300.0,1.0,205.4977306786432,134.1888746054056,True,15987923.427011391,88364024.19181657,13156415.676757812,102602584.66300534,72376100.76480518,89446168.98624752,True,True
uk,TLC1,LU,10.0,500.0,1.0,205.4977306786432,134.1888746054056,True,15987923.427011393,88364024.19181657,13156415.676757812,165749668.41326287,72376100.76480517,152593252.73650506,True,True
uk,TLC1,LU-soft,10.0,100.0,0.5,85.1668834002227,113.66158157789093,False,7517926.506431557,30350651.669724233,530741.9453125,30278928.939713575,22832725.163292676,29748186.994401075,True,True
uk,TLC1,LU-soft,10.0,300.0,0.5,85.1668834002227,113.66158157789093,False,11857427.86681299,36621759.86209577,4659478.971191399,53841748.36175275,24764331.995282784,49182269.39056135,True,True
uk,TLC1,LU-soft,10.0,500.0,0.5,85.1668834002227,113.66158157789093,False,11857427.86681299,36621759.86209578,4659478.971191406,62686970.053397834,24764331.99528279,58027491.08220643,True,True
uk,TLC1,LU-soft,10.0,100.0,0.8,111.60589167628596,113.66158157789093,False,7517926.506431557,41249446.99020642,530741.9453125,41647702.49842078,33731520.48377486,41116960.55310828,True,True
uk,TLC1,LU-soft,10.0,300.0,0.8,111.60589167628596,113.66158157789093,False,11857427.86681299,47990533.420802966,4659478.971191399,65210521.92045996,36133105.55398998,60551042.949268565,True,True
uk,TLC1,LU-soft,10.0,500.0,0.8,111.60589167628596,113.66158157789093,False,11857427.86681299,47990533.420802966,4659478.971191406,85424517.17081226,36133105.55398998,80765038.19962086,True,True
uk,TLC1,LU-soft,10.0,100.0,0.9,120.79232980730318,113.66158157789093,True,7517926.506431557,45111818.73358946,530741.9453125,45597870.89475819,37593892.227157906,45067128.94944569,True,True
uk,TLC1,LU-soft,10.0,300.0,0.9,120.79232980730318,113.66158157789093,True,11857427.86681299,51940701.81714036,4659478.971191399,69160690.31679735,40083273.950327374,64501211.34560595,True,True
uk,TLC1,LU-soft,10.0,500.0,0.9,120.79232980730318,113.66158157789093,True,11857427.86681299,51940701.81714036,4659478.971191406,93324853.96348707,40083273.950327374,88665374.99229567,True,True
uk,TLC1,LU-soft,10.0,100.0,1.0,135.49367904680724,113.66158157789093,True,7517926.506431557,51316811.54261927,530741.9453125,51919451.06774493,43798885.036187716,51388709.12243243,True,True
uk,TLC1,LU-soft,10.0,300.0,1.0,135.49367904680724,113.66158157789093,True,11857427.86681299,58262281.990127124,4659478.971191399,75482270.4897841,46404854.123314135,70822791.51859272,True,True
uk,TLC1,LU-soft,10.0,500.0,1.0,135.49367904680724,113.66158157789093,True,11857427.86681299,58262281.990127124,4659478.971191406,105968014.3094606,46404854.123314135,101308535.33826919,True,True
uk,TLC1,Ref,10.0,100.0,0.5,44.31237057447087,73.07716026077057,False,3150613.2854680005,15796677.687097829,1580904.8681640609,11773516.623564178,12646064.401629828,10192611.755400117,True,True
uk,TLC1,Ref,10.0,300.0,0.5,44.31237057447087,73.07716026077057,False,5126508.726302085,19054319.34702248,1921230.8037109375,26119689.79366294,13927810.620720396,24198458.989952,True,True
uk,TLC1,Ref,10.0,500.0,0.5,44.31237057447087,73.07716026077057,False,5126508.726302085,19054319.34702249,1921230.8037109375,26119689.793662954,13927810.620720403,24198458.989952017,True,True
uk,TLC1,Ref,10.0,100.0,0.8,50.097950066735805,73.07716026077057,False,3150613.2854680005,18021842.66486747,1580904.8681640609,14255768.346196637,14871229.379399467,12674863.478032576,True,True
uk,TLC1,Ref,10.0,300.0,0.8,50.097950066735805,73.07716026077057,False,5126508.726302085,21542118.528696403,1921230.8037109375,31095288.157010775,16415609.802394317,29174057.353299838,True,True
uk,TLC1,Ref,10.0,500.0,0.8,50.097950066735805,73.07716026077057,False,5126508.726302085,21542118.52869641,1921230.8037109375,31095288.157010783,16415609.802394325,29174057.353299845,True,True
uk,TLC1,Ref,10.0,100.0,0.9,62.43570919659718,73.07716026077057,False,3150613.2854680005,22853891.248037793,1580904.8681640609,19561004.77203703,19703277.96256979,17980099.903872967,True,True
uk,TLC1,Ref,10.0,300.0,0.9,62.43570919659718,73.07716026077057,False,5126508.726302085,26847354.954536796,1921230.8037109375,41705761.00869156,21720846.22823471,39784530.20498062,True,True
uk,TLC1,Ref,10.0,500.0,0.9,62.43570919659718,73.07716026077057,False,5126508.726302085,26847354.9545368,1921230.8037109375,41705761.00869155,21720846.228234716,39784530.20498061,True,True
uk,TLC1,Ref,10.0,100.0,1.0,72.13017639632287,73.07716026077057,False,3150613.2854680005,26743776.433984626,1580904.8681640609,23729625.667919073,23593163.148516625,22148720.79975501,True,True
uk,TLC1,Ref,10.0,300.0,1.0,72.13017639632287,73.07716026077057,False,5126508.726302085,31015975.850418847,1921230.8037109375,50043002.800455675,25889467.124116763,48121771.99674474,True,True
uk,TLC1,Ref,10.0,500.0,1.0,72.13017639632287,73.07716026077057,False,5126508.726302085,31015975.850418847,1921230.8037109375,50043002.80045567,25889467.124116763,48121771.99674473,True,True
uk,TLC1,GNN-oof-42,10.0,100.0,0.5,65.58339280018993,109.43149910373427,False,5420950.978212564,23766699.828935485,0.0,18720082.718298197,18345748.85072292,18720082.718298197,True,True
uk,TLC1,GNN-oof-42,10.0,300.0,0.5,65.58339280018993,109.43149910373427,False,8419918.44358565,28200858.90408168,8856622.761230469,50068368.59787282,19780940.46049603,41211745.836642355,True,True
uk,TLC1,GNN-oof-42,10.0,500.0,0.5,65.58339280018993,109.43149910373427,False,8419918.443585651,28200858.904081687,8856622.761230469,50068368.597872816,19780940.46049604,41211745.83664235,True,True
uk,TLC1,GNN-oof-42,10.0,100.0,0.8,88.20510447957217,109.43149910373427,False,5420950.978212564,33034908.311458755,0.0,27956797.68332227,27613957.33324619,27956797.68332227,True,True
uk,TLC1,GNN-oof-42,10.0,300.0,0.8,88.20510447957217,109.43149910373427,False,8419918.44358565,37928194.92621604,8856622.761230469,69250457.7686398,29508276.482630394,60393835.007409334,True,True
uk,TLC1,GNN-oof-42,10.0,500.0,0.8,88.20510447957217,109.43149910373427,False,8419918.443585651,37928194.92621605,8856622.761230469,69523040.64214155,29508276.4826304,60666417.88091108,True,True
uk,TLC1,GNN-oof-42,10.0,100.0,0.9,98.94176752206116,109.43149910373427,False,5420950.978212564,37523521.83579761,0.0,32573562.79159253,32102570.857585043,32573562.79159253,True,True
uk,TLC1,GNN-oof-42,10.0,300.0,0.9,98.94176752206116,109.43149910373427,False,8419918.44358565,42544960.0344863,8856622.761230469,74694851.01782247,34125041.59090065,65838228.256592005,True,True
uk,TLC1,GNN-oof-42,10.0,500.0,0.9,98.94176752206116,109.43149910373427,False,8419918.443585651,42544960.034486316,8856622.761230469,78756570.85868208,34125041.59090067,69899948.09745161,True,True
uk,TLC1,GNN-oof-42,10.0,100.0,1.0,110.91909675661448,109.43149910373427,True,5420950.978212564,42569094.17587621,0.0,37723814.362450466,37148143.19766364,37723814.362450466,True,True
uk,TLC1,GNN-oof-42,10.0,300.0,1.0,110.91909675661448,109.43149910373427,True,8419918.44358565,47695211.605344236,8856622.761230469,79845102.58868037,39275293.16175859,70988479.8274499,True,True
uk,TLC1,GNN-oof-42,10.0,500.0,1.0,110.91909675661448,109.43149910373427,True,8419918.443585651,47695211.60534425,8856622.761230469,89057074.00039792,39275293.1617586,80200451.23916745,True,True
uk,TLC1,GNN-oof-123,10.0,100.0,0.5,62.3415494976256,114.94855898919131,False,5182243.459151241,22468082.31184938,75117.47265624988,21818049.094914958,17285838.85269814,21742931.622258708,True,True
uk,TLC1,GNN-oof-123,10.0,300.0,0.5,62.3415494976256,114.94855898919131,False,7863242.985873057,26806866.283979014,9875366.14257811,46907266.20027958,18943623.298105955,37031900.05770147,True,True
uk,TLC1,GNN-oof-123,10.0,500.0,0.5,62.3415494976256,114.94855898919131,False,7863242.985873056,26806866.28397902,9875366.142578125,46907266.200279534,18943623.298105966,37031900.05770141,True,True
uk,TLC1,GNN-oof-123,10.0,100.0,0.8,88.82149516387337,114.94855898919131,False,5182243.459151241,33308608.55673912,75117.47265624988,33204425.731401492,28126365.09758788,33129308.258745242,True,True
uk,TLC1,GNN-oof-123,10.0,300.0,0.8,88.82149516387337,114.94855898919131,False,7863242.985873057,38193242.92046556,9875366.14257811,69506688.17327264,30329999.9345925,59631322.03069453,True,True
uk,TLC1,GNN-oof-123,10.0,500.0,0.8,88.82149516387337,114.94855898919131,False,7863242.985873056,38193242.92046556,9875366.142578125,69680019.47325262,30329999.934592504,59804653.3306745,True,True
uk,TLC1,GNN-oof-123,10.0,100.0,0.9,92.31088151220222,114.94855898919131,False,5182243.459151241,34769367.350195915,75117.47265624988,34704861.86118291,29587123.891044673,34629744.38852666,True,True
uk,TLC1,GNN-oof-123,10.0,300.0,0.9,92.31088151220222,114.94855898919131,False,7863242.985873057,39693679.05024695,9875366.14257811,71983197.50628427,31830436.064373888,62107831.36370616,True,True
uk,TLC1,GNN-oof-123,10.0,500.0,0.9,92.31088151220222,114.94855898919131,False,7863242.985873056,39693679.05024696,9875366.142578125,72680891.73281544,31830436.064373907,62805525.59023732,True,True
uk,TLC1,GNN-oof-123,10.0,100.0,1.0,140.2112919609755,114.94855898919131,True,5182243.459151241,55170718.02809666,75117.47265624988,55302038.35415541,49988474.56894542,55226920.88149916,True,True
uk,TLC1,GNN-oof-123,10.0,300.0,1.0,140.2112919609755,114.94855898919131,True,7863242.985873057,60290855.54321947,9875366.14257811,93933394.63406801,52427612.55734641,84058028.4914899,True,True
uk,TLC1,GNN-oof-123,10.0,500.0,1.0,140.2112919609755,114.94855898919131,True,7863242.985873056,60290855.54321947,9875366.142578125,113875244.71876046,52427612.55734641,103999878.57618234,True,True
uk,TLC1,GNN-oof-456,10.0,100.0,0.5,61.43752897042811,111.48074397870388,False,5375105.465228177,21623025.0869238,490732.20898437465,21567443.768820733,16247919.621695623,21076711.559836358,True,True
uk,TLC1,GNN-oof-456,10.0,300.0,0.5,61.43752897042811,111.48074397870388,False,8510827.74683035,26418137.457284097,7010555.81054686,45491045.611669146,17907309.71045375,38480489.801122285,True,True
uk,TLC1,GNN-oof-456,10.0,500.0,0.5,61.43752897042811,111.48074397870388,False,8510827.74683035,26418137.457284104,7010555.810546875,45491045.61166917,17907309.710453756,38480489.80112229,True,True
uk,TLC1,GNN-oof-456,10.0,100.0,0.8,84.83351511225321,111.48074397870388,False,5375105.465228177,31010648.87937032,490732.20898437465,31627717.80980553,25635543.414142143,31136985.600821156,True,True
uk,TLC1,GNN-oof-456,10.0,300.0,0.8,84.83351511225321,111.48074397870388,False,8510827.74683035,36478411.49826889,7010555.81054686,64873162.39823562,27967583.751438536,57862606.58768876,True,True
uk,TLC1,GNN-oof-456,10.0,500.0,0.8,84.83351511225321,111.48074397870388,False,8510827.74683035,36478411.498268895,7010555.810546875,65611593.69363873,27967583.751438543,58601037.88309185,True,True
uk,TLC1,GNN-oof-456,10.0,100.0,0.9,89.41091101282085,111.48074397870388,False,5375105.465228177,32908744.737035997,490732.20898437465,33595998.04704961,27533639.27180782,33105265.838065237,True,True
uk,TLC1,GNN-oof-456,10.0,300.0,0.9,89.41091101282085,111.48074397870388,False,8510827.74683035,38446691.73551297,7010555.81054686,67812420.6606994,29935863.98868262,60801864.85015254,True,True
uk,TLC1,GNN-oof-456,10.0,500.0,0.9,89.41091101282085,111.48074397870388,False,8510827.74683035,38446691.73551297,7010555.810546875,69548154.1681269,29935863.98868262,62537598.35758002,True,True
uk,TLC1,GNN-oof-456,10.0,100.0,1.0,103.33674297221063,111.48074397870388,False,5375105.465228177,38720164.86249241,490732.20898437465,39584105.78958722,33345059.397264235,39093373.58060285,True,True
uk,TLC1,GNN-oof-456,10.0,300.0,1.0,103.33674297221063,111.48074397870388,False,8510827.74683035,44434799.47805058,7010555.81054686,73907432.75727777,35923971.73122023,66896876.94673091,True,True
uk,TLC1,GNN-oof-456,10.0,500.0,1.0,103.33674297221063,111.48074397870388,False,8510827.74683035,44434799.47805059,7010555.810546875,81524369.65320213,35923971.73122024,74513813.84265526,True,True
uk,TLC1,Uni,20.0,100.0,0.5,127.2553509418201,280.1306581351111,False,16004304.885959527,24808364.98816876,0.0,7683878.125082454,8804060.102209235,7683878.125082454,True,True
uk,TLC1,Uni,20.0,300.0,0.5,127.2553509418201,280.1306581351111,False,22222411.243197944,41009097.63252408,8219405.110351558,45411206.53611697,18786686.389326137,37191801.42576542,True,True
uk,TLC1,Uni,20.0,500.0,0.5,127.2553509418201,280.1306581351111,False,32808432.17438611,51889782.61561109,29701598.827148475,37744519.68836018,19081350.44122498,8042920.861211702,True,True
uk,TLC1,Uni,20.0,100.0,0.8,187.82212839608107,280.1306581351111,False,16004304.885959527,40240296.31652725,0.0,20987265.003554072,24235991.43056772,20987265.003554072,True,True
uk,TLC1,Uni,20.0,300.0,0.8,187.82212839608107,280.1306581351111,False,22222411.243197944,63705521.60806906,8219405.110351558,71454920.84144919,41483110.364871114,63235515.73109763,True,True
uk,TLC1,Uni,20.0,500.0,0.8,187.82212839608107,280.1306581351111,False,32808432.17438611,77453533.35124564,29701598.827148475,63754128.77813157,44645101.17685953,34052529.95098309,True,True
uk,TLC1,Uni,20.0,100.0,0.9,227.57054437727874,280.1306581351111,False,16004304.885959527,51557587.27605453,0.0,34178035.46886745,35553282.390095,34178035.46886745,True,True
uk,TLC1,Uni,20.0,300.0,0.9,227.57054437727874,280.1306581351111,False,22222411.243197944,79347210.14084525,8219405.110351558,88546739.71336415,57124798.89764731,80327334.60301259,True,True
uk,TLC1,Uni,20.0,500.0,0.9,227.57054437727874,280.1306581351111,False,32808432.17438611,94387629.57712322,29701598.827148475,80845947.65004651,61579197.40273711,51144348.82289804,True,True
uk,TLC1,Uni,20.0,100.0,1.0,270.68734030721635,280.1306581351111,False,16004304.885959527,65068657.79243095,0.0,52112495.35084544,49064352.906471424,52112495.35084544,True,True
uk,TLC1,Uni,20.0,300.0,1.0,270.68734030721635,280.1306581351111,False,22222411.243197944,96875940.34584293,8219405.110351558,107086961.96323736,74653529.10264498,98867556.8528858,True,True
uk,TLC1,Uni,20.0,500.0,1.0,270.68734030721635,280.1306581351111,False,32808432.17438611,112858888.84814857,29701598.827148475,99386169.89991967,80050456.67376246,69684571.07277119,True,True
uk,TLC1,LU,20.0,100.0,0.5,122.74258538483342,284.0342005433541,False,16712387.204012182,23909948.703033008,0.0,6180186.292196101,7197561.499020826,6180186.292196101,True,True
uk,TLC1,LU,20.0,300.0,0.5,122.74258538483342,284.0342005433541,False,22643235.766186547,38681742.40744461,9602411.737792965,43357990.65788858,16038506.641258065,33755578.92009561,True,True
uk,TLC1,LU,20.0,500.0,0.5,122.74258538483342,284.0342005433541,False,34258211.43377385,49681558.345141605,32632863.097656276,40120795.82009183,15423346.911367752,7487932.722435553,True,True
uk,TLC1,LU,20.0,100.0,0.8,175.65283923182463,284.0342005433541,False,16712387.204012182,36942067.62827643,0.0,16415800.466888975,20229680.42426425,16415800.466888975,True,True
uk,TLC1,LU,20.0,300.0,0.8,175.65283923182463,284.0342005433541,False,22643235.766186547,58113327.38113173,9602411.737792965,66109399.81209477,35470091.61494519,56506988.07430181,True,True
uk,TLC1,LU,20.0,500.0,0.8,175.65283923182463,284.0342005433541,False,34258211.43377385,71911316.34677199,32632863.097656276,62872204.97429806,37653104.91299813,30239341.876641784,True,True
uk,TLC1,LU,20.0,100.0,0.9,223.14999851845965,284.0342005433541,False,16712387.204012182,50003755.26953071,0.0,31029725.142729647,33291368.065518532,31029725.142729647,True,True
uk,TLC1,LU,20.0,300.0,0.9,223.14999851845965,284.0342005433541,False,22643235.766186547,76413320.8258363,9602411.737792965,86533178.30534784,53770085.05964975,76930766.56755488,True,True
uk,TLC1,LU,20.0,500.0,0.9,223.14999851845965,284.0342005433541,False,34258211.43377385,92116501.219856,32632863.097656276,83295983.46755111,57858289.78608214,50663120.36989483,True,True
uk,TLC1,LU,20.0,100.0,1.0,244.3938788961594,284.0342005433541,False,16712387.204012182,56265277.772886656,0.0,39131836.75630648,39552890.56887448,39131836.75630648,True,True
uk,TLC1,LU,20.0,300.0,1.0,244.3938788961594,284.0342005433541,False,22643235.766186547,84882737.4067842,9602411.737792965,95668046.86775875,62239501.64059766,86065635.12996578,True,True
uk,TLC1,LU,20.0,500.0,1.0,244.3938788961594,284.0342005433541,False,34258211.43377385,101182507.94864896,32632863.097656276,92430852.02996197,66924296.51487511,59797988.93230569,True,True
uk,TLC1,LU-soft,20.0,100.0,0.5,116.00791686030607,217.7800860068948,False,11284256.866880935,22835009.08644422,0.0,4830576.564712023,11550752.219563287,4830576.564712023,True,True
uk,TLC1,LU-soft,20.0,300.0,0.5,116.00791686030607,217.7800860068948,False,18076692.397903334,39322907.88577821,1832879.745117183,38633531.07676215,21246215.487874877,36800651.33164497,True,True
uk,TLC1,LU-soft,20.0,500.0,0.5,116.00791686030607,217.7800860068948,False,25427623.468324173,48150190.769799985,17691303.9536133,29180305.372790672,22722567.30147581,11489001.419177372,True,True
uk,TLC1,LU-soft,20.0,100.0,0.8,129.93111918623146,217.7800860068948,False,11284256.866880935,26142788.338722363,0.0,7272020.310850099,14858531.471841428,7272020.310850099,True,True
uk,TLC1,LU-soft,20.0,300.0,0.8,129.93111918623146,217.7800860068948,False,18076692.397903334,44504921.068570375,1832879.745117183,44620508.07691006,26428228.67066704,42787628.33179288,True,True
uk,TLC1,LU-soft,20.0,500.0,0.8,129.93111918623146,217.7800860068948,False,25427623.468324173,54043630.52243436,17691303.9536133,35167282.37293859,28616007.054110188,17475978.41932529,True,True
uk,TLC1,LU-soft,20.0,100.0,0.9,140.84577777599822,217.7800860068948,False,11284256.866880935,28834977.364492342,0.0,9623565.195943225,17550720.497611407,9623565.195943225,True,True
uk,TLC1,LU-soft,20.0,300.0,0.9,140.84577777599822,217.7800860068948,False,18076692.397903334,48603716.33627791,1832879.745117183,49313811.27050977,30527023.938374575,47480931.52539259,True,True
uk,TLC1,LU-soft,20.0,500.0,0.9,140.84577777599822,217.7800860068948,False,25427623.468324173,58676389.46580328,17691303.9536133,39860585.56653829,33248765.997479107,22169281.61292499,True,True
uk,TLC1,LU-soft,20.0,100.0,1.0,151.4691126416764,217.7800860068948,False,11284256.866880935,31565511.830750078,0.0,12353468.345845701,20281254.963869143,12353468.345845701,True,True
uk,TLC1,LU-soft,20.0,300.0,1.0,151.4691126416764,217.7800860068948,False,18076692.397903334,52644134.80250066,1832879.745117183,53881845.26275138,34567442.40459733,52048965.5176342,True,True
uk,TLC1,LU-soft,20.0,500.0,1.0,151.4691126416764,217.7800860068948,False,25427623.468324173,63193742.89746129,17691303.9536133,44428619.55877991,37766119.42913711,26737315.60516661,True,True
uk,TLC1,Ref,20.0,100.0,0.5,52.33873951124107,124.16080438819154,False,2141110.7167333863,9047940.934182124,0.0,144693.9322714127,6906830.2174487375,144693.9322714127,True,True
uk,TLC1,Ref,20.0,300.0,0.5,52.33873951124107,124.16080438819154,False,5000227.099613523,18623349.934356384,2645939.177246087,14597655.688817699,13623122.83474286,11951716.511571612,True,True
uk,TLC1,Ref,20.0,500.0,0.5,52.33873951124107,124.16080438819154,False,6798006.19972037,22116296.424893443,6155850.752441406,8193684.521058613,15318290.225173073,2037833.7686172072,True,True
uk,TLC1,Ref,20.0,100.0,0.8,65.52122035691067,124.16080438819154,False,2141110.7167333863,11505929.214881172,0.0,711540.6086352055,9364818.498147786,711540.6086352055,True,True
uk,TLC1,Ref,20.0,300.0,0.8,65.52122035691067,124.16080438819154,False,5000227.099613523,23577903.84088247,2645939.177246087,20125746.238945123,18577676.741268948,17479807.061699037,True,True
uk,TLC1,Ref,20.0,500.0,0.8,65.52122035691067,124.16080438819154,False,6798006.19972037,27729630.505390354,6155850.752441406,12033386.366959322,20931624.305669986,5877535.614517916,True,True
uk,TLC1,Ref,20.0,100.0,0.9,67.73098734317938,124.16080438819154,False,2141110.7167333863,11930336.734357866,0.0,806560.5890447597,9789226.017624479,806560.5890447597,True,True
uk,TLC1,Ref,20.0,300.0,0.9,67.73098734317938,124.16080438819154,False,5000227.099613523,24419062.937415425,2645939.177246087,21075946.043040667,19418835.837801903,18430006.86579458,True,True
uk,TLC1,Ref,20.0,500.0,0.9,67.73098734317938,124.16080438819154,False,6798006.19972037,28670911.24241899,6155850.752441406,12709309.337025944,21872905.04269862,6553458.584584538,True,True
uk,TLC1,Ref,20.0,100.0,1.0,85.64962132188388,124.16080438819154,False,2141110.7167333863,15520043.987403069,0.0,1602182.348880681,13378933.270669682,1602182.348880681,True,True
uk,TLC1,Ref,20.0,300.0,1.0,85.64962132188388,124.16080438819154,False,5000227.099613523,31322146.66997089,2645939.177246087,28780958.653883606,26321919.570357367,26135019.47663752,True,True
uk,TLC1,Ref,20.0,500.0,1.0,85.64962132188388,124.16080438819154,False,6798006.19972037,36317230.02191716,6155850.752441406,18847077.03283731,29519223.82219679,12691226.280395903,True,True
uk,TLC1,GNN-oof-42,20.0,100.0,0.5,76.71915917797467,159.4101679135257,False,6524171.929510603,14414212.650501043,0.0,2597864.688398198,7890040.72099044,2597864.688398198,True,True
uk,TLC1,GNN-oof-42,20.0,300.0,0.5,76.71915917797467,159.4101679135257,False,10901224.246804023,26410208.16041887,0.0,14151544.817833718,15508983.913614849,14151544.817833718,True,True
uk,TLC1,GNN-oof-42,20.0,500.0,0.5,76.71915917797467,159.4101679135257,False,15614788.023850013,32297183.37053602,7345020.22460937,12145956.34574275,16682395.346686006,4800936.121133381,True,True
uk,TLC1,GNN-oof-42,20.0,100.0,0.8,95.93919858384504,159.4101679135257,False,6524171.929510603,18654312.930503685,0.0,4674992.153360434,12130141.000993082,4674992.153360434,True,True
uk,TLC1,GNN-oof-42,20.0,300.0,0.8,95.93919858384504,159.4101679135257,False,10901224.246804023,33545723.95224772,0.0,22242430.43885327,22644499.705443695,22242430.43885327,True,True
uk,TLC1,GNN-oof-42,20.0,500.0,0.8,95.93919858384504,159.4101679135257,False,15614788.023850013,40502224.699569784,7345020.22460937,18524925.035720594,24887436.67571977,11179904.811111223,True,True
uk,TLC1,GNN-oof-42,20.0,100.0,0.9,103.6913345071619,159.4101679135257,False,6524171.929510603,20460827.20999612,0.0,5825260.437849363,13936655.280485516,5825260.437849363,True,True
uk,TLC1,GNN-oof-42,20.0,300.0,0.9,103.6913345071619,159.4101679135257,False,10901224.246804023,36455548.15752242,0.0,25575848.8858795,25554323.910718396,25575848.8858795,True,True
uk,TLC1,GNN-oof-42,20.0,500.0,0.9,103.6913345071619,159.4101679135257,False,15614788.023850013,43819709.94591,7345020.22460937,21358330.715692915,28204921.922059987,14013310.491083544,True,True
uk,TLC1,GNN-oof-42,20.0,100.0,1.0,111.8642358766277,159.4101679135257,False,6524171.929510603,22416915.8336915,0.0,7485398.277806342,15892743.904180897,7485398.277806342,True,True
uk,TLC1,GNN-oof-42,20.0,300.0,1.0,111.8642358766277,159.4101679135257,False,10901224.246804023,39538013.94421376,0.0,29090196.474749804,28636789.69740974,29090196.474749804,True,True
uk,TLC1,GNN-oof-42,20.0,500.0,1.0,111.8642358766277,159.4101679135257,False,15614788.023850013,47321212.00863927,7345020.22460937,24345526.166232668,31706423.984789256,17000505.941623297,True,True
uk,TLC1,GNN-oof-123,20.0,100.0,0.5,74.81012319407856,148.975163424799,False,6167112.613548879,14045573.165220888,0.0,2543222.840922714,7878460.55167201,2543222.840922714,True,True
uk,TLC1,GNN-oof-123,20.0,300.0,0.5,74.81012319407856,148.975163424799,False,10699223.20149063,25841413.524940886,996080.9116210926,16556689.540514773,15142190.323450256,15560608.62889368,True,True
uk,TLC1,GNN-oof-123,20.0,500.0,0.5,74.81012319407856,148.975163424799,False,15035968.151559807,31489917.994930178,12126775.994628897,18478468.39306975,16453949.84337037,6351692.398440855,True,True
uk,TLC1,GNN-oof-123,20.0,100.0,0.8,94.11886143738104,148.975163424799,False,6167112.613548879,18347098.148607284,0.0,3998077.287005402,12179985.535058405,3998077.287005402,True,True
uk,TLC1,GNN-oof-123,20.0,300.0,0.8,94.11886143738104,148.975163424799,False,10699223.20149063,33008188.106482167,996080.9116210926,24741890.8772919,22308964.904991537,23745809.965670805,True,True
uk,TLC1,GNN-oof-123,20.0,500.0,0.8,94.11886143738104,148.975163424799,False,15035968.151559807,39729791.790682204,12126775.994628897,26342594.507062193,24693823.639122397,14215818.512433296,True,True
uk,TLC1,GNN-oof-123,20.0,100.0,0.9,130.75625709517132,148.975163424799,False,6167112.613548879,27364728.967964087,0.0,10419057.313516172,21197616.354415208,10419057.313516172,True,True
uk,TLC1,GNN-oof-123,20.0,300.0,0.9,130.75625709517132,148.975163424799,False,10699223.20149063,47009312.70260773,996080.9116210926,40495971.01014172,36310089.501117095,39499890.09852063,True,True
uk,TLC1,GNN-oof-123,20.0,500.0,0.9,130.75625709517132,148.975163424799,False,15035968.151559807,55441644.371572174,12126775.994628897,42096674.639912024,40405676.22001237,29969898.645283125,True,True
uk,TLC1,GNN-oof-123,20.0,100.0,1.0,144.37143143351946,148.975163424799,False,6167112.613548879,30878728.365530867,0.0,13931772.292809993,24711615.75198199,13931772.292809993,True,True
uk,TLC1,GNN-oof-123,20.0,300.0,1.0,144.37143143351946,148.975163424799,False,10699223.20149063,52326220.21011849,996080.9116210926,46350495.97563142,41626997.00862786,45354415.06401033,True,True
uk,TLC1,GNN-oof-123,20.0,500.0,1.0,144.37143143351946,148.975163424799,False,15035968.151559807,61294528.51461816,12126775.994628897,47951199.60540172,46258560.36305835,35824423.61077282,True,True
uk,TLC1,GNN-oof-456,20.0,100.0,0.5,86.36431085589211,163.67625208068756,False,7419592.632950422,16510544.781644871,0.0,2960598.597035342,9090952.148694448,2960598.597035342,True,True
uk,TLC1,GNN-oof-456,20.0,300.0,0.5,86.36431085589211,163.67625208068756,False,11806557.461339211,29332958.335772596,5174882.724121088,31644474.543009035,17526400.874433383,26469591.81888795,True,True
uk,TLC1,GNN-oof-456,20.0,500.0,0.5,86.36431085589211,163.67625208068756,False,17629436.407780427,36033360.692683,16496092.51953127,21997999.389110744,18403924.28490257,5501906.8695794735,True,True
uk,TLC1,GNN-oof-456,20.0,100.0,0.8,95.97012693573166,163.67625208068756,False,7419592.632950422,18667488.089989856,0.0,3379368.0714887017,11247895.457039434,3379368.0714887017,True,True
uk,TLC1,GNN-oof-456,20.0,300.0,0.8,95.97012693573166,163.67625208068756,False,11806557.461339211,32845499.209997937,5174882.724121088,35774975.45734005,21038941.748658724,30600092.73321896,True,True
uk,TLC1,GNN-oof-456,20.0,500.0,0.8,95.97012693573166,163.67625208068756,False,17629436.407780427,40105049.72512398,16496092.51953127,26128500.30344174,22475613.31734355,9632407.78391047,True,True
uk,TLC1,GNN-oof-456,20.0,100.0,0.9,97.24545837918738,163.67625208068756,False,7419592.632950422,18961369.575331047,0.0,3461626.9495915957,11541776.942380626,3461626.9495915957,True,True
uk,TLC1,GNN-oof-456,20.0,300.0,0.9,97.24545837918738,163.67625208068756,False,11806557.461339211,33314473.54707943,5174882.724121088,36323367.97802598,21507916.085740216,31148485.253904894,True,True
uk,TLC1,GNN-oof-456,20.0,500.0,0.9,97.24545837918738,163.67625208068756,False,17629436.407780427,40646587.33930136,16496092.51953127,26676892.82412772,23017150.931520935,10180800.304596448,True,True
uk,TLC1,GNN-oof-456,20.0,100.0,1.0,106.64137754557463,163.67625208068756,False,7419592.632950422,21174983.420237724,0.0,4426514.9505861625,13755390.787287302,4426514.9505861625,True,True
uk,TLC1,GNN-oof-456,20.0,300.0,1.0,106.64137754557463,163.67625208068756,False,11806557.461339211,36783042.11703626,5174882.724121088,40363613.219572514,24976484.655697048,35188730.49545143,True,True
uk,TLC1,GNN-oof-456,20.0,500.0,1.0,106.64137754557463,163.67625208068756,False,17629436.407780427,44640126.88136928,16496092.51953127,30717138.065674216,27010690.47358885,14221045.546142945,True,True
uk,TLC2,Uni,10.0,100.0,0.5,130.74925772353544,262.7620034476436,False,5499068.104265806,50481034.070295535,315559.67822265474,28124055.072135698,44981965.966029726,27808495.39391304,True,True
uk,TLC2,Uni,10.0,300.0,0.5,130.74925772353544,262.7620034476436,False,7156694.714916846,54010450.948392056,3624753.9931640774,16599277.274761673,46853756.23347521,12974523.281597596,True,True
uk,TLC2,Uni,10.0,500.0,0.5,130.74925772353544,262.7620034476436,False,8768729.142502,55484306.918977626,7041583.963867191,14856746.640674626,46715577.77647562,7815162.676807435,True,True
uk,TLC2,Uni,10.0,100.0,0.8,188.6639118011319,262.7620034476436,False,5499068.104265806,73752088.98502079,315559.67822265474,48357740.404417954,68253020.88075498,48042180.7261953,True,True
uk,TLC2,Uni,10.0,300.0,0.8,188.6639118011319,262.7620034476436,False,7156694.714916846,78318463.19527951,3624753.9931640774,37123662.93049036,71161768.48036267,33498908.937326282,True,True
uk,TLC2,Uni,10.0,500.0,0.8,188.6639118011319,262.7620034476436,False,8768729.142502,80314813.88215162,7041583.963867191,32674925.124693584,71546084.73964962,25633341.160826392,True,True
uk,TLC2,Uni,10.0,100.0,0.9,234.66169341039353,262.7620034476436,False,5499068.104265806,92501363.07660067,315559.67822265474,65971639.73531679,87002294.97233486,65656080.057094134,True,True
uk,TLC2,Uni,10.0,300.0,0.9,234.66169341039353,262.7620034476436,False,7156694.714916846,97713574.73392577,3624753.9931640774,53935852.108675495,90556880.01900893,50311098.11551142,True,True
uk,TLC2,Uni,10.0,500.0,0.9,234.66169341039353,262.7620034476436,False,8768729.142502,100085798.51213652,7041583.963867191,51647825.016915336,91317069.36963452,44606241.05304815,True,True
uk,TLC2,Uni,10.0,100.0,1.0,297.82280085390573,262.7620034476436,True,5499068.104265806,118598868.93334074,315559.67822265474,90976695.91256338,113099800.82907493,90661136.23434073,True,True
uk,TLC2,Uni,10.0,300.0,1.0,297.82280085390573,262.7620034476436,True,7156694.714916846,124528808.07334271,3624753.9931640774,77941896.17222199,117372113.35842587,74317142.17905791,True,True
uk,TLC2,Uni,10.0,500.0,1.0,297.82280085390573,262.7620034476436,True,8768729.142502,127245074.71284673,7041583.963867191,78807101.21762562,118476345.57034473,71765517.25375843,True,True
uk,TLC2,LU,10.0,100.0,0.5,116.47197807251541,209.85317294527852,False,4868074.522704447,44648071.41291243,316788.5795898404,35326080.44192495,39779996.89020798,35009291.86233511,True,True
uk,TLC2,LU,10.0,300.0,0.5,116.47197807251541,209.85317294527852,False,6629027.948236928,48259609.96035176,4315364.24853517,17186353.04760441,41630582.01211483,12870988.79906924,True,True
uk,TLC2,LU,10.0,500.0,0.5,116.47197807251541,209.85317294527852,False,7919920.858175518,49628827.95128269,2382066.0869140625,15340807.626746435,41708907.09310717,12958741.539832372,True,True
uk,TLC2,LU,10.0,100.0,0.8,171.8250282924199,209.85317294527852,False,4868074.522704447,66762501.12860885,316788.5795898404,56970851.14438665,61894426.60590441,56654062.564796805,True,True
uk,TLC2,LU,10.0,300.0,0.8,171.8250282924199,209.85317294527852,False,6629027.948236928,71513706.19823767,4315364.24853517,37278323.94284072,64884678.250000745,32962959.694305547,True,True
uk,TLC2,LU,10.0,500.0,0.8,171.8250282924199,209.85317294527852,False,7919920.858175518,73404052.08186969,2382066.0869140625,36483872.824114665,65484131.223694175,34101806.7372006,True,True
uk,TLC2,LU,10.0,100.0,0.9,209.63791419892323,209.85317294527852,False,4868074.522704447,82140803.31629154,316788.5795898404,72539104.18374696,77272728.79358709,72222315.60415712,True,True
uk,TLC2,LU,10.0,300.0,0.9,209.63791419892323,209.85317294527852,False,6629027.948236928,87497022.48816922,4315364.24853517,51098933.74166769,80867994.5399323,46783569.49313252,True,True
uk,TLC2,LU,10.0,500.0,0.9,209.63791419892323,209.85317294527852,False,7919920.858175518,89663593.02166611,2382066.0869140625,52743413.76391111,81743672.1634906,50361347.67699705,True,True
uk,TLC2,LU,10.0,100.0,1.0,261.6354386606693,209.85317294527852,True,4868074.522704447,103576924.42984208,316788.5795898404,94898039.70229778,98708849.90713763,94581251.12270793,True,True
uk,TLC2,LU,10.0,300.0,1.0,261.6354386606693,209.85317294527852,True,6629027.948236928,109579721.30239539,4315364.24853517,70777659.43088928,102950693.35415846,66462295.18235411,True,True
uk,TLC2,LU,10.0,500.0,1.0,261.6354386606693,209.85317294527852,True,7919920.858175518,112022528.54021695,2382066.0869140625,75102349.28246191,104102607.68204144,72720283.19554785,True,True
uk,TLC2,LU-soft,10.0,100.0,0.5,108.43270543276668,172.5077354192095,False,4329928.824679573,41555087.04530611,316788.5795898404,30371143.766479682,37225158.22062653,30054355.186889842,True,True
uk,TLC2,LU-soft,10.0,300.0,0.5,108.43270543276668,172.5077354192095,False,5986418.696354957,45000659.811857745,3009111.382324232,12994649.294762004,39014241.11550279,9985537.912437772,True,True
uk,TLC2,LU-soft,10.0,500.0,0.5,108.43270543276668,172.5077354192095,False,7063778.780100283,46330894.52646718,1706440.5126953162,21636033.07433074,39267115.746366896,19929592.561635423,True,True
uk,TLC2,LU-soft,10.0,100.0,0.8,141.41936759051075,172.5077354192095,False,4329928.824679573,54629318.658597596,316788.5795898404,42427768.785135135,50299389.83391802,42110980.20554529,True,True
uk,TLC2,LU-soft,10.0,300.0,0.8,141.41936759051075,172.5077354192095,False,5986418.696354957,58860749.97355758,3009111.382324232,24342061.077025957,52874331.27720262,21332949.694701724,True,True
uk,TLC2,LU-soft,10.0,500.0,0.8,141.41936759051075,172.5077354192095,False,7063778.780100283,60510210.54039294,1706440.5126953162,35325426.41174214,53446431.76029266,33618985.89904682,True,True
uk,TLC2,LU-soft,10.0,100.0,0.9,146.73636342045972,172.5077354192095,False,4329928.824679573,56759729.98673062,316788.5795898404,44413519.791484475,52429801.162051044,44096731.21189463,True,True
uk,TLC2,LU-soft,10.0,300.0,0.9,146.73636342045972,172.5077354192095,False,5986418.696354957,61097902.55398776,3009111.382324232,26171107.642528415,55111483.8576328,23161996.26020418,True,True
uk,TLC2,LU-soft,10.0,500.0,0.9,146.73636342045972,172.5077354192095,False,7063778.780100283,62796518.74727101,1706440.5126953162,37611734.61862022,55732739.96717072,35905294.105924904,True,True
uk,TLC2,LU-soft,10.0,100.0,1.0,157.5929849756068,172.5077354192095,False,4329928.824679573,61125113.6344136,316788.5795898404,48681936.8979508,56795184.809734024,48365148.318360955,True,True
uk,TLC2,LU-soft,10.0,300.0,1.0,157.5929849756068,172.5077354192095,False,5986418.696354957,65670646.809165925,3009111.382324232,29905785.45749901,59684228.11281097,26896674.07517478,True,True
uk,TLC2,LU-soft,10.0,500.0,1.0,157.5929849756068,172.5077354192095,False,7063778.780100283,67464866.01598425,1706440.5126953162,42280081.88733344,60401087.235883966,40573641.374638125,True,True
uk,TLC2,Ref,10.0,100.0,0.5,56.41758901696095,91.83464109214458,False,2841824.6048696893,21599506.86772119,316788.5795898404,12290894.768261993,18757682.2628515,11974106.188672153,True,True
uk,TLC2,Ref,10.0,300.0,0.5,56.41758901696095,91.83464109214458,False,3476049.109060978,23484740.43372506,1818886.7304687581,5660959.344599311,20008691.324664082,3842072.614130553,True,True
uk,TLC2,Ref,10.0,500.0,0.5,56.41758901696095,91.83464109214458,False,3928902.203816807,24228009.30737852,637109.0170898475,18584015.197738864,20299107.103561714,17946906.180649016,True,True
uk,TLC2,Ref,10.0,100.0,0.8,63.783668551591184,91.83464109214458,False,2841824.6048696893,24483976.34737076,316788.5795898404,14666455.418180246,21642151.74250107,14349666.838590406,True,True
uk,TLC2,Ref,10.0,300.0,0.8,63.783668551591184,91.83464109214458,False,3476049.109060978,26568218.157318946,1818886.7304687581,7086295.734550257,23092169.04825797,5267409.004081499,True,True
uk,TLC2,Ref,10.0,500.0,0.8,63.783668551591184,91.83464109214458,False,3928902.203816807,27395423.507269517,637109.0170898475,22566704.529849656,23466521.303452708,21929595.51275981,True,True
uk,TLC2,Ref,10.0,100.0,0.9,79.4918469892348,91.83464109214458,False,2841824.6048696893,30696252.578307107,316788.5795898404,20434867.50897895,27854427.973437417,20118078.92938911,True,True
uk,TLC2,Ref,10.0,300.0,0.9,79.4918469892348,91.83464109214458,False,3476049.109060978,33155228.39084661,1818886.7304687581,10534106.722694889,29679179.281785633,8715219.992226131,True,True
uk,TLC2,Ref,10.0,500.0,0.9,79.4918469892348,91.83464109214458,False,3928902.203816807,34149940.23545628,637109.0170898475,31278325.984049596,30221038.03163947,30641216.96695975,True,True
uk,TLC2,Ref,10.0,100.0,1.0,93.04032126175582,91.83464109214458,True,2841824.6048696893,36084863.82642686,316788.5795898404,25678127.05244458,33243039.221557174,25361338.47285474,True,True
uk,TLC2,Ref,10.0,300.0,1.0,93.04032126175582,91.83464109214458,True,3476049.109060978,38855052.91714259,1818886.7304687581,13813319.095876869,35379003.80808161,11994432.365408111,True,True
uk,TLC2,Ref,10.0,500.0,1.0,93.04032126175582,91.83464109214458,True,3928902.203816807,39975784.17264031,637109.0170898475,39031578.407867536,36046881.9688235,38394469.39077769,True,True
uk,TLC2,GNN-oof-42,10.0,100.0,0.5,83.49941231694561,141.21988812199595,False,3659043.0745203393,31795297.759383272,316174.12890624756,17987347.680614565,28136254.684862934,17671173.55170832,True,True
uk,TLC2,GNN-oof-42,10.0,300.0,0.5,83.49941231694561,141.21988812199595,False,5064484.082601656,34672646.3891192,4931006.859375016,12578049.520345043,29608162.306517545,7647042.660970028,True,True
uk,TLC2,GNN-oof-42,10.0,500.0,0.5,83.49941231694561,141.21988812199595,False,5853268.665403066,35781181.366402045,27592.49951171875,23726104.190652546,29927912.700998977,23698511.691140827,True,True
uk,TLC2,GNN-oof-42,10.0,100.0,0.8,112.30090535019916,141.21988812199595,False,3659043.0745203393,43125081.73146881,316174.12890624756,28514293.384268742,39466038.65694847,28198119.255362496,True,True
uk,TLC2,GNN-oof-42,10.0,300.0,0.8,112.30090535019916,141.21988812199595,False,5064484.082601656,46772589.760209516,4931006.859375016,23724227.324214175,41708105.67760786,18793220.46483916,True,True
uk,TLC2,GNN-oof-42,10.0,500.0,0.8,112.30090535019916,141.21988812199595,False,5853268.665403066,48164036.54071744,27592.49951171875,35932063.1965883,42310767.87531437,35904470.69707658,True,True
uk,TLC2,GNN-oof-42,10.0,100.0,0.9,125.97060153417432,141.21988812199595,False,3659043.0745203393,48575219.887287594,316174.12890624756,33676395.75360608,44916176.81276725,33360221.624699835,True,True
uk,TLC2,GNN-oof-42,10.0,300.0,0.9,125.97060153417432,141.21988812199595,False,5064484.082601656,52531858.522949845,4931006.859375016,29014399.74741254,47467374.440348186,24083392.888037525,True,True
uk,TLC2,GNN-oof-42,10.0,500.0,0.9,125.97060153417432,141.21988812199595,False,5853268.665403066,54042005.899826765,27592.49951171875,41810032.55569761,48188737.2344237,41782440.05618589,True,True
uk,TLC2,GNN-oof-42,10.0,100.0,1.0,139.32590971563323,141.21988812199595,False,3659043.0745203393,53933293.25933901,316174.12890624756,38844900.01983069,50274250.18481867,38528725.89092444,True,True
uk,TLC2,GNN-oof-42,10.0,300.0,1.0,139.32590971563323,141.21988812199595,False,5064484.082601656,58176304.53083869,4931006.859375016,34182904.013637155,53111820.44823703,29251897.15426214,True,True
uk,TLC2,GNN-oof-42,10.0,500.0,1.0,139.32590971563323,141.21988812199595,False,5853268.665403066,59784788.41785411,27592.49951171875,47552815.073724926,53931519.75245104,47525222.57421321,True,True
uk,TLC2,GNN-oof-123,10.0,100.0,0.5,79.3719648179659,178.51410210828908,False,4192129.353095683,30164161.77753816,316174.12890624756,17800591.231405642,25972032.424442478,17484417.102499396,True,True
uk,TLC2,GNN-oof-123,10.0,300.0,0.5,79.3719648179659,178.51410210828908,False,5735559.618709126,32857398.663914286,4931006.859375016,12460695.623168295,27121839.04520516,7529688.763793279,True,True
uk,TLC2,GNN-oof-123,10.0,500.0,0.5,79.3719648179659,178.51410210828908,False,6757120.580963735,33873662.55819868,1104376.1806640662,12305079.42399576,27116541.97723495,11200703.243331693,True,True
uk,TLC2,GNN-oof-123,10.0,100.0,0.8,113.08568115546433,178.51410210828908,False,4192129.353095683,43351702.65301799,316174.12890624756,30418027.743872084,39159573.29992231,30101853.614965837,True,True
uk,TLC2,GNN-oof-123,10.0,300.0,0.8,113.08568115546433,178.51410210828908,False,5735559.618709126,46995362.52724771,4931006.859375016,25234433.779055152,41259802.90853859,20303426.919680137,True,True
uk,TLC2,GNN-oof-123,10.0,500.0,0.8,113.08568115546433,178.51410210828908,False,6757120.580963735,48356102.47737822,1104376.1806640662,25356166.85464137,41598981.89641449,24251790.673977304,True,True
uk,TLC2,GNN-oof-123,10.0,100.0,0.9,117.52829531420281,178.51410210828908,False,4192129.353095683,45111406.69703502,316174.12890624756,32137319.42330388,40919277.34393934,31821145.294397634,True,True
uk,TLC2,GNN-oof-123,10.0,300.0,0.9,117.52829531420281,178.51410210828908,False,5735559.618709126,48860793.99943119,4931006.859375016,26953725.458486944,43125234.38072207,22022718.59911193,True,True
uk,TLC2,GNN-oof-123,10.0,500.0,0.9,117.52829531420281,178.51410210828908,False,6757120.580963735,50265471.40359165,1104376.1806640662,27170974.73848604,43508350.82262792,26066598.557821974,True,True
uk,TLC2,GNN-oof-123,10.0,100.0,1.0,146.35011566906056,178.51410210828908,False,4192129.353095683,56626687.05444006,316174.12890624756,43291363.90063382,52434557.70134438,42975189.77172757,True,True
uk,TLC2,GNN-oof-123,10.0,300.0,1.0,146.35011566906056,178.51410210828908,False,5735559.618709126,60973647.41771264,4931006.859375016,38107769.93581689,55238087.79900351,33176763.076441877,True,True
uk,TLC2,GNN-oof-123,10.0,500.0,1.0,146.35011566906056,178.51410210828908,False,6757120.580963735,62656365.28003421,1104376.1806640662,39315469.876447365,55899244.69907047,38211093.6957833,True,True
uk,TLC2,GNN-oof-456,10.0,100.0,0.5,78.2209846761879,131.56619291129232,False,3373424.0345040467,29762366.849352583,316174.12890624756,15469247.746751705,26388942.814848535,15153073.617845457,True,True
uk,TLC2,GNN-oof-456,10.0,300.0,0.5,78.2209846761879,131.56619291129232,False,4730593.726202246,32513558.234860778,4931006.859375016,11495193.702158466,27782964.508658532,6564186.84278345,True,True
uk,TLC2,GNN-oof-456,10.0,500.0,0.5,78.2209846761879,131.56619291129232,False,5398733.472105703,33554976.74814536,233376.85205078498,25965070.374031156,28156243.276039653,25731693.52198037,True,True
uk,TLC2,GNN-oof-456,10.0,100.0,0.8,108.00826785883139,131.56619291129232,False,3373424.0345040467,41471782.44025175,316174.12890624756,26356499.750007894,38098358.405747704,26040325.621101648,True,True
uk,TLC2,GNN-oof-456,10.0,300.0,0.8,108.00826785883139,131.56619291129232,False,4730593.726202246,45040849.96249225,4931006.859375016,23012426.218794875,40310256.23629001,18081419.35941986,True,True
uk,TLC2,GNN-oof-456,10.0,500.0,0.8,108.00826785883139,131.56619291129232,False,5398733.472105703,46362662.369225964,233376.85205078498,39689928.030369736,40963928.89712026,39456551.17831895,True,True
uk,TLC2,GNN-oof-456,10.0,100.0,0.9,113.83611316113002,131.56619291129232,False,3373424.0345040467,43791899.959478594,316174.12890624756,28533113.96740212,40418475.924974546,28216939.838495873,True,True
uk,TLC2,GNN-oof-456,10.0,300.0,0.9,113.83611316113002,131.56619291129232,False,4730593.726202246,47500237.67990901,4931006.859375016,25267802.350784432,42769643.95370677,20336795.491409417,True,True
uk,TLC2,GNN-oof-456,10.0,500.0,0.9,113.83611316113002,131.56619291129232,False,5398733.472105703,48868635.84921437,233376.85205078498,42195901.51035816,43469902.37710866,41962524.65830737,True,True
uk,TLC2,GNN-oof-456,10.0,100.0,1.0,141.93496568922077,131.56619291129232,True,3373424.0345040467,55056165.964860566,316174.12890624756,39407369.89577325,51682741.93035652,39091195.766867,True,True
uk,TLC2,GNN-oof-456,10.0,300.0,1.0,141.93496568922077,131.56619291129232,True,4730593.726202246,59399749.38779231,4931006.859375016,36142058.27915555,54669155.66159007,31211051.419780537,True,True
uk,TLC2,GNN-oof-456,10.0,500.0,1.0,141.93496568922077,131.56619291129232,True,5398733.472105703,60951142.4362934,233376.85205078498,54278408.09743719,55552408.9641877,54045031.24538641,True,True
uk,TLC2,Uni,20.0,100.0,0.5,162.01886734042031,238.69809016496737,False,10875418.057308478,55065816.911231734,0.0,3387792.77139771,44190398.85392325,3387792.77139771,True,True
uk,TLC2,Uni,20.0,300.0,0.5,162.01886734042031,238.69809016496737,False,12687725.195451008,60087498.300890274,33751.546142577696,7105857.047308637,47399773.10543927,7072105.501166059,True,True
uk,TLC2,Uni,20.0,500.0,0.5,162.01886734042031,238.69809016496737,False,13539834.697225384,62471274.57443078,12560958.479492223,26872001.80070548,48931439.877205394,14311043.321213258,True,True
uk,TLC2,Uni,20.0,100.0,0.8,257.1552192521758,238.69809016496737,True,10875418.057308478,89900834.95240457,0.0,8474397.13226918,79025416.8950961,8474397.13226918,True,True
uk,TLC2,Uni,20.0,300.0,0.8,257.1552192521758,238.69809016496737,True,12687725.195451008,96026466.50031842,33751.546142577696,16228830.886754032,83338741.30486742,16195079.340611454,True,True
uk,TLC2,Uni,20.0,500.0,0.8,257.1552192521758,238.69809016496737,True,13539834.697225384,101234780.52165726,12560958.479492223,67780633.12276034,87694945.82443187,55219674.643268116,True,True
uk,TLC2,Uni,20.0,100.0,0.9,335.7084779135792,238.69809016496737,True,10875418.057308478,119095909.2930704,0.0,15815208.403683206,108220491.23576193,15815208.403683206,True,True
uk,TLC2,Uni,20.0,300.0,0.9,335.7084779135792,238.69809016496737,True,12687725.195451008,126369289.12314142,33751.546142577696,36011636.98202589,113681563.92769042,35977885.43588331,True,True
uk,TLC2,Uni,20.0,500.0,0.9,335.7084779135792,238.69809016496737,True,13539834.697225384,134240917.06848273,12560958.479492223,101558534.34716381,120701082.37125733,88997575.8676716,True,True
uk,TLC2,Uni,20.0,100.0,1.0,356.65653037354355,238.69809016496737,True,10875418.057308478,126927049.24191317,0.0,18401908.349979244,116051631.18460469,18401908.349979244,True,True
uk,TLC2,Uni,20.0,300.0,1.0,356.65653037354355,238.69809016496737,True,12687725.195451008,134674641.39885437,33751.546142577696,44320135.87772344,121986916.20340337,44286384.33158086,True,True
uk,TLC2,Uni,20.0,500.0,1.0,356.65653037354355,238.69809016496737,True,13539834.697225384,143153285.7535741,12560958.479492223,110566196.90494847,129613451.05634871,98005238.42545626,True,True
uk,TLC2,LU,20.0,100.0,0.5,156.27330804798538,204.8495483483988,False,9818757.324028106,52851306.37922734,0.0,2768744.04992853,43032549.055199236,2768744.04992853,True,True
uk,TLC2,LU,20.0,300.0,0.5,156.27330804798538,204.8495483483988,False,11771258.488948002,57898402.82453415,33751.546142577696,6464055.064597795,46127144.335586146,6430303.518455217,True,True
uk,TLC2,LU,20.0,500.0,0.5,156.27330804798538,204.8495483483988,False,12653194.138770096,60564499.50180673,10648804.203125035,35666697.04704253,47911305.36303663,25017892.84391749,True,True
uk,TLC2,LU,20.0,100.0,0.8,264.22750796577407,204.8495483483988,True,9818757.324028106,92219922.42958131,0.0,8560573.690879563,82401165.10555321,8560573.690879563,True,True
uk,TLC2,LU,20.0,300.0,0.8,264.22750796577407,204.8495483483988,True,11771258.488948002,98754419.37583874,33751.546142577696,19942279.22451804,86983160.88689074,19908527.67837546,True,True
uk,TLC2,LU,20.0,500.0,0.8,264.22750796577407,204.8495483483988,True,12653194.138770096,104797583.0914563,10648804.203125035,82087003.01169166,92144388.95268619,71438198.80856663,True,True
uk,TLC2,LU,20.0,100.0,0.9,308.29127167991476,204.8495483483988,True,9818757.324028106,108568130.65704052,0.0,12350057.370295657,98749373.33301242,12350057.370295657,True,True
uk,TLC2,LU,20.0,300.0,0.9,308.29127167991476,204.8495483483988,True,11771258.488948002,115817027.46250315,33751.546142577696,34165629.06986897,104045768.97355515,34131877.52372639,True,True
uk,TLC2,LU,20.0,500.0,0.9,308.29127167991476,204.8495483483988,True,12653194.138770096,123363747.22832009,10648804.203125035,101034421.40877219,110710553.08954999,90385617.20564716,True,True
uk,TLC2,LU,20.0,100.0,1.0,361.62643941798103,204.8495483483988,True,9818757.324028106,128486576.75121616,0.0,18523353.06125576,118667819.42718805,18523353.06125576,True,True
uk,TLC2,LU,20.0,300.0,1.0,361.62643941798103,204.8495483483988,True,11771258.488948002,137041384.09624672,33751.546142577696,56734070.33288528,125270125.60729872,56700318.7867427,True,True
uk,TLC2,LU,20.0,500.0,1.0,361.62643941798103,204.8495483483988,True,12653194.138770096,146056855.75690693,10648804.203125035,123968543.53614064,133403661.61813682,113319739.3330156,True,True
uk,TLC2,LU-soft,20.0,100.0,0.5,147.69886808784602,163.7117408913354,False,8690443.53009233,49944390.25205069,0.0,2027885.6411970542,41253946.72195836,2027885.6411970542,True,True
uk,TLC2,LU-soft,20.0,300.0,0.5,147.69886808784602,163.7117408913354,False,10460428.96330421,54726036.60780207,33751.546142577696,6498121.897517772,44265607.64449786,6464370.351375194,True,True
uk,TLC2,LU-soft,20.0,500.0,0.5,147.69886808784602,163.7117408913354,False,11275270.079360988,57338021.32888287,10648804.203125035,35456981.22943031,46062751.24952188,24808177.026305273,True,True
uk,TLC2,LU-soft,20.0,100.0,0.8,174.6279958535375,163.7117408913354,True,8690443.53009233,59559157.514944926,0.0,3185838.135121785,50868713.9848526,3185838.135121785,True,True
uk,TLC2,LU-soft,20.0,300.0,0.8,174.6279958535375,163.7117408913354,True,10460428.96330421,64821172.23353166,33751.546142577696,8814026.88536724,54360743.27022745,8780275.339224663,True,True
uk,TLC2,LU-soft,20.0,500.0,0.8,174.6279958535375,163.7117408913354,True,11275270.079360988,68256937.67583363,10648804.203125035,47036506.168677665,56981667.596472636,36387701.96555263,True,True
uk,TLC2,LU-soft,20.0,100.0,0.9,189.3147298826503,163.7117408913354,True,8690443.53009233,64878664.92532532,0.0,3817367.6983736358,56188221.39523299,3817367.6983736358,True,True
uk,TLC2,LU-soft,20.0,300.0,0.9,189.3147298826503,163.7117408913354,True,10460428.96330421,70343615.49423529,33751.546142577696,10111734.330599055,59883186.530931085,10077982.784456477,True,True
uk,TLC2,LU-soft,20.0,500.0,0.9,189.3147298826503,163.7117408913354,True,11275270.079360988,74251557.14254199,10648804.203125035,53351801.80119618,62976287.063181,42702997.59807114,True,True
uk,TLC2,LU-soft,20.0,100.0,1.0,277.27307812987874,163.7117408913354,True,8690443.53009233,97268859.67604753,0.0,9691217.160520716,88578416.1459552,9691217.160520716,True,True
uk,TLC2,LU-soft,20.0,300.0,1.0,277.27307812987874,163.7117408913354,True,10460428.96330421,103895946.09449193,33751.546142577696,25459131.59709501,93435517.13118772,25425380.05095243,True,True
uk,TLC2,LU-soft,20.0,500.0,1.0,277.27307812987874,163.7117408913354,True,11275270.079360988,110876125.65788616,10648804.203125035,91173891.5475044,99600855.57852517,80525087.34437937,True,True
uk,TLC2,Ref,20.0,100.0,0.5,66.63659508914084,70.20616011684234,False,3583873.033105661,22238696.689867586,0.0,1197300.6484281241,18654823.656761926,1197300.6484281241,True,True
uk,TLC2,Ref,20.0,300.0,0.5,66.63659508914084,70.20616011684234,False,4394067.288611121,24644062.38158619,33751.546142577696,2248135.249643768,20249995.09297507,2214383.7035011905,True,True
uk,TLC2,Ref,20.0,500.0,0.5,66.63659508914084,70.20616011684234,False,4674326.628997412,25945206.347973313,668911.0654296931,5947771.684860366,21270879.7189759,5278860.619430673,True,True
uk,TLC2,Ref,20.0,100.0,0.8,84.38309759262111,70.20616011684234,True,3583873.033105661,28362812.50531176,0.0,1578850.4522529498,24778939.4722061,1578850.4522529498,True,True
uk,TLC2,Ref,20.0,300.0,0.8,84.38309759262111,70.20616011684234,True,4394067.288611121,31258545.28734349,33751.546142577696,3392784.661118244,26864477.99873237,3359033.114975666,True,True
uk,TLC2,Ref,20.0,500.0,0.8,84.38309759262111,70.20616011684234,True,4674326.628997412,32953590.659144174,668911.0654296931,10971569.010998672,28279264.030146763,10302657.945568979,True,True
uk,TLC2,Ref,20.0,100.0,0.9,100.66209938905051,70.20616011684234,True,3583873.033105661,34066424.48181608,0.0,1970438.0903592661,30482551.448710423,1970438.0903592661,True,True
uk,TLC2,Ref,20.0,300.0,0.9,100.66209938905051,70.20616011684234,True,4394067.288611121,37350381.23094472,33751.546142577696,4757643.078951569,32956313.9423336,4723891.532808991,True,True
uk,TLC2,Ref,20.0,500.0,0.9,100.66209938905051,70.20616011684234,True,4674326.628997412,39435292.463320926,668911.0654296931,16725000.43124647,34760965.83432351,16056089.365816778,True,True
uk,TLC2,Ref,20.0,100.0,1.0,158.07895500007146,70.20616011684234,True,3583873.033105661,54613270.61960399,0.0,5353849.01758955,51029397.58649833,5353849.01758955,True,True
uk,TLC2,Ref,20.0,300.0,1.0,158.07895500007146,70.20616011684234,True,4394067.288611121,58966689.24140956,33751.546142577696,11365830.780286679,54572621.95279844,11332079.2341441,True,True
uk,TLC2,Ref,20.0,500.0,1.0,158.07895500007146,70.20616011684234,True,4674326.628997412,62889356.81255504,668911.0654296931,40210492.82104143,58215030.18355763,39541581.75561173,True,True
uk,TLC2,GNN-oof-42,20.0,100.0,0.5,97.67723857056292,142.42321960134313,False,6717810.211787882,32501656.33839066,0.0,0.0,25783846.126602776,0.0,True,True
uk,TLC2,GNN-oof-42,20.0,300.0,0.5,97.67723857056292,142.42321960134313,False,8418971.617794545,36074149.38313812,33751.546142577696,2172291.7632506853,27655177.765343577,2138540.2171081076,True,True
uk,TLC2,GNN-oof-42,20.0,500.0,0.5,97.67723857056292,142.42321960134313,False,9164039.11851474,37778860.078489386,8925849.926757842,25375970.574524485,28614820.959974647,16450120.647766642,True,True
uk,TLC2,GNN-oof-42,20.0,100.0,0.8,122.14779318166964,142.42321960134313,False,6717810.211787882,40935320.32463898,0.0,17633.629126076303,34217510.1128511,17633.629126076303,True,True
uk,TLC2,GNN-oof-42,20.0,300.0,0.8,122.14779318166964,142.42321960134313,False,8418971.617794545,45200940.758976154,33751.546142577696,4005952.4417875363,36781969.14118161,3972200.8956449586,True,True
uk,TLC2,GNN-oof-42,20.0,500.0,0.8,122.14779318166964,142.42321960134313,False,9164039.11851474,47510146.86758212,8925849.926757842,35898309.057300344,38346107.74906738,26972459.1305425,True,True
uk,TLC2,GNN-oof-42,20.0,100.0,0.9,132.0176514820802,142.42321960134313,False,6717810.211787882,44372741.60294742,0.0,352756.4549067891,37654931.39115954,352756.4549067891,True,True
uk,TLC2,GNN-oof-42,20.0,300.0,0.9,132.0176514820802,142.42321960134313,False,8418971.617794545,48895399.76906637,33751.546142577696,4854760.255622843,40476428.15127183,4821008.709480265,True,True
uk,TLC2,GNN-oof-42,20.0,500.0,0.9,132.0176514820802,142.42321960134313,False,9164039.11851474,51468763.34295559,8925849.926757842,40142348.1264769,42304724.22444085,31216498.199719056,True,True
uk,TLC2,GNN-oof-42,20.0,100.0,1.0,202.95771185059013,142.42321960134313,True,6717810.211787882,69726975.83630925,0.0,3403179.050752719,63009165.624521375,3403179.050752719,True,True
uk,TLC2,GNN-oof-42,20.0,300.0,1.0,202.95771185059013,142.42321960134313,True,8418971.617794545,75666747.79865548,33751.546142577696,12307417.818395367,67247776.18086094,12273666.272252789,True,True
uk,TLC2,GNN-oof-42,20.0,500.0,1.0,202.95771185059013,142.42321960134313,True,9164039.11851474,80480036.67452858,8925849.926757842,70646574.08493617,71315997.55601384,61720724.15817833,True,True
uk,TLC2,GNN-oof-123,20.0,100.0,0.5,95.2466936423236,183.81070520066436,False,8017660.930669931,31686432.454960786,0.0,181941.56506294286,23668771.524290856,181941.56506294286,True,True
uk,TLC2,GNN-oof-123,20.0,300.0,0.5,95.2466936423236,183.81070520066436,False,9815726.380187042,35128271.55892575,33751.546142577696,2111498.3652170016,25312545.178738706,2077746.819074424,True,True
uk,TLC2,GNN-oof-123,20.0,500.0,0.5,95.2466936423236,183.81070520066436,False,10677858.656831507,36655601.70838823,10648804.203125035,20472517.652219586,25977743.051556725,9823713.44909455,True,True
uk,TLC2,GNN-oof-123,20.0,100.0,0.8,119.83017776931165,183.81070520066436,False,8017660.930669931,40136166.75620203,0.0,710486.4737931854,32118505.825532097,710486.4737931854,True,True
uk,TLC2,GNN-oof-123,20.0,300.0,0.8,119.83017776931165,183.81070520066436,False,9815726.380187042,44289541.37747864,33751.546142577696,3786209.202831343,34473814.997291595,3752457.656688765,True,True
uk,TLC2,GNN-oof-123,20.0,500.0,0.8,119.83017776931165,183.81070520066436,False,10677858.656831507,46338796.03137953,10648804.203125035,30988913.789393477,35660937.37454802,20340109.58626844,True,True
uk,TLC2,GNN-oof-123,20.0,100.0,0.9,166.47614827543103,183.81070520066436,False,8017660.930669931,56544013.29362825,0.0,2685866.6641876088,48526352.36295832,2685866.6641876088,True,True
uk,TLC2,GNN-oof-123,20.0,300.0,0.9,166.47614827543103,183.81070520066436,False,9815726.380187042,61771276.92984852,33751.546142577696,7866443.2519058585,51955550.54966148,7832691.70576328,True,True
uk,TLC2,GNN-oof-123,20.0,500.0,0.9,166.47614827543103,183.81070520066436,False,10677858.656831507,65115245.05342562,10648804.203125035,51046681.10702482,54437386.39659411,40397876.90389978,True,True
uk,TLC2,GNN-oof-123,20.0,100.0,1.0,189.6720810661632,183.81070520066436,True,8017660.930669931,64898136.53247532,0.0,3683291.774189092,56880475.60180539,3683291.774189092,True,True
uk,TLC2,GNN-oof-123,20.0,300.0,1.0,189.6720810661632,183.81070520066436,True,9815726.380187042,70541067.39739169,33751.546142577696,10360006.026909567,60725341.01720465,10326254.48076699,True,True
uk,TLC2,GNN-oof-123,20.0,500.0,1.0,189.6720810661632,183.81070520066436,True,10677858.656831507,74568558.1888318,10648804.203125035,61020932.20703964,63890699.5320003,50372128.0039146,True,True
uk,TLC2,GNN-oof-456,20.0,100.0,0.5,109.95724517631412,122.16766578031024,False,6221369.960256414,36710668.027607575,0.0,0.0,30489298.067351162,0.0,True,True
uk,TLC2,GNN-oof-456,20.0,300.0,0.5,109.95724517631412,122.16766578031024,False,7854581.128802851,40689504.27185444,33751.546142577696,2691721.753831961,32834923.143051587,2657970.2076893835,True,True
uk,TLC2,GNN-oof-456,20.0,500.0,0.5,109.95724517631412,122.16766578031024,False,8508170.286306422,42833704.086355224,6301840.245605497,31547401.76357288,34325533.8000488,25245561.51796738,True,True
uk,TLC2,GNN-oof-456,20.0,100.0,0.8,122.78042497280688,122.16766578031024,True,6221369.960256414,41152498.09874295,0.0,0.0,34931128.138486534,0.0,True,True
uk,TLC2,GNN-oof-456,20.0,300.0,0.8,122.78042497280688,122.16766578031024,True,7854581.128802851,45487680.71868741,33751.546142577696,3794515.2163303406,37633099.58988456,3760763.670187763,True,True
uk,TLC2,GNN-oof-456,20.0,500.0,0.8,122.78042497280688,122.16766578031024,True,8508170.286306422,47972879.15423554,6301840.245605497,37061369.076064765,39464708.867929116,30759528.830459267,True,True
uk,TLC2,GNN-oof-456,20.0,100.0,0.9,131.40069777949975,122.16766578031024,True,6221369.960256414,44156978.98217181,0.0,194123.09105058215,37935609.0219154,194123.09105058215,True,True
uk,TLC2,GNN-oof-456,20.0,300.0,0.9,131.40069777949975,122.16766578031024,True,7854581.128802851,48719193.91619707,33751.546142577696,4535858.677705924,40864612.78739422,4502107.131563346,True,True
uk,TLC2,GNN-oof-456,20.0,500.0,0.9,131.40069777949975,122.16766578031024,True,8508170.286306422,51452362.359762646,6301840.245605497,40768086.382942684,42944192.07345623,34466246.137337185,True,True
uk,TLC2,GNN-oof-456,20.0,100.0,1.0,208.38920152569597,122.16766578031024,True,6221369.960256414,71776703.76135011,0.0,3504628.75213702,65555333.8010937,3504628.75213702,True,True
uk,TLC2,GNN-oof-456,20.0,300.0,1.0,208.38920152569597,122.16766578031024,True,7854581.128802851,77849195.11310826,33751.546142577696,13688872.960533759,69994613.98430541,13655121.41439118,True,True
uk,TLC2,GNN-oof-456,20.0,500.0,1.0,208.38920152569597,122.16766578031024,True,8508170.286306422,83099348.21316068,6301840.245605497,73873142.99380708,74591177.92685425,67571302.74820158,True,True
uk,TLD6,Uni,10.0,100.0,0.5,103.41567718192512,92.64815786729994,True,9368733.913689913,38341898.44253532,18035783.24379351,39903607.58666287,28973164.528845407,21867824.342869364,True,True
uk,TLD6,Uni,10.0,300.0,0.5,103.41567718192512,92.64815786729994,True,13880334.800452199,44468741.1882278,13734834.439053893,84301120.9573944,30588406.387775604,70566286.51834051,True,True
uk,TLD6,Uni,10.0,500.0,0.5,103.41567718192512,92.64815786729994,True,13880334.800452199,44468741.188227825,13734834.439053863,84323993.20484634,30588406.387775626,70589158.76579247,True,True
uk,TLD6,Uni,10.0,100.0,0.8,159.6108581638131,92.64815786729994,True,9368733.913689913,62497037.47749315,18035783.24379351,64067535.40887471,53128303.56380324,46031752.1650812,True,True
uk,TLD6,Uni,10.0,300.0,0.8,159.6108581638131,92.64815786729994,True,13880334.800452199,68632669.01043963,13734834.439053893,110351666.76581569,54752334.20998743,96616832.3267618,True,True
uk,TLD6,Uni,10.0,500.0,0.8,159.6108581638131,92.64815786729994,True,13880334.800452199,68632669.01043965,13734834.439053863,132651848.84926999,54752334.20998745,118917014.41021612,True,True
uk,TLD6,Uni,10.0,100.0,0.9,205.07731636962407,92.64815786729994,True,9368733.913689913,82047614.50599186,18035783.24379351,83618112.43737343,72678880.59230195,65582329.19357992,True,True
uk,TLD6,Uni,10.0,300.0,0.9,205.07731636962407,92.64815786729994,True,13880334.800452199,88183246.03893836,13734834.439053893,129902243.79431443,74302911.23848616,116167409.35526054,True,True
uk,TLD6,Uni,10.0,500.0,0.9,205.07731636962407,92.64815786729994,True,13880334.800452199,88183246.03893836,13734834.439053863,171753002.9062674,74302911.23848616,158018168.46721354,True,True
uk,TLD6,Uni,10.0,100.0,1.0,231.78874566589974,92.64815786729994,True,9368733.913689913,93533529.1033904,18035783.24379351,95104027.03477196,84164795.18970048,77068243.79097846,True,True
uk,TLD6,Uni,10.0,300.0,1.0,231.78874566589974,92.64815786729994,True,13880334.800452199,99669160.63633686,13734834.439053893,141388158.39171296,85788825.83588466,127653323.95265907,True,True
uk,TLD6,Uni,10.0,500.0,1.0,231.78874566589974,92.64815786729994,True,13880334.800452199,99669160.63633688,13734834.439053863,194724832.1010645,85788825.83588468,180989997.66201064,True,True
uk,TLD6,LU,10.0,100.0,0.5,95.8411363677919,90.64750457402893,True,9126889.895297404,35264092.52941634,18035783.24379351,36849918.45462741,26137202.634118933,18814135.2108339,True,True
uk,TLD6,LU,10.0,300.0,0.5,95.8411363677919,90.64750457402893,True,13542847.412164174,41211688.63815053,15012664.79941079,78287305.20811176,27668841.225986354,63274640.40870097,True,True
uk,TLD6,LU,10.0,500.0,0.5,95.8411363677919,90.64750457402893,True,13542847.412164174,41211688.63815054,15012664.79941076,78287305.20811172,27668841.22598637,63274640.40870096,True,True
uk,TLD6,LU,10.0,100.0,0.8,142.0838682901128,90.64750457402893,True,9126889.895297404,55133642.11561372,18035783.24379351,56734293.1812254,46006752.22031632,38698509.93743189,True,True
uk,TLD6,LU,10.0,300.0,0.8,142.0838682901128,90.64750457402893,True,13542847.412164174,61096063.36474851,15012664.79941079,104401860.6865394,47553215.95258433,89389195.8871286,True,True
uk,TLD6,LU,10.0,500.0,0.8,142.0838682901128,90.64750457402893,True,13542847.412164174,61096063.36474851,15012664.79941076,118056054.66130777,47553215.95258433,103043389.861897,True,True
uk,TLD6,LU,10.0,100.0,0.9,173.7764975956622,90.64750457402893,True,9126889.895297404,68761472.71699998,18035783.24379351,70362123.78261164,59634582.82170257,52326340.53881813,True,True
uk,TLD6,LU,10.0,300.0,0.9,173.7764975956622,90.64750457402893,True,13542847.412164174,74723893.96613477,15012664.79941079,118029691.28792563,61181046.5539706,103017026.48851484,True,True
uk,TLD6,LU,10.0,500.0,0.9,173.7764975956622,90.64750457402893,True,13542847.412164174,74723893.96613479,15012664.79941076,145311715.8640802,61181046.55397061,130299051.06466943,True,True
uk,TLD6,LU,10.0,100.0,1.0,203.62494065272193,90.64750457402893,True,9126889.895297404,81596303.23153567,18035783.24379351,83196954.29714732,72469413.33623827,65161171.05335381,True,True
uk,TLD6,LU,10.0,300.0,1.0,203.62494065272193,90.64750457402893,True,13542847.412164174,87558724.48067044,15012664.79941079,130864521.80246131,74015877.06850627,115851857.00305052,True,True
uk,TLD6,LU,10.0,500.0,1.0,203.62494065272193,90.64750457402893,True,13542847.412164174,87558724.48067044,15012664.79941076,170981376.89315158,74015877.06850627,155968712.09374082,True,True
uk,TLD6,LU-soft,10.0,100.0,0.5,90.24305483860952,81.31271007906409,True,7340868.330855892,34197106.27684031,18415821.79255293,34162778.18431375,26856237.945984416,15746956.391760822,True,True
uk,TLD6,LU-soft,10.0,300.0,0.5,90.24305483860952,81.31271007906409,True,10684179.646550843,38804513.5806021,10467366.464625895,71786465.09411554,28120333.93405126,61319098.629489645,True,True
uk,TLD6,LU-soft,10.0,500.0,0.5,90.24305483860952,81.31271007906409,True,10684179.646550842,38804513.58060211,10467366.464625895,71786465.09411554,28120333.934051268,61319098.629489645,True,True
uk,TLD6,LU-soft,10.0,100.0,0.8,113.15101974830297,81.31271007906409,True,7340868.330855892,44027474.803795494,18415821.79255293,44013203.09548193,36686606.4729396,25597381.302929003,True,True
uk,TLD6,LU-soft,10.0,300.0,0.8,113.15101974830297,81.31271007906409,True,10684179.646550843,48654938.49177028,10467366.464625895,91487314.91645189,37970758.84521944,81019948.45182599,True,True
uk,TLD6,LU-soft,10.0,500.0,0.8,113.15101974830297,81.31271007906409,True,10684179.646550842,48654938.49177029,10467366.464625895,91487314.91645189,37970758.84521945,81019948.45182599,True,True
uk,TLD6,LU-soft,10.0,100.0,0.9,119.69149687000585,81.31271007906409,True,7340868.330855892,46839749.88716289,18415821.79255293,46825608.25781417,39498881.556306995,28409786.46526124,True,True
uk,TLD6,LU-soft,10.0,300.0,0.9,119.69149687000585,81.31271007906409,True,10684179.646550843,51467343.65410254,10467366.464625895,96478726.69284225,40783164.0075517,86011360.22821635,True,True
uk,TLD6,LU-soft,10.0,500.0,0.9,119.69149687000585,81.31271007906409,True,10684179.646550842,51467343.65410254,10467366.464625895,97112125.24111637,40783164.0075517,86644758.77649048,True,True
uk,TLD6,LU-soft,10.0,100.0,1.0,134.25886633205738,81.31271007906409,True,7340868.330855892,53103718.75584504,18415821.79255293,53089577.12649633,45762850.42498915,34673755.3339434,True,True
uk,TLD6,LU-soft,10.0,300.0,1.0,134.25886633205738,81.31271007906409,True,10684179.646550843,57731312.522784695,10467366.464625895,103134648.15025255,47047132.87623385,92667281.68562666,True,True
uk,TLD6,LU-soft,10.0,500.0,1.0,134.25886633205738,81.31271007906409,True,10684179.646550842,57731312.522784695,10467366.464625895,109640062.9784807,47047132.87623385,99172696.5138548,True,True
uk,TLD6,Ref,10.0,100.0,0.5,43.908532705494245,48.45746399417542,False,3150968.2666436,16502433.01959677,2063546.1788782005,11878626.28726964,13351464.75295317,9815080.10839144,True,True
uk,TLD6,Ref,10.0,300.0,0.5,43.908532705494245,48.45746399417542,False,4166441.40963644,18880669.06336254,2360241.7843092456,31206723.081138827,14714227.653726099,28846481.29682958,True,True
uk,TLD6,Ref,10.0,500.0,0.5,43.908532705494245,48.45746399417542,False,4166441.4096364393,18880669.063362543,2360241.784309238,31206723.081138827,14714227.653726103,28846481.29682959,True,True
uk,TLD6,Ref,10.0,100.0,0.8,55.54043088089005,48.45746399417542,True,3150968.2666436,21256457.81262902,2063546.1788782005,16880342.50268984,18105489.545985423,14816796.323811637,True,True
uk,TLD6,Ref,10.0,300.0,0.8,55.54043088089005,48.45746399417542,True,4166441.40963644,23882385.27878273,2360241.7843092456,41210155.51197924,19715943.869146287,38849913.72766999,True,True
uk,TLD6,Ref,10.0,500.0,0.8,55.54043088089005,48.45746399417542,True,4166441.4096364393,23882385.278782737,2360241.784309238,41210155.5119792,19715943.8691463,38849913.72766996,True,True
uk,TLD6,Ref,10.0,100.0,0.9,70.16088570033425,48.45746399417542,True,3150968.2666436,27418173.402394608,2063546.1788782005,23167138.075050846,24267205.13575101,21103591.896172646,True,True
uk,TLD6,Ref,10.0,300.0,0.9,70.16088570033425,48.45746399417542,True,4166441.40963644,30169180.85114373,2360241.7843092456,53783746.65670122,26002739.441507287,51423504.87239198,True,True
uk,TLD6,Ref,10.0,500.0,0.9,70.16088570033425,48.45746399417542,True,4166441.4096364393,30169180.851143736,2360241.784309238,53783746.65670121,26002739.4415073,51423504.87239197,True,True
uk,TLD6,Ref,10.0,100.0,1.0,72.41117637663203,48.45746399417542,True,3150968.2666436,28379840.612373047,2063546.1788782005,24134763.065858893,25228872.345729448,22071216.886980694,True,True
uk,TLD6,Ref,10.0,300.0,1.0,72.41117637663203,48.45746399417542,True,4166441.40963644,31136805.841951787,2360241.7843092456,55718996.63831731,26970364.432315346,53358754.85400806,True,True
uk,TLD6,Ref,10.0,500.0,1.0,72.41117637663203,48.45746399417542,True,4166441.4096364393,31136805.841951787,2360241.784309238,55718996.6383173,26970364.43231535,53358754.85400806,True,True
uk,TLD6,GNN-oof-42,10.0,100.0,0.5,64.9857028719525,70.58572451759244,False,5599033.507111504,24787918.096409865,3369250.2374570677,20093934.869216055,19188884.58929836,16724684.631758988,True,True
uk,TLD6,GNN-oof-42,10.0,300.0,0.5,64.9857028719525,70.58572451759244,False,7982274.58548567,27943852.234939583,12555129.054517359,50126629.51107456,19961577.649453912,37571500.4565572,True,True
uk,TLD6,GNN-oof-42,10.0,500.0,0.5,64.9857028719525,70.58572451759244,False,7982274.585485669,27943852.234939583,12555129.054517359,50126629.51107459,19961577.649453916,37571500.45655723,True,True
uk,TLD6,GNN-oof-42,10.0,100.0,0.8,92.53370454377117,70.58572451759244,True,5599033.507111504,36552967.76649594,3369250.2374570677,31939575.58809808,30953934.25938444,28570325.350641012,True,True
uk,TLD6,GNN-oof-42,10.0,300.0,0.8,92.53370454377117,70.58572451759244,True,7982274.58548567,39789492.95382161,12555129.054517359,73817910.94883864,31807218.368335936,61262781.89432128,True,True
uk,TLD6,GNN-oof-42,10.0,500.0,0.8,92.53370454377117,70.58572451759244,True,7982274.585485669,39789492.953821614,12555129.054517359,73817910.94883868,31807218.368335947,61262781.89432132,True,True
uk,TLD6,GNN-oof-42,10.0,100.0,0.9,106.4790941868377,70.58572451759244,True,5599033.507111504,42548493.769115165,3369250.2374570677,37936093.13461669,36949460.26200366,34566842.89715962,True,True
uk,TLD6,GNN-oof-42,10.0,300.0,0.9,106.4790941868377,70.58572451759244,True,7982274.58548567,45786010.50034022,12555129.054517359,85810946.04187582,37803735.91485456,73255816.98735847,True,True
uk,TLD6,GNN-oof-42,10.0,500.0,0.9,106.4790941868377,70.58572451759244,True,7982274.585485669,45786010.50034022,12555129.054517359,85810946.04187581,37803735.91485456,73255816.98735845,True,True
uk,TLD6,GNN-oof-42,10.0,100.0,1.0,109.90824287806325,70.58572451759244,True,5599033.507111504,44023027.706342146,3369250.2374570677,39410627.07184367,38423994.19923064,36041376.8343866,True,True
uk,TLD6,GNN-oof-42,10.0,300.0,1.0,109.90824287806325,70.58572451759244,True,7982274.58548567,47260544.43756721,12555129.054517359,88760013.91632983,39278269.852081545,76204884.86181247,True,True
uk,TLD6,GNN-oof-42,10.0,500.0,1.0,109.90824287806325,70.58572451759244,True,7982274.585485669,47260544.43756721,12555129.054517359,88760013.91632985,39278269.852081545,76204884.86181249,True,True
uk,TLD6,GNN-oof-123,10.0,100.0,0.5,61.773403894683604,72.64162409198188,False,5846551.171411202,23196274.570312895,3715043.990789941,17383828.24293979,17349723.398901694,13668784.252149848,True,True
uk,TLD6,GNN-oof-123,10.0,300.0,0.5,61.773403894683604,72.64162409198188,False,8432574.751621071,26562563.674713958,12555129.054517373,47466785.25610712,18129988.923092887,34911656.20158975,True,True
uk,TLD6,GNN-oof-123,10.0,500.0,0.5,61.773403894683604,72.64162409198188,False,8432574.75162107,26562563.674713966,12555129.054517359,47466785.256107114,18129988.923092894,34911656.201589756,True,True
uk,TLD6,GNN-oof-123,10.0,100.0,0.8,89.7500224765486,72.64162409198188,True,5846551.171411202,35096872.839604415,3715043.990789941,29413774.23314173,29250321.668193214,25698730.24235179,True,True
uk,TLD6,GNN-oof-123,10.0,300.0,0.8,89.7500224765486,72.64162409198188,True,8432574.751621071,38592509.66491591,12555129.054517373,71526677.23651102,30159934.91329484,58971548.18199365,True,True
uk,TLD6,GNN-oof-123,10.0,500.0,0.8,89.7500224765486,72.64162409198188,True,8432574.75162107,38592509.66491592,12555129.054517359,71526677.23651105,30159934.91329485,58971548.18199369,True,True
uk,TLD6,GNN-oof-123,10.0,100.0,0.9,105.61627063423595,72.64162409198188,True,5846551.171411202,41916743.39469616,3715043.990789941,36236260.940947294,36070192.22328496,32521216.95015735,True,True
uk,TLD6,GNN-oof-123,10.0,300.0,0.9,105.61627063423595,72.64162409198188,True,8432574.751621071,45414996.372721456,12555129.054517373,85171650.65212213,36982421.62110038,72616521.59760475,True,True
uk,TLD6,GNN-oof-123,10.0,500.0,0.9,105.61627063423595,72.64162409198188,True,8432574.75162107,45414996.37272146,12555129.054517359,85171650.65212215,36982421.621100396,72616521.5976048,True,True
uk,TLD6,GNN-oof-123,10.0,100.0,1.0,138.93348559183036,72.64162409198188,True,5846551.171411202,56243145.82646178,3715043.990789941,50562663.372712895,50396594.655050576,46847619.38192295,True,True
uk,TLD6,GNN-oof-123,10.0,300.0,1.0,138.93348559183036,72.64162409198188,True,8432574.751621071,59741398.80448708,12555129.054517373,110477022.00625727,51308824.05286601,97921892.95173989,True,True
uk,TLD6,GNN-oof-123,10.0,500.0,1.0,138.93348559183036,72.64162409198188,True,8432574.75162107,59741398.80448708,12555129.054517359,113824455.51565334,51308824.05286601,101269326.46113598,True,True
uk,TLD6,GNN-oof-456,10.0,100.0,0.5,60.87762209898438,73.67616542622036,False,6011160.185999946,23072250.58460521,4165840.5899008615,18096123.464245208,17061090.398605265,13930282.874344345,True,True
uk,TLD6,GNN-oof-456,10.0,300.0,0.5,60.87762209898438,73.67616542622036,False,8354464.033763907,26177377.502563294,11088349.428488106,47167763.38056058,17822913.468799386,36079413.95207247,True,True
uk,TLD6,GNN-oof-456,10.0,500.0,0.5,60.87762209898438,73.67616542622036,False,8354464.033763904,26177377.5025633,11088349.428488106,47167763.38056059,17822913.468799397,36079413.95207249,True,True
uk,TLD6,GNN-oof-456,10.0,100.0,0.8,87.25627274992213,73.67616542622036,True,6011160.185999946,34330718.87693697,4165840.5899008615,29438943.24414844,28319558.690937027,25273102.65424758,True,True
uk,TLD6,GNN-oof-456,10.0,300.0,0.8,87.25627274992213,73.67616542622036,True,8354464.033763907,37520197.28246652,11088349.428488106,69853402.94036706,29165733.248702615,58765053.51187895,True,True
uk,TLD6,GNN-oof-456,10.0,500.0,0.8,87.25627274992213,73.67616542622036,True,8354464.033763904,37520197.28246654,11088349.428488106,69853402.94036709,29165733.248702634,58765053.51187898,True,True
uk,TLD6,GNN-oof-456,10.0,100.0,0.9,97.41134157924033,73.67616542622036,True,6011160.185999946,38696646.14812707,4165840.5899008615,33805622.84075527,32685485.962127127,29639782.250854407,True,True
uk,TLD6,GNN-oof-456,10.0,300.0,0.9,97.41134157924033,73.67616542622036,True,8354464.033763907,41886876.87907337,11088349.428488106,78586762.1335807,33532412.84530946,67498412.7050926,True,True
uk,TLD6,GNN-oof-456,10.0,500.0,0.9,97.41134157924033,73.67616542622036,True,8354464.033763904,41886876.87907337,11088349.428488106,78586762.13358071,33532412.845309462,67498412.70509261,True,True
uk,TLD6,GNN-oof-456,10.0,100.0,1.0,110.46477156520756,73.67616542622036,True,6011160.185999946,44309621.04209298,4165840.5899008615,39418597.734721184,38298460.856093034,35252757.144820325,True,True
uk,TLD6,GNN-oof-456,10.0,300.0,1.0,110.46477156520756,73.67616542622036,True,8354464.033763907,47499851.773039244,11088349.428488106,89812711.92151251,39145387.739275336,78724362.49302441,True,True
uk,TLD6,GNN-oof-456,10.0,500.0,1.0,110.46477156520756,73.67616542622036,True,8354464.033763904,47499851.77303926,11088349.428488106,89812711.92151253,39145387.73927535,78724362.49302442,True,True
uk,TLD6,Uni,20.0,100.0,0.5,129.30790553520768,120.80720599643439,True,2758623.5273983213,21654499.420216,487079.7873807795,44011251.19933898,18895875.89281768,43524171.4119582,True,True
uk,TLD6,Uni,20.0,300.0,0.5,129.30790553520768,120.80720599643439,True,11023774.305834798,49712513.810443625,17240205.26259151,37810797.72981245,38688739.504608825,20570592.46722094,True,True
uk,TLD6,Uni,20.0,500.0,0.5,129.30790553520768,120.80720599643439,True,15083824.440929046,55599380.23194925,2652943.9394666776,78956789.57896069,40515555.7910202,76303845.639494,True,True
uk,TLD6,Uni,20.0,100.0,0.8,200.13808728210938,120.80720599643439,True,2758623.5273983213,42545171.90666318,487079.7873807795,74468229.3505067,39786548.37926486,73981149.56312591,True,True
uk,TLD6,Uni,20.0,300.0,0.8,200.13808728210938,120.80720599643439,True,11023774.305834798,80101689.37543732,17240205.26259151,68267775.88098021,69077915.06960252,51027570.6183887,True,True
uk,TLD6,Uni,20.0,500.0,0.8,200.13808728210938,120.80720599643439,True,15083824.440929046,86056358.38311695,2652943.9394666776,109413767.73012844,70972533.9421879,106760823.79066175,True,True
uk,TLD6,Uni,20.0,100.0,0.9,261.2743107038591,120.80720599643439,True,2758623.5273983213,64309439.55849841,487079.7873807795,100756805.42185906,61550816.031100094,100269725.63447827,True,True
uk,TLD6,Uni,20.0,300.0,0.9,261.2743107038591,120.80720599643439,True,11023774.305834798,106387275.98736532,17240205.26259151,94556351.95233257,95363501.68153052,77316146.68974106,True,True
uk,TLD6,Uni,20.0,500.0,0.9,261.2743107038591,120.80720599643439,True,15083824.440929046,112344934.45446935,2652943.9394666776,135702343.80148083,97261110.01354031,133049399.86201414,True,True
uk,TLD6,Uni,20.0,100.0,1.0,277.5777058432408,120.80720599643439,True,2758623.5273983213,70751908.18692133,487079.7873807795,107767265.33179322,67993284.65952301,107280185.54441243,True,True
uk,TLD6,Uni,20.0,300.0,1.0,277.5777058432408,120.80720599643439,True,11023774.305834798,113397735.89729941,17240205.26259151,101566811.86226669,102373961.59146461,84326606.59967518,True,True
uk,TLD6,Uni,20.0,500.0,1.0,277.5777058432408,120.80720599643439,True,15083824.440929046,119355394.36440346,2652943.9394666776,142712803.71141496,104271569.92347442,140059859.77194828,True,True
uk,TLD6,LU,20.0,100.0,0.5,126.14062931222865,121.62397892185513,True,2669756.2363384482,20694540.010051202,0.0,40632751.583883375,18024783.773712754,40632751.583883375,True,True
uk,TLD6,LU,20.0,300.0,0.5,126.14062931222865,121.62397892185513,True,10869881.243544802,48379359.01765587,18268005.196975835,37673214.014349945,37509477.77411107,19405208.81737411,True,True
uk,TLD6,LU,20.0,500.0,0.5,126.14062931222865,121.62397892185513,True,14960927.890443124,54238527.79405088,3854189.6636028215,81502650.02183565,39277599.903607756,77648460.35823283,True,True
uk,TLD6,LU,20.0,100.0,0.8,205.6422895299291,121.62397892185513,True,2669756.2363384482,44064940.5016418,0.0,74818465.47749457,41395184.26530335,74818465.47749457,True,True
uk,TLD6,LU,20.0,300.0,0.8,205.6422895299291,121.62397892185513,True,10869881.243544802,82518323.51903932,18268005.196975835,71858927.90796115,71648442.27549452,53590922.71098531,True,True
uk,TLD6,LU,20.0,500.0,0.8,205.6422895299291,121.62397892185513,True,14960927.890443124,88424241.68766208,3854189.6636028215,115688363.91544685,73463313.79721895,111834174.25184402,True,True
uk,TLD6,LU,20.0,100.0,0.9,239.93611959040652,121.62397892185513,True,2669756.2363384482,55986053.51002758,0.0,89564812.40349986,53316297.27368913,89564812.40349986,True,True
uk,TLD6,LU,20.0,300.0,0.9,239.93611959040652,121.62397892185513,True,10869881.243544802,97263940.72708613,18268005.196975835,86605274.83396642,86394059.48354132,68337269.63699058,True,True
uk,TLD6,LU,20.0,500.0,0.9,239.93611959040652,121.62397892185513,True,14960927.890443124,103170588.61366738,3854189.6636028215,130434710.84145215,88209660.72322425,126580521.17784932,True,True
uk,TLD6,LU,20.0,100.0,1.0,281.4456735749957,121.62397892185513,True,2669756.2363384482,71905365.46129338,0.0,107413920.61687322,69235609.22495493,107413920.61687322,True,True
uk,TLD6,LU,20.0,300.0,1.0,281.4456735749957,121.62397892185513,True,10869881.243544802,115113048.94045943,18268005.196975835,104454383.0473398,104243167.69691463,86186377.85036397,True,True
uk,TLD6,LU,20.0,500.0,1.0,281.4456735749957,121.62397892185513,True,14960927.890443124,121019696.82704069,3854189.6636028215,148283819.05482548,106058768.93659756,144429629.39122266,True,True
uk,TLD6,LU-soft,20.0,100.0,0.5,114.95068635510097,123.33574759511916,False,1056727.0518891062,17418725.906201944,3606916.06095564,43646710.779022194,16361998.854312837,40039794.71806656,True,True
uk,TLD6,LU-soft,20.0,300.0,0.5,114.95068635510097,123.33574759511916,False,9870319.012705823,44193097.22203511,16009712.043323312,37611169.27220545,34322778.209329285,21601457.228882138,True,True
uk,TLD6,LU-soft,20.0,500.0,0.5,114.95068635510097,123.33574759511916,False,13536657.998025654,49427975.13341522,8800453.808574282,83042189.67675945,35891317.13538957,74241735.86818516,True,True
uk,TLD6,LU-soft,20.0,100.0,0.8,135.9090170429796,123.33574759511916,True,1056727.0518891062,22454800.057082854,3606916.06095564,52658792.97481001,21398073.005193748,49051876.913854375,True,True
uk,TLD6,LU-soft,20.0,300.0,0.8,135.9090170429796,123.33574759511916,True,9870319.012705823,53173790.141861424,16009712.043323312,46623251.467993274,43303471.1291556,30613539.424669962,True,True
uk,TLD6,LU-soft,20.0,500.0,0.8,135.9090170429796,123.33574759511916,True,13536657.998025654,58440057.329203054,8800453.808574282,92054271.87254727,44903399.3311774,83253818.06397298,True,True
uk,TLD6,LU-soft,20.0,100.0,0.9,147.3393697519606,123.33574759511916,True,1056727.0518891062,25383224.711607516,3606916.06095564,57573844.639671825,24326497.65971841,53966928.57871619,True,True
uk,TLD6,LU-soft,20.0,300.0,0.9,147.3393697519606,123.33574759511916,True,9870319.012705823,58080704.04626818,16009712.043323312,51538303.1328551,48210385.033562355,35528591.089531794,True,True
uk,TLD6,LU-soft,20.0,500.0,0.9,147.3393697519606,123.33574759511916,True,13536657.998025654,63355108.9940649,8800453.808574282,96969323.53740907,49818450.99603924,88168869.72883478,True,True
uk,TLD6,LU-soft,20.0,100.0,1.0,215.79536154511578,123.33574759511916,True,1056727.0518891062,46330110.000466436,3606916.06095564,87009921.11072858,45273382.94857733,83403005.04977293,True,True
uk,TLD6,LU-soft,20.0,300.0,1.0,215.79536154511578,123.33574759511916,True,9870319.012705823,87499573.5725347,16009712.043323312,80974379.60391182,77629254.55982888,64964667.56058851,True,True
uk,TLD6,LU-soft,20.0,500.0,1.0,215.79536154511578,123.33574759511916,True,13536657.998025654,92791185.46512161,8800453.808574282,126405400.00846584,79254527.46709596,117604946.19989157,True,True
uk,TLD6,Ref,20.0,100.0,0.5,51.86175385790933,84.86905914240953,False,454934.4347363275,4724644.827882271,10926.041691414739,5928310.32958968,4269710.393145944,5917384.287898265,True,True
uk,TLD6,Ref,20.0,300.0,0.5,51.86175385790933,84.86905914240953,False,3573756.3841100535,19395850.94554689,5569260.486678752,16328005.166461512,15822094.561436838,10758744.67978276,True,True
uk,TLD6,Ref,20.0,500.0,0.5,51.86175385790933,84.86905914240953,False,4893368.24958163,22300554.158901032,1821069.3724025115,32905025.73327564,17407185.9093194,31083956.36087313,True,True
uk,TLD6,Ref,20.0,100.0,0.8,64.92409703313781,84.86905914240953,False,454934.4347363275,6911661.084564342,10926.041691414739,10707232.08161001,6456726.649828015,10696306.039918594,True,True
uk,TLD6,Ref,20.0,300.0,0.8,64.92409703313781,84.86905914240953,False,3573756.3841100535,24666846.360756528,5569260.486678752,21919359.67604443,21093089.976646475,16350099.189365678,True,True
uk,TLD6,Ref,20.0,500.0,0.8,64.92409703313781,84.86905914240953,False,4893368.24958163,27917361.724249274,1821069.3724025115,44138640.86397214,23023993.474667642,42317571.49156963,True,True
uk,TLD6,Ref,20.0,100.0,0.9,67.11372545360423,84.86905914240953,False,454934.4347363275,7310002.579508851,10926.041691414739,11648772.302410569,6855068.144772524,11637846.260719154,True,True
uk,TLD6,Ref,20.0,300.0,0.9,67.11372545360423,84.86905914240953,False,3573756.3841100535,25557150.92096864,5569260.486678752,22860899.89684499,21983394.53685859,17291639.410166238,True,True
uk,TLD6,Ref,20.0,500.0,0.9,67.11372545360423,84.86905914240953,False,4893368.24958163,28858901.94504983,1821069.3724025115,46021721.30557324,23965533.6954682,44200651.93317073,True,True
uk,TLD6,Ref,20.0,100.0,1.0,123.02927307978895,84.86905914240953,True,454934.4347363275,19021491.42121843,10926.041691414739,35692457.78167,18566556.986482102,35681531.73997858,True,True
uk,TLD6,Ref,20.0,300.0,1.0,123.02927307978895,84.86905914240953,True,3573756.3841100535,49074388.13263788,5569260.486678752,46904585.37610443,45500631.748527825,41335324.88942568,True,True
uk,TLD6,Ref,20.0,500.0,1.0,123.02927307978895,84.86905914240953,True,4893368.24958163,52902587.424309246,1821069.3724025115,85730137.48806223,48009219.17472762,83909068.11565971,True,True
uk,TLD6,GNN-oof-42,20.0,100.0,0.5,76.01998417671756,88.11250613993525,False,480564.7311727469,7583898.524090969,1447898.3720862581,22734679.849071078,7103333.792918222,21286781.47698482,True,True
uk,TLD6,GNN-oof-42,20.0,300.0,0.5,76.01998417671756,88.11250613993525,False,8982367.903126959,30807183.528396875,1624976.7571379002,21268088.51415878,21824815.625269916,19643111.757020883,True,True
uk,TLD6,GNN-oof-42,20.0,500.0,0.5,76.01998417671756,88.11250613993525,False,10805449.263572263,32688593.195988547,2007388.6675933078,54790894.369259395,21883143.932416283,52783505.70166609,True,True
uk,TLD6,GNN-oof-42,20.0,100.0,0.8,101.99946650240464,88.11250613993525,True,480564.7311727469,13296492.329553932,1447898.3720862581,33905857.249116525,12815927.598381186,32457958.87703027,True,True
uk,TLD6,GNN-oof-42,20.0,300.0,0.8,101.99946650240464,88.11250613993525,True,8982367.903126959,41762347.45813342,1624976.7571379002,32374098.75547555,32779979.555006463,30749121.99833765,True,True
uk,TLD6,GNN-oof-42,20.0,500.0,0.8,101.99946650240464,88.11250613993525,True,10805449.263572263,43859770.596034005,2007388.6675933078,76893295.05140078,33054321.332461745,74885906.38380748,True,True
uk,TLD6,GNN-oof-42,20.0,100.0,0.9,107.90415481087383,88.11250613993525,True,480564.7311727469,14779158.259513926,1447898.3720862581,36444873.22175826,14298593.52834118,34996974.849672005,True,True
uk,TLD6,GNN-oof-42,20.0,300.0,0.9,107.90415481087383,88.11250613993525,True,8982367.903126959,44281083.94539306,1624976.7571379002,34913114.7281173,35298716.0422661,33288137.9709794,True,True
uk,TLD6,GNN-oof-42,20.0,500.0,0.9,107.90415481087383,88.11250613993525,True,10805449.263572263,46398786.568675764,2007388.6675933078,80877696.97593309,35593337.3051035,78870308.30833977,True,True
uk,TLD6,GNN-oof-42,20.0,100.0,1.0,157.95739385362262,88.11250613993525,True,480564.7311727469,28843465.456551712,1447898.3720862581,57967766.010140255,28362900.725378964,56519867.638054,True,True
uk,TLD6,GNN-oof-42,20.0,300.0,1.0,157.95739385362262,88.11250613993525,True,8982367.903126959,65757142.05314882,1624976.7571379002,56436007.516499296,56774774.150021866,54811030.759361394,True,True
uk,TLD6,GNN-oof-42,20.0,500.0,1.0,157.95739385362262,88.11250613993525,True,10805449.263572263,67921679.35705775,2007388.6675933078,102800738.64764085,57116230.09348549,100793349.98004755,True,True
uk,TLD6,GNN-oof-123,20.0,100.0,0.5,74.12834606645225,85.68388212232713,False,557143.3211156637,7264876.401158305,1411385.409162452,20792844.661455102,6707733.080042642,19381459.25229265,True,True
uk,TLD6,GNN-oof-123,20.0,300.0,0.5,74.12834606645225,85.68388212232713,False,8056643.751584226,29869155.533455856,1785323.294774405,20441880.152514674,21812511.78187163,18656556.857740268,True,True
uk,TLD6,GNN-oof-123,20.0,500.0,0.5,74.12834606645225,85.68388212232713,False,9880995.119146751,31875188.808574487,2007388.6675933003,52776272.54382571,21994193.689427733,50768883.87623241,True,True
uk,TLD6,GNN-oof-123,20.0,100.0,0.8,118.38422373529166,85.68388212232713,True,557143.3211156637,17425312.466281258,1411385.409162452,39822872.05905605,16868169.145165592,38411486.6498936,True,True
uk,TLD6,GNN-oof-123,20.0,300.0,0.8,118.38422373529166,85.68388212232713,True,8056643.751584226,48588924.77443372,1785323.294774405,39471907.5501156,40532281.02284949,37686584.255341195,True,True
uk,TLD6,GNN-oof-123,20.0,500.0,0.8,118.38422373529166,85.68388212232713,True,9880995.119146751,50905216.20617543,2007388.6675933003,84641301.62055002,41024221.08702868,82633912.95295672,True,True
uk,TLD6,GNN-oof-123,20.0,100.0,0.9,142.13143250089328,85.68388212232713,True,557143.3211156637,23921465.716060296,1411385.409162452,50034171.82826475,23364322.39494463,48622786.419102296,True,True
uk,TLD6,GNN-oof-123,20.0,300.0,0.9,142.13143250089328,85.68388212232713,True,8056643.751584226,58777162.16616351,1785323.294774405,49683207.319324315,50720518.41457929,47897884.02454991,True,True
uk,TLD6,GNN-oof-123,20.0,500.0,0.9,142.13143250089328,85.68388212232713,True,9880995.119146751,61116515.97538412,2007388.6675933003,94852601.38975872,51235520.856237374,92845212.72216542,True,True
uk,TLD6,GNN-oof-123,20.0,100.0,1.0,147.61748809062098,85.68388212232713,True,557143.3211156637,25510610.157405104,1411385.409162452,52393175.73184766,24953466.83628944,50981790.322685204,True,True
uk,TLD6,GNN-oof-123,20.0,300.0,1.0,147.61748809062098,85.68388212232713,True,8056643.751584226,61133807.06584285,1785323.294774405,52042211.22290722,53077163.31425863,50256887.92813282,True,True
uk,TLD6,GNN-oof-123,20.0,500.0,1.0,147.61748809062098,85.68388212232713,True,9880995.119146751,63475519.87896704,2007388.6675933003,97211605.2933416,53594524.75982029,95204216.6257483,True,True
uk,TLD6,GNN-oof-456,20.0,100.0,0.5,85.57723540044873,86.62303132371017,False,400268.5281256141,9492960.74391047,2212241.8719772827,28608092.919878744,9092692.215784855,26395851.04790146,True,True
uk,TLD6,GNN-oof-456,20.0,300.0,0.5,85.57723540044873,86.62303132371017,False,8453007.646271024,34945798.43373155,2319939.0748671377,26586933.00938513,26492790.787460525,24266993.934517995,True,True
uk,TLD6,GNN-oof-456,20.0,500.0,0.5,85.57723540044873,86.62303132371017,False,10204427.249366874,36798211.22219298,2007388.6675933078,62887361.61455898,26593783.97282611,60879972.94696567,True,True
uk,TLD6,GNN-oof-456,20.0,100.0,0.8,95.55722602559695,86.62303132371017,True,400268.5281256141,11782777.782591004,2212241.8719772827,32899488.88869248,11382509.25446539,30687247.0167152,True,True
uk,TLD6,GNN-oof-456,20.0,300.0,0.8,95.55722602559695,86.62303132371017,True,8453007.646271024,39188731.5802884,2319939.0748671377,30878328.978198864,30735723.93401738,28558389.903331727,True,True
uk,TLD6,GNN-oof-456,20.0,500.0,0.8,95.55722602559695,86.62303132371017,True,10204427.249366874,41089607.19100668,2007388.6675933078,71470153.55218646,30885179.94163981,69462764.88459316,True,True
uk,TLD6,GNN-oof-456,20.0,100.0,0.9,102.26618925954809,86.62303132371017,True,400268.5281256141,13417152.716263164,2212241.8719772827,35784343.07929146,13016884.18813755,33572101.20731418,True,True
uk,TLD6,GNN-oof-456,20.0,300.0,0.9,102.26618925954809,86.62303132371017,True,8453007.646271024,42056415.086355835,2319939.0748671377,33763183.16879785,33603407.440084815,31443244.093930714,True,True
uk,TLD6,GNN-oof-456,20.0,500.0,0.9,102.26618925954809,86.62303132371017,True,10204427.249366874,43974461.3816057,2007388.6675933078,77239861.93338445,33770034.13223883,75232473.26579115,True,True
uk,TLD6,GNN-oof-456,20.0,100.0,1.0,162.1845993438686,86.62303132371017,True,400268.5281256141,30330103.004743278,2212241.8719772827,61549259.41554929,29929834.476617664,59337017.54357201,True,True
uk,TLD6,GNN-oof-456,20.0,300.0,1.0,162.1845993438686,86.62303132371017,True,8453007.646271024,67777169.86779404,2319939.0748671377,59528099.50505568,59324162.22152302,57208160.430188544,True,True
uk,TLD6,GNN-oof-456,20.0,500.0,1.0,162.1845993438686,86.62303132371017,True,10204427.249366874,69739377.71786353,2007388.6675933078,108281510.22984794,59534950.46849666,106274121.56225464,True,True
uk,TLG1,Uni,10.0,100.0,0.5,133.45338909074314,131.31576282658722,True,9034257.838650417,54129034.102127105,10516079.999999994,44112806.04056199,45094776.263476685,33596726.040562,True,True
uk,TLG1,Uni,10.0,300.0,0.5,133.45338909074314,131.31576282658722,True,11987268.577555489,57384957.30901956,5187376.049271092,105481665.30703014,45397688.73146407,100294289.25775905,True,True
uk,TLG1,Uni,10.0,500.0,0.5,133.45338909074314,131.31576282658722,True,11987268.577555489,57384957.30901957,3647905.0,107665122.91860099,45397688.73146409,104017217.91860099,True,True
uk,TLG1,Uni,10.0,100.0,0.8,205.97080189468278,131.31576282658722,True,9034257.838650417,85311161.5258085,10516079.999999994,75295293.54625604,76276903.68715808,64779213.54625604,True,True
uk,TLG1,Uni,10.0,300.0,0.8,205.97080189468278,131.31576282658722,True,11987268.577555489,88567444.8147136,5187376.049271092,137192824.50071564,76580176.2371581,132005448.45144455,True,True
uk,TLG1,Uni,10.0,500.0,0.8,205.97080189468278,131.31576282658722,True,11987268.577555489,88567444.81471364,3647905.0,170030097.92998913,76580176.23715815,166382192.92998913,True,True
uk,TLG1,Uni,10.0,100.0,0.9,264.6432691923064,131.31576282658722,True,9034257.838650417,110540322.46378668,10516079.999999994,100524454.48423418,101506064.62513626,90008374.48423418,True,True
uk,TLG1,Uni,10.0,300.0,0.9,264.6432691923064,131.31576282658722,True,11987268.577555489,113796605.75269175,5187376.049271092,162421985.43869382,101809337.17513625,157234609.3894227,True,True
uk,TLG1,Uni,10.0,500.0,0.9,264.6432691923064,131.31576282658722,True,11987268.577555489,113796605.75269176,3647905.0,220488419.80594534,101809337.17513627,216840514.80594534,True,True
uk,TLG1,Uni,10.0,100.0,1.0,299.11319545672376,131.31576282658722,True,9034257.838650417,125362390.75748618,10516079.999999994,115346522.77793367,116328132.91883576,104830442.77793367,True,True
uk,TLG1,Uni,10.0,300.0,1.0,299.11319545672376,131.31576282658722,True,11987268.577555489,128618674.04639123,5187376.049271092,177244053.7323933,116631405.46883574,172056677.68312222,True,True
uk,TLG1,Uni,10.0,500.0,1.0,299.11319545672376,131.31576282658722,True,11987268.577555489,128618674.04639125,3647905.0,249358299.40705967,116631405.46883576,245710394.40705967,True,True
uk,TLG1,LU,10.0,100.0,0.5,116.97662315493824,130.80114186706115,False,8966251.408288782,47092355.551247865,10516079.999999994,37122218.710847855,38126104.14295908,26606138.710847862,True,True
uk,TLG1,LU,10.0,300.0,0.5,116.97662315493824,130.80114186706115,False,11879832.627998982,50299947.95662344,5504716.049271092,92505881.40906054,38420115.32862446,87001165.35978945,True,True
uk,TLG1,LU,10.0,500.0,0.5,116.97662315493824,130.80114186706115,False,11879832.627998982,50299947.95662346,3647905.0,93631373.71033031,38420115.32862447,89983468.71033031,True,True
uk,TLG1,LU,10.0,100.0,0.8,183.35299129823238,130.80114186706115,True,8966251.408288782,75624932.48852976,10516079.999999994,65664057.012464345,66658681.08024097,55147977.01246435,True,True
uk,TLG1,LU,10.0,300.0,0.8,183.35299129823238,130.80114186706115,True,11879832.627998982,78841786.25823995,5504716.049271092,128056585.99609935,66961953.63024098,122551869.94682826,True,True
uk,TLG1,LU,10.0,500.0,0.8,183.35299129823238,130.80114186706115,True,11879832.627998982,78841786.25823995,3647905.0,150715050.31356326,66961953.63024098,147067145.31356326,True,True
uk,TLG1,LU,10.0,100.0,0.9,224.25093738605622,130.80114186706115,True,8966251.408288782,93211049.30629398,10516079.999999994,83250173.83022855,84244797.8980052,72734093.83022855,True,True
uk,TLG1,LU,10.0,300.0,0.9,224.25093738605622,130.80114186706115,True,11879832.627998982,96427903.07600419,5504716.049271092,145642702.81386358,84548070.44800521,140137986.76459247,True,True
uk,TLG1,LU,10.0,500.0,0.9,224.25093738605622,130.80114186706115,True,11879832.627998982,96427903.0760042,3647905.0,185887283.94909176,84548070.44800523,182239378.94909176,True,True
uk,TLG1,LU,10.0,100.0,1.0,262.7690421221426,130.80114186706115,True,8966251.408288782,109773834.34281112,10516079.999999994,99812958.86674573,100807582.93452235,89296878.86674573,True,True
uk,TLG1,LU,10.0,300.0,1.0,262.7690421221426,130.80114186706115,True,11879832.627998982,112990688.11252134,5504716.049271092,162205487.85038072,101110855.48452236,156700771.8011096,True,True
uk,TLG1,LU,10.0,500.0,1.0,262.7690421221426,130.80114186706115,True,11879832.627998982,112990688.11252138,3647905.0,219012854.02212605,101110855.4845224,215364949.02212605,True,True
uk,TLG1,LU-soft,10.0,100.0,0.5,108.90251827939302,133.91539313168468,False,9267581.782680748,43503945.293071076,10516079.999999994,33668497.96628363,34236363.51039033,23152417.966283634,True,True
uk,TLG1,LU-soft,10.0,300.0,0.5,108.90251827939302,133.91539313168468,False,12304638.866683789,46828082.86013901,5487946.049271092,85888166.4416183,34523443.993455224,80400220.3923472,True,True
uk,TLG1,LU-soft,10.0,500.0,0.5,108.90251827939302,133.91539313168468,False,12304638.866683789,46828082.86013902,3647905.0,86156005.30844375,34523443.99345523,82508100.30844375,True,True
uk,TLG1,LU-soft,10.0,100.0,0.8,146.0164210685444,133.91539313168468,True,9267581.782680748,59446731.42547106,10516079.999999994,49627476.1656187,50179149.64279031,39111396.16561871,True,True
uk,TLG1,LU-soft,10.0,300.0,0.8,146.0164210685444,133.91539313168468,True,12304638.866683789,62787061.0594741,5487946.049271092,111029644.2943939,50482422.192790315,105541698.2451228,True,True
uk,TLG1,LU-soft,10.0,500.0,0.8,146.0164210685444,133.91539313168468,True,12304638.866683789,62787061.05947412,3647905.0,118073961.70711398,50482422.19279033,114426056.70711398,True,True
uk,TLG1,LU-soft,10.0,100.0,0.9,154.45661951762705,133.91539313168468,True,9267581.782680748,63076016.75857661,10516079.999999994,53256761.49872425,53808434.97589586,42740681.49872426,True,True
uk,TLG1,LU-soft,10.0,300.0,0.9,154.45661951762705,133.91539313168468,True,12304638.866683789,66416346.39257966,5487946.049271092,114658929.62749946,54111707.52589587,109170983.57822837,True,True
uk,TLG1,LU-soft,10.0,500.0,0.9,154.45661951762705,133.91539313168468,True,12304638.866683789,66416346.39257967,3647905.0,125332532.37332508,54111707.52589588,121684627.37332508,True,True
uk,TLG1,LU-soft,10.0,100.0,1.0,173.255169967844,133.91539313168468,True,9267581.782680748,71159393.4521699,10516079.999999994,61340138.19231757,61891811.669489145,50824058.192317575,True,True
uk,TLG1,LU-soft,10.0,300.0,1.0,173.255169967844,133.91539313168468,True,12304638.866683789,74499723.08617294,5487946.049271092,122742306.32109275,62195084.21948915,117254360.27182166,True,True
uk,TLG1,LU-soft,10.0,500.0,1.0,173.255169967844,133.91539313168468,True,12304638.866683789,74499723.08617294,3647905.0,141499285.7605116,62195084.21948915,137851380.7605116,True,True
uk,TLG1,Ref,10.0,100.0,0.5,56.66203286801185,88.00004554947004,False,4446442.921494554,23537481.052941505,5701585.0,17534770.2925808,19091038.13144695,11833185.292580798,True,True
uk,TLG1,Ref,10.0,300.0,0.5,56.66203286801185,88.00004554947004,False,5021910.03467929,24364674.13324511,4722307.366180733,41538038.70871197,19342764.09856582,36815731.342531234,True,True
uk,TLG1,Ref,10.0,500.0,0.5,56.66203286801185,88.00004554947004,False,5021910.03467929,24364674.133245118,4712688.861516058,42823369.55224693,19342764.098565828,38110680.69073087,True,True
uk,TLG1,Ref,10.0,100.0,0.8,64.06002785454221,88.00004554947004,False,4446442.921494554,26701726.933923356,5701585.0,20715908.136788853,22255284.0124288,15014323.136788853,True,True
uk,TLG1,Ref,10.0,300.0,0.8,64.06002785454221,88.00004554947004,False,5021910.03467929,27545811.977453165,4722307.366180733,47900314.39712807,22523901.942773875,43178007.030947335,True,True
uk,TLG1,Ref,10.0,500.0,0.8,64.06002785454221,88.00004554947004,False,5021910.03467929,27545811.977453172,4712688.861516058,49185645.2406631,22523901.942773882,44472956.37914704,True,True
uk,TLG1,Ref,10.0,100.0,0.9,82.37576183318669,88.00004554947004,False,4446442.921494554,34552242.82675856,5701585.0,28591673.74760599,30105799.90526401,22890088.74760599,True,True
uk,TLG1,Ref,10.0,300.0,0.9,82.37576183318669,88.00004554947004,False,5021910.03467929,35421577.58827029,4722307.366180733,63651845.61876233,30399667.553591,58929538.2525816,True,True
uk,TLG1,Ref,10.0,500.0,0.9,82.37576183318669,88.00004554947004,False,5021910.03467929,35421577.5882703,4712688.861516058,64937176.4622973,30399667.55359101,60224487.60078124,True,True
uk,TLG1,Ref,10.0,100.0,1.0,93.44344260792676,88.00004554947004,True,4446442.921494554,39307380.88964104,5701585.0,33350776.480744213,34860937.96814649,27649191.480744213,True,True
uk,TLG1,Ref,10.0,300.0,1.0,93.44344260792676,88.00004554947004,True,5021910.03467929,40180680.32140851,4722307.366180733,73170051.08503877,35158770.28672922,68447743.71885803,True,True
uk,TLG1,Ref,10.0,500.0,1.0,93.44344260792676,88.00004554947004,True,5021910.03467929,40180680.321408525,4712688.861516058,74455381.9285738,35158770.28672923,69742693.06705774,True,True
uk,TLG1,GNN-oof-42,10.0,100.0,0.5,83.86119519818685,110.8901280132392,False,6419271.26057583,34522068.17647348,9834529.999999998,27394668.378938366,28102796.915897653,17560138.37893837,True,True
uk,TLG1,GNN-oof-42,10.0,300.0,0.5,83.86119519818685,110.8901280132392,False,7678469.595220041,36060313.93522035,5316686.707725912,64063132.83956653,28381844.340000313,58746446.13184062,True,True
uk,TLG1,GNN-oof-42,10.0,500.0,0.5,83.86119519818685,110.8901280132392,False,7678469.5952200405,36060313.93522037,4864908.861516058,64224404.42643984,28381844.340000328,59359495.56492378,True,True
uk,TLG1,GNN-oof-42,10.0,100.0,0.8,119.41068136858937,110.8901280132392,True,6419271.26057583,49784122.103849225,9834529.999999998,42680947.43221146,43364850.843273394,32846417.43221146,True,True
uk,TLG1,GNN-oof-42,10.0,300.0,0.8,119.41068136858937,110.8901280132392,True,7678469.595220041,51346592.988493435,5316686.707725912,94635690.9461127,43668123.39327339,89319004.2383868,True,True
uk,TLG1,GNN-oof-42,10.0,500.0,0.8,119.41068136858937,110.8901280132392,True,7678469.5952200405,51346592.98849345,4864908.861516058,94796962.53298599,43668123.39327341,89932053.67146993,True,True
uk,TLG1,GNN-oof-42,10.0,100.0,0.9,137.40659418154004,110.8901280132392,True,6419271.26057583,57522364.61341803,9834529.999999998,50419189.94178024,51103093.3528422,40584659.94178024,True,True
uk,TLG1,GNN-oof-42,10.0,300.0,0.9,137.40659418154004,110.8901280132392,True,7678469.595220041,59084835.49806224,5316686.707725912,108530734.78263159,51406365.902842194,103214048.07490568,True,True
uk,TLG1,GNN-oof-42,10.0,500.0,0.9,137.40659418154004,110.8901280132392,True,7678469.5952200405,59084835.49806225,4864908.861516058,110273447.55212359,51406365.90284221,105408538.69060753,True,True
uk,TLG1,GNN-oof-42,10.0,100.0,1.0,141.83175994954144,110.8901280132392,True,6419271.26057583,59425185.8936586,9834529.999999998,52322011.222020835,53005914.63308277,42487481.222020835,True,True
uk,TLG1,GNN-oof-42,10.0,300.0,1.0,141.83175994954144,110.8901280132392,True,7678469.595220041,60987656.77830281,5316686.707725912,111882789.93465786,53309187.18308277,106566103.22693194,True,True
uk,TLG1,GNN-oof-42,10.0,500.0,1.0,141.83175994954144,110.8901280132392,True,7678469.5952200405,60987656.77830285,4864908.861516058,114079090.11260481,53309187.183082804,109214181.25108875,True,True
uk,TLG1,GNN-oof-123,10.0,100.0,0.5,79.71586446138645,114.70893430952995,False,6726514.738235587,32445681.397580985,8413379.999999996,24019896.604371622,25719166.659345396,15606516.604371626,True,True
uk,TLG1,GNN-oof-123,10.0,300.0,0.5,79.71586446138645,114.70893430952995,False,8304145.127641176,34277821.71839619,3654868.353862956,60758757.78541861,25973676.590755012,57103889.43155565,True,True
uk,TLG1,GNN-oof-123,10.0,500.0,0.5,79.71586446138645,114.70893430952995,False,8304145.127641174,34277821.71839619,4962061.076895088,60611282.36871624,25973676.590755012,55649221.29182115,True,True
uk,TLG1,GNN-oof-123,10.0,100.0,0.8,114.68518184596596,114.70893430952995,False,6726514.738235587,47433725.25435979,8413379.999999996,39056703.0797408,40707210.516124204,30643323.079740804,True,True
uk,TLG1,GNN-oof-123,10.0,300.0,0.8,114.68518184596596,114.70893430952995,False,8304145.127641176,49314628.19376538,3654868.353862956,90832370.736157,41010483.0661242,87177502.38229404,True,True
uk,TLG1,GNN-oof-123,10.0,500.0,0.8,114.68518184596596,114.70893430952995,False,8304145.127641174,49314628.19376539,4962061.076895088,90684895.31945458,41010483.066124216,85722834.2425595,True,True
uk,TLG1,GNN-oof-123,10.0,100.0,0.9,136.29315828458743,114.70893430952995,True,6726514.738235587,56725155.122967005,8413379.999999996,48348132.94834805,49998640.38473142,39934752.94834806,True,True
uk,TLG1,GNN-oof-123,10.0,300.0,0.9,136.29315828458743,114.70893430952995,True,8304145.127641176,58606058.062372595,3654868.353862956,106990899.58572702,50301912.93473142,103336031.23186406,True,True
uk,TLG1,GNN-oof-123,10.0,500.0,0.9,136.29315828458743,114.70893430952995,True,8304145.127641174,58606058.06237262,4962061.076895088,109267755.05666915,50301912.934731446,104305693.97977406,True,True
uk,TLG1,GNN-oof-123,10.0,100.0,1.0,179.28756079992377,114.70893430952995,True,6726514.738235587,75212748.20456165,8413379.999999996,66835726.02994267,68486233.46632606,58422346.02994268,True,True
uk,TLG1,GNN-oof-123,10.0,300.0,1.0,179.28756079992377,114.70893430952995,True,8304145.127641176,77093651.14396724,3654868.353862956,134370932.32988966,68789506.01632607,130716063.9760267,True,True
uk,TLG1,GNN-oof-123,10.0,500.0,1.0,179.28756079992377,114.70893430952995,True,8304145.127641174,77093651.14396726,4962061.076895088,146242941.21985835,68789506.01632608,141280880.14296326,True,True
uk,TLG1,GNN-oof-456,10.0,100.0,0.5,78.5598973993369,107.66132406921432,False,6309028.9342486095,32346256.070981696,8413379.999999996,22781844.03331105,26037227.136733085,14368464.033311054,True,True
uk,TLG1,GNN-oof-456,10.0,300.0,0.5,78.5598973993369,107.66132406921432,False,7466493.077223055,33780755.88171488,4663576.3784985095,58866183.76006383,26314262.804491825,54202607.38156532,True,True
uk,TLG1,GNN-oof-456,10.0,500.0,0.5,78.5598973993369,107.66132406921432,False,7466493.077223055,33780755.88171489,4409996.646137059,59212441.3733011,26314262.804491833,54802444.727164045,True,True
uk,TLG1,GNN-oof-456,10.0,100.0,0.8,112.60038743853629,107.66132406921432,True,6309028.9342486095,46957429.90559615,8413379.999999996,37419254.75016679,40648400.97134754,29005874.750166792,True,True
uk,TLG1,GNN-oof-456,10.0,300.0,0.8,112.60038743853629,107.66132406921432,True,7466493.077223055,48418166.5985706,4663576.3784985095,88141005.1937753,40951673.521347545,83477428.81527679,True,True
uk,TLG1,GNN-oof-456,10.0,500.0,0.8,112.60038743853629,107.66132406921432,True,7466493.077223055,48418166.598570615,4409996.646137059,88487262.80701256,40951673.52134756,84077266.1608755,True,True
uk,TLG1,GNN-oof-456,10.0,100.0,0.9,125.70505772308329,107.66132406921432,True,6309028.9342486095,52592438.12795137,8413379.999999996,43054262.972522005,46283409.19370276,34640882.972522005,True,True
uk,TLG1,GNN-oof-456,10.0,300.0,0.9,125.70505772308329,107.66132406921432,True,7466493.077223055,54053174.820925824,4663576.3784985095,99411021.6384857,46586681.74370277,94747445.25998719,True,True
uk,TLG1,GNN-oof-456,10.0,500.0,0.9,125.70505772308329,107.66132406921432,True,7466493.077223055,54053174.82092584,4409996.646137059,99757279.25172302,46586681.743702784,95347282.60558596,True,True
uk,TLG1,GNN-oof-456,10.0,100.0,1.0,142.54993577596835,107.66132406921432,True,6309028.9342486095,59835735.69069195,8413379.999999996,50297560.53526258,53526706.75644334,41884180.535262585,True,True
uk,TLG1,GNN-oof-456,10.0,300.0,1.0,142.54993577596835,107.66132406921432,True,7466493.077223055,61296472.383666396,4663576.3784985095,112303769.48083076,53829979.30644334,107640193.10233225,True,True
uk,TLG1,GNN-oof-456,10.0,500.0,1.0,142.54993577596835,107.66132406921432,True,7466493.077223055,61296472.38366641,4409996.646137059,114243874.37720414,53829979.306443356,109833877.73106708,True,True
uk,TLG1,Uni,20.0,100.0,0.5,166.866172519878,157.67533480722307,True,9004980.312147712,53109977.90268067,407209.9999999987,62776804.4795837,44104997.59053296,62369594.4795837,True,True
uk,TLG1,Uni,20.0,300.0,0.5,166.866172519878,157.67533480722307,True,18301688.72751209,70524831.46678977,3592972.0369532965,60050025.113504864,52223142.739277676,56457053.07655157,True,True
uk,TLG1,Uni,20.0,500.0,0.5,166.866172519878,157.67533480722307,True,19529311.44426988,71752454.18354756,4965604.938411161,131658304.06457508,52223142.739277676,126692699.12616391,True,True
uk,TLG1,Uni,20.0,100.0,0.8,258.2694109999469,157.67533480722307,True,9004980.312147712,90000244.46044458,407209.9999999987,102080197.02601333,80995264.14829688,101672987.02601333,True,True
uk,TLG1,Uni,20.0,300.0,0.8,258.2694109999469,157.67533480722307,True,18301688.72751209,109828224.01321937,3592972.0369532965,99353417.65993448,91526535.28570728,95760445.62298118,True,True
uk,TLG1,Uni,20.0,500.0,0.8,258.2694109999469,157.67533480722307,True,19529311.44426988,111055846.72997718,4965604.938411161,173658436.29216978,91526535.2857073,168692831.35375863,True,True
uk,TLG1,Uni,20.0,100.0,0.9,337.1630220478023,157.67533480722307,True,9004980.312147712,123774082.67084412,407209.9999999987,136004449.77659115,114769102.35869642,135597239.77659115,True,True
uk,TLG1,Uni,20.0,300.0,0.9,337.1630220478023,157.67533480722307,True,18301688.72751209,143752476.76379725,3592972.0369532965,133277670.41051233,125450788.03628516,129684698.37355903,True,True
uk,TLG1,Uni,20.0,500.0,0.9,337.1630220478023,157.67533480722307,True,19529311.44426988,144980099.48055503,4965604.938411161,207582689.04274756,125450788.03628515,202617084.10433638,True,True
uk,TLG1,Uni,20.0,100.0,1.0,358.20183738339733,157.67533480722307,True,9004980.312147712,132820773.26514997,407209.9999999987,145051140.37089702,123815792.95300226,144643930.37089702,True,True
uk,TLG1,Uni,20.0,300.0,1.0,358.20183738339733,157.67533480722307,True,18301688.72751209,152799167.35810307,3592972.0369532965,142324361.00481814,134497478.63059098,138731388.96786484,True,True
uk,TLG1,Uni,20.0,500.0,1.0,358.20183738339733,157.67533480722307,True,19529311.44426988,154026790.07486087,4965604.938411161,216629379.63705343,134497478.63059098,211663774.69864225,True,True
uk,TLG1,LU,20.0,100.0,0.5,162.77894166996043,155.28210867900972,True,8897566.13281462,51656356.76044219,407209.9999999987,61179748.42865877,42758790.62762757,60772538.42865877,True,True
uk,TLG1,LU,20.0,300.0,0.5,162.77894166996043,155.28210867900972,True,18032670.85865825,68809047.25399719,3592972.0369533002,57872751.73562461,50776376.39533894,54279779.69867131,True,True
uk,TLG1,LU,20.0,500.0,0.5,162.77894166996043,155.28210867900972,True,19218568.522744026,69994944.91808298,4926044.938411146,128471275.97671106,50776376.39533895,123545231.03829992,True,True
uk,TLG1,LU,20.0,100.0,0.8,265.3723422404418,155.28210867900972,True,8897566.13281462,93155853.94116828,407209.9999999987,105294910.67396578,84258287.80835366,104887700.67396578,True,True
uk,TLG1,LU,20.0,300.0,0.8,265.3723422404418,155.28210867900972,True,18032670.85865825,112924209.49930418,3592972.0369533002,101987913.98093161,94891538.64064592,98394941.94397831,True,True
uk,TLG1,LU,20.0,500.0,0.8,265.3723422404418,155.28210867900972,True,19218568.522744026,114110107.16339,4926044.938411146,177234778.52378473,94891538.64064597,172308733.58537358,True,True
uk,TLG1,LU,20.0,100.0,0.9,309.62702365031816,155.28210867900972,True,8897566.13281462,112098562.16718237,407209.9999999987,124324423.68021262,103200996.03436776,123917213.68021262,True,True
uk,TLG1,LU,20.0,300.0,0.9,309.62702365031816,155.28210867900972,True,18032670.85865825,131953722.505551,3592972.0369533002,121017426.98717842,113921051.64689274,117424454.95022511,True,True
uk,TLG1,LU,20.0,500.0,0.9,309.62702365031816,155.28210867900972,True,19218568.522744026,133139620.16963683,4926044.938411146,196264291.53003153,113921051.6468928,191338246.5916204,True,True
uk,TLG1,LU,20.0,100.0,1.0,363.1932798490136,155.28210867900972,True,8897566.13281462,135132052.33262143,407209.9999999987,147357913.84565163,126234486.19980681,146950703.84565163,True,True
uk,TLG1,LU,20.0,300.0,1.0,363.1932798490136,155.28210867900972,True,18032670.85865825,154987212.67099008,3592972.0369533002,144050917.15261745,136954541.81233183,140457945.11566415,True,True
uk,TLG1,LU,20.0,500.0,1.0,363.1932798490136,155.28210867900972,True,19218568.522744026,156173110.33507586,4926044.938411146,219297781.69547057,136954541.81233183,214371736.75705943,True,True
uk,TLG1,LU-soft,20.0,100.0,0.5,148.33881177810895,161.80788610095817,False,9406447.066597631,45964489.38183613,108574.99999999903,52373183.73985828,36558042.3152385,52264608.73985828,True,True
uk,TLG1,LU-soft,20.0,300.0,0.5,148.33881177810895,161.80788610095817,False,18900350.838693645,62456438.550949186,3648657.0369533002,51842823.58537675,43556087.71225554,48194166.54842345,True,True
uk,TLG1,LU-soft,20.0,500.0,0.5,148.33881177810895,161.80788610095817,False,20229601.35233132,63785689.06458688,4458634.938411161,115547463.45420003,43556087.71225555,111088828.51578887,True,True
uk,TLG1,LU-soft,20.0,100.0,0.8,175.384616980947,161.80788610095817,True,9406447.066597631,56258398.62135428,108574.99999999903,64002879.97707863,46851951.55475665,63894304.97707863,True,True
uk,TLG1,LU-soft,20.0,300.0,0.8,175.384616980947,161.80788610095817,True,18900350.838693645,74086134.78816952,3648657.0369533002,63472519.82259711,55185783.94947587,59823862.78564381,True,True
uk,TLG1,LU-soft,20.0,500.0,0.8,175.384616980947,161.80788610095817,True,20229601.35233132,75415385.30180722,4458634.938411161,136073572.3764637,55185783.9494759,131614937.43805255,True,True
uk,TLG1,LU-soft,20.0,100.0,0.9,190.1349850980808,161.80788610095817,True,9406447.066597631,61988131.50064771,108574.99999999903,70345538.26744619,52581684.434050076,70236963.26744619,True,True
uk,TLG1,LU-soft,20.0,300.0,0.9,190.1349850980808,161.80788610095817,True,18900350.838693645,80428793.07853708,3648657.0369533002,69815178.11296462,61528442.23984343,66166521.076011315,True,True
uk,TLG1,LU-soft,20.0,500.0,0.9,190.1349850980808,161.80788610095817,True,20229601.35233132,81758043.59217477,4458634.938411161,142736995.8906627,61528442.23984344,138278360.95225155,True,True
uk,TLG1,LU-soft,20.0,100.0,1.0,278.47443572405786,161.80788610095817,True,9406447.066597631,98343147.34915993,108574.99999999903,108331502.0366163,88936700.2825623,108222927.0366163,True,True
uk,TLG1,LU-soft,20.0,300.0,1.0,278.47443572405786,161.80788610095817,True,18900350.838693645,118414756.84770718,3648657.0369533002,107801141.8821348,99514406.00901353,104152484.8451815,True,True
uk,TLG1,LU-soft,20.0,500.0,1.0,278.47443572405786,161.80788610095817,True,20229601.35233132,119744007.36134487,4458634.938411161,180722959.65983286,99514406.00901355,176264324.72142172,True,True
uk,TLG1,Ref,20.0,100.0,0.5,66.92531543696732,83.81940646911767,False,2915135.3702507247,19690526.88800586,620919.9999999999,20822831.84832533,16775391.517755136,20201911.84832533,True,True
uk,TLG1,Ref,20.0,300.0,0.5,66.92531543696732,83.81940646911767,False,6944079.651635106,28763912.52389696,2318189.6707725823,34426966.4356858,21819832.872261852,32108776.764913216,True,True
uk,TLG1,Ref,20.0,500.0,0.5,66.92531543696732,83.81940646911767,False,6958052.765634098,28777885.63789596,2814023.8615160733,43692484.222725414,21819832.872261863,40878460.36120934,True,True
uk,TLG1,Ref,20.0,100.0,0.8,84.71099836971736,83.81940646911767,True,2915135.3702507247,26011867.60079913,620919.9999999999,28470675.50940784,23096732.230548404,27849755.50940784,True,True
uk,TLG1,Ref,20.0,300.0,0.8,84.71099836971736,83.81940646911767,True,6944079.651635106,36411756.184979476,2318189.6707725823,42074810.096768305,29467676.53334437,39756620.42599572,True,True
uk,TLG1,Ref,20.0,500.0,0.8,84.71099836971736,83.81940646911767,True,6958052.765634098,36425729.29897847,2814023.8615160733,58988171.544890404,29467676.533344373,56174147.68337433,True,True
uk,TLG1,Ref,20.0,100.0,0.9,101.0982440676565,83.81940646911767,True,2915135.3702507247,32035898.777516447,620919.9999999999,35517191.15952168,29120763.407265723,34896271.15952168,True,True
uk,TLG1,Ref,20.0,300.0,0.9,101.0982440676565,83.81940646911767,True,6944079.651635106,43458271.835093305,2318189.6707725823,49121325.74688211,36514192.1834582,46803136.07610953,True,True
uk,TLG1,Ref,20.0,500.0,0.9,101.0982440676565,83.81940646911767,True,6958052.765634098,43472244.9490923,2814023.8615160733,73081202.84511808,36514192.1834582,70267178.983602,True,True
uk,TLG1,Ref,20.0,100.0,1.0,158.76387311166786,83.81940646911767,True,2915135.3702507247,54734628.23283865,620919.9999999999,60313411.64844656,51819492.86258793,59692491.64844656,True,True
uk,TLG1,Ref,20.0,300.0,1.0,158.76387311166786,83.81940646911767,True,6944079.651635106,68254492.32401818,2318189.6707725823,73917546.23580703,61310412.67238308,71599356.56503445,True,True
uk,TLG1,Ref,20.0,500.0,1.0,158.76387311166786,83.81940646911767,True,6958052.765634098,68268465.43801717,2814023.8615160733,122673643.82296784,61310412.67238308,119859619.96145177,True,True
uk,TLG1,GNN-oof-42,20.0,100.0,0.5,98.10045056476967,133.55347304791172,False,5798132.288240904,30481353.819170244,1531015.0000000007,27202849.64231304,24683221.530929342,25671834.64231304,True,True
uk,TLG1,GNN-oof-42,20.0,300.0,0.5,98.10045056476967,133.55347304791172,False,11750442.5562579,41763279.05023643,4237912.366180703,42418588.12588293,30012836.493978526,38180675.75970223,True,True
uk,TLG1,GNN-oof-42,20.0,500.0,0.5,98.10045056476967,133.55347304791172,False,12170357.248872444,42183193.74285099,8986881.58454819,74270149.5832201,30012836.493978545,65283267.998671904,True,True
uk,TLG1,GNN-oof-42,20.0,100.0,0.8,122.67703020655775,133.55347304791172,False,5798132.288240904,39629368.32480576,1531015.0000000007,37770778.888281904,33831236.03656486,36239763.888281904,True,True
uk,TLG1,GNN-oof-42,20.0,300.0,0.8,122.67703020655775,133.55347304791172,False,11750442.5562579,52331208.29620529,4237912.366180703,52986517.37185179,40580765.73994739,48748605.005671084,True,True
uk,TLG1,GNN-oof-42,20.0,500.0,0.8,122.67703020655775,133.55347304791172,False,12170357.248872444,52751122.988819845,8986881.58454819,95406008.07515779,40580765.7399474,86419126.4906096,True,True
uk,TLG1,GNN-oof-42,20.0,100.0,0.9,138.2817515065857,133.55347304791172,True,5798132.288240904,45572640.04231782,1531015.0000000007,44480809.047293946,39774507.75407692,42949794.047293946,True,True
uk,TLG1,GNN-oof-42,20.0,300.0,0.9,138.2817515065857,133.55347304791172,True,11750442.5562579,59041238.45521732,4237912.366180703,59696547.53086382,47290795.89895941,55458635.16468312,True,True
uk,TLG1,GNN-oof-42,20.0,500.0,0.9,138.2817515065857,133.55347304791172,True,12170357.248872444,59461153.14783188,8986881.58454819,108826068.39318188,47290795.898959436,99839186.80863369,True,True
uk,TLG1,GNN-oof-42,20.0,100.0,1.0,203.83707882726688,133.55347304791172,True,5798132.288240904,71882157.47034326,1531015.0000000007,72669599.79518685,66084025.18210236,71138584.79518685,True,True
uk,TLG1,GNN-oof-42,20.0,300.0,1.0,203.83707882726688,133.55347304791172,True,11750442.5562579,87230029.20311023,4237912.366180703,87885338.27875672,75479586.64685233,83647425.91257602,True,True
uk,TLG1,GNN-oof-42,20.0,500.0,1.0,203.83707882726688,133.55347304791172,True,12170357.248872444,87649943.89572476,8986881.58454819,160058646.39222854,75479586.64685231,151071764.80768037,True,True
uk,TLG1,GNN-oof-123,20.0,100.0,0.5,95.65937466963221,145.55573673123507,False,6219547.913008694,29409191.93702477,1531015.0000000007,27236634.97244104,23189644.024016075,25705619.97244104,True,True
uk,TLG1,GNN-oof-123,20.0,300.0,0.5,95.65937466963221,145.55573673123507,False,12941476.598464515,40522305.68437089,4524997.0369533,41341932.11080201,27580829.085906375,36816935.07384871,True,True
uk,TLG1,GNN-oof-123,20.0,500.0,0.5,95.65937466963221,145.55573673123507,False,13554739.43987873,41133531.107941866,10468363.230685264,71855139.94911131,27578791.668063134,61386776.71842605,True,True
uk,TLG1,GNN-oof-123,20.0,100.0,0.8,127.56327734896789,145.55573673123507,False,6219547.913008694,41255182.28376993,1531015.0000000007,40955313.12455538,35035634.37076123,39424298.12455538,True,True
uk,TLG1,GNN-oof-123,20.0,300.0,0.8,127.56327734896789,145.55573673123507,False,12941476.598464515,54238946.41864199,4524997.0369533,55060610.26291634,41297469.82017748,50535613.22596304,True,True
uk,TLG1,GNN-oof-123,20.0,500.0,0.8,127.56327734896789,145.55573673123507,False,13554739.43987873,54852209.26005621,10468363.230685264,99292496.25334005,41297469.82017748,88824133.02265479,True,True
uk,TLG1,GNN-oof-123,20.0,100.0,0.9,183.4143708230883,145.55573673123507,True,6219547.913008694,63227912.37706882,1531015.0000000007,64971283.31842716,57008364.46406013,63440268.31842716,True,True
uk,TLG1,GNN-oof-123,20.0,300.0,0.9,183.4143708230883,145.55573673123507,True,12941476.598464515,78254916.61251377,4524997.0369533,79076580.45678814,65313440.01404925,74551583.41983484,True,True
uk,TLG1,GNN-oof-123,20.0,500.0,0.9,183.4143708230883,145.55573673123507,True,13554739.43987873,78868179.453928,10468363.230685264,141945212.64655325,65313440.01404926,131476849.41586798,True,True
uk,TLG1,GNN-oof-123,20.0,100.0,1.0,190.49388459836857,145.55573673123507,True,6219547.913008694,66098847.709604844,1531015.0000000007,68015474.24179766,59879299.796596155,66484459.241797656,True,True
uk,TLG1,GNN-oof-123,20.0,300.0,1.0,190.49388459836857,145.55573673123507,True,12941476.598464515,81299107.53588428,4524997.0369533,82120771.38015862,68357630.93741976,77595774.34320532,True,True
uk,TLG1,GNN-oof-123,20.0,500.0,1.0,190.49388459836857,145.55573673123507,True,13554739.43987873,81912370.3772985,10468363.230685264,147365787.13702884,68357630.93741977,136897423.90634358,True,True
uk,TLG1,GNN-oof-456,20.0,100.0,0.5,110.43366348716687,117.44454885155974,False,5627055.141481676,34937730.26922375,1531015.0000000007,35212092.05015629,29310675.127742074,33681077.05015629,True,True
uk,TLG1,GNN-oof-456,20.0,300.0,0.5,110.43366348716687,117.44454885155974,False,11274144.332203444,47234062.84373879,5013083.024635535,48854635.57159079,35959918.51153535,43841552.54695526,True,True
uk,TLG1,GNN-oof-456,20.0,500.0,0.5,110.43366348716687,117.44454885155974,False,11526556.787946418,47486475.299481764,6104459.938411161,84123544.9801817,35959918.51153535,78019085.04177053,True,True
uk,TLG1,GNN-oof-456,20.0,100.0,0.8,123.31240303916834,117.44454885155974,True,5627055.141481676,39784710.65463259,1531015.0000000007,40749950.05751693,34157655.513150916,39218935.05751693,True,True
uk,TLG1,GNN-oof-456,20.0,300.0,0.8,123.31240303916834,117.44454885155974,True,11274144.332203444,52771920.851099424,5013083.024635535,54392493.57895142,41497776.51889598,49379410.55431588,True,True
uk,TLG1,GNN-oof-456,20.0,500.0,0.8,123.31240303916834,117.44454885155974,True,11526556.787946418,53024333.30684241,6104459.938411161,95199260.99490297,41497776.51889599,89094801.0564918,True,True
uk,TLG1,GNN-oof-456,20.0,100.0,0.9,131.9700254157151,117.44454885155974,True,5627055.141481676,43095642.618742205,1531015.0000000007,44472727.67943204,37468587.47726053,42941712.67943204,True,True
uk,TLG1,GNN-oof-456,20.0,300.0,0.9,131.9700254157151,117.44454885155974,True,11274144.332203444,56494698.473014526,5013083.024635535,58115271.20086652,45220554.140811086,53102188.17623098,True,True
uk,TLG1,GNN-oof-456,20.0,500.0,0.9,131.9700254157151,117.44454885155974,True,11526556.787946418,56747110.9287575,6104459.938411161,102644816.23873314,45220554.140811086,96540356.30032198,True,True
uk,TLG1,GNN-oof-456,20.0,100.0,1.0,209.29210184146538,117.44454885155974,True,5627055.141481676,74366671.43446139,1531015.0000000007,77721220.54250465,68739616.2929797,76190205.54250465,True,True
uk,TLG1,GNN-oof-456,20.0,300.0,1.0,209.29210184146538,117.44454885155974,True,11274144.332203444,89743191.33608712,5013083.024635535,91363764.06393912,78469047.00388367,86350681.03930359,True,True
uk,TLG1,GNN-oof-456,20.0,500.0,1.0,209.29210184146538,117.44454885155974,True,11526556.787946418,89995603.79183011,6104459.938411161,164771464.04824457,78469047.00388369,158667004.10983342,True,True
uk,TLG2,Uni,10.0,100.0,0.5,167.97987119592554,128.55652526103853,True,8199217.744401721,66166948.789616056,11250241.227696786,62553727.49059598,57967731.04521433,51303486.2628992,True,True
uk,TLG2,Uni,10.0,300.0,0.5,167.97987119592554,128.55652526103853,True,11760699.671168761,72199786.57116611,4733010.0,70642296.01946922,60439086.89999735,65909286.01946922,True,True
uk,TLG2,Uni,10.0,500.0,0.5,167.97987119592554,128.55652526103853,True,11792257.714250654,72231344.61424802,4733010.0,136378054.87933642,60439086.89999737,131645044.87933642,True,True
uk,TLG2,Uni,10.0,100.0,0.8,259.2586745688741,128.55652526103853,True,8199217.744401721,105172812.4165729,11250241.227696786,101803612.94096383,96973594.67217118,90553371.71326704,True,True
uk,TLG2,Uni,10.0,300.0,0.8,259.2586745688741,128.55652526103853,True,11760699.671168761,111449672.021534,4733010.0,120561067.72515789,99688972.35036524,115828057.72515789,True,True
uk,TLG2,Uni,10.0,500.0,0.8,259.2586745688741,128.55652526103853,True,11792257.714250654,111481230.0646159,4733010.0,195330661.14060968,99688972.35036525,190597651.14060968,True,True
uk,TLG2,Uni,10.0,100.0,0.9,333.1106281726931,128.55652526103853,True,8199217.744401721,136928205.50424454,11250241.227696786,133559952.99060602,128728987.75984281,122309711.76290923,True,True
uk,TLG2,Uni,10.0,300.0,0.9,333.1106281726931,128.55652526103853,True,11760699.671168761,143206012.07117614,4733010.0,152317407.77480006,131445312.40000738,147584397.77480006,True,True
uk,TLG2,Uni,10.0,500.0,0.9,333.1106281726931,128.55652526103853,True,11792257.714250654,143237570.11425805,4733010.0,227353380.28705198,131445312.4000074,222620370.28705198,True,True
uk,TLG2,Uni,10.0,100.0,1.0,376.4984642814691,128.55652526103853,True,8199217.744401721,155584975.03101823,11250241.227696786,152216722.5173797,147385757.2866165,140966481.28968292,True,True
uk,TLG2,Uni,10.0,300.0,1.0,376.4984642814691,128.55652526103853,True,11760699.671168761,161862781.59794983,4733010.0,170974177.30157378,150102081.92678106,166241167.30157378,True,True
uk,TLG2,Uni,10.0,500.0,1.0,376.4984642814691,128.55652526103853,True,11792257.714250654,161894339.64103174,4733010.0,248023023.65238756,150102081.9267811,243290013.65238756,True,True
uk,TLG2,LU,10.0,100.0,0.5,155.67641368350147,129.35668866741037,True,8262109.809536785,61055614.75801567,10489479.670772588,56466521.19692272,52793504.948478885,45977041.52615013,True,True
uk,TLG2,LU,10.0,300.0,0.5,155.67641368350147,129.35668866741037,True,11776157.469023872,66905999.312334396,3972125.0,64558691.40634551,55129841.84331052,60586566.40634551,True,True
uk,TLG2,LU,10.0,500.0,0.5,155.67641368350147,129.35668866741037,True,11811016.040595124,66940857.88390566,3972125.0,125476454.32382488,55129841.843310535,121504329.32382488,True,True
uk,TLG2,LU,10.0,100.0,0.8,230.78928209700382,129.35668866741037,True,8262109.809536785,92976980.76057364,10489479.670772588,88765054.61472873,84714870.95103686,78275574.94395615,True,True
uk,TLG2,LU,10.0,300.0,0.8,230.78928209700382,129.35668866741037,True,11776157.469023872,99204532.73014039,3972125.0,107721317.297694,87428375.26111652,103749192.297694,True,True
uk,TLG2,LU,10.0,500.0,0.8,230.78928209700382,129.35668866741037,True,11811016.040595124,99239391.30171166,3972125.0,182490910.7131458,87428375.26111653,178518785.7131458,True,True
uk,TLG2,LU,10.0,100.0,0.9,282.26816744280194,129.35668866741037,True,8262109.809536785,115105755.70517786,10489479.670772588,110900975.31342192,106843645.89564107,100411495.64264934,True,True
uk,TLG2,LU,10.0,300.0,0.9,282.26816744280194,129.35668866741037,True,11776157.469023872,121340453.42883359,3972125.0,129857237.9963872,109564295.95980972,125885112.9963872,True,True
uk,TLG2,LU,10.0,500.0,0.9,282.26816744280194,129.35668866741037,True,11811016.040595124,121375312.00040485,3972125.0,204626831.411839,109564295.95980972,200654706.411839,True,True
uk,TLG2,LU,10.0,100.0,1.0,330.7515092025187,129.35668866741037,True,8262109.809536785,135953592.66185603,10489479.670772588,131748812.27010012,127691482.85231924,121259332.59932753,True,True
uk,TLG2,LU,10.0,300.0,1.0,330.7515092025187,129.35668866741037,True,11776157.469023872,142188290.3855118,3972125.0,150705074.95306534,130412132.91648792,146732949.95306534,True,True
uk,TLG2,LU,10.0,500.0,1.0,330.7515092025187,129.35668866741037,True,11811016.040595124,142223148.95708308,3972125.0,225679443.91933337,130412132.91648795,221707318.91933337,True,True
uk,TLG2,LU-soft,10.0,100.0,0.5,146.58335313561093,106.8134125653566,True,6950593.2207624065,57778048.9014982,8568486.556924194,62748879.89069823,50827455.68073579,54180393.33377404,True,True
uk,TLG2,LU-soft,10.0,300.0,0.5,146.58335313561093,106.8134125653566,True,9684527.363629365,63022389.05462044,6940845.0,76966731.66356246,53337861.690991074,70025886.66356246,True,True
uk,TLG2,LU-soft,10.0,500.0,0.5,146.58335313561093,106.8134125653566,True,9692980.15732165,63030841.848312736,6940845.0,116543013.71349981,53337861.69099109,109602168.71349981,True,True
uk,TLG2,LU-soft,10.0,100.0,0.8,183.7931563274586,106.8134125653566,True,6950593.2207624065,73692773.2957435,8568486.556924194,78749095.26319274,66742180.074981086,70180608.70626855,True,True
uk,TLG2,LU-soft,10.0,300.0,0.8,183.7931563274586,106.8134125653566,True,9684527.363629365,79022604.42711493,6940845.0,93528467.36528437,69338077.06348556,86587622.36528437,True,True
uk,TLG2,LU-soft,10.0,500.0,0.8,183.7931563274586,106.8134125653566,True,9692980.15732165,79031057.22080722,6940845.0,148543444.45848885,69338077.06348558,141602599.45848885,True,True
uk,TLG2,LU-soft,10.0,100.0,0.9,194.416966318383,106.8134125653566,True,6950593.2207624065,78258727.47269297,8568486.556924194,83317333.55929025,71308134.25193056,74748847.00236605,True,True
uk,TLG2,LU-soft,10.0,300.0,0.9,194.416966318383,106.8134125653566,True,9684527.363629365,83590842.7232124,6940845.0,99190158.29800437,73906315.35958304,92249313.29800437,True,True
uk,TLG2,LU-soft,10.0,500.0,0.9,194.416966318383,106.8134125653566,True,9692980.15732165,83599295.51690473,6940845.0,157679921.0506838,73906315.35958308,150739076.0506838,True,True
uk,TLG2,LU-soft,10.0,100.0,1.0,218.07899622120087,106.8134125653566,True,6950593.2207624065,88428312.99447553,8568486.556924194,93492006.41750191,81477719.77371313,84923519.86057772,True,True
uk,TLG2,LU-soft,10.0,300.0,1.0,218.07899622120087,106.8134125653566,True,9684527.363629365,93765515.58142407,6940845.0,115769098.71970811,84080988.2177947,108828253.71970811,True,True
uk,TLG2,LU-soft,10.0,500.0,1.0,218.07899622120087,106.8134125653566,True,9692980.15732165,93773968.37511638,6940845.0,178029266.76710716,84080988.21779473,171088421.76710716,True,True
uk,TLG2,Ref,10.0,100.0,0.5,71.32138829682326,85.07734290893632,False,3421073.2179897157,27155363.06952397,2461411.5569241946,23545102.07862419,23734289.851534255,21083690.521699995,True,True
uk,TLG2,Ref,10.0,300.0,0.5,71.32138829682326,85.07734290893632,False,5041450.871625733,30663317.039416727,5410474.999999985,50586291.92432574,25621866.167790994,45175816.92432576,True,True
uk,TLG2,Ref,10.0,500.0,0.5,71.32138829682326,85.07734290893632,False,5046330.7998430235,30668196.96763402,5410475.0,50586291.92432575,25621866.167790994,45175816.92432575,True,True
uk,TLG2,Ref,10.0,100.0,0.8,85.77129902748884,85.07734290893632,True,3421073.2179897157,33039002.966027465,2461411.5569241946,28515871.36997316,29617929.748037748,26054459.813048966,True,True
uk,TLG2,Ref,10.0,300.0,0.8,85.77129902748884,85.07734290893632,True,5041450.871625733,36876778.65360291,5410474.999999985,60567587.859953485,31835327.78197718,55157112.8599535,True,True
uk,TLG2,Ref,10.0,500.0,0.8,85.77129902748884,85.07734290893632,True,5046330.7998430235,36881658.58182022,5410475.0,63013215.152698115,31835327.781977195,57602740.152698115,True,True
uk,TLG2,Ref,10.0,100.0,0.9,113.96353883755332,85.07734290893632,True,3421073.2179897157,44806773.61943077,2461411.5569241946,39042311.59523889,41385700.40144106,36580900.03831469,True,True
uk,TLG2,Ref,10.0,300.0,0.9,113.96353883755332,85.07734290893632,True,5041450.871625733,48999441.77193064,5410474.999999985,72690250.97828119,43957990.90030491,67279775.9782812,True,True
uk,TLG2,Ref,10.0,500.0,0.9,113.96353883755332,85.07734290893632,True,5046330.7998430235,49004321.70014794,5410475.0,87258541.38935357,43957990.90030492,81848066.38935357,True,True
uk,TLG2,Ref,10.0,100.0,1.0,117.61872486213373,85.07734290893632,True,3421073.2179897157,46347847.09083524,2461411.5569241946,40456868.586751506,42926773.87284553,37995457.02982731,True,True
uk,TLG2,Ref,10.0,300.0,1.0,117.61872486213373,85.07734290893632,True,5041450.871625733,50571171.76250022,5410474.999999985,74261980.96885078,45529720.89087449,68851505.96885079,True,True
uk,TLG2,Ref,10.0,500.0,1.0,117.61872486213373,85.07734290893632,True,5046330.7998430235,50576051.69071751,5410475.0,90402001.37049274,45529720.89087449,84991526.37049274,True,True
uk,TLG2,GNN-oof-42,10.0,100.0,0.5,114.65361186851669,80.43893588613501,True,4404574.59931788,45116619.73810734,9583409.999999996,38320920.3476478,40712045.13878946,28737510.347647805,True,True
uk,TLG2,GNN-oof-42,10.0,300.0,0.5,114.65361186851669,80.43893588613501,True,6246218.64564812,49297454.55540782,2835205.0,70709516.75395285,43051235.9097597,67874311.75395285,True,True
uk,TLG2,GNN-oof-42,10.0,500.0,0.5,114.65361186851669,80.43893588613501,True,6249817.1937025,49301053.103462204,2835205.0,90923366.98633102,43051235.9097597,88088161.98633102,True,True
uk,TLG2,GNN-oof-42,10.0,100.0,0.8,150.30409502807217,80.43893588613501,True,4404574.59931788,60230841.26197967,9583409.999999996,53650628.10625665,55826266.66266179,44067218.10625665,True,True
uk,TLG2,GNN-oof-42,10.0,300.0,0.8,150.30409502807217,80.43893588613501,True,6246218.64564812,64627162.31401666,2835205.0,86039224.51256172,58380943.66836854,83204019.51256172,True,True
uk,TLG2,GNN-oof-42,10.0,500.0,0.8,150.30409502807217,80.43893588613501,True,6249817.1937025,64630760.862071045,2835205.0,121582782.50354871,58380943.66836855,118747577.50354871,True,True
uk,TLG2,GNN-oof-42,10.0,100.0,0.9,172.95583236474687,80.43893588613501,True,4404574.59931788,69959930.00779966,9583409.999999996,63390875.161026776,65555355.40848178,53807465.161026776,True,True
uk,TLG2,GNN-oof-42,10.0,300.0,0.9,172.95583236474687,80.43893588613501,True,6246218.64564812,74367409.36878677,2835205.0,95779471.56733182,68121190.72313865,92944266.56733182,True,True
uk,TLG2,GNN-oof-42,10.0,500.0,0.9,172.95583236474687,80.43893588613501,True,6249817.1937025,74371007.91684118,2835205.0,141063276.6130889,68121190.72313868,138228071.6130889,True,True
uk,TLG2,GNN-oof-42,10.0,100.0,1.0,178.5258578305224,80.43893588613501,True,4404574.59931788,72353843.40260799,9583409.999999996,65785986.11131024,67949268.80329011,56202576.11131024,True,True
uk,TLG2,GNN-oof-42,10.0,300.0,1.0,178.5258578305224,80.43893588613501,True,6246218.64564812,76762520.31907026,2835205.0,98174582.51761533,70516301.67342214,95339377.51761533,True,True
uk,TLG2,GNN-oof-42,10.0,500.0,1.0,178.5258578305224,80.43893588613501,True,6249817.1937025,76766118.86712466,2835205.0,145853498.51365587,70516301.67342216,143018293.51365587,True,True
uk,TLG2,GNN-oof-123,10.0,100.0,0.5,105.55480934210087,83.56786648851276,True,4554833.805814055,41124486.20098823,14548189.999999998,34182550.19713669,36569652.395174176,19634360.197136693,True,True
uk,TLG2,GNN-oof-123,10.0,300.0,0.5,105.55480934210087,83.56786648851276,True,6566731.310161392,45384312.69306897,2835205.0,65266395.392784975,38817581.382907584,62431190.392784975,True,True
uk,TLG2,GNN-oof-123,10.0,500.0,0.5,105.55480934210087,83.56786648851276,True,6570986.634195807,45388568.0171034,2835205.0,82826481.21926072,38817581.38290759,79991276.21926072,True,True
uk,TLG2,GNN-oof-123,10.0,100.0,0.8,145.7825121516204,83.56786648851276,True,4554833.805814055,58090163.80285435,14548189.999999998,51480462.40523009,53535329.997040294,36932272.40523009,True,True
uk,TLG2,GNN-oof-123,10.0,300.0,0.8,145.7825121516204,83.56786648851276,True,6566731.310161392,62682224.901162386,2835205.0,82564307.60087839,56115493.591001,79729102.60087839,True,True
uk,TLG2,GNN-oof-123,10.0,500.0,0.8,145.7825121516204,83.56786648851276,True,6570986.634195807,62686480.22519681,2835205.0,117422305.6354475,56115493.591001004,114587100.6354475,True,True
uk,TLG2,GNN-oof-123,10.0,100.0,0.9,171.55433316094738,83.56786648851276,True,4554833.805814055,69144528.13338457,14548189.999999998,62562345.439240694,64589694.32757051,48014155.439240694,True,True
uk,TLG2,GNN-oof-123,10.0,300.0,0.9,171.55433316094738,83.56786648851276,True,6566731.310161392,73764107.93517296,2835205.0,93646190.63488899,67197376.62501156,90810985.63488899,True,True
uk,TLG2,GNN-oof-123,10.0,500.0,0.9,171.55433316094738,83.56786648851276,True,6570986.634195807,73768363.2592074,2835205.0,139586071.70346874,67197376.6250116,136750866.70346874,True,True
uk,TLG2,GNN-oof-123,10.0,100.0,1.0,225.67206104990464,83.56786648851276,True,4554833.805814055,92404779.98323138,14548189.999999998,85832968.43149231,87849946.17741732,71284778.43149231,True,True
uk,TLG2,GNN-oof-123,10.0,300.0,1.0,225.67206104990464,83.56786648851276,True,6566731.310161392,97034730.92742461,2835205.0,118479830.59567106,90467999.61726321,115644625.59567106,True,True
uk,TLG2,GNN-oof-123,10.0,500.0,1.0,225.67206104990464,83.56786648851276,True,6570986.634195807,97038986.25145903,2835205.0,186127317.68797192,90467999.61726323,183292112.68797192,True,True
uk,TLG2,GNN-oof-456,10.0,100.0,0.5,110.59146399841535,89.29847461301007,True,4994666.528404383,43193880.14383717,16724941.556924196,36588335.83731205,38199213.615432784,19863394.280387856,True,True
uk,TLG2,GNN-oof-456,10.0,300.0,0.5,110.59146399841535,89.29847461301007,True,7254948.60013451,47549433.2268865,1811805.0,63051907.02091111,40294484.626752,61240102.02091111,True,True
uk,TLG2,GNN-oof-456,10.0,500.0,0.5,110.59146399841535,89.29847461301007,True,7259844.892566599,47554329.51931862,1811805.0,87639833.52878875,40294484.62675202,85828028.52878875,True,True
uk,TLG2,GNN-oof-456,10.0,100.0,0.8,141.7318713852628,89.29847461301007,True,4994666.528404383,56263644.49759042,16724941.556924196,49978711.013656445,51268977.96918604,33253769.45673225,True,True
uk,TLG2,GNN-oof-456,10.0,300.0,0.8,141.7318713852628,89.29847461301007,True,7254948.60013451,60939808.40323091,1811805.0,76442282.1972555,53684859.803096406,74630477.1972555,True,True
uk,TLG2,GNN-oof-456,10.0,500.0,0.8,141.7318713852628,89.29847461301007,True,7259844.892566599,60944704.69566301,1811805.0,114420583.88147756,53684859.80309641,112608778.88147756,True,True
uk,TLG2,GNN-oof-456,10.0,100.0,0.9,158.22692513744934,89.29847461301007,True,4994666.528404383,63269205.09370836,16724941.556924196,57071584.12709667,58274538.565303974,40346642.570172474,True,True
uk,TLG2,GNN-oof-456,10.0,300.0,0.9,158.22692513744934,89.29847461301007,True,7254948.60013451,68032681.51667115,1811805.0,83535155.31069574,60777732.916536644,81723350.31069574,True,True
uk,TLG2,GNN-oof-456,10.0,500.0,0.9,158.22692513744934,89.29847461301007,True,7259844.892566599,68037577.80910325,1811805.0,128606330.108358,60777732.91653665,126794525.108358,True,True
uk,TLG2,GNN-oof-456,10.0,100.0,1.0,179.42983699239437,89.29847461301007,True,4994666.528404383,72366012.7331468,16724941.556924196,66188836.22472302,67371346.20474242,49463894.667798825,True,True
uk,TLG2,GNN-oof-456,10.0,300.0,1.0,179.42983699239437,89.29847461301007,True,7254948.60013451,77149933.6142975,1811805.0,92652407.40832211,69894985.01416299,90840602.40832211,True,True
uk,TLG2,GNN-oof-456,10.0,500.0,1.0,179.42983699239437,89.29847461301007,True,7259844.892566599,77154829.90672961,1811805.0,146840834.30361074,69894985.01416302,145029029.30361074,True,True
uk,TLG2,Uni,20.0,100.0,0.5,204.81929040823925,210.0370650593727,False,6682625.877018404,55044419.503735624,2495505.0000000014,35121141.095553085,48361793.62671722,32625636.095553085,True,True
uk,TLG2,Uni,20.0,300.0,0.5,204.81929040823925,210.0370650593727,False,15651093.189319614,80693511.97045453,28532757.036953308,84778513.55017114,65042418.78113492,56245756.51321783,True,True
uk,TLG2,Uni,20.0,500.0,0.5,204.81929040823925,210.0370650593727,False,19942834.25446087,87431690.60276544,28519749.999999985,75659838.14585315,67488856.34830457,47140088.14585316,True,True
uk,TLG2,Uni,20.0,100.0,0.8,325.08775302903064,210.0370650593727,True,6682625.877018404,101039182.23897803,2495505.0000000014,84147829.13890684,94356556.36195962,81652324.13890684,True,True
uk,TLG2,Uni,20.0,300.0,0.8,325.08775302903064,210.0370650593727,True,15651093.189319614,131852871.93212733,28532757.036953308,136493952.47711143,116201778.74280772,107961195.44015813,True,True
uk,TLG2,Uni,20.0,500.0,0.8,325.08775302903064,210.0370650593727,True,19942834.25446087,139147129.52970576,28519749.999999985,134254136.3833113,119204295.27524489,105734386.38331132,True,True
uk,TLG2,Uni,20.0,100.0,0.9,424.39237700518896,210.0370650593727,True,6682625.877018404,142291163.66359252,2495505.0000000014,126848817.44865492,135608537.78657413,124353312.44865492,True,True
uk,TLG2,Uni,20.0,300.0,0.9,424.39237700518896,210.0370650593727,True,15651093.189319614,174510367.95579255,28532757.036953308,179194940.78685948,158859274.76647294,150662183.74990618,True,True
uk,TLG2,Uni,20.0,500.0,0.9,424.39237700518896,210.0370650593727,True,19942834.25446087,181848117.8394538,28519749.999999985,176955124.69305938,161905283.58499292,148435374.69305938,True,True
uk,TLG2,Uni,20.0,100.0,1.0,450.87426340962537,210.0370650593727,True,6682625.877018404,153534309.6483647,2495505.0000000014,138236028.6025626,146851683.7713463,135740523.6025626,True,True
uk,TLG2,Uni,20.0,300.0,1.0,450.87426340962537,210.0370650593727,True,15651093.189319614,185897579.10970023,28532757.036953308,190582151.94076714,170246485.92038062,162049394.90381384,True,True
uk,TLG2,Uni,20.0,500.0,1.0,450.87426340962537,210.0370650593727,True,19942834.25446087,193235328.9933615,28519749.999999985,188342335.84696707,173292494.73890063,159822585.8469671,True,True
uk,TLG2,LU,20.0,100.0,0.5,197.5559303033794,204.89240356823348,False,6753330.845933162,52480447.27463296,2495505.0000000014,32774643.450109713,45727116.4286998,30279138.450109713,True,True
uk,TLG2,LU,20.0,300.0,0.5,197.5559303033794,204.89240356823348,False,15689617.369988611,77608641.76371078,29373407.036953308,82206731.48234852,61919024.39372217,52833324.44539521,True,True
uk,TLG2,LU,20.0,500.0,0.5,197.5559303033794,204.89240356823348,False,19977880.506958555,84321346.54039471,29300414.99999997,71043208.17589794,64343466.03343615,41742793.17589797,True,True
uk,TLG2,LU,20.0,100.0,0.8,334.02832383821817,204.89240356823348,True,6753330.845933162,104647360.23004533,2495505.0000000014,88065081.93956874,97894029.38411218,85569576.93956874,True,True
uk,TLG2,LU,20.0,300.0,0.8,334.02832383821817,204.89240356823348,True,15689617.369988611,135662858.04136756,29373407.036953308,140889860.70232922,119973240.67137896,111516453.66537592,True,True
uk,TLG2,LU,20.0,500.0,0.8,334.02832383821817,204.89240356823348,True,19977880.506958555,143004475.7603754,29300414.99999997,139004728.87093306,123026595.25341685,109704313.87093309,True,True
uk,TLG2,LU,20.0,100.0,0.9,389.73238451211375,204.89240356823348,True,6753330.845933162,127656135.98630817,2495505.0000000014,112017828.02934387,120902805.14037502,109522323.02934387,True,True
uk,TLG2,LU,20.0,300.0,0.9,389.73238451211375,204.89240356823348,True,15689617.369988611,159594845.545823,29373407.036953308,164842606.7921043,143905228.1758344,135469199.755151,True,True
uk,TLG2,LU,20.0,500.0,0.9,389.73238451211375,204.89240356823348,True,19977880.506958555,166957221.85015053,29300414.99999997,162957474.96070814,146979341.34319198,133657059.96070817,True,True
uk,TLG2,LU,20.0,100.0,1.0,457.1570702245649,204.89240356823348,True,6753330.845933162,156183452.47650817,2495505.0000000014,141010442.88569778,149430121.630575,138514937.88569778,True,True
uk,TLG2,LU,20.0,300.0,1.0,457.1570702245649,204.89240356823348,True,15689617.369988611,188587400.19807985,29373407.036953308,193835221.6484582,172897782.82809123,164461814.6115049,True,True
uk,TLG2,LU,20.0,500.0,1.0,457.1570702245649,204.89240356823348,True,19977880.506958555,195949836.70650443,29300414.99999997,191950089.8170621,175971956.1995459,162649674.81706214,True,True
uk,TLG2,LU-soft,20.0,100.0,0.5,187.82047594971525,186.7163858903587,True,5278681.77706123,47394334.9067312,0.0,39147476.68886696,42115653.12966997,39147476.68886696,True,True
uk,TLG2,LU-soft,20.0,300.0,0.5,187.82047594971525,186.7163858903587,True,12570360.724948311,75382899.93981716,18993780.06158884,77945251.00220913,62812539.21486885,58951470.94062029,True,True
uk,TLG2,LU-soft,20.0,500.0,0.5,187.82047594971525,186.7163858903587,True,15749461.933118122,80607516.8648532,9375720.0,74721878.69033545,64858054.93173508,65346158.69033545,True,True
uk,TLG2,LU-soft,20.0,100.0,0.8,220.7593645311908,186.7163858903587,True,5278681.77706123,59089030.47397243,0.0,53156297.06926893,53810348.6969112,53156297.06926893,True,True
uk,TLG2,LU-soft,20.0,300.0,0.8,220.7593645311908,186.7163858903587,True,12570360.724948311,89410176.99629694,18993780.06158884,92108973.09224363,76839816.27134863,73115193.03065479,True,True
uk,TLG2,LU-soft,20.0,500.0,0.8,220.7593645311908,186.7163858903587,True,15749461.933118122,94771238.95488772,9375720.0,96309966.0553504,79021777.0217696,86934246.0553504,True,True
uk,TLG2,LU-soft,20.0,100.0,0.9,239.32588392264546,186.7163858903587,True,5278681.77706123,66127493.21409968,0.0,61139900.40759442,60848811.43703845,61139900.40759442,True,True
uk,TLG2,LU-soft,20.0,300.0,0.9,239.32588392264546,186.7163858903587,True,12570360.724948311,97352038.40612997,18993780.06158884,100092576.43056911,84781677.68118165,81098796.36898027,True,True
uk,TLG2,LU-soft,20.0,500.0,0.9,239.32588392264546,186.7163858903587,True,15749461.933118122,102754842.29321323,9375720.0,105895172.23501208,87005380.36009511,96519452.23501208,True,True
uk,TLG2,LU-soft,20.0,100.0,1.0,350.52013413071126,186.7163858903587,True,5278681.77706123,111206597.13189113,0.0,108953427.99706271,105927915.3548299,108953427.99706271,True,True
uk,TLG2,LU-soft,20.0,300.0,1.0,350.52013413071126,186.7163858903587,True,12570360.724948311,145126788.35710445,18993780.06158884,147906104.0200374,132556427.63215613,128912323.95844857,True,True
uk,TLG2,LU-soft,20.0,500.0,1.0,350.52013413071126,186.7163858903587,True,15749461.933118122,150568369.88268152,9375720.0,153925036.64606506,134818907.94956338,144549316.64606506,True,True
uk,TLG2,Ref,20.0,100.0,0.5,84.23994282531304,105.44546570243762,False,1954049.2187694234,17444176.754168075,0.0,8151964.18953081,15490127.53539865,8151964.18953081,True,True
uk,TLG2,Ref,20.0,300.0,0.5,84.23994282531304,105.44546570243762,False,4909450.642041769,32375385.061100334,1851424.670772586,32017670.7740125,27465934.419058565,30166246.103239913,True,True
uk,TLG2,Ref,20.0,500.0,0.5,84.23994282531304,105.44546570243762,False,6579527.657860896,36050294.77140515,398610.0,21009968.19779251,29470767.113544255,20611358.19779251,True,True
uk,TLG2,Ref,20.0,100.0,0.8,106.67452781937848,105.44546570243762,True,1954049.2187694234,23029182.347548895,0.0,14132394.044549573,21075133.12877947,14132394.044549573,True,True
uk,TLG2,Ref,20.0,300.0,0.8,106.67452781937848,105.44546570243762,True,4909450.642041769,41588622.50057637,1851424.670772586,41182198.744088225,36679171.858534604,39330774.073315635,True,True
uk,TLG2,Ref,20.0,500.0,0.8,106.67452781937848,105.44546570243762,True,6579527.657860896,45686533.21865659,398610.0,29593529.725572042,39107005.560795695,29194919.725572042,True,True
uk,TLG2,Ref,20.0,100.0,0.9,127.2539433604924,105.44546570243762,True,1954049.2187694234,28726433.628654525,0.0,20769255.556558806,26772384.4098851,20769255.556558806,True,True
uk,TLG2,Ref,20.0,300.0,0.9,127.2539433604924,105.44546570243762,True,4909450.642041769,50143266.92326741,1851424.670772586,49901502.53862083,45233816.28122564,48050077.86784825,True,True
uk,TLG2,Ref,20.0,500.0,0.9,127.2539433604924,105.44546570243762,True,6579527.657860896,54535681.90133559,398610.0,38442678.40825103,47956154.24347469,38044068.40825103,True,True
uk,TLG2,Ref,20.0,100.0,1.0,199.83857388387682,105.44546570243762,True,1954049.2187694234,52886644.39675138,0.0,49725904.05542132,50932595.17798196,49725904.05542132,True,True
uk,TLG2,Ref,20.0,300.0,1.0,199.83857388387682,105.44546570243762,True,4909450.642041769,80904772.9101879,1851424.670772586,81112893.66367613,75995322.26814613,79261468.99290355,True,True
uk,TLG2,Ref,20.0,500.0,1.0,199.83857388387682,105.44546570243762,True,6579527.657860896,85747073.02639087,398610.0,71773997.27391759,79167545.36852998,71375387.27391759,True,True
uk,TLG2,GNN-oof-42,20.0,100.0,0.5,125.98887419196603,123.48057372246467,True,2932577.6374547333,28410337.222193908,0.0,26609973.944863796,25477759.584739175,26609973.944863796,True,True
uk,TLG2,GNN-oof-42,20.0,300.0,0.5,125.98887419196603,123.48057372246467,True,7748354.735877152,49481350.27749753,12495644.67077258,50350958.93081492,41732995.54162038,37855314.26004234,True,True
uk,TLG2,GNN-oof-42,20.0,500.0,0.5,125.98887419196603,123.48057372246467,True,9981908.194214057,53965379.434956424,3945464.9999999925,36372612.24887036,43983471.24074237,32427147.248870365,True,True
uk,TLG2,GNN-oof-42,20.0,100.0,0.8,165.67949572080633,123.48057372246467,True,2932577.6374547333,40904331.697613284,0.0,43293714.68951446,37971754.06015855,43293714.68951446,True,True
uk,TLG2,GNN-oof-42,20.0,300.0,0.8,165.67949572080633,123.48057372246467,True,7748354.735877152,66084351.91684316,12495644.67077258,67417926.18821627,58335997.18096601,54922281.51744369,True,True
uk,TLG2,GNN-oof-42,20.0,500.0,0.8,165.67949572080633,123.48057372246467,True,9981908.194214057,71032346.69235773,3945464.9999999925,54163157.31821619,61050438.49814367,50217692.3182162,True,True
uk,TLG2,GNN-oof-42,20.0,100.0,0.9,175.27058295764647,123.48057372246467,True,2932577.6374547333,44186474.431219496,0.0,47417882.20135571,41253896.79376476,47417882.20135571,True,True
uk,TLG2,GNN-oof-42,20.0,300.0,0.9,175.27058295764647,123.48057372246467,True,7748354.735877152,70141491.82711492,12495644.67077258,71542093.7000575,62393137.091237776,59046449.029284924,True,True
uk,TLG2,GNN-oof-42,20.0,500.0,0.9,175.27058295764647,123.48057372246467,True,9981908.194214057,75156514.20419899,3945464.9999999925,58546154.26097326,65174606.009984925,54600689.26097327,True,True
uk,TLG2,GNN-oof-42,20.0,100.0,1.0,256.5729239223425,123.48057372246467,True,2932577.6374547333,74237301.34994955,0.0,82377888.81617504,71304723.71249482,82377888.81617504,True,True
uk,TLG2,GNN-oof-42,20.0,300.0,1.0,256.5729239223425,123.48057372246467,True,7748354.735877152,104789505.36790301,12495644.67077258,106502100.31487682,97041150.63202585,94006455.64410424,True,True
uk,TLG2,GNN-oof-42,20.0,500.0,1.0,256.5729239223425,123.48057372246467,True,9981908.194214057,110116520.81901827,3945464.9999999925,104221478.63529487,100134612.62480421,100276013.63529488,True,True
uk,TLG2,GNN-oof-123,20.0,100.0,0.5,120.40795325745833,140.84766231012657,False,3235029.0712459437,26845638.687570564,0.0,22597567.645400736,23610609.616324622,22597567.645400736,True,True
uk,TLG2,GNN-oof-123,20.0,300.0,0.5,120.40795325745833,140.84766231012657,False,8172588.31358297,46781474.898806915,12859794.999999987,40452548.88900842,38608886.58522394,27592753.889008433,True,True
uk,TLG2,GNN-oof-123,20.0,500.0,0.5,120.40795325745833,140.84766231012657,False,10678329.751649814,51497537.16914056,8071744.999999993,30580318.551770963,40819207.41749075,22508573.55177097,True,True
uk,TLG2,GNN-oof-123,20.0,100.0,0.8,192.29353997944526,140.84766231012657,True,3235029.0712459437,50381451.150363475,0.0,52937631.88767923,47146422.07911753,52937631.88767923,True,True
uk,TLG2,GNN-oof-123,20.0,300.0,0.8,192.29353997944526,140.84766231012657,True,8172588.31358297,76853198.77890195,12859794.999999987,71283416.71079655,68680610.46531898,58423621.710796565,True,True
uk,TLG2,GNN-oof-123,20.0,500.0,0.8,192.29353997944526,140.84766231012657,True,10678329.751649814,82407144.1221486,8071744.999999993,62364532.0672371,71728814.37049879,54292787.06723711,True,True
uk,TLG2,GNN-oof-123,20.0,100.0,0.9,230.86654146635829,140.84766231012657,True,3235029.0712459437,64451824.531666316,0.0,69524022.52705182,61216795.46042037,69524022.52705182,True,True
uk,TLG2,GNN-oof-123,20.0,300.0,0.9,230.86654146635829,140.84766231012657,True,8172588.31358297,93254958.99722822,12859794.999999987,87869807.35016915,85082370.68364525,75010012.35016917,True,True
uk,TLG2,GNN-oof-123,20.0,500.0,0.9,230.86654146635829,140.84766231012657,True,10678329.751649814,98993534.76152119,8071744.999999993,82378237.41187556,88315205.00987138,74306492.41187558,True,True
uk,TLG2,GNN-oof-123,20.0,100.0,1.0,239.77763634528068,140.84766231012657,True,3235029.0712459437,67822607.3739339,0.0,73355793.32498845,64587578.30268795,73355793.32498845,True,True
uk,TLG2,GNN-oof-123,20.0,300.0,1.0,239.77763634528068,140.84766231012657,True,8172588.31358297,97057448.69916852,12859794.999999987,91701578.14810579,88884860.38558555,78841783.1481058,True,True
uk,TLG2,GNN-oof-123,20.0,500.0,1.0,239.77763634528068,140.84766231012657,True,10678329.751649814,102825305.55945782,8071744.999999993,88099201.22952804,92146975.80780801,80027456.22952804,True,True
uk,TLG2,GNN-oof-456,20.0,100.0,0.5,139.00458200918948,157.82063303402958,False,3529021.2216760763,32910966.225266565,0.0,23512612.70852885,29381945.003590487,23512612.70852885,True,True
uk,TLG2,GNN-oof-456,20.0,300.0,0.5,139.00458200918948,157.82063303402958,False,9351709.978457253,54357771.16404473,24341654.999999993,55664522.390961826,45006061.18558748,31322867.390961833,True,True
uk,TLG2,GNN-oof-456,20.0,500.0,0.5,139.00458200918948,157.82063303402958,False,12282818.475626351,59402076.48375496,22770219.999999993,40246941.44769496,47119258.00812861,17476721.447694965,True,True
uk,TLG2,GNN-oof-456,20.0,100.0,0.8,154.46527909346602,157.82063303402958,False,3529021.2216760763,38012276.6847084,0.0,29828307.467455816,34483255.46303233,29828307.467455816,True,True
uk,TLG2,GNN-oof-456,20.0,300.0,0.8,154.46527909346602,157.82063303402958,False,9351709.978457253,60776864.21554741,24341654.999999993,62312622.13720076,51425154.237090155,37970967.137200765,True,True
uk,TLG2,GNN-oof-456,20.0,500.0,0.8,154.46527909346602,157.82063303402958,False,12282818.475626351,66049329.979023516,22770219.999999993,46840715.13005255,53766511.50339717,24070495.13005256,True,True
uk,TLG2,GNN-oof-456,20.0,100.0,0.9,164.81004819121054,157.82063303402958,True,3529021.2216760763,41520174.30042396,0.0,34152332.55423929,37991153.07874788,34152332.55423929,True,True
uk,TLG2,GNN-oof-456,20.0,300.0,0.9,164.81004819121054,157.82063303402958,True,9351709.978457253,65101300.478967525,24341654.999999993,66760872.849230886,55749590.500510275,42419217.84923089,True,True
uk,TLG2,GNN-oof-456,20.0,500.0,0.9,164.81004819121054,157.82063303402958,True,12282818.475626351,70497580.69105364,22770219.999999993,51511378.37768421,58214762.215427294,28741158.37768422,True,True
uk,TLG2,GNN-oof-456,20.0,100.0,1.0,263.4392468350772,157.82063303402958,True,3529021.2216760763,77734767.00803787,0.0,76562887.97110195,74205745.78636178,76562887.97110195,True,True
uk,TLG2,GNN-oof-456,20.0,300.0,1.0,263.4392468350772,157.82063303402958,True,9351709.978457253,106894991.64121692,24341654.999999993,109171428.26609354,97543281.66275966,84829773.26609355,True,True
uk,TLG2,GNN-oof-456,20.0,500.0,1.0,263.4392468350772,157.82063303402958,True,12282818.475626351,112908136.10791633,22770219.999999993,106628831.45589948,100625317.63228998,83858611.45589948,True,True
uk,TLE4,Uni,10.0,100.0,0.5,245.07490186317696,494.82849460573357,False,15918994.196086654,61780625.2585179,0.0,91141868.335185,45861631.062431246,91141868.335185,True,True
uk,TLE4,Uni,10.0,300.0,0.5,245.07490186317696,494.82849460573357,False,21553646.3397224,77881042.36061068,25501508.61853028,79814250.79335117,56327396.020888284,54312742.17482089,True,True
uk,TLE4,Uni,10.0,500.0,0.5,245.07490186317696,494.82849460573357,False,32236369.635544803,90191589.1028978,79084029.59191895,75388185.81157196,57955219.46735299,-3695843.7803469896,True,False
uk,TLE4,Uni,10.0,100.0,0.8,353.6294620314518,494.82849460573357,False,15918994.196086654,95595852.0315878,0.0,137820329.2075432,79676857.83550113,137820329.2075432,True,True
uk,TLE4,Uni,10.0,300.0,0.8,353.6294620314518,494.82849460573357,False,21553646.3397224,117218219.18751003,25501508.61853028,126492711.66570935,95664572.84778763,100991203.04717907,True,True
uk,TLE4,Uni,10.0,500.0,0.8,353.6294620314518,494.82849460573357,False,32236369.635544803,134275659.81041425,79084029.59191895,122066646.68393013,102039290.17486945,42982617.09201118,True,True
uk,TLE4,Uni,10.0,100.0,0.9,438.46091966126005,494.82849460573357,False,15918994.196086654,124409918.33521062,0.0,174297855.98836076,108490924.13912396,174297855.98836076,True,True
uk,TLE4,Uni,10.0,300.0,0.9,438.46091966126005,494.82849460573357,False,21553646.3397224,149864441.55032966,25501508.61853028,162970238.44652686,128310795.21060726,137468729.82799658,True,True
uk,TLE4,Uni,10.0,500.0,0.9,438.46091966126005,494.82849460573357,False,32236369.635544803,169596177.48956078,79084029.59191895,158544173.4647477,137359807.85401598,79460143.87282875,True,True
uk,TLE4,Uni,10.0,100.0,1.0,558.2356256753658,494.82849460573357,True,15918994.196086654,167792346.64476782,0.0,225800979.57442617,151873352.44868118,225800979.57442617,True,True
uk,TLE4,Uni,10.0,300.0,1.0,558.2356256753658,494.82849460573357,True,21553646.3397224,198473409.47131732,25501508.61853028,214473362.03259242,176919763.13159493,188971853.41406214,True,True
uk,TLE4,Uni,10.0,500.0,1.0,558.2356256753658,494.82849460573357,True,32236369.635544803,220286218.44105566,79084029.59191895,210047297.05081314,188049848.80551085,130963267.4588942,True,True
uk,TLE4,LU,10.0,100.0,0.5,218.3137334231589,435.30246405254434,False,16081215.720387217,53377726.90520019,213022.8398437499,74600735.74977954,37296511.18481298,74387712.90993579,True,True
uk,TLE4,LU,10.0,300.0,0.5,218.3137334231589,435.30246405254434,False,22624442.243781622,68774609.98223653,41753777.97875978,78613138.59274486,46150167.73845491,36859360.61398508,True,True
uk,TLE4,LU,10.0,500.0,0.5,218.3137334231589,435.30246405254434,False,33176940.692631107,81491269.20166472,88491517.35888672,77066028.29068448,48314328.509033605,-11425489.068202242,True,False
uk,TLE4,LU,10.0,100.0,0.8,322.0668528416619,435.30246405254434,False,16081215.720387217,84744183.30443324,213022.8398437499,119214577.09973578,68662967.58404602,119001554.25989203,True,True
uk,TLE4,LU,10.0,300.0,0.8,322.0668528416619,435.30246405254434,False,22624442.243781622,106412293.49622717,41753777.97875978,123226979.94270113,83787851.25244555,81473201.96394135,True,True
uk,TLE4,LU,10.0,500.0,0.8,322.0668528416619,435.30246405254434,False,33176940.692631107,123839375.38854569,88491517.35888672,121679869.64064077,90662434.69591458,33188352.281754047,True,True
uk,TLE4,LU,10.0,100.0,0.9,367.76923333564133,435.30246405254434,False,16081215.720387217,99688210.75867066,213022.8398437499,138866600.71214697,83606995.03828344,138653577.87230322,True,True
uk,TLE4,LU,10.0,300.0,0.9,367.76923333564133,435.30246405254434,False,22624442.243781622,123913547.88330318,41753777.97875978,142879003.55511227,101289105.63952155,101125225.57635249,True,True
uk,TLE4,LU,10.0,500.0,0.9,367.76923333564133,435.30246405254434,False,33176940.692631107,142924776.04445696,88491517.35888672,141331893.2530519,109747835.35182585,52840375.89416519,True,True
uk,TLE4,LU,10.0,100.0,1.0,490.4064510199575,435.30246405254434,True,16081215.720387217,142851672.37249434,213022.8398437499,191600604.3164029,126770456.65210712,191387581.47655916,True,True
uk,TLE4,LU,10.0,300.0,1.0,490.4064510199575,435.30246405254434,True,22624442.243781622,173166442.96881434,41753777.97875978,195613007.15936828,150542000.72503272,153859229.1806085,True,True
uk,TLE4,LU,10.0,500.0,1.0,490.4064510199575,435.30246405254434,True,33176940.692631107,194820107.84405687,88491517.35888672,194065896.85730782,161643167.15142578,105574379.4984211,True,True
uk,TLE4,LU-soft,10.0,100.0,0.5,203.24501343544233,295.3904748651573,False,6770072.439362879,52054269.190499485,0.0,79065106.06668349,45284196.75113661,79065106.06668349,True,True
uk,TLE4,LU-soft,10.0,300.0,0.5,203.24501343544233,295.3904748651573,False,11495394.023559736,68314239.6211828,12969921.915771496,72542787.03656444,56818845.597623065,59572865.12079294,True,True
uk,TLE4,LU-soft,10.0,500.0,0.5,203.24501343544233,295.3904748651573,False,17354103.958885185,79587328.47877552,38657248.8168335,61208756.32645571,62233224.51989033,22551507.50962221,True,True
uk,TLE4,LU-soft,10.0,100.0,0.8,265.0748328306442,295.3904748651573,False,6770072.439362879,71480656.7609389,0.0,105651928.40662031,64710584.32157602,105651928.40662031,True,True
uk,TLE4,LU-soft,10.0,300.0,0.8,265.0748328306442,295.3904748651573,False,11495394.023559736,91523005.63729833,12969921.915771496,99129609.37650123,80027611.6137386,86159687.46072973,True,True
uk,TLE4,LU-soft,10.0,500.0,0.8,265.0748328306442,295.3904748651573,False,17354103.958885185,105296217.7303479,38657248.8168335,87795578.6663925,87942113.77146271,49138329.849559,True,True
uk,TLE4,LU-soft,10.0,100.0,0.9,275.0409485388262,295.3904748651573,False,6770072.439362879,74746163.08008532,0.0,109937358.16113858,67976090.64072244,109937358.16113858,True,True
uk,TLE4,LU-soft,10.0,300.0,0.9,275.0409485388262,295.3904748651573,False,11495394.023559736,95359464.25265238,12969921.915771496,103415039.1310195,83864070.22909264,90445117.215248,True,True
uk,TLE4,LU-soft,10.0,500.0,0.9,275.0409485388262,295.3904748651573,False,17354103.958885185,109468780.73781593,38657248.8168335,92081008.42091079,92114676.77893075,53423759.60407729,True,True
uk,TLE4,LU-soft,10.0,100.0,1.0,323.3465112122894,295.3904748651573,True,6770072.439362879,90981840.90321699,0.0,130708750.11072771,84211768.4638541,130708750.11072771,True,True
uk,TLE4,LU-soft,10.0,300.0,1.0,323.3465112122894,295.3904748651573,True,11495394.023559736,114300728.79500002,12969921.915771496,124186431.08060868,102805334.77144028,111216509.16483718,True,True
uk,TLE4,LU-soft,10.0,500.0,1.0,323.3465112122894,295.3904748651573,True,17354103.958885185,129854855.14860803,38657248.8168335,112852400.37049994,112500751.18972284,74195151.55366644,True,True
uk,TLE4,Ref,10.0,100.0,0.5,106.55553072603232,88.47414712001023,True,1807584.9592447444,22528561.049400084,629817.5356445312,32976236.751716614,20720976.09015534,32346419.216072083,True,True
uk,TLE4,Ref,10.0,300.0,0.5,106.55553072603232,88.47414712001023,True,4191026.268904796,36066251.58395068,3652255.395874032,35589712.15085598,31875225.315045886,31937456.75498195,True,True
uk,TLE4,Ref,10.0,500.0,0.5,106.55553072603232,88.47414712001023,True,5984047.05948928,44175129.964535095,7153772.631744377,33002928.828976274,38191082.905045815,25849156.197231896,True,True
uk,TLE4,Ref,10.0,100.0,0.8,133.7625219636986,88.47414712001023,True,1807584.9592447444,29883096.13894967,629817.5356445312,44675242.98391311,28075511.179704927,44045425.44826858,True,True
uk,TLE4,Ref,10.0,300.0,0.8,133.7625219636986,88.47414712001023,True,4191026.268904796,46080747.37478473,3652255.395874032,47288718.38305248,41889721.10587993,43636462.98717845,True,True
uk,TLE4,Ref,10.0,500.0,0.8,133.7625219636986,88.47414712001023,True,5984047.05948928,55754423.005465455,7153772.631744377,44701935.06117276,49770375.945976175,37548162.42942838,True,True
uk,TLE4,Ref,10.0,100.0,0.9,168.9741484831115,88.47414712001023,True,1807584.9592447444,40033904.934953034,629817.5356445312,59816242.38726066,38226319.97570829,59186424.85161613,True,True
uk,TLE4,Ref,10.0,300.0,0.9,168.9741484831115,88.47414712001023,True,4191026.268904796,59464757.80677078,3652255.395874032,62429717.78640004,55273731.53786598,58777462.39052601,True,True
uk,TLE4,Ref,10.0,500.0,0.9,168.9741484831115,88.47414712001023,True,5984047.05948928,70859536.60257569,7153772.631744377,59842934.4645203,64875489.54308641,52689161.83277592,True,True
uk,TLE4,Ref,10.0,100.0,1.0,174.39370593412426,88.47414712001023,True,1807584.9592447444,41659004.61034482,629817.5356445312,62146652.09119614,39851419.65110008,61516834.55555161,True,True
uk,TLE4,Ref,10.0,300.0,1.0,174.39370593412426,88.47414712001023,True,4191026.268904796,61572158.324635476,3652255.395874032,64760127.490335524,57381132.05573068,61107872.09446149,True,True
uk,TLE4,Ref,10.0,500.0,1.0,174.39370593412426,88.47414712001023,True,5984047.05948928,73188781.1016592,7153772.631744377,62173344.168455794,67204734.04216991,55019571.53671142,True,True
uk,TLE4,GNN-oof-42,10.0,100.0,0.5,156.5103361617391,209.062975807152,False,5593360.505899036,37082522.54795648,0.0,51959071.82383795,31489162.042057447,51959071.82383795,True,True
uk,TLE4,GNN-oof-42,10.0,300.0,0.5,156.5103361617391,209.062975807152,False,10670181.375055462,51574829.83626055,17358701.457397483,54289740.02998944,40904648.46120509,36931038.57259196,True,True
uk,TLE4,GNN-oof-42,10.0,500.0,0.5,156.5103361617391,209.062975807152,False,16537652.69153215,63750320.38846808,43616047.57299806,43038467.230170004,47212667.69693593,-577580.3428280577,True,False
uk,TLE4,GNN-oof-42,10.0,100.0,0.8,222.8564217112936,209.062975807152,True,5593360.505899036,56599333.129807234,0.0,80487888.61014639,51005972.6239082,80487888.61014639,True,True
uk,TLE4,GNN-oof-42,10.0,300.0,0.8,222.8564217112936,209.062975807152,True,10670181.375055462,76652320.13510694,17358701.457397483,82818556.81629789,65982138.760051474,65459855.358900405,True,True
uk,TLE4,GNN-oof-42,10.0,500.0,0.8,222.8564217112936,209.062975807152,True,16537652.69153215,91935638.02096121,43616047.57299806,71567284.01647843,75397985.32942906,27951236.443480372,True,True
uk,TLE4,GNN-oof-42,10.0,100.0,0.9,256.44223404363623,209.062975807152,True,5593360.505899036,67125232.05436239,0.0,94929787.9130537,61531871.54846335,94929787.9130537,True,True
uk,TLE4,GNN-oof-42,10.0,300.0,0.9,256.44223404363623,209.062975807152,True,10670181.375055462,90076966.55262996,17358701.457397483,97260456.11920522,79406785.1775745,79901754.66180775,True,True
uk,TLE4,GNN-oof-42,10.0,500.0,0.9,256.44223404363623,209.062975807152,True,16537652.69153215,106357036.16978167,43616047.57299806,86009183.31938578,89819383.47824952,42393135.74638772,True,True
uk,TLE4,GNN-oof-42,10.0,100.0,1.0,264.70093081375205,209.062975807152,True,5593360.505899036,69769424.08686379,0.0,98481027.52420351,64176063.58096475,98481027.52420351,True,True
uk,TLE4,GNN-oof-42,10.0,300.0,1.0,264.70093081375205,209.062975807152,True,10670181.375055462,93433494.55396667,17358701.457397483,100811695.730355,82763313.17891121,83452994.2729575,True,True
uk,TLE4,GNN-oof-42,10.0,500.0,1.0,264.70093081375205,209.062975807152,True,16537652.69153215,109906500.1611259,43616047.57299806,89560422.93053555,93368847.46959375,45944375.35753749,True,True
uk,TLE4,GNN-oof-123,10.0,100.0,0.5,148.77389613623077,224.43511003977943,False,6141329.1139653,34809850.485876575,0.0,49105299.20904614,28668521.371911276,49105299.20904614,True,True
uk,TLE4,GNN-oof-123,10.0,300.0,0.5,148.77389613623077,224.43511003977943,False,11263788.295127297,48335427.360493496,19221242.615112323,52485775.15250232,37071639.0653662,33264532.537389997,True,True
uk,TLE4,GNN-oof-123,10.0,500.0,0.5,148.77389613623077,224.43511003977943,False,17543440.088286873,60101857.26150049,45073575.839385994,36634535.28161043,42558417.173213616,-8439040.557775564,True,False
uk,TLE4,GNN-oof-123,10.0,100.0,0.8,211.96649750706172,224.43511003977943,False,6141329.1139653,53050888.361507855,0.0,76278117.79850346,46909559.24754255,76278117.79850346,True,True
uk,TLE4,GNN-oof-123,10.0,300.0,0.8,211.96649750706172,224.43511003977943,False,11263788.295127297,71688791.5044031,19221242.615112323,79658593.74195965,60425003.209275804,60437351.12684733,True,True
uk,TLE4,GNN-oof-123,10.0,500.0,0.8,211.96649750706172,224.43511003977943,False,17543440.088286873,86786832.65262327,45073575.839385994,63670508.841972664,69243392.56433639,18596933.00258667,True,True
uk,TLE4,GNN-oof-123,10.0,100.0,0.9,250.22279838656942,224.43511003977943,True,6141329.1139653,64827706.198728666,0.0,92728327.17669174,58686377.08476336,92728327.17669174,True,True
uk,TLE4,GNN-oof-123,10.0,300.0,0.9,250.22279838656942,224.43511003977943,True,11263788.295127297,86706982.52042927,19221242.615112323,96108803.12014794,75443194.22530197,76887560.50503562,True,True
uk,TLE4,GNN-oof-123,10.0,500.0,0.9,250.22279838656942,224.43511003977943,True,17543440.088286873,103164614.34711905,45073575.839385994,80120718.22016099,85621174.25883217,35047142.380775,True,True
uk,TLE4,GNN-oof-123,10.0,100.0,1.0,334.604775714203,224.43511003977943,True,6141329.1139653,92806685.14000985,0.0,129012577.4275742,86665356.02604455,129012577.4275742,True,True
uk,TLE4,GNN-oof-123,10.0,300.0,1.0,334.604775714203,224.43511003977943,True,11263788.295127297,121324360.71158393,19221242.615112323,132393053.3710304,110060572.41645662,113171810.75591809,True,True
uk,TLE4,GNN-oof-123,10.0,500.0,1.0,334.604775714203,224.43511003977943,True,17543440.088286873,139439303.815672,45073575.839385994,116404968.47104342,121895863.72738513,71331392.63165742,True,True
uk,TLE4,GNN-oof-456,10.0,100.0,0.5,146.61651222289987,216.5998423025448,False,5448506.325464026,34425131.86007686,0.0,47381518.22476708,28976625.534612834,47381518.22476708,True,True
uk,TLE4,GNN-oof-456,10.0,300.0,0.5,146.61651222289987,216.5998423025448,False,10698354.931582125,48004065.79575093,20088874.102050804,52168239.245836236,37305710.86416881,32079365.143785432,True,True
uk,TLE4,GNN-oof-456,10.0,500.0,0.5,146.61651222289987,216.5998423025448,False,16712286.418462696,59687849.08366523,47943853.47549439,37747044.57347165,42975562.665202536,-10196808.902022742,True,False
uk,TLE4,GNN-oof-456,10.0,100.0,0.8,202.44945253826936,216.5998423025448,False,5448506.325464026,50490157.8924469,0.0,71389682.56037596,45041651.56698287,71389682.56037596,True,True
uk,TLE4,GNN-oof-456,10.0,300.0,0.8,202.44945253826936,216.5998423025448,False,10698354.931582125,68758306.19330986,20088874.102050804,76176403.5814451,58059951.261727735,56087529.479394294,True,True
uk,TLE4,GNN-oof-456,10.0,500.0,0.8,202.44945253826936,216.5998423025448,False,16712286.418462696,83392090.49336557,47943853.47549439,61755208.90908054,66679804.07490288,13811355.43358615,True,True
uk,TLE4,GNN-oof-456,10.0,100.0,0.9,231.37688668726122,216.5998423025448,True,5448506.325464026,59299399.34395863,0.0,83828479.24444245,53850893.018494606,83828479.24444245,True,True
uk,TLE4,GNN-oof-456,10.0,300.0,0.9,231.37688668726122,216.5998423025448,True,10698354.931582125,80079161.56881793,20088874.102050804,88615200.2655116,69380806.6372358,68526326.16346079,True,True
uk,TLE4,GNN-oof-456,10.0,500.0,0.9,231.37688668726122,216.5998423025448,True,16712286.418462696,95805648.5679567,47943853.47549439,74194005.59314704,79093362.149494,26250152.117652647,True,True
uk,TLE4,GNN-oof-456,10.0,100.0,1.0,266.0412639648797,216.5998423025448,True,5448506.325464026,70277109.08111395,0.0,98734161.47381842,64828602.755649924,98734161.47381842,True,True
uk,TLE4,GNN-oof-456,10.0,300.0,1.0,266.0412639648797,216.5998423025448,True,10698354.931582125,94066608.80996042,20088874.102050804,103520882.49488755,83368253.8783783,83432008.39283675,True,True
uk,TLE4,GNN-oof-456,10.0,500.0,1.0,266.0412639648797,216.5998423025448,True,16712286.418462696,110705384.63885377,47943853.47549439,89099687.82252297,93993098.22039108,41155834.347028576,True,True
uk,TLE4,Uni,20.0,100.0,0.5,303.6862977638856,604.1546799912663,False,1850561.9974111426,17520190.367148645,0.0,74892478.46816833,15669628.369737502,74892478.46816833,True,True
uk,TLE4,Uni,20.0,300.0,0.5,303.6862977638856,604.1546799912663,False,6224934.403193958,34725463.81063512,1183502.1645507845,90987093.65692839,28500529.40744116,89803591.49237761,True,True
uk,TLE4,Uni,20.0,500.0,0.5,303.6862977638856,604.1546799912663,False,9680142.525324525,54424241.85294355,33033798.52001951,116267274.07806122,44744099.32761902,83233475.55804172,True,True
uk,TLE4,Uni,20.0,100.0,0.8,448.2248203206535,604.1546799912663,False,1850561.9974111426,35151379.78153747,0.0,137044043.16757852,33300817.78412633,137044043.16757852,True,True
uk,TLE4,Uni,20.0,300.0,0.8,448.2248203206535,604.1546799912663,False,6224934.403193958,61703553.38389238,1183502.1645507845,153138658.35633862,55478618.98069842,151955156.19178784,True,True
uk,TLE4,Uni,20.0,500.0,0.8,448.2248203206535,604.1546799912663,False,9680142.525324525,90990657.51878628,33033798.52001951,178418838.77747145,81310514.99346176,145385040.25745195,True,True
uk,TLE4,Uni,20.0,100.0,0.9,568.1751518450186,604.1546799912663,False,1850561.9974111426,54429648.20531614,0.0,188622685.72305548,52579086.207905,188622685.72305548,True,True
uk,TLE4,Uni,20.0,300.0,0.9,568.1751518450186,604.1546799912663,False,6224934.403193958,89919156.7478329,1183502.1645507845,204717300.91181558,83694222.34463894,203533798.7472648,True,True
uk,TLE4,Uni,20.0,500.0,0.9,568.1751518450186,604.1546799912663,False,9680142.525324525,124902390.76708676,33033798.52001951,229997481.3329484,115222248.24176224,196963682.8129289,True,True
uk,TLE4,Uni,20.0,100.0,1.0,668.51289026036,604.1546799912663,True,1850561.9974111426,74950531.54224737,0.0,231767913.24165234,73099969.54483622,231767913.24165234,True,True
uk,TLE4,Uni,20.0,300.0,1.0,668.51289026036,604.1546799912663,True,6224934.403193958,116388028.96509378,1183502.1645507845,247862528.43041235,110163094.56189981,246679026.26586157,True,True
uk,TLE4,Uni,20.0,500.0,1.0,668.51289026036,604.1546799912663,True,9680142.525324525,155254005.18603992,33033798.52001951,273142708.8515452,145573862.6607154,240108910.3315257,True,True
uk,TLE4,LU,20.0,100.0,0.5,292.91688764057983,569.7997954429445,False,3294222.939342579,17531485.763487387,0.0,51526324.20105806,14237262.824144809,51526324.20105806,True,True
uk,TLE4,LU,20.0,300.0,0.5,292.91688764057983,569.7997954429445,False,8573348.011387361,33902277.90129626,6568186.418579104,88623783.14223757,25328929.889908895,82055596.72365847,True,True
uk,TLE4,LU,20.0,500.0,0.5,292.91688764057983,569.7997954429445,False,14010181.950840043,53186042.05885423,42589607.03417965,102075299.25179298,39175860.10801419,59485692.21761333,True,True
uk,TLE4,LU,20.0,100.0,0.8,419.1836338765502,569.7997954429445,False,3294222.939342579,32446599.69807843,0.0,104390745.13694367,29152376.75873585,104390745.13694367,True,True
uk,TLE4,LU,20.0,300.0,0.8,419.1836338765502,569.7997954429445,False,8573348.011387361,57183385.151233464,6568186.418579104,142918484.02370483,48610037.1398461,136350297.60512573,True,True
uk,TLE4,LU,20.0,500.0,0.8,419.1836338765502,569.7997954429445,False,14010181.950840043,85029934.42196955,42589607.03417965,156370000.1332602,71019752.4711295,113780393.09908053,True,True
uk,TLE4,LU,20.0,100.0,0.9,540.5902069533844,569.7997954429445,False,3294222.939342579,51269693.86320634,0.0,156595571.55998236,47975470.92386376,156595571.55998236,True,True
uk,TLE4,LU,20.0,300.0,0.9,540.5902069533844,569.7997954429445,False,8573348.011387361,85316237.88503724,6568186.418579104,195123310.44674355,76742889.87364988,188555124.02816445,True,True
uk,TLE4,LU,20.0,500.0,0.9,540.5902069533844,569.7997954429445,False,14010181.950840043,119051274.9058287,42589607.03417965,208574826.5562989,105041092.95498866,165985219.52211925,True,True
uk,TLE4,LU,20.0,100.0,1.0,677.8284304977651,569.7997954429445,True,3294222.939342579,79560555.65834485,0.0,215608007.68406615,76266332.71900228,215608007.68406615,True,True
uk,TLE4,LU,20.0,300.0,1.0,677.8284304977651,569.7997954429445,True,8573348.011387361,121617614.76598488,6568186.418579104,254135746.5708273,113044266.75459751,247567560.1522482,True,True
uk,TLE4,LU,20.0,500.0,1.0,677.8284304977651,569.7997954429445,True,14010181.950840043,160983552.56968653,42589607.03417965,267587262.68038258,146973370.61884648,224997655.64620292,True,True
uk,TLE4,LU-soft,20.0,100.0,0.5,278.48209449282155,271.88811452454706,True,38104.48147313415,11643524.957968872,0.0,80180252.80972323,11605420.476495737,80180252.80972323,True,True
uk,TLE4,LU-soft,20.0,300.0,0.5,278.48209449282155,271.88811452454706,True,2180216.868720262,30931581.74786504,0.0,97839480.1890616,28751364.879144777,97839480.1890616,True,True
uk,TLE4,LU-soft,20.0,500.0,0.5,278.48209449282155,271.88811452454706,True,4450713.957785033,52537752.72376309,607152.5253906221,104179722.88389236,48087038.76597806,103572570.35850173,True,True
uk,TLE4,LU-soft,20.0,100.0,0.8,327.3207029355497,271.88811452454706,True,38104.48147313415,16395323.176726092,0.0,101180854.44009635,16357218.695252957,101180854.44009635,True,True
uk,TLE4,LU-soft,20.0,300.0,0.8,327.3207029355497,271.88811452454706,True,2180216.868720262,39092038.95013815,0.0,118840081.81943472,36911822.08141789,118840081.81943472,True,True
uk,TLE4,LU-soft,20.0,500.0,0.8,327.3207029355497,271.88811452454706,True,4450713.957785033,65138957.056845754,607152.5253906221,125180324.51426545,60688243.09906072,124573171.98887482,True,True
uk,TLE4,LU-soft,20.0,100.0,0.9,354.8493479431268,271.88811452454706,True,38104.48147313415,19517705.13075875,0.0,113018171.79335451,19479600.64928562,113018171.79335451,True,True
uk,TLE4,LU-soft,20.0,300.0,0.9,354.8493479431268,271.88811452454706,True,2180216.868720262,44138196.85031892,0.0,130677399.17269285,41957979.98159866,130677399.17269285,True,True
uk,TLE4,LU-soft,20.0,500.0,0.9,354.8493479431268,271.88811452454706,True,4450713.957785033,72599692.96663031,607152.5253906221,137017641.8675236,68148979.00884527,136410489.342133,True,True
uk,TLE4,LU-soft,20.0,100.0,1.0,519.7174622257855,271.88811452454706,True,38104.48147313415,43619123.10814248,0.0,183911460.93489775,43581018.62666935,183911460.93489775,True,True
uk,TLE4,LU-soft,20.0,300.0,1.0,519.7174622257855,271.88811452454706,True,2180216.868720262,82456235.16196291,0.0,201570688.3142361,80276018.29324265,201570688.3142361,True,True
uk,TLE4,LU-soft,20.0,500.0,1.0,519.7174622257855,271.88811452454706,True,4450713.957785033,121027976.64454179,607152.5253906221,207910931.00906688,116577262.68675676,207303778.48367625,True,True
uk,TLE4,Ref,20.0,100.0,0.5,131.59361743534024,93.8606050964172,True,28437.985038116865,1826255.5770890599,0.0,7959619.035068149,1797817.592050943,7959619.035068149,True,True
uk,TLE4,Ref,20.0,300.0,0.5,131.59361743534024,93.8606050964172,True,768607.0725312342,10721821.739945484,256192.98693847546,25447832.93887291,9953214.66741425,25191639.951934434,True,True
uk,TLE4,Ref,20.0,500.0,0.5,131.59361743534024,93.8606050964172,True,2003887.4423323597,22605876.618198853,981295.6251220603,45399593.54253802,20601989.175866492,44418297.917415954,True,True
uk,TLE4,Ref,20.0,100.0,0.8,158.16670565847488,93.8606050964172,True,28437.985038116865,2791956.681340735,0.0,16321758.014130944,2763518.696302618,16321758.014130944,True,True
uk,TLE4,Ref,20.0,300.0,0.8,158.16670565847488,93.8606050964172,True,768607.0725312342,13838056.50468063,256192.98693847546,36454754.16920318,13069449.432149395,36198561.1822647,True,True
uk,TLE4,Ref,20.0,500.0,0.8,158.16670565847488,93.8606050964172,True,2003887.4423323597,28360253.752206776,981295.6251220603,56826021.47848592,26356366.309874415,55844725.85336386,True,True
uk,TLE4,Ref,20.0,100.0,0.9,188.67987901909333,93.8606050964172,True,28437.985038116865,4305805.147422637,0.0,27188530.531942297,4277367.16238452,27188530.531942297,True,True
uk,TLE4,Ref,20.0,300.0,0.9,188.67987901909333,93.8606050964172,True,768607.0725312342,17855238.012773994,256192.98693847546,49575418.71426914,17086630.94024276,49319225.72733066,True,True
uk,TLE4,Ref,20.0,500.0,0.9,188.67987901909333,93.8606050964172,True,2003887.4423323597,35402525.04453534,981295.6251220603,69946686.02355187,33398637.602202978,68965390.39842981,True,True
uk,TLE4,Ref,20.0,100.0,1.0,296.30137147847455,93.8606050964172,True,28437.985038116865,12075933.5433966,0.0,70919488.89685014,12047495.558358483,70919488.89685014,True,True
uk,TLE4,Ref,20.0,300.0,1.0,296.30137147847455,93.8606050964172,True,768607.0725312342,35164429.650873065,256192.98693847546,95852660.47180304,34395822.578341834,95596467.48486456,True,True
uk,TLE4,Ref,20.0,500.0,1.0,296.30137147847455,93.8606050964172,True,2003887.4423323597,63063152.621362425,981295.6251220603,116223927.78108577,61059265.17903007,115242632.15596372,True,True
uk,TLE4,GNN-oof-42,20.0,100.0,0.5,183.08509029981164,186.80415641777358,False,166833.60080097336,4939091.631668289,0.0,20927792.85656812,4772258.030867316,20927792.85656812,True,True
uk,TLE4,GNN-oof-42,20.0,300.0,0.5,183.08509029981164,186.80415641777358,False,2101673.8948187823,16532920.457855446,3227123.7443847647,55614345.35364543,14431246.563036663,52387221.60926066,True,True
uk,TLE4,GNN-oof-42,20.0,500.0,0.5,183.08509029981164,186.80415641777358,False,4794222.100732038,32825548.94943742,4908433.34484862,56465663.30766173,28031326.84870538,51557229.96281311,True,True
uk,TLE4,GNN-oof-42,20.0,100.0,0.8,245.6535835592134,186.80415641777358,True,166833.60080097336,8920073.38296989,0.0,44842028.94604549,8753239.782168917,44842028.94604549,True,True
uk,TLE4,GNN-oof-42,20.0,300.0,0.8,245.6535835592134,186.80415641777358,True,2101673.8948187823,25427544.093432534,3227123.7443847647,82518797.45518821,23325870.19861375,79291673.71080345,True,True
uk,TLE4,GNN-oof-42,20.0,500.0,0.8,245.6535835592134,186.80415641777358,True,4794222.100732038,47913098.49296414,4908433.34484862,83370115.40920451,43118876.392232105,78461682.0643559,True,True
uk,TLE4,GNN-oof-42,20.0,100.0,0.9,259.87432306417395,186.80415641777358,True,166833.60080097336,9972009.663897064,0.0,50712913.927843854,9805176.063096091,50712913.927843854,True,True
uk,TLE4,GNN-oof-42,20.0,300.0,0.9,259.87432306417395,186.80415641777358,True,2101673.8948187823,27667320.164784998,3227123.7443847647,88633715.44232126,25565646.269966215,85406591.69793649,True,True
uk,TLE4,GNN-oof-42,20.0,500.0,0.9,259.87432306417395,186.80415641777358,True,4794222.100732038,51526973.9870141,4908433.34484862,89485033.39633752,46732751.886282064,84576600.0514889,True,True
uk,TLE4,GNN-oof-42,20.0,100.0,1.0,380.42159611591387,186.80415641777358,True,166833.60080097336,22083815.460644234,0.0,102548241.34009202,21916981.85984326,102548241.34009202,True,True
uk,TLE4,GNN-oof-42,20.0,300.0,1.0,380.42159611591387,186.80415641777358,True,2101673.8948187823,51027323.43129735,3227123.7443847647,140469042.8545694,48925649.536478564,137241919.11018464,True,True
uk,TLE4,GNN-oof-42,20.0,500.0,1.0,380.42159611591387,186.80415641777358,True,4794222.100732038,84999897.75022437,4908433.34484862,141320360.80858567,80205675.64949232,136411927.46373704,True,True
uk,TLE4,GNN-oof-123,20.0,100.0,0.5,178.5293048970233,212.84763103915748,False,204908.58709852357,4752269.97106397,0.0,19158739.782006666,4547361.383965446,19158739.782006666,True,True
uk,TLE4,GNN-oof-123,20.0,300.0,0.5,178.5293048970233,212.84763103915748,False,2236648.11125747,15895467.121054921,3227123.7443847647,52580108.82520227,13658819.00979745,49352985.080817506,True,True
uk,TLE4,GNN-oof-123,20.0,500.0,0.5,178.5293048970233,212.84763103915748,False,4924180.731311585,31383766.70888905,4908433.34484862,54133631.98894252,26459585.977577463,49225198.6440939,True,True
uk,TLE4,GNN-oof-123,20.0,100.0,0.8,285.11432260054505,212.84763103915748,True,204908.58709852357,12054719.078230014,0.0,61267277.84699343,11849810.49113149,61267277.84699343,True,True
uk,TLE4,GNN-oof-123,20.0,300.0,0.8,285.11432260054505,212.84763103915748,True,2236648.11125747,31715399.01659991,3227123.7443847647,98411666.43771663,29478750.905342437,95184542.69333187,True,True
uk,TLE4,GNN-oof-123,20.0,500.0,0.8,285.11432260054505,212.84763103915748,True,4924180.731311585,57571178.5822942,4908433.34484862,99965189.6014569,52646997.85098262,95056756.25660828,True,True
uk,TLE4,GNN-oof-123,20.0,100.0,0.9,342.30665049042943,212.84763103915748,True,204908.58709852357,17554676.74181317,0.0,85859978.8396437,17349768.154714648,85859978.8396437,True,True
uk,TLE4,GNN-oof-123,20.0,300.0,0.9,342.30665049042943,212.84763103915748,True,2236648.11125747,42352064.64337908,3227123.7443847647,123004367.4303669,40115416.532121606,119777243.68598214,True,True
uk,TLE4,GNN-oof-123,20.0,500.0,0.9,342.30665049042943,212.84763103915748,True,4924180.731311585,73298089.69698475,4908433.34484862,124557890.5941072,68373908.96567316,119649457.24925858,True,True
uk,TLE4,GNN-oof-123,20.0,100.0,1.0,355.519162883226,212.84763103915748,True,204908.58709852357,19033458.298068214,0.0,91541359.16854624,18828549.71096969,91541359.16854624,True,True
uk,TLE4,GNN-oof-123,20.0,300.0,1.0,355.519162883226,212.84763103915748,True,2236648.11125747,45101810.550535284,3227123.7443847647,128685747.75926943,42865162.43927781,125458624.01488467,True,True
uk,TLE4,GNN-oof-123,20.0,500.0,1.0,355.519162883226,212.84763103915748,True,4924180.731311585,77060907.2446874,4908433.34484862,130239270.92300968,72136726.5133758,125330837.57816106,True,True
uk,TLE4,GNN-oof-456,20.0,100.0,0.5,208.62126825859167,177.38947283269817,True,159836.58534166124,6348730.673084592,0.0,29894794.399579994,6188894.087742931,29894794.399579994,True,True
uk,TLE4,GNN-oof-456,20.0,300.0,0.5,208.62126825859167,177.38947283269817,True,2099814.495396189,20005482.40346785,3227123.7443847647,65554088.43837972,17905667.90807166,62326964.693994954,True,True
uk,TLE4,GNN-oof-456,20.0,500.0,0.5,208.62126825859167,177.38947283269817,True,4880708.725123548,38768805.62835023,4908433.34484862,67021884.55868707,33888096.90322668,62113451.21383845,True,True
uk,TLE4,GNN-oof-456,20.0,100.0,0.8,230.13821359165857,177.38947283269817,True,159836.58534166124,7748297.949070837,0.0,38221852.2434769,7588461.363729176,38221852.2434769,True,True
uk,TLE4,GNN-oof-456,20.0,300.0,0.8,230.13821359165857,177.38947283269817,True,2099814.495396189,23082273.50317985,3227123.7443847647,74806374.93159847,20982459.00778366,71579251.1872137,True,True
uk,TLE4,GNN-oof-456,20.0,500.0,0.8,230.13821359165857,177.38947283269817,True,4880708.725123548,44009750.34030856,4908433.34484862,76274171.05190586,39129041.615185015,71365737.70705724,True,True
uk,TLE4,GNN-oof-456,20.0,100.0,0.9,246.29595359658546,177.38947283269817,True,159836.58534166124,8890795.827219255,0.0,44646492.590094246,8730959.241877593,44646492.590094246,True,True
uk,TLE4,GNN-oof-456,20.0,300.0,0.9,246.29595359658546,177.38947283269817,True,2099814.495396189,25501329.60323954,3227123.7443847647,81754203.13371707,23401515.10784335,78527079.38933231,True,True
uk,TLE4,GNN-oof-456,20.0,500.0,0.9,246.29595359658546,177.38947283269817,True,4880708.725123548,48041307.04223212,4908433.34484862,83221999.25402442,43160598.31710857,78313565.9091758,True,True
uk,TLE4,GNN-oof-456,20.0,100.0,1.0,390.60231776797883,177.38947283269817,True,159836.58534166124,23354951.18250798,0.0,106438229.72170962,23195114.59716632,106438229.72170962,True,True
uk,TLE4,GNN-oof-456,20.0,300.0,1.0,390.60231776797883,177.38947283269817,True,2099814.495396189,53303997.30145695,3227123.7443847647,143805939.72741616,51204182.80606076,140578815.9830314,True,True
uk,TLE4,GNN-oof-456,20.0,500.0,1.0,390.60231776797883,177.38947283269817,True,4880708.725123548,88012093.15293948,4908433.34484862,145273735.84772354,83131384.42781593,140365302.5028749,True,True
uk,TLH1,Uni,10.0,100.0,0.5,239.85177024760435,116.13125391214624,True,7905294.642399192,103058727.05055133,10767164.766615294,99633763.53270492,95153432.40815213,88866598.76608962,True,True
uk,TLH1,Uni,10.0,300.0,0.5,239.85177024760435,116.13125391214624,True,7982828.798317752,103136261.20646988,10955790.984845906,182739165.86811897,95153432.40815213,171783374.88327307,True,True
uk,TLH1,Uni,10.0,500.0,0.5,239.85177024760435,116.13125391214624,True,7982828.798317751,103136261.20646985,10973725.04807648,201177945.13840204,95153432.4081521,190204220.09032556,True,True
uk,TLH1,Uni,10.0,100.0,0.8,370.1851394734271,116.13125391214624,True,7905294.642399192,159102075.81765512,10767164.766615294,155677112.2998087,151196781.17525592,144909947.5331934,True,True
uk,TLH1,Uni,10.0,300.0,0.8,370.1851394734271,116.13125391214624,True,7982828.798317752,159179609.97357365,10955790.984845906,239011173.94141293,151196781.1752559,228055382.95656702,True,True
uk,TLH1,Uni,10.0,500.0,0.8,370.1851394734271,116.13125391214624,True,7982828.798317751,159179609.97357365,10973725.04807648,313264642.67260957,151196781.1752559,302290917.62453306,True,True
uk,TLH1,Uni,10.0,100.0,0.9,475.63540373431306,116.13125391214624,True,7905294.642399192,204445689.44983613,10767164.766615294,201020725.9319897,196540394.80743694,190253561.1653744,True,True
uk,TLH1,Uni,10.0,300.0,0.9,475.63540373431306,116.13125391214624,True,7982828.798317752,204523223.6057546,10955790.984845906,284354787.5735938,196540394.80743685,273398996.58874786,True,True
uk,TLH1,Uni,10.0,500.0,0.9,475.63540373431306,116.13125391214624,True,7982828.798317751,204523223.60575464,10973725.04807648,370278567.80486375,196540394.80743688,359304842.7567873,True,True
uk,TLH1,Uni,10.0,100.0,1.0,537.5871675010857,116.13125391214624,True,7905294.642399192,231084947.8695483,10767164.766615294,227659984.35170192,223179653.2271491,216892819.5850866,True,True
uk,TLH1,Uni,10.0,300.0,1.0,537.5871675010857,116.13125391214624,True,7982828.798317752,231162482.02546686,10955790.984845906,310994045.99330604,223179653.2271491,300038255.00846016,True,True
uk,TLH1,Uni,10.0,500.0,1.0,537.5871675010857,116.13125391214624,True,7982828.798317751,231162482.02546686,10973725.04807648,397164419.59399676,223179653.2271491,386190694.54592025,True,True
uk,TLH1,LU,10.0,100.0,0.5,222.2841531068628,112.43676397579844,True,7858714.879481148,95513555.33719574,11915970.181615286,91513403.23039094,87654840.45771459,79597433.04877564,True,True
uk,TLH1,LU,10.0,300.0,0.5,222.2841531068628,112.43676397579844,True,7927345.378236442,95582185.83595102,9403912.169845924,175530399.52335152,87654840.45771457,166126487.3535056,True,True
uk,TLH1,LU,10.0,500.0,0.5,222.2841531068628,112.43676397579844,True,7927345.378236439,95582185.83595102,9421846.233076483,185789886.5663543,87654840.45771457,176368040.33327782,True,True
uk,TLH1,LU,10.0,100.0,0.8,329.5348274233156,112.43676397579844,True,7858714.879481148,141631345.29327044,11915970.181615286,137631193.18646568,133772630.41378929,125715223.00485039,True,True
uk,TLH1,LU,10.0,300.0,0.8,329.5348274233156,112.43676397579844,True,7927345.378236442,141699975.79202572,9403912.169845924,221876848.78561646,133772630.41378927,212472936.61577052,True,True
uk,TLH1,LU,10.0,500.0,0.8,329.5348274233156,112.43676397579844,True,7927345.378236439,141699975.79202574,9421846.233076483,278025466.4785037,133772630.4137893,268603620.24542725,True,True
uk,TLH1,LU,10.0,100.0,0.9,403.039478264259,112.43676397579844,True,7858714.879481148,173238345.1548761,11915970.181615286,169238193.04807132,165379630.27539498,157322222.86645603,True,True
uk,TLH1,LU,10.0,300.0,0.9,403.039478264259,112.43676397579844,True,7927345.378236442,173306975.65363136,9403912.169845924,253483848.6472221,165379630.27539492,244079936.47737616,True,True
uk,TLH1,LU,10.0,500.0,0.9,403.039478264259,112.43676397579844,True,7927345.378236439,173306975.65363142,9421846.233076483,339241550.42892796,165379630.27539498,329819704.19585145,True,True
uk,TLH1,LU,10.0,100.0,1.0,472.2669116811131,112.43676397579844,True,7858714.879481148,203006141.52412334,11915970.181615286,199005989.41731858,195147426.6446422,187090019.2357033,True,True
uk,TLH1,LU,10.0,300.0,1.0,472.2669116811131,112.43676397579844,True,7927345.378236442,203074772.02287868,9403912.169845924,283251645.01646936,195147426.64464223,273847732.8466234,True,True
uk,TLH1,LU,10.0,500.0,1.0,472.2669116811131,112.43676397579844,True,7927345.378236439,203074772.02287868,9421846.233076483,369175425.24773926,195147426.64464223,359753579.01466274,True,True
uk,TLH1,LU-soft,10.0,100.0,0.5,209.30053397528022,112.46250251196267,True,8798553.11649912,89945369.49128751,11887056.981615297,85714695.88964137,81146816.37478839,73827638.90802607,True,True
uk,TLH1,LU-soft,10.0,300.0,0.5,209.30053397528022,112.46250251196267,True,8852413.234582081,89999229.60937048,9734360.719845876,170725729.41594216,81146816.3747884,160991368.6960963,True,True
uk,TLH1,LU-soft,10.0,500.0,0.5,209.30053397528022,112.46250251196267,True,8852413.234582081,89999229.60937048,9752294.783076465,173931471.12778312,81146816.3747884,164179176.34470665,True,True
uk,TLH1,LU-soft,10.0,100.0,0.8,262.43093050785063,112.46250251196267,True,8798553.11649912,112791440.00029284,11887056.981615297,108560766.39864667,103992886.88379371,96673709.41703138,True,True
uk,TLH1,LU-soft,10.0,300.0,0.8,262.43093050785063,112.46250251196267,True,8852413.234582081,112845300.11837578,9734360.719845876,193665953.75690815,103992886.8837937,183931593.0370623,True,True
uk,TLH1,LU-soft,10.0,500.0,0.8,262.43093050785063,112.46250251196267,True,8852413.234582081,112845300.11837578,9752294.783076465,219623612.14579368,103992886.8837937,209871317.3627172,True,True
uk,TLH1,LU-soft,10.0,100.0,0.9,277.60024582495396,112.46250251196267,True,8798553.11649912,119314245.58664727,11887056.981615297,115083571.98500109,110515692.47014815,103196515.00338578,True,True
uk,TLH1,LU-soft,10.0,300.0,0.9,277.60024582495396,112.46250251196267,True,8852413.234582081,119368105.70473026,9734360.719845876,200188759.34326255,110515692.47014818,190454398.62341666,True,True
uk,TLH1,LU-soft,10.0,500.0,0.9,277.60024582495396,112.46250251196267,True,8852413.234582081,119368105.70473024,9752294.783076465,232669223.31850243,110515692.47014816,222916928.53542596,True,True
uk,TLH1,LU-soft,10.0,100.0,1.0,311.3863162596852,112.46250251196267,True,8798553.11649912,133842255.87358168,11887056.981615297,129611582.27193551,125043702.75708255,117724525.29032022,True,True
uk,TLH1,LU-soft,10.0,300.0,1.0,311.3863162596852,112.46250251196267,True,8852413.234582081,133896115.99166465,9734360.719845876,214837824.55700356,125043702.75708257,205103463.83715767,True,True
uk,TLH1,LU-soft,10.0,500.0,1.0,311.3863162596852,112.46250251196267,True,8852413.234582081,133896115.99166465,9752294.783076465,261725243.89237142,125043702.75708257,251972949.10929495,True,True
uk,TLH1,Ref,10.0,100.0,0.5,102.61417098788799,50.47385154531683,True,3052409.4480034085,44124093.52479184,323533.2899999991,55945435.40017458,41071684.076788425,55621902.11017458,True,True
uk,TLH1,Ref,10.0,300.0,0.5,102.61417098788799,50.47385154531683,True,3052409.448003409,44124093.52479184,323533.28999999166,78598652.22007112,41071684.076788425,78275118.93007113,True,True
uk,TLH1,Ref,10.0,500.0,0.5,102.61417098788799,50.47385154531683,True,3052409.4480034085,44124093.52479184,323533.28999999166,78587084.58701067,41071684.076788425,78263551.29701068,True,True
uk,TLH1,Ref,10.0,100.0,0.8,128.8148086451297,50.47385154531683,True,3052409.4480034085,55390367.71740577,323533.2899999991,67220676.6244038,52337958.26940236,66897143.334403805,True,True
uk,TLH1,Ref,10.0,300.0,0.8,128.8148086451297,50.47385154531683,True,3052409.448003409,55390367.71740577,323533.28999999166,101131200.60529897,52337958.26940236,100807667.31529897,True,True
uk,TLH1,Ref,10.0,500.0,0.8,128.8148086451297,50.47385154531683,True,3052409.4480034085,55390367.71740577,323533.28999999166,101119632.97223862,52337958.26940236,100796099.68223862,True,True
uk,TLH1,Ref,10.0,100.0,0.9,162.7239998415464,50.47385154531683,True,3052409.4480034085,69971319.93186496,323533.2899999991,81801628.838863,66918910.48386155,81478095.548863,True,True
uk,TLH1,Ref,10.0,300.0,0.9,162.7239998415464,50.47385154531683,True,3052409.448003409,69971319.93186499,323533.28999999166,130293105.03421739,66918910.48386158,129969571.7442174,True,True
uk,TLH1,Ref,10.0,500.0,0.9,162.7239998415464,50.47385154531683,True,3052409.4480034085,69971319.93186496,323533.28999999166,130281537.40115693,66918910.48386155,129958004.11115694,True,True
uk,TLH1,Ref,10.0,100.0,1.0,167.94309444102592,50.47385154531683,True,3052409.4480034085,72215530.60964115,323533.2899999991,84045839.5166392,69163121.16163774,83722306.22663921,True,True
uk,TLH1,Ref,10.0,300.0,1.0,167.94309444102592,50.47385154531683,True,3052409.448003409,72215530.60964118,323533.28999999166,134781526.38976973,69163121.16163777,134457993.09976974,True,True
uk,TLH1,Ref,10.0,500.0,1.0,167.94309444102592,50.47385154531683,True,3052409.4480034085,72215530.60964115,323533.28999999166,134769958.75670937,69163121.16163774,134446425.46670938,True,True
uk,TLH1,GNN-oof-42,10.0,100.0,0.5,163.7093276483742,64.81371648643706,True,4396868.184345144,70395010.8888009,6382858.7250000015,84150891.12309834,65998142.70445576,77768032.39809835,True,True
uk,TLH1,GNN-oof-42,10.0,300.0,0.5,163.7093276483742,64.81371648643706,True,4396868.184345144,70395010.8888009,6382858.725000009,133621697.05302314,65998142.70445576,127238838.32802314,True,True
uk,TLH1,GNN-oof-42,10.0,500.0,0.5,163.7093276483742,64.81371648643706,True,4396868.184345143,70395010.8888009,6382858.724999994,133603762.98979247,65998142.70445576,127220904.26479247,True,True
uk,TLH1,GNN-oof-42,10.0,100.0,0.8,214.6132331885113,64.81371648643706,True,4396868.184345144,92283690.27105987,6382858.7250000015,106039570.50535728,87886822.08671473,99656711.78035727,True,True
uk,TLH1,GNN-oof-42,10.0,300.0,0.8,214.6132331885113,64.81371648643706,True,4396868.184345144,92283690.27105989,6382858.725000009,177399055.81754103,87886822.08671474,171016197.09254104,True,True
uk,TLH1,GNN-oof-42,10.0,500.0,0.8,214.6132331885113,64.81371648643706,True,4396868.184345143,92283690.27105987,6382858.724999994,177381121.75431043,87886822.08671473,170998263.02931044,True,True
uk,TLH1,GNN-oof-42,10.0,100.0,0.9,246.956747091128,64.81371648643706,True,4396868.184345144,106191401.24918507,6382858.7250000015,119947281.48348244,101794533.06483993,113564422.75848243,True,True
uk,TLH1,GNN-oof-42,10.0,300.0,0.9,246.956747091128,64.81371648643706,True,4396868.184345144,106191401.24918507,6382858.725000009,204808231.632178,101794533.06483993,198425372.90717798,True,True
uk,TLH1,GNN-oof-42,10.0,500.0,0.9,246.956747091128,64.81371648643706,True,4396868.184345143,106191401.24918506,6382858.724999994,205196543.7105607,101794533.06483991,198813684.98556072,True,True
uk,TLH1,GNN-oof-42,10.0,100.0,1.0,254.9099646926123,64.81371648643706,True,4396868.184345144,109611284.81782334,6382858.7250000015,123367165.05212072,105214416.6334782,116984306.32712072,True,True
uk,TLH1,GNN-oof-42,10.0,300.0,1.0,254.9099646926123,64.81371648643706,True,4396868.184345144,109611284.81782335,6382858.725000009,209273011.22016004,105214416.63347821,202890152.49516004,True,True
uk,TLH1,GNN-oof-42,10.0,500.0,1.0,254.9099646926123,64.81371648643706,True,4396868.184345143,109611284.81782332,6382858.724999994,212036310.84783736,105214416.63347818,205653452.12283736,True,True
uk,TLH1,GNN-oof-123,10.0,100.0,0.5,150.71750977426248,72.1277760986412,True,4791938.369738697,64808529.20293285,9209230.665,79021864.43636754,60016590.83319415,69812633.77136755,True,True
uk,TLH1,GNN-oof-123,10.0,300.0,0.5,150.71750977426248,72.1277760986412,True,4791938.369738697,64808529.202932864,9209230.664999992,123765810.60467148,60016590.83319417,114556579.93967149,True,True
uk,TLH1,GNN-oof-123,10.0,500.0,0.5,150.71750977426248,72.1277760986412,True,4791938.369738696,64808529.202932864,9209230.664999962,123747876.54144087,60016590.83319417,114538645.87644091,True,True
uk,TLH1,GNN-oof-123,10.0,100.0,0.8,208.15704501836277,72.1277760986412,True,4791938.369738697,89507529.357896,9209230.665,103720864.59133068,84715590.9881573,94511633.92633069,True,True
uk,TLH1,GNN-oof-123,10.0,300.0,0.8,208.15704501836277,72.1277760986412,True,4791938.369738697,89507529.35789603,9209230.664999992,173163810.9145977,84715590.98815733,163954580.2495977,True,True
uk,TLH1,GNN-oof-123,10.0,500.0,0.8,208.15704501836277,72.1277760986412,True,4791938.369738696,89507529.357896,9209230.664999962,173145876.8513671,84715590.9881573,163936646.18636712,True,True
uk,TLH1,GNN-oof-123,10.0,100.0,0.9,244.95560217633138,72.1277760986412,True,4791938.369738697,105330908.93582247,9209230.665,119544244.16925716,100538970.56608377,110335013.50425717,True,True
uk,TLH1,GNN-oof-123,10.0,300.0,0.9,244.95560217633138,72.1277760986412,True,4791938.369738697,105330908.9358225,9209230.664999992,204717356.55940458,100538970.5660838,195508125.8944046,True,True
uk,TLH1,GNN-oof-123,10.0,500.0,0.9,244.95560217633138,72.1277760986412,True,4791938.369738696,105330908.93582247,9209230.664999962,204792636.0072201,100538970.56608377,195583405.34222013,True,True
uk,TLH1,GNN-oof-123,10.0,100.0,1.0,322.228151223621,72.1277760986412,True,4791938.369738697,138558105.02615708,9209230.665,152771440.25959176,133766166.65641838,143562209.59459177,True,True
uk,TLH1,GNN-oof-123,10.0,300.0,1.0,322.228151223621,72.1277760986412,True,4791938.369738697,138558105.02615702,9209230.664999992,238905945.73382124,133766166.65641832,229696715.06882125,True,True
uk,TLH1,GNN-oof-123,10.0,500.0,1.0,322.228151223621,72.1277760986412,True,4791938.369738696,138558105.02615705,9209230.664999962,271247028.1878892,133766166.65641835,262037797.52288926,True,True
uk,TLH1,GNN-oof-456,10.0,100.0,0.5,157.90914843216953,63.691796589110886,True,4360557.471842778,67900933.82583287,5274885.895,80543707.67444217,63540376.35399009,75268821.77944218,True,True
uk,TLH1,GNN-oof-456,10.0,300.0,0.5,157.90914843216953,63.691796589110886,True,4360557.471842779,67900933.8258329,5274885.894999981,128191138.66804838,63540376.35399012,122916252.7730484,True,True
uk,TLH1,GNN-oof-456,10.0,500.0,0.5,157.90914843216953,63.691796589110886,True,4360557.471842777,67900933.8258329,5274885.894999951,128173204.60481784,63540376.35399012,122898318.70981789,True,True
uk,TLH1,GNN-oof-456,10.0,100.0,0.8,202.37329633745796,63.691796589110886,True,4360557.471842778,87020517.42510693,5274885.895,99663291.2737162,82659959.95326415,94388405.3787162,True,True
uk,TLH1,GNN-oof-456,10.0,300.0,0.8,202.37329633745796,63.691796589110886,True,4360557.471842779,87020517.42510693,5274885.894999981,166430305.86659646,82659959.95326415,161155419.97159648,True,True
uk,TLH1,GNN-oof-456,10.0,500.0,0.8,202.37329633745796,63.691796589110886,True,4360557.471842777,87020517.42510693,5274885.894999951,166412371.80336577,82659959.95326415,161137485.90836582,True,True
uk,TLH1,GNN-oof-456,10.0,100.0,0.9,225.92592686767654,63.691796589110886,True,4360557.471842778,97148148.55310093,5274885.895,109790922.40171018,92787591.08125815,104516036.50671019,True,True
uk,TLH1,GNN-oof-456,10.0,300.0,0.9,225.92592686767654,63.691796589110886,True,4360557.471842779,97148148.55310093,5274885.894999981,186685568.12258443,92787591.08125815,181410682.22758445,True,True
uk,TLH1,GNN-oof-456,10.0,500.0,0.9,225.92592686767654,63.691796589110886,True,4360557.471842777,97148148.55310093,5274885.894999951,186667634.05935386,92787591.08125815,181392748.1643539,True,True
uk,TLH1,GNN-oof-456,10.0,100.0,1.0,256.20072054745543,63.691796589110886,True,4360557.471842778,110166309.83540583,5274885.895,122809083.68401508,105805752.36356305,117534197.78901508,True,True
uk,TLH1,GNN-oof-456,10.0,300.0,1.0,256.20072054745543,63.691796589110886,True,4360557.471842779,110166309.83540584,5274885.894999981,208720913.0396846,105805752.36356306,203446027.1446846,True,True
uk,TLH1,GNN-oof-456,10.0,500.0,1.0,256.20072054745543,63.691796589110886,True,4360557.471842777,110166309.83540583,5274885.894999951,212703956.62396368,105805752.36356305,207429070.72896373,True,True
uk,TLH1,Uni,20.0,100.0,0.5,299.9035629295311,138.799701155769,True,15597852.256522743,128666366.16689263,11910906.380807638,126856940.6088804,113068513.91036989,114946034.22807276,True,True
uk,TLH1,Uni,20.0,300.0,0.5,299.9035629295311,138.799701155769,True,15890018.149328481,128958532.05969836,9905271.167422965,199243071.67644426,113068513.91036987,189337800.50902128,True,True
uk,TLH1,Uni,20.0,500.0,0.5,299.9035629295311,138.799701155769,True,15890018.149328483,128958532.05969836,9915925.396152973,248441748.68559456,113068513.91036987,238525823.2894416,True,True
uk,TLH1,Uni,20.0,100.0,0.8,464.17985973381485,138.799701155769,True,15597852.256522743,199305173.79273462,11910906.380807638,197495748.23472244,183707321.53621188,185584841.8539148,True,True
uk,TLH1,Uni,20.0,300.0,0.8,464.17985973381485,138.799701155769,True,15890018.149328481,199597339.68554035,9905271.167422965,269895329.8497092,183707321.53621188,259990058.68228626,True,True
uk,TLH1,Uni,20.0,500.0,0.8,464.17985973381485,138.799701155769,True,15890018.149328483,199597339.68554035,9915925.396152973,356043285.8713616,183707321.53621188,346127360.47520864,True,True
uk,TLH1,Uni,20.0,100.0,0.9,605.972978664555,138.799701155769,True,15597852.256522743,260276214.93295282,11910906.380807638,258466789.3749407,244678362.67643008,246555882.99413306,True,True
uk,TLH1,Uni,20.0,300.0,0.9,605.972978664555,138.799701155769,True,15890018.149328481,260568380.82575855,9905271.167422965,330866370.9899276,244678362.67643008,320961099.82250464,True,True
uk,TLH1,Uni,20.0,500.0,0.9,605.972978664555,138.799701155769,True,15890018.149328483,260568380.82575855,9915925.396152973,417036744.5906182,244678362.67643008,407120819.1944652,True,True
uk,TLH1,Uni,20.0,100.0,1.0,643.7854099301535,138.799701155769,True,15597852.256522743,276535560.37716025,11910906.380807638,274726134.81914806,260937708.1206375,262815228.43834043,True,True
uk,TLH1,Uni,20.0,300.0,1.0,643.7854099301535,138.799701155769,True,15890018.149328481,276827726.26996607,9905271.167422965,347125716.43413496,260937708.1206376,337220445.266712,True,True
uk,TLH1,Uni,20.0,500.0,1.0,643.7854099301535,138.799701155769,True,15890018.149328483,276827726.269966,9915925.396152973,433296090.0348255,260937708.12063754,423380164.63867253,True,True
uk,TLH1,LU,20.0,100.0,0.5,292.5577056122864,135.45546254159262,True,14893747.646428647,125573648.32204565,11234591.630807638,123070458.38549992,110679900.67561701,111835866.75469229,True,True
uk,TLH1,LU,20.0,300.0,0.5,292.5577056122864,135.45546254159262,True,15119912.737666141,125799813.41328314,7935299.052422956,197059022.4359625,110679900.675617,189123723.38353956,True,True
uk,TLH1,LU,20.0,500.0,0.5,292.5577056122864,135.45546254159262,True,15119912.737666141,125799813.41328314,7945953.281152964,241449928.90403765,110679900.675617,233503975.6228847,True,True
uk,TLH1,LU,20.0,100.0,0.8,476.94574483862317,135.45546254159262,True,14893747.646428647,204860505.18937048,11234591.630807638,202357315.25282475,189966757.54294184,191122723.62201712,True,True
uk,TLH1,LU,20.0,300.0,0.8,476.94574483862317,135.45546254159262,True,15119912.737666141,205086670.28060797,7935299.052422956,276359329.8507103,189966757.54294184,268424030.79828733,True,True
uk,TLH1,LU,20.0,500.0,0.8,476.94574483862317,135.45546254159262,True,15119912.737666141,205086670.28060797,7945953.281152964,362507285.8723627,189966757.54294184,354561332.5912097,True,True
uk,TLH1,LU,20.0,100.0,0.9,556.4833553123827,135.45546254159262,True,14893747.646428647,239061677.6930871,11234591.630807638,236558487.7565414,224167930.04665846,225323896.12573376,True,True
uk,TLH1,LU,20.0,300.0,0.9,556.4833553123827,135.45546254159262,True,15119912.737666141,239287842.78432465,7935299.052422956,310560502.354427,224167930.04665852,302625203.30200404,True,True
uk,TLH1,LU,20.0,500.0,0.9,556.4833553123827,135.45546254159262,True,15119912.737666141,239287842.7843246,7945953.281152964,396730875.9551175,224167930.04665846,388784922.67396456,True,True
uk,TLH1,LU,20.0,100.0,1.0,652.7563796419312,135.45546254159262,True,14893747.646428647,280459078.1547929,11234591.630807638,277955888.2182472,265565330.50836426,266721296.58743954,True,True
uk,TLH1,LU,20.0,300.0,1.0,652.7563796419312,135.45546254159262,True,15119912.737666141,280685243.2460304,7935299.052422956,351957902.81613266,265565330.50836426,344022603.7637097,True,True
uk,TLH1,LU,20.0,500.0,1.0,652.7563796419312,135.45546254159262,True,15119912.737666141,280685243.2460304,7945953.281152964,438128276.4168234,265565330.50836426,430182323.1356704,True,True
uk,TLH1,LU-soft,20.0,100.0,0.5,268.1813798555853,141.58600388044738,True,16022780.441941962,115062694.05896139,11285920.300807644,113093420.65657906,99039913.61701943,101807500.35577142,True,True
uk,TLH1,LU-soft,20.0,300.0,0.5,268.1813798555853,141.58600388044738,True,16278079.720882243,115317993.33790167,7900930.657422975,185163295.44161877,99039913.61701943,177262364.78419578,True,True
uk,TLH1,LU-soft,20.0,500.0,0.5,268.1813798555853,141.58600388044738,True,16278079.72088224,115317993.33790167,7911584.886152953,220849897.0806896,99039913.61701943,212938312.19453666,True,True
uk,TLH1,LU-soft,20.0,100.0,0.8,315.21350745521136,141.58600388044738,True,16022780.441941962,135286508.92680064,11285920.300807644,133317235.52441828,119263728.48485868,122031315.22361064,True,True
uk,TLH1,LU-soft,20.0,300.0,0.8,315.21350745521136,141.58600388044738,True,16278079.720882243,135541808.20574093,7900930.657422975,205387110.30945793,119263728.48485869,197486179.65203494,True,True
uk,TLH1,LU-soft,20.0,500.0,0.8,315.21350745521136,141.58600388044738,True,16278079.72088224,135541808.2057409,7911584.886152953,261297526.8163681,119263728.48485866,253385941.93021515,True,True
uk,TLH1,LU-soft,20.0,100.0,0.9,341.72390129985723,141.58600388044738,True,16022780.441941962,146685978.27999833,11285920.300807644,144716704.87761602,130663197.83805637,133430784.57680838,True,True
uk,TLH1,LU-soft,20.0,300.0,0.9,341.72390129985723,141.58600388044738,True,16278079.720882243,146941277.5589386,7900930.657422975,216786579.66265568,130663197.83805636,208885649.0052327,True,True
uk,TLH1,LU-soft,20.0,500.0,0.9,341.72390129985723,141.58600388044738,True,16278079.72088224,146941277.5589386,7911584.886152953,284096465.5227635,130663197.83805636,276184880.6366105,True,True
uk,TLH1,LU-soft,20.0,100.0,1.0,500.4937441618782,141.58600388044738,True,16022780.441941962,214957010.7106674,11285920.300807644,212987737.308285,198934230.26872545,201701817.00747734,True,True
uk,TLH1,LU-soft,20.0,300.0,1.0,500.4937441618782,141.58600388044738,True,16278079.720882243,215212309.98960766,7900930.657422975,285071062.6407477,198934230.26872543,277170131.98332477,True,True
uk,TLH1,LU-soft,20.0,500.0,1.0,500.4937441618782,141.58600388044738,True,16278079.72088224,215212309.98960766,7911584.886152953,371219018.66240007,198934230.26872543,363307433.77624714,True,True
uk,TLH1,Ref,20.0,100.0,0.5,126.72612926253056,56.47862856771201,True,4017020.492149192,54492235.582888134,2077134.2558076344,64215268.851914324,50475215.090738945,62138134.59610669,True,True
uk,TLH1,Ref,20.0,300.0,0.5,126.72612926253056,56.47862856771201,True,4017020.492149193,54492235.58288814,2086101.2874229848,103275027.11688218,50475215.09073895,101188925.82945919,True,True
uk,TLH1,Ref,20.0,500.0,0.5,126.72612926253056,56.47862856771201,True,4017020.492149194,54492235.58288814,2096755.516152978,103283994.14849743,50475215.090738945,101187238.63234445,True,True
uk,TLH1,Ref,20.0,100.0,0.8,152.3163112082792,56.47862856771201,True,4017020.492149192,65496013.81956005,2077134.2558076344,75219047.08858624,61478993.32741086,73141912.8327786,True,True
uk,TLH1,Ref,20.0,300.0,0.8,152.3163112082792,56.47862856771201,True,4017020.492149193,65496013.81956006,2086101.2874229848,125282583.59022602,61478993.32741086,123196482.30280304,True,True
uk,TLH1,Ref,20.0,500.0,0.8,152.3163112082792,56.47862856771201,True,4017020.492149194,65496013.81956005,2096755.516152978,125291550.62184128,61478993.327410854,123194795.1056883,True,True
uk,TLH1,Ref,20.0,100.0,0.9,181.70083932498463,56.47862856771201,True,4017020.492149192,78131360.90974341,2077134.2558076344,87854394.17876956,74114340.41759422,85777259.92296192,True,True
uk,TLH1,Ref,20.0,300.0,0.9,181.70083932498463,56.47862856771201,True,4017020.492149193,78131360.90974341,2086101.2874229848,150553277.77059266,74114340.41759422,148467176.48316967,True,True
uk,TLH1,Ref,20.0,500.0,0.9,181.70083932498463,56.47862856771201,True,4017020.492149194,78131360.90974341,2096755.516152978,150562244.8022079,74114340.41759422,148465489.2860549,True,True
uk,TLH1,Ref,20.0,100.0,1.0,285.34154341563243,56.47862856771201,True,4017020.492149192,122696863.66872194,2077134.2558076344,132419896.9377481,118679843.17657275,130342762.68194047,True,True
uk,TLH1,Ref,20.0,300.0,1.0,285.34154341563243,56.47862856771201,True,4017020.492149193,122696863.66872194,2086101.2874229848,218576819.99101585,118679843.17657275,216490718.70359287,True,True
uk,TLH1,Ref,20.0,500.0,1.0,285.34154341563243,56.47862856771201,True,4017020.492149194,122696863.66872194,2096755.516152978,239693250.32016507,118679843.17657275,237596494.8040121,True,True
uk,TLH1,GNN-oof-42,20.0,100.0,0.5,179.89449742582457,100.94837624777048,True,7340411.145353348,77337482.32918502,12799667.145807624,78722244.15765722,69997071.18383168,65922577.0118496,True,True
uk,TLH1,GNN-oof-42,20.0,300.0,0.5,179.89449742582457,100.94837624777048,True,7357562.709272872,77354633.89310457,12808634.177422956,147462818.6083933,69997071.18383169,134654184.43097037,True,True
uk,TLH1,GNN-oof-42,20.0,500.0,0.5,179.89449742582457,100.94837624777048,True,7357562.709272872,77354633.89310455,12819288.406152964,147462818.60839328,69997071.18383168,134643530.20224032,True,True
uk,TLH1,GNN-oof-42,20.0,100.0,0.8,236.56715569222123,100.94837624777048,True,7340411.145353348,101706725.38373564,12799667.145807624,103091487.21220776,94366314.2383823,90291820.06640014,True,True
uk,TLH1,GNN-oof-42,20.0,300.0,0.8,236.56715569222123,100.94837624777048,True,7357562.709272872,101723876.94765519,12808634.177422956,189006300.41186246,94366314.23838231,176197666.2344395,True,True
uk,TLH1,GNN-oof-42,20.0,500.0,0.8,236.56715569222123,100.94837624777048,True,7357562.709272872,101723876.94765516,12819288.406152964,196201304.71749443,94366314.23838228,183382016.31134146,True,True
uk,TLH1,GNN-oof-42,20.0,100.0,0.9,250.26188730486885,100.94837624777048,True,7340411.145353348,107595459.97717407,12799667.145807624,108980221.80564626,100255048.83182073,96180554.65983863,True,True
uk,TLH1,GNN-oof-42,20.0,300.0,0.9,250.26188730486885,100.94837624777048,True,7357562.709272872,107612611.5410936,12808634.177422956,194908485.55272382,100255048.83182073,182099851.37530088,True,True
uk,TLH1,GNN-oof-42,20.0,500.0,0.9,250.26188730486885,100.94837624777048,True,7357562.709272872,107612611.5410936,12819288.406152964,207978773.90437132,100255048.83182073,195159485.49821836,True,True
uk,TLH1,GNN-oof-42,20.0,100.0,1.0,366.3502630538417,100.94837624777048,True,7340411.145353348,157513461.54923245,12799667.145807624,158898223.3777046,150173050.4038791,146098556.23189697,True,True
uk,TLH1,GNN-oof-42,20.0,300.0,1.0,366.3502630538417,100.94837624777048,True,7357562.709272872,157530613.11315197,12808634.177422956,245068596.97839528,150173050.4038791,232259962.80097234,True,True
uk,TLH1,GNN-oof-42,20.0,500.0,1.0,366.3502630538417,100.94837624777048,True,7357562.709272872,157530613.11315197,12819288.406152964,307814777.048488,150173050.4038791,294995488.64233506,True,True
uk,TLH1,GNN-oof-123,20.0,100.0,0.5,190.2994468727253,122.77427313202926,True,8394508.524595164,81769259.60280992,13319291.400807627,76552575.26220188,73374751.07821476,63233283.86139425,True,True
uk,TLH1,GNN-oof-123,20.0,300.0,0.5,190.2994468727253,122.77427313202926,True,8454011.077057127,81828762.15527189,13328258.43242295,152955249.62084976,73374751.07821476,139626991.1884268,True,True
uk,TLH1,GNN-oof-123,20.0,500.0,0.5,190.2994468727253,122.77427313202926,True,8454011.077057127,81828762.15527189,13338912.661152989,152955249.62084976,73374751.07821476,139616336.95969677,True,True
uk,TLH1,GNN-oof-123,20.0,100.0,0.8,274.56828989619527,122.77427313202926,True,8394508.524595164,118004862.10290205,13319291.400807627,112788177.76229396,109610353.57830688,99468886.36148635,True,True
uk,TLH1,GNN-oof-123,20.0,300.0,0.8,274.56828989619527,122.77427313202926,True,8454011.077057127,118064364.655364,13328258.43242295,198891298.62586993,109610353.57830688,185563040.193447,True,True
uk,TLH1,GNN-oof-123,20.0,500.0,0.8,274.56828989619527,122.77427313202926,True,8454011.077057127,118064364.655364,13338912.661152989,225426454.6210339,109610353.57830688,212087541.95988092,True,True
uk,TLH1,GNN-oof-123,20.0,100.0,0.9,329.64514300086637,122.77427313202926,True,8394508.524595164,141687908.93791065,13319291.400807627,136471224.59730256,133293400.41331547,123151933.19649494,True,True
uk,TLH1,GNN-oof-123,20.0,300.0,0.9,329.64514300086637,122.77427313202926,True,8454011.077057127,141747411.49037257,13328258.43242295,222628147.6505703,133293400.41331545,209299889.21814734,True,True
uk,TLH1,GNN-oof-123,20.0,500.0,0.9,329.64514300086637,122.77427313202926,True,8454011.077057127,141747411.49037263,13338912.661152989,272792548.29105103,133293400.4133155,259453635.62989804,True,True
uk,TLH1,GNN-oof-123,20.0,100.0,1.0,342.3689405983832,122.77427313202926,True,8394508.524595164,147159141.9048428,13319291.400807627,141942457.5642348,138764633.38024762,128623166.16342717,True,True
uk,TLH1,GNN-oof-123,20.0,300.0,1.0,342.3689405983832,122.77427313202926,True,8454011.077057127,147218644.45730475,13328258.43242295,228099380.61750254,138764633.38024762,214771122.18507957,True,True
uk,TLH1,GNN-oof-123,20.0,500.0,1.0,342.3689405983832,122.77427313202926,True,8454011.077057127,147218644.45730475,13338912.661152989,283735014.22491544,138764633.38024762,270396101.5637624,True,True
uk,TLH1,GNN-oof-456,20.0,100.0,0.5,200.9046207825528,100.39122177468124,True,7459064.613970952,86376357.77992932,11292579.925807625,88620755.5800389,78917293.16595837,77328175.65423128,True,True
uk,TLH1,GNN-oof-456,20.0,300.0,0.5,200.9046207825528,100.39122177468124,True,7471693.77053932,86388986.93649772,11301546.957422972,164319419.98467624,78917293.1659584,153017873.02725327,True,True
uk,TLH1,GNN-oof-456,20.0,500.0,0.5,200.9046207825528,100.39122177468124,True,7471693.77053932,86388986.93649767,11312201.186153024,164319419.98467624,78917293.16595836,153007218.79852322,True,True
uk,TLH1,GNN-oof-456,20.0,100.0,0.8,221.62568042629164,100.39122177468124,True,7459064.613970952,95286413.42673703,11292579.925807625,97530811.2268466,87827348.81276608,86238231.30103898,True,True
uk,TLH1,GNN-oof-456,20.0,300.0,0.8,221.62568042629164,100.39122177468124,True,7471693.77053932,95299042.58330539,11301546.957422972,182107171.728512,87827348.81276608,170805624.77108902,True,True
uk,TLH1,GNN-oof-456,20.0,500.0,0.8,221.62568042629164,100.39122177468124,True,7471693.77053932,95299042.58330539,11312201.186153024,182139531.27829164,87827348.81276608,170827330.09213862,True,True
uk,TLH1,GNN-oof-456,20.0,100.0,0.9,237.18576524165772,100.39122177468124,True,7459064.613970952,101977249.89734448,11292579.925807625,104221647.69745404,94518185.28337353,92929067.77164641,True,True
uk,TLH1,GNN-oof-456,20.0,300.0,0.9,237.18576524165772,100.39122177468124,True,7471693.77053932,101989879.05391286,11301546.957422972,190136460.89710873,94518185.28337355,178834913.93968576,True,True
uk,TLH1,GNN-oof-456,20.0,500.0,0.9,237.18576524165772,100.39122177468124,True,7471693.77053932,101989879.05391285,11312201.186153024,195521204.2195064,94518185.28337353,184209003.0333534,True,True
uk,TLH1,GNN-oof-456,20.0,100.0,1.0,376.15441216995947,100.39122177468124,True,7459064.613970952,161733768.0765142,11292579.925807625,163978165.87662378,154274703.46254325,152685585.95081615,True,True
uk,TLH1,GNN-oof-456,20.0,300.0,1.0,376.15441216995947,100.39122177468124,True,7471693.77053932,161746397.2330826,11301546.957422972,250148539.47731447,154274703.46254328,238846992.5198915,True,True
uk,TLH1,GNN-oof-456,20.0,500.0,1.0,376.15441216995947,100.39122177468124,True,7471693.77053932,161746397.2330826,11312201.186153024,315034240.57784593,154274703.46254328,303722039.3916929,True,True
uk,TLE3,Uni,10.0,100.0,0.5,144.96484381497018,330.203295697578,False,13602052.993427603,33606220.951398894,0.0,16077775.408349995,20004167.95797129,16077775.408349995,True,True
uk,TLE3,Uni,10.0,300.0,0.5,144.96484381497018,330.203295697578,False,22105796.668423858,51038776.75134,11273200.290161125,18111614.43394494,28932980.082916144,6838414.143783815,True,True
uk,TLE3,Uni,10.0,500.0,0.5,144.96484381497018,330.203295697578,False,27057090.256120082,55568744.53241208,44923930.44470216,20261066.837881334,28511654.276292,-24662863.60682083,True,False
uk,TLE3,Uni,10.0,100.0,0.8,209.1762124233409,330.203295697578,False,13602052.993427603,54575616.388101086,0.0,29664034.198429774,40973563.39467348,29664034.198429774,True,True
uk,TLE3,Uni,10.0,300.0,0.8,209.1762124233409,330.203295697578,False,22105796.668423858,74701410.67903243,11273200.290161125,31168235.74993656,52595614.01060857,19895035.459775433,True,True
uk,TLE3,Uni,10.0,500.0,0.8,209.1762124233409,330.203295697578,False,27057090.256120082,81251351.4874321,44923930.44470216,44526287.85591036,54194261.23131202,-397642.5887918025,True,False
uk,TLE3,Uni,10.0,100.0,0.9,259.3550716717149,330.203295697578,False,13602052.993427603,71935989.41783777,0.0,46109447.04924249,58333936.424410164,46109447.04924249,True,True
uk,TLE3,Uni,10.0,300.0,0.9,259.3550716717149,330.203295697578,False,22105796.668423858,93655079.77917965,11273200.290161125,43912407.433480546,71549283.11075579,32639207.14331942,True,True
uk,TLE3,Uni,10.0,500.0,0.9,259.3550716717149,330.203295697578,False,27057090.256120082,101853113.95516181,44923930.44470216,65024351.858871125,74796023.69904172,20100421.41416896,True,True
uk,TLE3,Uni,10.0,100.0,1.0,292.697191309148,330.203295697578,False,13602052.993427603,83696343.82637106,0.0,57579136.20451949,70094290.83294345,57579136.20451949,True,True
uk,TLE3,Uni,10.0,300.0,1.0,292.697191309148,330.203295697578,False,22105796.668423858,106432577.94348651,11273200.290161125,53316474.981785014,84326781.27506265,42043274.69162389,True,True
uk,TLE3,Uni,10.0,500.0,1.0,292.697191309148,330.203295697578,False,27057090.256120082,115908083.97861001,44923930.44470216,79256913.86031036,88850993.72248992,34332983.4156082,True,True
uk,TLE3,LU,10.0,100.0,0.5,129.13528079680694,290.0814976869879,False,12244533.822148722,28626322.802010886,0.0,13848346.109003743,16381788.979862165,13848346.109003743,True,True
uk,TLE3,LU,10.0,300.0,0.5,129.13528079680694,290.0814976869879,False,20379569.324245345,45372941.95497954,7302580.227172847,11030372.081348049,24993372.630734194,3727791.8541752016,True,True
uk,TLE3,LU,10.0,500.0,0.5,129.13528079680694,290.0814976869879,False,25258840.270122442,49378934.78039525,42883544.23168947,18072588.47410422,24120094.510272805,-24810955.75758525,True,False
uk,TLE3,LU,10.0,100.0,0.8,190.50653765531723,290.0814976869879,False,12244533.822148722,48111729.31444202,0.0,26110758.457643174,35867195.4922933,26110758.457643174,True,True
uk,TLE3,LU,10.0,300.0,0.8,190.50653765531723,290.0814976869879,False,20379569.324245345,67819989.56436598,7302580.227172847,20629777.681472767,47440420.240120634,13327197.45429992,True,True
uk,TLE3,LU,10.0,500.0,0.8,190.50653765531723,290.0814976869879,False,25258840.270122442,73801909.80699855,42883544.23168947,41455487.23154091,48543069.53687611,-1428057.0001485571,True,False
uk,TLE3,LU,10.0,100.0,0.9,217.54006250797994,290.0814976869879,False,12244533.822148722,57304782.82079388,0.0,33857286.91620435,45060248.99864516,33857286.91620435,True,True
uk,TLE3,LU,10.0,300.0,0.9,217.54006250797994,290.0814976869879,False,20379569.324245345,77902485.59049577,7302580.227172847,25960949.26244343,57522916.26625042,18658369.035270583,True,True
uk,TLE3,LU,10.0,500.0,0.9,217.54006250797994,290.0814976869879,False,25258840.270122442,84801725.99186346,42883544.23168947,52498682.13385364,59542885.72174102,9615137.902164169,True,True
uk,TLE3,LU,10.0,100.0,1.0,257.4868060087152,290.0814976869879,False,12244533.822148722,71194880.49224941,0.0,47551985.52241495,58950346.67010069,47551985.52241495,True,True
uk,TLE3,LU,10.0,300.0,1.0,257.4868060087152,290.0814976869879,False,20379569.324245345,93000644.74493235,7302580.227172847,34810623.45267039,72621075.420687,27508043.22549754,True,True
uk,TLE3,LU,10.0,500.0,1.0,257.4868060087152,290.0814976869879,False,25258840.270122442,101523119.65938662,42883544.23168947,69252505.14023231,76264279.38926418,26368960.90854284,True,True
uk,TLE3,LU-soft,10.0,100.0,0.5,120.2219460452525,164.18676213569535,False,5748714.2953885505,27610129.299740523,0.0,10167990.084095722,21861415.004351974,10167990.084095722,True,True
uk,TLE3,LU-soft,10.0,300.0,0.5,120.2219460452525,164.18676213569535,False,12051673.481461495,43167158.26498378,1895020.687011715,8782917.982554387,31115484.783522286,6887897.295542672,True,True
uk,TLE3,LU-soft,10.0,500.0,0.5,120.2219460452525,164.18676213569535,False,14900799.192258038,48650902.12147722,15407283.546142573,22620419.47847721,33750102.92921918,7213135.932334637,True,True
uk,TLE3,LU-soft,10.0,100.0,0.8,156.79505101679828,164.18676213569535,False,5748714.2953885505,39156623.13107501,0.0,17802231.3733614,33407908.83568646,17802231.3733614,True,True
uk,TLE3,LU-soft,10.0,300.0,0.8,156.79505101679828,164.18676213569535,False,12051673.481461495,56849009.65256304,1895020.687011715,14595712.441751625,44797336.17110155,12700691.75473991,True,True
uk,TLE3,LU-soft,10.0,500.0,0.8,156.79505101679828,164.18676213569535,False,14900799.192258038,64317992.203559324,15407283.546142573,38346854.61624188,49417193.01130129,22939571.07009931,True,True
uk,TLE3,LU-soft,10.0,100.0,0.9,169.0143523229837,164.18676213569535,True,5748714.2953885505,43236604.466540895,0.0,21480241.066523217,37487890.171152346,21480241.066523217,True,True
uk,TLE3,LU-soft,10.0,300.0,0.9,169.0143523229837,164.18676213569535,True,12051673.481461495,61478349.09595741,1895020.687011715,16983351.74664717,49426675.61449592,15088331.059635457,True,True
uk,TLE3,LU-soft,10.0,500.0,0.9,169.0143523229837,164.18676213569535,True,14900799.192258038,69567731.143288,15407283.546142573,43601154.17790161,54666931.951029964,28193870.63175904,True,True
uk,TLE3,LU-soft,10.0,100.0,1.0,191.26347145157393,164.18676213569535,True,5748714.2953885505,50854702.335454755,0.0,28177225.92422887,45105988.040066205,28177225.92422887,True,True
uk,TLE3,LU-soft,10.0,300.0,1.0,191.26347145157393,164.18676213569535,True,12051673.481461495,69998297.57936321,1895020.687011715,23790088.234800175,57946624.09790172,21895067.54778846,True,True
uk,TLE3,LU-soft,10.0,500.0,1.0,191.26347145157393,164.18676213569535,True,14900799.192258038,79130068.80796915,15407283.546142573,53168275.40319542,64229269.615711115,37760991.85705285,True,True
uk,TLE3,Ref,10.0,100.0,0.5,62.55153660263375,69.45420121489121,False,1781716.9395065135,13010639.701029351,0.0,6200278.021333662,11228922.761522837,6200278.021333662,True,True
uk,TLE3,Ref,10.0,300.0,0.5,62.55153660263375,69.45420121489121,False,4498056.828750013,22566058.650328077,334387.3321533193,2591062.823375775,18068001.821578063,2256675.4912224556,True,True
uk,TLE3,Ref,10.0,500.0,0.5,62.55153660263375,69.45420121489121,False,5327855.028972002,26130896.840020422,2452312.3083496178,11024152.94512649,20803041.81104842,8571840.636776872,True,True
uk,TLE3,Ref,10.0,100.0,0.8,79.12219063374275,69.45420121489121,True,1781716.9395065135,17514880.669550784,0.0,9050430.51468441,15733163.73004427,9050430.51468441,True,True
uk,TLE3,Ref,10.0,300.0,0.8,79.12219063374275,69.45420121489121,True,4498056.828750013,28688523.97373227,334387.3321533193,4318114.166607649,24190467.144982256,3983726.8344543297,True,True
uk,TLE3,Ref,10.0,500.0,0.8,79.12219063374275,69.45420121489121,True,5327855.028972002,33242229.332536135,2452312.3083496178,18042806.11775493,27914374.30356413,15590493.809405312,True,True
uk,TLE3,Ref,10.0,100.0,0.9,99.95030440651708,69.45420121489121,True,1781716.9395065135,23696753.944134317,0.0,13080588.669967923,21915037.004627805,13080588.669967923,True,True
uk,TLE3,Ref,10.0,300.0,0.9,99.95030440651708,69.45420121489121,True,4498056.828750013,36461692.303661354,334387.3321533193,6908534.487475735,31963635.47491134,6574147.155322416,True,True
uk,TLE3,Ref,10.0,500.0,0.9,99.95030440651708,69.45420121489121,True,5327855.028972002,42192178.28810947,2452312.3083496178,26998895.040047903,36864323.25913747,24546582.731698286,True,True
uk,TLE3,Ref,10.0,100.0,1.0,103.15603985090355,69.45420121489121,True,1781716.9395065135,24686709.819687124,0.0,13701452.438947046,22904992.880180612,13701452.438947046,True,True
uk,TLE3,Ref,10.0,300.0,1.0,103.15603985090355,69.45420121489121,True,4498056.828750013,37673002.73350242,334387.3321533193,7476766.673168046,33174945.904752403,7142379.341014727,True,True
uk,TLE3,Ref,10.0,500.0,1.0,103.15603985090355,69.45420121489121,True,5327855.028972002,43570605.74850101,2452312.3083496178,28377361.281134088,38242750.71952901,25925048.97278447,True,True
uk,TLE3,GNN-oof-42,10.0,100.0,0.5,92.57780484507452,127.90018944923656,False,4975837.560310653,20300566.572445773,0.0,9347803.893890832,15324729.012135118,9347803.893890832,True,True
uk,TLE3,GNN-oof-42,10.0,300.0,0.5,92.57780484507452,127.90018944923656,False,10876931.748867583,33575159.50628536,3828686.086059568,6921248.862564191,22698227.75741778,3092562.7765046232,True,True
uk,TLE3,GNN-oof-42,10.0,500.0,0.5,92.57780484507452,127.90018944923656,False,12860604.27705117,37880793.626777366,12228083.202026362,15238009.28599517,25020189.349726196,3009926.083968809,True,True
uk,TLE3,GNN-oof-42,10.0,100.0,0.8,128.43286005015725,127.90018944923656,True,4975837.560310653,31223779.284783624,0.0,16285757.076074341,26247941.72447297,16285757.076074341,True,True
uk,TLE3,GNN-oof-42,10.0,300.0,0.8,128.43286005015725,127.90018944923656,True,10876931.748867583,47033202.71816371,3828686.086059568,11252600.335165147,36156270.96929613,7423914.249105578,True,True
uk,TLE3,GNN-oof-42,10.0,500.0,0.8,128.43286005015725,127.90018944923656,True,12860604.27705117,53223074.448148765,12228083.202026362,29630979.07788049,40362470.17109759,17402895.875854127,True,True
uk,TLE3,GNN-oof-42,10.0,100.0,0.9,151.68876177476662,127.90018944923656,True,4975837.560310653,38949943.514390126,0.0,21125634.06085498,33974105.95407947,21125634.06085498,True,True
uk,TLE3,GNN-oof-42,10.0,300.0,0.9,151.68876177476662,127.90018944923656,True,10876931.748867583,55896906.227740414,3828686.086059568,15765159.43577077,45019974.478872836,11936473.349711202,True,True
uk,TLE3,GNN-oof-42,10.0,500.0,0.9,151.68876177476662,127.90018944923656,True,12860604.27705117,63221166.22524978,12228083.202026362,39631016.8194625,50360561.94819862,27402933.61743614,True,True
uk,TLE3,GNN-oof-42,10.0,100.0,1.0,156.57388333675925,127.90018944923656,True,4975837.560310653,40611719.28179336,0.0,22175935.196683403,35635881.72148271,22175935.196683403,True,True
uk,TLE3,GNN-oof-42,10.0,300.0,1.0,156.57388333675925,127.90018944923656,True,10876931.748867583,57777936.01173758,3828686.086059568,16952130.019901462,46901004.26287,13123443.933841893,True,True
uk,TLE3,GNN-oof-42,10.0,500.0,1.0,156.57388333675925,127.90018944923656,True,12860604.27705117,65321768.496906586,12228083.202026362,41731619.09111934,52461164.21985541,29503535.88909298,True,True
uk,TLE3,GNN-oof-123,10.0,100.0,0.5,88.00160462442594,125.06804347179224,False,5972658.753500059,17563182.54894577,0.0,8204731.624879052,11590523.79544571,8204731.624879052,True,True
uk,TLE3,GNN-oof-123,10.0,300.0,0.5,88.00160462442594,125.06804347179224,False,13035795.842131538,31647715.43239451,3082900.1539306617,5536526.282348668,18611919.59026297,2453626.1284180065,True,True
uk,TLE3,GNN-oof-123,10.0,500.0,0.5,88.00160462442594,125.06804347179224,False,14947541.938701747,35751180.23558818,13308965.572631828,15400660.051308474,20803638.29688643,2091694.478676645,True,True
uk,TLE3,GNN-oof-123,10.0,100.0,0.8,127.85673922842234,125.06804347179224,True,5972658.753500059,28747589.51009697,0.0,15916700.170752356,22774930.75659691,15916700.170752356,True,True
uk,TLE3,GNN-oof-123,10.0,300.0,0.8,127.85673922842234,125.06804347179224,True,13035795.842131538,46503007.83951218,3082900.1539306617,10473942.461501682,33467211.997380637,7391042.30757102,True,True
uk,TLE3,GNN-oof-123,10.0,500.0,0.8,127.85673922842234,125.06804347179224,True,14947541.938701747,52729779.17775948,13308965.572631828,30739664.216415983,37782237.239057735,17430698.643784154,True,True
uk,TLE3,GNN-oof-123,10.0,100.0,0.9,150.459594328107,125.06804347179224,True,5972658.753500059,35860656.66141332,0.0,20720535.29238671,29887997.90791326,20720535.29238671,True,True
uk,TLE3,GNN-oof-123,10.0,300.0,0.9,150.459594328107,125.06804347179224,True,13035795.842131538,55116197.61025288,3082900.1539306617,15122272.91170372,42080401.76812134,12039372.757773058,True,True
uk,TLE3,GNN-oof-123,10.0,500.0,0.9,150.459594328107,125.06804347179224,True,14947541.938701747,62442679.710045286,13308965.572631828,40458891.9092804,47495137.77134354,27149926.33664857,True,True
uk,TLE3,GNN-oof-123,10.0,100.0,1.0,197.92287452687822,125.06804347179224,True,5972658.753500059,52066090.78375879,0.0,34155722.52131086,46093432.03025873,34155722.52131086,True,True
uk,TLE3,GNN-oof-123,10.0,300.0,1.0,197.92287452687822,125.06804347179224,True,13035795.842131538,73614363.76752746,3082900.1539306617,29883587.23092388,60578567.92539592,26800687.07699322,True,True
uk,TLE3,GNN-oof-123,10.0,500.0,1.0,197.92287452687822,125.06804347179224,True,14947541.938701747,82851890.19551693,13308965.572631828,60868102.394752026,67904348.25681518,47559136.8221202,True,True
uk,TLE3,GNN-oof-456,10.0,100.0,0.5,86.72548528430866,123.34984566522337,False,3651189.995762724,18299930.49653048,75946.47192382805,9635510.975076368,14648740.500767756,9559564.50315254,True,True
uk,TLE3,GNN-oof-456,10.0,300.0,0.5,86.72548528430866,123.34984566522337,False,10449502.078928716,31794145.942777358,4560143.837646479,6450277.639351228,21344643.86384864,1890133.8017047495,True,True
uk,TLE3,GNN-oof-456,10.0,500.0,0.5,86.72548528430866,123.34984566522337,False,12342464.416466987,36390045.28265592,3210760.1762695364,16134749.058649952,24047580.86618893,12923988.882380415,True,True
uk,TLE3,GNN-oof-456,10.0,100.0,0.8,120.70569136390122,123.34984566522337,False,3651189.995762724,28271825.036747787,75946.47192382805,16258364.3421219,24620635.040985063,16182417.870198071,True,True
uk,TLE3,GNN-oof-456,10.0,300.0,0.8,120.70569136390122,123.34984566522337,False,10449502.078928716,44732365.81204074,4560143.837646479,12699099.61891386,34282863.73311202,8138955.78126738,True,True
uk,TLE3,GNN-oof-456,10.0,500.0,0.8,120.70569136390122,123.34984566522337,False,12342464.416466987,50999054.36706626,3210760.1762695364,30714293.740345944,38656589.95059927,27503533.56407641,True,True
uk,TLE3,GNN-oof-456,10.0,100.0,0.9,138.7709568701454,123.34984566522337,True,3651189.995762724,34116398.52669892,75946.47192382805,20142396.425964396,30465208.530936193,20066449.95404057,True,True
uk,TLE3,GNN-oof-456,10.0,300.0,0.9,138.7709568701454,123.34984566522337,True,10449502.078928716,51740558.4298561,4560143.837646479,16971534.91114061,41291056.35092738,12411391.07349413,True,True
uk,TLE3,GNN-oof-456,10.0,500.0,0.9,138.7709568701454,123.34984566522337,True,12342464.416466987,58767118.534751244,3210760.1762695364,38482357.90803095,46424654.118284255,35271597.73176141,True,True
uk,TLE3,GNN-oof-456,10.0,100.0,1.0,157.36670701815655,123.34984566522337,True,3651189.995762724,40369505.17544307,75946.47192382805,24265721.825507544,36718315.17968035,24189775.353583716,True,True
uk,TLE3,GNN-oof-456,10.0,300.0,1.0,157.36670701815655,123.34984566522337,True,10449502.078928716,59055400.524965376,4560143.837646479,22683654.003965657,48605898.44603666,18123510.166319177,True,True
uk,TLE3,GNN-oof-456,10.0,500.0,1.0,157.36670701815655,123.34984566522337,True,12342464.416466987,66763291.09839605,3210760.1762695364,46478530.47167575,54420826.68192906,43267770.295406215,True,True
uk,TLE3,Uni,20.0,100.0,0.5,179.63421137537085,382.10343648035814,False,3932342.578564598,12746074.143433927,0.0,0.0,8813731.56486933,0.0,True,True
uk,TLE3,Uni,20.0,300.0,0.5,179.63421137537085,382.10343648035814,False,8134812.834166183,26875349.556516975,0.0,0.0,18740536.72235079,0.0,True,True
uk,TLE3,Uni,20.0,500.0,0.5,179.63421137537085,382.10343648035814,False,10515009.430781348,37942867.509758666,0.0,20068134.228894915,27427858.078977317,20068134.228894915,True,True
uk,TLE3,Uni,20.0,100.0,0.8,265.13054000140977,382.10343648035814,False,3932342.578564598,24134895.22335401,0.0,0.0,20202552.644789413,0.0,True,True
uk,TLE3,Uni,20.0,300.0,0.8,265.13054000140977,382.10343648035814,False,8134812.834166183,42637395.68905518,0.0,124969.20497797328,34502582.854889,124969.20497797328,True,True
uk,TLE3,Uni,20.0,500.0,0.8,265.13054000140977,382.10343648035814,False,10515009.430781348,60628811.86130342,0.0,40297199.36664863,50113802.43052207,40297199.36664863,True,True
uk,TLE3,Uni,20.0,100.0,0.9,321.2395782882717,382.10343648035814,False,3932342.578564598,32531788.15241655,0.0,0.0,28599445.57385195,0.0,True,True
uk,TLE3,Uni,20.0,300.0,0.9,321.2395782882717,382.10343648035814,False,8134812.834166183,54569032.90534438,0.0,8768772.726541234,46434220.0711782,8768772.726541234,True,True
uk,TLE3,Uni,20.0,500.0,0.9,321.2395782882717,382.10343648035814,False,10515009.430781348,77649746.38117114,0.0,61441214.59091149,67134736.95038979,61441214.59091149,True,True
uk,TLE3,Uni,20.0,100.0,1.0,395.4336653330247,382.10343648035814,True,3932342.578564598,44901141.862709366,0.0,0.0,40968799.28414477,0.0,True,True
uk,TLE3,Uni,20.0,300.0,1.0,395.4336653330247,382.10343648035814,True,8134812.834166183,72301986.1047389,0.0,23125328.569700934,64167173.27057272,23125328.569700934,True,True
uk,TLE3,Uni,20.0,500.0,1.0,395.4336653330247,382.10343648035814,True,10515009.430781348,103314612.54504684,0.0,92825306.83236101,92799603.11426549,92825306.83236101,True,True
uk,TLE3,LU,20.0,100.0,0.5,173.26397172767338,344.9874710616359,False,3476313.361262718,11079804.701563653,0.0,0.0,7603491.340300934,0.0,True,True
uk,TLE3,LU,20.0,300.0,0.5,173.26397172767338,344.9874710616359,False,6767960.246677739,25581626.35384453,0.0,0.0,18813666.107166793,0.0,True,True
uk,TLE3,LU,20.0,500.0,0.5,173.26397172767338,344.9874710616359,False,9095056.232962113,36640931.50806488,0.0,18379397.314016305,27545875.275102768,18379397.314016305,True,True
uk,TLE3,LU,20.0,100.0,0.8,247.95231805756808,344.9874710616359,False,3476313.361262718,20559778.42606472,0.0,0.0,17083465.064802,0.0,True,True
uk,TLE3,LU,20.0,300.0,0.8,247.95231805756808,344.9874710616359,False,6767960.246677739,39045921.72745239,0.0,0.0,32277961.480774652,0.0,True,True
uk,TLE3,LU,20.0,500.0,0.8,247.95231805756808,344.9874710616359,False,9095056.232962113,56325572.54352789,0.0,36737822.84626575,47230516.310565785,36737822.84626575,True,True
uk,TLE3,LU,20.0,100.0,0.9,314.9995163708701,344.9874710616359,False,3476313.361262718,30295591.373232275,0.0,0.0,26819278.01196956,0.0,True,True
uk,TLE3,LU,20.0,300.0,0.9,314.9995163708701,344.9874710616359,False,6767960.246677739,53131703.19285084,0.0,7105225.202474873,46363742.9461731,7105225.202474873,True,True
uk,TLE3,LU,20.0,500.0,0.9,314.9995163708701,344.9874710616359,False,9095056.232962113,76459318.95138656,0.0,63115065.75336895,67364262.71842444,63115065.75336895,True,True
uk,TLE3,LU,20.0,100.0,1.0,400.94392291265,344.9874710616359,True,3476313.361262718,44585156.96837722,0.0,0.0,41108843.6071145,0.0,True,True
uk,TLE3,LU,20.0,300.0,1.0,400.94392291265,344.9874710616359,True,6767960.246677739,73841543.0407532,0.0,24260357.41005689,67073582.79407546,24260357.41005689,True,True
uk,TLE3,LU,20.0,500.0,1.0,400.94392291265,344.9874710616359,True,9095056.232962113,106191044.97465542,0.0,100071160.5663343,97095988.7416933,100071160.5663343,True,True
uk,TLE3,LU-soft,20.0,100.0,0.5,163.75728410845412,213.81446356275,False,871741.4357547322,9208337.130253153,0.0,0.0,8336595.694498421,0.0,True,True
uk,TLE3,LU-soft,20.0,300.0,0.5,163.75728410845412,213.81446356275,False,3435841.2337375893,24396828.527895592,0.0,0.0,20960987.294158004,0.0,True,True
uk,TLE3,LU-soft,20.0,500.0,0.5,163.75728410845412,213.81446356275,False,5245113.540307004,35738743.94510137,0.0,40743982.6600423,30493630.40479437,40743982.6600423,True,True
uk,TLE3,LU-soft,20.0,100.0,0.8,183.41133756181975,213.81446356275,False,871741.4357547322,11448431.94334063,0.0,0.0,10576690.507585898,0.0,True,True
uk,TLE3,LU-soft,20.0,300.0,0.8,183.41133756181975,213.81446356275,False,3435841.2337375893,27741254.134996533,0.0,0.0,24305412.901258945,0.0,True,True
uk,TLE3,LU-soft,20.0,500.0,0.8,183.41133756181975,213.81446356275,False,5245113.540307004,41046105.52913707,0.0,49195225.644989535,35800991.98883006,49195225.644989535,True,True
uk,TLE3,LU-soft,20.0,100.0,0.9,198.81851748544085,213.81446356275,False,871741.4357547322,13361476.826376377,0.0,0.0,12489735.390621644,0.0,True,True
uk,TLE3,LU-soft,20.0,300.0,0.9,198.81851748544085,213.81446356275,False,3435841.2337375893,30411429.867638085,0.0,0.0,26975588.633900497,0.0,True,True
uk,TLE3,LU-soft,20.0,500.0,0.9,198.81851748544085,213.81446356275,False,5245113.540307004,45352846.72981581,0.0,55820313.012146614,40107733.18950881,55820313.012146614,True,True
uk,TLE3,LU-soft,20.0,100.0,1.0,307.41932432369475,213.81446356275,True,871741.4357547322,28733632.27304911,0.0,0.0,27861890.837294377,0.0,True,True
uk,TLE3,LU-soft,20.0,300.0,1.0,307.41932432369475,213.81446356275,True,3435841.2337375893,52278768.095781915,0.0,17792801.61652262,48842926.86204433,17792801.61652262,True,True
uk,TLE3,LU-soft,20.0,500.0,1.0,307.41932432369475,213.81446356275,True,5245113.540307004,79979577.03355162,0.0,102518659.9525958,74734463.49324462,102518659.9525958,True,True
uk,TLE3,Ref,20.0,100.0,0.5,73.88159418758883,90.86234877691095,False,249345.71940374785,1372593.80934807,0.0,0.0,1123248.0899443221,0.0,True,True
uk,TLE3,Ref,20.0,300.0,0.5,73.88159418758883,90.86234877691095,False,1342323.204889094,10215246.19007906,0.0,0.0,8872922.985189965,0.0,True,True
uk,TLE3,Ref,20.0,500.0,0.5,73.88159418758883,90.86234877691095,False,2261314.0639885254,15315089.369948074,0.0,13270796.875372065,13053775.305959549,13270796.875372065,True,True
uk,TLE3,Ref,20.0,100.0,0.8,93.55756794430954,90.86234877691095,True,249345.71940374785,2332372.1284250543,0.0,0.0,2083026.4090213063,0.0,True,True
uk,TLE3,Ref,20.0,300.0,0.8,93.55756794430954,90.86234877691095,True,1342323.204889094,13318953.590437988,0.0,0.0,11976630.385548893,0.0,True,True
uk,TLE3,Ref,20.0,500.0,0.8,93.55756794430954,90.86234877691095,True,2261314.0639885254,19912183.474761363,0.0,21049867.085774068,17650869.410772838,21049867.085774068,True,True
uk,TLE3,Ref,20.0,100.0,0.9,111.60648840451509,90.86234877691095,True,249345.71940374785,3458967.466706058,0.0,0.0,3209621.74730231,0.0,True,True
uk,TLE3,Ref,20.0,300.0,0.9,111.60648840451509,90.86234877691095,True,1342323.204889094,16231772.384640146,0.0,0.0,14889449.179751052,0.0,True,True
uk,TLE3,Ref,20.0,500.0,0.9,111.60648840451509,90.86234877691095,True,2261314.0639885254,24333247.944916405,0.0,28422851.09376803,22071933.88092788,28422851.09376803,True,True
uk,TLE3,Ref,20.0,100.0,1.0,175.26593589138287,90.86234877691095,True,249345.71940374785,8836855.577883512,0.0,0.0,8587509.858479764,0.0,True,True
uk,TLE3,Ref,20.0,300.0,1.0,175.26593589138287,90.86234877691095,True,1342323.204889094,26978216.790464062,0.0,0.0,25635893.58557497,0.0,True,True
uk,TLE3,Ref,20.0,500.0,1.0,175.26593589138287,90.86234877691095,True,2261314.0639885254,41847833.71986142,0.0,55609661.96248303,39586519.6558729,55609661.96248303,True,True
uk,TLE3,GNN-oof-42,20.0,100.0,0.5,108.29710149176942,144.77514059561508,False,1128722.9412751491,2947699.7385603134,0.0,0.0,1818976.7972851642,0.0,True,True
uk,TLE3,GNN-oof-42,20.0,300.0,0.5,108.29710149176942,144.77514059561508,False,3698197.1469288073,15231377.116588466,0.0,0.0,11533179.969659658,0.0,True,True
uk,TLE3,GNN-oof-42,20.0,500.0,0.5,108.29710149176942,144.77514059561508,False,5604402.020036833,24533088.794204153,0.0,22317639.53282639,18928686.77416732,22317639.53282639,True,True
uk,TLE3,GNN-oof-42,20.0,100.0,0.8,135.96019401185526,144.77514059561508,False,1128722.9412751491,4807048.710343269,0.0,0.0,3678325.7690681196,0.0,True,True
uk,TLE3,GNN-oof-42,20.0,300.0,0.8,135.96019401185526,144.77514059561508,False,3698197.1469288073,19799405.689622544,0.0,0.0,16101208.542693736,0.0,True,True
uk,TLE3,GNN-oof-42,20.0,500.0,0.8,135.96019401185526,144.77514059561508,False,5604402.020036833,31833989.183380008,0.0,32487956.551278908,26229587.163343176,32487956.551278908,True,True
uk,TLE3,GNN-oof-42,20.0,100.0,0.9,153.718884994398,144.77514059561508,True,1128722.9412751491,6301886.848351977,0.0,0.0,5173163.907076828,0.0,True,True
uk,TLE3,GNN-oof-42,20.0,300.0,0.9,153.718884994398,144.77514059561508,True,3698197.1469288073,22837154.885023065,0.0,0.0,19138957.73809426,0.0,True,True
uk,TLE3,GNN-oof-42,20.0,500.0,0.9,153.718884994398,144.77514059561508,True,5604402.020036833,36790077.924802184,0.0,39723943.556740366,31185675.904765353,39723943.556740366,True,True
uk,TLE3,GNN-oof-42,20.0,100.0,1.0,225.02409200422161,144.77514059561508,True,1128722.9412751491,13997782.616697613,0.0,0.0,12869059.675422464,0.0,True,True
uk,TLE3,GNN-oof-42,20.0,300.0,1.0,225.02409200422161,144.77514059561508,True,3698197.1469288073,36328351.7230557,0.0,1658631.906467917,32630154.576126892,1658631.906467917,True,True
uk,TLE3,GNN-oof-42,20.0,500.0,1.0,225.02409200422161,144.77514059561508,True,5604402.020036833,58811928.524103165,0.0,70159321.39240912,53207526.50406633,70159321.39240912,True,True
uk,TLE3,GNN-oof-123,20.0,100.0,0.5,105.60229792621115,200.50355396337932,False,1428169.2967797774,3227861.3178450926,0.0,0.0,1799692.0210653152,0.0,True,True
uk,TLE3,GNN-oof-123,20.0,300.0,0.5,105.60229792621115,200.50355396337932,False,3679729.3205366824,14199227.625800239,0.0,0.0,10519498.305263557,0.0,True,True
uk,TLE3,GNN-oof-123,20.0,500.0,0.5,105.60229792621115,200.50355396337932,False,5920332.47597751,23074936.373839,0.0,18374441.65138987,17154603.89786149,18374441.65138987,True,True
uk,TLE3,GNN-oof-123,20.0,100.0,0.8,132.8585974949018,200.50355396337932,False,1428169.2967797774,5112166.198392569,0.0,0.0,3683996.9016127917,0.0,True,True
uk,TLE3,GNN-oof-123,20.0,300.0,0.8,132.8585974949018,200.50355396337932,False,3679729.3205366824,18484123.75032805,0.0,0.0,14804394.429791367,0.0,True,True
uk,TLE3,GNN-oof-123,20.0,500.0,0.8,132.8585974949018,200.50355396337932,False,5920332.47597751,29985851.35160238,0.0,27443277.561412193,24065518.87562487,27443277.561412193,True,True
uk,TLE3,GNN-oof-123,20.0,100.0,0.9,186.55118086264906,200.50355396337932,False,1428169.2967797774,9927243.839383885,0.0,0.0,8499074.542604107,0.0,True,True
uk,TLE3,GNN-oof-123,20.0,300.0,0.9,186.55118086264906,200.50355396337932,False,3679729.3205366824,27640328.18343358,0.0,0.0,23960598.862896897,0.0,True,True
uk,TLE3,GNN-oof-123,20.0,500.0,0.9,186.55118086264906,200.50355396337932,False,5920332.47597751,44798106.66869493,0.0,48973283.76114172,38877774.19271742,48973283.76114172,True,True
uk,TLE3,GNN-oof-123,20.0,100.0,1.0,210.29399391280327,200.50355396337932,True,1428169.2967797774,12496933.478503171,0.0,0.0,11068764.181723393,0.0,True,True
uk,TLE3,GNN-oof-123,20.0,300.0,1.0,210.29399391280327,200.50355396337932,True,3679729.3205366824,32086921.84927243,0.0,0.0,28407192.52873575,0.0,True,True
uk,TLE3,GNN-oof-123,20.0,500.0,1.0,210.29399391280327,200.50355396337932,True,5920332.47597751,51911905.07031337,0.0,59182693.37270802,45991572.59433586,59182693.37270802,True,True
uk,TLE3,GNN-oof-456,20.0,100.0,0.5,121.9122398921237,135.55835346777354,False,652717.7887343783,3591858.30221035,0.0,0.0,2939140.5134759718,0.0,True,True
uk,TLE3,GNN-oof-456,20.0,300.0,0.5,121.9122398921237,135.55835346777354,False,2395155.315972976,17356681.92018287,0.0,0.0,14961526.604209892,0.0,True,True
uk,TLE3,GNN-oof-456,20.0,500.0,0.5,121.9122398921237,135.55835346777354,False,4779875.502570673,28829320.12247994,0.0,35464706.816222146,24049444.619909268,35464706.816222146,True,True
uk,TLE3,GNN-oof-456,20.0,100.0,0.8,136.04310598295405,135.55835346777354,True,652717.7887343783,4628833.576829682,0.0,0.0,3976115.788095304,0.0,True,True
uk,TLE3,GNN-oof-456,20.0,300.0,0.8,136.04310598295405,135.55835346777354,True,2395155.315972976,19728642.513914496,0.0,0.0,17333487.19794152,0.0,True,True
uk,TLE3,GNN-oof-456,20.0,500.0,0.8,136.04310598295405,135.55835346777354,True,4779875.502570673,32780471.54464026,0.0,41539110.266990766,28000596.042069588,41539110.266990766,True,True
uk,TLE3,GNN-oof-456,20.0,100.0,0.9,145.68711105848573,135.55835346777354,True,652717.7887343783,5399886.842447118,0.0,0.0,4747169.05371274,0.0,True,True
uk,TLE3,GNN-oof-456,20.0,300.0,0.9,145.68711105848573,135.55835346777354,True,2395155.315972976,21381385.36334672,0.0,0.0,18986230.047373742,0.0,True,True
uk,TLE3,GNN-oof-456,20.0,500.0,0.9,145.68711105848573,135.55835346777354,True,4779875.502570673,35566960.59609033,0.0,45686032.449469365,30787085.093519658,45686032.449469365,True,True
uk,TLE3,GNN-oof-456,20.0,100.0,1.0,231.04611512040034,135.55835346777354,True,652717.7887343783,14490135.647409802,0.0,0.0,13837417.858675424,0.0,True,True
uk,TLE3,GNN-oof-456,20.0,300.0,1.0,231.04611512040034,135.55835346777354,True,2395155.315972976,37797559.71281615,0.0,5306400.959378902,35402404.39684317,5306400.959378902,True,True
uk,TLE3,GNN-oof-456,20.0,500.0,1.0,231.04611512040034,135.55835346777354,True,4779875.502570673,62590870.47598767,0.0,82390404.19609268,57810994.973417,82390404.19609268,True,True
uk,TLD3,Uni,10.0,100.0,0.5,272.0593871565506,391.5270339984053,False,2191382.2435832676,48375717.987804934,0.0,89731920.75915685,46184335.744221665,89731920.75915685,True,True
uk,TLD3,Uni,10.0,300.0,0.5,272.0593871565506,391.5270339984053,False,10349987.988782724,77797027.12303467,0.0,44106625.70457675,67447039.13425195,44106625.70457675,True,True
uk,TLD3,Uni,10.0,500.0,0.5,272.0593871565506,391.5270339984053,False,13307751.981089585,89346345.92794757,1275999.9287168127,49073416.11041172,76038593.94685799,47797416.1816949,True,True
uk,TLD3,Uni,10.0,100.0,0.8,426.72935015129156,391.5270339984053,True,2191382.2435832676,93631075.26533958,0.0,156240004.84689546,91439693.02175632,156240004.84689546,True,True
uk,TLD3,Uni,10.0,300.0,0.8,426.72935015129156,391.5270339984053,True,10349987.988782724,128879646.79123583,0.0,103546185.17332071,118529658.80245312,103546185.17332071,True,True
uk,TLD3,Uni,10.0,500.0,0.8,426.72935015129156,391.5270339984053,True,13307751.981089585,146742690.07605156,1275999.9287168127,114019656.27734682,133434938.09496197,112743656.34863001,True,True
uk,TLD3,Uni,10.0,100.0,0.9,548.2866952282404,391.5270339984053,True,2191382.2435832676,132538249.3821514,0.0,208509663.2299835,130346867.13856813,208509663.2299835,True,True
uk,TLD3,Uni,10.0,300.0,0.9,548.2866952282404,391.5270339984053,True,10349987.988782724,172306646.7399167,0.0,155815843.5564087,161956658.75113398,155815843.5564087,True,True
uk,TLD3,Uni,10.0,500.0,0.9,548.2866952282404,391.5270339984053,True,13307751.981089585,195467590.5398899,1275999.9287168127,166289314.6604348,182159838.5588003,165013314.731718,True,True
uk,TLD3,Uni,10.0,100.0,1.0,619.7013282697671,391.5270339984053,True,2191382.2435832676,156550134.23354942,0.0,239217955.43783998,154358751.98996615,239217955.43783998,True,True
uk,TLD3,Uni,10.0,300.0,1.0,619.7013282697671,391.5270339984053,True,10349987.988782724,199346286.09004667,0.0,186524135.7642652,188996298.10126394,186524135.7642652,True,True
uk,TLD3,Uni,10.0,500.0,1.0,619.7013282697671,391.5270339984053,True,13307751.981089585,225448779.7689287,1275999.9287168127,196997606.86829135,212141027.7878391,195721606.93957454,True,True
uk,TLD3,LU,10.0,100.0,0.5,242.35162422353008,352.84740209955487,False,1647691.2655795417,39577108.35988307,0.0,82791582.13578409,37929417.094303526,82791582.13578409,True,True
uk,TLD3,LU,10.0,300.0,0.5,242.35162422353008,352.84740209955487,False,9638273.6722895,68795659.54779321,0.0,38380258.68251215,59157385.87550371,38380258.68251215,True,True
uk,TLD3,LU,10.0,500.0,0.5,242.35162422353008,352.84740209955487,False,12439160.25473974,79450672.92341793,1275999.9287168127,50609100.550437614,67011512.66867819,49333100.6217208,True,True
uk,TLD3,LU,10.0,100.0,0.8,379.86987526997615,352.84740209955487,True,1647691.2655795417,78630352.2707562,0.0,141924430.0857559,76982661.00517666,141924430.0857559,True,True
uk,TLD3,LU,10.0,300.0,0.8,379.86987526997615,352.84740209955487,True,9638273.6722895,113522804.40180352,0.0,87846919.92342173,103884530.72951402,87846919.92342173,True,True
uk,TLD3,LU,10.0,500.0,0.8,379.86987526997615,352.84740209955487,True,12439160.25473974,130392214.83694413,1275999.9287168127,108989447.78266914,117953054.58220439,107713447.85395233,True,True
uk,TLD3,LU,10.0,100.0,0.9,464.60204990851247,352.84740209955487,True,1647691.2655795417,104949529.4877481,0.0,178359265.1803265,103301838.22216856,178359265.1803265,True,True
uk,TLD3,LU,10.0,300.0,0.9,464.60204990851247,352.84740209955487,True,9638273.6722895,142994800.23216406,0.0,124255966.10183875,133356526.55987455,124255966.10183875,True,True
uk,TLD3,LU,10.0,500.0,0.9,464.60204990851247,352.84740209955487,True,12439160.25473974,163999146.0460525,1275999.9287168127,145424282.87723973,151559985.79131275,144148282.94852293,True,True
uk,TLD3,LU,10.0,100.0,1.0,544.4036802944252,352.84740209955487,True,1647691.2655795417,130782695.16947354,0.0,212673966.24626893,129135003.903894,212673966.24626893,True,True
uk,TLD3,LU,10.0,300.0,1.0,544.4036802944252,352.84740209955487,True,9638273.6722895,172464420.57690698,0.0,158570667.1677812,162826146.9046175,158570667.1677812,True,True
uk,TLD3,LU,10.0,500.0,1.0,544.4036802944252,352.84740209955487,True,12439160.25473974,197120981.58940786,1275999.9287168127,179738983.9431822,184681821.33466813,178462984.0144654,True,True
uk,TLD3,LU-soft,10.0,100.0,0.5,225.62373126539845,256.1460296198695,False,826467.8426060027,36645284.673055515,0.0,79259974.74541715,35818816.830449514,79259974.74541715,True,True
uk,TLD3,LU-soft,10.0,300.0,0.5,225.62373126539845,256.1460296198695,False,7917030.45886639,65296786.47030523,0.0,39511808.12959934,57379756.01143884,39511808.12959934,True,True
uk,TLD3,LU-soft,10.0,500.0,0.5,225.62373126539845,256.1460296198695,False,9865428.204088317,75153993.03210855,0.0,47138355.35248471,65288564.82802023,47138355.35248471,True,True
uk,TLD3,LU-soft,10.0,100.0,0.8,302.5161425834399,256.1460296198695,True,826467.8426060027,57859353.98696006,0.0,112323711.61217494,57032886.14435406,112323711.61217494,True,True
uk,TLD3,LU-soft,10.0,300.0,0.8,302.5161425834399,256.1460296198695,True,7917030.45886639,90183179.96365063,0.0,64812919.51587776,82266149.50478424,64812919.51587776,True,True
uk,TLD3,LU-soft,10.0,500.0,0.8,302.5161425834399,256.1460296198695,True,9865428.204088317,103529336.63891293,0.0,80139647.81390946,93663908.43482462,80139647.81390946,True,True
uk,TLD3,LU-soft,10.0,100.0,0.9,320.002506505869,256.1460296198695,True,826467.8426060027,62975083.60088637,0.0,119842848.0988195,62148615.75828037,119842848.0988195,True,True
uk,TLD3,LU-soft,10.0,300.0,0.9,320.002506505869,256.1460296198695,True,7917030.45886639,95976251.5899993,0.0,71515994.69832447,88059221.13113292,71515994.69832447,True,True
uk,TLD3,LU-soft,10.0,500.0,0.9,320.002506505869,256.1460296198695,True,9865428.204088317,110202360.16616093,0.0,87658784.30055399,100336931.96207261,87658784.30055399,True,True
uk,TLD3,LU-soft,10.0,100.0,1.0,358.949255965577,256.1460296198695,True,826467.8426060027,74657789.7453337,0.0,136589950.3664939,73831321.9027277,136589950.3664939,True,True
uk,TLD3,LU-soft,10.0,300.0,1.0,358.949255965577,256.1460296198695,True,7917030.45886639,109130790.232438,0.0,87794190.00177853,101213759.77357161,87794190.00177853,True,True
uk,TLD3,LU-soft,10.0,500.0,1.0,358.949255965577,256.1460296198695,True,9865428.204088317,125390903.53782497,0.0,104405886.56822835,115525475.33373666,104405886.56822835,True,True
uk,TLD3,Ref,10.0,100.0,0.5,118.28805057994018,94.20140447438939,True,357642.31361392286,9643511.075323163,0.0,9835198.03134947,9285868.76170924,9835198.03134947,True,True
uk,TLD3,Ref,10.0,300.0,0.5,118.28805057994018,94.20140447438939,True,3126391.20974012,31380752.613504052,1822501.8648572718,41893657.84538246,28254361.40376393,40071155.98052519,True,True
uk,TLD3,Ref,10.0,500.0,0.5,118.28805057994018,94.20140447438939,True,4558807.706764376,39483099.44615766,1119074.0502720687,18375366.360132854,34924291.73939328,17256292.309860785,True,True
uk,TLD3,Ref,10.0,100.0,0.8,148.490724563364,94.20140447438939,True,357642.31361392286,14746852.317118952,0.0,19916120.220553927,14389210.003505029,19916120.220553927,True,True
uk,TLD3,Ref,10.0,300.0,0.8,148.490724563364,94.20140447438939,True,3126391.20974012,40359848.65874038,1822501.8648572718,54880807.658254705,37233457.44900026,53058305.793397434,True,True
uk,TLD3,Ref,10.0,500.0,0.8,148.490724563364,94.20140447438939,True,4558807.706764376,50307829.465601854,1119074.0502720687,29433195.29225584,45749021.75883748,28314121.24198377,True,True
uk,TLD3,Ref,10.0,100.0,0.9,187.57940095914222,94.20140447438939,True,357642.31361392286,22669845.43530439,0.0,34402528.60907987,22312203.121690467,34402528.60907987,True,True
uk,TLD3,Ref,10.0,300.0,0.9,187.57940095914222,94.20140447438939,True,3126391.20974012,52402136.14780638,1822501.8648572718,71688938.50843933,49275744.93806627,69866436.64358206,True,True
uk,TLD3,Ref,10.0,500.0,0.9,187.57940095914222,94.20140447438939,True,4558807.706764376,64768237.840845615,1119074.0502720687,45752353.4167072,60209430.13408124,44633279.36643513,True,True
uk,TLD3,Ref,10.0,100.0,1.0,193.5956901326677,94.20140447438939,True,357642.31361392286,24007299.538731605,0.0,36860238.28909228,23649657.225117683,36860238.28909228,True,True
uk,TLD3,Ref,10.0,300.0,1.0,193.5956901326677,94.20140447438939,True,3126391.20974012,54294898.564460754,1822501.8648572718,74275942.85305527,51168507.35472064,72453440.988198,True,True
uk,TLD3,Ref,10.0,500.0,1.0,193.5956901326677,94.20140447438939,True,4558807.706764376,67046805.76934807,1119074.0502720687,48339357.76132317,62487998.06258369,47220283.7110511,True,True
uk,TLD3,GNN-oof-42,10.0,100.0,0.5,188.71523341122744,163.24029881392357,True,570908.1390266338,24312637.220457442,0.0,55326519.626878224,23741729.081430808,55326519.626878224,True,True
uk,TLD3,GNN-oof-42,10.0,300.0,0.5,188.71523341122744,163.24029881392357,True,5683179.121913606,54244749.853771314,0.0,39197848.35767831,48561570.73185771,39197848.35767831,True,True
uk,TLD3,GNN-oof-42,10.0,500.0,0.5,188.71523341122744,163.24029881392357,True,8154992.803927374,62904512.0123107,1119074.0502720687,34979834.48758601,54749519.20838332,33860760.43731394,True,True
uk,TLD3,GNN-oof-42,10.0,100.0,0.8,247.3944947187028,163.24029881392357,True,570908.1390266338,39269334.840204775,0.0,80558601.98909262,38698426.70117814,80558601.98909262,True,True
uk,TLD3,GNN-oof-42,10.0,300.0,0.8,247.3944947187028,163.24029881392357,True,5683179.121913606,72978152.89643265,0.0,61882549.74045315,67294973.77451904,61882549.74045315,True,True
uk,TLD3,GNN-oof-42,10.0,500.0,0.8,247.3944947187028,163.24029881392357,True,8154992.803927374,84474388.21877109,1119074.0502720687,58756541.308969714,76319395.41484371,57637467.258697644,True,True
uk,TLD3,GNN-oof-42,10.0,100.0,0.9,284.67834325164375,163.24029881392357,True,570908.1390266338,49726184.23158263,0.0,96590656.85825723,49155276.09255599,96590656.85825723,True,True
uk,TLD3,GNN-oof-42,10.0,300.0,0.9,284.67834325164375,163.24029881392357,True,5683179.121913606,85148256.13185155,0.0,77113001.86615956,79465077.00993794,77113001.86615956,True,True
uk,TLD3,GNN-oof-42,10.0,500.0,0.9,284.67834325164375,163.24029881392357,True,8154992.803927374,98805249.76874301,1119074.0502720687,74788596.17813434,90650256.96481563,73669522.12786227,True,True
uk,TLD3,GNN-oof-42,10.0,100.0,1.0,293.84638112458714,163.24029881392357,True,570908.1390266338,52387173.95179,0.0,100532913.1436229,51816265.81276336,100532913.1436229,True,True
uk,TLD3,GNN-oof-42,10.0,300.0,1.0,293.84638112458714,163.24029881392357,True,5683179.121913606,88183203.2525135,0.0,80858145.33725692,82500024.13059989,80858145.33725692,True,True
uk,TLD3,GNN-oof-42,10.0,500.0,1.0,293.84638112458714,163.24029881392357,True,8154992.803927374,102407515.13381751,1119074.0502720687,78730852.46349996,94252522.32989013,77611778.4132279,True,True
uk,TLD3,GNN-oof-123,10.0,100.0,0.5,165.1549575252396,189.8732444955525,False,690091.767092416,19302468.22248204,0.0,42558180.2911431,18612376.455389626,42558180.2911431,True,True
uk,TLD3,GNN-oof-123,10.0,300.0,0.5,165.1549575252396,189.8732444955525,False,5893105.573921022,46101970.487218216,0.0,32350418.38881886,40208864.91329719,32350418.38881886,True,True
uk,TLD3,GNN-oof-123,10.0,500.0,0.5,165.1549575252396,189.8732444955525,False,8389809.386262853,54336167.29522167,1119074.0502720687,27039531.63093581,45946357.90895882,25920457.58066374,True,True
uk,TLD3,GNN-oof-123,10.0,100.0,0.8,239.95215117616925,189.8732444955525,True,690091.767092416,37137673.39743489,0.0,74720973.56104282,36447581.630342476,74720973.56104282,True,True
uk,TLD3,GNN-oof-123,10.0,300.0,0.8,239.95215117616925,189.8732444955525,True,5893105.573921022,69642926.81672944,0.0,60016232.039295174,63749821.24280842,60016232.039295174,True,True
uk,TLD3,GNN-oof-123,10.0,500.0,0.8,239.95215117616925,189.8732444955525,True,8389809.386262853,81306319.7981621,1119074.0502720687,56713611.51873517,72916510.41189925,55594537.4684631,True,True
uk,TLD3,GNN-oof-123,10.0,100.0,0.9,282.37153193484045,189.8732444955525,True,690091.767092416,48728252.61581917,0.0,92961307.28727147,48038160.84872676,92961307.28727147,True,True
uk,TLD3,GNN-oof-123,10.0,300.0,0.9,282.37153193484045,189.8732444955525,True,5893105.573921022,83395956.92528953,0.0,77344549.07921238,77502851.3513685,77344549.07921238,True,True
uk,TLD3,GNN-oof-123,10.0,500.0,0.9,282.37153193484045,189.8732444955525,True,8389809.386262853,97444074.30246633,1119074.0502720687,74953945.2449638,89054264.91620348,73834871.19469173,True,True
uk,TLD3,GNN-oof-123,10.0,100.0,1.0,371.4471352569741,189.8732444955525,True,690091.767092416,75108944.20147976,0.0,131263816.71578892,74418852.43438734,131263816.71578892,True,True
uk,TLD3,GNN-oof-123,10.0,300.0,1.0,371.4471352569741,189.8732444955525,True,5893105.573921022,113476683.13385828,0.0,115258333.59796555,107583577.55993725,115258333.59796555,True,True
uk,TLD3,GNN-oof-123,10.0,500.0,1.0,371.4471352569741,189.8732444955525,True,8389809.386262853,133242331.11146778,1119074.0502720687,113256454.67348123,124852521.72520493,112137380.62320916,True,True
uk,TLD3,GNN-oof-456,10.0,100.0,0.5,182.02910140924385,137.53337954857727,True,542827.9211837999,22308473.807648394,0.0,44903331.16261481,21765645.886464596,44903331.16261481,True,True
uk,TLD3,GNN-oof-456,10.0,300.0,0.5,182.02910140924385,137.53337954857727,True,4819394.843408085,51821365.794063896,0.0,63721359.67663326,47001970.95065581,63721359.67663326,True,True
uk,TLD3,GNN-oof-456,10.0,500.0,0.5,182.02910140924385,137.53337954857727,True,7136036.070155399,60830875.049345724,1275999.9287168127,31099374.761981446,53694838.97919033,29823374.833264634,True,True
uk,TLD3,GNN-oof-456,10.0,100.0,0.8,233.28495940409636,137.53337954857727,True,542827.9211837999,34804565.77538445,0.0,66943350.10040139,34261737.85420065,66943350.10040139,True,True
uk,TLD3,GNN-oof-456,10.0,300.0,0.8,233.28495940409636,137.53337954857727,True,4819394.843408085,68136714.34299824,0.0,85761378.61441985,63317319.49959015,85761378.61441985,True,True
uk,TLD3,GNN-oof-456,10.0,500.0,0.8,233.28495940409636,137.53337954857727,True,7136036.070155399,79792373.0380744,1275999.9287168127,51382975.04539988,72656336.967919,50106975.116683066,True,True
uk,TLD3,GNN-oof-456,10.0,100.0,0.9,260.43515439790457,137.53337954857727,True,542827.9211837999,42136364.86271579,0.0,78617933.94773893,41593536.941531986,78617933.94773893,True,True
uk,TLD3,GNN-oof-456,10.0,300.0,0.9,260.43515439790457,137.53337954857727,True,4819394.843408085,76945824.9111354,0.0,97435962.46175739,72126430.06772733,97435962.46175739,True,True
uk,TLD3,GNN-oof-456,10.0,500.0,0.9,260.43515439790457,137.53337954857727,True,7136036.070155399,90227194.16653718,1275999.9287168127,63057558.892737426,83091158.09638178,61781558.96402061,True,True
uk,TLD3,GNN-oof-456,10.0,100.0,1.0,295.33429446417904,137.53337954857727,True,542827.9211837999,52005505.36134769,0.0,93624564.17623694,51462677.44016389,93624564.17623694,True,True
uk,TLD3,GNN-oof-456,10.0,300.0,1.0,295.33429446417904,137.53337954857727,True,4819394.843408085,88458652.60227793,0.0,112442592.6902554,83639257.75886986,112442592.6902554,True,True
uk,TLD3,GNN-oof-456,10.0,500.0,1.0,295.33429446417904,137.53337954857727,True,7136036.070155399,103989297.28479272,1275999.9287168127,78064189.12123543,96853261.21463732,76788189.19251862,True,True
uk,TLD3,Uni,20.0,100.0,0.5,345.7125607446551,337.12431354399087,True,0.0,7152604.45318606,0.0,0.0,7152604.45318606,0.0,True,True
uk,TLD3,Uni,20.0,300.0,0.5,345.7125607446551,337.12431354399087,True,1226481.2315253024,16716938.467725266,0.0,0.0,15490457.236199964,0.0,True,True
uk,TLD3,Uni,20.0,500.0,0.5,345.7125607446551,337.12431354399087,True,2343023.0951081966,25027900.801111735,0.0,210551.90199012076,22684877.70600354,210551.90199012076,True,True
uk,TLD3,Uni,20.0,100.0,0.8,535.0813654467271,337.12431354399087,True,0.0,17987924.050276887,0.0,0.0,17987924.050276887,0.0,True,True
uk,TLD3,Uni,20.0,300.0,0.8,535.0813654467271,337.12431354399087,True,1226481.2315253024,31738556.751049902,0.0,0.0,30512075.5195246,0.0,True,True
uk,TLD3,Uni,20.0,500.0,0.8,535.0813654467271,337.12431354399087,True,2343023.0951081966,45151603.64250889,0.0,39973552.42517872,42808580.54740069,39973552.42517872,True,True
uk,TLD3,Uni,20.0,100.0,0.9,698.5327821710953,337.12431354399087,True,0.0,30655049.198116634,0.0,0.0,30655049.198116634,0.0,True,True
uk,TLD3,Uni,20.0,300.0,0.9,698.5327821710953,337.12431354399087,True,1226481.2315253024,48118712.979376,0.0,27660199.284760475,46892231.7478507,27660199.284760475,True,True
uk,TLD3,Uni,20.0,500.0,0.9,698.5327821710953,337.12431354399087,True,2343023.0951081966,72904178.78567104,0.0,109346445.87497678,70561155.69056284,109346445.87497678,True,True
uk,TLD3,Uni,20.0,100.0,1.0,742.1209020090812,337.12431354399087,True,0.0,34384944.51089794,0.0,133331.2391752819,34384944.51089794,133331.2391752819,True,True
uk,TLD3,Uni,20.0,300.0,1.0,742.1209020090812,337.12431354399087,True,1226481.2315253024,53753660.0874837,0.0,42600783.85547559,52527178.855958395,42600783.85547559,True,True
uk,TLD3,Uni,20.0,500.0,1.0,742.1209020090812,337.12431354399087,True,2343023.0951081966,82301305.0683489,0.0,128089337.40531075,79958281.9732407,128089337.40531075,True,True
uk,TLD3,LU,20.0,100.0,0.5,337.244654864503,290.11789482372046,True,0.0,5872998.972903047,0.0,0.0,5872998.972903047,0.0,True,True
uk,TLD3,LU,20.0,300.0,0.5,337.244654864503,290.11789482372046,True,668956.7575394466,15523603.724607,0.0,0.0,14854646.967067553,0.0,True,True
uk,TLD3,LU,20.0,500.0,0.5,337.244654864503,290.11789482372046,True,1320019.1672228295,24157829.282466237,0.0,0.0,22837810.115243405,0.0,True,True
uk,TLD3,LU,20.0,100.0,0.8,549.7971853811249,290.11789482372046,True,0.0,17901834.86617295,0.0,0.0,17901834.86617295,0.0,True,True
uk,TLD3,LU,20.0,300.0,0.8,549.7971853811249,290.11789482372046,True,668956.7575394466,32402990.21351229,0.0,91662.14574789398,31734033.455972843,91662.14574789398,True,True
uk,TLD3,LU,20.0,500.0,0.8,549.7971853811249,290.11789482372046,True,1320019.1672228295,47833656.435131304,0.0,45990955.03814425,46513637.26790848,45990955.03814425,True,True
uk,TLD3,LU,20.0,100.0,0.9,641.4838286600357,290.11789482372046,True,0.0,24827090.054841056,0.0,0.0,24827090.054841056,0.0,True,True
uk,TLD3,LU,20.0,300.0,0.9,641.4838286600357,290.11789482372046,True,668956.7575394466,41242758.448945224,0.0,10161462.205107458,40573801.69140578,10161462.205107458,True,True
uk,TLD3,LU,20.0,500.0,0.9,641.4838286600357,290.11789482372046,True,1320019.1672228295,63224796.71535297,0.0,85300899.74870542,61904777.54813014,85300899.74870542,True,True
uk,TLD3,LU,20.0,100.0,1.0,752.4621493124689,290.11789482372046,True,0.0,34126603.57984012,0.0,148958.87027179255,34126603.57984012,148958.87027179255,True,True
uk,TLD3,LU,20.0,300.0,1.0,752.4621493124689,290.11789482372046,True,668956.7575394466,55364421.22101851,0.0,47079592.80409823,54695464.463479064,47079592.80409823,True,True
uk,TLD3,LU,20.0,500.0,1.0,752.4621493124689,290.11789482372046,True,1320019.1672228295,87328753.52984424,0.0,133021577.62925169,86008734.36262141,133021577.62925169,True,True
uk,TLD3,LU-soft,20.0,100.0,0.5,309.1449486903714,261.6469334473893,True,0.0,4789223.1902515795,0.0,0.0,4789223.1902515795,0.0,True,True
uk,TLD3,LU-soft,20.0,300.0,0.5,309.1449486903714,261.6469334473893,True,579924.1263624001,13658107.277726784,0.0,0.0,13078183.151364384,0.0,True,True
uk,TLD3,LU-soft,20.0,500.0,0.5,309.1449486903714,261.6469334473893,True,1389162.1520831476,21511600.46539313,0.0,50624.01042504927,20122438.313309982,50624.01042504927,True,True
uk,TLD3,LU-soft,20.0,100.0,0.8,363.3610343910825,261.6469334473893,True,0.0,7008308.154428897,0.0,0.0,7008308.154428897,0.0,True,True
uk,TLD3,LU-soft,20.0,300.0,0.8,363.3610343910825,261.6469334473893,True,579924.1263624001,17402347.924892526,0.0,0.0,16822423.798530124,0.0,True,True
uk,TLD3,LU-soft,20.0,500.0,0.8,363.3610343910825,261.6469334473893,True,1389162.1520831476,26313250.690773536,0.0,3286424.1589173004,24924088.53869039,3286424.1589173004,True,True
uk,TLD3,LU-soft,20.0,100.0,0.9,393.92077850634456,261.6469334473893,True,0.0,8436462.929071065,0.0,0.0,8436462.929071065,0.0,True,True
uk,TLD3,LU-soft,20.0,300.0,0.9,393.92077850634456,261.6469334473893,True,579924.1263624001,19660071.26307221,0.0,0.0,19080147.13670981,0.0,True,True
uk,TLD3,LU-soft,20.0,500.0,0.9,393.92077850634456,261.6469334473893,True,1389162.1520831476,29202703.872780625,0.0,8728709.19632099,27813541.720697477,8728709.19632099,True,True
uk,TLD3,LU-soft,20.0,100.0,1.0,576.9420417707397,261.6469334473893,True,0.0,19782794.211835414,0.0,0.0,19782794.211835414,0.0,True,True
uk,TLD3,LU-soft,20.0,300.0,1.0,576.9420417707397,261.6469334473893,True,579924.1263624001,34927481.79144223,0.0,5258002.894337636,34347557.66507983,5258002.894337636,True,True
uk,TLD3,LU-soft,20.0,500.0,1.0,576.9420417707397,261.6469334473893,True,1389162.1520831476,53181284.11178848,0.0,77060301.8810545,51792121.95970533,77060301.8810545,True,True
uk,TLD3,Ref,20.0,100.0,0.5,146.08300825989826,80.2906366825755,True,0.0,184879.5311094098,0.0,0.0,184879.5311094098,0.0,True,True
uk,TLD3,Ref,20.0,300.0,0.5,146.08300825989826,80.2906366825755,True,379393.7017423351,4405323.993366844,0.0,0.0,4025930.291624509,0.0,True,True
uk,TLD3,Ref,20.0,500.0,0.5,146.08300825989826,80.2906366825755,True,718885.245936671,8796535.467598416,0.0,0.0,8077650.221661745,0.0,True,True
uk,TLD3,Ref,20.0,100.0,0.8,175.58198200988718,80.2906366825755,True,0.0,633553.7858130416,0.0,0.0,633553.7858130416,0.0,True,True
uk,TLD3,Ref,20.0,300.0,0.8,175.58198200988718,80.2906366825755,True,379393.7017423351,5618742.003610216,0.0,0.0,5239348.301867881,0.0,True,True
uk,TLD3,Ref,20.0,500.0,0.8,175.58198200988718,80.2906366825755,True,718885.245936671,11006975.184809338,0.0,0.0,10288089.938872667,0.0,True,True
uk,TLD3,Ref,20.0,100.0,0.9,209.4548722225538,80.2906366825755,True,0.0,1345032.795295929,0.0,0.0,1345032.795295929,0.0,True,True
uk,TLD3,Ref,20.0,300.0,0.9,209.4548722225538,80.2906366825755,True,379393.7017423351,7145138.566542995,0.0,0.0,6765744.86480066,0.0,True,True
uk,TLD3,Ref,20.0,500.0,0.9,209.4548722225538,80.2906366825755,True,718885.245936671,13701764.569034334,0.0,0.0,12982879.323097663,0.0,True,True
uk,TLD3,Ref,20.0,100.0,1.0,328.9262544847776,80.2906366825755,True,0.0,4877828.696879729,0.0,0.0,4877828.696879729,0.0,True,True
uk,TLD3,Ref,20.0,300.0,1.0,328.9262544847776,80.2906366825755,True,379393.7017423351,14271052.650360847,0.0,0.0,13891658.948618513,0.0,True,True
uk,TLD3,Ref,20.0,500.0,1.0,328.9262544847776,80.2906366825755,True,718885.245936671,24387293.140839756,0.0,3636721.7411816693,23668407.894903086,3636721.7411816693,True,True
uk,TLD3,GNN-oof-42,20.0,100.0,0.5,207.3726192561703,149.2261196896577,True,0.0,1106992.1817612194,0.0,0.0,1106992.1817612194,0.0,True,True
uk,TLD3,GNN-oof-42,20.0,300.0,0.5,207.3726192561703,149.2261196896577,True,402843.5622527649,7234142.575204105,0.0,0.0,6831299.0129513405,0.0,True,True
uk,TLD3,GNN-oof-42,20.0,500.0,0.5,207.3726192561703,149.2261196896577,True,870992.4625554531,14000871.12485704,0.0,0.0,13129878.662301587,0.0,True,True
uk,TLD3,GNN-oof-42,20.0,100.0,0.8,272.7017858125757,149.2261196896577,True,0.0,2902368.387666857,0.0,0.0,2902368.387666857,0.0,True,True
uk,TLD3,GNN-oof-42,20.0,300.0,0.8,272.7017858125757,149.2261196896577,True,402843.5622527649,11011594.675170869,0.0,0.0,10608751.112918103,0.0,True,True
uk,TLD3,GNN-oof-42,20.0,500.0,0.8,272.7017858125757,149.2261196896577,True,870992.4625554531,19358322.137502357,0.0,0.0,18487329.674946904,0.0,True,True
uk,TLD3,GNN-oof-42,20.0,100.0,0.9,288.4883296210987,149.2261196896577,True,0.0,3389797.5343139763,0.0,0.0,3389797.5343139763,0.0,True,True
uk,TLD3,GNN-oof-42,20.0,300.0,0.9,288.4883296210987,149.2261196896577,True,402843.5622527649,12047648.963631826,0.0,0.0,11644805.40137906,0.0,True,True
uk,TLD3,GNN-oof-42,20.0,500.0,0.9,288.4883296210987,149.2261196896577,True,870992.4625554531,20720652.53895499,0.0,0.0,19849660.07639954,0.0,True,True
uk,TLD3,GNN-oof-42,20.0,100.0,1.0,422.3087126163327,149.2261196896577,True,0.0,8977847.458861554,0.0,0.0,8977847.458861554,0.0,True,True
uk,TLD3,GNN-oof-42,20.0,300.0,1.0,422.3087126163327,149.2261196896577,True,402843.5622527649,22035562.251678277,0.0,0.0,21632718.689425513,0.0,True,True
uk,TLD3,GNN-oof-42,20.0,500.0,1.0,422.3087126163327,149.2261196896577,True,870992.4625554531,33787947.2570562,0.0,16870201.42338345,32916954.794500746,16870201.42338345,True,True
uk,TLD3,GNN-oof-123,20.0,100.0,0.5,219.36688061995397,167.2123792240177,True,0.0,1512387.453048484,0.0,0.0,1512387.453048484,0.0,True,True
uk,TLD3,GNN-oof-123,20.0,300.0,0.5,219.36688061995397,167.2123792240177,True,379807.74586907256,7910417.302363232,0.0,0.0,7530609.55649416,0.0,True,True
uk,TLD3,GNN-oof-123,20.0,500.0,0.5,219.36688061995397,167.2123792240177,True,912924.63920272,14824238.117814174,0.0,0.0,13911313.478611454,0.0,True,True
uk,TLD3,GNN-oof-123,20.0,100.0,0.8,316.5074321627796,167.2123792240177,True,0.0,4458929.608192865,0.0,0.0,4458929.608192865,0.0,True,True
uk,TLD3,GNN-oof-123,20.0,300.0,0.8,316.5074321627796,167.2123792240177,True,379807.74586907256,13957023.862108236,0.0,0.0,13577216.116239164,0.0,True,True
uk,TLD3,GNN-oof-123,20.0,500.0,0.8,316.5074321627796,167.2123792240177,True,912924.63920272,23051743.51886235,0.0,463562.2775888403,22138818.87965963,463562.2775888403,True,True
uk,TLD3,GNN-oof-123,20.0,100.0,0.9,379.99704108432184,167.2123792240177,True,0.0,6950210.557062694,0.0,0.0,6950210.557062694,0.0,True,True
uk,TLD3,GNN-oof-123,20.0,300.0,0.9,379.99704108432184,167.2123792240177,True,379807.74586907256,18621686.216053177,0.0,0.0,18241878.470184103,0.0,True,True
uk,TLD3,GNN-oof-123,20.0,500.0,0.9,379.99704108432184,167.2123792240177,True,912924.63920272,29102552.600315183,0.0,8500079.457235515,28189627.961112462,8500079.457235515,True,True
uk,TLD3,GNN-oof-123,20.0,100.0,1.0,394.6643448231167,167.2123792240177,True,0.0,7658387.534409277,0.0,0.0,7658387.534409277,0.0,True,True
uk,TLD3,GNN-oof-123,20.0,300.0,1.0,394.6643448231167,167.2123792240177,True,379807.74586907256,19752417.964146875,0.0,0.0,19372610.2182778,0.0,True,True
uk,TLD3,GNN-oof-123,20.0,500.0,1.0,394.6643448231167,167.2123792240177,True,912924.63920272,30632961.071121577,0.0,12098597.441747047,29720036.431918856,12098597.441747047,True,True
uk,TLD3,GNN-oof-456,20.0,100.0,0.5,231.59194988453737,141.96311779716052,True,0.0,1753319.5198312094,0.0,0.0,1753319.5198312094,0.0,True,True
uk,TLD3,GNN-oof-456,20.0,300.0,0.5,231.59194988453737,141.96311779716052,True,395347.24424644426,8700659.540013857,0.0,0.0,8305312.2957674125,0.0,True,True
uk,TLD3,GNN-oof-456,20.0,500.0,0.5,231.59194988453737,141.96311779716052,True,964937.9489842989,16083208.482654937,0.0,0.0,15118270.533670638,0.0,True,True
uk,TLD3,GNN-oof-456,20.0,100.0,0.8,255.47806354322344,141.96311779716052,True,0.0,2428888.2445093933,0.0,0.0,2428888.2445093933,0.0,True,True
uk,TLD3,GNN-oof-456,20.0,300.0,0.8,255.47806354322344,141.96311779716052,True,395347.24424644426,10088595.817671748,0.0,0.0,9693248.573425304,0.0,True,True
uk,TLD3,GNN-oof-456,20.0,500.0,0.8,255.47806354322344,141.96311779716052,True,964937.9489842989,18068168.382749476,0.0,0.0,17103230.433765177,0.0,True,True
uk,TLD3,GNN-oof-456,20.0,100.0,0.9,273.41488534813215,141.96311779716052,True,0.0,2967085.0290292916,0.0,0.0,2967085.0290292916,0.0,True,True
uk,TLD3,GNN-oof-456,20.0,300.0,0.9,273.41488534813215,141.96311779716052,True,395347.24424644426,11221175.034360072,0.0,0.0,10825827.790113628,0.0,True,True
uk,TLD3,GNN-oof-456,20.0,500.0,0.9,273.41488534813215,141.96311779716052,True,964937.9489842989,19608978.50878307,0.0,0.0,18644040.55979877,0.0,True,True
uk,TLD3,GNN-oof-456,20.0,100.0,1.0,433.61040394586166,141.96311779716052,True,0.0,9774506.583846373,0.0,0.0,9774506.583846373,0.0,True,True
uk,TLD3,GNN-oof-456,20.0,300.0,1.0,433.61040394586166,141.96311779716052,True,395347.24424644426,23231828.895467035,0.0,0.0,22836481.65122059,0.0,True,True
uk,TLD3,GNN-oof-456,20.0,500.0,1.0,433.61040394586166,141.96311779716052,True,964937.9489842989,35778122.97570955,0.0,25938262.686339498,34813185.02672525,25938262.686339498,True,True
uk,TLD4,Uni,10.0,100.0,0.5,149.52120518588433,218.03607422174053,False,10541716.95191011,49561588.68585197,6286456.060336439,45079190.28191976,39019871.73394186,38792734.22158332,True,True
uk,TLD4,Uni,10.0,300.0,0.5,149.52120518588433,218.03607422174053,False,18527993.756277855,63114843.17134431,28388231.657580692,48701666.50105338,44586849.41506645,20313434.843472686,True,True
uk,TLD4,Uni,10.0,500.0,0.5,149.52120518588433,218.03607422174053,False,19735403.269263986,64294118.22993028,414306.56500710547,91082627.70738514,44558714.9606663,90668321.14237803,True,True
uk,TLD4,Uni,10.0,100.0,0.8,232.24103379627317,218.03607422174053,True,10541716.95191011,83046643.71115305,6286456.060336439,80648716.58438696,72504926.75924294,74362260.52405052,True,True
uk,TLD4,Uni,10.0,300.0,0.8,232.24103379627317,218.03607422174053,True,18527993.756277855,98656235.01941136,28388231.657580692,84271192.80352059,80128241.2631335,55882961.1459399,True,True
uk,TLD4,Uni,10.0,500.0,0.8,232.24103379627317,218.03607422174053,True,19735403.269263986,99863644.5323975,414306.56500710547,126703738.17802139,80128241.26313351,126289431.61301428,True,True
uk,TLD4,Uni,10.0,100.0,0.9,301.3330593542001,218.03607422174053,True,10541716.95191011,112275272.02802096,6286456.060336439,110358287.57429555,101733555.07611085,104071831.51395911,True,True
uk,TLD4,Uni,10.0,300.0,0.9,301.3330593542001,218.03607422174053,True,18527993.756277855,128365806.00931989,28388231.657580692,113980763.79342918,109837812.25304203,85592532.13584849,True,True
uk,TLD4,Uni,10.0,500.0,0.9,301.3330593542001,218.03607422174053,True,19735403.269263986,129573215.52230603,414306.56500710547,156413309.16792998,109837812.25304204,155999002.60292286,True,True
uk,TLD4,Uni,10.0,100.0,1.0,340.5818502592988,218.03607422174053,True,10541716.95191011,129036704.75389391,6286456.060336439,127235267.66348799,118494987.8019838,120948811.60315154,True,True
uk,TLD4,Uni,10.0,300.0,1.0,340.5818502592988,218.03607422174053,True,18527993.756277855,145242786.09851232,28388231.657580692,130857743.8826216,126714792.34223446,102469512.22504091,True,True
uk,TLD4,Uni,10.0,500.0,1.0,340.5818502592988,218.03607422174053,True,19735403.269263986,146450195.61149848,414306.56500710547,173290289.25712243,126714792.34223449,172875982.6921153,True,True
uk,TLD4,LU,10.0,100.0,0.5,133.19410629932486,200.97044787663333,False,11063566.205609355,42994625.01322203,6286456.060336439,38196899.82598374,31931058.807612676,31910443.7656473,True,True
uk,TLD4,LU,10.0,300.0,0.5,133.19410629932486,200.97044787663333,False,19498214.985713616,56157067.94301896,26840996.67691957,41423624.63965164,36658852.95730534,14582627.962732073,True,True
uk,TLD4,LU,10.0,500.0,0.5,133.19410629932486,200.97044787663333,False,20641400.45011679,57273465.70870972,882361.3016134053,89872012.75073834,36632065.258592926,88989651.44912493,True,True
uk,TLD4,LU,10.0,100.0,0.8,204.2966687978207,200.97044787663333,True,11063566.205609355,71068168.05076425,6286456.060336439,68771001.70033696,60004601.8451549,62484545.64000052,True,True
uk,TLD4,LU,10.0,300.0,0.8,204.2966687978207,200.97044787663333,True,19498214.985713616,86704382.11865973,26840996.67691957,71997726.51400484,67206167.13294612,45156729.83708528,True,True
uk,TLD4,LU,10.0,500.0,0.8,204.2966687978207,200.97044787663333,True,20641400.45011679,87847567.58306292,882361.3016134053,121707101.61042449,67206167.13294613,120824740.30881108,True,True
uk,TLD4,LU,10.0,100.0,0.9,255.34078849548908,200.97044787663333,True,11063566.205609355,92299756.66602217,6286456.060336439,90719973.17033437,81236190.46041282,84433517.10999793,True,True
uk,TLD4,LU,10.0,300.0,0.9,255.34078849548908,200.97044787663333,True,19498214.985713616,108653353.58865713,26840996.67691957,93946697.98400226,89155138.60294351,67105701.3070827,True,True
uk,TLD4,LU,10.0,500.0,0.9,255.34078849548908,200.97044787663333,True,20641400.45011679,109796539.05306031,882361.3016134053,143656073.08042186,89155138.60294351,142773711.77880847,True,True
uk,TLD4,LU,10.0,100.0,1.0,299.1989919407321,200.97044787663333,True,11063566.205609355,110934279.59370297,6286456.060336439,109579000.65178888,99870713.38809362,103292544.59145243,True,True
uk,TLD4,LU,10.0,300.0,1.0,299.1989919407321,200.97044787663333,True,19498214.985713616,127512381.07011166,26840996.67691957,112805725.46545677,108014166.08439805,85964728.7885372,True,True
uk,TLD4,LU,10.0,500.0,1.0,299.1989919407321,200.97044787663333,True,20641400.45011679,128655566.53451486,882361.3016134053,162515100.56187645,108014166.08439806,161632739.26026303,True,True
uk,TLD4,LU-soft,10.0,100.0,0.5,124.00061828385321,160.7820296384666,False,6674565.763215655,42305416.907718144,7619718.250954388,33834286.960920714,35630851.14450249,26214568.709966324,True,True
uk,TLD4,LU-soft,10.0,300.0,0.5,124.00061828385321,160.7820296384666,False,12101531.158301266,52888681.965078466,16496163.648779023,36303433.955132835,40787150.8067772,19807270.30635381,True,True
uk,TLD4,LU-soft,10.0,500.0,0.5,124.00061828385321,160.7820296384666,False,12533115.055279681,53320265.86205688,414306.56500710547,77753818.72477177,40787150.8067772,77339512.15976466,True,True
uk,TLD4,LU-soft,10.0,100.0,0.8,166.25994309555898,160.7820296384666,True,6674565.763215655,59435928.90480982,7619718.250954388,52005796.62995418,52761363.141594164,44386078.37899979,True,True
uk,TLD4,LU-soft,10.0,300.0,0.8,166.25994309555898,160.7820296384666,True,12101531.158301266,71060191.63411197,16496163.648779023,54474943.624166325,58958660.47581071,37978779.975387305,True,True
uk,TLD4,LU-soft,10.0,500.0,0.8,166.25994309555898,160.7820296384666,True,12533115.055279681,71491775.5310904,414306.56500710547,114074090.75469622,58958660.475810714,113659784.18968911,True,True
uk,TLD4,LU-soft,10.0,100.0,0.9,175.8702794097258,160.7820296384666,True,6674565.763215655,63402793.94470833,7619718.250954388,56138241.24504594,56728228.18149268,48518522.99409155,True,True
uk,TLD4,LU-soft,10.0,300.0,0.9,175.8702794097258,160.7820296384666,True,12101531.158301266,75192636.24920367,16496163.648779023,58607388.239258066,63091105.0909024,42111224.590479046,True,True
uk,TLD4,LU-soft,10.0,500.0,0.9,175.8702794097258,160.7820296384666,True,12533115.055279681,75624220.14618212,414306.56500710547,121847584.8911361,63091105.09090244,121433278.32612899,True,True
uk,TLD4,LU-soft,10.0,100.0,1.0,197.27503584232522,160.7820296384666,True,6674565.763215655,72343640.70268188,7619718.250954388,65342286.51106368,65669074.93946623,57722568.26010929,True,True
uk,TLD4,LU-soft,10.0,300.0,1.0,197.27503584232522,160.7820296384666,True,12101531.158301266,84396681.51522143,16496163.648779023,67811433.50527582,72295150.35692017,51315269.856496796,True,True
uk,TLD4,LU-soft,10.0,500.0,1.0,197.27503584232522,160.7820296384666,True,12533115.055279681,84828265.41219987,414306.56500710547,134825192.31805974,72295150.35692018,134410885.75305265,True,True
uk,TLD4,Ref,10.0,100.0,0.5,64.51758159373064,71.93621416387948,False,3062505.7434018175,20615461.58134451,2639768.1256903643,19942678.24996496,17552955.837942693,17302910.124274597,True,True
uk,TLD4,Ref,10.0,300.0,0.5,64.51758159373064,71.93621416387948,False,5459429.973858692,27708525.840710573,13143.922641091049,26391403.112456717,22249095.86685188,26378259.189815626,True,True
uk,TLD4,Ref,10.0,500.0,0.5,64.51758159373064,71.93621416387948,False,5493464.2184523055,27742560.085304193,13143.922641053796,36098085.14749336,22249095.86685189,36084941.22485231,True,True
uk,TLD4,Ref,10.0,100.0,0.8,81.60906457847543,71.93621416387948,True,3062505.7434018175,26858209.11373723,2639768.1256903643,27292015.933405228,23795703.37033541,24652247.807714865,True,True
uk,TLD4,Ref,10.0,300.0,0.8,81.60906457847543,71.93621416387948,True,5459429.973858692,35057863.52415083,13143.922641091049,33740740.79589696,29598433.55029214,33727596.87325587,True,True
uk,TLD4,Ref,10.0,500.0,0.8,81.60906457847543,71.93621416387948,True,5493464.2184523055,35091897.768744454,13143.922641053796,50796760.51437386,29598433.55029215,50783616.59173281,True,True
uk,TLD4,Ref,10.0,100.0,0.9,103.09182268104604,71.93621416387948,True,3062505.7434018175,35178398.48747159,2639768.1256903643,36529601.917510584,32115892.74406977,33889833.79182022,True,True
uk,TLD4,Ref,10.0,300.0,0.9,103.09182268104604,71.93621416387948,True,5459429.973858692,44295449.508256204,13143.922641091049,42978326.78000234,38836019.53439751,42965182.85736125,True,True
uk,TLD4,Ref,10.0,500.0,0.9,103.09182268104604,71.93621416387948,True,5493464.2184523055,44329483.752849825,13143.922641053796,69271932.48258457,38836019.53439752,69258788.55994351,True,True
uk,TLD4,Ref,10.0,100.0,1.0,106.39831696295327,71.93621416387948,True,3062505.7434018175,36502490.46882066,2639768.1256903643,37951394.4587307,33439984.725418843,35311626.333040334,True,True
uk,TLD4,Ref,10.0,300.0,1.0,106.39831696295327,71.93621416387948,True,5459429.973858692,45717242.04947629,13143.922641091049,44400119.32122244,40257812.0756176,44386975.39858135,True,True
uk,TLD4,Ref,10.0,500.0,1.0,106.39831696295327,71.93621416387948,True,5493464.2184523055,45751276.29406992,13143.922641053796,72115517.56502484,40257812.07561762,72102373.64238378,True,True
uk,TLD4,GNN-oof-42,10.0,100.0,0.5,95.48759954218417,152.14731534143826,False,5646869.546800203,32251396.35151712,2820229.1113273003,32966431.523946546,26604526.804716915,30146202.412619244,True,True
uk,TLD4,GNN-oof-42,10.0,300.0,0.5,95.48759954218417,152.14731534143826,False,11239642.652099507,40698992.59498329,7095004.778634738,19762889.768753383,29459349.942883782,12667884.990118645,True,True
uk,TLD4,GNN-oof-42,10.0,500.0,0.5,95.48759954218417,152.14731534143826,False,11609177.617921116,41059667.8031392,802020.2157372236,53187402.49439718,29450490.18521809,52385382.278659955,True,True
uk,TLD4,GNN-oof-42,10.0,100.0,0.8,128.42418384456485,152.14731534143826,False,5646869.546800203,45143464.70356778,2820229.1113273003,47129162.77397024,39496595.15676758,44308933.66264294,True,True
uk,TLD4,GNN-oof-42,10.0,300.0,0.8,128.42418384456485,152.14731534143826,False,11239642.652099507,54852864.08734129,7095004.778634738,33056961.694476806,43613221.43524179,25961956.915842067,True,True
uk,TLD4,GNN-oof-42,10.0,500.0,0.8,128.42418384456485,152.14731534143826,False,11609177.617921116,55222399.0531629,802020.2157372236,81512864.99444456,43613221.43524179,80710844.77870734,True,True
uk,TLD4,GNN-oof-42,10.0,100.0,0.9,148.36561316214943,152.14731534143826,False,5646869.546800203,53195371.55543271,2820229.1113273003,55703977.380531594,47548502.0086325,52883748.269204296,True,True
uk,TLD4,GNN-oof-42,10.0,300.0,0.9,148.36561316214943,152.14731534143826,False,11239642.652099507,63427678.693902634,7095004.778634738,41631776.30103816,52188036.04180313,34536771.52240342,True,True
uk,TLD4,GNN-oof-42,10.0,500.0,0.9,148.36561316214943,152.14731534143826,False,11609177.617921116,63797213.65972425,802020.2157372236,98662494.20756733,52188036.04180314,97860473.99183011,True,True
uk,TLD4,GNN-oof-42,10.0,100.0,1.0,161.4951261357389,152.14731534143826,True,5646869.546800203,58576916.4905665,2820229.1113273003,61349667.95917507,52930046.943766296,58529438.847847775,True,True
uk,TLD4,GNN-oof-42,10.0,300.0,1.0,161.4951261357389,152.14731534143826,True,11239642.652099507,69073369.27254614,7095004.778634738,47277466.87968166,57833726.62044664,40182462.10104692,True,True
uk,TLD4,GNN-oof-42,10.0,500.0,1.0,161.4951261357389,152.14731534143826,True,11609177.617921116,69442904.23836777,802020.2157372236,109953875.36485422,57833726.62044665,109151855.149117,True,True
uk,TLD4,GNN-oof-123,10.0,100.0,0.5,95.48525606368497,86.93891832896244,True,4551993.286858484,31754408.957235694,644220.916764854,31418323.32276707,27202415.67037721,30774102.406002216,True,True
uk,TLD4,GNN-oof-123,10.0,300.0,0.5,95.48525606368497,86.93891832896244,True,7976394.147476724,41016116.081641726,2813239.7066746764,39643832.48114089,33039721.934165,36830592.77446622,True,True
uk,TLD4,GNN-oof-123,10.0,500.0,0.5,95.48525606368497,86.93891832896244,True,8018938.173219557,41058660.10738456,2813239.7066746503,63611387.5949903,33039721.934165005,60798147.88831565,True,True
uk,TLD4,GNN-oof-123,10.0,100.0,0.8,131.8753791434558,86.93891832896244,True,4551993.286858484,46419164.135598615,644220.916764854,47066076.24706853,41867170.84874013,46421855.33030368,True,True
uk,TLD4,GNN-oof-123,10.0,300.0,0.8,131.8753791434558,86.93891832896244,True,7976394.147476724,56663869.005943164,2813239.7066746764,55291585.40544234,48687474.85846644,52478345.69876766,True,True
uk,TLD4,GNN-oof-123,10.0,500.0,0.8,131.8753791434558,86.93891832896244,True,8018938.173219557,56706413.031686015,2813239.7066746503,94906893.44359317,48687474.85846646,92093653.73691852,True,True
uk,TLD4,GNN-oof-123,10.0,100.0,0.9,155.18866011701664,86.93891832896244,True,4551993.286858484,56218311.17537522,644220.916764854,57090787.06569971,51666317.88851674,56446566.148934856,True,True
uk,TLD4,GNN-oof-123,10.0,300.0,0.9,155.18866011701664,86.93891832896244,True,7976394.147476724,66688579.82457432,2813239.7066746764,65316296.22407351,58712185.677097596,62503056.517398834,True,True
uk,TLD4,GNN-oof-123,10.0,500.0,0.9,155.18866011701664,86.93891832896244,True,8018938.173219557,66731123.85031717,2813239.7066746503,114956315.08085546,58712185.67709762,112143075.37418081,True,True
uk,TLD4,GNN-oof-123,10.0,100.0,1.0,204.14374930025159,86.93891832896244,True,4551993.286858484,77065690.56423385,644220.916764854,78141475.41449071,72513697.27737537,77497254.49772586,True,True
uk,TLD4,GNN-oof-123,10.0,300.0,1.0,204.14374930025159,86.93891832896244,True,7976394.147476724,87739268.17336535,2813239.7066746764,86366984.57286452,79762874.02588864,83553744.86618984,True,True
uk,TLD4,GNN-oof-123,10.0,500.0,1.0,204.14374930025159,86.93891832896244,True,8018938.173219557,87781812.19910818,2813239.7066746503,157057691.77843755,79762874.02588862,154244452.07176292,True,True
uk,TLD4,GNN-oof-456,10.0,100.0,0.5,89.45133688131774,100.11047594168826,False,4896013.867027752,29600949.991973083,644220.916764854,29142031.365522735,24704936.12494533,28497810.44875788,True,True
uk,TLD4,GNN-oof-456,10.0,300.0,0.5,89.45133688131774,100.11047594168826,False,8778437.878083145,38417617.450518034,3604350.875085648,36585499.26036484,29639179.572434887,32981148.38527919,True,True
uk,TLD4,GNN-oof-456,10.0,500.0,0.5,89.45133688131774,100.11047594168826,False,8824895.286531746,38464074.85896664,3604350.875085637,58506334.75448616,29639179.572434895,54901983.87940052,True,True
uk,TLD4,GNN-oof-456,10.0,100.0,0.8,128.2111550952258,100.11047594168826,True,4896013.867027752,45113318.76485177,644220.916764854,45808753.1975032,40217304.89782402,45164532.28073835,True,True
uk,TLD4,GNN-oof-456,10.0,300.0,0.8,128.2111550952258,100.11047594168826,True,8778437.878083145,55084339.28249849,3604350.875085648,53252221.092345275,46305901.40441534,49647870.21725963,True,True
uk,TLD4,GNN-oof-456,10.0,500.0,0.8,128.2111550952258,100.11047594168826,True,8824895.286531746,55130796.6909471,3604350.875085637,91839778.41844709,46305901.404415354,88235427.54336146,True,True
uk,TLD4,GNN-oof-456,10.0,100.0,0.9,143.13263940398076,100.11047594168826,True,4896013.867027752,51344096.63467224,644220.916764854,52224991.45026784,46448082.76764449,51580770.53350298,True,True
uk,TLD4,GNN-oof-456,10.0,300.0,0.9,143.13263940398076,100.11047594168826,True,8778437.878083145,61500577.53526314,3604350.875085648,59668459.345109925,52722139.65718,56064108.47002427,True,True
uk,TLD4,GNN-oof-456,10.0,500.0,0.9,143.13263940398076,100.11047594168826,True,8824895.286531746,61547034.943711765,3604350.875085637,104672254.92397635,52722139.65718002,101067904.04889071,True,True
uk,TLD4,GNN-oof-456,10.0,100.0,1.0,162.31286890165902,100.11047594168826,True,4896013.867027752,59442743.44178682,644220.916764854,60472490.13426949,54546729.574759066,59828269.217504635,True,True
uk,TLD4,GNN-oof-456,10.0,300.0,1.0,162.31286890165902,100.11047594168826,True,8778437.878083145,69748076.2192648,3604350.875085648,67915958.0291116,60969638.34118166,64311607.15402594,True,True
uk,TLD4,GNN-oof-456,10.0,500.0,1.0,162.31286890165902,100.11047594168826,True,8824895.286531746,69794533.62771341,3604350.875085637,121167252.29197964,60969638.341181666,117562901.416894,True,True
uk,TLD4,Uni,20.0,100.0,0.5,185.28025878980506,275.44510892498005,False,10576229.578822931,30943117.13747454,142866.0681005967,54317997.799324356,20366887.55865161,54175131.73122376,True,True
uk,TLD4,Uni,20.0,300.0,0.5,185.28025878980506,275.44510892498005,False,16948598.99445906,50594601.893998444,17896193.51253974,47903973.889191836,33646002.89953938,30007780.376652095,True,True
uk,TLD4,Uni,20.0,500.0,0.5,185.28025878980506,275.44510892498005,False,30386012.090340666,72441122.45707092,52832289.73056032,59512405.38708798,42055110.36673025,6680115.656527661,True,True
uk,TLD4,Uni,20.0,100.0,0.8,292.0942346639673,275.44510892498005,True,10576229.578822931,57250279.62188882,142866.0681005967,100248007.42521413,46674050.04306588,100105141.35711353,True,True
uk,TLD4,Uni,20.0,300.0,0.8,292.0942346639673,275.44510892498005,True,16948598.99445906,88551602.6785871,17896193.51253974,93703548.64892761,71603003.68412803,75807355.13638787,True,True
uk,TLD4,Uni,20.0,500.0,0.8,292.0942346639673,275.44510892498005,True,30386012.090340666,118371132.08296068,52832289.73056032,105442415.01297773,87985119.99262002,52610125.28241742,True,True
uk,TLD4,Uni,20.0,100.0,0.9,383.9068541015647,275.44510892498005,True,10576229.578822931,84274931.87175724,142866.0681005967,139727433.783381,73698702.29293431,139584567.71528038,True,True
uk,TLD4,Uni,20.0,300.0,0.9,383.9068541015647,275.44510892498005,True,16948598.99445906,127148458.38024667,17896193.51253974,133182975.00709453,110199859.3857876,115286781.49455479,True,True
uk,TLD4,Uni,20.0,500.0,0.9,383.9068541015647,275.44510892498005,True,30386012.090340666,157850558.44112757,52832289.73056032,144921841.37114465,127464546.3507869,92089551.64058433,True,True
uk,TLD4,Uni,20.0,100.0,1.0,407.86246275774437,275.44510892498005,True,10576229.578822931,91982899.56720592,142866.0681005967,150028345.50553828,81406669.988383,149885479.43743768,True,True
uk,TLD4,Uni,20.0,300.0,1.0,407.86246275774437,275.44510892498005,True,16948598.99445906,137449370.10240394,17896193.51253974,143483886.7292517,120500771.10794488,125587693.21671197,True,True
uk,TLD4,Uni,20.0,500.0,1.0,407.86246275774437,275.44510892498005,True,30386012.090340666,168151470.16328484,52832289.73056032,155222753.09330186,137765458.07294416,102390463.36274154,True,True
uk,TLD4,LU,20.0,100.0,0.5,178.7097973980599,290.79471320329145,False,11677837.898346115,30055516.43701168,142866.0681005967,51989332.92231182,18377678.538665567,51846466.854211226,True,True
uk,TLD4,LU,20.0,300.0,0.5,178.7097973980599,290.79471320329145,False,18661433.650512088,48182781.65266235,17896193.51253974,45292996.589074954,29521348.002150264,27396803.076535214,True,True
uk,TLD4,LU,20.0,500.0,0.5,178.7097973980599,290.79471320329145,False,32531328.23537939,68812205.6383084,53708378.09410192,52466584.49244908,36280877.402929015,-1241793.6016528383,True,False
uk,TLD4,LU,20.0,100.0,0.8,267.1141553030268,290.79471320329145,False,11677837.898346115,50722662.84346729,142866.0681005967,90003206.82144758,39044824.94512117,89860340.75334698,True,True
uk,TLD4,LU,20.0,300.0,0.8,267.1141553030268,290.79471320329145,False,18661433.650512088,78293606.83777857,17896193.51253974,82695968.34391621,59632173.187266484,64799774.83137646,True,True
uk,TLD4,LU,20.0,500.0,0.8,267.1141553030268,290.79471320329145,False,32531328.23537939,106796516.83978783,53708378.09410192,90480458.39158487,74265188.60440844,36772080.29748295,True,True
uk,TLD4,LU,20.0,100.0,0.9,352.55330158231754,290.79471320329145,True,11677837.898346115,74785259.30188324,142866.0681005967,126742039.7215426,63107421.403537124,126599173.653442,True,True
uk,TLD4,LU,20.0,300.0,0.9,352.55330158231754,290.79471320329145,True,18661433.650512088,112636586.91168591,17896193.51253974,119434801.24401124,93975153.26117383,101538607.7314715,True,True
uk,TLD4,LU,20.0,500.0,0.9,352.55330158231754,290.79471320329145,True,32531328.23537939,143535349.73988283,53708378.09410192,127219291.29167989,111004021.50450343,73510913.19757797,True,True
uk,TLD4,LU,20.0,100.0,1.0,413.5459121549088,290.79471320329145,True,11677837.898346115,93943396.33467631,142866.0681005967,152968862.26775688,82265558.4363302,152825996.19965628,True,True
uk,TLD4,LU,20.0,300.0,1.0,413.5459121549088,290.79471320329145,True,18661433.650512088,138697094.55087063,17896193.51253974,145661623.79022545,120035660.90035854,127765430.2776857,True,True
uk,TLD4,LU,20.0,500.0,1.0,413.5459121549088,290.79471320329145,True,32531328.23537939,169762172.28609705,53708378.09410192,153446113.83789414,137230844.05071765,99737735.74379222,True,True
uk,TLD4,LU-soft,20.0,100.0,0.5,168.90430695814538,169.9030707538655,False,2819338.3700174,26544149.421071023,0.0,55499079.14352272,23724811.05105362,55499079.14352272,True,True
uk,TLD4,LU-soft,20.0,300.0,0.5,168.90430695814538,169.9030707538655,False,6861936.7709986465,49154369.58185767,11143644.846417803,44263924.834239475,42292432.81085902,33120279.987821672,True,True
uk,TLD4,LU-soft,20.0,500.0,0.5,168.90430695814538,169.9030707538655,False,13822180.256142272,69647080.18398975,41272903.64873302,52113120.47850879,55824899.927847475,10840216.829775773,True,True
uk,TLD4,LU-soft,20.0,100.0,0.8,199.69970655150053,169.9030707538655,True,2819338.3700174,33291309.639324494,0.0,68741100.9686654,30471971.26930709,68741100.9686654,True,True
uk,TLD4,LU-soft,20.0,300.0,0.8,199.69970655150053,169.9030707538655,True,6861936.7709986465,60390107.87014401,11143644.846417803,57383213.388301335,53528171.09914536,46239568.54188353,True,True
uk,TLD4,LU-soft,20.0,500.0,0.8,199.69970655150053,169.9030707538655,True,13822180.256142272,82889102.00913249,41272903.64873302,65355142.303651534,69066921.75299022,24082238.654918514,True,True
uk,TLD4,LU-soft,20.0,100.0,0.9,216.49504604720002,169.9030707538655,True,2819338.3700174,37159535.35577446,0.0,75963096.9518162,34340196.98575706,75963096.9518162,True,True
uk,TLD4,LU-soft,20.0,300.0,0.9,216.49504604720002,169.9030707538655,True,6861936.7709986465,66804859.74014071,11143644.846417803,64605209.37145211,59942922.96914206,53461564.52503431,True,True
uk,TLD4,LU-soft,20.0,500.0,0.9,216.49504604720002,169.9030707538655,True,13822180.256142272,90111097.99228328,41272903.64873302,72577138.28680228,76288917.73614101,31304234.638069257,True,True
uk,TLD4,LU-soft,20.0,100.0,1.0,317.08176038170103,169.9030707538655,True,2819338.3700174,65222155.75294487,0.0,119215384.11565168,62402817.38292747,119215384.11565168,True,True
uk,TLD4,LU-soft,20.0,300.0,1.0,317.08176038170103,169.9030707538655,True,6861936.7709986465,107935736.48103295,11143644.846417803,107857496.53528754,101073799.71003431,96713851.68886974,True,True
uk,TLD4,LU-soft,20.0,500.0,1.0,317.08176038170103,169.9030707538655,True,13822180.256142272,133363385.15611865,41272903.64873302,115829425.45063774,119541204.89997637,74556521.80190472,True,True
uk,TLD4,Ref,20.0,100.0,0.5,76.2037519806021,100.73071779166112,False,1337084.7348557916,9108435.44022322,12252.825531353836,16937180.460346173,7771350.705367429,16924927.63481482,True,True
uk,TLD4,Ref,20.0,300.0,0.5,76.2037519806021,100.73071779166112,False,3458801.1023774534,19645145.923798792,2132391.186167969,18062036.7584957,16186344.821421338,15929645.572327731,True,True
uk,TLD4,Ref,20.0,500.0,0.5,76.2037519806021,100.73071779166112,False,6716896.126794011,32278528.74750969,10783523.21552013,27583620.35548818,25561632.620715678,16800097.139968053,True,True
uk,TLD4,Ref,20.0,100.0,0.8,95.39707819046797,100.73071779166112,False,1337084.7348557916,12047749.077701475,12252.825531353836,25190310.7305885,10710664.342845684,25178057.905057147,True,True
uk,TLD4,Ref,20.0,300.0,0.8,95.39707819046797,100.73071779166112,False,3458801.1023774534,25600569.79229107,2132391.186167969,25761590.5884797,22141768.68991362,23629199.40231173,True,True
uk,TLD4,Ref,20.0,500.0,0.8,95.39707819046797,100.73071779166112,False,6716896.126794011,40531659.017752014,10783523.21552013,35836750.625730455,33814762.890958,25053227.410210326,True,True
uk,TLD4,Ref,20.0,100.0,0.9,112.99808969092707,100.73071779166112,True,1337084.7348557916,14884105.880565876,12252.825531353836,32758745.67578592,13547021.145710085,32746492.85025457,True,True
uk,TLD4,Ref,20.0,300.0,0.9,112.99808969092707,100.73071779166112,True,3458801.1023774534,31376491.48487342,2132391.186167969,32951603.786417253,27917690.38249597,30819212.600249283,True,True
uk,TLD4,Ref,20.0,500.0,0.9,112.99808969092707,100.73071779166112,True,6716896.126794011,48100093.96294942,10783523.21552013,43405185.57092787,41383197.83615541,32621662.355407745,True,True
uk,TLD4,Ref,20.0,100.0,1.0,180.77468490194917,100.73071779166112,True,1337084.7348557916,27366207.37168262,12252.825531353836,61902681.61652543,26029122.636826828,61890428.79099407,True,True
uk,TLD4,Ref,20.0,300.0,1.0,180.77468490194917,100.73071779166112,True,3458801.1023774534,56876689.6438505,2132391.186167969,61828265.477950945,53417888.541473046,59695874.291782975,True,True
uk,TLD4,Ref,20.0,500.0,1.0,180.77468490194917,100.73071779166112,True,6716896.126794011,77244029.90368894,10783523.21552013,72549121.5116674,70527133.77689493,61765598.29614727,True,True
uk,TLD4,GNN-oof-42,20.0,100.0,0.5,111.70096629673472,124.4643974745178,False,2442822.7202076907,14641580.66671725,415680.02270530275,30747815.560648553,12198757.946509559,30332135.53794325,True,True
uk,TLD4,GNN-oof-42,20.0,300.0,0.5,111.70096629673472,124.4643974745178,False,6371538.292399591,30027006.567072775,12324939.116671499,24279729.991814893,23655468.274673186,11954790.875143394,True,True
uk,TLD4,GNN-oof-42,20.0,500.0,0.5,111.70096629673472,124.4643974745178,False,12455812.680024846,46408916.357440494,30667341.18343891,34508946.31615446,33953103.67741565,3841605.1327155493,True,True
uk,TLD4,GNN-oof-42,20.0,100.0,0.8,149.8742612677294,124.4643974745178,True,2442822.7202076907,21526767.697417554,415680.02270530275,47162332.398176275,19083944.977209862,46746652.37547097,True,True
uk,TLD4,GNN-oof-42,20.0,300.0,0.8,149.8742612677294,124.4643974745178,True,6371538.292399591,42643357.208922185,12324939.116671499,40385708.41035298,36271818.91652259,28060769.293681484,True,True
uk,TLD4,GNN-oof-42,20.0,500.0,0.8,149.8742612677294,124.4643974745178,True,12455812.680024846,62778020.79385612,30667341.18343891,50923463.153682165,50322208.113831274,20256121.970243257,True,True
uk,TLD4,GNN-oof-42,20.0,100.0,0.9,158.55039290442926,124.4643974745178,True,2442822.7202076907,23233755.78430912,415680.02270530275,50893069.001957215,20790933.064101428,50477388.979251914,True,True
uk,TLD4,GNN-oof-42,20.0,300.0,0.9,158.55039290442926,124.4643974745178,True,6371538.292399591,45728400.95673174,12324939.116671499,44116445.01413394,39356862.664332144,31791505.89746244,True,True
uk,TLD4,GNN-oof-42,20.0,500.0,0.9,158.55039290442926,124.4643974745178,True,12455812.680024846,66508757.39763707,30667341.18343891,54654199.75746311,54052944.71761222,23986858.574024204,True,True
uk,TLD4,GNN-oof-42,20.0,100.0,1.0,232.09677979079785,124.4643974745178,True,2442822.7202076907,39657470.377116226,415680.02270530275,82518015.3630957,37214647.656908534,82102335.3403904,True,True
uk,TLD4,GNN-oof-42,20.0,300.0,1.0,232.09677979079785,124.4643974745178,True,6371538.292399591,74527373.4674429,12324939.116671499,75741391.37527242,68155835.17504331,63416452.25860092,True,True
uk,TLD4,GNN-oof-42,20.0,500.0,1.0,232.09677979079785,124.4643974745178,True,12455812.680024846,98133703.75877558,30667341.18343891,86279146.11860159,85677891.07875073,55611804.93516268,True,True
uk,TLD4,GNN-oof-123,20.0,100.0,0.5,108.92146289261433,120.56191374602153,False,2843259.74152065,14083363.34977493,1210281.5915218466,32396912.204962295,11240103.60825428,31186630.613440447,True,True
uk,TLD4,GNN-oof-123,20.0,300.0,0.5,108.92146289261433,120.56191374602153,False,5386977.692775308,29688128.55018374,6906023.067276331,27771079.027997117,24301150.85740843,20865055.960720785,True,True
uk,TLD4,GNN-oof-123,20.0,500.0,0.5,108.92146289261433,120.56191374602153,False,10800319.247378223,46444732.11235256,10547472.88887936,41068085.07615376,35644412.864974335,30520612.187274404,True,True
uk,TLD4,GNN-oof-123,20.0,100.0,0.8,173.9494203889993,120.56191374602153,True,2843259.74152065,25832529.56655944,1210281.5915218466,60358933.92840783,22989269.82503879,59148652.33688599,True,True
uk,TLD4,GNN-oof-123,20.0,300.0,0.8,173.9494203889993,120.56191374602153,True,5386977.692775308,52783868.57735803,6906023.067276331,55733100.75144265,47396890.88458272,48827077.68416632,True,True
uk,TLD4,GNN-oof-123,20.0,500.0,0.8,173.9494203889993,120.56191374602153,True,10800319.247378223,74406753.8357981,10547472.88887936,69030106.7995993,63606434.58841988,58482633.910719946,True,True
uk,TLD4,GNN-oof-123,20.0,100.0,0.9,208.8426947654019,120.56191374602153,True,2843259.74152065,33299154.821332294,1210281.5915218466,75363041.91026095,30455895.079811644,74152760.3187391,True,True
uk,TLD4,GNN-oof-123,20.0,300.0,0.9,208.8426947654019,120.56191374602153,True,5386977.692775308,67006147.6992957,6906023.067276331,70737208.73329577,61619170.00652039,63831185.66601944,True,True
uk,TLD4,GNN-oof-123,20.0,500.0,0.9,208.8426947654019,120.56191374602153,True,10800319.247378223,89410861.81765121,10547472.88887936,84034214.78145243,78610542.57027298,73486741.89257307,True,True
uk,TLD4,GNN-oof-123,20.0,100.0,1.0,216.9037028959175,120.56191374602153,True,2843259.74152065,35138407.65492206,1210281.5915218466,78829275.40638265,32295147.91340141,77618993.8148608,True,True
uk,TLD4,GNN-oof-123,20.0,300.0,1.0,216.9037028959175,120.56191374602153,True,5386977.692775308,70391889.45620584,6906023.067276331,74203442.22941747,65004911.763430536,67297419.16214114,True,True
uk,TLD4,GNN-oof-123,20.0,500.0,1.0,216.9037028959175,120.56191374602153,True,10800319.247378223,92877095.31377289,10547472.88887936,87500448.2775741,82076776.06639466,76952975.38869475,True,True
uk,TLD4,GNN-oof-456,20.0,100.0,0.5,125.74403942274017,139.40335639559495,False,2991285.7399655366,16979713.998790443,403427.1971739489,39955102.18645656,13988428.258824907,39551674.989282615,True,True
uk,TLD4,GNN-oof-456,20.0,300.0,0.5,125.74403942274017,139.40335639559495,False,6046812.309352429,35789475.15028643,6595769.586885265,33116456.85528496,29742662.840934,26520687.268399693,True,True
uk,TLD4,GNN-oof-456,20.0,500.0,0.5,125.74403942274017,139.40335639559495,False,12418287.865415193,53806617.89596663,11486251.859940942,49302903.30666331,41388330.03055143,37816651.44672237,True,True
uk,TLD4,GNN-oof-456,20.0,100.0,0.8,140.4082702632779,139.40335639559495,True,2991285.7399655366,19558711.309186574,403427.1971739489,46260721.447887786,16567425.569221038,45857294.25071384,True,True
uk,TLD4,GNN-oof-456,20.0,300.0,0.8,140.4082702632779,139.40335639559495,True,6046812.309352429,40922748.46072571,6595769.586885265,39422076.11671619,34875936.15137328,32826306.529830925,True,True
uk,TLD4,GNN-oof-456,20.0,500.0,0.8,140.4082702632779,139.40335639559495,True,12418287.865415193,60112237.15739785,11486251.859940942,55608522.56809455,47693949.29198266,44122270.708153605,True,True
uk,TLD4,GNN-oof-456,20.0,100.0,0.9,150.26617386846075,139.40335639559495,True,2991285.7399655366,21372452.224135604,403427.1971739489,50499619.998116404,18381166.484170068,50096192.80094246,True,True
uk,TLD4,GNN-oof-456,20.0,300.0,0.9,150.26617386846075,139.40335639559495,True,6046812.309352429,44493307.41356674,6595769.586885265,43660974.6669448,38446495.10421431,37065205.080059536,True,True
uk,TLD4,GNN-oof-456,20.0,500.0,0.9,150.26617386846075,139.40335639559495,True,12418287.865415193,64351135.70762647,11486251.859940942,59847421.118323185,51932847.84221128,48361169.258382246,True,True
uk,TLD4,GNN-oof-456,20.0,100.0,1.0,238.30807992600563,139.40335639559495,True,2991285.7399655366,40956941.183380835,403427.1971739489,88357639.6028607,37965655.4434153,87954212.40568675,True,True
uk,TLD4,GNN-oof-456,20.0,300.0,1.0,238.30807992600563,139.40335639559495,True,6046812.309352429,80366498.74604794,6595769.586885265,81518994.2716891,74319686.43669552,74923224.68480384,True,True
uk,TLD4,GNN-oof-456,20.0,500.0,1.0,238.30807992600563,139.40335639559495,True,12418287.865415193,102209155.31237078,11486251.859940942,97705440.72306748,89790867.44695559,86219188.86312653,True,True
