country,region,arm,radius_km,centres,mae_decision,mae_representation,mean_G_mva,zero_station_share,n_stations_mean,n_stations_median,effective_cand_share,n_candidates
uk,London,Uni,1.0,station,24.75842842739429,16.618077970953728,40.72850090449655,0.0,1.4840182648401827,1.0,1.0,219
uk,London,LU,1.0,station,17.42196947640575,8.834231946951338,40.72850090449655,0.0,1.4840182648401827,1.0,1.0,219
uk,London,LU-soft,1.0,station,19.85050676877238,12.088405260134968,40.72850090449655,0.0,1.4840182648401827,1.0,1.0,219
uk,London,Ref,1.0,station,14.831260624530112,0.0,40.72850090449655,0.0,1.4840182648401827,1.0,1.0,219
uk,London,GNN-oof-42,1.0,station,20.29661319822643,12.308182976247021,40.72850090449655,0.0,1.4840182648401827,1.0,1.0,219
uk,London,GNN-oof-123,1.0,station,19.928976518691496,11.461866300176936,40.72850090449655,0.0,1.4840182648401827,1.0,1.0,219
uk,London,GNN-oof-456,1.0,station,21.02457185966574,13.228620167974984,40.72850090449655,0.0,1.4840182648401827,1.0,1.0,219
uk,London,Uni,2.0,station,58.70671894511276,49.16612932677377,109.27155495654549,0.0,3.547945205479452,2.0,1.0,219
uk,London,LU,2.0,station,36.144534306784315,25.525864135770906,109.27155495654549,0.0,3.547945205479452,2.0,1.0,219
uk,London,LU-soft,2.0,station,45.52060869417461,35.649500581577065,109.27155495654549,0.0,3.547945205479452,2.0,1.0,219
uk,London,Ref,2.0,station,17.98046023295622,0.0,109.27155495654549,0.0,3.547945205479452,2.0,1.0,219
uk,London,GNN-oof-42,2.0,station,40.96005424425395,31.31672539801209,109.27155495654549,0.0,3.547945205479452,2.0,1.0,219
uk,London,GNN-oof-123,2.0,station,36.78734727782446,26.163753681032333,109.27155495654549,0.0,3.547945205479452,2.0,1.0,219
uk,London,GNN-oof-456,2.0,station,40.431154647675676,30.74453957732854,109.27155495654549,0.0,3.547945205479452,2.0,1.0,219
uk,London,Uni,3.0,station,101.43858834751457,84.31231024017357,222.44523169739372,0.0,7.073059360730594,5.0,1.0,219
uk,London,LU,3.0,station,63.15287665525846,45.213164773148996,222.44523169739372,0.0,7.073059360730594,5.0,1.0,219
uk,London,LU-soft,3.0,station,81.67635728754766,63.79867345254747,222.44523169739372,0.0,7.073059360730594,5.0,1.0,219
uk,London,Ref,3.0,station,24.79141494433838,0.0,222.44523169739372,0.0,7.073059360730594,5.0,1.0,219
uk,London,GNN-oof-42,3.0,station,69.64206936049179,52.8949446947737,222.44523169739372,0.0,7.073059360730594,5.0,1.0,219
uk,London,GNN-oof-123,3.0,station,61.27173263498166,43.74369244604865,222.44523169739372,0.0,7.073059360730594,5.0,1.0,219
uk,London,GNN-oof-456,3.0,station,65.37323841894502,50.860022992377615,222.44523169739372,0.0,7.073059360730594,5.0,1.0,219
uk,London,Uni,5.0,station,143.61258635960112,127.07531228089165,514.1926660050545,0.0,16.652968036529682,12.0,1.0,219
uk,London,LU,5.0,station,93.98010660425912,76.92661991083321,514.1926660050545,0.0,16.652968036529682,12.0,1.0,219
uk,London,LU-soft,5.0,station,117.53795017220509,100.98968478296031,514.1926660050545,0.0,16.652968036529682,12.0,1.0,219
uk,London,Ref,5.0,station,29.96838564303508,0.0,514.1926660050545,0.0,16.652968036529682,12.0,1.0,219
uk,London,GNN-oof-42,5.0,station,99.21946529398959,82.30683613582464,514.1926660050545,0.0,16.652968036529682,12.0,1.0,219
uk,London,GNN-oof-123,5.0,station,80.70971405754733,63.06168257706972,514.1926660050545,0.0,16.652968036529682,12.0,1.0,219
uk,London,GNN-oof-456,5.0,station,96.3554904423593,79.4135283664868,514.1926660050545,0.0,16.652968036529682,12.0,1.0,219
uk,London,Uni,7.5,station,167.58767378668713,149.4614939494925,946.4395870465169,0.0,31.666666666666668,25.0,1.0,219
uk,London,LU,7.5,station,121.3923574872907,103.37965625431306,946.4395870465169,0.0,31.666666666666668,25.0,1.0,219
uk,London,LU-soft,7.5,station,143.2340490507035,124.86350386290735,946.4395870465169,0.0,31.666666666666668,25.0,1.0,219
uk,London,Ref,7.5,station,35.02567403547837,0.0,946.4395870465169,0.0,31.666666666666668,25.0,1.0,219
uk,London,GNN-oof-42,7.5,station,124.23646793540736,105.57751234280246,946.4395870465169,0.0,31.666666666666668,25.0,1.0,219
uk,London,GNN-oof-123,7.5,station,94.69799763453445,75.91628430061778,946.4395870465169,0.0,31.666666666666668,25.0,1.0,219
uk,London,GNN-oof-456,7.5,station,119.31125844830396,100.55890479709349,946.4395870465169,0.0,31.666666666666668,25.0,1.0,219
uk,London,Uni,10.0,station,179.7951989116237,161.55650129146196,1453.3663530742242,0.0,49.96803652968037,44.0,1.0,219
uk,London,LU,10.0,station,128.32269263062963,108.12359898656744,1453.3663530742242,0.0,49.96803652968037,44.0,1.0,219
uk,London,LU-soft,10.0,station,150.1186702091561,130.55566902252156,1453.3663530742242,0.0,49.96803652968037,44.0,1.0,219
uk,London,Ref,10.0,station,36.77341060258319,0.0,1453.3663530742242,0.0,49.96803652968037,44.0,1.0,219
uk,London,GNN-oof-42,10.0,station,129.6682666653976,110.87191834794683,1453.3663530742242,0.0,49.96803652968037,44.0,1.0,219
uk,London,GNN-oof-123,10.0,station,97.49934344093026,77.84975602084545,1453.3663530742242,0.0,49.96803652968037,44.0,1.0,219
uk,London,GNN-oof-456,10.0,station,120.41228355615978,103.39547065089626,1453.3663530742242,0.0,49.96803652968037,44.0,1.0,219
uk,London,Uni,15.0,station,203.40268931393,183.14012673386028,2625.1450078813687,0.0,94.23287671232876,104.0,1.0,219
uk,London,LU,15.0,station,134.50828895752193,112.11904002202178,2625.1450078813687,0.0,94.23287671232876,104.0,1.0,219
uk,London,LU-soft,15.0,station,155.11251227832526,132.8696539896528,2625.1450078813687,0.0,94.23287671232876,104.0,1.0,219
uk,London,Ref,15.0,station,38.44167268722959,0.0,2625.1450078813687,0.0,94.23287671232876,104.0,1.0,219
uk,London,GNN-oof-42,15.0,station,140.3757040249032,119.82213757932472,2625.1450078813687,0.0,94.23287671232876,104.0,1.0,219
uk,London,GNN-oof-123,15.0,station,111.18166848935022,88.78307129484126,2625.1450078813687,0.0,94.23287671232876,104.0,1.0,219
uk,London,GNN-oof-456,15.0,station,123.70956861649776,104.59664438806993,2625.1450078813687,0.0,94.23287671232876,104.0,1.0,219
uk,London,Uni,20.0,station,205.0579488232078,184.49431846405065,3779.190546777766,0.0,140.91780821917808,146.0,1.0,219
uk,London,LU,20.0,station,134.0834876823193,112.99584272877993,3779.190546777766,0.0,140.91780821917808,146.0,1.0,219
uk,London,LU-soft,20.0,station,145.89411189982093,125.02790575246156,3779.190546777766,0.0,140.91780821917808,146.0,1.0,219
uk,London,Ref,20.0,station,34.40346005902493,0.0,3779.190546777766,0.0,140.91780821917808,146.0,1.0,219
uk,London,GNN-oof-42,20.0,station,138.54297258261045,117.27724110791902,3779.190546777766,0.0,140.91780821917808,146.0,1.0,219
uk,London,GNN-oof-123,20.0,station,114.56627805615142,92.05780092930662,3779.190546777766,0.0,140.91780821917808,146.0,1.0,219
uk,London,GNN-oof-456,20.0,station,122.78135800664296,100.47900603483592,3779.190546777766,0.0,140.91780821917808,146.0,1.0,219
uk,TLH2,Uni,1.0,station,11.160392502279889,0.8079554979608411,12.615539378579552,0.0,1.0212765957446808,1.0,1.0,94
uk,TLH2,LU,1.0,station,10.882146952474551,0.8069415690211726,12.615539378579552,0.0,1.0212765957446808,1.0,1.0,94
uk,TLH2,LU-soft,1.0,station,10.988760988074773,0.7971635830885149,12.615539378579552,0.0,1.0212765957446808,1.0,1.0,94
uk,TLH2,Ref,1.0,station,10.885830923150026,0.0,12.615539378579552,0.0,1.0212765957446808,1.0,1.0,94
uk,TLH2,GNN-oof-42,1.0,station,10.548299735187896,1.3076010088146002,12.615539378579552,0.0,1.0212765957446808,1.0,1.0,94
uk,TLH2,GNN-oof-123,1.0,station,10.629272661021375,1.4810719837291992,12.615539378579552,0.0,1.0212765957446808,1.0,1.0,94
uk,TLH2,GNN-oof-456,1.0,station,10.543760955016454,1.418995257009616,12.615539378579552,0.0,1.0212765957446808,1.0,1.0,94
uk,TLH2,Uni,2.0,station,8.167046779404117,2.987473767723871,13.741174272196572,0.0,1.127659574468085,1.0,1.0,94
uk,TLH2,LU,2.0,station,7.557049284742519,2.691340096664864,13.741174272196572,0.0,1.127659574468085,1.0,1.0,94
uk,TLH2,LU-soft,2.0,station,7.762740262925481,2.8159310127543256,13.741174272196572,0.0,1.127659574468085,1.0,1.0,94
uk,TLH2,Ref,2.0,station,7.132348289293933,0.0,13.741174272196572,0.0,1.127659574468085,1.0,1.0,94
uk,TLH2,GNN-oof-42,2.0,station,7.419345765484829,3.5680112681878575,13.741174272196572,0.0,1.127659574468085,1.0,1.0,94
uk,TLH2,GNN-oof-123,2.0,station,7.674553985759594,4.059746822290497,13.741174272196572,0.0,1.127659574468085,1.0,1.0,94
uk,TLH2,GNN-oof-456,2.0,station,7.467352923738113,3.665766310499297,13.741174272196572,0.0,1.127659574468085,1.0,1.0,94
uk,TLH2,Uni,3.0,station,9.126316962745424,5.718344373359588,18.58334258694634,0.0,1.4680851063829787,1.0,1.0,94
uk,TLH2,LU,3.0,station,8.223251069948327,4.736270093318557,18.58334258694634,0.0,1.4680851063829787,1.0,1.0,94
uk,TLH2,LU-soft,3.0,station,8.588980012251573,4.983074318896209,18.58334258694634,0.0,1.4680851063829787,1.0,1.0,94
uk,TLH2,Ref,3.0,station,6.963703662104097,0.0,18.58334258694634,0.0,1.4680851063829787,1.0,1.0,94
uk,TLH2,GNN-oof-42,3.0,station,8.279672440912378,5.393421048881583,18.58334258694634,0.0,1.4680851063829787,1.0,1.0,94
uk,TLH2,GNN-oof-123,3.0,station,8.769619023600969,6.089103290628386,18.58334258694634,0.0,1.4680851063829787,1.0,1.0,94
uk,TLH2,GNN-oof-456,3.0,station,8.263087765594086,5.563772882873252,18.58334258694634,0.0,1.4680851063829787,1.0,1.0,94
uk,TLH2,Uni,5.0,station,15.60174346261765,11.85478549006043,39.73064590169611,0.0,3.1914893617021276,3.0,1.0,94
uk,TLH2,LU,5.0,station,13.22585253724272,8.624774957002138,39.73064590169611,0.0,3.1914893617021276,3.0,1.0,94
uk,TLH2,LU-soft,5.0,station,13.181926505260778,9.42051551336086,39.73064590169611,0.0,3.1914893617021276,3.0,1.0,94
uk,TLH2,Ref,5.0,station,7.573137791867472,0.0,39.73064590169611,0.0,3.1914893617021276,3.0,1.0,94
uk,TLH2,GNN-oof-42,5.0,station,11.654017878570246,8.146434374601167,39.73064590169611,0.0,3.1914893617021276,3.0,1.0,94
uk,TLH2,GNN-oof-123,5.0,station,11.512824186790038,8.806836778676262,39.73064590169611,0.0,3.1914893617021276,3.0,1.0,94
uk,TLH2,GNN-oof-456,5.0,station,11.211611233442703,8.161439555281998,39.73064590169611,0.0,3.1914893617021276,3.0,1.0,94
uk,TLH2,Uni,7.5,station,22.344952090906286,20.22549585003971,78.4586615568714,0.0,6.361702127659575,6.0,1.0,94
uk,TLH2,LU,7.5,station,16.369868039511847,13.571305008591114,78.4586615568714,0.0,6.361702127659575,6.0,1.0,94
uk,TLH2,LU-soft,7.5,station,17.79877420185382,15.536965182949736,78.4586615568714,0.0,6.361702127659575,6.0,1.0,94
uk,TLH2,Ref,7.5,station,9.97766887703404,0.0,78.4586615568714,0.0,6.361702127659575,6.0,1.0,94
uk,TLH2,GNN-oof-42,7.5,station,14.882040240416131,11.283835656976187,78.4586615568714,0.0,6.361702127659575,6.0,1.0,94
uk,TLH2,GNN-oof-123,7.5,station,14.174291929529536,11.246833869460984,78.4586615568714,0.0,6.361702127659575,6.0,1.0,94
uk,TLH2,GNN-oof-456,7.5,station,13.926162296473128,10.612970460149596,78.4586615568714,0.0,6.361702127659575,6.0,1.0,94
uk,TLH2,Uni,10.0,station,34.5013813935156,29.68043596343728,128.46654891417438,0.0,10.553191489361701,11.0,1.0,94
uk,TLH2,LU,10.0,station,23.39355691386881,18.046914092477373,128.46654891417438,0.0,10.553191489361701,11.0,1.0,94
uk,TLH2,LU-soft,10.0,station,26.475867261714782,21.545479375951903,128.46654891417438,0.0,10.553191489361701,11.0,1.0,94
uk,TLH2,Ref,10.0,station,11.219376212862239,0.0,128.46654891417438,0.0,10.553191489361701,11.0,1.0,94
uk,TLH2,GNN-oof-42,10.0,station,18.465893448113302,16.206135688593594,128.46654891417438,0.0,10.553191489361701,11.0,1.0,94
uk,TLH2,GNN-oof-123,10.0,station,17.61567255894394,15.82578756889885,128.46654891417438,0.0,10.553191489361701,11.0,1.0,94
uk,TLH2,GNN-oof-456,10.0,station,17.23740582970081,14.911170853467432,128.46654891417438,0.0,10.553191489361701,11.0,1.0,94
uk,TLH2,Uni,15.0,station,54.56604245162734,49.793695221108116,262.2309097769972,0.0,21.70212765957447,23.0,1.0,94
uk,TLH2,LU,15.0,station,30.030669110291257,25.805517828321893,262.2309097769972,0.0,21.70212765957447,23.0,1.0,94
uk,TLH2,LU-soft,15.0,station,38.12471146470593,33.888852552725716,262.2309097769972,0.0,21.70212765957447,23.0,1.0,94
uk,TLH2,Ref,15.0,station,11.676411042233633,0.0,262.2309097769972,0.0,21.70212765957447,23.0,1.0,94
uk,TLH2,GNN-oof-42,15.0,station,22.515667423785985,19.996707029064744,262.2309097769972,0.0,21.70212765957447,23.0,1.0,94
uk,TLH2,GNN-oof-123,15.0,station,20.414161872714693,18.406664259428965,262.2309097769972,0.0,21.70212765957447,23.0,1.0,94
uk,TLH2,GNN-oof-456,15.0,station,21.052465652991604,18.38415786501349,262.2309097769972,0.0,21.70212765957447,23.0,1.0,94
uk,TLH2,Uni,20.0,station,74.47646651608223,69.11321502171943,416.3618323030745,0.0,34.51063829787234,35.5,1.0,94
uk,TLH2,LU,20.0,station,40.62452992625783,34.640300314364985,416.3618323030745,0.0,34.51063829787234,35.5,1.0,94
uk,TLH2,LU-soft,20.0,station,53.87374708494219,48.26054171415224,416.3618323030745,0.0,34.51063829787234,35.5,1.0,94
uk,TLH2,Ref,20.0,station,14.049987411311069,0.0,416.3618323030745,0.0,34.51063829787234,35.5,1.0,94
uk,TLH2,GNN-oof-42,20.0,station,21.903012423525816,19.453661516168896,416.3618323030745,0.0,34.51063829787234,35.5,1.0,94
uk,TLH2,GNN-oof-123,20.0,station,19.810583562804254,18.62012691974599,416.3618323030745,0.0,34.51063829787234,35.5,1.0,94
uk,TLH2,GNN-oof-456,20.0,station,20.943442615817695,19.35362634849507,416.3618323030745,0.0,34.51063829787234,35.5,1.0,94
uk,TLH3,Uni,1.0,station,10.429249027901927,0.7546957650106371,11.613773814432989,0.0,1.0,1.0,1.0,97
uk,TLH3,LU,1.0,station,10.263642648811222,0.7245430640223619,11.613773814432989,0.0,1.0,1.0,1.0,97
uk,TLH3,LU-soft,1.0,station,10.306275885871349,0.8010393845112335,11.613773814432989,0.0,1.0,1.0,1.0,97
uk,TLH3,Ref,1.0,station,10.080002943787743,0.0,11.613773814432989,0.0,1.0,1.0,1.0,97
uk,TLH3,GNN-oof-42,1.0,station,9.923522461016821,0.9889553459046099,11.613773814432989,0.0,1.0,1.0,1.0,97
uk,TLH3,GNN-oof-123,1.0,station,9.809273208633474,1.129862517500739,11.613773814432989,0.0,1.0,1.0,1.0,97
uk,TLH3,GNN-oof-456,1.0,station,9.777392781023654,1.2030791448152693,11.613773814432989,0.0,1.0,1.0,1.0,97
uk,TLH3,Uni,2.0,station,7.960405804240067,2.7811759611108537,12.47838113402062,0.0,1.0824742268041236,1.0,1.0,97
uk,TLH3,LU,2.0,station,7.627279205884944,2.310364709316567,12.47838113402062,0.0,1.0824742268041236,1.0,1.0,97
uk,TLH3,LU-soft,2.0,station,7.832399839548741,2.3668757237269866,12.47838113402062,0.0,1.0824742268041236,1.0,1.0,97
uk,TLH3,Ref,2.0,station,6.934004070731001,0.0,12.47838113402062,0.0,1.0824742268041236,1.0,1.0,97
uk,TLH3,GNN-oof-42,2.0,station,7.148667058632862,2.7668409247922305,12.47838113402062,0.0,1.0824742268041236,1.0,1.0,97
uk,TLH3,GNN-oof-123,2.0,station,7.354234298552616,3.1638694430604426,12.47838113402062,0.0,1.0824742268041236,1.0,1.0,97
uk,TLH3,GNN-oof-456,2.0,station,7.457140053858699,3.4033263352844183,12.47838113402062,0.0,1.0824742268041236,1.0,1.0,97
uk,TLH3,Uni,3.0,station,9.083051583971105,5.27897181021585,17.657201649484534,0.0,1.5154639175257731,1.0,1.0,97
uk,TLH3,LU,3.0,station,8.116667713295929,4.476543315307852,17.657201649484534,0.0,1.5154639175257731,1.0,1.0,97
uk,TLH3,LU-soft,3.0,station,8.59540245469979,4.610901155964647,17.657201649484534,0.0,1.5154639175257731,1.0,1.0,97
uk,TLH3,Ref,3.0,station,6.094233048889874,0.0,17.657201649484534,0.0,1.5154639175257731,1.0,1.0,97
uk,TLH3,GNN-oof-42,3.0,station,7.011683610849903,4.095954847224403,17.657201649484534,0.0,1.5154639175257731,1.0,1.0,97
uk,TLH3,GNN-oof-123,3.0,station,7.070496630197424,4.476507075401946,17.657201649484534,0.0,1.5154639175257731,1.0,1.0,97
uk,TLH3,GNN-oof-456,3.0,station,7.224010562400269,4.893093855784102,17.657201649484534,0.0,1.5154639175257731,1.0,1.0,97
uk,TLH3,Uni,5.0,station,14.432215981396446,10.348374672359519,32.67225154639175,0.0,2.8556701030927836,3.0,1.0,97
uk,TLH3,LU,5.0,station,13.3107474087992,9.053305468341728,32.67225154639175,0.0,2.8556701030927836,3.0,1.0,97
uk,TLH3,LU-soft,5.0,station,13.534662178833116,9.743410592402917,32.67225154639175,0.0,2.8556701030927836,3.0,1.0,97
uk,TLH3,Ref,5.0,station,6.978135178983634,0.0,32.67225154639175,0.0,2.8556701030927836,3.0,1.0,97
uk,TLH3,GNN-oof-42,5.0,station,9.927769595910329,6.510532206804912,32.67225154639175,0.0,2.8556701030927836,3.0,1.0,97
uk,TLH3,GNN-oof-123,5.0,station,10.210079056280307,7.837239833453748,32.67225154639175,0.0,2.8556701030927836,3.0,1.0,97
uk,TLH3,GNN-oof-456,5.0,station,10.53729029070766,8.208422935329086,32.67225154639175,0.0,2.8556701030927836,3.0,1.0,97
uk,TLH3,Uni,7.5,station,23.47389003036049,15.33614512890524,64.35080412371134,0.0,5.762886597938144,5.0,1.0,97
uk,TLH3,LU,7.5,station,21.412003600173446,13.220565599677506,64.35080412371134,0.0,5.762886597938144,5.0,1.0,97
uk,TLH3,LU-soft,7.5,station,23.001240889282588,14.901098680254533,64.35080412371134,0.0,5.762886597938144,5.0,1.0,97
uk,TLH3,Ref,7.5,station,11.272732488991528,0.0,64.35080412371134,0.0,5.762886597938144,5.0,1.0,97
uk,TLH3,GNN-oof-42,7.5,station,14.690529185782282,10.886872700438817,64.35080412371134,0.0,5.762886597938144,5.0,1.0,97
uk,TLH3,GNN-oof-123,7.5,station,14.743232261529924,12.390582931917246,64.35080412371134,0.0,5.762886597938144,5.0,1.0,97
uk,TLH3,GNN-oof-456,7.5,station,14.741536158676736,13.203543405684306,64.35080412371134,0.0,5.762886597938144,5.0,1.0,97
uk,TLH3,Uni,10.0,station,26.591684214195652,19.86602841711519,100.26649546391754,0.0,9.0,8.0,1.0,97
uk,TLH3,LU,10.0,station,23.089630478044516,16.488796536014288,100.26649546391754,0.0,9.0,8.0,1.0,97
uk,TLH3,LU-soft,10.0,station,26.835160554590054,19.566164604246495,100.26649546391754,0.0,9.0,8.0,1.0,97
uk,TLH3,Ref,10.0,station,10.81823527427665,0.0,100.26649546391754,0.0,9.0,8.0,1.0,97
uk,TLH3,GNN-oof-42,10.0,station,16.19789025192961,15.083152961946833,100.26649546391754,0.0,9.0,8.0,1.0,97
uk,TLH3,GNN-oof-123,10.0,station,17.219730053517956,16.484523874227694,100.26649546391754,0.0,9.0,8.0,1.0,97
uk,TLH3,GNN-oof-456,10.0,station,17.77619433404005,17.84445414327477,100.26649546391754,0.0,9.0,8.0,1.0,97
uk,TLH3,Uni,15.0,station,26.071729407993978,24.500764482482133,185.02752041237113,0.0,16.54639175257732,16.0,1.0,97
uk,TLH3,LU,15.0,station,22.41870648917962,20.68267642525177,185.02752041237113,0.0,16.54639175257732,16.0,1.0,97
uk,TLH3,LU-soft,15.0,station,26.95363915466397,25.13188948701917,185.02752041237113,0.0,16.54639175257732,16.0,1.0,97
uk,TLH3,Ref,15.0,station,9.953744577889818,0.0,185.02752041237113,0.0,16.54639175257732,16.0,1.0,97
uk,TLH3,GNN-oof-42,15.0,station,22.059883614180787,21.4646015319255,185.02752041237113,0.0,16.54639175257732,16.0,1.0,97
uk,TLH3,GNN-oof-123,15.0,station,19.96062239719906,18.93961200345419,185.02752041237113,0.0,16.54639175257732,16.0,1.0,97
uk,TLH3,GNN-oof-456,15.0,station,22.297767871278975,21.498965168472424,185.02752041237113,0.0,16.54639175257732,16.0,1.0,97
uk,TLH3,Uni,20.0,station,34.83473415448061,33.74472127336017,294.8442026804124,0.0,25.84536082474227,24.0,1.0,97
uk,TLH3,LU,20.0,station,29.590196925183474,26.59248071477569,294.8442026804124,0.0,25.84536082474227,24.0,1.0,97
uk,TLH3,LU-soft,20.0,station,36.21877752331057,32.326024935803815,294.8442026804124,0.0,25.84536082474227,24.0,1.0,97
uk,TLH3,Ref,20.0,station,12.390364444050288,0.0,294.8442026804124,0.0,25.84536082474227,24.0,1.0,97
uk,TLH3,GNN-oof-42,20.0,station,25.123930106545068,24.47449555637635,294.8442026804124,0.0,25.84536082474227,24.0,1.0,97
uk,TLH3,GNN-oof-123,20.0,station,22.254270666371273,21.63965350859966,294.8442026804124,0.0,25.84536082474227,24.0,1.0,97
uk,TLH3,GNN-oof-456,20.0,station,22.864053352675285,22.451923555014925,294.8442026804124,0.0,25.84536082474227,24.0,1.0,97
uk,TLJ1,Uni,1.0,station,13.40927221202969,2.2753782850206674,14.769981253231997,0.0,1.0522875816993464,1.0,0.9934640522875817,153
uk,TLJ1,LU,1.0,station,13.115487230528611,2.111172835336511,14.769981253231997,0.0,1.0522875816993464,1.0,0.9934640522875817,153
uk,TLJ1,LU-soft,1.0,station,12.249267176878975,2.0649473616585436,14.769981253231997,0.0,1.0522875816993464,1.0,0.9934640522875817,153
uk,TLJ1,Ref,1.0,station,11.778785796365597,0.0,14.769981253231997,0.0,1.0522875816993464,1.0,0.9934640522875817,153
uk,TLJ1,GNN-oof-42,1.0,station,10.651899313058392,2.8957015586703667,14.769981253231997,0.0,1.0522875816993464,1.0,0.9934640522875817,153
uk,TLJ1,GNN-oof-123,1.0,station,10.695803293007845,2.9616960777031176,14.769981253231997,0.0,1.0522875816993464,1.0,0.9934640522875817,153
uk,TLJ1,GNN-oof-456,1.0,station,11.04813938849818,2.508373923633782,14.769981253231997,0.0,1.0522875816993464,1.0,0.9934640522875817,153
uk,TLJ1,Uni,2.0,station,17.475409416587723,8.622309139299396,22.409050253961066,0.0,1.457516339869281,1.0,0.9934640522875817,153
uk,TLJ1,LU,2.0,station,16.672675783314713,7.941897667026023,22.409050253961066,0.0,1.457516339869281,1.0,0.9934640522875817,153
uk,TLJ1,LU-soft,2.0,station,14.714912596005853,6.793038161384938,22.409050253961066,0.0,1.457516339869281,1.0,0.9934640522875817,153
uk,TLJ1,Ref,2.0,station,11.561157244212398,0.0,22.409050253961066,0.0,1.457516339869281,1.0,0.9934640522875817,153
uk,TLJ1,GNN-oof-42,2.0,station,12.019063124912158,6.742003618083354,22.409050253961066,0.0,1.457516339869281,1.0,0.9934640522875817,153
uk,TLJ1,GNN-oof-123,2.0,station,12.143447193835826,7.0945979989377745,22.409050253961066,0.0,1.457516339869281,1.0,0.9934640522875817,153
uk,TLJ1,GNN-oof-456,2.0,station,12.386488268458569,6.404514983365734,22.409050253961066,0.0,1.457516339869281,1.0,0.9934640522875817,153
uk,TLJ1,Uni,3.0,station,25.556154392455877,16.845240693770037,35.0158934530616,0.0,2.176470588235294,2.0,0.9934640522875817,153
uk,TLJ1,LU,3.0,station,23.95139559200706,15.390052190333849,35.0158934530616,0.0,2.176470588235294,2.0,0.9934640522875817,153
uk,TLJ1,LU-soft,3.0,station,19.652101418419978,11.923861351933224,35.0158934530616,0.0,2.176470588235294,2.0,0.9934640522875817,153
uk,TLJ1,Ref,3.0,station,11.247416819937163,0.0,35.0158934530616,0.0,2.176470588235294,2.0,0.9934640522875817,153
uk,TLJ1,GNN-oof-42,3.0,station,15.594218140578228,9.939441631958115,35.0158934530616,0.0,2.176470588235294,2.0,0.9934640522875817,153
uk,TLJ1,GNN-oof-123,3.0,station,15.85360210981918,10.567439542211488,35.0158934530616,0.0,2.176470588235294,2.0,0.9934640522875817,153
uk,TLJ1,GNN-oof-456,3.0,station,16.654567892573745,10.067637761366782,35.0158934530616,0.0,2.176470588235294,2.0,0.9934640522875817,153
uk,TLJ1,Uni,5.0,station,42.89257825208615,34.20237295308308,63.176943333662955,0.0,3.888888888888889,3.0,1.0,153
uk,TLJ1,LU,5.0,station,40.362089002861126,31.363262292190093,63.176943333662955,0.0,3.888888888888889,3.0,1.0,153
uk,TLJ1,LU-soft,5.0,station,30.413460649607956,22.53313747049268,63.176943333662955,0.0,3.888888888888889,3.0,1.0,153
uk,TLJ1,Ref,5.0,station,12.640446204566071,0.0,63.176943333662955,0.0,3.888888888888889,3.0,1.0,153
uk,TLJ1,GNN-oof-42,5.0,station,20.55152116561165,15.860650688595872,63.176943333662955,0.0,3.888888888888889,3.0,1.0,153
uk,TLJ1,GNN-oof-123,5.0,station,19.787408688431352,17.17299662874423,63.176943333662955,0.0,3.888888888888889,3.0,1.0,153
uk,TLJ1,GNN-oof-456,5.0,station,23.86728140875305,18.8489592639953,63.176943333662955,0.0,3.888888888888889,3.0,1.0,153
uk,TLJ1,Uni,7.5,station,61.60539967502937,51.26664176312637,109.93230768964395,0.0,6.973856209150327,6.0,1.0,153
uk,TLJ1,LU,7.5,station,57.59539422569197,47.77301544281808,109.93230768964395,0.0,6.973856209150327,6.0,1.0,153
uk,TLJ1,LU-soft,7.5,station,40.73570143114044,32.80359359057157,109.93230768964395,0.0,6.973856209150327,6.0,1.0,153
uk,TLJ1,Ref,7.5,station,16.04990844419478,0.0,109.93230768964395,0.0,6.973856209150327,6.0,1.0,153
uk,TLJ1,GNN-oof-42,7.5,station,28.789199280813616,23.67840922030972,109.93230768964395,0.0,6.973856209150327,6.0,1.0,153
uk,TLJ1,GNN-oof-123,7.5,station,29.170279424782553,25.30785476528299,109.93230768964395,0.0,6.973856209150327,6.0,1.0,153
uk,TLJ1,GNN-oof-456,7.5,station,33.2258095583313,29.151649514877313,109.93230768964395,0.0,6.973856209150327,6.0,1.0,153
uk,TLJ1,Uni,10.0,station,70.1781136133178,64.1393652640462,156.37212757204477,0.0,10.281045751633988,10.0,1.0,153
uk,TLJ1,LU,10.0,station,67.6447969135423,61.54650443337352,156.37212757204477,0.0,10.281045751633988,10.0,1.0,153
uk,TLJ1,LU-soft,10.0,station,46.307584837377576,41.36226163296315,156.37212757204477,0.0,10.281045751633988,10.0,1.0,153
uk,TLJ1,Ref,10.0,station,13.142606444706766,0.0,156.37212757204477,0.0,10.281045751633988,10.0,1.0,153
uk,TLJ1,GNN-oof-42,10.0,station,29.42215646008924,27.476351838674216,156.37212757204477,0.0,10.281045751633988,10.0,1.0,153
uk,TLJ1,GNN-oof-123,10.0,station,29.898276323724975,29.460675021901633,156.37212757204477,0.0,10.281045751633988,10.0,1.0,153
uk,TLJ1,GNN-oof-456,10.0,station,40.396469208885854,38.667105357226085,156.37212757204477,0.0,10.281045751633988,10.0,1.0,153
uk,TLJ1,Uni,15.0,station,98.92301485523838,92.54327703860105,278.603270298719,0.0,18.947712418300654,19.0,1.0,153
uk,TLJ1,LU,15.0,station,97.22913559827998,91.14400824102674,278.603270298719,0.0,18.947712418300654,19.0,1.0,153
uk,TLJ1,LU-soft,15.0,station,63.655783573575604,55.345780668832106,278.603270298719,0.0,18.947712418300654,19.0,1.0,153
uk,TLJ1,Ref,15.0,station,14.49471919581782,0.0,278.603270298719,0.0,18.947712418300654,19.0,1.0,153
uk,TLJ1,GNN-oof-42,15.0,station,42.12504093955864,34.71795717760614,278.603270298719,0.0,18.947712418300654,19.0,1.0,153
uk,TLJ1,GNN-oof-123,15.0,station,39.896014458115836,32.098965582898884,278.603270298719,0.0,18.947712418300654,19.0,1.0,153
uk,TLJ1,GNN-oof-456,15.0,station,63.132156398333535,57.412541176139214,278.603270298719,0.0,18.947712418300654,19.0,1.0,153
uk,TLJ1,Uni,20.0,station,128.18637229068057,120.9482606464209,418.87724947402705,0.0,28.80392156862745,30.0,1.0,153
uk,TLJ1,LU,20.0,station,125.86637738721383,119.6360876073458,418.87724947402705,0.0,28.80392156862745,30.0,1.0,153
uk,TLJ1,LU-soft,20.0,station,75.81711953650552,68.2922063709341,418.87724947402705,0.0,28.80392156862745,30.0,1.0,153
uk,TLJ1,Ref,20.0,station,15.925762790990818,0.0,418.87724947402705,0.0,28.80392156862745,30.0,1.0,153
uk,TLJ1,GNN-oof-42,20.0,station,48.58204485456297,43.32330890874235,418.87724947402705,0.0,28.80392156862745,30.0,1.0,153
uk,TLJ1,GNN-oof-123,20.0,station,46.53301418238321,40.58917369315353,418.87724947402705,0.0,28.80392156862745,30.0,1.0,153
uk,TLJ1,GNN-oof-456,20.0,station,81.79192574702813,76.9212486227052,418.87724947402705,0.0,28.80392156862745,30.0,1.0,153
uk,TLF1,Uni,1.0,station,12.687486652304367,2.221484392049989,15.090973259604766,0.0,1.0444444444444445,1.0,1.0,135
uk,TLF1,LU,1.0,station,12.639187257796053,2.259864710491647,15.090973259604766,0.0,1.0444444444444445,1.0,1.0,135
uk,TLF1,LU-soft,1.0,station,12.154069817777094,2.355781820455518,15.090973259604766,0.0,1.0444444444444445,1.0,1.0,135
uk,TLF1,Ref,1.0,station,11.67901174202715,0.0,15.090973259604766,0.0,1.0444444444444445,1.0,1.0,135
uk,TLF1,GNN-oof-42,1.0,station,11.056768987200892,3.029320808828009,15.090973259604766,0.0,1.0444444444444445,1.0,1.0,135
uk,TLF1,GNN-oof-123,1.0,station,10.886429880562762,3.2506027701155484,15.090973259604766,0.0,1.0444444444444445,1.0,1.0,135
uk,TLF1,GNN-oof-456,1.0,station,11.095742101504905,3.0678745223513033,15.090973259604766,0.0,1.0444444444444445,1.0,1.0,135
uk,TLF1,Uni,2.0,station,14.68095591113472,7.355215525871047,22.60733755884816,0.0,1.4296296296296296,1.0,1.0,135
uk,TLF1,LU,2.0,station,14.51448354012583,7.335274414030552,22.60733755884816,0.0,1.4296296296296296,1.0,1.0,135
uk,TLF1,LU-soft,2.0,station,13.461980919049376,7.261167320968909,22.60733755884816,0.0,1.4296296296296296,1.0,1.0,135
uk,TLF1,Ref,2.0,station,10.35467098034142,0.0,22.60733755884816,0.0,1.4296296296296296,1.0,1.0,135
uk,TLF1,GNN-oof-42,2.0,station,10.355678793269275,6.271046302178031,22.60733755884816,0.0,1.4296296296296296,1.0,1.0,135
uk,TLF1,GNN-oof-123,2.0,station,10.123724890659771,6.739519103031323,22.60733755884816,0.0,1.4296296296296296,1.0,1.0,135
uk,TLF1,GNN-oof-456,2.0,station,10.423030105238444,6.228083024749594,22.60733755884816,0.0,1.4296296296296296,1.0,1.0,135
uk,TLF1,Uni,3.0,station,19.634754265657744,12.921598680666705,35.57527911294156,0.0,2.140740740740741,2.0,1.0,135
uk,TLF1,LU,3.0,station,19.311364011450987,12.95136228015989,35.57527911294156,0.0,2.140740740740741,2.0,1.0,135
uk,TLF1,LU-soft,3.0,station,18.404885840193675,12.55005038164354,35.57527911294156,0.0,2.140740740740741,2.0,1.0,135
uk,TLF1,Ref,3.0,station,10.628254235590683,0.0,35.57527911294156,0.0,2.140740740740741,2.0,1.0,135
uk,TLF1,GNN-oof-42,3.0,station,12.592777906188514,9.394288239309528,35.57527911294156,0.0,2.140740740740741,2.0,1.0,135
uk,TLF1,GNN-oof-123,3.0,station,11.949663545111418,9.222123462558296,35.57527911294156,0.0,2.140740740740741,2.0,1.0,135
uk,TLF1,GNN-oof-456,3.0,station,12.35981910490267,9.200879844951073,35.57527911294156,0.0,2.140740740740741,2.0,1.0,135
uk,TLF1,Uni,5.0,station,30.514531435159107,24.68754187769467,71.01854001427257,0.0,4.155555555555556,3.0,1.0,135
uk,TLF1,LU,5.0,station,30.542864514779286,24.79849831490433,71.01854001427257,0.0,4.155555555555556,3.0,1.0,135
uk,TLF1,LU-soft,5.0,station,28.844042937503758,23.79266853719372,71.01854001427257,0.0,4.155555555555556,3.0,1.0,135
uk,TLF1,Ref,5.0,station,13.879879780565686,0.0,71.01854001427257,0.0,4.155555555555556,3.0,1.0,135
uk,TLF1,GNN-oof-42,5.0,station,19.514872395171178,15.747777004518618,71.01854001427257,0.0,4.155555555555556,3.0,1.0,135
uk,TLF1,GNN-oof-123,5.0,station,17.15705494554029,13.85721689541241,71.01854001427257,0.0,4.155555555555556,3.0,1.0,135
uk,TLF1,GNN-oof-456,5.0,station,18.223038042228062,14.859052360772928,71.01854001427257,0.0,4.155555555555556,3.0,1.0,135
uk,TLF1,Uni,7.5,station,45.469567180888625,38.8774147759534,130.7791054201203,0.0,7.992592592592593,7.0,1.0,135
uk,TLF1,LU,7.5,station,45.189719137426636,38.61593990514329,130.7791054201203,0.0,7.992592592592593,7.0,1.0,135
uk,TLF1,LU-soft,7.5,station,41.88605293055866,35.669197788046425,130.7791054201203,0.0,7.992592592592593,7.0,1.0,135
uk,TLF1,Ref,7.5,station,14.095116617420684,0.0,130.7791054201203,0.0,7.992592592592593,7.0,1.0,135
uk,TLF1,GNN-oof-42,7.5,station,28.133295686365177,21.96420139427114,130.7791054201203,0.0,7.992592592592593,7.0,1.0,135
uk,TLF1,GNN-oof-123,7.5,station,22.178616343249107,16.649237615102095,130.7791054201203,0.0,7.992592592592593,7.0,1.0,135
uk,TLF1,GNN-oof-456,7.5,station,24.2556579018218,18.739568285852485,130.7791054201203,0.0,7.992592592592593,7.0,1.0,135
uk,TLF1,Uni,10.0,station,61.63660626890944,54.905981526260874,197.12313919081575,0.0,12.481481481481481,12.0,1.0,135
uk,TLF1,LU,10.0,station,62.05350732529307,55.273856229622545,197.12313919081575,0.0,12.481481481481481,12.0,1.0,135
uk,TLF1,LU-soft,10.0,station,55.2037640819179,49.634396349991974,197.12313919081575,0.0,12.481481481481481,12.0,1.0,135
uk,TLF1,Ref,10.0,station,16.13723887496116,0.0,197.12313919081575,0.0,12.481481481481481,12.0,1.0,135
uk,TLF1,GNN-oof-42,10.0,station,35.339783890264954,29.80748357554934,197.12313919081575,0.0,12.481481481481481,12.0,1.0,135
uk,TLF1,GNN-oof-123,10.0,station,26.013896778633516,19.705954110396203,197.12313919081575,0.0,12.481481481481481,12.0,1.0,135
uk,TLF1,GNN-oof-456,10.0,station,29.42217043152861,23.156421610121335,197.12313919081575,0.0,12.481481481481481,12.0,1.0,135
uk,TLF1,Uni,15.0,station,101.17241610515644,94.16323321642984,369.0081307906748,0.0,24.022222222222222,24.0,1.0,135
uk,TLF1,LU,15.0,station,100.94844823058634,94.21193938375174,369.0081307906748,0.0,24.022222222222222,24.0,1.0,135
uk,TLF1,LU-soft,15.0,station,84.93659427437562,78.83950736206215,369.0081307906748,0.0,24.022222222222222,24.0,1.0,135
uk,TLF1,Ref,15.0,station,17.358200611047824,0.0,369.0081307906748,0.0,24.022222222222222,24.0,1.0,135
uk,TLF1,GNN-oof-42,15.0,station,51.7602277039531,45.516818515303505,369.0081307906748,0.0,24.022222222222222,24.0,1.0,135
uk,TLF1,GNN-oof-123,15.0,station,39.68847762544244,32.86962015285061,369.0081307906748,0.0,24.022222222222222,24.0,1.0,135
uk,TLF1,GNN-oof-456,15.0,station,46.74985951300359,39.989716665905576,369.0081307906748,0.0,24.022222222222222,24.0,1.0,135
uk,TLF1,Uni,20.0,station,132.32823661878268,127.70328986550761,575.404833883992,0.0,38.03703703703704,40.0,1.0,135
uk,TLF1,LU,20.0,station,132.30440657296387,127.50566257690635,575.404833883992,0.0,38.03703703703704,40.0,1.0,135
uk,TLF1,LU-soft,20.0,station,108.66129602617718,104.29103615032191,575.404833883992,0.0,38.03703703703704,40.0,1.0,135
uk,TLF1,Ref,20.0,station,18.241873818942892,0.0,575.404833883992,0.0,38.03703703703704,40.0,1.0,135
uk,TLF1,GNN-oof-42,20.0,station,62.34856271017789,57.47074091714937,575.404833883992,0.0,38.03703703703704,40.0,1.0,135
uk,TLF1,GNN-oof-123,20.0,station,48.923348832865685,43.638098452914036,575.404833883992,0.0,38.03703703703704,40.0,1.0,135
uk,TLF1,GNN-oof-456,20.0,station,60.05117269243162,54.39541081267329,575.404833883992,0.0,38.03703703703704,40.0,1.0,135
uk,TLF2,Uni,1.0,station,14.164799450801985,3.332028044982411,16.862761904761907,0.0,1.1142857142857143,1.0,1.0,105
uk,TLF2,LU,1.0,station,14.21384397682355,3.383531234040716,16.862761904761907,0.0,1.1142857142857143,1.0,1.0,105
uk,TLF2,LU-soft,1.0,station,13.884115448132532,3.4761886932287287,16.862761904761907,0.0,1.1142857142857143,1.0,1.0,105
uk,TLF2,Ref,1.0,station,12.757340094579591,0.0,16.862761904761907,0.0,1.1142857142857143,1.0,1.0,105
uk,TLF2,GNN-oof-42,1.0,station,11.983417850250998,3.2256990774149603,16.862761904761907,0.0,1.1142857142857143,1.0,1.0,105
uk,TLF2,GNN-oof-123,1.0,station,12.119721670358208,2.691029202913702,16.862761904761907,0.0,1.1142857142857143,1.0,1.0,105
uk,TLF2,GNN-oof-456,1.0,station,11.99645005027735,3.067192210492181,16.862761904761907,0.0,1.1142857142857143,1.0,1.0,105
uk,TLF2,Uni,2.0,station,17.944367851490263,8.782202032917985,27.296571428571426,0.0,1.6666666666666667,1.0,1.0,105
uk,TLF2,LU,2.0,station,17.898720487141464,8.813440010236656,27.296571428571426,0.0,1.6666666666666667,1.0,1.0,105
uk,TLF2,LU-soft,2.0,station,17.12121023585433,8.710926482731697,27.296571428571426,0.0,1.6666666666666667,1.0,1.0,105
uk,TLF2,Ref,2.0,station,12.839798830347869,0.0,27.296571428571426,0.0,1.6666666666666667,1.0,1.0,105
uk,TLF2,GNN-oof-42,2.0,station,12.691612709342783,6.270004333797329,27.296571428571426,0.0,1.6666666666666667,1.0,1.0,105
uk,TLF2,GNN-oof-123,2.0,station,12.465131271948193,5.292411906777477,27.296571428571426,0.0,1.6666666666666667,1.0,1.0,105
uk,TLF2,GNN-oof-456,2.0,station,12.725697538787372,5.98151048556862,27.296571428571426,0.0,1.6666666666666667,1.0,1.0,105
uk,TLF2,Uni,3.0,station,25.65837361057568,13.127023908886875,44.17676190476191,0.0,2.5619047619047617,2.0,1.0,105
uk,TLF2,LU,3.0,station,25.818540560807037,13.06867322311171,44.17676190476191,0.0,2.5619047619047617,2.0,1.0,105
uk,TLF2,LU-soft,3.0,station,24.389883411089613,12.289157815202092,44.17676190476191,0.0,2.5619047619047617,2.0,1.0,105
uk,TLF2,Ref,3.0,station,15.377519188133437,0.0,44.17676190476191,0.0,2.5619047619047617,2.0,1.0,105
uk,TLF2,GNN-oof-42,3.0,station,16.202701537702655,9.002766540047217,44.17676190476191,0.0,2.5619047619047617,2.0,1.0,105
uk,TLF2,GNN-oof-123,3.0,station,16.442433604889434,9.21183695112257,44.17676190476191,0.0,2.5619047619047617,2.0,1.0,105
uk,TLF2,GNN-oof-456,3.0,station,16.233824989635696,9.435595661445424,44.17676190476191,0.0,2.5619047619047617,2.0,1.0,105
uk,TLF2,Uni,5.0,station,35.58320846719683,23.266250636110378,82.14809523809524,0.0,4.6761904761904765,3.0,1.0,105
uk,TLF2,LU,5.0,station,35.822873533646494,24.13736595202317,82.14809523809524,0.0,4.6761904761904765,3.0,1.0,105
uk,TLF2,LU-soft,5.0,station,33.422747807066806,22.95345657075495,82.14809523809524,0.0,4.6761904761904765,3.0,1.0,105
uk,TLF2,Ref,5.0,station,19.20729194410834,0.0,82.14809523809524,0.0,4.6761904761904765,3.0,1.0,105
uk,TLF2,GNN-oof-42,5.0,station,20.151611035131005,13.762840370028714,82.14809523809524,0.0,4.6761904761904765,3.0,1.0,105
uk,TLF2,GNN-oof-123,5.0,station,20.9793421771827,16.270357559961575,82.14809523809524,0.0,4.6761904761904765,3.0,1.0,105
uk,TLF2,GNN-oof-456,5.0,station,20.14377582974001,14.958359700825486,82.14809523809524,0.0,4.6761904761904765,3.0,1.0,105
uk,TLF2,Uni,7.5,station,40.01253653901807,31.78376896903874,122.7814285714286,0.0,7.247619047619048,5.0,1.0,105
uk,TLF2,LU,7.5,station,41.08423387488394,32.03855026916453,122.7814285714286,0.0,7.247619047619048,5.0,1.0,105
uk,TLF2,LU-soft,7.5,station,41.64627766798241,33.197958074650536,122.7814285714286,0.0,7.247619047619048,5.0,1.0,105
uk,TLF2,Ref,7.5,station,17.23648160828389,0.0,122.7814285714286,0.0,7.247619047619048,5.0,1.0,105
uk,TLF2,GNN-oof-42,7.5,station,24.879594182103855,21.29822265906535,122.7814285714286,0.0,7.247619047619048,5.0,1.0,105
uk,TLF2,GNN-oof-123,7.5,station,27.09835952379832,25.013198868138755,122.7814285714286,0.0,7.247619047619048,5.0,1.0,105
uk,TLF2,GNN-oof-456,7.5,station,25.15040229042673,22.947784828331628,122.7814285714286,0.0,7.247619047619048,5.0,1.0,105
uk,TLF2,Uni,10.0,station,49.257848757115255,41.388421299400925,163.63685714285717,0.0,9.933333333333334,8.0,1.0,105
uk,TLF2,LU,10.0,station,50.04844057037598,42.376752074626424,163.63685714285717,0.0,9.933333333333334,8.0,1.0,105
uk,TLF2,LU-soft,10.0,station,52.79671043253603,44.94200425397245,163.63685714285717,0.0,9.933333333333334,8.0,1.0,105
uk,TLF2,Ref,10.0,station,14.423160126919527,0.0,163.63685714285717,0.0,9.933333333333334,8.0,1.0,105
uk,TLF2,GNN-oof-42,10.0,station,25.72311432043135,24.80183732340454,163.63685714285717,0.0,9.933333333333334,8.0,1.0,105
uk,TLF2,GNN-oof-123,10.0,station,27.853206354404904,28.865450524939043,163.63685714285717,0.0,9.933333333333334,8.0,1.0,105
uk,TLF2,GNN-oof-456,10.0,station,26.145353439649433,27.326583877215814,163.63685714285717,0.0,9.933333333333334,8.0,1.0,105
uk,TLF2,Uni,15.0,station,62.581550043380616,55.737047347034334,260.322,0.0,16.485714285714284,17.0,1.0,105
uk,TLF2,LU,15.0,station,65.30569161124637,58.34845407322598,260.322,0.0,16.485714285714284,17.0,1.0,105
uk,TLF2,LU-soft,15.0,station,70.75743001385916,65.40777990686652,260.322,0.0,16.485714285714284,17.0,1.0,105
uk,TLF2,Ref,15.0,station,15.058107817652406,0.0,260.322,0.0,16.485714285714284,17.0,1.0,105
uk,TLF2,GNN-oof-42,15.0,station,33.658914646381554,29.766382639286824,260.322,0.0,16.485714285714284,17.0,1.0,105
uk,TLF2,GNN-oof-123,15.0,station,33.82744487251636,28.59945055893713,260.322,0.0,16.485714285714284,17.0,1.0,105
uk,TLF2,GNN-oof-456,15.0,station,32.339623098425626,27.296503273792148,260.322,0.0,16.485714285714284,17.0,1.0,105
uk,TLF2,Uni,20.0,station,78.3405743546144,70.60707949185601,390.6586666666667,0.0,25.095238095238095,27.0,1.0,105
uk,TLF2,LU,20.0,station,81.08073920200806,73.48620582428241,390.6586666666667,0.0,25.095238095238095,27.0,1.0,105
uk,TLF2,LU-soft,20.0,station,86.86234654797921,79.02553865100975,390.6586666666667,0.0,25.095238095238095,27.0,1.0,105
uk,TLF2,Ref,20.0,station,16.539831863897856,0.0,390.6586666666667,0.0,25.095238095238095,27.0,1.0,105
uk,TLF2,GNN-oof-42,20.0,station,43.143072495965946,36.06042734823178,390.6586666666667,0.0,25.095238095238095,27.0,1.0,105
uk,TLF2,GNN-oof-123,20.0,station,40.422390022038705,34.1138589044819,390.6586666666667,0.0,25.095238095238095,27.0,1.0,105
uk,TLF2,GNN-oof-456,20.0,station,40.90555309140464,33.64544795259441,390.6586666666667,0.0,25.095238095238095,27.0,1.0,105
uk,TLC1,Uni,1.0,station,16.026963401755335,1.1582288774931737,17.113883339843753,0.0,1.08,1.0,0.96,50
uk,TLC1,LU,1.0,station,15.874241834405241,1.1894725282130674,17.113883339843753,0.0,1.08,1.0,0.96,50
uk,TLC1,LU-soft,1.0,station,15.396687847280068,1.1543188540810077,17.113883339843753,0.0,1.08,1.0,0.96,50
uk,TLC1,Ref,1.0,station,15.193545964842086,0.0,17.113883339843753,0.0,1.08,1.0,0.96,50
uk,TLC1,GNN-oof-42,1.0,station,13.4013765050419,2.7493505156144766,17.113883339843753,0.0,1.08,1.0,0.96,50
uk,TLC1,GNN-oof-123,1.0,station,13.521277491499099,2.6042386496944046,17.113883339843753,0.0,1.08,1.0,0.96,50
uk,TLC1,GNN-oof-456,1.0,station,13.849066331236306,2.172575799495711,17.113883339843753,0.0,1.08,1.0,0.96,50
uk,TLC1,Uni,2.0,station,15.892472371667488,4.172691653989688,20.32097173828125,0.0,1.36,1.0,0.98,50
uk,TLC1,LU,2.0,station,15.441413531063313,4.265397953245819,20.32097173828125,0.0,1.36,1.0,0.98,50
uk,TLC1,LU-soft,2.0,station,13.6508513567502,3.2632774005687537,20.32097173828125,0.0,1.36,1.0,0.98,50
uk,TLC1,Ref,2.0,station,13.070211441223138,0.0,20.32097173828125,0.0,1.36,1.0,0.98,50
uk,TLC1,GNN-oof-42,2.0,station,12.15097932141507,7.216325616104148,20.32097173828125,0.0,1.36,1.0,0.98,50
uk,TLC1,GNN-oof-123,2.0,station,11.766838991525367,6.760548149170108,20.32097173828125,0.0,1.36,1.0,0.98,50
uk,TLC1,GNN-oof-456,2.0,station,12.070104613443272,5.701978400824027,20.32097173828125,0.0,1.36,1.0,0.98,50
uk,TLC1,Uni,3.0,station,21.92164179779375,8.161908955685524,31.516654765625002,0.0,2.16,2.0,1.0,50
uk,TLC1,LU,3.0,station,21.332239886366043,7.966930314199951,31.516654765625002,0.0,2.16,2.0,1.0,50
uk,TLC1,LU-soft,3.0,station,18.522842058230502,5.280385352813646,31.516654765625002,0.0,2.16,2.0,1.0,50
uk,TLC1,Ref,3.0,station,15.7745435115831,0.0,31.516654765625002,0.0,2.16,2.0,1.0,50
uk,TLC1,GNN-oof-42,3.0,station,13.568312487387992,10.721578563177921,31.516654765625002,0.0,2.16,2.0,1.0,50
uk,TLC1,GNN-oof-123,3.0,station,13.548246785004016,9.835582744678053,31.516654765625002,0.0,2.16,2.0,1.0,50
uk,TLC1,GNN-oof-456,3.0,station,14.202182868915532,8.48539696130958,31.516654765625002,0.0,2.16,2.0,1.0,50
uk,TLC1,Uni,5.0,station,28.9645661348624,17.0112407930092,53.069715332031244,0.0,3.44,3.0,1.0,50
uk,TLC1,LU,5.0,station,27.87791584710031,16.025165183780615,53.069715332031244,0.0,3.44,3.0,1.0,50
uk,TLC1,LU-soft,5.0,station,23.132124898916416,11.150281306994145,53.069715332031244,0.0,3.44,3.0,1.0,50
uk,TLC1,Ref,5.0,station,15.769565873380737,0.0,53.069715332031244,0.0,3.44,3.0,1.0,50
uk,TLC1,GNN-oof-42,5.0,station,17.485874645121193,17.133060880467365,53.069715332031244,0.0,3.44,3.0,1.0,50
uk,TLC1,GNN-oof-123,5.0,station,19.32109883554355,15.341889023435513,53.069715332031244,0.0,3.44,3.0,1.0,50
uk,TLC1,GNN-oof-456,5.0,station,19.61479173984757,13.656529270608974,53.069715332031244,0.0,3.44,3.0,1.0,50
uk,TLC1,Uni,7.5,station,35.59715059986123,25.767830825739928,85.74265218749998,0.0,5.4,5.0,1.0,50
uk,TLC1,LU,7.5,station,34.03820963576242,24.301880890994326,85.74265218749998,0.0,5.4,5.0,1.0,50
uk,TLC1,LU-soft,7.5,station,25.152692233095685,17.6153165070116,85.74265218749998,0.0,5.4,5.0,1.0,50
uk,TLC1,Ref,7.5,station,15.025145809345501,0.0,85.74265218749998,0.0,5.4,5.0,1.0,50
uk,TLC1,GNN-oof-42,7.5,station,23.759035497048025,24.45487639377417,85.74265218749998,0.0,5.4,5.0,1.0,50
uk,TLC1,GNN-oof-123,7.5,station,19.949210731029627,22.068459316044123,85.74265218749998,0.0,5.4,5.0,1.0,50
uk,TLC1,GNN-oof-456,7.5,station,19.956100380826577,18.542703368501137,85.74265218749998,0.0,5.4,5.0,1.0,50
uk,TLC1,Uni,10.0,station,42.01760567326559,32.865569655967285,129.21769515625002,0.0,8.08,8.0,1.0,50
uk,TLC1,LU,10.0,station,42.30120124172293,32.64674590265774,129.21769515625002,0.0,8.08,8.0,1.0,50
uk,TLC1,LU-soft,10.0,station,29.024822324046816,23.618179708453923,129.21769515625002,0.0,8.08,8.0,1.0,50
uk,TLC1,Ref,10.0,station,14.039295934778403,0.0,129.21769515625002,0.0,8.08,8.0,1.0,50
uk,TLC1,GNN-oof-42,10.0,station,25.087713125935494,26.066837856063472,129.21769515625002,0.0,8.08,8.0,1.0,50
uk,TLC1,GNN-oof-123,10.0,station,24.94361672331067,26.489973436669178,129.21769515625002,0.0,8.08,8.0,1.0,50
uk,TLC1,GNN-oof-456,10.0,station,23.335694891452253,21.65447100681964,129.21769515625002,0.0,8.08,8.0,1.0,50
uk,TLC1,Uni,15.0,station,58.15151849670718,50.192025257358935,222.23549968749998,0.0,13.4,14.0,1.0,50
uk,TLC1,LU,15.0,station,61.457177180063155,54.13498714505438,222.23549968749998,0.0,13.4,14.0,1.0,50
uk,TLC1,LU-soft,15.0,station,46.16326103790348,38.70966574961194,222.23549968749998,0.0,13.4,14.0,1.0,50
uk,TLC1,Ref,15.0,station,16.024095892746747,0.0,222.23549968749998,0.0,13.4,14.0,1.0,50
uk,TLC1,GNN-oof-42,15.0,station,32.40734447665059,29.64268989674724,222.23549968749998,0.0,13.4,14.0,1.0,50
uk,TLC1,GNN-oof-123,15.0,station,30.990424930078348,26.98210591560118,222.23549968749998,0.0,13.4,14.0,1.0,50
uk,TLC1,GNN-oof-456,15.0,station,33.12473771913709,29.011272285959354,222.23549968749998,0.0,13.4,14.0,1.0,50
uk,TLC1,Uni,20.0,station,84.8911107292287,67.59608572261415,347.52542505859367,0.0,21.2,22.0,1.0,50
uk,TLC1,LU,20.0,station,90.96699318124332,74.72940136861037,347.52542505859367,0.0,21.2,22.0,1.0,50
uk,TLC1,LU-soft,20.0,station,60.70888270050148,47.50452322903301,347.52542505859367,0.0,21.2,22.0,1.0,50
uk,TLC1,Ref,20.0,station,20.44327487570177,0.0,347.52542505859367,0.0,21.2,22.0,1.0,50
uk,TLC1,GNN-oof-42,20.0,station,41.78145316282682,33.469752952341324,347.52542505859367,0.0,21.2,22.0,1.0,50
uk,TLC1,GNN-oof-123,20.0,station,40.92393526301302,30.00313742606826,347.52542505859367,0.0,21.2,22.0,1.0,50
uk,TLC1,GNN-oof-456,20.0,station,50.05170503441311,36.27824557259553,347.52542505859367,0.0,21.2,22.0,1.0,50
uk,TLC2,Uni,1.0,station,14.630156941605083,4.569645729210595,17.91596266984311,0.0,1.2465753424657535,1.0,0.9863013698630136,73
uk,TLC2,LU,1.0,station,13.865304672833146,4.257454131518179,17.91596266984311,0.0,1.2465753424657535,1.0,0.9863013698630136,73
uk,TLC2,LU-soft,1.0,station,13.74726963553798,4.636657567300604,17.91596266984311,0.0,1.2465753424657535,1.0,0.9863013698630136,73
uk,TLC2,Ref,1.0,station,11.298523016475169,0.0,17.91596266984311,0.0,1.2465753424657535,1.0,0.9863013698630136,73
uk,TLC2,GNN-oof-42,1.0,station,12.974577913216352,4.418182845605823,17.91596266984311,0.0,1.2465753424657535,1.0,0.9863013698630136,73
uk,TLC2,GNN-oof-123,1.0,station,13.178802845295365,4.098789887427823,17.91596266984311,0.0,1.2465753424657535,1.0,0.9863013698630136,73
uk,TLC2,GNN-oof-456,1.0,station,12.762820685756033,4.177156484531277,17.91596266984311,0.0,1.2465753424657535,1.0,0.9863013698630136,73
uk,TLC2,Uni,2.0,station,23.310650474861525,14.72625585479204,34.54471848239662,0.0,2.3424657534246576,1.0,0.9863013698630136,73
uk,TLC2,LU,2.0,station,21.924105824210482,12.713241959315514,34.54471848239662,0.0,2.3424657534246576,1.0,0.9863013698630136,73
uk,TLC2,LU-soft,2.0,station,22.127269297808382,12.916416345677508,34.54471848239662,0.0,2.3424657534246576,1.0,0.9863013698630136,73
uk,TLC2,Ref,2.0,station,11.240627497832392,0.0,34.54471848239662,0.0,2.3424657534246576,1.0,0.9863013698630136,73
uk,TLC2,GNN-oof-42,2.0,station,19.51050277971541,10.655696812960183,34.54471848239662,0.0,2.3424657534246576,1.0,0.9863013698630136,73
uk,TLC2,GNN-oof-123,2.0,station,19.405120347744226,10.750261913097923,34.54471848239662,0.0,2.3424657534246576,1.0,0.9863013698630136,73
uk,TLC2,GNN-oof-456,2.0,station,19.026997810091824,10.07105111320763,34.54471848239662,0.0,2.3424657534246576,1.0,0.9863013698630136,73
uk,TLC2,Uni,3.0,station,33.123133345880746,25.275328158156405,56.31150545297935,0.0,3.904109589041096,3.0,0.9863013698630136,73
uk,TLC2,LU,3.0,station,29.162820651207095,19.96541626749474,56.31150545297935,0.0,3.904109589041096,3.0,0.9863013698630136,73
uk,TLC2,LU-soft,3.0,station,28.68558678743063,19.78935889370785,56.31150545297935,0.0,3.904109589041096,3.0,0.9863013698630136,73
uk,TLC2,Ref,3.0,station,12.954956678445905,0.0,56.31150545297935,0.0,3.904109589041096,3.0,0.9863013698630136,73
uk,TLC2,GNN-oof-42,3.0,station,22.698090368302644,17.15243476592289,56.31150545297935,0.0,3.904109589041096,3.0,0.9863013698630136,73
uk,TLC2,GNN-oof-123,3.0,station,22.757911000333877,17.402561211569463,56.31150545297935,0.0,3.904109589041096,3.0,0.9863013698630136,73
uk,TLC2,GNN-oof-456,3.0,station,21.7651954812179,15.706595769636952,56.31150545297935,0.0,3.904109589041096,3.0,0.9863013698630136,73
uk,TLC2,Uni,5.0,station,57.65815179821056,45.77850903718795,129.39168015394597,0.0,8.726027397260275,7.0,0.9863013698630136,73
uk,TLC2,LU,5.0,station,44.470237399404496,32.8070373250133,129.39168015394597,0.0,8.726027397260275,7.0,0.9863013698630136,73
uk,TLC2,LU-soft,5.0,station,41.72729487253201,29.937680672387085,129.39168015394597,0.0,8.726027397260275,7.0,0.9863013698630136,73
uk,TLC2,Ref,5.0,station,16.644612817674542,0.0,129.39168015394597,0.0,8.726027397260275,7.0,0.9863013698630136,73
uk,TLC2,GNN-oof-42,5.0,station,37.118227019796116,26.472421408199157,129.39168015394597,0.0,8.726027397260275,7.0,0.9863013698630136,73
uk,TLC2,GNN-oof-123,5.0,station,39.087083049692886,26.93015811184567,129.39168015394597,0.0,8.726027397260275,7.0,0.9863013698630136,73
uk,TLC2,GNN-oof-456,5.0,station,35.06146757056638,24.589850579983914,129.39168015394597,0.0,8.726027397260275,7.0,0.9863013698630136,73
uk,TLC2,Uni,7.5,station,73.32046464697441,57.68525178979387,234.50024774196393,0.0,16.041095890410958,15.0,0.9863013698630136,73
uk,TLC2,LU,7.5,station,55.593689438436286,39.358115799553,234.50024774196393,0.0,16.041095890410958,15.0,0.9863013698630136,73
uk,TLC2,LU-soft,7.5,station,48.58505839640341,33.766048331371685,234.50024774196393,0.0,16.041095890410958,15.0,0.9863013698630136,73
uk,TLC2,Ref,7.5,station,18.39428053526613,0.0,234.50024774196393,0.0,16.041095890410958,15.0,0.9863013698630136,73
uk,TLC2,GNN-oof-42,7.5,station,36.63524314354708,23.550642011033805,234.50024774196393,0.0,16.041095890410958,15.0,0.9863013698630136,73
uk,TLC2,GNN-oof-123,7.5,station,44.71667352557447,28.972206237186217,234.50024774196393,0.0,16.041095890410958,15.0,0.9863013698630136,73
uk,TLC2,GNN-oof-456,7.5,station,33.02162125552618,20.79385462180216,234.50024774196393,0.0,16.041095890410958,15.0,0.9863013698630136,73
uk,TLC2,Uni,10.0,station,79.57602141329045,61.71851517988643,345.4517444550002,0.0,23.684931506849313,25.0,0.9863013698630136,73
uk,TLC2,LU,10.0,station,61.49066266312706,44.3070895926102,345.4517444550002,0.0,23.684931506849313,25.0,0.9863013698630136,73
uk,TLC2,LU-soft,10.0,station,51.382137809886174,33.460447621397165,345.4517444550002,0.0,23.684931506849313,25.0,0.9863013698630136,73
uk,TLC2,Ref,10.0,station,21.68107025159903,0.0,345.4517444550002,0.0,23.684931506849313,25.0,0.9863013698630136,73
uk,TLC2,GNN-oof-42,10.0,station,36.43025906953088,22.731526471119384,345.4517444550002,0.0,23.684931506849313,25.0,0.9863013698630136,73
uk,TLC2,GNN-oof-123,10.0,station,47.86011860583668,31.81207373488826,345.4517444550002,0.0,23.684931506849313,25.0,0.9863013698630136,73
uk,TLC2,GNN-oof-456,10.0,station,33.20631513259067,21.110798205586924,345.4517444550002,0.0,23.684931506849313,25.0,0.9863013698630136,73
uk,TLC2,Uni,15.0,station,96.50009063998988,73.16638786629,559.8514149576336,0.0,37.76712328767123,46.0,0.9863013698630136,73
uk,TLC2,LU,15.0,station,81.96411577132065,59.14643194701848,559.8514149576336,0.0,37.76712328767123,46.0,0.9863013698630136,73
uk,TLC2,LU-soft,15.0,station,62.557256355259085,41.13143182561889,559.8514149576336,0.0,37.76712328767123,46.0,0.9863013698630136,73
uk,TLC2,Ref,15.0,station,23.886587665055103,0.0,559.8514149576336,0.0,37.76712328767123,46.0,0.9863013698630136,73
uk,TLC2,GNN-oof-42,15.0,station,50.475238595053995,31.407803649115845,559.8514149576336,0.0,37.76712328767123,46.0,0.9863013698630136,73
uk,TLC2,GNN-oof-123,15.0,station,66.62450429608639,46.42494411601908,559.8514149576336,0.0,37.76712328767123,46.0,0.9863013698630136,73
uk,TLC2,GNN-oof-456,15.0,station,43.32946383051663,24.188775092344905,559.8514149576336,0.0,37.76712328767123,46.0,0.9863013698630136,73
uk,TLC2,Uni,20.0,station,91.55320815086549,74.2904864045197,690.9128294660443,0.0,46.47945205479452,56.0,0.9863013698630136,73
uk,TLC2,LU,20.0,station,80.8191557190042,64.09951472876463,690.9128294660443,0.0,46.47945205479452,56.0,0.9863013698630136,73
uk,TLC2,LU-soft,20.0,station,66.12429874919404,49.35671224041812,690.9128294660443,0.0,46.47945205479452,56.0,0.9863013698630136,73
uk,TLC2,Ref,20.0,station,19.084867208575286,0.0,690.9128294660443,0.0,46.47945205479452,56.0,0.9863013698630136,73
uk,TLC2,GNN-oof-42,20.0,station,53.42936457328986,36.7859589172193,690.9128294660443,0.0,46.47945205479452,56.0,0.9863013698630136,73
uk,TLC2,GNN-oof-123,20.0,station,67.79737932134051,51.00745405933951,690.9128294660443,0.0,46.47945205479452,56.0,0.9863013698630136,73
uk,TLC2,GNN-oof-456,20.0,station,44.578053010130574,28.276617998969556,690.9128294660443,0.0,46.47945205479452,56.0,0.9863013698630136,73
uk,TLD6,Uni,1.0,station,7.87302705432905,1.5426188971469814,9.082638733659229,0.0,1.1063829787234043,1.0,1.0,94
uk,TLD6,LU,1.0,station,7.678587088188872,1.5517231180941242,9.082638733659229,0.0,1.1063829787234043,1.0,1.0,94
uk,TLD6,LU-soft,1.0,station,7.223603610042457,1.644206955844558,9.082638733659229,0.0,1.1063829787234043,1.0,1.0,94
uk,TLD6,Ref,1.0,station,6.870152071442454,0.0,9.082638733659229,0.0,1.1063829787234043,1.0,1.0,94
uk,TLD6,GNN-oof-42,1.0,station,6.242860554679956,2.70779149501797,9.082638733659229,0.0,1.1063829787234043,1.0,1.0,94
uk,TLD6,GNN-oof-123,1.0,station,6.486205626487811,2.661294613639221,9.082638733659229,0.0,1.1063829787234043,1.0,1.0,94
uk,TLD6,GNN-oof-456,1.0,station,6.374785874747829,2.400105461751752,9.082638733659229,0.0,1.1063829787234043,1.0,1.0,94
uk,TLD6,Uni,2.0,station,10.169684914777498,5.256227001411992,14.732594547593807,0.0,1.7446808510638299,1.0,1.0,94
uk,TLD6,LU,2.0,station,9.621758953000008,5.164339851468819,14.732594547593807,0.0,1.7446808510638299,1.0,1.0,94
uk,TLD6,LU-soft,2.0,station,8.62926018215271,4.77711003812963,14.732594547593807,0.0,1.7446808510638299,1.0,1.0,94
uk,TLD6,Ref,2.0,station,6.586456281753528,0.0,14.732594547593807,0.0,1.7446808510638299,1.0,1.0,94
uk,TLD6,GNN-oof-42,2.0,station,7.094722035635374,5.560868325394682,14.732594547593807,0.0,1.7446808510638299,1.0,1.0,94
uk,TLD6,GNN-oof-123,2.0,station,7.436823292987788,5.355487442150619,14.732594547593807,0.0,1.7446808510638299,1.0,1.0,94
uk,TLD6,GNN-oof-456,2.0,station,6.935401561971515,4.976364018428427,14.732594547593807,0.0,1.7446808510638299,1.0,1.0,94
uk,TLD6,Uni,3.0,station,16.77747361021532,9.830305510298377,26.09998150191553,0.0,2.872340425531915,3.0,1.0,94
uk,TLD6,LU,3.0,station,15.80801833481011,9.50623953367181,26.09998150191553,0.0,2.872340425531915,3.0,1.0,94
uk,TLD6,LU-soft,3.0,station,14.099457435808947,8.031168357112913,26.09998150191553,0.0,2.872340425531915,3.0,1.0,94
uk,TLD6,Ref,3.0,station,9.619312442442357,0.0,26.09998150191553,0.0,2.872340425531915,3.0,1.0,94
uk,TLD6,GNN-oof-42,3.0,station,9.747755459304956,7.845876365908641,26.09998150191553,0.0,2.872340425531915,3.0,1.0,94
uk,TLD6,GNN-oof-123,3.0,station,10.09738573883959,7.541951962143309,26.09998150191553,0.0,2.872340425531915,3.0,1.0,94
uk,TLD6,GNN-oof-456,3.0,station,9.827522248859415,7.155918030330397,26.09998150191553,0.0,2.872340425531915,3.0,1.0,94
uk,TLD6,Uni,5.0,station,24.878550016263247,18.128999382709257,46.47367330090965,0.0,5.191489361702128,5.0,1.0,94
uk,TLD6,LU,5.0,station,23.109416330079174,16.878235845947636,46.47367330090965,0.0,5.191489361702128,5.0,1.0,94
uk,TLD6,LU-soft,5.0,station,19.480555579546884,13.795686448995289,46.47367330090965,0.0,5.191489361702128,5.0,1.0,94
uk,TLD6,Ref,5.0,station,9.180550410162681,0.0,46.47367330090965,0.0,5.191489361702128,5.0,1.0,94
uk,TLD6,GNN-oof-42,5.0,station,11.575445211432143,11.084163224971839,46.47367330090965,0.0,5.191489361702128,5.0,1.0,94
uk,TLD6,GNN-oof-123,5.0,station,12.350863630178194,11.7119722158237,46.47367330090965,0.0,5.191489361702128,5.0,1.0,94
uk,TLD6,GNN-oof-456,5.0,station,11.858310785857402,10.981073828227082,46.47367330090965,0.0,5.191489361702128,5.0,1.0,94
uk,TLD6,Uni,7.5,station,30.84942665948538,24.90772186373614,76.18651319907012,0.0,8.787234042553191,9.5,1.0,94
uk,TLD6,LU,7.5,station,29.506279808638883,24.102591502349913,76.18651319907012,0.0,8.787234042553191,9.5,1.0,94
uk,TLD6,LU-soft,7.5,station,23.841205080227557,19.29016439451346,76.18651319907012,0.0,8.787234042553191,9.5,1.0,94
uk,TLD6,Ref,7.5,station,8.552475725655812,0.0,76.18651319907012,0.0,8.787234042553191,9.5,1.0,94
uk,TLD6,GNN-oof-42,7.5,station,15.17219533884934,14.450588743661303,76.18651319907012,0.0,8.787234042553191,9.5,1.0,94
uk,TLD6,GNN-oof-123,7.5,station,16.33421465841476,15.054520664417964,76.18651319907012,0.0,8.787234042553191,9.5,1.0,94
uk,TLD6,GNN-oof-456,7.5,station,15.739861640402356,14.594427551260642,76.18651319907012,0.0,8.787234042553191,9.5,1.0,94
uk,TLD6,Uni,10.0,station,33.35128940358249,28.85286022574,109.8175709163981,0.0,13.191489361702128,13.0,1.0,94
uk,TLD6,LU,10.0,station,32.367990035244176,28.36034678951251,109.8175709163981,0.0,13.191489361702128,13.0,1.0,94
uk,TLD6,LU-soft,10.0,station,25.470813352397872,21.76059460205856,109.8175709163981,0.0,13.191489361702128,13.0,1.0,94
uk,TLD6,Ref,10.0,station,8.90516742569127,0.0,109.8175709163981,0.0,13.191489361702128,13.0,1.0,94
uk,TLD6,GNN-oof-42,10.0,station,19.578373484053614,18.316516048079496,109.8175709163981,0.0,13.191489361702128,13.0,1.0,94
uk,TLD6,GNN-oof-123,10.0,station,20.243112623463016,18.916264379236946,109.8175709163981,0.0,13.191489361702128,13.0,1.0,94
uk,TLD6,GNN-oof-456,10.0,station,19.919320991451976,18.05115154470631,109.8175709163981,0.0,13.191489361702128,13.0,1.0,94
uk,TLD6,Uni,15.0,station,36.57232121072625,32.02940559938069,186.02528683643732,0.0,23.48936170212766,22.0,1.0,94
uk,TLD6,LU,15.0,station,35.094051311817914,30.982453775421607,186.02528683643732,0.0,23.48936170212766,22.0,1.0,94
uk,TLD6,LU-soft,15.0,station,33.993217330392106,30.721943100364378,186.02528683643732,0.0,23.48936170212766,22.0,1.0,94
uk,TLD6,Ref,15.0,station,11.213031932463569,0.0,186.02528683643732,0.0,23.48936170212766,22.0,1.0,94
uk,TLD6,GNN-oof-42,15.0,station,25.702484235924995,23.805133779347056,186.02528683643732,0.0,23.48936170212766,22.0,1.0,94
uk,TLD6,GNN-oof-123,15.0,station,24.904680632828025,21.497401942985718,186.02528683643732,0.0,23.48936170212766,22.0,1.0,94
uk,TLD6,GNN-oof-456,15.0,station,25.775790542229714,21.872609165965645,186.02528683643732,0.0,23.48936170212766,22.0,1.0,94
uk,TLD6,Uni,20.0,station,27.448223514287925,25.529507687509028,278.28398090861106,0.0,35.234042553191486,34.0,1.0,94
uk,TLD6,LU,20.0,station,26.60243597775839,25.319261947894244,278.28398090861106,0.0,35.234042553191486,34.0,1.0,94
uk,TLD6,LU-soft,20.0,station,33.57003741652201,32.933130727629276,278.28398090861106,0.0,35.234042553191486,34.0,1.0,94
uk,TLD6,Ref,20.0,station,12.95342935512616,0.0,278.28398090861106,0.0,35.234042553191486,34.0,1.0,94
uk,TLD6,GNN-oof-42,20.0,station,30.501764757063913,30.504300060830023,278.28398090861106,0.0,35.234042553191486,34.0,1.0,94
uk,TLD6,GNN-oof-123,20.0,station,27.49074209409652,26.73146768883403,278.28398090861106,0.0,35.234042553191486,34.0,1.0,94
uk,TLD6,GNN-oof-456,20.0,station,28.639538128443892,28.334210549457513,278.28398090861106,0.0,35.234042553191486,34.0,1.0,94
uk,TLG1,Uni,1.0,station,15.288774811129699,0.9722774456973362,15.89676923076923,0.0,1.0,1.0,1.0,65
uk,TLG1,LU,1.0,station,15.246548538355169,0.9447083545625442,15.89676923076923,0.0,1.0,1.0,1.0,65
uk,TLG1,LU-soft,1.0,station,15.303235849214047,0.9956273757772196,15.89676923076923,0.0,1.0,1.0,1.0,65
uk,TLG1,Ref,1.0,station,14.627441666832157,0.0,15.89676923076923,0.0,1.0,1.0,1.0,65
uk,TLG1,GNN-oof-42,1.0,station,13.18349864299441,2.0249876635280497,15.89676923076923,0.0,1.0,1.0,1.0,65
uk,TLG1,GNN-oof-123,1.0,station,13.49862544138799,1.7000029711633744,15.89676923076923,0.0,1.0,1.0,1.0,65
uk,TLG1,GNN-oof-456,1.0,station,13.49444366103757,1.838057630067561,15.89676923076923,0.0,1.0,1.0,1.0,65
uk,TLG1,Uni,2.0,station,16.800276364539332,3.8026097848565503,19.155230769230773,0.0,1.1846153846153846,1.0,1.0,65
uk,TLG1,LU,2.0,station,16.665331616461618,3.6839063766991114,19.155230769230773,0.0,1.1846153846153846,1.0,1.0,65
uk,TLG1,LU-soft,2.0,station,16.906573534564803,3.9066974106068786,19.155230769230773,0.0,1.1846153846153846,1.0,1.0,65
uk,TLG1,Ref,2.0,station,14.104421776579526,0.0,19.155230769230773,0.0,1.1846153846153846,1.0,1.0,65
uk,TLG1,GNN-oof-42,2.0,station,11.455405049903021,4.26694110094385,19.155230769230773,0.0,1.1846153846153846,1.0,1.0,65
uk,TLG1,GNN-oof-123,2.0,station,12.155804928004471,3.6114735837735625,19.155230769230773,0.0,1.1846153846153846,1.0,1.0,65
uk,TLG1,GNN-oof-456,2.0,station,11.921212366775938,3.9702535305227475,19.155230769230773,0.0,1.1846153846153846,1.0,1.0,65
uk,TLG1,Uni,3.0,station,19.98320783397178,7.89068792555413,25.009846153846155,0.0,1.4923076923076923,1.0,1.0,65
uk,TLG1,LU,3.0,station,19.74254325359057,7.655271085550383,25.009846153846155,0.0,1.4923076923076923,1.0,1.0,65
uk,TLG1,LU-soft,3.0,station,20.125714977122772,8.116301018670871,25.009846153846155,0.0,1.4923076923076923,1.0,1.0,65
uk,TLG1,Ref,3.0,station,14.331242611091982,0.0,25.009846153846155,0.0,1.4923076923076923,1.0,1.0,65
uk,TLG1,GNN-oof-42,3.0,station,12.672010529770123,6.130873730098877,25.009846153846155,0.0,1.4923076923076923,1.0,1.0,65
uk,TLG1,GNN-oof-123,3.0,station,13.779635684455162,5.320505672108651,25.009846153846155,0.0,1.4923076923076923,1.0,1.0,65
uk,TLG1,GNN-oof-456,3.0,station,12.846978906865184,6.058496730624651,25.009846153846155,0.0,1.4923076923076923,1.0,1.0,65
uk,TLG1,Uni,5.0,station,26.439303618408296,17.32179770881253,37.826153846153844,0.0,2.3230769230769233,2.0,1.0,65
uk,TLG1,LU,5.0,station,26.02479787828245,16.91953067423744,37.826153846153844,0.0,2.3230769230769233,2.0,1.0,65
uk,TLG1,LU-soft,5.0,station,26.82478292621395,17.710718249901607,37.826153846153844,0.0,2.3230769230769233,2.0,1.0,65
uk,TLG1,Ref,5.0,station,12.911766973260493,0.0,37.826153846153844,0.0,2.3230769230769233,2.0,1.0,65
uk,TLG1,GNN-oof-42,5.0,station,15.21394178575568,9.827776673822067,37.826153846153844,0.0,2.3230769230769233,2.0,1.0,65
uk,TLG1,GNN-oof-123,5.0,station,16.234676220987172,9.592993964870267,37.826153846153844,0.0,2.3230769230769233,2.0,1.0,65
uk,TLG1,GNN-oof-456,5.0,station,15.473810779628211,9.838191002270243,37.826153846153844,0.0,2.3230769230769233,2.0,1.0,65
uk,TLG1,Uni,7.5,station,33.46776137300111,24.67400952061685,53.30507692307692,0.0,3.1846153846153844,3.0,1.0,65
uk,TLG1,LU,7.5,station,33.06794917159543,24.18844348614292,53.30507692307692,0.0,3.1846153846153844,3.0,1.0,65
uk,TLG1,LU-soft,7.5,station,34.1071828778274,25.18666947323992,53.30507692307692,0.0,3.1846153846153844,3.0,1.0,65
uk,TLG1,Ref,7.5,station,11.503176692485248,0.0,53.30507692307692,0.0,3.1846153846153844,3.0,1.0,65
uk,TLG1,GNN-oof-42,7.5,station,20.712806811477304,12.891150792479916,53.30507692307692,0.0,3.1846153846153844,3.0,1.0,65
uk,TLG1,GNN-oof-123,7.5,station,22.611668959503668,14.241145737586173,53.30507692307692,0.0,3.1846153846153844,3.0,1.0,65
uk,TLG1,GNN-oof-456,7.5,station,20.44800664760022,12.231290932792566,53.30507692307692,0.0,3.1846153846153844,3.0,1.0,65
uk,TLG1,Uni,10.0,station,34.883599091487426,28.86448372193748,74.10784615384615,0.0,4.630769230769231,4.0,1.0,65
uk,TLG1,LU,10.0,station,34.481992915106325,28.37900916075506,74.10784615384615,0.0,4.630769230769231,4.0,1.0,65
uk,TLG1,LU-soft,10.0,station,35.72838294092327,29.772167650402277,74.10784615384615,0.0,4.630769230769231,4.0,1.0,65
uk,TLG1,Ref,10.0,station,10.77594190987123,0.0,74.10784615384615,0.0,4.630769230769231,4.0,1.0,65
uk,TLG1,GNN-oof-42,10.0,station,22.165006836936186,16.360852396396194,74.10784615384615,0.0,4.630769230769231,4.0,1.0,65
uk,TLG1,GNN-oof-123,10.0,station,24.216036727378416,19.248131885547746,74.10784615384615,0.0,4.630769230769231,4.0,1.0,65
uk,TLG1,GNN-oof-456,10.0,station,21.919374808433957,15.76627607781406,74.10784615384615,0.0,4.630769230769231,4.0,1.0,65
uk,TLG1,Uni,15.0,station,39.41338748562976,33.8781222138901,126.98830769230771,0.0,8.076923076923077,8.0,1.0,65
uk,TLG1,LU,15.0,station,38.70186122880268,33.20889135010706,126.98830769230771,0.0,8.076923076923077,8.0,1.0,65
uk,TLG1,LU-soft,15.0,station,40.86391800525108,35.185078552953,126.98830769230771,0.0,8.076923076923077,8.0,1.0,65
uk,TLG1,Ref,15.0,station,13.426529822222777,0.0,126.98830769230771,0.0,8.076923076923077,8.0,1.0,65
uk,TLG1,GNN-oof-42,15.0,station,23.078913791204613,21.412258663803318,126.98830769230771,0.0,8.076923076923077,8.0,1.0,65
uk,TLG1,GNN-oof-123,15.0,station,26.374150033658253,24.981677793754667,126.98830769230771,0.0,8.076923076923077,8.0,1.0,65
uk,TLG1,GNN-oof-456,15.0,station,21.930804332477013,17.98901651870349,126.98830769230771,0.0,8.076923076923077,8.0,1.0,65
uk,TLG1,Uni,20.0,station,42.96951944149017,35.662285634930704,196.07676923076923,0.0,12.138461538461538,12.0,1.0,65
uk,TLG1,LU,20.0,station,42.09323475600218,34.903387320063985,196.07676923076923,0.0,12.138461538461538,12.0,1.0,65
uk,TLG1,LU-soft,20.0,station,44.474556513448306,37.02701898122896,196.07676923076923,0.0,12.138461538461538,12.0,1.0,65
uk,TLG1,Ref,20.0,station,18.56345106547011,0.0,196.07676923076923,0.0,12.138461538461538,12.0,1.0,65
uk,TLG1,GNN-oof-42,20.0,station,31.478701423040558,23.34762520362478,196.07676923076923,0.0,12.138461538461538,12.0,1.0,65
uk,TLG1,GNN-oof-123,20.0,station,36.559089242935976,26.77457396859575,196.07676923076923,0.0,12.138461538461538,12.0,1.0,65
uk,TLG1,GNN-oof-456,20.0,station,28.697722473302512,20.76120637347354,196.07676923076923,0.0,12.138461538461538,12.0,1.0,65
uk,TLG2,Uni,1.0,station,12.768217821829225,0.7721719568694515,13.548107374373211,0.0,1.0,1.0,0.9895833333333334,96
uk,TLG2,LU,1.0,station,12.753826779110755,0.7672819744901352,13.548107374373211,0.0,1.0,1.0,0.9895833333333334,96
uk,TLG2,LU-soft,1.0,station,12.507093013484928,0.8206495144568183,13.548107374373211,0.0,1.0,1.0,0.9895833333333334,96
uk,TLG2,Ref,1.0,station,12.423092293984908,0.0,13.548107374373211,0.0,1.0,1.0,0.9895833333333334,96
uk,TLG2,GNN-oof-42,1.0,station,11.04393626620511,2.3196755549535744,13.548107374373211,0.0,1.0,1.0,0.9895833333333334,96
uk,TLG2,GNN-oof-123,1.0,station,11.149997005751553,2.377681221250176,13.548107374373211,0.0,1.0,1.0,0.9895833333333334,96
uk,TLG2,GNN-oof-456,1.0,station,11.289490889370834,2.260466862439666,13.548107374373211,0.0,1.0,1.0,0.9895833333333334,96
uk,TLG2,Uni,2.0,station,13.375813031896504,2.9006738528035343,16.26393725272358,0.0,1.1875,1.0,0.9895833333333334,96
uk,TLG2,LU,2.0,station,13.31094443854505,2.8727467938355518,16.26393725272358,0.0,1.1875,1.0,0.9895833333333334,96
uk,TLG2,LU-soft,2.0,station,12.80208544295975,2.8475078878984,16.26393725272358,0.0,1.1875,1.0,0.9895833333333334,96
uk,TLG2,Ref,2.0,station,12.112873037288338,0.0,16.26393725272358,0.0,1.1875,1.0,0.9895833333333334,96
uk,TLG2,GNN-oof-42,2.0,station,9.656489036901826,4.251123810907042,16.26393725272358,0.0,1.1875,1.0,0.9895833333333334,96
uk,TLG2,GNN-oof-123,2.0,station,9.996562464248633,4.0947025326774265,16.26393725272358,0.0,1.1875,1.0,0.9895833333333334,96
uk,TLG2,GNN-oof-456,2.0,station,10.239951495305474,3.9980372220394993,16.26393725272358,0.0,1.1875,1.0,0.9895833333333334,96
uk,TLG2,Uni,3.0,station,14.59990795169064,5.727346402079654,19.989790815097173,0.0,1.4791666666666667,1.0,0.9895833333333334,96
uk,TLG2,LU,3.0,station,14.476848165499925,5.695870216987295,19.989790815097173,0.0,1.4791666666666667,1.0,0.9895833333333334,96
uk,TLG2,LU-soft,3.0,station,13.680387597353956,5.1220655126379135,19.989790815097173,0.0,1.4791666666666667,1.0,0.9895833333333334,96
uk,TLG2,Ref,3.0,station,10.974572070233103,0.0,19.989790815097173,0.0,1.4791666666666667,1.0,0.9895833333333334,96
uk,TLG2,GNN-oof-42,3.0,station,8.522068704520926,5.667210343174943,19.989790815097173,0.0,1.4791666666666667,1.0,0.9895833333333334,96
uk,TLG2,GNN-oof-123,3.0,station,8.604986549683629,5.637889787325945,19.989790815097173,0.0,1.4791666666666667,1.0,0.9895833333333334,96
uk,TLG2,GNN-oof-456,3.0,station,9.04865087038033,5.659596287892241,19.989790815097173,0.0,1.4791666666666667,1.0,0.9895833333333334,96
uk,TLG2,Uni,5.0,station,19.122632295508513,12.242786363554202,30.768354104405294,0.0,2.25,2.0,1.0,96
uk,TLG2,LU,5.0,station,18.894342991007587,12.127193059227679,30.768354104405294,0.0,2.25,2.0,1.0,96
uk,TLG2,LU-soft,5.0,station,17.340231731349864,10.45510391054643,30.768354104405294,0.0,2.25,2.0,1.0,96
uk,TLG2,Ref,5.0,station,10.547727752819393,0.0,30.768354104405294,0.0,2.25,2.0,1.0,96
uk,TLG2,GNN-oof-42,5.0,station,9.450290260990124,7.326324359975036,30.768354104405294,0.0,2.25,2.0,1.0,96
uk,TLG2,GNN-oof-123,5.0,station,9.894520495278096,7.364652321506459,30.768354104405294,0.0,2.25,2.0,1.0,96
uk,TLG2,GNN-oof-456,5.0,station,10.128962904763435,7.936677841122491,30.768354104405294,0.0,2.25,2.0,1.0,96
uk,TLG2,Uni,7.5,station,23.513704865968688,18.702697700538426,50.03180591771507,0.0,3.6875,3.0,1.0,96
uk,TLG2,LU,7.5,station,23.379346645235774,18.535360599865207,50.03180591771507,0.0,3.6875,3.0,1.0,96
uk,TLG2,LU-soft,7.5,station,20.616062555949185,15.165737242680194,50.03180591771507,0.0,3.6875,3.0,1.0,96
uk,TLG2,Ref,7.5,station,10.07585755666426,0.0,50.03180591771507,0.0,3.6875,3.0,1.0,96
uk,TLG2,GNN-oof-42,7.5,station,12.159427419813417,8.951836301413701,50.03180591771507,0.0,3.6875,3.0,1.0,96
uk,TLG2,GNN-oof-123,7.5,station,12.358450517432573,9.207406428007197,50.03180591771507,0.0,3.6875,3.0,1.0,96
uk,TLG2,GNN-oof-456,7.5,station,12.75746278150803,10.213985044691656,50.03180591771507,0.0,3.6875,3.0,1.0,96
uk,TLG2,Uni,10.0,station,27.645329714853915,21.785055838996403,74.31648984093998,0.0,5.395833333333333,5.0,1.0,96
uk,TLG2,LU,10.0,station,27.555541650930547,21.66853750847441,74.31648984093998,0.0,5.395833333333333,5.0,1.0,96
uk,TLG2,LU-soft,10.0,station,23.567203732548318,17.0969242772605,74.31648984093998,0.0,5.395833333333333,5.0,1.0,96
uk,TLG2,Ref,10.0,station,12.053330397026018,0.0,74.31648984093998,0.0,5.395833333333333,5.0,1.0,96
uk,TLG2,GNN-oof-42,10.0,station,15.139608506376204,11.75503847381033,74.31648984093998,0.0,5.395833333333333,5.0,1.0,96
uk,TLG2,GNN-oof-123,10.0,station,15.8056533018897,12.705461836501414,74.31648984093998,0.0,5.395833333333333,5.0,1.0,96
uk,TLG2,GNN-oof-456,10.0,station,16.8039427463611,14.012897709894062,74.31648984093998,0.0,5.395833333333333,5.0,1.0,96
uk,TLG2,Uni,15.0,station,36.23694903770635,29.65161718246193,137.86536737220544,0.0,10.395833333333334,10.0,1.0,96
uk,TLG2,LU,15.0,station,36.392307491554156,29.644370871954962,137.86536737220544,0.0,10.395833333333334,10.0,1.0,96
uk,TLG2,LU-soft,15.0,station,31.18182378635878,25.055619933411133,137.86536737220544,0.0,10.395833333333334,10.0,1.0,96
uk,TLG2,Ref,15.0,station,15.339148845349392,0.0,137.86536737220544,0.0,10.395833333333334,10.0,1.0,96
uk,TLG2,GNN-oof-42,15.0,station,21.67444860539807,15.407122191974343,137.86536737220544,0.0,10.395833333333334,10.0,1.0,96
uk,TLG2,GNN-oof-123,15.0,station,22.94075480925692,17.092844059741488,137.86536737220544,0.0,10.395833333333334,10.0,1.0,96
uk,TLG2,GNN-oof-456,15.0,station,26.050876041766674,20.02461479187765,137.86536737220544,0.0,10.395833333333334,10.0,1.0,96
uk,TLG2,Uni,20.0,station,45.53487995791122,37.54324318251033,219.81630248165902,0.0,16.479166666666668,18.0,1.0,96
uk,TLG2,LU,20.0,station,45.462950394665654,37.64249822064428,219.81630248165902,0.0,16.479166666666668,18.0,1.0,96
uk,TLG2,LU-soft,20.0,station,38.261622359764715,33.78592098993809,219.81630248165902,0.0,16.479166666666668,18.0,1.0,96
uk,TLG2,Ref,20.0,station,17.775660179075235,0.0,219.81630248165902,0.0,16.479166666666668,18.0,1.0,96
uk,TLG2,GNN-oof-42,20.0,station,25.53429923170009,20.161848047531695,219.81630248165902,0.0,16.479166666666668,18.0,1.0,96
uk,TLG2,GNN-oof-123,20.0,station,27.00824825134386,22.59760860854948,219.81630248165902,0.0,16.479166666666668,18.0,1.0,96
uk,TLG2,GNN-oof-456,20.0,station,31.319912699057053,27.689716395641607,219.81630248165902,0.0,16.479166666666668,18.0,1.0,96
uk,TLE4,Uni,1.0,station,15.37721890192051,6.873450180181104,18.51089683765051,0.0,1.4635761589403973,1.0,1.0,151
uk,TLE4,LU,1.0,station,14.34619352516516,6.341253203999189,18.51089683765051,0.0,1.4635761589403973,1.0,1.0,151
uk,TLE4,LU-soft,1.0,station,13.086310741301986,6.082813965205538,18.51089683765051,0.0,1.4635761589403973,1.0,1.0,151
uk,TLE4,Ref,1.0,station,9.781115821928992,0.0,18.51089683765051,0.0,1.4635761589403973,1.0,1.0,151
uk,TLE4,GNN-oof-42,1.0,station,10.197421067123143,4.540276508919975,18.51089683765051,0.0,1.4635761589403973,1.0,1.0,151
uk,TLE4,GNN-oof-123,1.0,station,10.435439015864198,4.468573820058433,18.51089683765051,0.0,1.4635761589403973,1.0,1.0,151
uk,TLE4,GNN-oof-456,1.0,station,10.020765169104951,4.423675488057546,18.51089683765051,0.0,1.4635761589403973,1.0,1.0,151
uk,TLE4,Uni,2.0,station,28.54170120205802,23.211761765488514,39.30009363884243,0.0,3.0927152317880795,2.0,1.0,151
uk,TLE4,LU,2.0,station,25.76940589331532,20.459372688140682,39.30009363884243,0.0,3.0927152317880795,2.0,1.0,151
uk,TLE4,LU-soft,2.0,station,22.93642066124673,17.469524719339454,39.30009363884243,0.0,3.0927152317880795,2.0,1.0,151
uk,TLE4,Ref,2.0,station,9.372383891161176,0.0,39.30009363884243,0.0,3.0927152317880795,2.0,1.0,151
uk,TLE4,GNN-oof-42,2.0,station,15.797016556337415,10.82291009214785,39.30009363884243,0.0,3.0927152317880795,2.0,1.0,151
uk,TLE4,GNN-oof-123,2.0,station,16.12864929227102,11.196467110518759,39.30009363884243,0.0,3.0927152317880795,2.0,1.0,151
uk,TLE4,GNN-oof-456,2.0,station,15.30826640290118,10.152047806984717,39.30009363884243,0.0,3.0927152317880795,2.0,1.0,151
uk,TLE4,Uni,3.0,station,48.17447497458664,42.66891878407744,71.28855476753037,0.0,5.622516556291391,4.0,1.0,151
uk,TLE4,LU,3.0,station,42.28064916969176,36.48372522740123,71.28855476753037,0.0,5.622516556291391,4.0,1.0,151
uk,TLE4,LU-soft,3.0,station,34.956608735982364,28.293637409056743,71.28855476753037,0.0,5.622516556291391,4.0,1.0,151
uk,TLE4,Ref,3.0,station,10.783811526227307,0.0,71.28855476753037,0.0,5.622516556291391,4.0,1.0,151
uk,TLE4,GNN-oof-42,3.0,station,20.88480917010431,17.005429994868678,71.28855476753037,0.0,5.622516556291391,4.0,1.0,151
uk,TLE4,GNN-oof-123,3.0,station,22.43006241735434,18.346608327132348,71.28855476753037,0.0,5.622516556291391,4.0,1.0,151
uk,TLE4,GNN-oof-456,3.0,station,19.806349784298252,15.969229604611622,71.28855476753037,0.0,5.622516556291391,4.0,1.0,151
uk,TLE4,Uni,5.0,station,90.39927363511386,81.96073303444103,151.31326168479254,0.0,11.7682119205298,9.0,1.0,151
uk,TLE4,LU,5.0,station,75.88393220032339,66.89517939735747,151.31326168479254,0.0,11.7682119205298,9.0,1.0,151
uk,TLE4,LU-soft,5.0,station,55.08164763449316,45.93543942017094,151.31326168479254,0.0,11.7682119205298,9.0,1.0,151
uk,TLE4,Ref,5.0,station,14.78476425676801,0.0,151.31326168479254,0.0,11.7682119205298,9.0,1.0,151
uk,TLE4,GNN-oof-42,5.0,station,32.55559687247887,26.08608416889504,151.31326168479254,0.0,11.7682119205298,9.0,1.0,151
uk,TLE4,GNN-oof-123,5.0,station,36.39941450172463,29.811605163846718,151.31326168479254,0.0,11.7682119205298,9.0,1.0,151
uk,TLE4,GNN-oof-456,5.0,station,31.109839696125267,24.971402801690765,151.31326168479254,0.0,11.7682119205298,9.0,1.0,151
uk,TLE4,Uni,7.5,station,136.73160387714384,125.34801446979614,277.77051444955805,0.0,21.503311258278146,21.0,1.0,151
uk,TLE4,LU,7.5,station,114.58245257192623,102.9248203499453,277.77051444955805,0.0,21.503311258278146,21.0,1.0,151
uk,TLE4,LU-soft,7.5,station,71.79710190044935,60.75392028133325,277.77051444955805,0.0,21.503311258278146,21.0,1.0,151
uk,TLE4,Ref,7.5,station,18.314635741726367,0.0,277.77051444955805,0.0,21.503311258278146,21.0,1.0,151
uk,TLE4,GNN-oof-42,7.5,station,44.92604970325147,37.051002344224216,277.77051444955805,0.0,21.503311258278146,21.0,1.0,151
uk,TLE4,GNN-oof-123,7.5,station,50.089303153868,41.01126386171356,277.77051444955805,0.0,21.503311258278146,21.0,1.0,151
uk,TLE4,GNN-oof-456,7.5,station,44.20255234526963,36.50574678038869,277.77051444955805,0.0,21.503311258278146,21.0,1.0,151
uk,TLE4,Uni,10.0,station,167.73559202838598,158.87561749872413,422.13192487822903,0.0,32.58940397350993,36.0,1.0,151
uk,TLE4,LU,10.0,station,144.24744653419523,135.74369704462413,422.13192487822903,0.0,32.58940397350993,36.0,1.0,151
uk,TLE4,LU-soft,10.0,station,82.29727211381487,73.2169084516485,422.13192487822903,0.0,32.58940397350993,36.0,1.0,151
uk,TLE4,Ref,10.0,station,17.21042179716464,0.0,422.13192487822903,0.0,32.58940397350993,36.0,1.0,151
uk,TLE4,GNN-oof-42,10.0,station,53.558350591338446,47.11449069872108,422.13192487822903,0.0,32.58940397350993,36.0,1.0,151
uk,TLE4,GNN-oof-123,10.0,station,58.392303579017195,51.801389249227654,422.13192487822903,0.0,32.58940397350993,36.0,1.0,151
uk,TLE4,GNN-oof-456,10.0,station,52.84037415826584,46.64077083993432,422.13192487822903,0.0,32.58940397350993,36.0,1.0,151
uk,TLE4,Uni,15.0,station,243.74735330145091,228.7225248585602,812.9198309648999,0.0,62.81456953642384,67.0,1.0,151
uk,TLE4,LU,15.0,station,219.5969535410251,205.0826899378339,812.9198309648999,0.0,62.81456953642384,67.0,1.0,151
uk,TLE4,LU-soft,15.0,station,110.60877629121491,95.82622256645756,812.9198309648999,0.0,62.81456953642384,67.0,1.0,151
uk,TLE4,Ref,15.0,station,22.012286465498576,0.0,812.9198309648999,0.0,62.81456953642384,67.0,1.0,151
uk,TLE4,GNN-oof-42,15.0,station,73.00029193986924,59.12489308391898,812.9198309648999,0.0,62.81456953642384,67.0,1.0,151
uk,TLE4,GNN-oof-123,15.0,station,80.36879008524312,65.65750442648776,812.9198309648999,0.0,62.81456953642384,67.0,1.0,151
uk,TLE4,GNN-oof-456,15.0,station,70.99414299607402,57.28936734667112,812.9198309648999,0.0,62.81456953642384,67.0,1.0,151
uk,TLE4,Uni,20.0,station,270.3706234246826,252.7910735983922,1195.9720242919122,0.0,92.94701986754967,103.0,1.0,151
uk,TLE4,LU,20.0,station,245.17525313686548,227.65578276143205,1195.9720242919122,0.0,92.94701986754967,103.0,1.0,151
uk,TLE4,LU-soft,20.0,station,112.74552673314295,96.40757516946299,1195.9720242919122,0.0,92.94701986754967,103.0,1.0,151
uk,TLE4,Ref,20.0,station,22.72934321844404,0.0,1195.9720242919122,0.0,92.94701986754967,103.0,1.0,151
uk,TLE4,GNN-oof-42,20.0,station,71.71659165157863,55.69456205425991,1195.9720242919122,0.0,92.94701986754967,103.0,1.0,151
uk,TLE4,GNN-oof-123,20.0,station,82.9249352040875,66.35043533957418,1195.9720242919122,0.0,92.94701986754967,103.0,1.0,151
uk,TLE4,GNN-oof-456,20.0,station,67.89116439119253,51.79890134103024,1195.9720242919122,0.0,92.94701986754967,103.0,1.0,151
uk,TLH1,Uni,1.0,station,9.651247444857777,0.5804207242212798,10.148093442622953,0.0,1.0,1.0,1.0,183
uk,TLH1,LU,1.0,station,9.647028176325714,0.5880784448194644,10.148093442622953,0.0,1.0,1.0,1.0,183
uk,TLH1,LU-soft,1.0,station,9.610465062106933,0.5931714948637865,10.148093442622953,0.0,1.0,1.0,1.0,183
uk,TLH1,Ref,1.0,station,9.294611420085872,0.0,10.148093442622953,0.0,1.0,1.0,1.0,183
uk,TLH1,GNN-oof-42,1.0,station,9.170313625247756,0.7760216438720766,10.148093442622953,0.0,1.0,1.0,1.0,183
uk,TLH1,GNN-oof-123,1.0,station,9.298062317625586,0.7538859512281302,10.148093442622953,0.0,1.0,1.0,1.0,183
uk,TLH1,GNN-oof-456,1.0,station,9.23985325107679,0.7319790140486845,10.148093442622953,0.0,1.0,1.0,1.0,183
uk,TLH1,Uni,2.0,station,9.245477367274416,2.254715194776733,11.19877005464481,0.0,1.0874316939890711,1.0,1.0,183
uk,TLH1,LU,2.0,station,9.231719238033232,2.261456473860356,11.19877005464481,0.0,1.0874316939890711,1.0,1.0,183
uk,TLH1,LU-soft,2.0,station,9.139457829137656,2.2680337100075314,11.19877005464481,0.0,1.0874316939890711,1.0,1.0,183
uk,TLH1,Ref,2.0,station,7.853641397055541,0.0,11.19877005464481,0.0,1.0874316939890711,1.0,1.0,183
uk,TLH1,GNN-oof-42,2.0,station,7.826661104919864,2.2084392866802194,11.19877005464481,0.0,1.0874316939890711,1.0,1.0,183
uk,TLH1,GNN-oof-123,2.0,station,8.071450878026374,2.2047314544928085,11.19877005464481,0.0,1.0874316939890711,1.0,1.0,183
uk,TLH1,GNN-oof-456,2.0,station,7.81393976361561,2.112592015381268,11.19877005464481,0.0,1.0874316939890711,1.0,1.0,183
uk,TLH1,Uni,3.0,station,9.689328836086636,4.856748526278047,13.81361486338798,0.0,1.2950819672131149,1.0,1.0,183
uk,TLH1,LU,3.0,station,9.68423193182194,4.8533995852939,13.81361486338798,0.0,1.2950819672131149,1.0,1.0,183
uk,TLH1,LU-soft,3.0,station,9.640559593286516,4.8288166996484225,13.81361486338798,0.0,1.2950819672131149,1.0,1.0,183
uk,TLH1,Ref,3.0,station,6.745684878209779,0.0,13.81361486338798,0.0,1.2950819672131149,1.0,1.0,183
uk,TLH1,GNN-oof-42,3.0,station,6.907959722461544,3.705772662025482,13.81361486338798,0.0,1.2950819672131149,1.0,1.0,183
uk,TLH1,GNN-oof-123,3.0,station,7.200991790069789,3.7709265981702598,13.81361486338798,0.0,1.2950819672131149,1.0,1.0,183
uk,TLH1,GNN-oof-456,3.0,station,6.857156077422011,3.376968531492678,13.81361486338798,0.0,1.2950819672131149,1.0,1.0,183
uk,TLH1,Uni,5.0,station,13.75595790275587,11.212241937445452,21.17420923497268,0.0,1.8961748633879782,1.0,1.0,183
uk,TLH1,LU,5.0,station,13.738303547663136,11.171920116909947,21.17420923497268,0.0,1.8961748633879782,1.0,1.0,183
uk,TLH1,LU-soft,5.0,station,13.74755947201395,11.160433005593369,21.17420923497268,0.0,1.8961748633879782,1.0,1.0,183
uk,TLH1,Ref,5.0,station,4.530707498156278,0.0,21.17420923497268,0.0,1.8961748633879782,1.0,1.0,183
uk,TLH1,GNN-oof-42,5.0,station,6.563982070876348,5.742106233370088,21.17420923497268,0.0,1.8961748633879782,1.0,1.0,183
uk,TLH1,GNN-oof-123,5.0,station,7.5637523660471455,6.104369576632318,21.17420923497268,0.0,1.8961748633879782,1.0,1.0,183
uk,TLH1,GNN-oof-456,5.0,station,6.837428417880056,5.359162848474298,21.17420923497268,0.0,1.8961748633879782,1.0,1.0,183
uk,TLH1,Uni,7.5,station,24.80552572465864,18.234018006621902,37.733624153005465,0.0,3.4043715846994536,2.0,1.0,183
uk,TLH1,LU,7.5,station,24.584517404256957,17.99422591885905,37.733624153005465,0.0,3.4043715846994536,2.0,1.0,183
uk,TLH1,LU-soft,7.5,station,24.604596814662038,18.614459042944326,37.733624153005465,0.0,3.4043715846994536,2.0,1.0,183
uk,TLH1,Ref,7.5,station,8.611600596679475,0.0,37.733624153005465,0.0,3.4043715846994536,2.0,1.0,183
uk,TLH1,GNN-oof-42,7.5,station,10.05620737155365,8.105458602066443,37.733624153005465,0.0,3.4043715846994536,2.0,1.0,183
uk,TLH1,GNN-oof-123,7.5,station,11.363851024207621,8.554069093580877,37.733624153005465,0.0,3.4043715846994536,2.0,1.0,183
uk,TLH1,GNN-oof-456,7.5,station,10.577994787852981,7.359284292953225,37.733624153005465,0.0,3.4043715846994536,2.0,1.0,183
uk,TLH1,Uni,10.0,station,29.561023095946354,24.067809245799527,60.14934218579235,0.0,5.612021857923497,5.0,1.0,183
uk,TLH1,LU,10.0,station,29.327145521414234,23.985541168744756,60.14934218579235,0.0,5.612021857923497,5.0,1.0,183
uk,TLH1,LU-soft,10.0,station,30.175432659224917,25.052336622388307,60.14934218579235,0.0,5.612021857923497,5.0,1.0,183
uk,TLH1,Ref,10.0,station,8.073714886992315,0.0,60.14934218579235,0.0,5.612021857923497,5.0,1.0,183
uk,TLH1,GNN-oof-42,10.0,station,11.8955502047704,10.377958548399926,60.14934218579235,0.0,5.612021857923497,5.0,1.0,183
uk,TLH1,GNN-oof-123,10.0,station,14.14353053466623,11.333859194155728,60.14934218579235,0.0,5.612021857923497,5.0,1.0,183
uk,TLH1,GNN-oof-456,10.0,station,12.318258917833633,9.484592051030633,60.14934218579235,0.0,5.612021857923497,5.0,1.0,183
uk,TLH1,Uni,15.0,station,35.64312066348509,31.648401341894502,111.42481901639346,0.0,10.628415300546449,9.0,1.0,183
uk,TLH1,LU,15.0,station,35.40713194238151,31.163784953445653,111.42481901639346,0.0,10.628415300546449,9.0,1.0,183
uk,TLH1,LU-soft,15.0,station,36.409885671603206,32.14889143305538,111.42481901639346,0.0,10.628415300546449,9.0,1.0,183
uk,TLH1,Ref,15.0,station,8.037328342732792,0.0,111.42481901639346,0.0,10.628415300546449,9.0,1.0,183
uk,TLH1,GNN-oof-42,15.0,station,16.046965382740247,13.998273964571975,111.42481901639346,0.0,10.628415300546449,9.0,1.0,183
uk,TLH1,GNN-oof-123,15.0,station,17.36338077005075,14.479414390608408,111.42481901639346,0.0,10.628415300546449,9.0,1.0,183
uk,TLH1,GNN-oof-456,15.0,station,15.894446295543245,12.674438361190255,111.42481901639346,0.0,10.628415300546449,9.0,1.0,183
uk,TLH1,Uni,20.0,station,37.66257343422858,35.223223454809634,169.78558196721312,0.0,16.57377049180328,16.0,1.0,183
uk,TLH1,LU,20.0,station,36.688294948842675,34.05949410110038,169.78558196721312,0.0,16.57377049180328,16.0,1.0,183
uk,TLH1,LU-soft,20.0,station,39.843958797229384,37.09515420507704,169.78558196721312,0.0,16.57377049180328,16.0,1.0,183
uk,TLH1,Ref,20.0,station,8.414079163574582,0.0,169.78558196721312,0.0,16.57377049180328,16.0,1.0,183
uk,TLH1,GNN-oof-42,20.0,station,17.714269957478002,15.656445464472453,169.78558196721312,0.0,16.57377049180328,16.0,1.0,183
uk,TLH1,GNN-oof-123,20.0,station,19.32611461199665,17.644974001616816,169.78558196721312,0.0,16.57377049180328,16.0,1.0,183
uk,TLH1,GNN-oof-456,20.0,station,17.64046731971909,15.594936423759881,169.78558196721312,0.0,16.57377049180328,16.0,1.0,183
uk,TLE3,Uni,1.0,station,17.438154558289835,6.579885463706661,20.247958886179855,0.0,1.5869565217391304,1.0,1.0,92
uk,TLE3,LU,1.0,station,16.843207168121374,6.226596517276573,20.247958886179855,0.0,1.5869565217391304,1.0,1.0,92
uk,TLE3,LU-soft,1.0,station,15.592744740196494,5.757337319448282,20.247958886179855,0.0,1.5869565217391304,1.0,1.0,92
uk,TLE3,Ref,1.0,station,12.044335145753461,0.0,20.247958886179855,0.0,1.5869565217391304,1.0,1.0,92
uk,TLE3,GNN-oof-42,1.0,station,12.502864642131152,4.476674483708541,20.247958886179855,0.0,1.5869565217391304,1.0,1.0,92
uk,TLE3,GNN-oof-123,1.0,station,12.700802260207574,3.809408668861385,20.247958886179855,0.0,1.5869565217391304,1.0,1.0,92
uk,TLE3,GNN-oof-456,1.0,station,12.558943770106053,4.4212229665753675,20.247958886179855,0.0,1.5869565217391304,1.0,1.0,92
uk,TLE3,Uni,2.0,station,28.061859454692087,21.84242144604386,38.32126223620975,0.0,3.0217391304347827,2.0,1.0,92
uk,TLE3,LU,2.0,station,25.974609224160112,19.71288410321315,38.32126223620975,0.0,3.0217391304347827,2.0,1.0,92
uk,TLE3,LU-soft,2.0,station,22.919772394253574,16.897835547493013,38.32126223620975,0.0,3.0217391304347827,2.0,1.0,92
uk,TLE3,Ref,2.0,station,10.673445199213731,0.0,38.32126223620975,0.0,3.0217391304347827,2.0,1.0,92
uk,TLE3,GNN-oof-42,2.0,station,14.180889103274845,10.244712944305428,38.32126223620975,0.0,3.0217391304347827,2.0,1.0,92
uk,TLE3,GNN-oof-123,2.0,station,14.415645532534768,9.465194098403408,38.32126223620975,0.0,3.0217391304347827,2.0,1.0,92
uk,TLE3,GNN-oof-456,2.0,station,14.558097335600028,10.347655880644856,38.32126223620975,0.0,3.0217391304347827,2.0,1.0,92
uk,TLE3,Uni,3.0,station,45.25991938672289,40.61200751213827,66.63673926044174,0.0,5.282608695652174,4.0,1.0,92
uk,TLE3,LU,3.0,station,40.85043655752992,35.96764317417029,66.63673926044174,0.0,5.282608695652174,4.0,1.0,92
uk,TLE3,LU-soft,3.0,station,33.548948296221184,28.41093927028586,66.63673926044174,0.0,5.282608695652174,4.0,1.0,92
uk,TLE3,Ref,3.0,station,9.488516338554229,0.0,66.63673926044174,0.0,5.282608695652174,4.0,1.0,92
uk,TLE3,GNN-oof-42,3.0,station,21.262385263207268,16.53975517160058,66.63673926044174,0.0,5.282608695652174,4.0,1.0,92
uk,TLE3,GNN-oof-123,3.0,station,21.47415523394858,16.57152174053172,66.63673926044174,0.0,5.282608695652174,4.0,1.0,92
uk,TLE3,GNN-oof-456,3.0,station,22.177988964731547,17.87435058827125,66.63673926044174,0.0,5.282608695652174,4.0,1.0,92
uk,TLE3,Uni,5.0,station,93.63788587127002,82.68136070260343,150.67175900927904,0.0,11.91304347826087,8.0,1.0,92
uk,TLE3,LU,5.0,station,83.21753376260776,72.10625997002968,150.67175900927904,0.0,11.91304347826087,8.0,1.0,92
uk,TLE3,LU-soft,5.0,station,57.44755717472126,45.90428945601696,150.67175900927904,0.0,11.91304347826087,8.0,1.0,92
uk,TLE3,Ref,5.0,station,14.372525752069953,0.0,150.67175900927904,0.0,11.91304347826087,8.0,1.0,92
uk,TLE3,GNN-oof-42,5.0,station,39.619436688191534,28.810532035800296,150.67175900927904,0.0,11.91304347826087,8.0,1.0,92
uk,TLE3,GNN-oof-123,5.0,station,40.58361259433544,29.3013170264687,150.67175900927904,0.0,11.91304347826087,8.0,1.0,92
uk,TLE3,GNN-oof-456,5.0,station,36.55232116837202,28.638181987146126,150.67175900927904,0.0,11.91304347826087,8.0,1.0,92
uk,TLE3,Uni,7.5,station,134.86479851051732,116.43999577625108,259.3274948013357,0.0,20.782608695652176,14.5,1.0,92
uk,TLE3,LU,7.5,station,122.99996551593233,103.97414493351657,259.3274948013357,0.0,20.782608695652176,14.5,1.0,92
uk,TLE3,LU-soft,7.5,station,70.66614375551731,51.71595217616889,259.3274948013357,0.0,20.782608695652176,14.5,1.0,92
uk,TLE3,Ref,7.5,station,20.970191015779207,0.0,259.3274948013357,0.0,20.782608695652176,14.5,1.0,92
uk,TLE3,GNN-oof-42,7.5,station,50.43983907598237,31.394317138667486,259.3274948013357,0.0,20.782608695652176,14.5,1.0,92
uk,TLE3,GNN-oof-123,7.5,station,55.86710387324226,36.79247270388465,259.3274948013357,0.0,20.782608695652176,14.5,1.0,92
uk,TLE3,GNN-oof-456,7.5,station,38.190273804966836,24.40455500748521,259.3274948013357,0.0,20.782608695652176,14.5,1.0,92
uk,TLE3,Uni,10.0,station,130.9522112362678,121.71359442396236,341.7358065529835,0.0,27.608695652173914,23.0,1.0,92
uk,TLE3,LU,10.0,station,122.54901958668258,113.11312204891264,341.7358065529835,0.0,27.608695652173914,23.0,1.0,92
uk,TLE3,LU-soft,10.0,station,50.71600981526707,40.89324241989687,341.7358065529835,0.0,27.608695652173914,23.0,1.0,92
uk,TLE3,Ref,10.0,station,14.041606497630237,0.0,341.7358065529835,0.0,27.608695652173914,23.0,1.0,92
uk,TLE3,GNN-oof-42,10.0,station,41.75969104498566,32.11428433348527,341.7358065529835,0.0,27.608695652173914,23.0,1.0,92
uk,TLE3,GNN-oof-123,10.0,station,48.144645809272404,39.05075540215805,341.7358065529835,0.0,27.608695652173914,23.0,1.0,92
uk,TLE3,GNN-oof-456,10.0,station,27.78158691157281,20.6111621408076,341.7358065529835,0.0,27.608695652173914,23.0,1.0,92
uk,TLE3,Uni,15.0,station,107.15747546112225,98.88659445659168,508.1145424591412,0.0,41.02173913043478,47.0,1.0,92
uk,TLE3,LU,15.0,station,108.42256165432552,100.18833561440341,508.1145424591412,0.0,41.02173913043478,47.0,1.0,92
uk,TLE3,LU-soft,15.0,station,34.75775612023773,24.665306021293027,508.1145424591412,0.0,41.02173913043478,47.0,1.0,92
uk,TLE3,Ref,15.0,station,15.065394290166328,0.0,508.1145424591412,0.0,41.02173913043478,47.0,1.0,92
uk,TLE3,GNN-oof-42,15.0,station,26.894969884873664,17.170874283313047,508.1145424591412,0.0,41.02173913043478,47.0,1.0,92
uk,TLE3,GNN-oof-123,15.0,station,38.49823050131563,29.407398751866225,508.1145424591412,0.0,41.02173913043478,47.0,1.0,92
uk,TLE3,GNN-oof-456,15.0,station,18.795776893933038,16.298138743033487,508.1145424591412,0.0,41.02173913043478,47.0,1.0,92
uk,TLE3,Uni,20.0,station,92.76547385490066,81.88543374897685,697.6686653892167,0.0,56.06521739130435,61.0,1.0,92
uk,TLE3,LU,20.0,station,93.51513749639471,83.60710342111193,697.6686653892167,0.0,56.06521739130435,61.0,1.0,92
uk,TLE3,LU-soft,20.0,station,42.067564208998895,29.604948873616497,697.6686653892167,0.0,56.06521739130435,61.0,1.0,92
uk,TLE3,Ref,20.0,station,16.732246450244016,0.0,697.6686653892167,0.0,56.06521739130435,61.0,1.0,92
uk,TLE3,GNN-oof-42,20.0,station,26.682766661892252,23.022219212326412,697.6686653892167,0.0,56.06521739130435,61.0,1.0,92
uk,TLE3,GNN-oof-123,20.0,station,41.89611669913362,33.64390941018344,697.6686653892167,0.0,56.06521739130435,61.0,1.0,92
uk,TLE3,GNN-oof-456,20.0,station,20.100351907433797,16.463940776277,697.6686653892167,0.0,56.06521739130435,61.0,1.0,92
uk,TLD3,Uni,1.0,station,14.662983915372314,8.292696976516297,20.785283727939174,0.0,1.6242774566473988,1.0,1.0,173
uk,TLD3,LU,1.0,station,13.556408613010255,7.771441621772853,20.785283727939174,0.0,1.6242774566473988,1.0,1.0,173
uk,TLD3,LU-soft,1.0,station,13.270888647871873,8.767871365731773,20.785283727939174,0.0,1.6242774566473988,1.0,1.0,173
uk,TLD3,Ref,1.0,station,8.294045418034564,0.0,20.785283727939174,0.0,1.6242774566473988,1.0,1.0,173
uk,TLD3,GNN-oof-42,1.0,station,11.501348055539086,6.719051862146667,20.785283727939174,0.0,1.6242774566473988,1.0,1.0,173
uk,TLD3,GNN-oof-123,1.0,station,11.303088335702277,6.713607766816988,20.785283727939174,0.0,1.6242774566473988,1.0,1.0,173
uk,TLD3,GNN-oof-456,1.0,station,11.37816927299799,6.747261722760914,20.785283727939174,0.0,1.6242774566473988,1.0,1.0,173
uk,TLD3,Uni,2.0,station,30.866452450001457,24.070246195028908,50.90121475127417,0.0,4.0520231213872835,3.0,1.0,173
uk,TLD3,LU,2.0,station,27.854526235359113,21.543502115406383,50.90121475127417,0.0,4.0520231213872835,3.0,1.0,173
uk,TLD3,LU-soft,2.0,station,27.455094633141535,21.99247792269099,50.90121475127417,0.0,4.0520231213872835,3.0,1.0,173
uk,TLD3,Ref,2.0,station,10.819632062786669,0.0,50.90121475127417,0.0,4.0520231213872835,3.0,1.0,173
uk,TLD3,GNN-oof-42,2.0,station,20.711529858753995,15.409767767261835,50.90121475127417,0.0,4.0520231213872835,3.0,1.0,173
uk,TLD3,GNN-oof-123,2.0,station,20.389278164518498,14.904276965242147,50.90121475127417,0.0,4.0520231213872835,3.0,1.0,173
uk,TLD3,GNN-oof-456,2.0,station,19.708644480867957,14.625892322847985,50.90121475127417,0.0,4.0520231213872835,3.0,1.0,173
uk,TLD3,Uni,3.0,station,46.77755600884871,39.411033857743426,95.4065748319044,0.0,7.61271676300578,6.0,1.0,173
uk,TLD3,LU,3.0,station,41.68423563951784,35.19520444229858,95.4065748319044,0.0,7.61271676300578,6.0,1.0,173
uk,TLD3,LU-soft,3.0,station,39.610151049762266,33.56037076852325,95.4065748319044,0.0,7.61271676300578,6.0,1.0,173
uk,TLD3,Ref,3.0,station,12.090305591441826,0.0,95.4065748319044,0.0,7.61271676300578,6.0,1.0,173
uk,TLD3,GNN-oof-42,3.0,station,26.77076000086084,21.958634609963326,95.4065748319044,0.0,7.61271676300578,6.0,1.0,173
uk,TLD3,GNN-oof-123,3.0,station,26.034441225436645,21.022718101208927,95.4065748319044,0.0,7.61271676300578,6.0,1.0,173
uk,TLD3,GNN-oof-456,3.0,station,24.07092176790847,19.84163567066729,95.4065748319044,0.0,7.61271676300578,6.0,1.0,173
uk,TLD3,Uni,5.0,station,75.16752370661747,67.31018961320275,216.53435235488513,0.0,17.416184971098264,14.0,1.0,173
uk,TLD3,LU,5.0,station,66.02736749605828,58.10344276020167,216.53435235488513,0.0,17.416184971098264,14.0,1.0,173
uk,TLD3,LU-soft,5.0,station,59.27509905241373,51.36416990967592,216.53435235488513,0.0,17.416184971098264,14.0,1.0,173
uk,TLD3,Ref,5.0,station,13.252624898226518,0.0,216.53435235488513,0.0,17.416184971098264,14.0,1.0,173
uk,TLD3,GNN-oof-42,5.0,station,41.380767189564864,33.96926969028783,216.53435235488513,0.0,17.416184971098264,14.0,1.0,173
uk,TLD3,GNN-oof-123,5.0,station,41.24549534404421,33.86562655619591,216.53435235488513,0.0,17.416184971098264,14.0,1.0,173
uk,TLD3,GNN-oof-456,5.0,station,35.929595117672285,28.48886909062713,216.53435235488513,0.0,17.416184971098264,14.0,1.0,173
uk,TLD3,Uni,7.5,station,104.87928917147775,95.23506626881539,413.38492428046226,0.0,33.28901734104046,28.0,1.0,173
uk,TLD3,LU,7.5,station,87.13015128571725,78.62747248582507,413.38492428046226,0.0,33.28901734104046,28.0,1.0,173
uk,TLD3,LU-soft,7.5,station,72.86416028732516,64.87361333854037,413.38492428046226,0.0,33.28901734104046,28.0,1.0,173
uk,TLD3,Ref,7.5,station,15.682236485084454,0.0,413.38492428046226,0.0,33.28901734104046,28.0,1.0,173
uk,TLD3,GNN-oof-42,7.5,station,49.547355323591894,42.89810483987754,413.38492428046226,0.0,33.28901734104046,28.0,1.0,173
uk,TLD3,GNN-oof-123,7.5,station,51.04162223667034,44.29974734028683,413.38492428046226,0.0,33.28901734104046,28.0,1.0,173
uk,TLD3,GNN-oof-456,7.5,station,44.6360445426313,37.34377348378377,413.38492428046226,0.0,33.28901734104046,28.0,1.0,173
uk,TLD3,Uni,10.0,station,129.99694827635616,114.61445405862,660.2222562943934,0.0,53.27745664739884,52.0,1.0,173
uk,TLD3,LU,10.0,station,106.26489162755446,91.60163150555779,660.2222562943934,0.0,53.27745664739884,52.0,1.0,173
uk,TLD3,LU-soft,10.0,station,80.00733894678753,66.38356725896209,660.2222562943934,0.0,53.27745664739884,52.0,1.0,173
uk,TLD3,Ref,10.0,station,20.50982237930603,0.0,660.2222562943934,0.0,53.27745664739884,52.0,1.0,173
uk,TLD3,GNN-oof-42,10.0,station,55.505987431617164,42.02073734473866,660.2222562943934,0.0,53.27745664739884,52.0,1.0,173
uk,TLD3,GNN-oof-123,10.0,station,60.26623867396713,46.77197370926401,660.2222562943934,0.0,53.27745664739884,52.0,1.0,173
uk,TLD3,GNN-oof-456,10.0,station,49.525750316414985,36.1503425943556,660.2222562943934,0.0,53.27745664739884,52.0,1.0,173
uk,TLD3,Uni,15.0,station,149.89981088871707,132.16373862676534,1162.917862620989,0.0,94.59537572254335,100.0,1.0,173
uk,TLD3,LU,15.0,station,125.31140817879653,107.71351007744565,1162.917862620989,0.0,94.59537572254335,100.0,1.0,173
uk,TLD3,LU-soft,15.0,station,70.865847893227,52.36094351702736,1162.917862620989,0.0,94.59537572254335,100.0,1.0,173
uk,TLD3,Ref,15.0,station,23.5546915529768,0.0,1162.917862620989,0.0,94.59537572254335,100.0,1.0,173
uk,TLD3,GNN-oof-42,15.0,station,46.35237113104333,32.67519819020926,1162.917862620989,0.0,94.59537572254335,100.0,1.0,173
uk,TLD3,GNN-oof-123,15.0,station,55.97113811848722,39.104471263209106,1162.917862620989,0.0,94.59537572254335,100.0,1.0,173
uk,TLD3,GNN-oof-456,15.0,station,41.59436272223444,28.19930154182859,1162.917862620989,0.0,94.59537572254335,100.0,1.0,173
uk,TLD3,Uni,20.0,station,133.03869917569565,117.90997118551388,1577.4939390000382,0.0,128.38728323699422,134.0,1.0,173
uk,TLD3,LU,20.0,station,117.64581533087315,102.28118988432307,1577.4939390000382,0.0,128.38728323699422,134.0,1.0,173
uk,TLD3,LU-soft,20.0,station,57.39119242768321,45.351556872155314,1577.4939390000382,0.0,128.38728323699422,134.0,1.0,173
uk,TLD3,Ref,20.0,station,21.066051567754457,0.0,1577.4939390000382,0.0,128.38728323699422,134.0,1.0,173
uk,TLD3,GNN-oof-42,20.0,station,42.43504409694272,31.110375593361223,1577.4939390000382,0.0,128.38728323699422,134.0,1.0,173
uk,TLD3,GNN-oof-123,20.0,station,55.13453932812469,39.5044975127058,1577.4939390000382,0.0,128.38728323699422,134.0,1.0,173
uk,TLD3,GNN-oof-456,20.0,station,39.07019818216529,27.672839903288924,1577.4939390000382,0.0,128.38728323699422,134.0,1.0,173
uk,TLD4,Uni,1.0,station,10.859886373257043,2.5348679069455415,12.6772906503913,0.0,1.1981981981981982,1.0,1.0,111
uk,TLD4,LU,1.0,station,10.716067084291424,2.492842325841154,12.6772906503913,0.0,1.1981981981981982,1.0,1.0,111
uk,TLD4,LU-soft,1.0,station,8.960457950117698,2.837879977865688,12.6772906503913,0.0,1.1981981981981982,1.0,1.0,111
uk,TLD4,Ref,1.0,station,9.006277280293139,0.0,12.6772906503913,0.0,1.1981981981981982,1.0,1.0,111
uk,TLD4,GNN-oof-42,1.0,station,8.683508037984732,3.3091066713575716,12.6772906503913,0.0,1.1981981981981982,1.0,1.0,111
uk,TLD4,GNN-oof-123,1.0,station,8.370878480534037,3.421784127600114,12.6772906503913,0.0,1.1981981981981982,1.0,1.0,111
uk,TLD4,GNN-oof-456,1.0,station,8.869357863415326,3.4659266582074517,12.6772906503913,0.0,1.1981981981981982,1.0,1.0,111
uk,TLD4,Uni,2.0,station,18.332267167557717,7.938817790223918,25.060289799451198,0.0,2.315315315315315,2.0,1.0,111
uk,TLD4,LU,2.0,station,17.92384064692638,7.691137143916788,25.060289799451198,0.0,2.315315315315315,2.0,1.0,111
uk,TLD4,LU-soft,2.0,station,13.065459383608014,6.9663881908401954,25.060289799451198,0.0,2.315315315315315,2.0,1.0,111
uk,TLD4,Ref,2.0,station,12.198843009610284,0.0,25.060289799451198,0.0,2.315315315315315,2.0,1.0,111
uk,TLD4,GNN-oof-42,2.0,station,12.675347871995442,7.76925767553256,25.060289799451198,0.0,2.315315315315315,2.0,1.0,111
uk,TLD4,GNN-oof-123,2.0,station,11.843004817264886,7.887955309384177,25.060289799451198,0.0,2.315315315315315,2.0,1.0,111
uk,TLD4,GNN-oof-456,2.0,station,12.444289154351466,8.34857398922647,25.060289799451198,0.0,2.315315315315315,2.0,1.0,111
uk,TLD4,Uni,3.0,station,22.178022865120187,14.078204808548122,35.11095543100519,0.0,3.234234234234234,3.0,1.0,111
uk,TLD4,LU,3.0,station,21.626729513388707,13.96993971655844,35.11095543100519,0.0,3.234234234234234,3.0,1.0,111
uk,TLD4,LU-soft,3.0,station,14.430815155131594,10.111295325083653,35.11095543100519,0.0,3.234234234234234,3.0,1.0,111
uk,TLD4,Ref,3.0,station,11.094893828540725,0.0,35.11095543100519,0.0,3.234234234234234,3.0,1.0,111
uk,TLD4,GNN-oof-42,3.0,station,15.212372092447232,10.54874180831613,35.11095543100519,0.0,3.234234234234234,3.0,1.0,111
uk,TLD4,GNN-oof-123,3.0,station,13.51627567515012,9.781915819483642,35.11095543100519,0.0,3.234234234234234,3.0,1.0,111
uk,TLD4,GNN-oof-456,3.0,station,14.360179070497729,10.704302225404104,35.11095543100519,0.0,3.234234234234234,3.0,1.0,111
uk,TLD4,Uni,5.0,station,37.29015830492759,26.61956115690261,68.48712143037157,0.0,6.207207207207207,6.0,1.0,111
uk,TLD4,LU,5.0,station,37.20449016602608,26.90597678168585,68.48712143037157,0.0,6.207207207207207,6.0,1.0,111
uk,TLD4,LU-soft,5.0,station,23.866470004251358,16.51635956447672,68.48712143037157,0.0,6.207207207207207,6.0,1.0,111
uk,TLD4,Ref,5.0,station,14.137376884468843,0.0,68.48712143037157,0.0,6.207207207207207,6.0,1.0,111
uk,TLD4,GNN-oof-42,5.0,station,24.89968531683017,16.67371344470596,68.48712143037157,0.0,6.207207207207207,6.0,1.0,111
uk,TLD4,GNN-oof-123,5.0,station,18.719499075263613,11.215067148936496,68.48712143037157,0.0,6.207207207207207,6.0,1.0,111
uk,TLD4,GNN-oof-456,5.0,station,19.99044241182634,13.592040340485347,68.48712143037157,0.0,6.207207207207207,6.0,1.0,111
uk,TLD4,Uni,7.5,station,47.24527523244964,38.52673167366739,108.3950137747287,0.0,9.846846846846846,10.0,1.0,111
uk,TLD4,LU,7.5,station,47.151137865668595,40.085452203224435,108.3950137747287,0.0,9.846846846846846,10.0,1.0,111
uk,TLD4,LU-soft,7.5,station,27.362322781100822,20.870857453385966,108.3950137747287,0.0,9.846846846846846,10.0,1.0,111
uk,TLD4,Ref,7.5,station,11.997519208492104,0.0,108.3950137747287,0.0,9.846846846846846,10.0,1.0,111
uk,TLD4,GNN-oof-42,7.5,station,28.52218234476809,22.49897508298046,108.3950137747287,0.0,9.846846846846846,10.0,1.0,111
uk,TLD4,GNN-oof-123,7.5,station,19.999268483650308,13.60528538095367,108.3950137747287,0.0,9.846846846846846,10.0,1.0,111
uk,TLD4,GNN-oof-456,7.5,station,21.503184476578987,15.492419664826162,108.3950137747287,0.0,9.846846846846846,10.0,1.0,111
uk,TLD4,Uni,10.0,station,50.01535143002214,45.24299914792591,148.6658585203686,0.0,13.522522522522523,14.0,1.0,111
uk,TLD4,LU,10.0,station,52.77707202539566,49.477761956180615,148.6658585203686,0.0,13.522522522522523,14.0,1.0,111
uk,TLD4,LU-soft,10.0,station,30.83789553779796,26.604355832907835,148.6658585203686,0.0,13.522522522522523,14.0,1.0,111
uk,TLD4,Ref,10.0,station,11.419317044951065,0.0,148.6658585203686,0.0,13.522522522522523,14.0,1.0,111
uk,TLD4,GNN-oof-42,10.0,station,30.158496429877452,27.228700689257995,148.6658585203686,0.0,13.522522522522523,14.0,1.0,111
uk,TLD4,GNN-oof-123,10.0,station,20.278654803438926,15.609293369521026,148.6658585203686,0.0,13.522522522522523,14.0,1.0,111
uk,TLD4,GNN-oof-456,10.0,station,23.062720033835767,18.528113609269948,148.6658585203686,0.0,13.522522522522523,14.0,1.0,111
uk,TLD4,Uni,15.0,station,60.03796619602601,56.29456077824158,266.9272254009265,0.0,24.35135135135135,25.0,1.0,111
uk,TLD4,LU,15.0,station,65.89802206613453,62.646659664000964,266.9272254009265,0.0,24.35135135135135,25.0,1.0,111
uk,TLD4,LU-soft,15.0,station,40.54420190739135,36.61481005171421,266.9272254009265,0.0,24.35135135135135,25.0,1.0,111
uk,TLD4,Ref,15.0,station,13.824166729725471,0.0,266.9272254009265,0.0,24.35135135135135,25.0,1.0,111
uk,TLD4,GNN-oof-42,15.0,station,36.742176099090685,32.4766993706926,266.9272254009265,0.0,24.35135135135135,25.0,1.0,111
uk,TLD4,GNN-oof-123,15.0,station,19.590982827322193,18.893841503602786,266.9272254009265,0.0,24.35135135135135,25.0,1.0,111
uk,TLD4,GNN-oof-456,15.0,station,22.849697757969025,23.741576812306203,266.9272254009265,0.0,24.35135135135135,25.0,1.0,111
uk,TLD4,Uni,20.0,station,73.80239569884704,72.0207646549433,389.18761965515984,0.0,35.86486486486486,38.0,1.0,111
uk,TLD4,LU,20.0,station,79.21669518849683,76.94042976822293,389.18761965515984,0.0,35.86486486486486,38.0,1.0,111
uk,TLD4,LU-soft,20.0,station,41.45602678003903,38.8065169841718,389.18761965515984,0.0,35.86486486486486,38.0,1.0,111
uk,TLD4,Ref,20.0,station,14.211154895388887,0.0,389.18761965515984,0.0,35.86486486486486,38.0,1.0,111
uk,TLD4,GNN-oof-42,20.0,station,35.376743380536546,28.813814285274848,389.18761965515984,0.0,35.86486486486486,38.0,1.0,111
uk,TLD4,GNN-oof-123,20.0,station,20.59900159376896,20.706012101604387,389.18761965515984,0.0,35.86486486486486,38.0,1.0,111
uk,TLD4,GNN-oof-456,20.0,station,22.917753729600012,23.9194109678316,389.18761965515984,0.0,35.86486486486486,38.0,1.0,111
