country,method,bound,tau,tau_display,display_unit,n,pass_rate
uk,GNN,L_S_bound,299999.99999999994,0.29999999999999993,GBP_m,249,0.056224899598393573
uk,GNN,L_S_bound,315702.28468146769,0.31570228468146772,GBP_m,249,0.056224899598393573
uk,GNN,L_S_bound,332226.4418436616,0.33222644184366157,GBP_m,249,0.056224899598393573
uk,GNN,L_S_bound,349615.48907212907,0.34961548907212908,GBP_m,249,0.056224899598393573
uk,GNN,L_S_bound,367914.69553366618,0.36791469553366618,GBP_m,249,0.060240963855421686
uk,GNN,L_S_bound,387171.69982621662,0.38717169982621663,GBP_m,249,0.060240963855421686
uk,GNN,L_S_bound,407436.63399714674,0.40743663399714675,GBP_m,249,0.060240963855421686
uk,GNN,L_S_bound,428762.25405275391,0.42876225405275392,GBP_m,249,0.060240963855421686
uk,GNN,L_S_bound,451204.07729876763,0.45120407729876766,GBP_m,249,0.060240963855421686
uk,GNN,L_S_bound,474820.52686938172,0.4748205268693817,GBP_m,249,0.060240963855421686
uk,GNN,L_S_bound,499673.08382107347,0.49967308382107345,GBP_m,249,0.060240963855421686
uk,GNN,L_S_bound,525826.44718715793,0.52582644718715787,GBP_m,249,0.060240963855421686
uk,GNN,L_S_bound,553348.70240974962,0.55334870240974965,GBP_m,249,0.060240963855421686
uk,GNN,L_S_bound,582311.49858761183,0.58231149858761178,GBP_m,249,0.060240963855421686
uk,GNN,L_S_bound,612790.2350013277,0.61279023500132768,GBP_m,249,0.060240963855421686
uk,GNN,L_S_bound,644864.25740137557,0.64486425740137554,GBP_m,249,0.060240963855421686
uk,GNN,L_S_bound,678617.06457010773,0.67861706457010773,GBP_m,249,0.060240963855421686
uk,GNN,L_S_bound,714136.52569538041,0.71413652569538044,GBP_m,249,0.060240963855421686
uk,GNN,L_S_bound,751515.10912172415,0.75151510912172415,GBP_m,249,0.060240963855421686
uk,GNN,L_S_bound,790850.12307456951,0.79085012307456948,GBP_m,249,0.060240963855421686
uk,GNN,L_S_bound,832243.96898420493,0.83224396898420494,GBP_m,249,0.064257028112449793
uk,GNN,L_S_bound,875804.40806895366,0.87580440806895365,GBP_m,249,0.064257028112449793
uk,GNN,L_S_bound,921644.84187156358,0.92164484187156359,GBP_m,249,0.064257028112449793
uk,GNN,L_S_bound,969884.60747914226,0.96988460747914229,GBP_m,249,0.068273092369477914
uk,GNN,L_S_bound,1020649.2881951792,1.0206492881951792,GBP_m,249,0.068273092369477914
uk,GNN,L_S_bound,1074071.0404724397,1.0740710404724396,GBP_m,249,0.068273092369477914
uk,GNN,L_S_bound,1130288.9379578342,1.1302889379578342,GBP_m,249,0.068273092369477914
uk,GNN,L_S_bound,1189449.3335449267,1.1894493335449268,GBP_m,249,0.072289156626506021
uk,GNN,L_S_bound,1251706.2403766084,1.2517062403766084,GBP_m,249,0.072289156626506021
uk,GNN,L_S_bound,1317221.7327898191,1.317221732789819,GBP_m,249,0.072289156626506021
uk,GNN,L_S_bound,1386166.3682460915,1.3861663682460916,GBP_m,249,0.072289156626506021
uk,GNN,L_S_bound,1458719.6313463461,1.4587196313463462,GBP_m,249,0.072289156626506021
uk,GNN,L_S_bound,1535070.4010858329,1.5350704010858329,GBP_m,249,0.072289156626506021
uk,GNN,L_S_bound,1615417.4425656481,1.615417442565648,GBP_m,249,0.072289156626506021
uk,GNN,L_S_bound,1699969.9244408961,1.6999699244408961,GBP_m,249,0.072289156626506021
uk,GNN,L_S_bound,1788947.963452576,1.788947963452576,GBP_m,249,0.072289156626506021
uk,GNN,L_S_bound,1882583.1974607902,1.8825831974607901,GBP_m,249,0.072289156626506021
uk,GNN,L_S_bound,1981119.3884710472,1.9811193884710472,GBP_m,249,0.072289156626506021
uk,GNN,L_S_bound,2084813.0572235393,2.0848130572235393,GBP_m,249,0.072289156626506021
uk,GNN,L_S_bound,2193934.1509974226,2.1939341509974226,GBP_m,249,0.072289156626506021
uk,GNN,L_S_bound,2308766.746368608,2.3087667463686081,GBP_m,249,0.072289156626506021
uk,GNN,L_S_bound,2429609.788750561,2.429609788750561,GBP_m,249,0.072289156626506021
uk,GNN,L_S_bound,2556777.870643368,2.5567778706433679,GBP_m,249,0.072289156626506021
uk,GNN,L_S_bound,2690602.0506170979,2.6906020506170978,GBP_m,249,0.072289156626506021
uk,GNN,L_S_bound,2831430.7151615322,2.8314307151615323,GBP_m,249,0.072289156626506021
uk,GNN,L_S_bound,2979630.4856459261,2.9796304856459259,GBP_m,249,0.072289156626506021
uk,GNN,L_S_bound,3135587.1727499003,3.1355871727499003,GBP_m,249,0.072289156626506021
uk,GNN,L_S_bound,3299706.7808501585,3.2997067808501583,GBP_m,249,0.072289156626506021
uk,GNN,L_S_bound,3472416.5649777539,3.4724165649777539,GBP_m,249,0.072289156626506021
uk,GNN,L_S_bound,3654166.1430975036,3.6541661430975036,GBP_m,249,0.072289156626506021
uk,GNN,L_S_bound,3845428.6666051634,3.8454286666051636,GBP_m,249,0.072289156626506021
uk,GNN,L_S_bound,4046702.0520895314,4.0467020520895316,GBP_m,249,0.072289156626506021
uk,GNN,L_S_bound,4258510.2775661629,4.2585102775661632,GBP_m,249,0.072289156626506021
uk,GNN,L_S_bound,4481404.7465571631,4.4814047465571631,GBP_m,249,0.072289156626506021
uk,GNN,L_S_bound,4715965.7235682346,4.7159657235682344,GBP_m,249,0.072289156626506021
uk,GNN,L_S_bound,4962803.8446999425,4.9628038446999421,GBP_m,249,0.072289156626506021
uk,GNN,L_S_bound,5222561.7073258124,5.2225617073258128,GBP_m,249,0.072289156626506021
uk,GNN,L_S_bound,5495915.5429756856,5.4959155429756859,GBP_m,249,0.072289156626506021
uk,GNN,L_S_bound,5783576.9777793773,5.7835769777793775,GBP_m,249,0.072289156626506021
uk,GNN,L_S_bound,6086294.8850536263,6.0862948850536265,GBP_m,249,0.072289156626506021
uk,GNN,L_S_bound,6404857.3348551998,6.4048573348551994,GBP_m,249,0.072289156626506021
uk,GNN,L_S_bound,6740093.6455754768,6.7400936455754765,GBP_m,249,0.072289156626506021
uk,GNN,L_S_bound,7092876.5429174025,7.0928765429174021,GBP_m,249,0.072289156626506021
uk,GNN,L_S_bound,7464124.4318753807,7.4641244318753808,GBP_m,249,0.072289156626506021
uk,GNN,L_S_bound,7854803.7876327336,7.8548037876327337,GBP_m,249,0.072289156626506021
uk,GNN,L_S_bound,8265931.6716010012,8.2659316716010007,GBP_m,249,0.072289156626506021
uk,GNN,L_S_bound,8698578.379151132,8.6985783791511313,GBP_m,249,0.072289156626506021
uk,GNN,L_S_bound,9153870.2259294372,9.1538702259294364,GBP_m,249,0.072289156626506021
uk,GNN,L_S_bound,9632992.480011953,9.6329924800119535,GBP_m,249,0.072289156626506021
uk,GNN,L_S_bound,10137192.447530566,10.137192447530566,GBP_m,249,0.072289156626506021
uk,GNN,L_S_bound,10667782.719803732,10.667782719803732,GBP_m,249,0.072289156626506021
uk,GNN,L_S_bound,11226144.590425067,11.226144590425067,GBP_m,249,0.076305220883534142
uk,GNN,L_S_bound,11813731.651205644,11.813731651205645,GBP_m,249,0.080321285140562249
uk,GNN,L_S_bound,12432073.576331301,12.4320735763313,GBP_m,249,0.084337349397590355
uk,GNN,L_S_bound,13082780.104586324,13.082780104586323,GBP_m,249,0.084337349397590355
uk,GNN,L_S_bound,13767545.230010509,13.76754523001051,GBP_m,249,0.088353413654618476
uk,GNN,L_S_bound,14488151.611899205,14.488151611899205,GBP_m,249,0.088353413654618476
uk,GNN,L_S_bound,15246475.215626894,15.246475215626894,GBP_m,249,0.088353413654618476
uk,GNN,L_S_bound,16044490.19637594,16.044490196375939,GBP_m,249,0.092369477911646583
uk,GNN,L_S_bound,16884274.038484313,16.884274038484314,GBP_m,249,0.096385542168674704
uk,GNN,L_S_bound,17768012.963791635,17.768012963791634,GBP_m,249,0.10843373493975904
uk,GNN,L_S_bound,18698007.623063184,18.698007623063184,GBP_m,249,0.10843373493975904
uk,GNN,L_S_bound,19676679.085308488,19.676679085308489,GBP_m,249,0.10843373493975904
uk,GNN,L_S_bound,20706575.140586477,20.706575140586477,GBP_m,249,0.11646586345381527
uk,GNN,L_S_bound,21790376.932705451,21.790376932705449,GBP_m,249,0.12048192771084337
uk,GNN,L_S_bound,22930905.939084876,22.930905939084877,GBP_m,249,0.12851405622489959
uk,GNN,L_S_bound,24131131.315949775,24.131131315949776,GBP_m,249,0.12851405622489959
uk,GNN,L_S_bound,25394177.62797951,25.394177627979509,GBP_m,249,0.12851405622489959
uk,GNN,L_S_bound,26723332.982533824,26.723332982533822,GBP_m,249,0.12851405622489959
uk,GNN,L_S_bound,28122057.589631829,28.122057589631829,GBP_m,249,0.13253012048192772
uk,GNN,L_S_bound,29593992.769968592,29.59399276996859,GBP_m,249,0.13654618473895583
uk,GNN,L_S_bound,31142970.43441974,31.142970434419741,GBP_m,249,0.14859437751004015
uk,GNN,L_S_bound,32773023.05971238,32.773023059712379,GBP_m,249,0.14859437751004015
uk,GNN,L_S_bound,34488394.186232075,34.488394186232078,GBP_m,249,0.14859437751004015
uk,GNN,L_S_bound,36293549.465295054,36.293549465295051,GBP_m,249,0.15261044176706828
uk,GNN,L_S_bound,38193188.284645028,38.193188284645025,GBP_m,249,0.1646586345381526
uk,GNN,L_S_bound,40192256.002439685,40.192256002439684,GBP_m,249,0.16867469879518071
uk,GNN,L_S_bound,42295956.82157547,42.295956821575473,GBP_m,249,0.17269076305220885
uk,GNN,L_S_bound,44509767.337866962,44.509767337866961,GBP_m,249,0.20481927710843373
uk,GNN,L_S_bound,46839450.797350556,46.839450797350558,GBP_m,249,0.22489959839357429
uk,GNN,L_S_bound,49291072.099829219,49.291072099829222,GBP_m,249,0.24096385542168675
uk,GNN,L_S_bound,51871013.587716736,51.871013587716739,GBP_m,249,0.27309236947791166
uk,GNN,L_S_bound,54585991.66128543,54.585991661285433,GBP_m,249,0.28915662650602408
uk,GNN,L_S_bound,57443074.263571188,57.443074263571191,GBP_m,249,0.30923694779116467
uk,GNN,L_S_bound,60449699.280455485,60.449699280455484,GBP_m,249,0.36144578313253012
uk,GNN,L_S_bound,63613693.903824903,63.613693903824903,GBP_m,249,0.39357429718875503
uk,GNN,L_S_bound,66943295.008216925,66.943295008216921,GBP_m,249,0.42168674698795183
uk,GNN,L_S_bound,70447170.593998596,70.447170593998592,GBP_m,249,0.44578313253012047
uk,GNN,L_S_bound,74134442.352901548,74.134442352901544,GBP_m,249,0.4859437751004016
uk,GNN,L_S_bound,78014709.414658606,78.014709414658611,GBP_m,249,0.53413654618473894
uk,GNN,L_S_bound,82098073.336561784,82.098073336561782,GBP_m,249,0.56224899598393574
uk,GNN,L_S_bound,86395164.400997475,86.395164400997473,GBP_m,249,0.59437751004016059
uk,GNN,L_S_bound,90917169.289419711,90.917169289419704,GBP_m,249,0.60642570281124497
uk,GNN,L_S_bound,95675860.20480524,95.675860204805247,GBP_m,249,0.61847389558232935
uk,GNN,L_S_bound,100683625.51840584,100.68362551840583,GBP_m,249,0.65461847389558236
uk,GNN,L_S_bound,105953502.02058005,105.95350202058005,GBP_m,249,0.69477911646586343
uk,GNN,L_S_bound,111499208.85966554,111.49920885966554,GBP_m,249,0.74297188755020083
uk,GNN,L_S_bound,117335183.25724176,117.33518325724175,GBP_m,249,0.79919678714859432
uk,GNN,L_S_bound,123476618.09276652,123.47661809276653,GBP_m,249,0.81927710843373491
uk,GNN,L_S_bound,129939501.45542468,129.93950145542468,GBP_m,249,0.83534136546184734
uk,GNN,L_S_bound,136740658.26616144,136.74065826616143,GBP_m,249,0.85943775100401609
uk,GNN,L_S_bound,143897794.07825011,143.89779407825012,GBP_m,249,0.8875502008032129
uk,GNN,L_S_bound,151429541.170423,151.42954117042299,GBP_m,249,0.89558232931726911
uk,GNN,L_S_bound,159355507.05256322,159.35550705256321,GBP_m,249,0.90361445783132532
uk,GNN,L_S_bound,167696325.51022634,167.69632551022633,GBP_m,249,0.91566265060240959
uk,GNN,L_S_bound,176473710.32088536,176.47371032088537,GBP_m,249,0.91967871485943775
uk,GNN,L_S_bound,185710511.78172985,185.71051178172985,GBP_m,249,0.95180722891566261
uk,GNN,L_S_bound,195430776.19618934,195.43077619618936,GBP_m,249,0.95582329317269077
uk,GNN,L_S_bound,205659808.47403175,205.65980847403173,GBP_m,249,0.96787148594377514
uk,GNN,L_S_bound,216424238.00801653,216.42423800801652,GBP_m,249,0.97590361445783136
uk,GNN,L_S_bound,227752087.99858829,227.75208799858828,GBP_m,249,0.98393574297188757
uk,GNN,L_S_bound,239672848.40709695,239.67284840709695,GBP_m,249,0.99196787148594379
uk,GNN,L_S_bound,252217552.72745168,252.21755272745168,GBP_m,249,1
uk,GNN,L_S_bound,265418858.77608377,265.41885877608377,GBP_m,249,1
uk,GNN,L_S_bound,279311133.71052462,279.31113371052464,GBP_m,249,1
uk,GNN,L_S_bound,293930543.49794543,293.93054349794545,GBP_m,249,1
uk,GNN,L_S_bound,309315147.06655604,309.31514706655605,GBP_m,249,1
uk,GNN,L_S_bound,325504995.38498676,325.50499538498678,GBP_m,249,1
uk,GNN,L_S_bound,342542235.72756946,342.54223572756945,GBP_m,249,1
uk,GNN,L_S_bound,360471221.39697146,360.47122139697149,GBP_m,249,1
uk,GNN,L_S_bound,379338627.18981063,379.33862718981061,GBP_m,249,1
uk,GNN,L_S_bound,399193570.90584874,399.19357090584873,GBP_m,249,1
uk,GNN,L_S_bound,420087741.2171002,420.08774121710019,GBP_m,249,1
uk,GNN,L_S_bound,442075532.22971857,442.07553222971859,GBP_m,249,1
uk,GNN,L_S_bound,465214185.08899379,465.21418508899382,GBP_m,249,1
uk,GNN,L_S_bound,489563936.99607456,489.56393699607457,GBP_m,249,1
uk,GNN,L_S_bound,515188178.02438343,515.18817802438343,GBP_m,249,1
uk,GNN,L_S_bound,542153616.14393461,542.15361614393464,GBP_m,249,1
uk,GNN,L_S_bound,570530450.88319933,570.53045088319936,GBP_m,249,1
uk,GNN,L_S_bound,600392556.08057916,600.3925560805792,GBP_m,249,1
uk,GNN,L_S_bound,631817672.20128429,631.81767220128427,GBP_m,249,1
uk,GNN,L_S_bound,664887608.72023976,664.88760872023977,GBP_m,249,1
uk,GNN,L_S_bound,699688457.09792554,699.68845709792549,GBP_m,249,1
uk,GNN,L_S_bound,736310814.90355325,736.31081490355325,GBP_m,249,1
uk,GNN,L_S_bound,774850021.66908431,774.8500216690843,GBP_m,249,1
uk,GNN,L_S_bound,815406407.0880481,815.40640708804813,GBP_m,249,1
uk,GNN,L_S_bound,858085552.20534492,858.08555220534492,GBP_m,249,1
uk,GNN,L_S_bound,902998564.27795506,902.9985642779551,GBP_m,249,1
uk,GNN,L_S_bound,950262366.02211773,950.2623660221177,GBP_m,249,1
uk,GNN,L_S_bound,1000000000,1000,GBP_m,249,1
uk,GNN,L_E_bound,299999.99999999994,0.29999999999999993,GBP_m,249,0
uk,GNN,L_E_bound,315702.28468146769,0.31570228468146772,GBP_m,249,0
uk,GNN,L_E_bound,332226.4418436616,0.33222644184366157,GBP_m,249,0
uk,GNN,L_E_bound,349615.48907212907,0.34961548907212908,GBP_m,249,0
uk,GNN,L_E_bound,367914.69553366618,0.36791469553366618,GBP_m,249,0
uk,GNN,L_E_bound,387171.69982621662,0.38717169982621663,GBP_m,249,0
uk,GNN,L_E_bound,407436.63399714674,0.40743663399714675,GBP_m,249,0
uk,GNN,L_E_bound,428762.25405275391,0.42876225405275392,GBP_m,249,0
uk,GNN,L_E_bound,451204.07729876763,0.45120407729876766,GBP_m,249,0
uk,GNN,L_E_bound,474820.52686938172,0.4748205268693817,GBP_m,249,0
uk,GNN,L_E_bound,499673.08382107347,0.49967308382107345,GBP_m,249,0
uk,GNN,L_E_bound,525826.44718715793,0.52582644718715787,GBP_m,249,0
uk,GNN,L_E_bound,553348.70240974962,0.55334870240974965,GBP_m,249,0
uk,GNN,L_E_bound,582311.49858761183,0.58231149858761178,GBP_m,249,0
uk,GNN,L_E_bound,612790.2350013277,0.61279023500132768,GBP_m,249,0
uk,GNN,L_E_bound,644864.25740137557,0.64486425740137554,GBP_m,249,0
uk,GNN,L_E_bound,678617.06457010773,0.67861706457010773,GBP_m,249,0
uk,GNN,L_E_bound,714136.52569538041,0.71413652569538044,GBP_m,249,0
uk,GNN,L_E_bound,751515.10912172415,0.75151510912172415,GBP_m,249,0
uk,GNN,L_E_bound,790850.12307456951,0.79085012307456948,GBP_m,249,0
uk,GNN,L_E_bound,832243.96898420493,0.83224396898420494,GBP_m,249,0
uk,GNN,L_E_bound,875804.40806895366,0.87580440806895365,GBP_m,249,0
uk,GNN,L_E_bound,921644.84187156358,0.92164484187156359,GBP_m,249,0
uk,GNN,L_E_bound,969884.60747914226,0.96988460747914229,GBP_m,249,0
uk,GNN,L_E_bound,1020649.2881951792,1.0206492881951792,GBP_m,249,0
uk,GNN,L_E_bound,1074071.0404724397,1.0740710404724396,GBP_m,249,0
uk,GNN,L_E_bound,1130288.9379578342,1.1302889379578342,GBP_m,249,0
uk,GNN,L_E_bound,1189449.3335449267,1.1894493335449268,GBP_m,249,0
uk,GNN,L_E_bound,1251706.2403766084,1.2517062403766084,GBP_m,249,0
uk,GNN,L_E_bound,1317221.7327898191,1.317221732789819,GBP_m,249,0
uk,GNN,L_E_bound,1386166.3682460915,1.3861663682460916,GBP_m,249,0
uk,GNN,L_E_bound,1458719.6313463461,1.4587196313463462,GBP_m,249,0
uk,GNN,L_E_bound,1535070.4010858329,1.5350704010858329,GBP_m,249,0
uk,GNN,L_E_bound,1615417.4425656481,1.615417442565648,GBP_m,249,0
uk,GNN,L_E_bound,1699969.9244408961,1.6999699244408961,GBP_m,249,0
uk,GNN,L_E_bound,1788947.963452576,1.788947963452576,GBP_m,249,0
uk,GNN,L_E_bound,1882583.1974607902,1.8825831974607901,GBP_m,249,0
uk,GNN,L_E_bound,1981119.3884710472,1.9811193884710472,GBP_m,249,0
uk,GNN,L_E_bound,2084813.0572235393,2.0848130572235393,GBP_m,249,0
uk,GNN,L_E_bound,2193934.1509974226,2.1939341509974226,GBP_m,249,0
uk,GNN,L_E_bound,2308766.746368608,2.3087667463686081,GBP_m,249,0
uk,GNN,L_E_bound,2429609.788750561,2.429609788750561,GBP_m,249,0
uk,GNN,L_E_bound,2556777.870643368,2.5567778706433679,GBP_m,249,0
uk,GNN,L_E_bound,2690602.0506170979,2.6906020506170978,GBP_m,249,0
uk,GNN,L_E_bound,2831430.7151615322,2.8314307151615323,GBP_m,249,0
uk,GNN,L_E_bound,2979630.4856459261,2.9796304856459259,GBP_m,249,0
uk,GNN,L_E_bound,3135587.1727499003,3.1355871727499003,GBP_m,249,0
uk,GNN,L_E_bound,3299706.7808501585,3.2997067808501583,GBP_m,249,0
uk,GNN,L_E_bound,3472416.5649777539,3.4724165649777539,GBP_m,249,0
uk,GNN,L_E_bound,3654166.1430975036,3.6541661430975036,GBP_m,249,0
uk,GNN,L_E_bound,3845428.6666051634,3.8454286666051636,GBP_m,249,0.0040160642570281121
uk,GNN,L_E_bound,4046702.0520895314,4.0467020520895316,GBP_m,249,0.0040160642570281121
uk,GNN,L_E_bound,4258510.2775661629,4.2585102775661632,GBP_m,249,0.0040160642570281121
uk,GNN,L_E_bound,4481404.7465571631,4.4814047465571631,GBP_m,249,0.0040160642570281121
uk,GNN,L_E_bound,4715965.7235682346,4.7159657235682344,GBP_m,249,0.0080321285140562242
uk,GNN,L_E_bound,4962803.8446999425,4.9628038446999421,GBP_m,249,0.0080321285140562242
uk,GNN,L_E_bound,5222561.7073258124,5.2225617073258128,GBP_m,249,0.012048192771084338
uk,GNN,L_E_bound,5495915.5429756856,5.4959155429756859,GBP_m,249,0.016064257028112448
uk,GNN,L_E_bound,5783576.9777793773,5.7835769777793775,GBP_m,249,0.016064257028112448
uk,GNN,L_E_bound,6086294.8850536263,6.0862948850536265,GBP_m,249,0.016064257028112448
uk,GNN,L_E_bound,6404857.3348551998,6.4048573348551994,GBP_m,249,0.020080321285140562
uk,GNN,L_E_bound,6740093.6455754768,6.7400936455754765,GBP_m,249,0.020080321285140562
uk,GNN,L_E_bound,7092876.5429174025,7.0928765429174021,GBP_m,249,0.020080321285140562
uk,GNN,L_E_bound,7464124.4318753807,7.4641244318753808,GBP_m,249,0.024096385542168676
uk,GNN,L_E_bound,7854803.7876327336,7.8548037876327337,GBP_m,249,0.024096385542168676
uk,GNN,L_E_bound,8265931.6716010012,8.2659316716010007,GBP_m,249,0.024096385542168676
uk,GNN,L_E_bound,8698578.379151132,8.6985783791511313,GBP_m,249,0.024096385542168676
uk,GNN,L_E_bound,9153870.2259294372,9.1538702259294364,GBP_m,249,0.024096385542168676
uk,GNN,L_E_bound,9632992.480011953,9.6329924800119535,GBP_m,249,0.024096385542168676
uk,GNN,L_E_bound,10137192.447530566,10.137192447530566,GBP_m,249,0.028112449799196786
uk,GNN,L_E_bound,10667782.719803732,10.667782719803732,GBP_m,249,0.028112449799196786
uk,GNN,L_E_bound,11226144.590425067,11.226144590425067,GBP_m,249,0.028112449799196786
uk,GNN,L_E_bound,11813731.651205644,11.813731651205645,GBP_m,249,0.028112449799196786
uk,GNN,L_E_bound,12432073.576331301,12.4320735763313,GBP_m,249,0.028112449799196786
uk,GNN,L_E_bound,13082780.104586324,13.082780104586323,GBP_m,249,0.03614457831325301
uk,GNN,L_E_bound,13767545.230010509,13.76754523001051,GBP_m,249,0.03614457831325301
uk,GNN,L_E_bound,14488151.611899205,14.488151611899205,GBP_m,249,0.040160642570281124
uk,GNN,L_E_bound,15246475.215626894,15.246475215626894,GBP_m,249,0.048192771084337352
uk,GNN,L_E_bound,16044490.19637594,16.044490196375939,GBP_m,249,0.052208835341365459
uk,GNN,L_E_bound,16884274.038484313,16.884274038484314,GBP_m,249,0.052208835341365459
uk,GNN,L_E_bound,17768012.963791635,17.768012963791634,GBP_m,249,0.056224899598393573
uk,GNN,L_E_bound,18698007.623063184,18.698007623063184,GBP_m,249,0.056224899598393573
uk,GNN,L_E_bound,19676679.085308488,19.676679085308489,GBP_m,249,0.060240963855421686
uk,GNN,L_E_bound,20706575.140586477,20.706575140586477,GBP_m,249,0.060240963855421686
uk,GNN,L_E_bound,21790376.932705451,21.790376932705449,GBP_m,249,0.060240963855421686
uk,GNN,L_E_bound,22930905.939084876,22.930905939084877,GBP_m,249,0.064257028112449793
uk,GNN,L_E_bound,24131131.315949775,24.131131315949776,GBP_m,249,0.080321285140562249
uk,GNN,L_E_bound,25394177.62797951,25.394177627979509,GBP_m,249,0.088353413654618476
uk,GNN,L_E_bound,26723332.982533824,26.723332982533822,GBP_m,249,0.096385542168674704
uk,GNN,L_E_bound,28122057.589631829,28.122057589631829,GBP_m,249,0.10843373493975904
uk,GNN,L_E_bound,29593992.769968592,29.59399276996859,GBP_m,249,0.10843373493975904
uk,GNN,L_E_bound,31142970.43441974,31.142970434419741,GBP_m,249,0.11244979919678715
uk,GNN,L_E_bound,32773023.05971238,32.773023059712379,GBP_m,249,0.12851405622489959
uk,GNN,L_E_bound,34488394.186232075,34.488394186232078,GBP_m,249,0.13253012048192772
uk,GNN,L_E_bound,36293549.465295054,36.293549465295051,GBP_m,249,0.13654618473895583
uk,GNN,L_E_bound,38193188.284645028,38.193188284645025,GBP_m,249,0.14859437751004015
uk,GNN,L_E_bound,40192256.002439685,40.192256002439684,GBP_m,249,0.1646586345381526
uk,GNN,L_E_bound,42295956.82157547,42.295956821575473,GBP_m,249,0.18473895582329317
uk,GNN,L_E_bound,44509767.337866962,44.509767337866961,GBP_m,249,0.19678714859437751
uk,GNN,L_E_bound,46839450.797350556,46.839450797350558,GBP_m,249,0.20883534136546184
uk,GNN,L_E_bound,49291072.099829219,49.291072099829222,GBP_m,249,0.24096385542168675
uk,GNN,L_E_bound,51871013.587716736,51.871013587716739,GBP_m,249,0.28514056224899598
uk,GNN,L_E_bound,54585991.66128543,54.585991661285433,GBP_m,249,0.32128514056224899
uk,GNN,L_E_bound,57443074.263571188,57.443074263571191,GBP_m,249,0.40160642570281124
uk,GNN,L_E_bound,60449699.280455485,60.449699280455484,GBP_m,249,0.47389558232931728
uk,GNN,L_E_bound,63613693.903824903,63.613693903824903,GBP_m,249,0.49799196787148592
uk,GNN,L_E_bound,66943295.008216925,66.943295008216921,GBP_m,249,0.54216867469879515
uk,GNN,L_E_bound,70447170.593998596,70.447170593998592,GBP_m,249,0.57429718875502012
uk,GNN,L_E_bound,74134442.352901548,74.134442352901544,GBP_m,249,0.6224899598393574
uk,GNN,L_E_bound,78014709.414658606,78.014709414658611,GBP_m,249,0.69076305220883538
uk,GNN,L_E_bound,82098073.336561784,82.098073336561782,GBP_m,249,0.71485943775100402
uk,GNN,L_E_bound,86395164.400997475,86.395164400997473,GBP_m,249,0.7269076305220884
uk,GNN,L_E_bound,90917169.289419711,90.917169289419704,GBP_m,249,0.75502008032128509
uk,GNN,L_E_bound,95675860.20480524,95.675860204805247,GBP_m,249,0.83534136546184734
uk,GNN,L_E_bound,100683625.51840584,100.68362551840583,GBP_m,249,0.85140562248995988
uk,GNN,L_E_bound,105953502.02058005,105.95350202058005,GBP_m,249,0.87148594377510036
uk,GNN,L_E_bound,111499208.85966554,111.49920885966554,GBP_m,249,0.91164658634538154
uk,GNN,L_E_bound,117335183.25724176,117.33518325724175,GBP_m,249,0.91164658634538154
uk,GNN,L_E_bound,123476618.09276652,123.47661809276653,GBP_m,249,0.93574297188755018
uk,GNN,L_E_bound,129939501.45542468,129.93950145542468,GBP_m,249,0.95582329317269077
uk,GNN,L_E_bound,136740658.26616144,136.74065826616143,GBP_m,249,0.95983935742971882
uk,GNN,L_E_bound,143897794.07825011,143.89779407825012,GBP_m,249,0.96385542168674698
uk,GNN,L_E_bound,151429541.170423,151.42954117042299,GBP_m,249,0.96787148594377514
uk,GNN,L_E_bound,159355507.05256322,159.35550705256321,GBP_m,249,0.97590361445783136
uk,GNN,L_E_bound,167696325.51022634,167.69632551022633,GBP_m,249,0.97590361445783136
uk,GNN,L_E_bound,176473710.32088536,176.47371032088537,GBP_m,249,0.97991967871485941
uk,GNN,L_E_bound,185710511.78172985,185.71051178172985,GBP_m,249,0.98795180722891562
uk,GNN,L_E_bound,195430776.19618934,195.43077619618936,GBP_m,249,1
uk,GNN,L_E_bound,205659808.47403175,205.65980847403173,GBP_m,249,1
uk,GNN,L_E_bound,216424238.00801653,216.42423800801652,GBP_m,249,1
uk,GNN,L_E_bound,227752087.99858829,227.75208799858828,GBP_m,249,1
uk,GNN,L_E_bound,239672848.40709695,239.67284840709695,GBP_m,249,1
uk,GNN,L_E_bound,252217552.72745168,252.21755272745168,GBP_m,249,1
uk,GNN,L_E_bound,265418858.77608377,265.41885877608377,GBP_m,249,1
uk,GNN,L_E_bound,279311133.71052462,279.31113371052464,GBP_m,249,1
uk,GNN,L_E_bound,293930543.49794543,293.93054349794545,GBP_m,249,1
uk,GNN,L_E_bound,309315147.06655604,309.31514706655605,GBP_m,249,1
uk,GNN,L_E_bound,325504995.38498676,325.50499538498678,GBP_m,249,1
uk,GNN,L_E_bound,342542235.72756946,342.54223572756945,GBP_m,249,1
uk,GNN,L_E_bound,360471221.39697146,360.47122139697149,GBP_m,249,1
uk,GNN,L_E_bound,379338627.18981063,379.33862718981061,GBP_m,249,1
uk,GNN,L_E_bound,399193570.90584874,399.19357090584873,GBP_m,249,1
uk,GNN,L_E_bound,420087741.2171002,420.08774121710019,GBP_m,249,1
uk,GNN,L_E_bound,442075532.22971857,442.07553222971859,GBP_m,249,1
uk,GNN,L_E_bound,465214185.08899379,465.21418508899382,GBP_m,249,1
uk,GNN,L_E_bound,489563936.99607456,489.56393699607457,GBP_m,249,1
uk,GNN,L_E_bound,515188178.02438343,515.18817802438343,GBP_m,249,1
uk,GNN,L_E_bound,542153616.14393461,542.15361614393464,GBP_m,249,1
uk,GNN,L_E_bound,570530450.88319933,570.53045088319936,GBP_m,249,1
uk,GNN,L_E_bound,600392556.08057916,600.3925560805792,GBP_m,249,1
uk,GNN,L_E_bound,631817672.20128429,631.81767220128427,GBP_m,249,1
uk,GNN,L_E_bound,664887608.72023976,664.88760872023977,GBP_m,249,1
uk,GNN,L_E_bound,699688457.09792554,699.68845709792549,GBP_m,249,1
uk,GNN,L_E_bound,736310814.90355325,736.31081490355325,GBP_m,249,1
uk,GNN,L_E_bound,774850021.66908431,774.8500216690843,GBP_m,249,1
uk,GNN,L_E_bound,815406407.0880481,815.40640708804813,GBP_m,249,1
uk,GNN,L_E_bound,858085552.20534492,858.08555220534492,GBP_m,249,1
uk,GNN,L_E_bound,902998564.27795506,902.9985642779551,GBP_m,249,1
uk,GNN,L_E_bound,950262366.02211773,950.2623660221177,GBP_m,249,1
uk,GNN,L_E_bound,1000000000,1000,GBP_m,249,1
uk,LU,L_S_bound,299999.99999999994,0.29999999999999993,GBP_m,84,0.059523809523809521
uk,LU,L_S_bound,315702.28468146769,0.31570228468146772,GBP_m,84,0.059523809523809521
uk,LU,L_S_bound,332226.4418436616,0.33222644184366157,GBP_m,84,0.059523809523809521
uk,LU,L_S_bound,349615.48907212907,0.34961548907212908,GBP_m,84,0.059523809523809521
uk,LU,L_S_bound,367914.69553366618,0.36791469553366618,GBP_m,84,0.059523809523809521
uk,LU,L_S_bound,387171.69982621662,0.38717169982621663,GBP_m,84,0.059523809523809521
uk,LU,L_S_bound,407436.63399714674,0.40743663399714675,GBP_m,84,0.059523809523809521
uk,LU,L_S_bound,428762.25405275391,0.42876225405275392,GBP_m,84,0.059523809523809521
uk,LU,L_S_bound,451204.07729876763,0.45120407729876766,GBP_m,84,0.059523809523809521
uk,LU,L_S_bound,474820.52686938172,0.4748205268693817,GBP_m,84,0.059523809523809521
uk,LU,L_S_bound,499673.08382107347,0.49967308382107345,GBP_m,84,0.059523809523809521
uk,LU,L_S_bound,525826.44718715793,0.52582644718715787,GBP_m,84,0.059523809523809521
uk,LU,L_S_bound,553348.70240974962,0.55334870240974965,GBP_m,84,0.059523809523809521
uk,LU,L_S_bound,582311.49858761183,0.58231149858761178,GBP_m,84,0.059523809523809521
uk,LU,L_S_bound,612790.2350013277,0.61279023500132768,GBP_m,84,0.059523809523809521
uk,LU,L_S_bound,644864.25740137557,0.64486425740137554,GBP_m,84,0.059523809523809521
uk,LU,L_S_bound,678617.06457010773,0.67861706457010773,GBP_m,84,0.059523809523809521
uk,LU,L_S_bound,714136.52569538041,0.71413652569538044,GBP_m,84,0.059523809523809521
uk,LU,L_S_bound,751515.10912172415,0.75151510912172415,GBP_m,84,0.059523809523809521
uk,LU,L_S_bound,790850.12307456951,0.79085012307456948,GBP_m,84,0.059523809523809521
uk,LU,L_S_bound,832243.96898420493,0.83224396898420494,GBP_m,84,0.059523809523809521
uk,LU,L_S_bound,875804.40806895366,0.87580440806895365,GBP_m,84,0.059523809523809521
uk,LU,L_S_bound,921644.84187156358,0.92164484187156359,GBP_m,84,0.059523809523809521
uk,LU,L_S_bound,969884.60747914226,0.96988460747914229,GBP_m,84,0.059523809523809521
uk,LU,L_S_bound,1020649.2881951792,1.0206492881951792,GBP_m,84,0.059523809523809521
uk,LU,L_S_bound,1074071.0404724397,1.0740710404724396,GBP_m,84,0.059523809523809521
uk,LU,L_S_bound,1130288.9379578342,1.1302889379578342,GBP_m,84,0.059523809523809521
uk,LU,L_S_bound,1189449.3335449267,1.1894493335449268,GBP_m,84,0.059523809523809521
uk,LU,L_S_bound,1251706.2403766084,1.2517062403766084,GBP_m,84,0.059523809523809521
uk,LU,L_S_bound,1317221.7327898191,1.317221732789819,GBP_m,84,0.059523809523809521
uk,LU,L_S_bound,1386166.3682460915,1.3861663682460916,GBP_m,84,0.059523809523809521
uk,LU,L_S_bound,1458719.6313463461,1.4587196313463462,GBP_m,84,0.059523809523809521
uk,LU,L_S_bound,1535070.4010858329,1.5350704010858329,GBP_m,84,0.059523809523809521
uk,LU,L_S_bound,1615417.4425656481,1.615417442565648,GBP_m,84,0.059523809523809521
uk,LU,L_S_bound,1699969.9244408961,1.6999699244408961,GBP_m,84,0.059523809523809521
uk,LU,L_S_bound,1788947.963452576,1.788947963452576,GBP_m,84,0.059523809523809521
uk,LU,L_S_bound,1882583.1974607902,1.8825831974607901,GBP_m,84,0.059523809523809521
uk,LU,L_S_bound,1981119.3884710472,1.9811193884710472,GBP_m,84,0.059523809523809521
uk,LU,L_S_bound,2084813.0572235393,2.0848130572235393,GBP_m,84,0.059523809523809521
uk,LU,L_S_bound,2193934.1509974226,2.1939341509974226,GBP_m,84,0.059523809523809521
uk,LU,L_S_bound,2308766.746368608,2.3087667463686081,GBP_m,84,0.059523809523809521
uk,LU,L_S_bound,2429609.788750561,2.429609788750561,GBP_m,84,0.059523809523809521
uk,LU,L_S_bound,2556777.870643368,2.5567778706433679,GBP_m,84,0.059523809523809521
uk,LU,L_S_bound,2690602.0506170979,2.6906020506170978,GBP_m,84,0.059523809523809521
uk,LU,L_S_bound,2831430.7151615322,2.8314307151615323,GBP_m,84,0.059523809523809521
uk,LU,L_S_bound,2979630.4856459261,2.9796304856459259,GBP_m,84,0.059523809523809521
uk,LU,L_S_bound,3135587.1727499003,3.1355871727499003,GBP_m,84,0.059523809523809521
uk,LU,L_S_bound,3299706.7808501585,3.2997067808501583,GBP_m,84,0.059523809523809521
uk,LU,L_S_bound,3472416.5649777539,3.4724165649777539,GBP_m,84,0.059523809523809521
uk,LU,L_S_bound,3654166.1430975036,3.6541661430975036,GBP_m,84,0.059523809523809521
uk,LU,L_S_bound,3845428.6666051634,3.8454286666051636,GBP_m,84,0.059523809523809521
uk,LU,L_S_bound,4046702.0520895314,4.0467020520895316,GBP_m,84,0.071428571428571425
uk,LU,L_S_bound,4258510.2775661629,4.2585102775661632,GBP_m,84,0.071428571428571425
uk,LU,L_S_bound,4481404.7465571631,4.4814047465571631,GBP_m,84,0.071428571428571425
uk,LU,L_S_bound,4715965.7235682346,4.7159657235682344,GBP_m,84,0.071428571428571425
uk,LU,L_S_bound,4962803.8446999425,4.9628038446999421,GBP_m,84,0.071428571428571425
uk,LU,L_S_bound,5222561.7073258124,5.2225617073258128,GBP_m,84,0.071428571428571425
uk,LU,L_S_bound,5495915.5429756856,5.4959155429756859,GBP_m,84,0.071428571428571425
uk,LU,L_S_bound,5783576.9777793773,5.7835769777793775,GBP_m,84,0.071428571428571425
uk,LU,L_S_bound,6086294.8850536263,6.0862948850536265,GBP_m,84,0.071428571428571425
uk,LU,L_S_bound,6404857.3348551998,6.4048573348551994,GBP_m,84,0.071428571428571425
uk,LU,L_S_bound,6740093.6455754768,6.7400936455754765,GBP_m,84,0.071428571428571425
uk,LU,L_S_bound,7092876.5429174025,7.0928765429174021,GBP_m,84,0.071428571428571425
uk,LU,L_S_bound,7464124.4318753807,7.4641244318753808,GBP_m,84,0.071428571428571425
uk,LU,L_S_bound,7854803.7876327336,7.8548037876327337,GBP_m,84,0.071428571428571425
uk,LU,L_S_bound,8265931.6716010012,8.2659316716010007,GBP_m,84,0.071428571428571425
uk,LU,L_S_bound,8698578.379151132,8.6985783791511313,GBP_m,84,0.071428571428571425
uk,LU,L_S_bound,9153870.2259294372,9.1538702259294364,GBP_m,84,0.071428571428571425
uk,LU,L_S_bound,9632992.480011953,9.6329924800119535,GBP_m,84,0.071428571428571425
uk,LU,L_S_bound,10137192.447530566,10.137192447530566,GBP_m,84,0.071428571428571425
uk,LU,L_S_bound,10667782.719803732,10.667782719803732,GBP_m,84,0.071428571428571425
uk,LU,L_S_bound,11226144.590425067,11.226144590425067,GBP_m,84,0.071428571428571425
uk,LU,L_S_bound,11813731.651205644,11.813731651205645,GBP_m,84,0.071428571428571425
uk,LU,L_S_bound,12432073.576331301,12.4320735763313,GBP_m,84,0.071428571428571425
uk,LU,L_S_bound,13082780.104586324,13.082780104586323,GBP_m,84,0.083333333333333329
uk,LU,L_S_bound,13767545.230010509,13.76754523001051,GBP_m,84,0.083333333333333329
uk,LU,L_S_bound,14488151.611899205,14.488151611899205,GBP_m,84,0.083333333333333329
uk,LU,L_S_bound,15246475.215626894,15.246475215626894,GBP_m,84,0.083333333333333329
uk,LU,L_S_bound,16044490.19637594,16.044490196375939,GBP_m,84,0.083333333333333329
uk,LU,L_S_bound,16884274.038484313,16.884274038484314,GBP_m,84,0.083333333333333329
uk,LU,L_S_bound,17768012.963791635,17.768012963791634,GBP_m,84,0.083333333333333329
uk,LU,L_S_bound,18698007.623063184,18.698007623063184,GBP_m,84,0.083333333333333329
uk,LU,L_S_bound,19676679.085308488,19.676679085308489,GBP_m,84,0.083333333333333329
uk,LU,L_S_bound,20706575.140586477,20.706575140586477,GBP_m,84,0.083333333333333329
uk,LU,L_S_bound,21790376.932705451,21.790376932705449,GBP_m,84,0.083333333333333329
uk,LU,L_S_bound,22930905.939084876,22.930905939084877,GBP_m,84,0.083333333333333329
uk,LU,L_S_bound,24131131.315949775,24.131131315949776,GBP_m,84,0.083333333333333329
uk,LU,L_S_bound,25394177.62797951,25.394177627979509,GBP_m,84,0.083333333333333329
uk,LU,L_S_bound,26723332.982533824,26.723332982533822,GBP_m,84,0.10714285714285714
uk,LU,L_S_bound,28122057.589631829,28.122057589631829,GBP_m,84,0.10714285714285714
uk,LU,L_S_bound,29593992.769968592,29.59399276996859,GBP_m,84,0.10714285714285714
uk,LU,L_S_bound,31142970.43441974,31.142970434419741,GBP_m,84,0.10714285714285714
uk,LU,L_S_bound,32773023.05971238,32.773023059712379,GBP_m,84,0.10714285714285714
uk,LU,L_S_bound,34488394.186232075,34.488394186232078,GBP_m,84,0.10714285714285714
uk,LU,L_S_bound,36293549.465295054,36.293549465295051,GBP_m,84,0.11904761904761904
uk,LU,L_S_bound,38193188.284645028,38.193188284645025,GBP_m,84,0.11904761904761904
uk,LU,L_S_bound,40192256.002439685,40.192256002439684,GBP_m,84,0.11904761904761904
uk,LU,L_S_bound,42295956.82157547,42.295956821575473,GBP_m,84,0.11904761904761904
uk,LU,L_S_bound,44509767.337866962,44.509767337866961,GBP_m,84,0.11904761904761904
uk,LU,L_S_bound,46839450.797350556,46.839450797350558,GBP_m,84,0.11904761904761904
uk,LU,L_S_bound,49291072.099829219,49.291072099829222,GBP_m,84,0.15476190476190477
uk,LU,L_S_bound,51871013.587716736,51.871013587716739,GBP_m,84,0.16666666666666666
uk,LU,L_S_bound,54585991.66128543,54.585991661285433,GBP_m,84,0.17857142857142858
uk,LU,L_S_bound,57443074.263571188,57.443074263571191,GBP_m,84,0.20238095238095238
uk,LU,L_S_bound,60449699.280455485,60.449699280455484,GBP_m,84,0.22619047619047619
uk,LU,L_S_bound,63613693.903824903,63.613693903824903,GBP_m,84,0.22619047619047619
uk,LU,L_S_bound,66943295.008216925,66.943295008216921,GBP_m,84,0.25
uk,LU,L_S_bound,70447170.593998596,70.447170593998592,GBP_m,84,0.27380952380952384
uk,LU,L_S_bound,74134442.352901548,74.134442352901544,GBP_m,84,0.30952380952380953
uk,LU,L_S_bound,78014709.414658606,78.014709414658611,GBP_m,84,0.33333333333333331
uk,LU,L_S_bound,82098073.336561784,82.098073336561782,GBP_m,84,0.36904761904761907
uk,LU,L_S_bound,86395164.400997475,86.395164400997473,GBP_m,84,0.36904761904761907
uk,LU,L_S_bound,90917169.289419711,90.917169289419704,GBP_m,84,0.39285714285714285
uk,LU,L_S_bound,95675860.20480524,95.675860204805247,GBP_m,84,0.45238095238095238
uk,LU,L_S_bound,100683625.51840584,100.68362551840583,GBP_m,84,0.5
uk,LU,L_S_bound,105953502.02058005,105.95350202058005,GBP_m,84,0.5357142857142857
uk,LU,L_S_bound,111499208.85966554,111.49920885966554,GBP_m,84,0.58333333333333337
uk,LU,L_S_bound,117335183.25724176,117.33518325724175,GBP_m,84,0.63095238095238093
uk,LU,L_S_bound,123476618.09276652,123.47661809276653,GBP_m,84,0.65476190476190477
uk,LU,L_S_bound,129939501.45542468,129.93950145542468,GBP_m,84,0.6785714285714286
uk,LU,L_S_bound,136740658.26616144,136.74065826616143,GBP_m,84,0.6785714285714286
uk,LU,L_S_bound,143897794.07825011,143.89779407825012,GBP_m,84,0.77380952380952384
uk,LU,L_S_bound,151429541.170423,151.42954117042299,GBP_m,84,0.80952380952380953
uk,LU,L_S_bound,159355507.05256322,159.35550705256321,GBP_m,84,0.86904761904761907
uk,LU,L_S_bound,167696325.51022634,167.69632551022633,GBP_m,84,0.86904761904761907
uk,LU,L_S_bound,176473710.32088536,176.47371032088537,GBP_m,84,0.86904761904761907
uk,LU,L_S_bound,185710511.78172985,185.71051178172985,GBP_m,84,0.8928571428571429
uk,LU,L_S_bound,195430776.19618934,195.43077619618936,GBP_m,84,0.9285714285714286
uk,LU,L_S_bound,205659808.47403175,205.65980847403173,GBP_m,84,0.94047619047619047
uk,LU,L_S_bound,216424238.00801653,216.42423800801652,GBP_m,84,0.94047619047619047
uk,LU,L_S_bound,227752087.99858829,227.75208799858828,GBP_m,84,0.94047619047619047
uk,LU,L_S_bound,239672848.40709695,239.67284840709695,GBP_m,84,0.97619047619047616
uk,LU,L_S_bound,252217552.72745168,252.21755272745168,GBP_m,84,0.97619047619047616
uk,LU,L_S_bound,265418858.77608377,265.41885877608377,GBP_m,84,0.97619047619047616
uk,LU,L_S_bound,279311133.71052462,279.31113371052464,GBP_m,84,0.97619047619047616
uk,LU,L_S_bound,293930543.49794543,293.93054349794545,GBP_m,84,0.97619047619047616
uk,LU,L_S_bound,309315147.06655604,309.31514706655605,GBP_m,84,1
uk,LU,L_S_bound,325504995.38498676,325.50499538498678,GBP_m,84,1
uk,LU,L_S_bound,342542235.72756946,342.54223572756945,GBP_m,84,1
uk,LU,L_S_bound,360471221.39697146,360.47122139697149,GBP_m,84,1
uk,LU,L_S_bound,379338627.18981063,379.33862718981061,GBP_m,84,1
uk,LU,L_S_bound,399193570.90584874,399.19357090584873,GBP_m,84,1
uk,LU,L_S_bound,420087741.2171002,420.08774121710019,GBP_m,84,1
uk,LU,L_S_bound,442075532.22971857,442.07553222971859,GBP_m,84,1
uk,LU,L_S_bound,465214185.08899379,465.21418508899382,GBP_m,84,1
uk,LU,L_S_bound,489563936.99607456,489.56393699607457,GBP_m,84,1
uk,LU,L_S_bound,515188178.02438343,515.18817802438343,GBP_m,84,1
uk,LU,L_S_bound,542153616.14393461,542.15361614393464,GBP_m,84,1
uk,LU,L_S_bound,570530450.88319933,570.53045088319936,GBP_m,84,1
uk,LU,L_S_bound,600392556.08057916,600.3925560805792,GBP_m,84,1
uk,LU,L_S_bound,631817672.20128429,631.81767220128427,GBP_m,84,1
uk,LU,L_S_bound,664887608.72023976,664.88760872023977,GBP_m,84,1
uk,LU,L_S_bound,699688457.09792554,699.68845709792549,GBP_m,84,1
uk,LU,L_S_bound,736310814.90355325,736.31081490355325,GBP_m,84,1
uk,LU,L_S_bound,774850021.66908431,774.8500216690843,GBP_m,84,1
uk,LU,L_S_bound,815406407.0880481,815.40640708804813,GBP_m,84,1
uk,LU,L_S_bound,858085552.20534492,858.08555220534492,GBP_m,84,1
uk,LU,L_S_bound,902998564.27795506,902.9985642779551,GBP_m,84,1
uk,LU,L_S_bound,950262366.02211773,950.2623660221177,GBP_m,84,1
uk,LU,L_S_bound,1000000000,1000,GBP_m,84,1
uk,LU,L_E_bound,299999.99999999994,0.29999999999999993,GBP_m,84,0
uk,LU,L_E_bound,315702.28468146769,0.31570228468146772,GBP_m,84,0
uk,LU,L_E_bound,332226.4418436616,0.33222644184366157,GBP_m,84,0
uk,LU,L_E_bound,349615.48907212907,0.34961548907212908,GBP_m,84,0
uk,LU,L_E_bound,367914.69553366618,0.36791469553366618,GBP_m,84,0
uk,LU,L_E_bound,387171.69982621662,0.38717169982621663,GBP_m,84,0
uk,LU,L_E_bound,407436.63399714674,0.40743663399714675,GBP_m,84,0
uk,LU,L_E_bound,428762.25405275391,0.42876225405275392,GBP_m,84,0
uk,LU,L_E_bound,451204.07729876763,0.45120407729876766,GBP_m,84,0
uk,LU,L_E_bound,474820.52686938172,0.4748205268693817,GBP_m,84,0
uk,LU,L_E_bound,499673.08382107347,0.49967308382107345,GBP_m,84,0
uk,LU,L_E_bound,525826.44718715793,0.52582644718715787,GBP_m,84,0
uk,LU,L_E_bound,553348.70240974962,0.55334870240974965,GBP_m,84,0
uk,LU,L_E_bound,582311.49858761183,0.58231149858761178,GBP_m,84,0
uk,LU,L_E_bound,612790.2350013277,0.61279023500132768,GBP_m,84,0
uk,LU,L_E_bound,644864.25740137557,0.64486425740137554,GBP_m,84,0
uk,LU,L_E_bound,678617.06457010773,0.67861706457010773,GBP_m,84,0
uk,LU,L_E_bound,714136.52569538041,0.71413652569538044,GBP_m,84,0
uk,LU,L_E_bound,751515.10912172415,0.75151510912172415,GBP_m,84,0
uk,LU,L_E_bound,790850.12307456951,0.79085012307456948,GBP_m,84,0
uk,LU,L_E_bound,832243.96898420493,0.83224396898420494,GBP_m,84,0
uk,LU,L_E_bound,875804.40806895366,0.87580440806895365,GBP_m,84,0
uk,LU,L_E_bound,921644.84187156358,0.92164484187156359,GBP_m,84,0
uk,LU,L_E_bound,969884.60747914226,0.96988460747914229,GBP_m,84,0
uk,LU,L_E_bound,1020649.2881951792,1.0206492881951792,GBP_m,84,0
uk,LU,L_E_bound,1074071.0404724397,1.0740710404724396,GBP_m,84,0
uk,LU,L_E_bound,1130288.9379578342,1.1302889379578342,GBP_m,84,0
uk,LU,L_E_bound,1189449.3335449267,1.1894493335449268,GBP_m,84,0
uk,LU,L_E_bound,1251706.2403766084,1.2517062403766084,GBP_m,84,0
uk,LU,L_E_bound,1317221.7327898191,1.317221732789819,GBP_m,84,0
uk,LU,L_E_bound,1386166.3682460915,1.3861663682460916,GBP_m,84,0
uk,LU,L_E_bound,1458719.6313463461,1.4587196313463462,GBP_m,84,0
uk,LU,L_E_bound,1535070.4010858329,1.5350704010858329,GBP_m,84,0
uk,LU,L_E_bound,1615417.4425656481,1.615417442565648,GBP_m,84,0
uk,LU,L_E_bound,1699969.9244408961,1.6999699244408961,GBP_m,84,0
uk,LU,L_E_bound,1788947.963452576,1.788947963452576,GBP_m,84,0
uk,LU,L_E_bound,1882583.1974607902,1.8825831974607901,GBP_m,84,0
uk,LU,L_E_bound,1981119.3884710472,1.9811193884710472,GBP_m,84,0
uk,LU,L_E_bound,2084813.0572235393,2.0848130572235393,GBP_m,84,0
uk,LU,L_E_bound,2193934.1509974226,2.1939341509974226,GBP_m,84,0
uk,LU,L_E_bound,2308766.746368608,2.3087667463686081,GBP_m,84,0
uk,LU,L_E_bound,2429609.788750561,2.429609788750561,GBP_m,84,0
uk,LU,L_E_bound,2556777.870643368,2.5567778706433679,GBP_m,84,0
uk,LU,L_E_bound,2690602.0506170979,2.6906020506170978,GBP_m,84,0
uk,LU,L_E_bound,2831430.7151615322,2.8314307151615323,GBP_m,84,0
uk,LU,L_E_bound,2979630.4856459261,2.9796304856459259,GBP_m,84,0
uk,LU,L_E_bound,3135587.1727499003,3.1355871727499003,GBP_m,84,0
uk,LU,L_E_bound,3299706.7808501585,3.2997067808501583,GBP_m,84,0
uk,LU,L_E_bound,3472416.5649777539,3.4724165649777539,GBP_m,84,0
uk,LU,L_E_bound,3654166.1430975036,3.6541661430975036,GBP_m,84,0
uk,LU,L_E_bound,3845428.6666051634,3.8454286666051636,GBP_m,84,0
uk,LU,L_E_bound,4046702.0520895314,4.0467020520895316,GBP_m,84,0
uk,LU,L_E_bound,4258510.2775661629,4.2585102775661632,GBP_m,84,0
uk,LU,L_E_bound,4481404.7465571631,4.4814047465571631,GBP_m,84,0
uk,LU,L_E_bound,4715965.7235682346,4.7159657235682344,GBP_m,84,0
uk,LU,L_E_bound,4962803.8446999425,4.9628038446999421,GBP_m,84,0
uk,LU,L_E_bound,5222561.7073258124,5.2225617073258128,GBP_m,84,0
uk,LU,L_E_bound,5495915.5429756856,5.4959155429756859,GBP_m,84,0
uk,LU,L_E_bound,5783576.9777793773,5.7835769777793775,GBP_m,84,0
uk,LU,L_E_bound,6086294.8850536263,6.0862948850536265,GBP_m,84,0
uk,LU,L_E_bound,6404857.3348551998,6.4048573348551994,GBP_m,84,0
uk,LU,L_E_bound,6740093.6455754768,6.7400936455754765,GBP_m,84,0
uk,LU,L_E_bound,7092876.5429174025,7.0928765429174021,GBP_m,84,0
uk,LU,L_E_bound,7464124.4318753807,7.4641244318753808,GBP_m,84,0
uk,LU,L_E_bound,7854803.7876327336,7.8548037876327337,GBP_m,84,0
uk,LU,L_E_bound,8265931.6716010012,8.2659316716010007,GBP_m,84,0
uk,LU,L_E_bound,8698578.379151132,8.6985783791511313,GBP_m,84,0
uk,LU,L_E_bound,9153870.2259294372,9.1538702259294364,GBP_m,84,0
uk,LU,L_E_bound,9632992.480011953,9.6329924800119535,GBP_m,84,0
uk,LU,L_E_bound,10137192.447530566,10.137192447530566,GBP_m,84,0.011904761904761904
uk,LU,L_E_bound,10667782.719803732,10.667782719803732,GBP_m,84,0.011904761904761904
uk,LU,L_E_bound,11226144.590425067,11.226144590425067,GBP_m,84,0.011904761904761904
uk,LU,L_E_bound,11813731.651205644,11.813731651205645,GBP_m,84,0.011904761904761904
uk,LU,L_E_bound,12432073.576331301,12.4320735763313,GBP_m,84,0.011904761904761904
uk,LU,L_E_bound,13082780.104586324,13.082780104586323,GBP_m,84,0.011904761904761904
uk,LU,L_E_bound,13767545.230010509,13.76754523001051,GBP_m,84,0.011904761904761904
uk,LU,L_E_bound,14488151.611899205,14.488151611899205,GBP_m,84,0.023809523809523808
uk,LU,L_E_bound,15246475.215626894,15.246475215626894,GBP_m,84,0.023809523809523808
uk,LU,L_E_bound,16044490.19637594,16.044490196375939,GBP_m,84,0.023809523809523808
uk,LU,L_E_bound,16884274.038484313,16.884274038484314,GBP_m,84,0.023809523809523808
uk,LU,L_E_bound,17768012.963791635,17.768012963791634,GBP_m,84,0.023809523809523808
uk,LU,L_E_bound,18698007.623063184,18.698007623063184,GBP_m,84,0.023809523809523808
uk,LU,L_E_bound,19676679.085308488,19.676679085308489,GBP_m,84,0.023809523809523808
uk,LU,L_E_bound,20706575.140586477,20.706575140586477,GBP_m,84,0.023809523809523808
uk,LU,L_E_bound,21790376.932705451,21.790376932705449,GBP_m,84,0.023809523809523808
uk,LU,L_E_bound,22930905.939084876,22.930905939084877,GBP_m,84,0.047619047619047616
uk,LU,L_E_bound,24131131.315949775,24.131131315949776,GBP_m,84,0.047619047619047616
uk,LU,L_E_bound,25394177.62797951,25.394177627979509,GBP_m,84,0.047619047619047616
uk,LU,L_E_bound,26723332.982533824,26.723332982533822,GBP_m,84,0.047619047619047616
uk,LU,L_E_bound,28122057.589631829,28.122057589631829,GBP_m,84,0.059523809523809521
uk,LU,L_E_bound,29593992.769968592,29.59399276996859,GBP_m,84,0.059523809523809521
uk,LU,L_E_bound,31142970.43441974,31.142970434419741,GBP_m,84,0.059523809523809521
uk,LU,L_E_bound,32773023.05971238,32.773023059712379,GBP_m,84,0.071428571428571425
uk,LU,L_E_bound,34488394.186232075,34.488394186232078,GBP_m,84,0.071428571428571425
uk,LU,L_E_bound,36293549.465295054,36.293549465295051,GBP_m,84,0.083333333333333329
uk,LU,L_E_bound,38193188.284645028,38.193188284645025,GBP_m,84,0.083333333333333329
uk,LU,L_E_bound,40192256.002439685,40.192256002439684,GBP_m,84,0.095238095238095233
uk,LU,L_E_bound,42295956.82157547,42.295956821575473,GBP_m,84,0.10714285714285714
uk,LU,L_E_bound,44509767.337866962,44.509767337866961,GBP_m,84,0.10714285714285714
uk,LU,L_E_bound,46839450.797350556,46.839450797350558,GBP_m,84,0.14285714285714285
uk,LU,L_E_bound,49291072.099829219,49.291072099829222,GBP_m,84,0.15476190476190477
uk,LU,L_E_bound,51871013.587716736,51.871013587716739,GBP_m,84,0.17857142857142858
uk,LU,L_E_bound,54585991.66128543,54.585991661285433,GBP_m,84,0.21428571428571427
uk,LU,L_E_bound,57443074.263571188,57.443074263571191,GBP_m,84,0.21428571428571427
uk,LU,L_E_bound,60449699.280455485,60.449699280455484,GBP_m,84,0.22619047619047619
uk,LU,L_E_bound,63613693.903824903,63.613693903824903,GBP_m,84,0.27380952380952384
uk,LU,L_E_bound,66943295.008216925,66.943295008216921,GBP_m,84,0.30952380952380953
uk,LU,L_E_bound,70447170.593998596,70.447170593998592,GBP_m,84,0.35714285714285715
uk,LU,L_E_bound,74134442.352901548,74.134442352901544,GBP_m,84,0.45238095238095238
uk,LU,L_E_bound,78014709.414658606,78.014709414658611,GBP_m,84,0.48809523809523808
uk,LU,L_E_bound,82098073.336561784,82.098073336561782,GBP_m,84,0.52380952380952384
uk,LU,L_E_bound,86395164.400997475,86.395164400997473,GBP_m,84,0.5357142857142857
uk,LU,L_E_bound,90917169.289419711,90.917169289419704,GBP_m,84,0.5714285714285714
uk,LU,L_E_bound,95675860.20480524,95.675860204805247,GBP_m,84,0.63095238095238093
uk,LU,L_E_bound,100683625.51840584,100.68362551840583,GBP_m,84,0.69047619047619047
uk,LU,L_E_bound,105953502.02058005,105.95350202058005,GBP_m,84,0.7142857142857143
uk,LU,L_E_bound,111499208.85966554,111.49920885966554,GBP_m,84,0.75
uk,LU,L_E_bound,117335183.25724176,117.33518325724175,GBP_m,84,0.7857142857142857
uk,LU,L_E_bound,123476618.09276652,123.47661809276653,GBP_m,84,0.84523809523809523
uk,LU,L_E_bound,129939501.45542468,129.93950145542468,GBP_m,84,0.8571428571428571
uk,LU,L_E_bound,136740658.26616144,136.74065826616143,GBP_m,84,0.8928571428571429
uk,LU,L_E_bound,143897794.07825011,143.89779407825012,GBP_m,84,0.8928571428571429
uk,LU,L_E_bound,151429541.170423,151.42954117042299,GBP_m,84,0.90476190476190477
uk,LU,L_E_bound,159355507.05256322,159.35550705256321,GBP_m,84,0.95238095238095233
uk,LU,L_E_bound,167696325.51022634,167.69632551022633,GBP_m,84,0.95238095238095233
uk,LU,L_E_bound,176473710.32088536,176.47371032088537,GBP_m,84,0.9642857142857143
uk,LU,L_E_bound,185710511.78172985,185.71051178172985,GBP_m,84,0.9642857142857143
uk,LU,L_E_bound,195430776.19618934,195.43077619618936,GBP_m,84,0.9642857142857143
uk,LU,L_E_bound,205659808.47403175,205.65980847403173,GBP_m,84,0.97619047619047616
uk,LU,L_E_bound,216424238.00801653,216.42423800801652,GBP_m,84,0.97619047619047616
uk,LU,L_E_bound,227752087.99858829,227.75208799858828,GBP_m,84,0.97619047619047616
uk,LU,L_E_bound,239672848.40709695,239.67284840709695,GBP_m,84,0.98809523809523814
uk,LU,L_E_bound,252217552.72745168,252.21755272745168,GBP_m,84,1
uk,LU,L_E_bound,265418858.77608377,265.41885877608377,GBP_m,84,1
uk,LU,L_E_bound,279311133.71052462,279.31113371052464,GBP_m,84,1
uk,LU,L_E_bound,293930543.49794543,293.93054349794545,GBP_m,84,1
uk,LU,L_E_bound,309315147.06655604,309.31514706655605,GBP_m,84,1
uk,LU,L_E_bound,325504995.38498676,325.50499538498678,GBP_m,84,1
uk,LU,L_E_bound,342542235.72756946,342.54223572756945,GBP_m,84,1
uk,LU,L_E_bound,360471221.39697146,360.47122139697149,GBP_m,84,1
uk,LU,L_E_bound,379338627.18981063,379.33862718981061,GBP_m,84,1
uk,LU,L_E_bound,399193570.90584874,399.19357090584873,GBP_m,84,1
uk,LU,L_E_bound,420087741.2171002,420.08774121710019,GBP_m,84,1
uk,LU,L_E_bound,442075532.22971857,442.07553222971859,GBP_m,84,1
uk,LU,L_E_bound,465214185.08899379,465.21418508899382,GBP_m,84,1
uk,LU,L_E_bound,489563936.99607456,489.56393699607457,GBP_m,84,1
uk,LU,L_E_bound,515188178.02438343,515.18817802438343,GBP_m,84,1
uk,LU,L_E_bound,542153616.14393461,542.15361614393464,GBP_m,84,1
uk,LU,L_E_bound,570530450.88319933,570.53045088319936,GBP_m,84,1
uk,LU,L_E_bound,600392556.08057916,600.3925560805792,GBP_m,84,1
uk,LU,L_E_bound,631817672.20128429,631.81767220128427,GBP_m,84,1
uk,LU,L_E_bound,664887608.72023976,664.88760872023977,GBP_m,84,1
uk,LU,L_E_bound,699688457.09792554,699.68845709792549,GBP_m,84,1
uk,LU,L_E_bound,736310814.90355325,736.31081490355325,GBP_m,84,1
uk,LU,L_E_bound,774850021.66908431,774.8500216690843,GBP_m,84,1
uk,LU,L_E_bound,815406407.0880481,815.40640708804813,GBP_m,84,1
uk,LU,L_E_bound,858085552.20534492,858.08555220534492,GBP_m,84,1
uk,LU,L_E_bound,902998564.27795506,902.9985642779551,GBP_m,84,1
uk,LU,L_E_bound,950262366.02211773,950.2623660221177,GBP_m,84,1
uk,LU,L_E_bound,1000000000,1000,GBP_m,84,1
uk,Uni,L_S_bound,299999.99999999994,0.29999999999999993,GBP_m,78,0.02564102564102564
uk,Uni,L_S_bound,315702.28468146769,0.31570228468146772,GBP_m,78,0.02564102564102564
uk,Uni,L_S_bound,332226.4418436616,0.33222644184366157,GBP_m,78,0.02564102564102564
uk,Uni,L_S_bound,349615.48907212907,0.34961548907212908,GBP_m,78,0.02564102564102564
uk,Uni,L_S_bound,367914.69553366618,0.36791469553366618,GBP_m,78,0.02564102564102564
uk,Uni,L_S_bound,387171.69982621662,0.38717169982621663,GBP_m,78,0.02564102564102564
uk,Uni,L_S_bound,407436.63399714674,0.40743663399714675,GBP_m,78,0.02564102564102564
uk,Uni,L_S_bound,428762.25405275391,0.42876225405275392,GBP_m,78,0.02564102564102564
uk,Uni,L_S_bound,451204.07729876763,0.45120407729876766,GBP_m,78,0.02564102564102564
uk,Uni,L_S_bound,474820.52686938172,0.4748205268693817,GBP_m,78,0.02564102564102564
uk,Uni,L_S_bound,499673.08382107347,0.49967308382107345,GBP_m,78,0.02564102564102564
uk,Uni,L_S_bound,525826.44718715793,0.52582644718715787,GBP_m,78,0.02564102564102564
uk,Uni,L_S_bound,553348.70240974962,0.55334870240974965,GBP_m,78,0.02564102564102564
uk,Uni,L_S_bound,582311.49858761183,0.58231149858761178,GBP_m,78,0.02564102564102564
uk,Uni,L_S_bound,612790.2350013277,0.61279023500132768,GBP_m,78,0.02564102564102564
uk,Uni,L_S_bound,644864.25740137557,0.64486425740137554,GBP_m,78,0.02564102564102564
uk,Uni,L_S_bound,678617.06457010773,0.67861706457010773,GBP_m,78,0.02564102564102564
uk,Uni,L_S_bound,714136.52569538041,0.71413652569538044,GBP_m,78,0.02564102564102564
uk,Uni,L_S_bound,751515.10912172415,0.75151510912172415,GBP_m,78,0.02564102564102564
uk,Uni,L_S_bound,790850.12307456951,0.79085012307456948,GBP_m,78,0.02564102564102564
uk,Uni,L_S_bound,832243.96898420493,0.83224396898420494,GBP_m,78,0.02564102564102564
uk,Uni,L_S_bound,875804.40806895366,0.87580440806895365,GBP_m,78,0.02564102564102564
uk,Uni,L_S_bound,921644.84187156358,0.92164484187156359,GBP_m,78,0.02564102564102564
uk,Uni,L_S_bound,969884.60747914226,0.96988460747914229,GBP_m,78,0.02564102564102564
uk,Uni,L_S_bound,1020649.2881951792,1.0206492881951792,GBP_m,78,0.02564102564102564
uk,Uni,L_S_bound,1074071.0404724397,1.0740710404724396,GBP_m,78,0.02564102564102564
uk,Uni,L_S_bound,1130288.9379578342,1.1302889379578342,GBP_m,78,0.02564102564102564
uk,Uni,L_S_bound,1189449.3335449267,1.1894493335449268,GBP_m,78,0.02564102564102564
uk,Uni,L_S_bound,1251706.2403766084,1.2517062403766084,GBP_m,78,0.02564102564102564
uk,Uni,L_S_bound,1317221.7327898191,1.317221732789819,GBP_m,78,0.02564102564102564
uk,Uni,L_S_bound,1386166.3682460915,1.3861663682460916,GBP_m,78,0.02564102564102564
uk,Uni,L_S_bound,1458719.6313463461,1.4587196313463462,GBP_m,78,0.02564102564102564
uk,Uni,L_S_bound,1535070.4010858329,1.5350704010858329,GBP_m,78,0.02564102564102564
uk,Uni,L_S_bound,1615417.4425656481,1.615417442565648,GBP_m,78,0.02564102564102564
uk,Uni,L_S_bound,1699969.9244408961,1.6999699244408961,GBP_m,78,0.02564102564102564
uk,Uni,L_S_bound,1788947.963452576,1.788947963452576,GBP_m,78,0.02564102564102564
uk,Uni,L_S_bound,1882583.1974607902,1.8825831974607901,GBP_m,78,0.02564102564102564
uk,Uni,L_S_bound,1981119.3884710472,1.9811193884710472,GBP_m,78,0.02564102564102564
uk,Uni,L_S_bound,2084813.0572235393,2.0848130572235393,GBP_m,78,0.02564102564102564
uk,Uni,L_S_bound,2193934.1509974226,2.1939341509974226,GBP_m,78,0.02564102564102564
uk,Uni,L_S_bound,2308766.746368608,2.3087667463686081,GBP_m,78,0.02564102564102564
uk,Uni,L_S_bound,2429609.788750561,2.429609788750561,GBP_m,78,0.02564102564102564
uk,Uni,L_S_bound,2556777.870643368,2.5567778706433679,GBP_m,78,0.02564102564102564
uk,Uni,L_S_bound,2690602.0506170979,2.6906020506170978,GBP_m,78,0.02564102564102564
uk,Uni,L_S_bound,2831430.7151615322,2.8314307151615323,GBP_m,78,0.02564102564102564
uk,Uni,L_S_bound,2979630.4856459261,2.9796304856459259,GBP_m,78,0.02564102564102564
uk,Uni,L_S_bound,3135587.1727499003,3.1355871727499003,GBP_m,78,0.02564102564102564
uk,Uni,L_S_bound,3299706.7808501585,3.2997067808501583,GBP_m,78,0.02564102564102564
uk,Uni,L_S_bound,3472416.5649777539,3.4724165649777539,GBP_m,78,0.02564102564102564
uk,Uni,L_S_bound,3654166.1430975036,3.6541661430975036,GBP_m,78,0.02564102564102564
uk,Uni,L_S_bound,3845428.6666051634,3.8454286666051636,GBP_m,78,0.02564102564102564
uk,Uni,L_S_bound,4046702.0520895314,4.0467020520895316,GBP_m,78,0.02564102564102564
uk,Uni,L_S_bound,4258510.2775661629,4.2585102775661632,GBP_m,78,0.038461538461538464
uk,Uni,L_S_bound,4481404.7465571631,4.4814047465571631,GBP_m,78,0.038461538461538464
uk,Uni,L_S_bound,4715965.7235682346,4.7159657235682344,GBP_m,78,0.038461538461538464
uk,Uni,L_S_bound,4962803.8446999425,4.9628038446999421,GBP_m,78,0.038461538461538464
uk,Uni,L_S_bound,5222561.7073258124,5.2225617073258128,GBP_m,78,0.038461538461538464
uk,Uni,L_S_bound,5495915.5429756856,5.4959155429756859,GBP_m,78,0.038461538461538464
uk,Uni,L_S_bound,5783576.9777793773,5.7835769777793775,GBP_m,78,0.038461538461538464
uk,Uni,L_S_bound,6086294.8850536263,6.0862948850536265,GBP_m,78,0.038461538461538464
uk,Uni,L_S_bound,6404857.3348551998,6.4048573348551994,GBP_m,78,0.038461538461538464
uk,Uni,L_S_bound,6740093.6455754768,6.7400936455754765,GBP_m,78,0.038461538461538464
uk,Uni,L_S_bound,7092876.5429174025,7.0928765429174021,GBP_m,78,0.038461538461538464
uk,Uni,L_S_bound,7464124.4318753807,7.4641244318753808,GBP_m,78,0.038461538461538464
uk,Uni,L_S_bound,7854803.7876327336,7.8548037876327337,GBP_m,78,0.038461538461538464
uk,Uni,L_S_bound,8265931.6716010012,8.2659316716010007,GBP_m,78,0.038461538461538464
uk,Uni,L_S_bound,8698578.379151132,8.6985783791511313,GBP_m,78,0.038461538461538464
uk,Uni,L_S_bound,9153870.2259294372,9.1538702259294364,GBP_m,78,0.038461538461538464
uk,Uni,L_S_bound,9632992.480011953,9.6329924800119535,GBP_m,78,0.038461538461538464
uk,Uni,L_S_bound,10137192.447530566,10.137192447530566,GBP_m,78,0.038461538461538464
uk,Uni,L_S_bound,10667782.719803732,10.667782719803732,GBP_m,78,0.038461538461538464
uk,Uni,L_S_bound,11226144.590425067,11.226144590425067,GBP_m,78,0.038461538461538464
uk,Uni,L_S_bound,11813731.651205644,11.813731651205645,GBP_m,78,0.038461538461538464
uk,Uni,L_S_bound,12432073.576331301,12.4320735763313,GBP_m,78,0.038461538461538464
uk,Uni,L_S_bound,13082780.104586324,13.082780104586323,GBP_m,78,0.038461538461538464
uk,Uni,L_S_bound,13767545.230010509,13.76754523001051,GBP_m,78,0.038461538461538464
uk,Uni,L_S_bound,14488151.611899205,14.488151611899205,GBP_m,78,0.038461538461538464
uk,Uni,L_S_bound,15246475.215626894,15.246475215626894,GBP_m,78,0.038461538461538464
uk,Uni,L_S_bound,16044490.19637594,16.044490196375939,GBP_m,78,0.038461538461538464
uk,Uni,L_S_bound,16884274.038484313,16.884274038484314,GBP_m,78,0.038461538461538464
uk,Uni,L_S_bound,17768012.963791635,17.768012963791634,GBP_m,78,0.038461538461538464
uk,Uni,L_S_bound,18698007.623063184,18.698007623063184,GBP_m,78,0.038461538461538464
uk,Uni,L_S_bound,19676679.085308488,19.676679085308489,GBP_m,78,0.038461538461538464
uk,Uni,L_S_bound,20706575.140586477,20.706575140586477,GBP_m,78,0.038461538461538464
uk,Uni,L_S_bound,21790376.932705451,21.790376932705449,GBP_m,78,0.038461538461538464
uk,Uni,L_S_bound,22930905.939084876,22.930905939084877,GBP_m,78,0.038461538461538464
uk,Uni,L_S_bound,24131131.315949775,24.131131315949776,GBP_m,78,0.038461538461538464
uk,Uni,L_S_bound,25394177.62797951,25.394177627979509,GBP_m,78,0.05128205128205128
uk,Uni,L_S_bound,26723332.982533824,26.723332982533822,GBP_m,78,0.05128205128205128
uk,Uni,L_S_bound,28122057.589631829,28.122057589631829,GBP_m,78,0.05128205128205128
uk,Uni,L_S_bound,29593992.769968592,29.59399276996859,GBP_m,78,0.05128205128205128
uk,Uni,L_S_bound,31142970.43441974,31.142970434419741,GBP_m,78,0.05128205128205128
uk,Uni,L_S_bound,32773023.05971238,32.773023059712379,GBP_m,78,0.05128205128205128
uk,Uni,L_S_bound,34488394.186232075,34.488394186232078,GBP_m,78,0.05128205128205128
uk,Uni,L_S_bound,36293549.465295054,36.293549465295051,GBP_m,78,0.05128205128205128
uk,Uni,L_S_bound,38193188.284645028,38.193188284645025,GBP_m,78,0.05128205128205128
uk,Uni,L_S_bound,40192256.002439685,40.192256002439684,GBP_m,78,0.05128205128205128
uk,Uni,L_S_bound,42295956.82157547,42.295956821575473,GBP_m,78,0.05128205128205128
uk,Uni,L_S_bound,44509767.337866962,44.509767337866961,GBP_m,78,0.05128205128205128
uk,Uni,L_S_bound,46839450.797350556,46.839450797350558,GBP_m,78,0.05128205128205128
uk,Uni,L_S_bound,49291072.099829219,49.291072099829222,GBP_m,78,0.064102564102564097
uk,Uni,L_S_bound,51871013.587716736,51.871013587716739,GBP_m,78,0.064102564102564097
uk,Uni,L_S_bound,54585991.66128543,54.585991661285433,GBP_m,78,0.064102564102564097
uk,Uni,L_S_bound,57443074.263571188,57.443074263571191,GBP_m,78,0.064102564102564097
uk,Uni,L_S_bound,60449699.280455485,60.449699280455484,GBP_m,78,0.064102564102564097
uk,Uni,L_S_bound,63613693.903824903,63.613693903824903,GBP_m,78,0.064102564102564097
uk,Uni,L_S_bound,66943295.008216925,66.943295008216921,GBP_m,78,0.064102564102564097
uk,Uni,L_S_bound,70447170.593998596,70.447170593998592,GBP_m,78,0.089743589743589744
uk,Uni,L_S_bound,74134442.352901548,74.134442352901544,GBP_m,78,0.10256410256410256
uk,Uni,L_S_bound,78014709.414658606,78.014709414658611,GBP_m,78,0.10256410256410256
uk,Uni,L_S_bound,82098073.336561784,82.098073336561782,GBP_m,78,0.11538461538461539
uk,Uni,L_S_bound,86395164.400997475,86.395164400997473,GBP_m,78,0.14102564102564102
uk,Uni,L_S_bound,90917169.289419711,90.917169289419704,GBP_m,78,0.15384615384615385
uk,Uni,L_S_bound,95675860.20480524,95.675860204805247,GBP_m,78,0.17948717948717949
uk,Uni,L_S_bound,100683625.51840584,100.68362551840583,GBP_m,78,0.20512820512820512
uk,Uni,L_S_bound,105953502.02058005,105.95350202058005,GBP_m,78,0.25641025641025639
uk,Uni,L_S_bound,111499208.85966554,111.49920885966554,GBP_m,78,0.32051282051282054
uk,Uni,L_S_bound,117335183.25724176,117.33518325724175,GBP_m,78,0.33333333333333331
uk,Uni,L_S_bound,123476618.09276652,123.47661809276653,GBP_m,78,0.35897435897435898
uk,Uni,L_S_bound,129939501.45542468,129.93950145542468,GBP_m,78,0.39743589743589741
uk,Uni,L_S_bound,136740658.26616144,136.74065826616143,GBP_m,78,0.42307692307692307
uk,Uni,L_S_bound,143897794.07825011,143.89779407825012,GBP_m,78,0.47435897435897434
uk,Uni,L_S_bound,151429541.170423,151.42954117042299,GBP_m,78,0.5
uk,Uni,L_S_bound,159355507.05256322,159.35550705256321,GBP_m,78,0.55128205128205132
uk,Uni,L_S_bound,167696325.51022634,167.69632551022633,GBP_m,78,0.58974358974358976
uk,Uni,L_S_bound,176473710.32088536,176.47371032088537,GBP_m,78,0.66666666666666663
uk,Uni,L_S_bound,185710511.78172985,185.71051178172985,GBP_m,78,0.73076923076923073
uk,Uni,L_S_bound,195430776.19618934,195.43077619618936,GBP_m,78,0.78205128205128205
uk,Uni,L_S_bound,205659808.47403175,205.65980847403173,GBP_m,78,0.80769230769230771
uk,Uni,L_S_bound,216424238.00801653,216.42423800801652,GBP_m,78,0.83333333333333337
uk,Uni,L_S_bound,227752087.99858829,227.75208799858828,GBP_m,78,0.84615384615384615
uk,Uni,L_S_bound,239672848.40709695,239.67284840709695,GBP_m,78,0.91025641025641024
uk,Uni,L_S_bound,252217552.72745168,252.21755272745168,GBP_m,78,0.9358974358974359
uk,Uni,L_S_bound,265418858.77608377,265.41885877608377,GBP_m,78,0.9358974358974359
uk,Uni,L_S_bound,279311133.71052462,279.31113371052464,GBP_m,78,0.94871794871794868
uk,Uni,L_S_bound,293930543.49794543,293.93054349794545,GBP_m,78,0.96153846153846156
uk,Uni,L_S_bound,309315147.06655604,309.31514706655605,GBP_m,78,0.96153846153846156
uk,Uni,L_S_bound,325504995.38498676,325.50499538498678,GBP_m,78,0.96153846153846156
uk,Uni,L_S_bound,342542235.72756946,342.54223572756945,GBP_m,78,0.97435897435897434
uk,Uni,L_S_bound,360471221.39697146,360.47122139697149,GBP_m,78,0.98717948717948723
uk,Uni,L_S_bound,379338627.18981063,379.33862718981061,GBP_m,78,0.98717948717948723
uk,Uni,L_S_bound,399193570.90584874,399.19357090584873,GBP_m,78,0.98717948717948723
uk,Uni,L_S_bound,420087741.2171002,420.08774121710019,GBP_m,78,0.98717948717948723
uk,Uni,L_S_bound,442075532.22971857,442.07553222971859,GBP_m,78,0.98717948717948723
uk,Uni,L_S_bound,465214185.08899379,465.21418508899382,GBP_m,78,1
uk,Uni,L_S_bound,489563936.99607456,489.56393699607457,GBP_m,78,1
uk,Uni,L_S_bound,515188178.02438343,515.18817802438343,GBP_m,78,1
uk,Uni,L_S_bound,542153616.14393461,542.15361614393464,GBP_m,78,1
uk,Uni,L_S_bound,570530450.88319933,570.53045088319936,GBP_m,78,1
uk,Uni,L_S_bound,600392556.08057916,600.3925560805792,GBP_m,78,1
uk,Uni,L_S_bound,631817672.20128429,631.81767220128427,GBP_m,78,1
uk,Uni,L_S_bound,664887608.72023976,664.88760872023977,GBP_m,78,1
uk,Uni,L_S_bound,699688457.09792554,699.68845709792549,GBP_m,78,1
uk,Uni,L_S_bound,736310814.90355325,736.31081490355325,GBP_m,78,1
uk,Uni,L_S_bound,774850021.66908431,774.8500216690843,GBP_m,78,1
uk,Uni,L_S_bound,815406407.0880481,815.40640708804813,GBP_m,78,1
uk,Uni,L_S_bound,858085552.20534492,858.08555220534492,GBP_m,78,1
uk,Uni,L_S_bound,902998564.27795506,902.9985642779551,GBP_m,78,1
uk,Uni,L_S_bound,950262366.02211773,950.2623660221177,GBP_m,78,1
uk,Uni,L_S_bound,1000000000,1000,GBP_m,78,1
uk,Uni,L_E_bound,299999.99999999994,0.29999999999999993,GBP_m,78,0
uk,Uni,L_E_bound,315702.28468146769,0.31570228468146772,GBP_m,78,0
uk,Uni,L_E_bound,332226.4418436616,0.33222644184366157,GBP_m,78,0
uk,Uni,L_E_bound,349615.48907212907,0.34961548907212908,GBP_m,78,0
uk,Uni,L_E_bound,367914.69553366618,0.36791469553366618,GBP_m,78,0
uk,Uni,L_E_bound,387171.69982621662,0.38717169982621663,GBP_m,78,0
uk,Uni,L_E_bound,407436.63399714674,0.40743663399714675,GBP_m,78,0
uk,Uni,L_E_bound,428762.25405275391,0.42876225405275392,GBP_m,78,0
uk,Uni,L_E_bound,451204.07729876763,0.45120407729876766,GBP_m,78,0
uk,Uni,L_E_bound,474820.52686938172,0.4748205268693817,GBP_m,78,0
uk,Uni,L_E_bound,499673.08382107347,0.49967308382107345,GBP_m,78,0
uk,Uni,L_E_bound,525826.44718715793,0.52582644718715787,GBP_m,78,0
uk,Uni,L_E_bound,553348.70240974962,0.55334870240974965,GBP_m,78,0
uk,Uni,L_E_bound,582311.49858761183,0.58231149858761178,GBP_m,78,0
uk,Uni,L_E_bound,612790.2350013277,0.61279023500132768,GBP_m,78,0
uk,Uni,L_E_bound,644864.25740137557,0.64486425740137554,GBP_m,78,0
uk,Uni,L_E_bound,678617.06457010773,0.67861706457010773,GBP_m,78,0
uk,Uni,L_E_bound,714136.52569538041,0.71413652569538044,GBP_m,78,0
uk,Uni,L_E_bound,751515.10912172415,0.75151510912172415,GBP_m,78,0
uk,Uni,L_E_bound,790850.12307456951,0.79085012307456948,GBP_m,78,0
uk,Uni,L_E_bound,832243.96898420493,0.83224396898420494,GBP_m,78,0
uk,Uni,L_E_bound,875804.40806895366,0.87580440806895365,GBP_m,78,0
uk,Uni,L_E_bound,921644.84187156358,0.92164484187156359,GBP_m,78,0
uk,Uni,L_E_bound,969884.60747914226,0.96988460747914229,GBP_m,78,0
uk,Uni,L_E_bound,1020649.2881951792,1.0206492881951792,GBP_m,78,0
uk,Uni,L_E_bound,1074071.0404724397,1.0740710404724396,GBP_m,78,0
uk,Uni,L_E_bound,1130288.9379578342,1.1302889379578342,GBP_m,78,0
uk,Uni,L_E_bound,1189449.3335449267,1.1894493335449268,GBP_m,78,0
uk,Uni,L_E_bound,1251706.2403766084,1.2517062403766084,GBP_m,78,0
uk,Uni,L_E_bound,1317221.7327898191,1.317221732789819,GBP_m,78,0
uk,Uni,L_E_bound,1386166.3682460915,1.3861663682460916,GBP_m,78,0
uk,Uni,L_E_bound,1458719.6313463461,1.4587196313463462,GBP_m,78,0
uk,Uni,L_E_bound,1535070.4010858329,1.5350704010858329,GBP_m,78,0
uk,Uni,L_E_bound,1615417.4425656481,1.615417442565648,GBP_m,78,0
uk,Uni,L_E_bound,1699969.9244408961,1.6999699244408961,GBP_m,78,0
uk,Uni,L_E_bound,1788947.963452576,1.788947963452576,GBP_m,78,0
uk,Uni,L_E_bound,1882583.1974607902,1.8825831974607901,GBP_m,78,0
uk,Uni,L_E_bound,1981119.3884710472,1.9811193884710472,GBP_m,78,0
uk,Uni,L_E_bound,2084813.0572235393,2.0848130572235393,GBP_m,78,0
uk,Uni,L_E_bound,2193934.1509974226,2.1939341509974226,GBP_m,78,0
uk,Uni,L_E_bound,2308766.746368608,2.3087667463686081,GBP_m,78,0
uk,Uni,L_E_bound,2429609.788750561,2.429609788750561,GBP_m,78,0
uk,Uni,L_E_bound,2556777.870643368,2.5567778706433679,GBP_m,78,0
uk,Uni,L_E_bound,2690602.0506170979,2.6906020506170978,GBP_m,78,0
uk,Uni,L_E_bound,2831430.7151615322,2.8314307151615323,GBP_m,78,0
uk,Uni,L_E_bound,2979630.4856459261,2.9796304856459259,GBP_m,78,0
uk,Uni,L_E_bound,3135587.1727499003,3.1355871727499003,GBP_m,78,0
uk,Uni,L_E_bound,3299706.7808501585,3.2997067808501583,GBP_m,78,0
uk,Uni,L_E_bound,3472416.5649777539,3.4724165649777539,GBP_m,78,0
uk,Uni,L_E_bound,3654166.1430975036,3.6541661430975036,GBP_m,78,0
uk,Uni,L_E_bound,3845428.6666051634,3.8454286666051636,GBP_m,78,0
uk,Uni,L_E_bound,4046702.0520895314,4.0467020520895316,GBP_m,78,0
uk,Uni,L_E_bound,4258510.2775661629,4.2585102775661632,GBP_m,78,0
uk,Uni,L_E_bound,4481404.7465571631,4.4814047465571631,GBP_m,78,0
uk,Uni,L_E_bound,4715965.7235682346,4.7159657235682344,GBP_m,78,0
uk,Uni,L_E_bound,4962803.8446999425,4.9628038446999421,GBP_m,78,0
uk,Uni,L_E_bound,5222561.7073258124,5.2225617073258128,GBP_m,78,0
uk,Uni,L_E_bound,5495915.5429756856,5.4959155429756859,GBP_m,78,0
uk,Uni,L_E_bound,5783576.9777793773,5.7835769777793775,GBP_m,78,0
uk,Uni,L_E_bound,6086294.8850536263,6.0862948850536265,GBP_m,78,0
uk,Uni,L_E_bound,6404857.3348551998,6.4048573348551994,GBP_m,78,0
uk,Uni,L_E_bound,6740093.6455754768,6.7400936455754765,GBP_m,78,0
uk,Uni,L_E_bound,7092876.5429174025,7.0928765429174021,GBP_m,78,0
uk,Uni,L_E_bound,7464124.4318753807,7.4641244318753808,GBP_m,78,0
uk,Uni,L_E_bound,7854803.7876327336,7.8548037876327337,GBP_m,78,0
uk,Uni,L_E_bound,8265931.6716010012,8.2659316716010007,GBP_m,78,0
uk,Uni,L_E_bound,8698578.379151132,8.6985783791511313,GBP_m,78,0
uk,Uni,L_E_bound,9153870.2259294372,9.1538702259294364,GBP_m,78,0
uk,Uni,L_E_bound,9632992.480011953,9.6329924800119535,GBP_m,78,0
uk,Uni,L_E_bound,10137192.447530566,10.137192447530566,GBP_m,78,0
uk,Uni,L_E_bound,10667782.719803732,10.667782719803732,GBP_m,78,0
uk,Uni,L_E_bound,11226144.590425067,11.226144590425067,GBP_m,78,0
uk,Uni,L_E_bound,11813731.651205644,11.813731651205645,GBP_m,78,0
uk,Uni,L_E_bound,12432073.576331301,12.4320735763313,GBP_m,78,0
uk,Uni,L_E_bound,13082780.104586324,13.082780104586323,GBP_m,78,0
uk,Uni,L_E_bound,13767545.230010509,13.76754523001051,GBP_m,78,0
uk,Uni,L_E_bound,14488151.611899205,14.488151611899205,GBP_m,78,0
uk,Uni,L_E_bound,15246475.215626894,15.246475215626894,GBP_m,78,0
uk,Uni,L_E_bound,16044490.19637594,16.044490196375939,GBP_m,78,0
uk,Uni,L_E_bound,16884274.038484313,16.884274038484314,GBP_m,78,0
uk,Uni,L_E_bound,17768012.963791635,17.768012963791634,GBP_m,78,0
uk,Uni,L_E_bound,18698007.623063184,18.698007623063184,GBP_m,78,0.01282051282051282
uk,Uni,L_E_bound,19676679.085308488,19.676679085308489,GBP_m,78,0.01282051282051282
uk,Uni,L_E_bound,20706575.140586477,20.706575140586477,GBP_m,78,0.01282051282051282
uk,Uni,L_E_bound,21790376.932705451,21.790376932705449,GBP_m,78,0.01282051282051282
uk,Uni,L_E_bound,22930905.939084876,22.930905939084877,GBP_m,78,0.01282051282051282
uk,Uni,L_E_bound,24131131.315949775,24.131131315949776,GBP_m,78,0.01282051282051282
uk,Uni,L_E_bound,25394177.62797951,25.394177627979509,GBP_m,78,0.01282051282051282
uk,Uni,L_E_bound,26723332.982533824,26.723332982533822,GBP_m,78,0.01282051282051282
uk,Uni,L_E_bound,28122057.589631829,28.122057589631829,GBP_m,78,0.01282051282051282
uk,Uni,L_E_bound,29593992.769968592,29.59399276996859,GBP_m,78,0.01282051282051282
uk,Uni,L_E_bound,31142970.43441974,31.142970434419741,GBP_m,78,0.01282051282051282
uk,Uni,L_E_bound,32773023.05971238,32.773023059712379,GBP_m,78,0.02564102564102564
uk,Uni,L_E_bound,34488394.186232075,34.488394186232078,GBP_m,78,0.02564102564102564
uk,Uni,L_E_bound,36293549.465295054,36.293549465295051,GBP_m,78,0.038461538461538464
uk,Uni,L_E_bound,38193188.284645028,38.193188284645025,GBP_m,78,0.038461538461538464
uk,Uni,L_E_bound,40192256.002439685,40.192256002439684,GBP_m,78,0.038461538461538464
uk,Uni,L_E_bound,42295956.82157547,42.295956821575473,GBP_m,78,0.05128205128205128
uk,Uni,L_E_bound,44509767.337866962,44.509767337866961,GBP_m,78,0.05128205128205128
uk,Uni,L_E_bound,46839450.797350556,46.839450797350558,GBP_m,78,0.064102564102564097
uk,Uni,L_E_bound,49291072.099829219,49.291072099829222,GBP_m,78,0.064102564102564097
uk,Uni,L_E_bound,51871013.587716736,51.871013587716739,GBP_m,78,0.064102564102564097
uk,Uni,L_E_bound,54585991.66128543,54.585991661285433,GBP_m,78,0.064102564102564097
uk,Uni,L_E_bound,57443074.263571188,57.443074263571191,GBP_m,78,0.076923076923076927
uk,Uni,L_E_bound,60449699.280455485,60.449699280455484,GBP_m,78,0.076923076923076927
uk,Uni,L_E_bound,63613693.903824903,63.613693903824903,GBP_m,78,0.076923076923076927
uk,Uni,L_E_bound,66943295.008216925,66.943295008216921,GBP_m,78,0.089743589743589744
uk,Uni,L_E_bound,70447170.593998596,70.447170593998592,GBP_m,78,0.11538461538461539
uk,Uni,L_E_bound,74134442.352901548,74.134442352901544,GBP_m,78,0.14102564102564102
uk,Uni,L_E_bound,78014709.414658606,78.014709414658611,GBP_m,78,0.16666666666666666
uk,Uni,L_E_bound,82098073.336561784,82.098073336561782,GBP_m,78,0.19230769230769232
uk,Uni,L_E_bound,86395164.400997475,86.395164400997473,GBP_m,78,0.20512820512820512
uk,Uni,L_E_bound,90917169.289419711,90.917169289419704,GBP_m,78,0.20512820512820512
uk,Uni,L_E_bound,95675860.20480524,95.675860204805247,GBP_m,78,0.28205128205128205
uk,Uni,L_E_bound,100683625.51840584,100.68362551840583,GBP_m,78,0.29487179487179488
uk,Uni,L_E_bound,105953502.02058005,105.95350202058005,GBP_m,78,0.38461538461538464
uk,Uni,L_E_bound,111499208.85966554,111.49920885966554,GBP_m,78,0.46153846153846156
uk,Uni,L_E_bound,117335183.25724176,117.33518325724175,GBP_m,78,0.47435897435897434
uk,Uni,L_E_bound,123476618.09276652,123.47661809276653,GBP_m,78,0.5641025641025641
uk,Uni,L_E_bound,129939501.45542468,129.93950145542468,GBP_m,78,0.61538461538461542
uk,Uni,L_E_bound,136740658.26616144,136.74065826616143,GBP_m,78,0.64102564102564108
uk,Uni,L_E_bound,143897794.07825011,143.89779407825012,GBP_m,78,0.70512820512820518
uk,Uni,L_E_bound,151429541.170423,151.42954117042299,GBP_m,78,0.70512820512820518
uk,Uni,L_E_bound,159355507.05256322,159.35550705256321,GBP_m,78,0.71794871794871795
uk,Uni,L_E_bound,167696325.51022634,167.69632551022633,GBP_m,78,0.76923076923076927
uk,Uni,L_E_bound,176473710.32088536,176.47371032088537,GBP_m,78,0.84615384615384615
uk,Uni,L_E_bound,185710511.78172985,185.71051178172985,GBP_m,78,0.85897435897435892
uk,Uni,L_E_bound,195430776.19618934,195.43077619618936,GBP_m,78,0.88461538461538458
uk,Uni,L_E_bound,205659808.47403175,205.65980847403173,GBP_m,78,0.94871794871794868
uk,Uni,L_E_bound,216424238.00801653,216.42423800801652,GBP_m,78,0.94871794871794868
uk,Uni,L_E_bound,227752087.99858829,227.75208799858828,GBP_m,78,0.96153846153846156
uk,Uni,L_E_bound,239672848.40709695,239.67284840709695,GBP_m,78,0.96153846153846156
uk,Uni,L_E_bound,252217552.72745168,252.21755272745168,GBP_m,78,0.96153846153846156
uk,Uni,L_E_bound,265418858.77608377,265.41885877608377,GBP_m,78,0.96153846153846156
uk,Uni,L_E_bound,279311133.71052462,279.31113371052464,GBP_m,78,0.96153846153846156
uk,Uni,L_E_bound,293930543.49794543,293.93054349794545,GBP_m,78,0.96153846153846156
uk,Uni,L_E_bound,309315147.06655604,309.31514706655605,GBP_m,78,0.96153846153846156
uk,Uni,L_E_bound,325504995.38498676,325.50499538498678,GBP_m,78,0.97435897435897434
uk,Uni,L_E_bound,342542235.72756946,342.54223572756945,GBP_m,78,0.97435897435897434
uk,Uni,L_E_bound,360471221.39697146,360.47122139697149,GBP_m,78,0.98717948717948723
uk,Uni,L_E_bound,379338627.18981063,379.33862718981061,GBP_m,78,1
uk,Uni,L_E_bound,399193570.90584874,399.19357090584873,GBP_m,78,1
uk,Uni,L_E_bound,420087741.2171002,420.08774121710019,GBP_m,78,1
uk,Uni,L_E_bound,442075532.22971857,442.07553222971859,GBP_m,78,1
uk,Uni,L_E_bound,465214185.08899379,465.21418508899382,GBP_m,78,1
uk,Uni,L_E_bound,489563936.99607456,489.56393699607457,GBP_m,78,1
uk,Uni,L_E_bound,515188178.02438343,515.18817802438343,GBP_m,78,1
uk,Uni,L_E_bound,542153616.14393461,542.15361614393464,GBP_m,78,1
uk,Uni,L_E_bound,570530450.88319933,570.53045088319936,GBP_m,78,1
uk,Uni,L_E_bound,600392556.08057916,600.3925560805792,GBP_m,78,1
uk,Uni,L_E_bound,631817672.20128429,631.81767220128427,GBP_m,78,1
uk,Uni,L_E_bound,664887608.72023976,664.88760872023977,GBP_m,78,1
uk,Uni,L_E_bound,699688457.09792554,699.68845709792549,GBP_m,78,1
uk,Uni,L_E_bound,736310814.90355325,736.31081490355325,GBP_m,78,1
uk,Uni,L_E_bound,774850021.66908431,774.8500216690843,GBP_m,78,1
uk,Uni,L_E_bound,815406407.0880481,815.40640708804813,GBP_m,78,1
uk,Uni,L_E_bound,858085552.20534492,858.08555220534492,GBP_m,78,1
uk,Uni,L_E_bound,902998564.27795506,902.9985642779551,GBP_m,78,1
uk,Uni,L_E_bound,950262366.02211773,950.2623660221177,GBP_m,78,1
uk,Uni,L_E_bound,1000000000,1000,GBP_m,78,1
au,GNN,L_S_bound,0.29999999999999993,0.29999999999999993,MVA,180,0.35555555555555557
au,GNN,L_S_bound,0.31570228468146766,0.31570228468146766,MVA,180,0.35555555555555557
au,GNN,L_S_bound,0.33222644184366157,0.33222644184366157,MVA,180,0.35555555555555557
au,GNN,L_S_bound,0.34961548907212908,0.34961548907212908,MVA,180,0.35555555555555557
au,GNN,L_S_bound,0.36791469553366618,0.36791469553366618,MVA,180,0.35555555555555557
au,GNN,L_S_bound,0.38717169982621663,0.38717169982621663,MVA,180,0.35555555555555557
au,GNN,L_S_bound,0.40743663399714675,0.40743663399714675,MVA,180,0.35555555555555557
au,GNN,L_S_bound,0.42876225405275392,0.42876225405275392,MVA,180,0.35555555555555557
au,GNN,L_S_bound,0.4512040772987676,0.4512040772987676,MVA,180,0.35555555555555557
au,GNN,L_S_bound,0.4748205268693817,0.4748205268693817,MVA,180,0.35555555555555557
au,GNN,L_S_bound,0.49967308382107345,0.49967308382107345,MVA,180,0.35555555555555557
au,GNN,L_S_bound,0.52582644718715799,0.52582644718715799,MVA,180,0.35555555555555557
au,GNN,L_S_bound,0.55334870240974965,0.55334870240974965,MVA,180,0.35555555555555557
au,GNN,L_S_bound,0.58231149858761178,0.58231149858761178,MVA,180,0.35555555555555557
au,GNN,L_S_bound,0.61279023500132768,0.61279023500132768,MVA,180,0.35555555555555557
au,GNN,L_S_bound,0.64486425740137554,0.64486425740137554,MVA,180,0.35555555555555557
au,GNN,L_S_bound,0.67861706457010773,0.67861706457010773,MVA,180,0.35555555555555557
au,GNN,L_S_bound,0.71413652569538044,0.71413652569538044,MVA,180,0.35555555555555557
au,GNN,L_S_bound,0.75151510912172415,0.75151510912172415,MVA,180,0.35555555555555557
au,GNN,L_S_bound,0.79085012307456948,0.79085012307456948,MVA,180,0.35555555555555557
au,GNN,L_S_bound,0.83224396898420494,0.83224396898420494,MVA,180,0.35555555555555557
au,GNN,L_S_bound,0.87580440806895365,0.87580440806895365,MVA,180,0.35555555555555557
au,GNN,L_S_bound,0.92164484187156359,0.92164484187156359,MVA,180,0.35555555555555557
au,GNN,L_S_bound,0.96988460747914229,0.96988460747914229,MVA,180,0.35555555555555557
au,GNN,L_S_bound,1.0206492881951792,1.0206492881951792,MVA,180,0.35555555555555557
au,GNN,L_S_bound,1.0740710404724396,1.0740710404724396,MVA,180,0.35555555555555557
au,GNN,L_S_bound,1.1302889379578342,1.1302889379578342,MVA,180,0.35555555555555557
au,GNN,L_S_bound,1.1894493335449268,1.1894493335449268,MVA,180,0.35555555555555557
au,GNN,L_S_bound,1.2517062403766084,1.2517062403766084,MVA,180,0.35555555555555557
au,GNN,L_S_bound,1.317221732789819,1.317221732789819,MVA,180,0.35555555555555557
au,GNN,L_S_bound,1.3861663682460916,1.3861663682460916,MVA,180,0.35555555555555557
au,GNN,L_S_bound,1.4587196313463462,1.4587196313463462,MVA,180,0.35555555555555557
au,GNN,L_S_bound,1.5350704010858329,1.5350704010858329,MVA,180,0.35555555555555557
au,GNN,L_S_bound,1.6154174425656482,1.6154174425656482,MVA,180,0.35555555555555557
au,GNN,L_S_bound,1.6999699244408961,1.6999699244408961,MVA,180,0.3611111111111111
au,GNN,L_S_bound,1.788947963452576,1.788947963452576,MVA,180,0.3611111111111111
au,GNN,L_S_bound,1.8825831974607903,1.8825831974607903,MVA,180,0.3611111111111111
au,GNN,L_S_bound,1.9811193884710472,1.9811193884710472,MVA,180,0.3611111111111111
au,GNN,L_S_bound,2.0848130572235393,2.0848130572235393,MVA,180,0.3611111111111111
au,GNN,L_S_bound,2.1939341509974226,2.1939341509974226,MVA,180,0.3611111111111111
au,GNN,L_S_bound,2.3087667463686081,2.3087667463686081,MVA,180,0.3611111111111111
au,GNN,L_S_bound,2.429609788750561,2.429609788750561,MVA,180,0.3611111111111111
au,GNN,L_S_bound,2.5567778706433679,2.5567778706433679,MVA,180,0.3611111111111111
au,GNN,L_S_bound,2.6906020506170978,2.6906020506170978,MVA,180,0.3611111111111111
au,GNN,L_S_bound,2.8314307151615323,2.8314307151615323,MVA,180,0.3611111111111111
au,GNN,L_S_bound,2.9796304856459259,2.9796304856459259,MVA,180,0.3611111111111111
au,GNN,L_S_bound,3.1355871727499003,3.1355871727499003,MVA,180,0.3611111111111111
au,GNN,L_S_bound,3.2997067808501583,3.2997067808501583,MVA,180,0.3611111111111111
au,GNN,L_S_bound,3.4724165649777539,3.4724165649777539,MVA,180,0.3611111111111111
au,GNN,L_S_bound,3.6541661430975036,3.6541661430975036,MVA,180,0.3611111111111111
au,GNN,L_S_bound,3.8454286666051636,3.8454286666051636,MVA,180,0.3611111111111111
au,GNN,L_S_bound,4.0467020520895316,4.0467020520895316,MVA,180,0.3611111111111111
au,GNN,L_S_bound,4.2585102775661632,4.2585102775661632,MVA,180,0.3611111111111111
au,GNN,L_S_bound,4.4814047465571631,4.4814047465571631,MVA,180,0.3611111111111111
au,GNN,L_S_bound,4.7159657235682344,4.7159657235682344,MVA,180,0.3611111111111111
au,GNN,L_S_bound,4.9628038446999421,4.9628038446999421,MVA,180,0.36666666666666664
au,GNN,L_S_bound,5.2225617073258128,5.2225617073258128,MVA,180,0.36666666666666664
au,GNN,L_S_bound,5.4959155429756859,5.4959155429756859,MVA,180,0.37222222222222223
au,GNN,L_S_bound,5.7835769777793775,5.7835769777793775,MVA,180,0.37222222222222223
au,GNN,L_S_bound,6.0862948850536265,6.0862948850536265,MVA,180,0.37222222222222223
au,GNN,L_S_bound,6.4048573348551994,6.4048573348551994,MVA,180,0.37222222222222223
au,GNN,L_S_bound,6.7400936455754765,6.7400936455754765,MVA,180,0.37222222222222223
au,GNN,L_S_bound,7.0928765429174021,7.0928765429174021,MVA,180,0.37222222222222223
au,GNN,L_S_bound,7.4641244318753808,7.4641244318753808,MVA,180,0.37222222222222223
au,GNN,L_S_bound,7.8548037876327337,7.8548037876327337,MVA,180,0.37222222222222223
au,GNN,L_S_bound,8.2659316716010007,8.2659316716010007,MVA,180,0.37222222222222223
au,GNN,L_S_bound,8.6985783791511313,8.6985783791511313,MVA,180,0.37222222222222223
au,GNN,L_S_bound,9.1538702259294364,9.1538702259294364,MVA,180,0.37222222222222223
au,GNN,L_S_bound,9.6329924800119535,9.6329924800119535,MVA,180,0.37777777777777777
au,GNN,L_S_bound,10.137192447530566,10.137192447530566,MVA,180,0.37777777777777777
au,GNN,L_S_bound,10.667782719803732,10.667782719803732,MVA,180,0.38333333333333336
au,GNN,L_S_bound,11.226144590425067,11.226144590425067,MVA,180,0.3888888888888889
au,GNN,L_S_bound,11.813731651205645,11.813731651205645,MVA,180,0.3888888888888889
au,GNN,L_S_bound,12.4320735763313,12.4320735763313,MVA,180,0.3888888888888889
au,GNN,L_S_bound,13.082780104586323,13.082780104586323,MVA,180,0.3888888888888889
au,GNN,L_S_bound,13.76754523001051,13.76754523001051,MVA,180,0.39444444444444443
au,GNN,L_S_bound,14.488151611899205,14.488151611899205,MVA,180,0.39444444444444443
au,GNN,L_S_bound,15.246475215626894,15.246475215626894,MVA,180,0.39444444444444443
au,GNN,L_S_bound,16.044490196375939,16.044490196375939,MVA,180,0.39444444444444443
au,GNN,L_S_bound,16.884274038484314,16.884274038484314,MVA,180,0.39444444444444443
au,GNN,L_S_bound,17.768012963791634,17.768012963791634,MVA,180,0.39444444444444443
au,GNN,L_S_bound,18.698007623063184,18.698007623063184,MVA,180,0.39444444444444443
au,GNN,L_S_bound,19.676679085308489,19.676679085308489,MVA,180,0.40000000000000002
au,GNN,L_S_bound,20.706575140586477,20.706575140586477,MVA,180,0.40555555555555556
au,GNN,L_S_bound,21.790376932705449,21.790376932705449,MVA,180,0.40555555555555556
au,GNN,L_S_bound,22.930905939084877,22.930905939084877,MVA,180,0.40555555555555556
au,GNN,L_S_bound,24.131131315949776,24.131131315949776,MVA,180,0.40555555555555556
au,GNN,L_S_bound,25.394177627979509,25.394177627979509,MVA,180,0.40555555555555556
au,GNN,L_S_bound,26.723332982533822,26.723332982533822,MVA,180,0.40555555555555556
au,GNN,L_S_bound,28.122057589631829,28.122057589631829,MVA,180,0.40555555555555556
au,GNN,L_S_bound,29.59399276996859,29.59399276996859,MVA,180,0.40555555555555556
au,GNN,L_S_bound,31.142970434419741,31.142970434419741,MVA,180,0.40555555555555556
au,GNN,L_S_bound,32.773023059712379,32.773023059712379,MVA,180,0.41111111111111109
au,GNN,L_S_bound,34.488394186232078,34.488394186232078,MVA,180,0.41666666666666669
au,GNN,L_S_bound,36.293549465295051,36.293549465295051,MVA,180,0.41666666666666669
au,GNN,L_S_bound,38.193188284645032,38.193188284645032,MVA,180,0.41666666666666669
au,GNN,L_S_bound,40.192256002439684,40.192256002439684,MVA,180,0.41666666666666669
au,GNN,L_S_bound,42.295956821575473,42.295956821575473,MVA,180,0.41666666666666669
au,GNN,L_S_bound,44.509767337866961,44.509767337866961,MVA,180,0.41666666666666669
au,GNN,L_S_bound,46.839450797350558,46.839450797350558,MVA,180,0.42222222222222222
au,GNN,L_S_bound,49.291072099829222,49.291072099829222,MVA,180,0.42222222222222222
au,GNN,L_S_bound,51.871013587716739,51.871013587716739,MVA,180,0.42222222222222222
au,GNN,L_S_bound,54.585991661285433,54.585991661285433,MVA,180,0.42222222222222222
au,GNN,L_S_bound,57.443074263571191,57.443074263571191,MVA,180,0.42222222222222222
au,GNN,L_S_bound,60.449699280455484,60.449699280455484,MVA,180,0.42222222222222222
au,GNN,L_S_bound,63.613693903824903,63.613693903824903,MVA,180,0.43333333333333335
au,GNN,L_S_bound,66.943295008216921,66.943295008216921,MVA,180,0.43888888888888888
au,GNN,L_S_bound,70.447170593998592,70.447170593998592,MVA,180,0.43888888888888888
au,GNN,L_S_bound,74.134442352901544,74.134442352901544,MVA,180,0.44444444444444442
au,GNN,L_S_bound,78.014709414658611,78.014709414658611,MVA,180,0.45555555555555555
au,GNN,L_S_bound,82.098073336561782,82.098073336561782,MVA,180,0.46111111111111114
au,GNN,L_S_bound,86.395164400997473,86.395164400997473,MVA,180,0.46666666666666667
au,GNN,L_S_bound,90.917169289419704,90.917169289419704,MVA,180,0.47222222222222221
au,GNN,L_S_bound,95.675860204805247,95.675860204805247,MVA,180,0.49444444444444446
au,GNN,L_S_bound,100.68362551840583,100.68362551840583,MVA,180,0.51111111111111107
au,GNN,L_S_bound,105.95350202058005,105.95350202058005,MVA,180,0.51666666666666672
au,GNN,L_S_bound,111.49920885966554,111.49920885966554,MVA,180,0.52222222222222225
au,GNN,L_S_bound,117.33518325724175,117.33518325724175,MVA,180,0.5444444444444444
au,GNN,L_S_bound,123.47661809276653,123.47661809276653,MVA,180,0.55555555555555558
au,GNN,L_S_bound,129.93950145542468,129.93950145542468,MVA,180,0.56666666666666665
au,GNN,L_S_bound,136.74065826616143,136.74065826616143,MVA,180,0.58333333333333337
au,GNN,L_S_bound,143.89779407825012,143.89779407825012,MVA,180,0.59999999999999998
au,GNN,L_S_bound,151.42954117042299,151.42954117042299,MVA,180,0.6333333333333333
au,GNN,L_S_bound,159.35550705256321,159.35550705256321,MVA,180,0.65555555555555556
au,GNN,L_S_bound,167.69632551022633,167.69632551022633,MVA,180,0.67777777777777781
au,GNN,L_S_bound,176.47371032088535,176.47371032088535,MVA,180,0.68888888888888888
au,GNN,L_S_bound,185.71051178172985,185.71051178172985,MVA,180,0.7055555555555556
au,GNN,L_S_bound,195.43077619618936,195.43077619618936,MVA,180,0.74444444444444446
au,GNN,L_S_bound,205.65980847403173,205.65980847403173,MVA,180,0.76111111111111107
au,GNN,L_S_bound,216.42423800801652,216.42423800801652,MVA,180,0.77777777777777779
au,GNN,L_S_bound,227.75208799858831,227.75208799858831,MVA,180,0.7944444444444444
au,GNN,L_S_bound,239.67284840709695,239.67284840709695,MVA,180,0.7944444444444444
au,GNN,L_S_bound,252.21755272745168,252.21755272745168,MVA,180,0.82777777777777772
au,GNN,L_S_bound,265.41885877608377,265.41885877608377,MVA,180,0.83333333333333337
au,GNN,L_S_bound,279.31113371052464,279.31113371052464,MVA,180,0.83888888888888891
au,GNN,L_S_bound,293.93054349794545,293.93054349794545,MVA,180,0.85555555555555551
au,GNN,L_S_bound,309.31514706655605,309.31514706655605,MVA,180,0.8833333333333333
au,GNN,L_S_bound,325.50499538498678,325.50499538498678,MVA,180,0.92777777777777781
au,GNN,L_S_bound,342.54223572756945,342.54223572756945,MVA,180,0.94444444444444442
au,GNN,L_S_bound,360.47122139697149,360.47122139697149,MVA,180,0.9555555555555556
au,GNN,L_S_bound,379.33862718981061,379.33862718981061,MVA,180,0.96666666666666667
au,GNN,L_S_bound,399.19357090584873,399.19357090584873,MVA,180,0.96666666666666667
au,GNN,L_S_bound,420.08774121710019,420.08774121710019,MVA,180,0.96666666666666667
au,GNN,L_S_bound,442.07553222971859,442.07553222971859,MVA,180,0.96666666666666667
au,GNN,L_S_bound,465.21418508899376,465.21418508899376,MVA,180,0.97222222222222221
au,GNN,L_S_bound,489.56393699607457,489.56393699607457,MVA,180,0.97777777777777775
au,GNN,L_S_bound,515.18817802438343,515.18817802438343,MVA,180,0.98333333333333328
au,GNN,L_S_bound,542.15361614393464,542.15361614393464,MVA,180,0.98888888888888893
au,GNN,L_S_bound,570.53045088319936,570.53045088319936,MVA,180,1
au,GNN,L_S_bound,600.3925560805792,600.3925560805792,MVA,180,1
au,GNN,L_S_bound,631.81767220128427,631.81767220128427,MVA,180,1
au,GNN,L_S_bound,664.88760872023977,664.88760872023977,MVA,180,1
au,GNN,L_S_bound,699.68845709792549,699.68845709792549,MVA,180,1
au,GNN,L_S_bound,736.31081490355325,736.31081490355325,MVA,180,1
au,GNN,L_S_bound,774.8500216690843,774.8500216690843,MVA,180,1
au,GNN,L_S_bound,815.40640708804813,815.40640708804813,MVA,180,1
au,GNN,L_S_bound,858.08555220534492,858.08555220534492,MVA,180,1
au,GNN,L_S_bound,902.9985642779551,902.9985642779551,MVA,180,1
au,GNN,L_S_bound,950.2623660221177,950.2623660221177,MVA,180,1
au,GNN,L_S_bound,1000,1000,MVA,180,1
au,GNN,L_E_bound,0.29999999999999993,0.29999999999999993,MVA,180,0.30555555555555558
au,GNN,L_E_bound,0.31570228468146766,0.31570228468146766,MVA,180,0.30555555555555558
au,GNN,L_E_bound,0.33222644184366157,0.33222644184366157,MVA,180,0.31111111111111112
au,GNN,L_E_bound,0.34961548907212908,0.34961548907212908,MVA,180,0.31111111111111112
au,GNN,L_E_bound,0.36791469553366618,0.36791469553366618,MVA,180,0.31111111111111112
au,GNN,L_E_bound,0.38717169982621663,0.38717169982621663,MVA,180,0.31111111111111112
au,GNN,L_E_bound,0.40743663399714675,0.40743663399714675,MVA,180,0.31111111111111112
au,GNN,L_E_bound,0.42876225405275392,0.42876225405275392,MVA,180,0.31111111111111112
au,GNN,L_E_bound,0.4512040772987676,0.4512040772987676,MVA,180,0.31111111111111112
au,GNN,L_E_bound,0.4748205268693817,0.4748205268693817,MVA,180,0.31111111111111112
au,GNN,L_E_bound,0.49967308382107345,0.49967308382107345,MVA,180,0.31111111111111112
au,GNN,L_E_bound,0.52582644718715799,0.52582644718715799,MVA,180,0.31111111111111112
au,GNN,L_E_bound,0.55334870240974965,0.55334870240974965,MVA,180,0.31111111111111112
au,GNN,L_E_bound,0.58231149858761178,0.58231149858761178,MVA,180,0.31111111111111112
au,GNN,L_E_bound,0.61279023500132768,0.61279023500132768,MVA,180,0.31111111111111112
au,GNN,L_E_bound,0.64486425740137554,0.64486425740137554,MVA,180,0.31111111111111112
au,GNN,L_E_bound,0.67861706457010773,0.67861706457010773,MVA,180,0.31111111111111112
au,GNN,L_E_bound,0.71413652569538044,0.71413652569538044,MVA,180,0.31111111111111112
au,GNN,L_E_bound,0.75151510912172415,0.75151510912172415,MVA,180,0.31111111111111112
au,GNN,L_E_bound,0.79085012307456948,0.79085012307456948,MVA,180,0.31111111111111112
au,GNN,L_E_bound,0.83224396898420494,0.83224396898420494,MVA,180,0.31111111111111112
au,GNN,L_E_bound,0.87580440806895365,0.87580440806895365,MVA,180,0.31111111111111112
au,GNN,L_E_bound,0.92164484187156359,0.92164484187156359,MVA,180,0.31111111111111112
au,GNN,L_E_bound,0.96988460747914229,0.96988460747914229,MVA,180,0.31111111111111112
au,GNN,L_E_bound,1.0206492881951792,1.0206492881951792,MVA,180,0.31111111111111112
au,GNN,L_E_bound,1.0740710404724396,1.0740710404724396,MVA,180,0.31111111111111112
au,GNN,L_E_bound,1.1302889379578342,1.1302889379578342,MVA,180,0.31111111111111112
au,GNN,L_E_bound,1.1894493335449268,1.1894493335449268,MVA,180,0.31111111111111112
au,GNN,L_E_bound,1.2517062403766084,1.2517062403766084,MVA,180,0.31111111111111112
au,GNN,L_E_bound,1.317221732789819,1.317221732789819,MVA,180,0.31111111111111112
au,GNN,L_E_bound,1.3861663682460916,1.3861663682460916,MVA,180,0.31111111111111112
au,GNN,L_E_bound,1.4587196313463462,1.4587196313463462,MVA,180,0.31111111111111112
au,GNN,L_E_bound,1.5350704010858329,1.5350704010858329,MVA,180,0.31666666666666665
au,GNN,L_E_bound,1.6154174425656482,1.6154174425656482,MVA,180,0.31666666666666665
au,GNN,L_E_bound,1.6999699244408961,1.6999699244408961,MVA,180,0.31666666666666665
au,GNN,L_E_bound,1.788947963452576,1.788947963452576,MVA,180,0.31666666666666665
au,GNN,L_E_bound,1.8825831974607903,1.8825831974607903,MVA,180,0.31666666666666665
au,GNN,L_E_bound,1.9811193884710472,1.9811193884710472,MVA,180,0.31666666666666665
au,GNN,L_E_bound,2.0848130572235393,2.0848130572235393,MVA,180,0.31666666666666665
au,GNN,L_E_bound,2.1939341509974226,2.1939341509974226,MVA,180,0.31666666666666665
au,GNN,L_E_bound,2.3087667463686081,2.3087667463686081,MVA,180,0.31666666666666665
au,GNN,L_E_bound,2.429609788750561,2.429609788750561,MVA,180,0.31666666666666665
au,GNN,L_E_bound,2.5567778706433679,2.5567778706433679,MVA,180,0.31666666666666665
au,GNN,L_E_bound,2.6906020506170978,2.6906020506170978,MVA,180,0.31666666666666665
au,GNN,L_E_bound,2.8314307151615323,2.8314307151615323,MVA,180,0.31666666666666665
au,GNN,L_E_bound,2.9796304856459259,2.9796304856459259,MVA,180,0.31666666666666665
au,GNN,L_E_bound,3.1355871727499003,3.1355871727499003,MVA,180,0.31666666666666665
au,GNN,L_E_bound,3.2997067808501583,3.2997067808501583,MVA,180,0.31666666666666665
au,GNN,L_E_bound,3.4724165649777539,3.4724165649777539,MVA,180,0.32222222222222224
au,GNN,L_E_bound,3.6541661430975036,3.6541661430975036,MVA,180,0.32222222222222224
au,GNN,L_E_bound,3.8454286666051636,3.8454286666051636,MVA,180,0.32222222222222224
au,GNN,L_E_bound,4.0467020520895316,4.0467020520895316,MVA,180,0.32222222222222224
au,GNN,L_E_bound,4.2585102775661632,4.2585102775661632,MVA,180,0.32222222222222224
au,GNN,L_E_bound,4.4814047465571631,4.4814047465571631,MVA,180,0.32777777777777778
au,GNN,L_E_bound,4.7159657235682344,4.7159657235682344,MVA,180,0.32777777777777778
au,GNN,L_E_bound,4.9628038446999421,4.9628038446999421,MVA,180,0.33333333333333331
au,GNN,L_E_bound,5.2225617073258128,5.2225617073258128,MVA,180,0.33888888888888891
au,GNN,L_E_bound,5.4959155429756859,5.4959155429756859,MVA,180,0.34444444444444444
au,GNN,L_E_bound,5.7835769777793775,5.7835769777793775,MVA,180,0.34444444444444444
au,GNN,L_E_bound,6.0862948850536265,6.0862948850536265,MVA,180,0.34444444444444444
au,GNN,L_E_bound,6.4048573348551994,6.4048573348551994,MVA,180,0.34444444444444444
au,GNN,L_E_bound,6.7400936455754765,6.7400936455754765,MVA,180,0.34444444444444444
au,GNN,L_E_bound,7.0928765429174021,7.0928765429174021,MVA,180,0.34444444444444444
au,GNN,L_E_bound,7.4641244318753808,7.4641244318753808,MVA,180,0.35555555555555557
au,GNN,L_E_bound,7.8548037876327337,7.8548037876327337,MVA,180,0.3611111111111111
au,GNN,L_E_bound,8.2659316716010007,8.2659316716010007,MVA,180,0.3611111111111111
au,GNN,L_E_bound,8.6985783791511313,8.6985783791511313,MVA,180,0.3611111111111111
au,GNN,L_E_bound,9.1538702259294364,9.1538702259294364,MVA,180,0.3611111111111111
au,GNN,L_E_bound,9.6329924800119535,9.6329924800119535,MVA,180,0.36666666666666664
au,GNN,L_E_bound,10.137192447530566,10.137192447530566,MVA,180,0.37222222222222223
au,GNN,L_E_bound,10.667782719803732,10.667782719803732,MVA,180,0.37222222222222223
au,GNN,L_E_bound,11.226144590425067,11.226144590425067,MVA,180,0.37222222222222223
au,GNN,L_E_bound,11.813731651205645,11.813731651205645,MVA,180,0.37777777777777777
au,GNN,L_E_bound,12.4320735763313,12.4320735763313,MVA,180,0.37777777777777777
au,GNN,L_E_bound,13.082780104586323,13.082780104586323,MVA,180,0.37777777777777777
au,GNN,L_E_bound,13.76754523001051,13.76754523001051,MVA,180,0.38333333333333336
au,GNN,L_E_bound,14.488151611899205,14.488151611899205,MVA,180,0.38333333333333336
au,GNN,L_E_bound,15.246475215626894,15.246475215626894,MVA,180,0.38333333333333336
au,GNN,L_E_bound,16.044490196375939,16.044490196375939,MVA,180,0.38333333333333336
au,GNN,L_E_bound,16.884274038484314,16.884274038484314,MVA,180,0.38333333333333336
au,GNN,L_E_bound,17.768012963791634,17.768012963791634,MVA,180,0.38333333333333336
au,GNN,L_E_bound,18.698007623063184,18.698007623063184,MVA,180,0.38333333333333336
au,GNN,L_E_bound,19.676679085308489,19.676679085308489,MVA,180,0.3888888888888889
au,GNN,L_E_bound,20.706575140586477,20.706575140586477,MVA,180,0.39444444444444443
au,GNN,L_E_bound,21.790376932705449,21.790376932705449,MVA,180,0.40555555555555556
au,GNN,L_E_bound,22.930905939084877,22.930905939084877,MVA,180,0.41111111111111109
au,GNN,L_E_bound,24.131131315949776,24.131131315949776,MVA,180,0.41111111111111109
au,GNN,L_E_bound,25.394177627979509,25.394177627979509,MVA,180,0.41666666666666669
au,GNN,L_E_bound,26.723332982533822,26.723332982533822,MVA,180,0.41666666666666669
au,GNN,L_E_bound,28.122057589631829,28.122057589631829,MVA,180,0.41666666666666669
au,GNN,L_E_bound,29.59399276996859,29.59399276996859,MVA,180,0.42222222222222222
au,GNN,L_E_bound,31.142970434419741,31.142970434419741,MVA,180,0.43333333333333335
au,GNN,L_E_bound,32.773023059712379,32.773023059712379,MVA,180,0.44444444444444442
au,GNN,L_E_bound,34.488394186232078,34.488394186232078,MVA,180,0.46111111111111114
au,GNN,L_E_bound,36.293549465295051,36.293549465295051,MVA,180,0.4777777777777778
au,GNN,L_E_bound,38.193188284645032,38.193188284645032,MVA,180,0.48333333333333334
au,GNN,L_E_bound,40.192256002439684,40.192256002439684,MVA,180,0.48888888888888887
au,GNN,L_E_bound,42.295956821575473,42.295956821575473,MVA,180,0.49444444444444446
au,GNN,L_E_bound,44.509767337866961,44.509767337866961,MVA,180,0.49444444444444446
au,GNN,L_E_bound,46.839450797350558,46.839450797350558,MVA,180,0.49444444444444446
au,GNN,L_E_bound,49.291072099829222,49.291072099829222,MVA,180,0.50555555555555554
au,GNN,L_E_bound,51.871013587716739,51.871013587716739,MVA,180,0.50555555555555554
au,GNN,L_E_bound,54.585991661285433,54.585991661285433,MVA,180,0.50555555555555554
au,GNN,L_E_bound,57.443074263571191,57.443074263571191,MVA,180,0.51666666666666672
au,GNN,L_E_bound,60.449699280455484,60.449699280455484,MVA,180,0.52777777777777779
au,GNN,L_E_bound,63.613693903824903,63.613693903824903,MVA,180,0.52777777777777779
au,GNN,L_E_bound,66.943295008216921,66.943295008216921,MVA,180,0.52777777777777779
au,GNN,L_E_bound,70.447170593998592,70.447170593998592,MVA,180,0.53333333333333333
au,GNN,L_E_bound,74.134442352901544,74.134442352901544,MVA,180,0.53888888888888886
au,GNN,L_E_bound,78.014709414658611,78.014709414658611,MVA,180,0.56111111111111112
au,GNN,L_E_bound,82.098073336561782,82.098073336561782,MVA,180,0.56111111111111112
au,GNN,L_E_bound,86.395164400997473,86.395164400997473,MVA,180,0.57222222222222219
au,GNN,L_E_bound,90.917169289419704,90.917169289419704,MVA,180,0.57777777777777772
au,GNN,L_E_bound,95.675860204805247,95.675860204805247,MVA,180,0.57777777777777772
au,GNN,L_E_bound,100.68362551840583,100.68362551840583,MVA,180,0.59444444444444444
au,GNN,L_E_bound,105.95350202058005,105.95350202058005,MVA,180,0.60555555555555551
au,GNN,L_E_bound,111.49920885966554,111.49920885966554,MVA,180,0.6333333333333333
au,GNN,L_E_bound,117.33518325724175,117.33518325724175,MVA,180,0.64444444444444449
au,GNN,L_E_bound,123.47661809276653,123.47661809276653,MVA,180,0.66111111111111109
au,GNN,L_E_bound,129.93950145542468,129.93950145542468,MVA,180,0.66666666666666663
au,GNN,L_E_bound,136.74065826616143,136.74065826616143,MVA,180,0.66666666666666663
au,GNN,L_E_bound,143.89779407825012,143.89779407825012,MVA,180,0.68888888888888888
au,GNN,L_E_bound,151.42954117042299,151.42954117042299,MVA,180,0.7055555555555556
au,GNN,L_E_bound,159.35550705256321,159.35550705256321,MVA,180,0.72222222222222221
au,GNN,L_E_bound,167.69632551022633,167.69632551022633,MVA,180,0.77222222222222225
au,GNN,L_E_bound,176.47371032088535,176.47371032088535,MVA,180,0.77777777777777779
au,GNN,L_E_bound,185.71051178172985,185.71051178172985,MVA,180,0.81666666666666665
au,GNN,L_E_bound,195.43077619618936,195.43077619618936,MVA,180,0.83333333333333337
au,GNN,L_E_bound,205.65980847403173,205.65980847403173,MVA,180,0.83888888888888891
au,GNN,L_E_bound,216.42423800801652,216.42423800801652,MVA,180,0.84999999999999998
au,GNN,L_E_bound,227.75208799858831,227.75208799858831,MVA,180,0.86111111111111116
au,GNN,L_E_bound,239.67284840709695,239.67284840709695,MVA,180,0.87222222222222223
au,GNN,L_E_bound,252.21755272745168,252.21755272745168,MVA,180,0.88888888888888884
au,GNN,L_E_bound,265.41885877608377,265.41885877608377,MVA,180,0.93333333333333335
au,GNN,L_E_bound,279.31113371052464,279.31113371052464,MVA,180,0.96111111111111114
au,GNN,L_E_bound,293.93054349794545,293.93054349794545,MVA,180,1
au,GNN,L_E_bound,309.31514706655605,309.31514706655605,MVA,180,1
au,GNN,L_E_bound,325.50499538498678,325.50499538498678,MVA,180,1
au,GNN,L_E_bound,342.54223572756945,342.54223572756945,MVA,180,1
au,GNN,L_E_bound,360.47122139697149,360.47122139697149,MVA,180,1
au,GNN,L_E_bound,379.33862718981061,379.33862718981061,MVA,180,1
au,GNN,L_E_bound,399.19357090584873,399.19357090584873,MVA,180,1
au,GNN,L_E_bound,420.08774121710019,420.08774121710019,MVA,180,1
au,GNN,L_E_bound,442.07553222971859,442.07553222971859,MVA,180,1
au,GNN,L_E_bound,465.21418508899376,465.21418508899376,MVA,180,1
au,GNN,L_E_bound,489.56393699607457,489.56393699607457,MVA,180,1
au,GNN,L_E_bound,515.18817802438343,515.18817802438343,MVA,180,1
au,GNN,L_E_bound,542.15361614393464,542.15361614393464,MVA,180,1
au,GNN,L_E_bound,570.53045088319936,570.53045088319936,MVA,180,1
au,GNN,L_E_bound,600.3925560805792,600.3925560805792,MVA,180,1
au,GNN,L_E_bound,631.81767220128427,631.81767220128427,MVA,180,1
au,GNN,L_E_bound,664.88760872023977,664.88760872023977,MVA,180,1
au,GNN,L_E_bound,699.68845709792549,699.68845709792549,MVA,180,1
au,GNN,L_E_bound,736.31081490355325,736.31081490355325,MVA,180,1
au,GNN,L_E_bound,774.8500216690843,774.8500216690843,MVA,180,1
au,GNN,L_E_bound,815.40640708804813,815.40640708804813,MVA,180,1
au,GNN,L_E_bound,858.08555220534492,858.08555220534492,MVA,180,1
au,GNN,L_E_bound,902.9985642779551,902.9985642779551,MVA,180,1
au,GNN,L_E_bound,950.2623660221177,950.2623660221177,MVA,180,1
au,GNN,L_E_bound,1000,1000,MVA,180,1
au,LU,L_S_bound,0.29999999999999993,0.29999999999999993,MVA,60,0.40000000000000002
au,LU,L_S_bound,0.31570228468146766,0.31570228468146766,MVA,60,0.40000000000000002
au,LU,L_S_bound,0.33222644184366157,0.33222644184366157,MVA,60,0.40000000000000002
au,LU,L_S_bound,0.34961548907212908,0.34961548907212908,MVA,60,0.40000000000000002
au,LU,L_S_bound,0.36791469553366618,0.36791469553366618,MVA,60,0.40000000000000002
au,LU,L_S_bound,0.38717169982621663,0.38717169982621663,MVA,60,0.40000000000000002
au,LU,L_S_bound,0.40743663399714675,0.40743663399714675,MVA,60,0.40000000000000002
au,LU,L_S_bound,0.42876225405275392,0.42876225405275392,MVA,60,0.40000000000000002
au,LU,L_S_bound,0.4512040772987676,0.4512040772987676,MVA,60,0.40000000000000002
au,LU,L_S_bound,0.4748205268693817,0.4748205268693817,MVA,60,0.40000000000000002
au,LU,L_S_bound,0.49967308382107345,0.49967308382107345,MVA,60,0.40000000000000002
au,LU,L_S_bound,0.52582644718715799,0.52582644718715799,MVA,60,0.40000000000000002
au,LU,L_S_bound,0.55334870240974965,0.55334870240974965,MVA,60,0.40000000000000002
au,LU,L_S_bound,0.58231149858761178,0.58231149858761178,MVA,60,0.40000000000000002
au,LU,L_S_bound,0.61279023500132768,0.61279023500132768,MVA,60,0.40000000000000002
au,LU,L_S_bound,0.64486425740137554,0.64486425740137554,MVA,60,0.40000000000000002
au,LU,L_S_bound,0.67861706457010773,0.67861706457010773,MVA,60,0.40000000000000002
au,LU,L_S_bound,0.71413652569538044,0.71413652569538044,MVA,60,0.40000000000000002
au,LU,L_S_bound,0.75151510912172415,0.75151510912172415,MVA,60,0.40000000000000002
au,LU,L_S_bound,0.79085012307456948,0.79085012307456948,MVA,60,0.40000000000000002
au,LU,L_S_bound,0.83224396898420494,0.83224396898420494,MVA,60,0.40000000000000002
au,LU,L_S_bound,0.87580440806895365,0.87580440806895365,MVA,60,0.40000000000000002
au,LU,L_S_bound,0.92164484187156359,0.92164484187156359,MVA,60,0.40000000000000002
au,LU,L_S_bound,0.96988460747914229,0.96988460747914229,MVA,60,0.40000000000000002
au,LU,L_S_bound,1.0206492881951792,1.0206492881951792,MVA,60,0.40000000000000002
au,LU,L_S_bound,1.0740710404724396,1.0740710404724396,MVA,60,0.40000000000000002
au,LU,L_S_bound,1.1302889379578342,1.1302889379578342,MVA,60,0.40000000000000002
au,LU,L_S_bound,1.1894493335449268,1.1894493335449268,MVA,60,0.40000000000000002
au,LU,L_S_bound,1.2517062403766084,1.2517062403766084,MVA,60,0.40000000000000002
au,LU,L_S_bound,1.317221732789819,1.317221732789819,MVA,60,0.40000000000000002
au,LU,L_S_bound,1.3861663682460916,1.3861663682460916,MVA,60,0.40000000000000002
au,LU,L_S_bound,1.4587196313463462,1.4587196313463462,MVA,60,0.40000000000000002
au,LU,L_S_bound,1.5350704010858329,1.5350704010858329,MVA,60,0.40000000000000002
au,LU,L_S_bound,1.6154174425656482,1.6154174425656482,MVA,60,0.40000000000000002
au,LU,L_S_bound,1.6999699244408961,1.6999699244408961,MVA,60,0.40000000000000002
au,LU,L_S_bound,1.788947963452576,1.788947963452576,MVA,60,0.40000000000000002
au,LU,L_S_bound,1.8825831974607903,1.8825831974607903,MVA,60,0.40000000000000002
au,LU,L_S_bound,1.9811193884710472,1.9811193884710472,MVA,60,0.40000000000000002
au,LU,L_S_bound,2.0848130572235393,2.0848130572235393,MVA,60,0.40000000000000002
au,LU,L_S_bound,2.1939341509974226,2.1939341509974226,MVA,60,0.40000000000000002
au,LU,L_S_bound,2.3087667463686081,2.3087667463686081,MVA,60,0.40000000000000002
au,LU,L_S_bound,2.429609788750561,2.429609788750561,MVA,60,0.40000000000000002
au,LU,L_S_bound,2.5567778706433679,2.5567778706433679,MVA,60,0.40000000000000002
au,LU,L_S_bound,2.6906020506170978,2.6906020506170978,MVA,60,0.40000000000000002
au,LU,L_S_bound,2.8314307151615323,2.8314307151615323,MVA,60,0.40000000000000002
au,LU,L_S_bound,2.9796304856459259,2.9796304856459259,MVA,60,0.40000000000000002
au,LU,L_S_bound,3.1355871727499003,3.1355871727499003,MVA,60,0.40000000000000002
au,LU,L_S_bound,3.2997067808501583,3.2997067808501583,MVA,60,0.40000000000000002
au,LU,L_S_bound,3.4724165649777539,3.4724165649777539,MVA,60,0.40000000000000002
au,LU,L_S_bound,3.6541661430975036,3.6541661430975036,MVA,60,0.40000000000000002
au,LU,L_S_bound,3.8454286666051636,3.8454286666051636,MVA,60,0.40000000000000002
au,LU,L_S_bound,4.0467020520895316,4.0467020520895316,MVA,60,0.40000000000000002
au,LU,L_S_bound,4.2585102775661632,4.2585102775661632,MVA,60,0.40000000000000002
au,LU,L_S_bound,4.4814047465571631,4.4814047465571631,MVA,60,0.40000000000000002
au,LU,L_S_bound,4.7159657235682344,4.7159657235682344,MVA,60,0.40000000000000002
au,LU,L_S_bound,4.9628038446999421,4.9628038446999421,MVA,60,0.40000000000000002
au,LU,L_S_bound,5.2225617073258128,5.2225617073258128,MVA,60,0.40000000000000002
au,LU,L_S_bound,5.4959155429756859,5.4959155429756859,MVA,60,0.40000000000000002
au,LU,L_S_bound,5.7835769777793775,5.7835769777793775,MVA,60,0.40000000000000002
au,LU,L_S_bound,6.0862948850536265,6.0862948850536265,MVA,60,0.40000000000000002
au,LU,L_S_bound,6.4048573348551994,6.4048573348551994,MVA,60,0.40000000000000002
au,LU,L_S_bound,6.7400936455754765,6.7400936455754765,MVA,60,0.40000000000000002
au,LU,L_S_bound,7.0928765429174021,7.0928765429174021,MVA,60,0.40000000000000002
au,LU,L_S_bound,7.4641244318753808,7.4641244318753808,MVA,60,0.40000000000000002
au,LU,L_S_bound,7.8548037876327337,7.8548037876327337,MVA,60,0.40000000000000002
au,LU,L_S_bound,8.2659316716010007,8.2659316716010007,MVA,60,0.40000000000000002
au,LU,L_S_bound,8.6985783791511313,8.6985783791511313,MVA,60,0.40000000000000002
au,LU,L_S_bound,9.1538702259294364,9.1538702259294364,MVA,60,0.40000000000000002
au,LU,L_S_bound,9.6329924800119535,9.6329924800119535,MVA,60,0.40000000000000002
au,LU,L_S_bound,10.137192447530566,10.137192447530566,MVA,60,0.40000000000000002
au,LU,L_S_bound,10.667782719803732,10.667782719803732,MVA,60,0.40000000000000002
au,LU,L_S_bound,11.226144590425067,11.226144590425067,MVA,60,0.40000000000000002
au,LU,L_S_bound,11.813731651205645,11.813731651205645,MVA,60,0.40000000000000002
au,LU,L_S_bound,12.4320735763313,12.4320735763313,MVA,60,0.40000000000000002
au,LU,L_S_bound,13.082780104586323,13.082780104586323,MVA,60,0.40000000000000002
au,LU,L_S_bound,13.76754523001051,13.76754523001051,MVA,60,0.40000000000000002
au,LU,L_S_bound,14.488151611899205,14.488151611899205,MVA,60,0.40000000000000002
au,LU,L_S_bound,15.246475215626894,15.246475215626894,MVA,60,0.40000000000000002
au,LU,L_S_bound,16.044490196375939,16.044490196375939,MVA,60,0.40000000000000002
au,LU,L_S_bound,16.884274038484314,16.884274038484314,MVA,60,0.40000000000000002
au,LU,L_S_bound,17.768012963791634,17.768012963791634,MVA,60,0.40000000000000002
au,LU,L_S_bound,18.698007623063184,18.698007623063184,MVA,60,0.40000000000000002
au,LU,L_S_bound,19.676679085308489,19.676679085308489,MVA,60,0.41666666666666669
au,LU,L_S_bound,20.706575140586477,20.706575140586477,MVA,60,0.41666666666666669
au,LU,L_S_bound,21.790376932705449,21.790376932705449,MVA,60,0.43333333333333335
au,LU,L_S_bound,22.930905939084877,22.930905939084877,MVA,60,0.43333333333333335
au,LU,L_S_bound,24.131131315949776,24.131131315949776,MVA,60,0.45000000000000001
au,LU,L_S_bound,25.394177627979509,25.394177627979509,MVA,60,0.45000000000000001
au,LU,L_S_bound,26.723332982533822,26.723332982533822,MVA,60,0.46666666666666667
au,LU,L_S_bound,28.122057589631829,28.122057589631829,MVA,60,0.46666666666666667
au,LU,L_S_bound,29.59399276996859,29.59399276996859,MVA,60,0.46666666666666667
au,LU,L_S_bound,31.142970434419741,31.142970434419741,MVA,60,0.46666666666666667
au,LU,L_S_bound,32.773023059712379,32.773023059712379,MVA,60,0.46666666666666667
au,LU,L_S_bound,34.488394186232078,34.488394186232078,MVA,60,0.46666666666666667
au,LU,L_S_bound,36.293549465295051,36.293549465295051,MVA,60,0.46666666666666667
au,LU,L_S_bound,38.193188284645032,38.193188284645032,MVA,60,0.46666666666666667
au,LU,L_S_bound,40.192256002439684,40.192256002439684,MVA,60,0.46666666666666667
au,LU,L_S_bound,42.295956821575473,42.295956821575473,MVA,60,0.5
au,LU,L_S_bound,44.509767337866961,44.509767337866961,MVA,60,0.5
au,LU,L_S_bound,46.839450797350558,46.839450797350558,MVA,60,0.51666666666666672
au,LU,L_S_bound,49.291072099829222,49.291072099829222,MVA,60,0.53333333333333333
au,LU,L_S_bound,51.871013587716739,51.871013587716739,MVA,60,0.53333333333333333
au,LU,L_S_bound,54.585991661285433,54.585991661285433,MVA,60,0.53333333333333333
au,LU,L_S_bound,57.443074263571191,57.443074263571191,MVA,60,0.53333333333333333
au,LU,L_S_bound,60.449699280455484,60.449699280455484,MVA,60,0.53333333333333333
au,LU,L_S_bound,63.613693903824903,63.613693903824903,MVA,60,0.53333333333333333
au,LU,L_S_bound,66.943295008216921,66.943295008216921,MVA,60,0.55000000000000004
au,LU,L_S_bound,70.447170593998592,70.447170593998592,MVA,60,0.56666666666666665
au,LU,L_S_bound,74.134442352901544,74.134442352901544,MVA,60,0.58333333333333337
au,LU,L_S_bound,78.014709414658611,78.014709414658611,MVA,60,0.58333333333333337
au,LU,L_S_bound,82.098073336561782,82.098073336561782,MVA,60,0.59999999999999998
au,LU,L_S_bound,86.395164400997473,86.395164400997473,MVA,60,0.6333333333333333
au,LU,L_S_bound,90.917169289419704,90.917169289419704,MVA,60,0.65000000000000002
au,LU,L_S_bound,95.675860204805247,95.675860204805247,MVA,60,0.65000000000000002
au,LU,L_S_bound,100.68362551840583,100.68362551840583,MVA,60,0.69999999999999996
au,LU,L_S_bound,105.95350202058005,105.95350202058005,MVA,60,0.71666666666666667
au,LU,L_S_bound,111.49920885966554,111.49920885966554,MVA,60,0.71666666666666667
au,LU,L_S_bound,117.33518325724175,117.33518325724175,MVA,60,0.73333333333333328
au,LU,L_S_bound,123.47661809276653,123.47661809276653,MVA,60,0.73333333333333328
au,LU,L_S_bound,129.93950145542468,129.93950145542468,MVA,60,0.73333333333333328
au,LU,L_S_bound,136.74065826616143,136.74065826616143,MVA,60,0.73333333333333328
au,LU,L_S_bound,143.89779407825012,143.89779407825012,MVA,60,0.73333333333333328
au,LU,L_S_bound,151.42954117042299,151.42954117042299,MVA,60,0.78333333333333333
au,LU,L_S_bound,159.35550705256321,159.35550705256321,MVA,60,0.80000000000000004
au,LU,L_S_bound,167.69632551022633,167.69632551022633,MVA,60,0.84999999999999998
au,LU,L_S_bound,176.47371032088535,176.47371032088535,MVA,60,0.8833333333333333
au,LU,L_S_bound,185.71051178172985,185.71051178172985,MVA,60,0.90000000000000002
au,LU,L_S_bound,195.43077619618936,195.43077619618936,MVA,60,0.91666666666666663
au,LU,L_S_bound,205.65980847403173,205.65980847403173,MVA,60,0.93333333333333335
au,LU,L_S_bound,216.42423800801652,216.42423800801652,MVA,60,0.93333333333333335
au,LU,L_S_bound,227.75208799858831,227.75208799858831,MVA,60,0.93333333333333335
au,LU,L_S_bound,239.67284840709695,239.67284840709695,MVA,60,0.94999999999999996
au,LU,L_S_bound,252.21755272745168,252.21755272745168,MVA,60,0.96666666666666667
au,LU,L_S_bound,265.41885877608377,265.41885877608377,MVA,60,0.96666666666666667
au,LU,L_S_bound,279.31113371052464,279.31113371052464,MVA,60,0.98333333333333328
au,LU,L_S_bound,293.93054349794545,293.93054349794545,MVA,60,0.98333333333333328
au,LU,L_S_bound,309.31514706655605,309.31514706655605,MVA,60,1
au,LU,L_S_bound,325.50499538498678,325.50499538498678,MVA,60,1
au,LU,L_S_bound,342.54223572756945,342.54223572756945,MVA,60,1
au,LU,L_S_bound,360.47122139697149,360.47122139697149,MVA,60,1
au,LU,L_S_bound,379.33862718981061,379.33862718981061,MVA,60,1
au,LU,L_S_bound,399.19357090584873,399.19357090584873,MVA,60,1
au,LU,L_S_bound,420.08774121710019,420.08774121710019,MVA,60,1
au,LU,L_S_bound,442.07553222971859,442.07553222971859,MVA,60,1
au,LU,L_S_bound,465.21418508899376,465.21418508899376,MVA,60,1
au,LU,L_S_bound,489.56393699607457,489.56393699607457,MVA,60,1
au,LU,L_S_bound,515.18817802438343,515.18817802438343,MVA,60,1
au,LU,L_S_bound,542.15361614393464,542.15361614393464,MVA,60,1
au,LU,L_S_bound,570.53045088319936,570.53045088319936,MVA,60,1
au,LU,L_S_bound,600.3925560805792,600.3925560805792,MVA,60,1
au,LU,L_S_bound,631.81767220128427,631.81767220128427,MVA,60,1
au,LU,L_S_bound,664.88760872023977,664.88760872023977,MVA,60,1
au,LU,L_S_bound,699.68845709792549,699.68845709792549,MVA,60,1
au,LU,L_S_bound,736.31081490355325,736.31081490355325,MVA,60,1
au,LU,L_S_bound,774.8500216690843,774.8500216690843,MVA,60,1
au,LU,L_S_bound,815.40640708804813,815.40640708804813,MVA,60,1
au,LU,L_S_bound,858.08555220534492,858.08555220534492,MVA,60,1
au,LU,L_S_bound,902.9985642779551,902.9985642779551,MVA,60,1
au,LU,L_S_bound,950.2623660221177,950.2623660221177,MVA,60,1
au,LU,L_S_bound,1000,1000,MVA,60,1
au,LU,L_E_bound,0.29999999999999993,0.29999999999999993,MVA,60,0.33333333333333331
au,LU,L_E_bound,0.31570228468146766,0.31570228468146766,MVA,60,0.33333333333333331
au,LU,L_E_bound,0.33222644184366157,0.33222644184366157,MVA,60,0.33333333333333331
au,LU,L_E_bound,0.34961548907212908,0.34961548907212908,MVA,60,0.33333333333333331
au,LU,L_E_bound,0.36791469553366618,0.36791469553366618,MVA,60,0.33333333333333331
au,LU,L_E_bound,0.38717169982621663,0.38717169982621663,MVA,60,0.33333333333333331
au,LU,L_E_bound,0.40743663399714675,0.40743663399714675,MVA,60,0.33333333333333331
au,LU,L_E_bound,0.42876225405275392,0.42876225405275392,MVA,60,0.33333333333333331
au,LU,L_E_bound,0.4512040772987676,0.4512040772987676,MVA,60,0.33333333333333331
au,LU,L_E_bound,0.4748205268693817,0.4748205268693817,MVA,60,0.33333333333333331
au,LU,L_E_bound,0.49967308382107345,0.49967308382107345,MVA,60,0.33333333333333331
au,LU,L_E_bound,0.52582644718715799,0.52582644718715799,MVA,60,0.33333333333333331
au,LU,L_E_bound,0.55334870240974965,0.55334870240974965,MVA,60,0.33333333333333331
au,LU,L_E_bound,0.58231149858761178,0.58231149858761178,MVA,60,0.33333333333333331
au,LU,L_E_bound,0.61279023500132768,0.61279023500132768,MVA,60,0.33333333333333331
au,LU,L_E_bound,0.64486425740137554,0.64486425740137554,MVA,60,0.33333333333333331
au,LU,L_E_bound,0.67861706457010773,0.67861706457010773,MVA,60,0.33333333333333331
au,LU,L_E_bound,0.71413652569538044,0.71413652569538044,MVA,60,0.33333333333333331
au,LU,L_E_bound,0.75151510912172415,0.75151510912172415,MVA,60,0.33333333333333331
au,LU,L_E_bound,0.79085012307456948,0.79085012307456948,MVA,60,0.34999999999999998
au,LU,L_E_bound,0.83224396898420494,0.83224396898420494,MVA,60,0.34999999999999998
au,LU,L_E_bound,0.87580440806895365,0.87580440806895365,MVA,60,0.34999999999999998
au,LU,L_E_bound,0.92164484187156359,0.92164484187156359,MVA,60,0.34999999999999998
au,LU,L_E_bound,0.96988460747914229,0.96988460747914229,MVA,60,0.34999999999999998
au,LU,L_E_bound,1.0206492881951792,1.0206492881951792,MVA,60,0.34999999999999998
au,LU,L_E_bound,1.0740710404724396,1.0740710404724396,MVA,60,0.34999999999999998
au,LU,L_E_bound,1.1302889379578342,1.1302889379578342,MVA,60,0.34999999999999998
au,LU,L_E_bound,1.1894493335449268,1.1894493335449268,MVA,60,0.34999999999999998
au,LU,L_E_bound,1.2517062403766084,1.2517062403766084,MVA,60,0.34999999999999998
au,LU,L_E_bound,1.317221732789819,1.317221732789819,MVA,60,0.34999999999999998
au,LU,L_E_bound,1.3861663682460916,1.3861663682460916,MVA,60,0.36666666666666664
au,LU,L_E_bound,1.4587196313463462,1.4587196313463462,MVA,60,0.36666666666666664
au,LU,L_E_bound,1.5350704010858329,1.5350704010858329,MVA,60,0.36666666666666664
au,LU,L_E_bound,1.6154174425656482,1.6154174425656482,MVA,60,0.36666666666666664
au,LU,L_E_bound,1.6999699244408961,1.6999699244408961,MVA,60,0.36666666666666664
au,LU,L_E_bound,1.788947963452576,1.788947963452576,MVA,60,0.36666666666666664
au,LU,L_E_bound,1.8825831974607903,1.8825831974607903,MVA,60,0.36666666666666664
au,LU,L_E_bound,1.9811193884710472,1.9811193884710472,MVA,60,0.36666666666666664
au,LU,L_E_bound,2.0848130572235393,2.0848130572235393,MVA,60,0.36666666666666664
au,LU,L_E_bound,2.1939341509974226,2.1939341509974226,MVA,60,0.36666666666666664
au,LU,L_E_bound,2.3087667463686081,2.3087667463686081,MVA,60,0.36666666666666664
au,LU,L_E_bound,2.429609788750561,2.429609788750561,MVA,60,0.36666666666666664
au,LU,L_E_bound,2.5567778706433679,2.5567778706433679,MVA,60,0.36666666666666664
au,LU,L_E_bound,2.6906020506170978,2.6906020506170978,MVA,60,0.36666666666666664
au,LU,L_E_bound,2.8314307151615323,2.8314307151615323,MVA,60,0.36666666666666664
au,LU,L_E_bound,2.9796304856459259,2.9796304856459259,MVA,60,0.38333333333333336
au,LU,L_E_bound,3.1355871727499003,3.1355871727499003,MVA,60,0.38333333333333336
au,LU,L_E_bound,3.2997067808501583,3.2997067808501583,MVA,60,0.38333333333333336
au,LU,L_E_bound,3.4724165649777539,3.4724165649777539,MVA,60,0.38333333333333336
au,LU,L_E_bound,3.6541661430975036,3.6541661430975036,MVA,60,0.38333333333333336
au,LU,L_E_bound,3.8454286666051636,3.8454286666051636,MVA,60,0.38333333333333336
au,LU,L_E_bound,4.0467020520895316,4.0467020520895316,MVA,60,0.38333333333333336
au,LU,L_E_bound,4.2585102775661632,4.2585102775661632,MVA,60,0.38333333333333336
au,LU,L_E_bound,4.4814047465571631,4.4814047465571631,MVA,60,0.38333333333333336
au,LU,L_E_bound,4.7159657235682344,4.7159657235682344,MVA,60,0.38333333333333336
au,LU,L_E_bound,4.9628038446999421,4.9628038446999421,MVA,60,0.40000000000000002
au,LU,L_E_bound,5.2225617073258128,5.2225617073258128,MVA,60,0.40000000000000002
au,LU,L_E_bound,5.4959155429756859,5.4959155429756859,MVA,60,0.40000000000000002
au,LU,L_E_bound,5.7835769777793775,5.7835769777793775,MVA,60,0.40000000000000002
au,LU,L_E_bound,6.0862948850536265,6.0862948850536265,MVA,60,0.40000000000000002
au,LU,L_E_bound,6.4048573348551994,6.4048573348551994,MVA,60,0.40000000000000002
au,LU,L_E_bound,6.7400936455754765,6.7400936455754765,MVA,60,0.40000000000000002
au,LU,L_E_bound,7.0928765429174021,7.0928765429174021,MVA,60,0.40000000000000002
au,LU,L_E_bound,7.4641244318753808,7.4641244318753808,MVA,60,0.40000000000000002
au,LU,L_E_bound,7.8548037876327337,7.8548037876327337,MVA,60,0.41666666666666669
au,LU,L_E_bound,8.2659316716010007,8.2659316716010007,MVA,60,0.45000000000000001
au,LU,L_E_bound,8.6985783791511313,8.6985783791511313,MVA,60,0.45000000000000001
au,LU,L_E_bound,9.1538702259294364,9.1538702259294364,MVA,60,0.45000000000000001
au,LU,L_E_bound,9.6329924800119535,9.6329924800119535,MVA,60,0.45000000000000001
au,LU,L_E_bound,10.137192447530566,10.137192447530566,MVA,60,0.45000000000000001
au,LU,L_E_bound,10.667782719803732,10.667782719803732,MVA,60,0.45000000000000001
au,LU,L_E_bound,11.226144590425067,11.226144590425067,MVA,60,0.45000000000000001
au,LU,L_E_bound,11.813731651205645,11.813731651205645,MVA,60,0.45000000000000001
au,LU,L_E_bound,12.4320735763313,12.4320735763313,MVA,60,0.45000000000000001
au,LU,L_E_bound,13.082780104586323,13.082780104586323,MVA,60,0.45000000000000001
au,LU,L_E_bound,13.76754523001051,13.76754523001051,MVA,60,0.45000000000000001
au,LU,L_E_bound,14.488151611899205,14.488151611899205,MVA,60,0.45000000000000001
au,LU,L_E_bound,15.246475215626894,15.246475215626894,MVA,60,0.45000000000000001
au,LU,L_E_bound,16.044490196375939,16.044490196375939,MVA,60,0.46666666666666667
au,LU,L_E_bound,16.884274038484314,16.884274038484314,MVA,60,0.46666666666666667
au,LU,L_E_bound,17.768012963791634,17.768012963791634,MVA,60,0.46666666666666667
au,LU,L_E_bound,18.698007623063184,18.698007623063184,MVA,60,0.46666666666666667
au,LU,L_E_bound,19.676679085308489,19.676679085308489,MVA,60,0.46666666666666667
au,LU,L_E_bound,20.706575140586477,20.706575140586477,MVA,60,0.46666666666666667
au,LU,L_E_bound,21.790376932705449,21.790376932705449,MVA,60,0.46666666666666667
au,LU,L_E_bound,22.930905939084877,22.930905939084877,MVA,60,0.46666666666666667
au,LU,L_E_bound,24.131131315949776,24.131131315949776,MVA,60,0.48333333333333334
au,LU,L_E_bound,25.394177627979509,25.394177627979509,MVA,60,0.48333333333333334
au,LU,L_E_bound,26.723332982533822,26.723332982533822,MVA,60,0.48333333333333334
au,LU,L_E_bound,28.122057589631829,28.122057589631829,MVA,60,0.48333333333333334
au,LU,L_E_bound,29.59399276996859,29.59399276996859,MVA,60,0.48333333333333334
au,LU,L_E_bound,31.142970434419741,31.142970434419741,MVA,60,0.5
au,LU,L_E_bound,32.773023059712379,32.773023059712379,MVA,60,0.5
au,LU,L_E_bound,34.488394186232078,34.488394186232078,MVA,60,0.5
au,LU,L_E_bound,36.293549465295051,36.293549465295051,MVA,60,0.51666666666666672
au,LU,L_E_bound,38.193188284645032,38.193188284645032,MVA,60,0.53333333333333333
au,LU,L_E_bound,40.192256002439684,40.192256002439684,MVA,60,0.53333333333333333
au,LU,L_E_bound,42.295956821575473,42.295956821575473,MVA,60,0.55000000000000004
au,LU,L_E_bound,44.509767337866961,44.509767337866961,MVA,60,0.55000000000000004
au,LU,L_E_bound,46.839450797350558,46.839450797350558,MVA,60,0.55000000000000004
au,LU,L_E_bound,49.291072099829222,49.291072099829222,MVA,60,0.55000000000000004
au,LU,L_E_bound,51.871013587716739,51.871013587716739,MVA,60,0.56666666666666665
au,LU,L_E_bound,54.585991661285433,54.585991661285433,MVA,60,0.56666666666666665
au,LU,L_E_bound,57.443074263571191,57.443074263571191,MVA,60,0.58333333333333337
au,LU,L_E_bound,60.449699280455484,60.449699280455484,MVA,60,0.58333333333333337
au,LU,L_E_bound,63.613693903824903,63.613693903824903,MVA,60,0.58333333333333337
au,LU,L_E_bound,66.943295008216921,66.943295008216921,MVA,60,0.6166666666666667
au,LU,L_E_bound,70.447170593998592,70.447170593998592,MVA,60,0.6166666666666667
au,LU,L_E_bound,74.134442352901544,74.134442352901544,MVA,60,0.6166666666666667
au,LU,L_E_bound,78.014709414658611,78.014709414658611,MVA,60,0.6333333333333333
au,LU,L_E_bound,82.098073336561782,82.098073336561782,MVA,60,0.69999999999999996
au,LU,L_E_bound,86.395164400997473,86.395164400997473,MVA,60,0.71666666666666667
au,LU,L_E_bound,90.917169289419704,90.917169289419704,MVA,60,0.80000000000000004
au,LU,L_E_bound,95.675860204805247,95.675860204805247,MVA,60,0.80000000000000004
au,LU,L_E_bound,100.68362551840583,100.68362551840583,MVA,60,0.81666666666666665
au,LU,L_E_bound,105.95350202058005,105.95350202058005,MVA,60,0.81666666666666665
au,LU,L_E_bound,111.49920885966554,111.49920885966554,MVA,60,0.81666666666666665
au,LU,L_E_bound,117.33518325724175,117.33518325724175,MVA,60,0.81666666666666665
au,LU,L_E_bound,123.47661809276653,123.47661809276653,MVA,60,0.81666666666666665
au,LU,L_E_bound,129.93950145542468,129.93950145542468,MVA,60,0.83333333333333337
au,LU,L_E_bound,136.74065826616143,136.74065826616143,MVA,60,0.84999999999999998
au,LU,L_E_bound,143.89779407825012,143.89779407825012,MVA,60,0.91666666666666663
au,LU,L_E_bound,151.42954117042299,151.42954117042299,MVA,60,0.94999999999999996
au,LU,L_E_bound,159.35550705256321,159.35550705256321,MVA,60,0.98333333333333328
au,LU,L_E_bound,167.69632551022633,167.69632551022633,MVA,60,0.98333333333333328
au,LU,L_E_bound,176.47371032088535,176.47371032088535,MVA,60,1
au,LU,L_E_bound,185.71051178172985,185.71051178172985,MVA,60,1
au,LU,L_E_bound,195.43077619618936,195.43077619618936,MVA,60,1
au,LU,L_E_bound,205.65980847403173,205.65980847403173,MVA,60,1
au,LU,L_E_bound,216.42423800801652,216.42423800801652,MVA,60,1
au,LU,L_E_bound,227.75208799858831,227.75208799858831,MVA,60,1
au,LU,L_E_bound,239.67284840709695,239.67284840709695,MVA,60,1
au,LU,L_E_bound,252.21755272745168,252.21755272745168,MVA,60,1
au,LU,L_E_bound,265.41885877608377,265.41885877608377,MVA,60,1
au,LU,L_E_bound,279.31113371052464,279.31113371052464,MVA,60,1
au,LU,L_E_bound,293.93054349794545,293.93054349794545,MVA,60,1
au,LU,L_E_bound,309.31514706655605,309.31514706655605,MVA,60,1
au,LU,L_E_bound,325.50499538498678,325.50499538498678,MVA,60,1
au,LU,L_E_bound,342.54223572756945,342.54223572756945,MVA,60,1
au,LU,L_E_bound,360.47122139697149,360.47122139697149,MVA,60,1
au,LU,L_E_bound,379.33862718981061,379.33862718981061,MVA,60,1
au,LU,L_E_bound,399.19357090584873,399.19357090584873,MVA,60,1
au,LU,L_E_bound,420.08774121710019,420.08774121710019,MVA,60,1
au,LU,L_E_bound,442.07553222971859,442.07553222971859,MVA,60,1
au,LU,L_E_bound,465.21418508899376,465.21418508899376,MVA,60,1
au,LU,L_E_bound,489.56393699607457,489.56393699607457,MVA,60,1
au,LU,L_E_bound,515.18817802438343,515.18817802438343,MVA,60,1
au,LU,L_E_bound,542.15361614393464,542.15361614393464,MVA,60,1
au,LU,L_E_bound,570.53045088319936,570.53045088319936,MVA,60,1
au,LU,L_E_bound,600.3925560805792,600.3925560805792,MVA,60,1
au,LU,L_E_bound,631.81767220128427,631.81767220128427,MVA,60,1
au,LU,L_E_bound,664.88760872023977,664.88760872023977,MVA,60,1
au,LU,L_E_bound,699.68845709792549,699.68845709792549,MVA,60,1
au,LU,L_E_bound,736.31081490355325,736.31081490355325,MVA,60,1
au,LU,L_E_bound,774.8500216690843,774.8500216690843,MVA,60,1
au,LU,L_E_bound,815.40640708804813,815.40640708804813,MVA,60,1
au,LU,L_E_bound,858.08555220534492,858.08555220534492,MVA,60,1
au,LU,L_E_bound,902.9985642779551,902.9985642779551,MVA,60,1
au,LU,L_E_bound,950.2623660221177,950.2623660221177,MVA,60,1
au,LU,L_E_bound,1000,1000,MVA,60,1
au,Uni,L_S_bound,0.29999999999999993,0.29999999999999993,MVA,60,0.36666666666666664
au,Uni,L_S_bound,0.31570228468146766,0.31570228468146766,MVA,60,0.36666666666666664
au,Uni,L_S_bound,0.33222644184366157,0.33222644184366157,MVA,60,0.36666666666666664
au,Uni,L_S_bound,0.34961548907212908,0.34961548907212908,MVA,60,0.36666666666666664
au,Uni,L_S_bound,0.36791469553366618,0.36791469553366618,MVA,60,0.36666666666666664
au,Uni,L_S_bound,0.38717169982621663,0.38717169982621663,MVA,60,0.36666666666666664
au,Uni,L_S_bound,0.40743663399714675,0.40743663399714675,MVA,60,0.36666666666666664
au,Uni,L_S_bound,0.42876225405275392,0.42876225405275392,MVA,60,0.36666666666666664
au,Uni,L_S_bound,0.4512040772987676,0.4512040772987676,MVA,60,0.36666666666666664
au,Uni,L_S_bound,0.4748205268693817,0.4748205268693817,MVA,60,0.36666666666666664
au,Uni,L_S_bound,0.49967308382107345,0.49967308382107345,MVA,60,0.36666666666666664
au,Uni,L_S_bound,0.52582644718715799,0.52582644718715799,MVA,60,0.36666666666666664
au,Uni,L_S_bound,0.55334870240974965,0.55334870240974965,MVA,60,0.36666666666666664
au,Uni,L_S_bound,0.58231149858761178,0.58231149858761178,MVA,60,0.36666666666666664
au,Uni,L_S_bound,0.61279023500132768,0.61279023500132768,MVA,60,0.36666666666666664
au,Uni,L_S_bound,0.64486425740137554,0.64486425740137554,MVA,60,0.36666666666666664
au,Uni,L_S_bound,0.67861706457010773,0.67861706457010773,MVA,60,0.36666666666666664
au,Uni,L_S_bound,0.71413652569538044,0.71413652569538044,MVA,60,0.36666666666666664
au,Uni,L_S_bound,0.75151510912172415,0.75151510912172415,MVA,60,0.36666666666666664
au,Uni,L_S_bound,0.79085012307456948,0.79085012307456948,MVA,60,0.36666666666666664
au,Uni,L_S_bound,0.83224396898420494,0.83224396898420494,MVA,60,0.36666666666666664
au,Uni,L_S_bound,0.87580440806895365,0.87580440806895365,MVA,60,0.36666666666666664
au,Uni,L_S_bound,0.92164484187156359,0.92164484187156359,MVA,60,0.36666666666666664
au,Uni,L_S_bound,0.96988460747914229,0.96988460747914229,MVA,60,0.36666666666666664
au,Uni,L_S_bound,1.0206492881951792,1.0206492881951792,MVA,60,0.38333333333333336
au,Uni,L_S_bound,1.0740710404724396,1.0740710404724396,MVA,60,0.38333333333333336
au,Uni,L_S_bound,1.1302889379578342,1.1302889379578342,MVA,60,0.38333333333333336
au,Uni,L_S_bound,1.1894493335449268,1.1894493335449268,MVA,60,0.38333333333333336
au,Uni,L_S_bound,1.2517062403766084,1.2517062403766084,MVA,60,0.38333333333333336
au,Uni,L_S_bound,1.317221732789819,1.317221732789819,MVA,60,0.38333333333333336
au,Uni,L_S_bound,1.3861663682460916,1.3861663682460916,MVA,60,0.38333333333333336
au,Uni,L_S_bound,1.4587196313463462,1.4587196313463462,MVA,60,0.38333333333333336
au,Uni,L_S_bound,1.5350704010858329,1.5350704010858329,MVA,60,0.38333333333333336
au,Uni,L_S_bound,1.6154174425656482,1.6154174425656482,MVA,60,0.38333333333333336
au,Uni,L_S_bound,1.6999699244408961,1.6999699244408961,MVA,60,0.38333333333333336
au,Uni,L_S_bound,1.788947963452576,1.788947963452576,MVA,60,0.38333333333333336
au,Uni,L_S_bound,1.8825831974607903,1.8825831974607903,MVA,60,0.38333333333333336
au,Uni,L_S_bound,1.9811193884710472,1.9811193884710472,MVA,60,0.38333333333333336
au,Uni,L_S_bound,2.0848130572235393,2.0848130572235393,MVA,60,0.38333333333333336
au,Uni,L_S_bound,2.1939341509974226,2.1939341509974226,MVA,60,0.38333333333333336
au,Uni,L_S_bound,2.3087667463686081,2.3087667463686081,MVA,60,0.38333333333333336
au,Uni,L_S_bound,2.429609788750561,2.429609788750561,MVA,60,0.38333333333333336
au,Uni,L_S_bound,2.5567778706433679,2.5567778706433679,MVA,60,0.38333333333333336
au,Uni,L_S_bound,2.6906020506170978,2.6906020506170978,MVA,60,0.38333333333333336
au,Uni,L_S_bound,2.8314307151615323,2.8314307151615323,MVA,60,0.38333333333333336
au,Uni,L_S_bound,2.9796304856459259,2.9796304856459259,MVA,60,0.38333333333333336
au,Uni,L_S_bound,3.1355871727499003,3.1355871727499003,MVA,60,0.38333333333333336
au,Uni,L_S_bound,3.2997067808501583,3.2997067808501583,MVA,60,0.38333333333333336
au,Uni,L_S_bound,3.4724165649777539,3.4724165649777539,MVA,60,0.38333333333333336
au,Uni,L_S_bound,3.6541661430975036,3.6541661430975036,MVA,60,0.38333333333333336
au,Uni,L_S_bound,3.8454286666051636,3.8454286666051636,MVA,60,0.38333333333333336
au,Uni,L_S_bound,4.0467020520895316,4.0467020520895316,MVA,60,0.38333333333333336
au,Uni,L_S_bound,4.2585102775661632,4.2585102775661632,MVA,60,0.38333333333333336
au,Uni,L_S_bound,4.4814047465571631,4.4814047465571631,MVA,60,0.38333333333333336
au,Uni,L_S_bound,4.7159657235682344,4.7159657235682344,MVA,60,0.38333333333333336
au,Uni,L_S_bound,4.9628038446999421,4.9628038446999421,MVA,60,0.38333333333333336
au,Uni,L_S_bound,5.2225617073258128,5.2225617073258128,MVA,60,0.38333333333333336
au,Uni,L_S_bound,5.4959155429756859,5.4959155429756859,MVA,60,0.38333333333333336
au,Uni,L_S_bound,5.7835769777793775,5.7835769777793775,MVA,60,0.38333333333333336
au,Uni,L_S_bound,6.0862948850536265,6.0862948850536265,MVA,60,0.38333333333333336
au,Uni,L_S_bound,6.4048573348551994,6.4048573348551994,MVA,60,0.38333333333333336
au,Uni,L_S_bound,6.7400936455754765,6.7400936455754765,MVA,60,0.38333333333333336
au,Uni,L_S_bound,7.0928765429174021,7.0928765429174021,MVA,60,0.38333333333333336
au,Uni,L_S_bound,7.4641244318753808,7.4641244318753808,MVA,60,0.38333333333333336
au,Uni,L_S_bound,7.8548037876327337,7.8548037876327337,MVA,60,0.40000000000000002
au,Uni,L_S_bound,8.2659316716010007,8.2659316716010007,MVA,60,0.41666666666666669
au,Uni,L_S_bound,8.6985783791511313,8.6985783791511313,MVA,60,0.41666666666666669
au,Uni,L_S_bound,9.1538702259294364,9.1538702259294364,MVA,60,0.41666666666666669
au,Uni,L_S_bound,9.6329924800119535,9.6329924800119535,MVA,60,0.41666666666666669
au,Uni,L_S_bound,10.137192447530566,10.137192447530566,MVA,60,0.41666666666666669
au,Uni,L_S_bound,10.667782719803732,10.667782719803732,MVA,60,0.41666666666666669
au,Uni,L_S_bound,11.226144590425067,11.226144590425067,MVA,60,0.41666666666666669
au,Uni,L_S_bound,11.813731651205645,11.813731651205645,MVA,60,0.41666666666666669
au,Uni,L_S_bound,12.4320735763313,12.4320735763313,MVA,60,0.41666666666666669
au,Uni,L_S_bound,13.082780104586323,13.082780104586323,MVA,60,0.41666666666666669
au,Uni,L_S_bound,13.76754523001051,13.76754523001051,MVA,60,0.41666666666666669
au,Uni,L_S_bound,14.488151611899205,14.488151611899205,MVA,60,0.41666666666666669
au,Uni,L_S_bound,15.246475215626894,15.246475215626894,MVA,60,0.41666666666666669
au,Uni,L_S_bound,16.044490196375939,16.044490196375939,MVA,60,0.41666666666666669
au,Uni,L_S_bound,16.884274038484314,16.884274038484314,MVA,60,0.43333333333333335
au,Uni,L_S_bound,17.768012963791634,17.768012963791634,MVA,60,0.43333333333333335
au,Uni,L_S_bound,18.698007623063184,18.698007623063184,MVA,60,0.43333333333333335
au,Uni,L_S_bound,19.676679085308489,19.676679085308489,MVA,60,0.43333333333333335
au,Uni,L_S_bound,20.706575140586477,20.706575140586477,MVA,60,0.43333333333333335
au,Uni,L_S_bound,21.790376932705449,21.790376932705449,MVA,60,0.45000000000000001
au,Uni,L_S_bound,22.930905939084877,22.930905939084877,MVA,60,0.45000000000000001
au,Uni,L_S_bound,24.131131315949776,24.131131315949776,MVA,60,0.45000000000000001
au,Uni,L_S_bound,25.394177627979509,25.394177627979509,MVA,60,0.45000000000000001
au,Uni,L_S_bound,26.723332982533822,26.723332982533822,MVA,60,0.45000000000000001
au,Uni,L_S_bound,28.122057589631829,28.122057589631829,MVA,60,0.46666666666666667
au,Uni,L_S_bound,29.59399276996859,29.59399276996859,MVA,60,0.48333333333333334
au,Uni,L_S_bound,31.142970434419741,31.142970434419741,MVA,60,0.48333333333333334
au,Uni,L_S_bound,32.773023059712379,32.773023059712379,MVA,60,0.48333333333333334
au,Uni,L_S_bound,34.488394186232078,34.488394186232078,MVA,60,0.48333333333333334
au,Uni,L_S_bound,36.293549465295051,36.293549465295051,MVA,60,0.48333333333333334
au,Uni,L_S_bound,38.193188284645032,38.193188284645032,MVA,60,0.48333333333333334
au,Uni,L_S_bound,40.192256002439684,40.192256002439684,MVA,60,0.48333333333333334
au,Uni,L_S_bound,42.295956821575473,42.295956821575473,MVA,60,0.48333333333333334
au,Uni,L_S_bound,44.509767337866961,44.509767337866961,MVA,60,0.48333333333333334
au,Uni,L_S_bound,46.839450797350558,46.839450797350558,MVA,60,0.48333333333333334
au,Uni,L_S_bound,49.291072099829222,49.291072099829222,MVA,60,0.5
au,Uni,L_S_bound,51.871013587716739,51.871013587716739,MVA,60,0.5
au,Uni,L_S_bound,54.585991661285433,54.585991661285433,MVA,60,0.5
au,Uni,L_S_bound,57.443074263571191,57.443074263571191,MVA,60,0.5
au,Uni,L_S_bound,60.449699280455484,60.449699280455484,MVA,60,0.5
au,Uni,L_S_bound,63.613693903824903,63.613693903824903,MVA,60,0.51666666666666672
au,Uni,L_S_bound,66.943295008216921,66.943295008216921,MVA,60,0.53333333333333333
au,Uni,L_S_bound,70.447170593998592,70.447170593998592,MVA,60,0.56666666666666665
au,Uni,L_S_bound,74.134442352901544,74.134442352901544,MVA,60,0.56666666666666665
au,Uni,L_S_bound,78.014709414658611,78.014709414658611,MVA,60,0.58333333333333337
au,Uni,L_S_bound,82.098073336561782,82.098073336561782,MVA,60,0.59999999999999998
au,Uni,L_S_bound,86.395164400997473,86.395164400997473,MVA,60,0.59999999999999998
au,Uni,L_S_bound,90.917169289419704,90.917169289419704,MVA,60,0.6333333333333333
au,Uni,L_S_bound,95.675860204805247,95.675860204805247,MVA,60,0.66666666666666663
au,Uni,L_S_bound,100.68362551840583,100.68362551840583,MVA,60,0.68333333333333335
au,Uni,L_S_bound,105.95350202058005,105.95350202058005,MVA,60,0.71666666666666667
au,Uni,L_S_bound,111.49920885966554,111.49920885966554,MVA,60,0.71666666666666667
au,Uni,L_S_bound,117.33518325724175,117.33518325724175,MVA,60,0.73333333333333328
au,Uni,L_S_bound,123.47661809276653,123.47661809276653,MVA,60,0.73333333333333328
au,Uni,L_S_bound,129.93950145542468,129.93950145542468,MVA,60,0.73333333333333328
au,Uni,L_S_bound,136.74065826616143,136.74065826616143,MVA,60,0.73333333333333328
au,Uni,L_S_bound,143.89779407825012,143.89779407825012,MVA,60,0.76666666666666672
au,Uni,L_S_bound,151.42954117042299,151.42954117042299,MVA,60,0.76666666666666672
au,Uni,L_S_bound,159.35550705256321,159.35550705256321,MVA,60,0.76666666666666672
au,Uni,L_S_bound,167.69632551022633,167.69632551022633,MVA,60,0.80000000000000004
au,Uni,L_S_bound,176.47371032088535,176.47371032088535,MVA,60,0.80000000000000004
au,Uni,L_S_bound,185.71051178172985,185.71051178172985,MVA,60,0.8666666666666667
au,Uni,L_S_bound,195.43077619618936,195.43077619618936,MVA,60,0.90000000000000002
au,Uni,L_S_bound,205.65980847403173,205.65980847403173,MVA,60,0.91666666666666663
au,Uni,L_S_bound,216.42423800801652,216.42423800801652,MVA,60,0.91666666666666663
au,Uni,L_S_bound,227.75208799858831,227.75208799858831,MVA,60,0.93333333333333335
au,Uni,L_S_bound,239.67284840709695,239.67284840709695,MVA,60,0.93333333333333335
au,Uni,L_S_bound,252.21755272745168,252.21755272745168,MVA,60,0.93333333333333335
au,Uni,L_S_bound,265.41885877608377,265.41885877608377,MVA,60,0.98333333333333328
au,Uni,L_S_bound,279.31113371052464,279.31113371052464,MVA,60,0.98333333333333328
au,Uni,L_S_bound,293.93054349794545,293.93054349794545,MVA,60,0.98333333333333328
au,Uni,L_S_bound,309.31514706655605,309.31514706655605,MVA,60,0.98333333333333328
au,Uni,L_S_bound,325.50499538498678,325.50499538498678,MVA,60,0.98333333333333328
au,Uni,L_S_bound,342.54223572756945,342.54223572756945,MVA,60,1
au,Uni,L_S_bound,360.47122139697149,360.47122139697149,MVA,60,1
au,Uni,L_S_bound,379.33862718981061,379.33862718981061,MVA,60,1
au,Uni,L_S_bound,399.19357090584873,399.19357090584873,MVA,60,1
au,Uni,L_S_bound,420.08774121710019,420.08774121710019,MVA,60,1
au,Uni,L_S_bound,442.07553222971859,442.07553222971859,MVA,60,1
au,Uni,L_S_bound,465.21418508899376,465.21418508899376,MVA,60,1
au,Uni,L_S_bound,489.56393699607457,489.56393699607457,MVA,60,1
au,Uni,L_S_bound,515.18817802438343,515.18817802438343,MVA,60,1
au,Uni,L_S_bound,542.15361614393464,542.15361614393464,MVA,60,1
au,Uni,L_S_bound,570.53045088319936,570.53045088319936,MVA,60,1
au,Uni,L_S_bound,600.3925560805792,600.3925560805792,MVA,60,1
au,Uni,L_S_bound,631.81767220128427,631.81767220128427,MVA,60,1
au,Uni,L_S_bound,664.88760872023977,664.88760872023977,MVA,60,1
au,Uni,L_S_bound,699.68845709792549,699.68845709792549,MVA,60,1
au,Uni,L_S_bound,736.31081490355325,736.31081490355325,MVA,60,1
au,Uni,L_S_bound,774.8500216690843,774.8500216690843,MVA,60,1
au,Uni,L_S_bound,815.40640708804813,815.40640708804813,MVA,60,1
au,Uni,L_S_bound,858.08555220534492,858.08555220534492,MVA,60,1
au,Uni,L_S_bound,902.9985642779551,902.9985642779551,MVA,60,1
au,Uni,L_S_bound,950.2623660221177,950.2623660221177,MVA,60,1
au,Uni,L_S_bound,1000,1000,MVA,60,1
au,Uni,L_E_bound,0.29999999999999993,0.29999999999999993,MVA,60,0.33333333333333331
au,Uni,L_E_bound,0.31570228468146766,0.31570228468146766,MVA,60,0.33333333333333331
au,Uni,L_E_bound,0.33222644184366157,0.33222644184366157,MVA,60,0.33333333333333331
au,Uni,L_E_bound,0.34961548907212908,0.34961548907212908,MVA,60,0.33333333333333331
au,Uni,L_E_bound,0.36791469553366618,0.36791469553366618,MVA,60,0.33333333333333331
au,Uni,L_E_bound,0.38717169982621663,0.38717169982621663,MVA,60,0.33333333333333331
au,Uni,L_E_bound,0.40743663399714675,0.40743663399714675,MVA,60,0.33333333333333331
au,Uni,L_E_bound,0.42876225405275392,0.42876225405275392,MVA,60,0.33333333333333331
au,Uni,L_E_bound,0.4512040772987676,0.4512040772987676,MVA,60,0.33333333333333331
au,Uni,L_E_bound,0.4748205268693817,0.4748205268693817,MVA,60,0.33333333333333331
au,Uni,L_E_bound,0.49967308382107345,0.49967308382107345,MVA,60,0.33333333333333331
au,Uni,L_E_bound,0.52582644718715799,0.52582644718715799,MVA,60,0.33333333333333331
au,Uni,L_E_bound,0.55334870240974965,0.55334870240974965,MVA,60,0.33333333333333331
au,Uni,L_E_bound,0.58231149858761178,0.58231149858761178,MVA,60,0.33333333333333331
au,Uni,L_E_bound,0.61279023500132768,0.61279023500132768,MVA,60,0.33333333333333331
au,Uni,L_E_bound,0.64486425740137554,0.64486425740137554,MVA,60,0.33333333333333331
au,Uni,L_E_bound,0.67861706457010773,0.67861706457010773,MVA,60,0.33333333333333331
au,Uni,L_E_bound,0.71413652569538044,0.71413652569538044,MVA,60,0.33333333333333331
au,Uni,L_E_bound,0.75151510912172415,0.75151510912172415,MVA,60,0.33333333333333331
au,Uni,L_E_bound,0.79085012307456948,0.79085012307456948,MVA,60,0.33333333333333331
au,Uni,L_E_bound,0.83224396898420494,0.83224396898420494,MVA,60,0.33333333333333331
au,Uni,L_E_bound,0.87580440806895365,0.87580440806895365,MVA,60,0.33333333333333331
au,Uni,L_E_bound,0.92164484187156359,0.92164484187156359,MVA,60,0.33333333333333331
au,Uni,L_E_bound,0.96988460747914229,0.96988460747914229,MVA,60,0.33333333333333331
au,Uni,L_E_bound,1.0206492881951792,1.0206492881951792,MVA,60,0.33333333333333331
au,Uni,L_E_bound,1.0740710404724396,1.0740710404724396,MVA,60,0.33333333333333331
au,Uni,L_E_bound,1.1302889379578342,1.1302889379578342,MVA,60,0.33333333333333331
au,Uni,L_E_bound,1.1894493335449268,1.1894493335449268,MVA,60,0.33333333333333331
au,Uni,L_E_bound,1.2517062403766084,1.2517062403766084,MVA,60,0.33333333333333331
au,Uni,L_E_bound,1.317221732789819,1.317221732789819,MVA,60,0.33333333333333331
au,Uni,L_E_bound,1.3861663682460916,1.3861663682460916,MVA,60,0.33333333333333331
au,Uni,L_E_bound,1.4587196313463462,1.4587196313463462,MVA,60,0.33333333333333331
au,Uni,L_E_bound,1.5350704010858329,1.5350704010858329,MVA,60,0.33333333333333331
au,Uni,L_E_bound,1.6154174425656482,1.6154174425656482,MVA,60,0.33333333333333331
au,Uni,L_E_bound,1.6999699244408961,1.6999699244408961,MVA,60,0.33333333333333331
au,Uni,L_E_bound,1.788947963452576,1.788947963452576,MVA,60,0.33333333333333331
au,Uni,L_E_bound,1.8825831974607903,1.8825831974607903,MVA,60,0.34999999999999998
au,Uni,L_E_bound,1.9811193884710472,1.9811193884710472,MVA,60,0.34999999999999998
au,Uni,L_E_bound,2.0848130572235393,2.0848130572235393,MVA,60,0.34999999999999998
au,Uni,L_E_bound,2.1939341509974226,2.1939341509974226,MVA,60,0.34999999999999998
au,Uni,L_E_bound,2.3087667463686081,2.3087667463686081,MVA,60,0.34999999999999998
au,Uni,L_E_bound,2.429609788750561,2.429609788750561,MVA,60,0.34999999999999998
au,Uni,L_E_bound,2.5567778706433679,2.5567778706433679,MVA,60,0.34999999999999998
au,Uni,L_E_bound,2.6906020506170978,2.6906020506170978,MVA,60,0.34999999999999998
au,Uni,L_E_bound,2.8314307151615323,2.8314307151615323,MVA,60,0.34999999999999998
au,Uni,L_E_bound,2.9796304856459259,2.9796304856459259,MVA,60,0.34999999999999998
au,Uni,L_E_bound,3.1355871727499003,3.1355871727499003,MVA,60,0.34999999999999998
au,Uni,L_E_bound,3.2997067808501583,3.2997067808501583,MVA,60,0.38333333333333336
au,Uni,L_E_bound,3.4724165649777539,3.4724165649777539,MVA,60,0.38333333333333336
au,Uni,L_E_bound,3.6541661430975036,3.6541661430975036,MVA,60,0.38333333333333336
au,Uni,L_E_bound,3.8454286666051636,3.8454286666051636,MVA,60,0.38333333333333336
au,Uni,L_E_bound,4.0467020520895316,4.0467020520895316,MVA,60,0.38333333333333336
au,Uni,L_E_bound,4.2585102775661632,4.2585102775661632,MVA,60,0.40000000000000002
au,Uni,L_E_bound,4.4814047465571631,4.4814047465571631,MVA,60,0.40000000000000002
au,Uni,L_E_bound,4.7159657235682344,4.7159657235682344,MVA,60,0.40000000000000002
au,Uni,L_E_bound,4.9628038446999421,4.9628038446999421,MVA,60,0.40000000000000002
au,Uni,L_E_bound,5.2225617073258128,5.2225617073258128,MVA,60,0.40000000000000002
au,Uni,L_E_bound,5.4959155429756859,5.4959155429756859,MVA,60,0.40000000000000002
au,Uni,L_E_bound,5.7835769777793775,5.7835769777793775,MVA,60,0.40000000000000002
au,Uni,L_E_bound,6.0862948850536265,6.0862948850536265,MVA,60,0.40000000000000002
au,Uni,L_E_bound,6.4048573348551994,6.4048573348551994,MVA,60,0.40000000000000002
au,Uni,L_E_bound,6.7400936455754765,6.7400936455754765,MVA,60,0.40000000000000002
au,Uni,L_E_bound,7.0928765429174021,7.0928765429174021,MVA,60,0.40000000000000002
au,Uni,L_E_bound,7.4641244318753808,7.4641244318753808,MVA,60,0.40000000000000002
au,Uni,L_E_bound,7.8548037876327337,7.8548037876327337,MVA,60,0.40000000000000002
au,Uni,L_E_bound,8.2659316716010007,8.2659316716010007,MVA,60,0.40000000000000002
au,Uni,L_E_bound,8.6985783791511313,8.6985783791511313,MVA,60,0.40000000000000002
au,Uni,L_E_bound,9.1538702259294364,9.1538702259294364,MVA,60,0.41666666666666669
au,Uni,L_E_bound,9.6329924800119535,9.6329924800119535,MVA,60,0.41666666666666669
au,Uni,L_E_bound,10.137192447530566,10.137192447530566,MVA,60,0.43333333333333335
au,Uni,L_E_bound,10.667782719803732,10.667782719803732,MVA,60,0.45000000000000001
au,Uni,L_E_bound,11.226144590425067,11.226144590425067,MVA,60,0.45000000000000001
au,Uni,L_E_bound,11.813731651205645,11.813731651205645,MVA,60,0.45000000000000001
au,Uni,L_E_bound,12.4320735763313,12.4320735763313,MVA,60,0.45000000000000001
au,Uni,L_E_bound,13.082780104586323,13.082780104586323,MVA,60,0.45000000000000001
au,Uni,L_E_bound,13.76754523001051,13.76754523001051,MVA,60,0.45000000000000001
au,Uni,L_E_bound,14.488151611899205,14.488151611899205,MVA,60,0.45000000000000001
au,Uni,L_E_bound,15.246475215626894,15.246475215626894,MVA,60,0.45000000000000001
au,Uni,L_E_bound,16.044490196375939,16.044490196375939,MVA,60,0.45000000000000001
au,Uni,L_E_bound,16.884274038484314,16.884274038484314,MVA,60,0.46666666666666667
au,Uni,L_E_bound,17.768012963791634,17.768012963791634,MVA,60,0.46666666666666667
au,Uni,L_E_bound,18.698007623063184,18.698007623063184,MVA,60,0.48333333333333334
au,Uni,L_E_bound,19.676679085308489,19.676679085308489,MVA,60,0.48333333333333334
au,Uni,L_E_bound,20.706575140586477,20.706575140586477,MVA,60,0.48333333333333334
au,Uni,L_E_bound,21.790376932705449,21.790376932705449,MVA,60,0.48333333333333334
au,Uni,L_E_bound,22.930905939084877,22.930905939084877,MVA,60,0.48333333333333334
au,Uni,L_E_bound,24.131131315949776,24.131131315949776,MVA,60,0.48333333333333334
au,Uni,L_E_bound,25.394177627979509,25.394177627979509,MVA,60,0.48333333333333334
au,Uni,L_E_bound,26.723332982533822,26.723332982533822,MVA,60,0.48333333333333334
au,Uni,L_E_bound,28.122057589631829,28.122057589631829,MVA,60,0.5
au,Uni,L_E_bound,29.59399276996859,29.59399276996859,MVA,60,0.5
au,Uni,L_E_bound,31.142970434419741,31.142970434419741,MVA,60,0.5
au,Uni,L_E_bound,32.773023059712379,32.773023059712379,MVA,60,0.51666666666666672
au,Uni,L_E_bound,34.488394186232078,34.488394186232078,MVA,60,0.53333333333333333
au,Uni,L_E_bound,36.293549465295051,36.293549465295051,MVA,60,0.53333333333333333
au,Uni,L_E_bound,38.193188284645032,38.193188284645032,MVA,60,0.53333333333333333
au,Uni,L_E_bound,40.192256002439684,40.192256002439684,MVA,60,0.53333333333333333
au,Uni,L_E_bound,42.295956821575473,42.295956821575473,MVA,60,0.53333333333333333
au,Uni,L_E_bound,44.509767337866961,44.509767337866961,MVA,60,0.53333333333333333
au,Uni,L_E_bound,46.839450797350558,46.839450797350558,MVA,60,0.56666666666666665
au,Uni,L_E_bound,49.291072099829222,49.291072099829222,MVA,60,0.56666666666666665
au,Uni,L_E_bound,51.871013587716739,51.871013587716739,MVA,60,0.56666666666666665
au,Uni,L_E_bound,54.585991661285433,54.585991661285433,MVA,60,0.56666666666666665
au,Uni,L_E_bound,57.443074263571191,57.443074263571191,MVA,60,0.58333333333333337
au,Uni,L_E_bound,60.449699280455484,60.449699280455484,MVA,60,0.58333333333333337
au,Uni,L_E_bound,63.613693903824903,63.613693903824903,MVA,60,0.59999999999999998
au,Uni,L_E_bound,66.943295008216921,66.943295008216921,MVA,60,0.59999999999999998
au,Uni,L_E_bound,70.447170593998592,70.447170593998592,MVA,60,0.59999999999999998
au,Uni,L_E_bound,74.134442352901544,74.134442352901544,MVA,60,0.65000000000000002
au,Uni,L_E_bound,78.014709414658611,78.014709414658611,MVA,60,0.68333333333333335
au,Uni,L_E_bound,82.098073336561782,82.098073336561782,MVA,60,0.71666666666666667
au,Uni,L_E_bound,86.395164400997473,86.395164400997473,MVA,60,0.71666666666666667
au,Uni,L_E_bound,90.917169289419704,90.917169289419704,MVA,60,0.71666666666666667
au,Uni,L_E_bound,95.675860204805247,95.675860204805247,MVA,60,0.76666666666666672
au,Uni,L_E_bound,100.68362551840583,100.68362551840583,MVA,60,0.80000000000000004
au,Uni,L_E_bound,105.95350202058005,105.95350202058005,MVA,60,0.81666666666666665
au,Uni,L_E_bound,111.49920885966554,111.49920885966554,MVA,60,0.81666666666666665
au,Uni,L_E_bound,117.33518325724175,117.33518325724175,MVA,60,0.81666666666666665
au,Uni,L_E_bound,123.47661809276653,123.47661809276653,MVA,60,0.81666666666666665
au,Uni,L_E_bound,129.93950145542468,129.93950145542468,MVA,60,0.81666666666666665
au,Uni,L_E_bound,136.74065826616143,136.74065826616143,MVA,60,0.84999999999999998
au,Uni,L_E_bound,143.89779407825012,143.89779407825012,MVA,60,0.8666666666666667
au,Uni,L_E_bound,151.42954117042299,151.42954117042299,MVA,60,0.8833333333333333
au,Uni,L_E_bound,159.35550705256321,159.35550705256321,MVA,60,0.94999999999999996
au,Uni,L_E_bound,167.69632551022633,167.69632551022633,MVA,60,0.94999999999999996
au,Uni,L_E_bound,176.47371032088535,176.47371032088535,MVA,60,0.98333333333333328
au,Uni,L_E_bound,185.71051178172985,185.71051178172985,MVA,60,0.98333333333333328
au,Uni,L_E_bound,195.43077619618936,195.43077619618936,MVA,60,1
au,Uni,L_E_bound,205.65980847403173,205.65980847403173,MVA,60,1
au,Uni,L_E_bound,216.42423800801652,216.42423800801652,MVA,60,1
au,Uni,L_E_bound,227.75208799858831,227.75208799858831,MVA,60,1
au,Uni,L_E_bound,239.67284840709695,239.67284840709695,MVA,60,1
au,Uni,L_E_bound,252.21755272745168,252.21755272745168,MVA,60,1
au,Uni,L_E_bound,265.41885877608377,265.41885877608377,MVA,60,1
au,Uni,L_E_bound,279.31113371052464,279.31113371052464,MVA,60,1
au,Uni,L_E_bound,293.93054349794545,293.93054349794545,MVA,60,1
au,Uni,L_E_bound,309.31514706655605,309.31514706655605,MVA,60,1
au,Uni,L_E_bound,325.50499538498678,325.50499538498678,MVA,60,1
au,Uni,L_E_bound,342.54223572756945,342.54223572756945,MVA,60,1
au,Uni,L_E_bound,360.47122139697149,360.47122139697149,MVA,60,1
au,Uni,L_E_bound,379.33862718981061,379.33862718981061,MVA,60,1
au,Uni,L_E_bound,399.19357090584873,399.19357090584873,MVA,60,1
au,Uni,L_E_bound,420.08774121710019,420.08774121710019,MVA,60,1
au,Uni,L_E_bound,442.07553222971859,442.07553222971859,MVA,60,1
au,Uni,L_E_bound,465.21418508899376,465.21418508899376,MVA,60,1
au,Uni,L_E_bound,489.56393699607457,489.56393699607457,MVA,60,1
au,Uni,L_E_bound,515.18817802438343,515.18817802438343,MVA,60,1
au,Uni,L_E_bound,542.15361614393464,542.15361614393464,MVA,60,1
au,Uni,L_E_bound,570.53045088319936,570.53045088319936,MVA,60,1
au,Uni,L_E_bound,600.3925560805792,600.3925560805792,MVA,60,1
au,Uni,L_E_bound,631.81767220128427,631.81767220128427,MVA,60,1
au,Uni,L_E_bound,664.88760872023977,664.88760872023977,MVA,60,1
au,Uni,L_E_bound,699.68845709792549,699.68845709792549,MVA,60,1
au,Uni,L_E_bound,736.31081490355325,736.31081490355325,MVA,60,1
au,Uni,L_E_bound,774.8500216690843,774.8500216690843,MVA,60,1
au,Uni,L_E_bound,815.40640708804813,815.40640708804813,MVA,60,1
au,Uni,L_E_bound,858.08555220534492,858.08555220534492,MVA,60,1
au,Uni,L_E_bound,902.9985642779551,902.9985642779551,MVA,60,1
au,Uni,L_E_bound,950.2623660221177,950.2623660221177,MVA,60,1
au,Uni,L_E_bound,1000,1000,MVA,60,1
